SECUCODE,SECURITY_CODE,SECURITY_NAME_ABBR,ORG_CODE,ORG_TYPE,REPORT_DATE,REPORT_TYPE,REPORT_DATE_NAME,SECURITY_TYPE_CODE,NOTICE_DATE,UPDATE_DATE,CURRENCY,EPSJB,EPSKCJB,EPSXS,BPS,MGZBGJ,MGWFPLR,MGJYXJJE,TOTALOPERATEREVE,MLR,PARENTNETPROFIT,KCFJCXSYJLR,TOTALOPERATEREVETZ,PARENTNETPROFITTZ,KCFJCXSYJLRTZ,YYZSRGDHBZC,NETPROFITRPHBZC,KFJLRGDHBZC,ROEJQ,ROEKCJQ,ZZCJLL,XSJLL,XSMLL,YSZKYYSR,XSJXLYYSR,JYXJLYYSR,TAXRATE,LD,SD,XJLLB,ZCFZL,QYCS,CQBL,ZZCZZTS,CHZZTS,YSZKZZTS,TOAZZL,CHZZL,YSZKZZL,TOTALDEPOSITS,GROSSLOANS,LTDRR,NEWCAPITALADER,HXYJBCZL,NONPERLOAN,BLDKBBL,NZBJE,TOTAL_ROI,NET_ROI,EARNED_PREMIUM,COMPENSATE_EXPENSE,SURRENDER_RATE_LIFE,SOLVENCY_AR,JZB,JZC,JZBJZC,ZYGPGMJZC,ZYGDSYLZQJZB,YYFXZB,JJYWFXZB,ZQZYYWFXZB,ZQCXYWFXZB,RZRQYWFXZB,EPSJBTZ,BPSTZ,MGZBGJTZ,MGWFPLRTZ,MGJYXJJETZ,ROEJQTZ,ZZCJLLTZ,ZCFZLTZ,REPORT_YEAR,ROIC,ROICTZ,NBV_LIFE,NBV_RATE,NHJZ_CURRENT_AMT,DJD_TOI_YOY,DJD_DPNP_YOY,DJD_DEDUCTDPNP_YOY,DJD_TOI_QOQ,DJD_DPNP_QOQ,DJD_DEDUCTDPNP_QOQ,XSMLL_TB,PER_TOI,PER_OI,PER_EBIT,STAFF_NUM,AVG_TOI,AVG_NET_PROFIT,PREPAID_ACCOUNTS_RATIO,ACCOUNTS_PAYABLE_TR,FIXED_ASSET_TR,CURRENT_ASSET_TR,PREPAID_ACCOUNTS_TDAYS,PAYABLE_TDAYS,OPERATE_CYCLE,GUARD_SPEED_RATIO,CASH_RATIO,INTEREST_COVERAGE_RATIO,CA_TA,NCA_TA,LIQUIDATION_RATIO,INTEREST_DEBT_RATIO,FC_LIABILITIES,FCFF_FORWARD,FCFF_BACK,SS_OI,SS_TA,NCO_OP,NCO_NETPROFIT,NCO_FIXED,FIRST_ADEQUACY_RATIO,NET_INTEREST_SPREAD,NET_INTEREST_MARGIN,LOAN_ADVANCES,NON_PERFORMING_LOAN,OVERDUE_LOANS,LOAN_PROVISION_RATIO,REVENUE_RATIO,LIABILITY,CAPITAL_PROVISIONS_SUM,RISK_COVERAGE,CAPITAL_LEVERAGE_RATIO,LIQUIDITY_COVERAGE_RATIO,NET_FUNDING_RATIO,NET_CAPITAL_LIABILITIES,NET_ASSETS_LIABILITIES,PROPRIETARY_CAPITAL,IS_BZ
600406.SH,600406,国电南瑞,10007164,通用,2026-03-31 00:00:00,一季报,2026一季报,058001001,2026-04-30 00:00:00,2026-04-30 00:00:00,CNY,0.09,,0.09,6.660230406923,0.985996740808,4.455138252121,-0.188537023236,9564242921.53,2400177588.56,721291973.43,641986345.23,7.522465627317,6.042416850954,5.394145554485,1.01033090765,0.496438855374,0.411593254516,1.36,,0.766319275,7.7899575215,25.0953223193,0.000498365038,0.193113281824,-0.158327575892,14.7895789997,2.056786472528,1.616840424324,-0.040154604319,40.1949851814,1.672100580584,0.672100580585,914.887827823711,204.539807908415,272.431026266938,0.098372715499,0.440012146879,0.330358848011,,,,,,,,,,,,,,,,,,,,,,,,,0.0,6.8166367928,0.867086308092,9.370113262212,-428.340153887582,-0.7299270073,0.982827792216,-0.312274043125,2026,1.25480744787,8.389504063032,,,,7.522465627317,6.042416850954,5.394145554485,-65.412681917027,-78.932327407756,-80.803873267915,3.696781716434,1.190803447685,1.190803447685,0.105952694945,,,,2.740583324666,0.272055622352,1.169392586016,0.119932271459,32.839724006916,330.814703338692,476.942548976448,1.27139541256,0.55704329471,,80.9110811228,19.0889188772,240.805880986834,0.6749786672,14.859912723785,-791849095.253751,1005909369.47472,1.624765136869,0.162101926739,-1.731569743853,-2.032457499996,-0.186978032463,,,,,,,,,38532295828.69,,,,,,,,,0
600406.SH,600406,国电南瑞,10007164,通用,2025-12-31 00:00:00,年报,2025年报,058001001,2026-04-30 00:00:00,2026-04-30 00:00:00,CNY,1.04,1.0,1.04,6.554783794743,0.984561391933,4.365333238196,1.589777114374,66228963223.21,17111639370.62,8278971723.32,7982955643.59,14.525179185846,8.787323481758,8.044806067823,4.41868275968,3.650137588958,3.76306173371,16.26,15.68,9.2436290395,13.3749220174,25.83709383,8.3676961e-05,0.386662615126,0.192796346245,9.7856138587,1.981634019309,1.665795674054,0.308835820297,42.7305696423,1.746132262455,0.746132262454,520.896274145023,100.458157629885,168.985649196331,0.69111648109,3.583581547716,2.130358416304,,,,,,,,,,,,,,,,,,,,,,,,,9.473684210526,6.8427728465,0.023743885304,9.455530749869,15.185744783503,2.5867507886,1.71561015998,-1.154726872027,2025,15.510115748384,5.80373239578,,,,9.463677931649,9.304401383172,9.477050314022,92.924577089686,79.90171253342,82.321932147761,-2.78491316644,8.24588818894,8.24588818894,1.187301306566,12781.0,5181829.53002191,647756.178962522,24.681056489368,1.797692378849,7.999672034143,0.840838424427,14.586085492535,200.256731482889,269.061450242345,1.35435174997,0.592425973272,638.359977347086,83.1053151585,16.8946848415,226.581743495322,0.5957969767,17.71272274122,1342546196.18619,3190830288.4398,1.089672736782,0.732032400269,1.301695955737,1.441476413803,1.546053265592,,,,,,,,,42126213104.12,,,,,,,,,0
600406.SH,600406,国电南瑞,10007164,通用,2025-09-30 00:00:00,三季报,2025三季报,058001001,2025-10-31 00:00:00,2025-10-31 00:00:00,CNY,0.61,,0.61,6.127936643304,0.982368898824,4.013718695402,0.586909732425,38576507202.81,10211451007.72,4855280899.04,4638602096.7,18.451265326875,8.425638485143,7.035214430306,3.333276912262,1.756788540052,1.6218779436,9.68,,5.5364824389,13.3394297669,26.4706468993,0.000274382311,0.324156217454,0.122201596586,12.2985878523,1.949840444834,1.54403954286,0.12003534854,43.1817608762,1.759998224903,0.759998224904,650.529659724781,144.186091632061,209.217680554286,0.415046410204,1.872580059171,1.290521906584,,,,,,,,,,,,,,,,,,,,,,,,,8.928571428571,6.8506600995,0.515916831066,10.110699068642,161.297517012819,2.2175290391,-0.7887870128,4.753970992186,2025,9.216833780793,4.588521408065,,,,16.651131060344,7.812159812552,7.174118429437,-6.611884380219,-16.237227929037,-16.438365056689,-9.193623899944,4.8027992172,4.8027992172,0.703631182848,,,,13.661284932047,1.090793989933,4.992815672643,0.506997484084,19.763880289666,247.52611628946,352.914456696648,1.257206661671,0.514457503936,,82.5008002004,17.4991997996,223.926495959579,0.7661709135,15.604977107423,-632200834.876244,2478990506.90379,1.165829456471,0.484536377792,0.805175898298,0.916093106837,0.658967013612,,,,,,,,,40080385238.11,,,,,,,,,0
600406.SH,600406,国电南瑞,10007164,通用,2025-06-30 00:00:00,中报,2025中报,058001001,2025-08-28 00:00:00,2025-08-28 00:00:00,CNY,0.37,0.35,0.37,6.068725846173,0.979924555619,3.922981213428,0.34966308476,24243208440.39,6412406436.52,2952191275.23,2804289840.63,19.541932583936,8.824823696901,6.944550642594,4.813615286113,2.016249296149,1.624820492134,5.87,5.58,3.4175382061,12.8854942186,26.4503209313,0.000406868485,0.338954049638,0.115847898788,12.0785262633,1.943812492614,1.557286992523,0.076360790276,41.8869115172,1.720782746379,0.72078274638,678.672430116026,143.681181316108,219.2120846316,0.26522368084,1.252773664242,0.821122614214,,,,,,,,,,,,,,,,,,,,,,,,,8.823529411765,7.3035719104,0.660938305368,10.187729821432,1799.18217086354,3.3450704225,-0.684775556869,4.844693641052,2025,5.588190949517,5.167464828185,,,,22.498873542546,7.328676921194,5.835873615032,72.545309400267,234.023265700557,260.376975049892,-8.559419017907,3.01829457778,3.01829457778,0.423681859984,11832.0,2048952.70794371,249509.066533976,9.440449196352,0.699183096068,3.104153563239,0.329629605078,19.066889324457,257.443294914118,362.358800519678,1.340673607093,0.568309530406,286.174411507457,79.6656251873,20.3343748127,231.087764863748,0.8403146719,17.849322255848,1688305322.76182,4350544653.00804,1.238277677924,0.334516001573,0.792182750163,0.899056697576,0.383634565409,,,,,,,,,37589762510.0,,,,,,,,,0
600406.SH,600406,国电南瑞,10007164,通用,2025-03-31 00:00:00,一季报,2025一季报,058001001,2025-04-29 00:00:00,2026-04-30 00:00:00,CNY,0.09,,0.09,6.235199503465,0.977520791863,4.073451255774,-0.035684780316,8895111236.27,2152677063.31,680191940.97,609129038.29,14.762105106196,14.139426716555,11.140211782035,1.992777197403,1.10722534098,0.826364608254,1.37,,0.7588609784,7.8050136241,24.2006761482,0.001336607774,0.335442541944,-0.032222565563,15.6989141911,2.055393495901,1.66260081144,-0.008067962476,40.3208968763,1.675628398649,0.67562839865,925.665235339744,187.565261276868,291.758578544611,0.097227373962,0.479832989261,0.308474220189,,,,,,,,,,,,,,,,,,,,,,,,,28.571428571429,5.1564380433,0.805125595682,6.195877886808,67.861374419682,8.7301587302,6.264916281595,4.040342122658,2025,1.157683540226,21.664442298788,,,,14.762105106196,14.139426716555,11.140211782035,-64.788241926325,-78.284261999908,-80.060227055056,-1.833981944662,1.107446899168,1.107446899168,0.093881085019,,,,3.844923065205,0.266460497345,1.10605612423,0.119701957612,23.407490468263,337.761134940285,478.622343630837,1.42716666326,0.666635800045,,81.220820651,18.779179349,240.044888711307,0.8361621842,16.736054746279,-4342057983.65336,-1133400956.64985,1.618895852483,0.160175120513,-0.349673091688,-0.412844449924,-0.036815686691,,,,,,,,,36249783591.91,,,,,,,,,0
600406.SH,600406,国电南瑞,10007164,通用,2024-12-31 00:00:00,年报,2024年报,058001001,2025-04-29 00:00:00,2026-04-30 00:00:00,CNY,0.95,0.92,0.95,6.127909116513,0.984327674299,3.988225362656,1.380185644814,57829172321.78,15369402014.16,7610235695.07,7388560296.53,11.952171761973,6.063253486191,6.15206638678,3.859966556244,1.512274995893,2.674072967408,15.85,15.41,9.0877192055,14.0877131679,26.5772470833,1.48715e-07,0.390469511458,0.191716188122,10.8378207891,1.912106995964,1.625439851805,0.280408561125,43.2297552428,1.761486152256,0.761486152257,558.069260915334,101.660894534383,178.623225137603,0.645081220581,3.54118465757,2.015415407054,,,,,,,,,,,,,,,,,,,,,,,,,5.555555555556,4.4332925003,1.960241273314,6.026416729756,-1.695589713579,-1.1845386534,-2.946299244448,4.248244530854,2024,14.65932760327,0.614485441732,,,,9.586201966339,3.87313378864,6.34497205266,105.592124731117,77.445664920782,78.486653524544,-0.820698533433,7.199108527742,7.199108527742,1.077768068382,11131.0,5195325.8756428,683697.394220645,29.299006259711,1.636564731797,6.651535513611,0.808668278748,12.287106149912,219.972967158292,281.758047976001,1.418530005948,0.626719277855,386.297094986011,81.2281483468,18.7718516532,223.95384227111,0.7468589498,22.847441174564,-4230545907.39742,3805724802.18995,1.037466616977,0.644615846452,1.215793614659,1.360875152957,1.335915738114,,,,,,,,,40234898199.5,,,,,,,,,0
600406.SH,600406,国电南瑞,10007164,通用,2024-09-30 00:00:00,三季报,2024三季报,058001001,2024-10-30 00:00:00,2025-10-31 00:00:00,CNY,0.56,,0.56,5.735047998391,0.977326705854,3.64516684514,0.224613589572,32567408289.27,9493610496.03,4477982299.09,4333715890.97,13.858953499299,7.650911072398,6.016506820408,3.516401515692,1.407035152862,0.812565881905,9.47,,5.5805007037,14.5735364479,29.1506478247,0.005966923414,0.270966707776,0.055401444123,12.9884000452,1.974278657603,1.596375397279,0.053339198527,41.2220753707,1.70131900081,0.701319000809,705.107847822259,148.687450806157,226.968599787848,0.382920145952,1.815889629798,1.189591865361,,,,,,,,,,,,,,,,,,,,,,,,,7.692307692308,4.1457002663,1.709987208257,6.659963897932,-9.51685916692,-0.9414225941,-2.755636073113,7.877860313712,2024,8.812471633319,2.010334681501,,,,19.0489350068,6.362778270133,3.507782045521,-1.93032110622,-16.612861505987,-17.481769250583,-0.48985562281,4.054291239673,4.054291239673,0.642520597963,,,,16.106521335221,0.975702793445,3.672163790685,0.48533669445,16.763396290271,276.723610728516,378.548068069181,1.370079942887,0.52493917341,,79.6175533147,20.3824466853,234.453760477314,0.8073766542,30.820357329517,-3604295011.90566,2791651272.87809,1.068080081283,0.41469575798,0.331717383395,0.380150997122,0.208629679653,,,,,,,,,34576997212.29,,,,,,,,,0
600406.SH,600406,国电南瑞,10007164,通用,2024-06-30 00:00:00,中报,2024中报,058001001,2024-08-29 00:00:00,2025-08-28 00:00:00,CNY,0.34,0.33,0.34,5.655660606749,0.973490384767,3.560270476382,-0.020578316484,20280087427.37,5866266543.89,2712792150.67,2622190493.84,10.928920846819,8.505977004351,7.720618144015,0.62085842091,1.89289795724,1.576906784808,5.68,5.5,3.4411020317,14.1810003643,28.9262389272,0.015029869765,0.230307168069,-0.008150950864,12.5170045375,1.988264178874,1.624071127483,-0.005224348295,39.9513891095,1.665317457257,0.665317457259,741.791449967096,149.517484306754,236.800177681062,0.242655803067,1.203872582759,0.760134564774,,,,,,,,,,,,,,,,,,,,,,,,,9.677419354839,6.8333874546,1.75236208224,10.88643275353,-3101.12755175997,-1.3888888889,-2.672983116397,6.391236878967,2024,5.313611922325,1.052418007764,,,,3.666749326114,7.11892487718,5.644271743069,61.647714467327,255.219361224834,278.438538468541,1.112213593843,2.524652255601,2.524652255601,0.383021872585,10327.0,1963792.72076789,262689.275749976,10.240808727974,0.610832720613,2.262452188057,0.3112055487,17.576736836058,294.679695317175,389.410798966316,1.384867049907,0.526925576292,-15.647318517983,77.733328755,22.266671245,241.940730756281,0.796231974,29.341558715703,-3701145807.96414,3795434570.30561,1.092556991193,0.273779625732,-0.050493159616,-0.057477968089,-0.018702857263,,,,,,,,,32332901720.1,,,,,,,,,0
600406.SH,600406,国电南瑞,10007164,通用,2024-03-31 00:00:00,一季报,2024一季报,058001001,2024-04-26 00:00:00,2025-04-29 00:00:00,CNY,0.07,,0.07,5.929451034562,0.969713381226,3.835790368545,-0.111033934002,7750913272.32,1910817466.9,595930749.38,548072590.94,25.094517302172,13.737484165284,16.376568558375,2.913442949572,0.998191380151,1.109682690609,1.26,,0.7141218428,7.8022108522,24.6528041247,0.006455091465,0.247715605278,-0.115072382724,15.8357424755,2.04804478941,1.692758027515,-0.028218940966,38.7550598678,1.632787945978,0.632787945978,983.304157056694,181.676651351311,295.419231124478,0.091528139441,0.495385616867,0.304651798251,,,,,,,,,,,,,,,,,,,,,,,,,0.0,-7.9362184657,-27.778945595961,-2.843496246711,63.520442510295,2.4390243902,2.943199335816,2.552588041953,2024,0.951538114466,7.081756700415,,,,25.094517302172,13.737484165284,16.376568558375,-66.376332777437,-80.237488276473,-80.920545655202,-9.0590342417,0.964905143827,0.964905143827,0.074974389922,,,,4.109147721573,0.245726298691,0.871899617022,0.117300407868,21.902352044317,366.261163251292,480.017421512791,1.432764477136,0.65154058707,,77.8537686602,22.1462313398,249.881552004504,0.8068474911,47.111775565053,-2682938398.93172,-723057744.400276,1.364963039035,0.127242058624,-1.256347406767,-1.474868917324,-0.102635037933,,,,,,,,,32223409784.36,,,,,,,,,0
600406.SH,600406,国电南瑞,10007164,通用,2023-12-31 00:00:00,年报,2023年报,058001001,2024-04-26 00:00:00,2025-04-29 00:00:00,CNY,0.9,0.87,0.9,5.874598308413,0.96540343766,3.761539327337,1.403991581652,51655248318.66,13842145260.29,7175185980.94,6960354657.26,10.30619746854,11.309096234512,10.58986538976,3.602254308845,3.339294159417,2.61842971674,16.04,15.58,9.3635988476,14.7664889569,26.7971710733,5.6656248e-05,0.42601754525,0.218338136874,10.9883255914,1.916772964206,1.638041842613,0.320634826112,41.4680894027,1.708469772805,0.708469772805,567.723597623337,99.208917487316,171.442973145624,0.634111390661,3.62870605907,2.099823593786,,,,,,,,,,,,,,,,,,,,,,,,,11.111111111111,-7.386846117,-27.810680415413,-2.785616987338,7.300821152081,-0.3107520199,1.324777078139,1.479326845742,2023,14.569798313742,-0.058210363356,,,,8.670690730516,8.052871349933,6.38087082729,123.344938102176,81.698705185589,73.724787119269,-0.911446352529,6.430354319931,6.430354319931,1.00476269634,11016.0,4689111.14003813,651342.227754176,31.133213338107,1.632054801596,5.672854529538,0.835775223008,11.563213732241,220.580828320197,270.845150915902,1.397628187411,0.635406233854,299.231376630226,78.1976556844,21.8023443156,233.689633273398,0.7062366782,47.61956378531,2976820689.54809,204076241.318172,1.023565482027,0.613224901072,1.320009270304,1.478605628674,1.24084752613,,,,,,,,,35753974792.57,,,,,,,,,0
600406.SH,600406,国电南瑞,10007164,通用,2023-09-30 00:00:00,三季报,2023三季报,058001001,2023-10-31 00:00:00,2024-10-30 00:00:00,CNY,0.52,,0.52,5.506754463917,0.960895515455,3.417558671432,0.248238055735,28603291430.63,8379090195.69,4159725407.32,4087774650.33,11.66054916879,13.795034751354,13.752589451034,2.099594069382,1.703312382546,1.603397074348,9.56,,5.7386366452,15.3577972449,29.2941468502,0.008031747779,0.304717174919,0.069719126327,13.7515829867,1.976865361372,1.602513209032,0.069702075663,38.2118029138,1.618432074665,0.618432074664,722.57672205196,144.876440949032,222.986448637891,0.373662743014,1.863657046179,1.210835912448,,,,,,,,,,,,,,,,,,,,,,,,,13.04347826087,-6.9344468246,-27.647386970262,-2.016274598959,-16.612377802836,1.8104366347,4.962085621111,-2.975444241952,2023,8.638802784868,2.855466696122,,,,11.055433706363,7.412395288366,7.448195295494,-14.601799522245,-16.020051663398,-15.778521954852,3.617973523102,3.56054455662,3.56054455662,0.59568250468,,,,16.216831681747,0.9677170318,3.169639460683,0.507390311922,16.649368094749,279.007179916827,368.259457148246,1.3486483866,0.482248170876,,74.0339585509,25.9660414491,252.961878719644,0.7538048256,42.673993834817,-1343377075.27904,419059326.451118,1.048463897892,0.392555562373,0.392897601883,0.453965664573,0.223411468904,,,,,,,,,29192136793.13,,,,,,,,,0
600406.SH,600406,国电南瑞,10007164,通用,2023-06-30 00:00:00,中报,2023中报,058001001,2023-08-31 00:00:00,2024-08-29 00:00:00,CNY,0.31,0.3,0.31,5.293907402452,0.956725096937,3.21073587451,-0.000642845877,18282055998.16,5230140861.19,2500131537.05,2434251250.15,12.005091710965,18.467925852669,18.47445815567,3.146239841226,3.675529682491,4.171165410333,5.76,5.61,3.5356082431,14.4698299236,28.6080562368,0.019413304881,0.241623808733,-0.000282475909,13.5938700598,1.992940553863,1.63890273864,-0.000192909355,37.5513907738,1.601316686458,0.601316686459,736.667981054834,139.843252114652,231.11238079398,0.244343455436,1.287155420645,0.778841875029,,,,,,,,,,,,,,,,,,,,,,,,,19.230769230769,-6.8080173624,-27.662625334666,-1.41721621978,-100.749293497907,5.6880733945,10.716591259729,-7.250611313727,2023,5.258272911309,7.727257006828,,,,14.367136507998,14.144078467534,15.803631312918,95.060064540829,277.167307446703,316.883734352636,4.535322947246,2.275754702075,2.275754702075,0.35578294804,10342.0,1767748.59777219,241745.459006962,10.597376279686,0.637007201574,2.038112575055,0.33379806056,16.985336299234,282.571373691275,371.523699570009,1.368175128138,0.453477513151,0.766224525531,73.1434598926,26.8565401074,256.99582150663,0.7364091359,39.04636007188,-2152767972.26907,1338069195.41865,1.043707024655,0.261596324084,-0.001696216239,-0.001952171588,-0.000585647286,,,,,,,,,27390378311.74,,,,,,,,,0
600406.SH,600406,国电南瑞,10007164,通用,2023-03-31 00:00:00,一季报,2023一季报,058001001,2023-04-28 00:00:00,2024-04-26 00:00:00,CNY,0.07,,0.07,6.440590355666,1.342701777519,3.948053110562,-0.304373028739,6196045549.78,1679659942.17,523952814.46,470947543.59,7.667584442029,38.215182119388,31.077219915691,0.940114609065,2.274664827946,1.671557361957,1.23,,0.6937047298,8.4345962372,27.1085796364,0.016129796942,0.060752578714,-0.328859130474,17.4120219921,1.973228387867,1.624831804237,-0.074667601098,37.7904259734,1.607469614842,0.607469614842,1094.28929739946,203.914389054186,323.386464214686,0.082245161507,0.441361693098,0.278304783778,,,,,,,,,,,,,,,,,,,,,,,,,16.666666666667,-6.6623703654,-24.558719866777,-1.391052534137,-22.596785066982,32.2580645161,26.374443558373,-8.513773404163,2023,0.888608987924,26.554453010374,,,,7.667584442029,38.215182119388,31.077219915691,-70.79082904055,-81.225220933227,-82.559298720936,15.833401012102,0.925542277934,0.925542277934,0.079060105344,,,,3.809167252985,0.226468755606,0.682937244313,0.112618494671,23.627211414643,397.405813261843,527.334918985889,1.327771961299,0.518738113318,,72.7957624061,27.2042375939,255.242026962636,2.0464854646,45.735137586409,-3185174066.63938,-847479444.042495,1.33115404007,0.111501151667,-3.295053251411,-3.898931510462,-0.22582311789,,,,,,,,,27954089451.94,,,,,,,,,0
600406.SH,600406,国电南瑞,10007164,通用,2022-12-31 00:00:00,年报,2022年报,058001001,2023-04-28 00:00:00,2024-04-26 00:00:00,CNY,0.81,0.79,0.81,6.343100265415,1.337321702456,3.869323870365,1.308463035583,46828962926.94,12664265291.48,6446181151.11,6293844949.29,10.417002108904,14.244398794363,13.831536353612,4.538957952123,5.587564190792,4.844785328537,16.09,15.71,9.2411738941,14.7445852769,27.0436595216,7.3636921e-05,0.369601664105,0.187062921154,12.4333993177,1.830445750102,1.560253396249,0.285374691597,40.8635834427,1.69100540448,0.691005404481,574.391387989746,99.561728775743,164.660828180332,0.626750343977,3.615847217869,2.186312336567,,,,,,,,,,,,,,,,,,,,,,,,,-4.705882352941,-7.4259795595,-19.475272288581,-2.27790683795,55.348980709947,2.4840764331,6.052093864215,-7.670634970514,2022,14.578284386054,2.28613984268,,,,10.601253261322,13.925684965491,12.07053737866,128.246170152417,80.621698442176,75.467776385891,0.615504995757,6.994774953335,6.994774953335,1.123322401489,10483.0,4467133.73337213,614917.595259945,25.464300424278,1.6296039204,4.980975901958,0.867995412775,14.137439238534,220.912576051999,264.224786235456,1.287400899313,0.537227155095,187.804388807322,73.2556825259,26.7443174741,236.330913125565,1.871250324,48.030322065084,1268879183.04856,324989844.773761,0.988210609947,0.60333943554,1.115667829887,1.268688929801,0.960292854613,,,,,,,,,31342871937.94,,,,,,,,,0
600406.SH,600406,国电南瑞,10007164,通用,2022-09-30 00:00:00,三季报,2022三季报,058001001,2022-10-29 00:00:00,2023-10-31 00:00:00,CNY,0.46,,0.46,5.917070576629,1.328072995871,3.487883990371,0.297691730732,25616291200.03,7242058213.03,3655454226.46,3593566238.85,10.264889039742,14.488921231089,15.191638552304,1.971645777814,3.316308868641,3.666287172697,9.39,,5.4673424325,15.1969673458,28.2712987469,0.010201247652,0.280144675128,0.077795126169,15.3632440905,1.860442266104,1.493447953346,0.074142107101,39.3836411981,1.64971967925,0.649719679251,750.489151544795,145.515520571374,220.832433075977,0.359765360291,1.855472178774,1.22264649372,,,,,,,,,,,,,,,,,,,,,,,,,-4.166666666667,-7.693303724,-19.899540713261,-1.972174189233,222.854702707351,2.847754655,8.512724434756,-12.754960556734,2022,8.39897291059,2.268383305322,,,,10.277327557157,14.525481240041,16.003629886917,-12.055202292932,-10.756912301435,-9.229252614741,-0.37641339189,3.826611580849,3.826611580849,0.648871533568,,,,12.185884858932,0.954548278,2.838951106311,0.503667072483,22.156782468046,282.856306195128,366.354169738584,1.240261337364,0.416171007053,,71.7724767097,28.2275232903,245.465884805035,2.0722665023,34.873136100478,-4894466264.95046,-357236463.509169,1.075215051246,0.395320745544,0.436485711639,0.511912175625,0.238223250618,,,,,,,,,27439604485.49,,,,,,,,,0
600406.SH,600406,国电南瑞,10007164,通用,2022-06-30 00:00:00,中报,2022中报,058001001,2022-08-31 00:00:00,2023-08-31 00:00:00,CNY,0.26,0.26,0.26,5.680646824563,1.322587530116,3.256893091666,0.085793601412,16322522234.38,4466965049.16,2110386857.08,2054663332.54,10.25780801123,14.462169524747,14.590879370656,1.582658348257,1.525768168599,1.316360058858,5.45,5.3,3.1933861067,13.8071018129,27.3668798548,0.022990952561,0.255662893011,0.035187974153,16.292075643,1.779043014306,1.440596816218,0.021101934719,40.4869415375,1.680303492771,0.680303492771,778.258013051292,146.660209671249,230.166765065849,0.231285765108,1.227326760295,0.782041664219,,,,,,,,,,,,,,,,,,,,,,,,,-7.142857142857,-7.8282784761,-20.080073250332,-1.746590723837,129.655539012828,2.8301886792,5.998042441118,-6.629862816662,2022,4.881097929538,1.058864743141,,,,6.925039334333,5.406650532533,4.643816387128,83.633573520035,356.705672235574,371.867421664518,-0.043142653814,2.438151200181,2.438151200181,0.375401812863,9783.0,1668457.75675968,215719.805487069,7.200021022298,0.608401935144,1.798978149834,0.326007960263,24.999927006122,295.857047130195,376.842435612826,1.178626171936,0.37157184863,37.259765703912,70.7794536337,29.2205463663,238.821609565778,1.9848191521,34.945804319992,-3227887205.96874,1056678581.00754,1.126674087692,0.268811023308,0.215340484548,0.254854165845,0.067846825677,,,,,,,,,27698322743.55,,,,,,,,,0
600406.SH,600406,国电南瑞,10007164,通用,2022-03-31 00:00:00,一季报,2022一季报,058001001,2022-04-29 00:00:00,2023-04-28 00:00:00,CNY,0.06,,0.06,6.900314890021,1.779797181527,4.003747339387,-0.248271623577,5754792012.74,1346798386.35,379084849.02,359290152.7,16.951792806937,88.370846342374,107.79549496817,1.96679817044,3.151840001933,3.370981393108,0.93,,0.5489280192,6.8050680261,23.4030766597,0.013342545616,0.127640403965,-0.240681572549,19.867555631,1.807894095194,1.471541801936,-0.050956444164,41.3072299291,1.703787363916,0.703787363917,1115.73120879506,196.862012457149,310.767374050817,0.080664589545,0.457173016148,0.289605690671,,,,,,,,,,,,,,,,,,,,,,,,,50.0,-7.4265125074,-18.441190818138,-0.954233662662,1.360939503051,57.6271186441,66.97088249905,-2.045711490921,2022,0.702155449126,64.053596219096,,,,16.951792806937,88.370846342374,107.79549496817,-69.994953155295,-84.524640980393,-85.088265025284,6.12168170618,1.031535654963,1.031535654963,0.07112196683,,,,2.66431593822,0.225552289462,0.606277753982,0.114120495882,33.779777656597,399.020556229658,507.62387436377,1.169496887202,0.430407212094,,70.2504662919,29.7495337081,234.223959566101,1.9642476269,40.651641222272,-2267502110.18856,-810378849.514895,1.356167151279,0.111569559874,-2.854669866274,-3.536798921401,-0.148883489918,,,,,,,,,28895033691.85,,,,,,,,,0
600406.SH,600406,国电南瑞,10007164,通用,2021-12-31 00:00:00,年报,2021年报,058001001,2022-04-29 00:00:00,2023-04-28 00:00:00,CNY,0.85,0.7,0.85,6.851922640099,1.66075904938,3.959518001675,0.842273331697,42411007392.46,11399325023.9,5642448311.81,5529087237.95,10.151562285586,16.30219442081,19.249402261538,1.860889556436,2.670376495074,3.542848676266,15.7,15.39,8.7138061658,14.2482005184,26.878222718,2.980013e-05,0.289557353454,0.110131163831,11.9936358023,1.696586323521,1.438463241008,0.153236323843,44.2584907084,1.793995198029,0.793995198028,588.646578661078,105.292695493401,165.974769611006,0.611572398533,3.419040592636,2.169004366409,,,,,,,,,,,,,,,,,,,,,,,,,-3.409090909091,-7.2565173213,-23.72253503642,-0.976554845673,-30.918308362546,4.2496679947,3.150515608042,-1.272702278977,2021,14.252453370981,1.101522455795,,,,4.209835335279,6.372792811347,8.520830087206,127.577689468794,81.572636080701,81.625781985632,0.274186690354,7.64791093092,7.64791093092,1.198408653381,9551.0,4440478.21091613,590770.423181866,21.221752198846,1.559666823728,4.556420201616,0.852886907656,16.963726492837,230.818527728575,271.269049332568,1.130968266062,0.454324155627,62.851374948488,71.1003671202,28.8996328798,218.909935507364,3.283582284,41.038751830438,5181288321.92375,3730864328.96493,0.948325679585,0.552974224547,0.682520164123,0.772947879902,0.482470613155,,,,,,,,,32190506543.66,,,,,,,,,0
600406.SH,600406,国电南瑞,10007164,通用,2021-09-30 00:00:00,三季报,2021三季报,058001001,2021-10-30 00:00:00,2022-10-29 00:00:00,CNY,0.48,,0.48,6.410228959917,1.65800921455,3.558055033378,-0.242312035414,23231593867.38,6592689070.46,3192845375.04,3119641567.75,15.592712973352,25.273808927002,29.107490454985,1.174767517013,3.326959376795,3.535954100605,9.13,,5.0384343965,14.640521448,28.3781177826,0.010599414952,0.161582913596,-0.057844170625,14.2731939776,1.658221078372,1.313532972184,-0.045510146913,45.1414102732,1.822868588092,0.822868588093,784.557360453819,162.508991661669,227.046253806356,0.344143097254,1.661446528215,1.189185002939,,,,,,,,,,,,,,,,,,,,,,,,,4.347826086957,-6.853023894,-23.636068524966,-0.062910268965,-24.042728091375,11.887254902,9.338663174115,0.805289614775,2021,8.212677896271,7.228818831403,,,,6.085573730366,15.096373330189,15.93804693204,-14.728610473405,-17.86268998276,-18.118101718327,-0.600141169812,4.189048486555,4.189048486555,0.688271698432,,,,9.636523563573,0.880096971213,2.59855979869,0.480473217583,28.018402924954,306.784375848801,389.556933309865,1.045038049292,0.356988238744,,70.911060421,29.088939579,214.455561482956,3.6409242383,35.698823874427,164644235.172412,1900906398.78993,0.961665340224,0.323552046652,-0.340064515837,-0.395096382535,-0.150224215531,,,,,,,,,31169794717.78,,,,,,,,,0
600406.SH,600406,国电南瑞,10007164,通用,2021-06-30 00:00:00,中报,2021中报,058001001,2021-08-31 00:00:00,2022-08-31 00:00:00,CNY,0.28,0.27,0.28,6.16311242824,1.65489081873,3.314788886879,-0.289300428412,14803960398.63,4053130684.18,1843741793.33,1793042643.38,21.807032993055,33.940084338333,40.953328847753,4.054878205982,6.866211664726,8.372190803116,5.3,5.15,3.0126840394,13.2742652414,27.378691749,0.021884958775,0.129246582154,-0.108376415226,14.791740214,1.703114070754,1.360690636051,-0.060938383144,43.361767219,1.765591811218,0.765591811218,793.102666004973,157.43102740026,236.343737118791,0.226956745596,1.143357843574,0.761602580184,,,,,,,,,,,,,,,,,,,,,,,,,12.0,-6.9515473724,-23.558136095993,0.244955526895,-92.043874185643,19.3693693694,18.86789148808,-3.584809763173,2021,4.82995523643,13.324786904448,,,,19.368804881523,26.271592294314,32.613698959445,100.85356784916,716.172732685645,837.006388235986,-0.330390015093,2.669403927123,2.669403927123,0.398470541471,9331.0,1586535.24795092,197593.161861537,6.746870568221,0.571909079081,1.675500558931,0.319811034331,26.679035588415,314.735342703847,393.769760834192,1.099684112163,0.336330462914,-86.119443733355,69.5256055114,30.4743944886,222.872091420231,3.2269808182,31.695633462922,-496401660.390625,2988323717.61159,0.98861188915,0.226925351727,-0.697634285135,-0.816440030803,-0.183651639179,,,,,,,,,27965829148.76,,,,,,,,,0
600406.SH,600406,国电南瑞,10007164,通用,2021-03-31 00:00:00,一季报,2021一季报,058001001,2021-04-30 00:00:00,2022-04-29 00:00:00,CNY,0.04,,0.04,7.453878077753,2.182225561384,4.042320522566,-0.251697068409,4920653095.28,1085154510.87,201243906.04,172905650.7,27.018124943972,165.576494311664,243.162402606332,2.718468653748,2.586140451378,2.642461577264,0.59,,0.3287567335,4.3239099904,22.0530586054,0.001018836228,0.142544701685,-0.236394725525,17.7048759556,1.791142277669,1.415603045804,-0.046420600624,42.1699045114,1.729203439059,0.729203439059,1183.70776762363,226.652072852543,336.218733766038,0.07603227964,0.397084389599,0.26768288308,,,,,,,,,,,,,,,,,,,,,,,,,100.0,12.5371956567,1.095636561701,21.932271460264,-1843.84830364055,136.0,118.979098734247,2.307328160482,2021,0.428003692274,87.395654853052,,,,27.018124943972,165.576494311664,243.162402606332,-73.264018311581,-91.261083173763,-92.212372757434,-3.464633674768,1.064732167145,1.064732167145,0.045442936977,,,,2.717899671218,0.207308628737,0.557288320981,0.106252104289,33.113805102183,434.135330248012,562.84039864287,1.127548608159,0.411186643405,,70.7106498259,29.2893501741,229.160068369296,2.0010401393,38.202518226102,-2215834827.17439,-805176759.940924,1.317596441673,0.102143357641,-4.589659793359,-5.467151861372,-0.133330810816,,,,,,,,,26766873691.21,,,,,,,,,0
600406.SH,600406,国电南瑞,10007164,通用,2020-12-31 00:00:00,年报,2020年报,058001001,2021-04-23 00:00:00,2022-04-29 00:00:00,CNY,0.88,0.7,0.88,7.388036810989,2.177260413902,3.998566193596,1.219242481955,38502411143.75,10320466473.58,4851540712.46,4636574383.68,18.748126796558,11.707703303154,11.753813809266,8.943335134255,2.237186460122,1.84160456396,15.06,14.39,8.4476612787,13.5359142845,26.8047277222,0.000136551876,0.341863888933,0.146354892557,12.1799154122,1.709676587374,1.429633312673,0.201804983217,44.8290308051,1.812547458551,0.812547458551,576.837657387485,94.271873247196,178.372036494553,0.624092403451,3.818742405341,2.018253573121,,,,,,,,,,,,,,,,,,,,,,,,,-6.382978723404,11.8772340526,1.153296736258,21.216474969003,20.305616698115,1.6194331984,-0.515348743413,3.918383667396,2020,14.097169879131,-1.183398144633,,,,20.734383201153,4.832872371639,3.924480844129,131.674003493554,96.463318829602,94.039599761607,-6.889669711677,8.330725817618,8.330725817618,1.267269195339,8806.0,4372292.88482285,550935.806547808,17.500117359908,1.632816714568,4.479746079053,0.852343156577,20.571290614584,220.477899808397,272.640853513005,1.175321231661,0.488543031483,81.296811696115,72.3741240603,27.6258759397,215.840412974518,3.605296473,43.435404785775,6014932756.98832,1284205923.25045,0.907356648009,0.529629323901,0.959304862984,1.081233889931,0.630668873239,,,,,,,,,29570133131.22,,,,,,,,,0
600406.SH,600406,国电南瑞,10007164,通用,2020-09-30 00:00:00,三季报,2020三季报,058001001,2020-10-31 00:00:00,2021-10-30 00:00:00,CNY,0.46,0.52,0.46,6.88,2.171194152166,3.560294824428,-0.195345619322,20097801383.67,5737812724.78,2548693459.86,2416313381.01,16.985683620913,18.743648593054,20.065227915053,5.049000990106,5.025443887147,5.694039429213,8.16,7.73,4.608099505,13.6471069231,28.5494548147,,0.17932307773,-0.04492411256,15.7125669377,1.790790449352,1.43681852267,-0.034809898704,44.7807951802,1.810964144202,0.810964144203,799.617904347121,153.070411395728,265.172724103814,0.337661273631,1.763894129101,1.018204270113,,,,,,,,,,,,,,,,,,,,,,,,,-2.127659574468,12.3946527852,1.170840754511,25.139182870663,,6.9462647444,7.060104228234,1.280211144439,2020,7.659021134219,6.871780639948,,,,27.197585272619,24.02588348601,27.283527058292,-4.051573645184,-9.887613114495,-6.340828603756,-1.268462869763,4.348346760608,4.348346760608,0.697781294631,,,,7.480968231742,0.907708949416,2.437985551168,0.451363379691,36.091584890629,297.452173600042,418.243738103375,1.191872603885,0.397522763579,,75.3831505042,24.6168494958,215.72072089737,4.4985880946,30.065247024008,-1337230496.42277,-1317178130.40863,0.940925823501,0.30690796185,-0.280199175923,-0.329184147327,-0.109670105952,,,,,,,,,27592279704.97,,,,,,,,,0
600406.SH,600406,国电南瑞,10007164,通用,2020-06-30 00:00:00,中报,2020中报,058001001,2020-08-29 00:00:00,2021-08-31 00:00:00,CNY,0.25,0.23,0.25,6.623551767062,2.164901186617,3.306688969491,-0.150642882851,12153617106.39,3338531538.77,1376542207.24,1272082509.89,11.152690094484,14.588001591814,14.237876917751,3.369892236009,4.053919704758,3.754740931732,4.44,4.1,2.5344809281,12.191634815,27.4694480626,,0.188426328932,-0.057288499637,16.2573415702,1.775974034163,1.492087177074,-0.027736966932,44.9739995456,1.817322705161,0.817322705163,865.855506110269,146.268100382326,286.128729019895,0.207886880351,1.23061692556,0.629087476174,,,,,,,,,,,,,,,,,,,,,,,,,-3.846153846154,11.9683946061,1.033700963916,25.225027247137,-833.163347503662,3.981264637,3.819387803372,0.207226668097,2020,4.262046608129,1.520779380748,,,,15.269314517742,15.651045893782,14.62552703144,113.724545552991,1616.58794477074,2324.676831787,-0.165923567107,2.62954840509,2.62954840509,0.379564021949,8347.0,1456046.13710195,164914.604916737,4.471583206385,0.573792391093,1.479653788571,0.278795808484,40.254198947476,313.702312533499,432.393145044568,1.242829532767,0.454266889084,-27.461236431341,74.9256693342,25.0743306658,214.488579474288,3.3851804893,39.040587004462,2007471032.44011,-728900455.963541,0.98738387505,0.201684057678,-0.398812356809,-0.46990006268,-0.08518969997,,,,,,,,,26759717316.46,,,,,,,,,0
600406.SH,600406,国电南瑞,10007164,通用,2020-03-31 00:00:00,一季报,2020一季报,058001001,2020-04-30 00:00:00,2021-04-30 00:00:00,CNY,0.02,,0.02,6.623479494276,2.158575419872,3.31521792726,0.0144334268,3873977117.4,884992181.19,75776249.16,50385954.11,3.270309228354,-1.028321733807,5.580319052729,0.378363499669,-0.018128197632,0.064187530706,0.25,,0.1501315584,2.1888254905,22.8445381676,,0.480230079952,0.017220144169,22.341393614,1.815740859881,1.536320538049,0.002975552676,41.2188503694,1.701225658709,0.70122565871,1312.14447028425,201.488909851149,420.127027175121,0.068590008218,0.446674708134,0.214220924098,,,,,,,,,,,,,,,,,,,,,,,,,0.0,9.879521316,1.141324686315,19.801558941313,106.237947481468,-10.7142857143,-13.233328769476,-4.465626904732,2020,0.22839573981,-7.330558568465,,,,3.270309228354,-1.028321733807,5.580319052729,-74.586679973016,-96.550426065809,-97.641568213638,-5.233119367289,0.838171077897,0.838171077897,0.022012276651,,,,1.510435507696,0.1998604065,0.475048826072,0.092997635583,59.585463623841,450.3143047495,621.64556890587,1.25209144927,0.480569293944,,73.3008881249,26.6991118751,233.114068599691,1.82747971,33.294438692916,-607386385.467494,-836657305.429906,1.448530686228,0.101044790955,0.62367480978,0.786729880676,0.008281621657,,,,,,,,,22891101762.14,,,,,,,,,0
600406.SH,600406,国电南瑞,10007164,通用,2019-12-31 00:00:00,年报,2019年报,058001001,2020-04-30 00:00:00,2021-04-23 00:00:00,CNY,0.94,0.75,0.94,6.60369991585,2.15243643475,3.298698625429,1.013454330245,32423594529.38,9334148213.66,4343067280.95,4148918256.69,13.606073167693,4.348617892852,14.662146875418,13.52746662935,8.781300981564,12.070315382854,14.82,14.16,8.4914217138,14.373154272,28.7881351502,0.132508040841,0.356899899297,0.144472032059,11.7376914693,1.751891674368,1.513554303315,0.192613743228,43.1386913682,1.75866511704,0.758665117042,609.360330022891,90.563928320876,203.073365725295,0.590783453177,3.975092585698,1.772758326599,,,,,,,,,,,,,,,,,,,,,,,,,1.075268817204,8.9433995019,3.267066946353,18.924825827228,44.793329887409,-12.3076923077,-6.193395334435,-1.653895823966,2019,14.265993380104,-15.860009238981,,,,33.948322354334,18.99098988159,26.447681442995,144.07607040758,132.432214621136,137.653769795397,0.158784922038,7.014882505632,7.014882505632,1.135114478413,8211.0,3948799.72346608,528932.807325539,12.084610809091,1.609030505187,4.57072709777,0.772893202175,29.789953990837,223.73721246395,293.632351460041,1.29723448743,0.499566820996,62.655981055322,74.1933293098,25.8066706902,223.087510766104,2.4678869424,31.362950045108,2935004390.53124,2955816714.65416,0.971447829706,0.548504990678,0.891815434254,1.005151891683,0.567480126498,,,,,,,,,24772339602.92,,,,,,,,,0
600406.SH,600406,国电南瑞,10007164,通用,2019-09-30 00:00:00,三季报,2019三季报,058001001,2019-10-30 00:00:00,2020-10-31 00:00:00,CNY,0.47,0.44,0.47,6.17,2.146067123663,2.845067981711,0.0,17179710167.61,4967727368.74,2146382977.16,2012500557.38,0.115159918413,-7.3229688722,4.338499536164,-1.234964283741,-0.463439950176,1.085571767677,7.63,7.15,4.3042172789,13.2952797072,28.916246667,0.289632346252,0.262696294451,-0.000366712525,12.9960347987,1.740385224275,1.424206613044,-0.000269675853,44.214752985,1.79258863859,0.792588638588,834.001930742325,146.001410417725,285.650614525718,0.323740257723,1.849297203551,0.945210639397,,,,,,,,,,,,,,,,,,,,,,,,,-9.615384615385,7.7398425932,1.781984911927,18.175809396925,,-23.1621349446,-16.448971656787,2.238241404165,2019,7.166551439825,-23.416895006019,,,,-5.4086910853,-1.928957309175,4.627183553277,-13.049376595701,-15.972444635161,-15.654978057721,4.35247500617,3.716850338644,3.716850338644,0.564172961391,,,,6.239953739542,0.909025359415,2.720133362064,0.419250747705,43.26955154956,297.021416623357,431.655019516598,1.21791578114,0.392440427213,,75.582388013,24.417611987,219.198367572715,4.5497025688,33.728710844518,599426861.882981,1410545483.66424,1.032893374046,0.329873198372,-0.002419154011,-0.002758215944,-0.00094049899,,,,,,,,,23784361437.53,,,,,,,,,0
600406.SH,600406,国电南瑞,10007164,通用,2019-06-30 00:00:00,中报,2019中报,058001001,2019-08-31 00:00:00,2020-08-29 00:00:00,CNY,0.26,0.24,0.26,5.915554822737,2.14275154326,2.640597524459,0.020546974063,10934163713.05,3008546309.59,1201296984.08,1113538297.64,3.56984872968,-11.166825685243,4.106603788177,1.650254384746,-3.215759388195,2.170560593141,4.27,3.96,2.4412404867,11.7201857191,27.5151021015,0.421321965205,0.292194312227,0.008685664682,13.252653735,1.714939255418,1.436822230836,0.004096635001,44.8809941568,1.814256234673,0.814256234674,864.164526558648,139.312995563631,292.047007985695,0.208293669166,1.292054623273,0.616339134037,,,,,,,,,,,,,,,,,,,,,,,,,-16.129032258065,8.0895980052,1.624736170342,20.177575605152,108.732246390181,-30.3425774878,-20.005765516684,3.296217793741,2019,4.198201229469,-23.182869969027,,,,6.992888144608,-10.593905765281,7.874794463742,91.476803703466,1369.01905185977,2133.34330606494,-0.014061980317,2.365619076407,2.365619076407,0.317544783193,7457.0,1466295.25453265,161096.551438916,4.165924387149,0.597167903836,1.761455184173,0.269802387675,43.207697325296,301.422763754954,431.373655578666,1.22830286337,0.434581468114,3.732844133393,75.5139861933,24.4860138067,215.669013445671,1.4811389491,36.187239937625,3113467101.23992,1707322249.00695,1.064785593557,0.221138843167,0.06502027686,0.074108592562,0.014651442422,,,,,,,,,23628990827.39,,,,,,,,,0
600406.SH,600406,国电南瑞,10007164,通用,2019-03-31 00:00:00,一季报,2019一季报,058001001,2019-04-29 00:00:00,2020-04-30 00:00:00,CNY,0.02,,0.02,6.027947168815,2.134217073552,2.767257752367,-0.231381024654,3751298070.42,904289255.65,76563568.98,47722865.93,-2.408550674211,-18.809726640894,-41.51749761284,-0.324388898309,-0.42617777136,-0.936304109622,0.28,,0.1730290632,2.4024662634,24.1060357955,1.201324166257,0.233066314851,-0.285093243356,29.7859407735,1.85932881391,1.524675983265,-0.048849565086,43.1455705773,1.758877910049,0.758877910048,1249.62800898134,207.808182489503,406.076676306703,0.072021433061,0.433091704676,0.221633019701,,,,,,,,,,,,,,,,,,,,,,,,,0.0,30.0610668866,122.734479347879,11.127979437561,9.808929436342,-42.8571428571,-26.932771260496,-15.620399121195,2019,0.246462842855,-38.872959787933,,,,-2.408550674211,-18.809726640894,-41.51749761284,-67.037267453696,-95.852669932553,-97.175437298328,-2.80087729527,0.811597714243,0.811597714243,0.024716049581,,,,1.505219736833,,0.629903661576,0.091491760468,59.791934557903,,613.941386378281,1.352554726638,0.490434227744,,78.5357235707,21.4642764293,224.521096927479,2.7294349861,34.045103407206,-837477125.03474,-737211815.986466,1.41407024696,0.102342450374,-8.768731814157,-11.866690812828,-0.178907771834,,,,,,,,,22363149330.75,,,,,,,,,0
600406.SH,600406,国电南瑞,10007164,通用,2018-12-31 00:00:00,年报,2018年报,058001001,2019-04-29 00:00:00,2020-04-30 00:00:00,CNY,0.93,0.81,0.93,6.061587894305,2.084339662584,2.773767884446,0.699931641211,28540370796.48,8203215048.63,4162074561.84,3618385290.83,17.962239881522,28.438369731548,215.204514861372,3.199240548053,8.096915533685,55.119231264716,16.9,14.69,9.0520510193,15.5915425328,28.7424963997,0.151864211527,0.349404521102,0.112410997623,11.312652838,1.831750320546,1.573563323164,0.142305597768,43.8641588598,1.781393098756,0.781393098755,620.075527614527,100.725681563446,204.514046354238,0.580574436448,3.574063678817,1.76027029154,,,,,,,,,,,,,,,,,,,,,,,,,17.721518987342,31.4293876072,117.529095462214,12.40242650741,-11.084076560309,3.1746031746,9.37738498369,-18.791566498735,2018,16.955068869242,2.979635631736,,,,8.465113317723,20.318689102352,318.386618441621,72.36106110785,91.568031037611,96.642946005466,-4.198619052678,6.226540605542,6.226540605542,1.085717197481,7074.0,4034544.92458015,588362.250754877,12.505279887893,1.593907348368,5.11649160328,0.741631843733,28.787840274454,225.860054142171,305.235252740829,1.201805193369,0.335371138614,72.114316412044,78.9005718307,21.0994281693,220.905681043586,2.7028020357,33.537113861429,-7174577132.66125,-4494256419.41318,1.002275840392,0.546530392857,0.641890824874,0.720974190891,0.540753050359,,,,,,,,,22958439238.9,,,,,,,,,0
600406.SH,600406,国电南瑞,10007164,通用,2018-09-30 00:00:00,三季报,2018三季报,058001001,2018-10-30 00:00:00,2019-10-30 00:00:00,CNY,0.52,0.44,0.52,5.68,2.108494077336,2.407487620546,-0.32,17159948784.59,4755050724.19,2315981587.93,1928818764.24,25.234484224865,35.740219086799,159.208225906807,6.514437773849,4.178995102782,23.70944058079,9.93,8.27,5.1516029955,14.2937920778,27.7101685085,0.21969042752,0.164247475752,-0.082481055184,13.5194700383,1.878338024897,1.517773905768,-0.067147971429,43.2467855254,1.76201473213,0.762014732129,749.150092580738,143.214839666256,266.722202576617,0.360408418385,1.885279490793,1.012289180997,,,,,,,,,,,,,,,,,,,,,,,,,23.809523809524,53.6768798683,345.783973376413,23.37832548242,8.571428571429,11.3228699552,-16.851108810613,-10.508410745668,2018,9.357875265555,-18.889226840179,,,,34.439207008151,19.086183543352,108.472411258375,-1.649544437645,-23.396597740418,-13.036922173958,-7.42926956054,3.743718631345,3.743718631345,0.604566486601,,,,7.788729067562,,3.375647195936,0.45600388722,34.665475927836,,409.932633676589,1.303699209535,0.332678314906,,80.3951203982,19.6048796018,224.369337013431,3.7965497119,33.267831490583,-9663946431.91666,-6024660693.81136,0.879466885577,0.306446115001,-0.50156104454,-0.577041101026,-0.286302782648,,,,,,,,,21297821928.76,,,,,,,,,0
600406.SH,600406,国电南瑞,10007164,通用,2018-06-30 00:00:00,中报,2018中报,058001001,2018-08-28 00:00:00,2019-08-31 00:00:00,CNY,0.31,0.25,0.31,5.472825259702,2.108494077336,2.197246458969,-0.235299980611,10557284622.08,2905256179.46,1352306718.01,1069613508.77,20.087401044985,50.765223726735,222.195995898459,4.547058412312,13.132338240335,54.228952570507,6.13,4.85,3.0517705463,13.5267588842,27.5189718139,0.300768861232,0.179031250362,-0.102160367779,14.7743055555,1.834932086244,1.514957721205,-0.052682888548,43.4488262159,1.768309891883,0.768309891883,797.837374141656,142.435451440015,273.635331209459,0.22560988722,1.263730329635,0.657809790879,,,,,,,,,,,,,,,,,,,,,,,,,40.909090909091,56.9201941079,345.783973376413,26.213877752572,43.449595770715,29.5983086681,-6.348125069156,-10.817464752142,2018,5.465188855371,-8.653804707595,,,,20.216563465914,51.751366610682,203.990037312667,74.65178396189,1234.02604611166,1110.76944690903,-4.372940618487,2.303241322701,2.303241322701,0.356782101948,6891.0,1532039.56204905,196242.449283123,5.618873303111,0.622909693035,2.0865714513,0.28831211265,32.034892102004,288.966445718619,416.078274059152,1.392214736093,0.480408831702,-326.193941586619,78.9001268539,21.0998731461,223.052673309291,5.5684776591,48.040883170155,-5841152156.25022,-4842933525.98613,0.893107126859,0.198037936573,-0.64616462432,-0.755246461133,-0.220290545124,,,,,,,,,20686424901.74,,,,,,,,,0
600406.SH,600406,国电南瑞,10007164,通用,2018-03-31 00:00:00,一季报,2018一季报,058001001,2018-04-28 00:00:00,2019-04-29 00:00:00,CNY,0.02,,0.02,4.63,0.958188907169,2.490153934565,-0.256545379945,3843879864.82,953308044.73,94301405.59,81601956.11,19.862481002742,38.737959651343,1072.17435607204,2.632519259989,0.812539595462,6.502066238217,0.49,0.42,0.2368080276,2.7557366267,24.800672192,0.895273391064,0.144663212989,-0.280444804089,40.0165138266,1.529548737401,1.237113396726,-0.048844559345,51.1327028428,2.046358317676,1.046358317675,1047.33061148525,187.026965295283,352.431253125923,0.085932750378,0.481214031666,0.255368952673,,,,,,,,,,,,,,,,,,,,,,,,,0.0,26.9406540613,102.583096094195,30.763218772577,44.229265229348,32.4324324324,-8.894138481857,12.171892521339,2018,0.403197737041,-22.40831959857,,,,19.862481002742,38.737959651343,1072.17435607204,-63.364551447932,-93.853927369071,-79.792943374659,14.188674587497,0.91478029261,0.91478029261,0.03794910568,,,,2.121279875347,0.244160699997,0.781318713833,0.110731555267,42.427216250877,368.609690261806,539.420829289345,1.099073412405,0.342091025132,,77.6297344687,22.3702655313,189.028252861295,3.6422954822,34.209102513237,-1879486313.81929,-753356686.041182,1.094888838725,0.096784008937,-6.110302656235,-10.176763678164,-0.233525941622,,,,,,,,,22234889584.12,,,,,,,,,0
600406.SH,600406,国电南瑞,10007164,通用,2017-12-31 00:00:00,年报,2017年报,058001001,2018-04-19 00:00:00,2019-04-29 00:00:00,CNY,0.79,0.47,0.79,4.612049104591,0.958188907169,2.467711748432,0.787183683343,24194497175.66,7258874987.88,3240522727.39,1147948433.55,-14.350844151391,2.510874615781,-12.77705391356,103.103500495635,110.403318132852,-23.358136757254,16.38,12.8,8.2759804695,15.3043374772,30.0021733669,0.145598239052,0.412340070158,0.136713842169,12.8216524041,1.445863706895,1.220506718756,0.134076847597,54.0142901034,2.174588589039,1.174588589038,665.729155848887,117.669912549892,216.40328355378,0.540760453162,3.059405690026,1.663560709838,,,,,,,,,,,,,,,,,,,,,,,,,1.282051282051,-39.5398837601,-67.096834558426,-28.351124885204,-55.149186682527,1.6129032258,-29.992679651369,2.470768935351,2017,16.464487143725,-26.05225106228,,,,-51.391466423203,-35.894555887859,-28.116394777871,113.636289730743,89.605670369105,-2.017351168152,22.19563052447,5.757893062286,5.757893062286,1.012926191034,5865.0,4125233.96004433,552518.794098892,13.080837406015,1.410472755853,5.200799019319,0.686627633889,27.521173822897,255.233572223297,242.244979632369,1.053460237915,0.354153078791,37.768264894095,77.5807754568,22.4192245432,179.072729070859,3.4434073787,35.415307879112,3262831996.91207,4141293709.94413,1.002986873426,0.527792616677,0.787268317105,0.893301277317,0.633263725092,,,,,,,,,24834602441.51,,,,,,,,,0
600406.SH,600406,国电南瑞,10007164,通用,2017-09-30 00:00:00,三季报,2017三季报,058001001,2017-10-28 00:00:00,2018-10-30 00:00:00,CNY,0.42,0.31,0.42,3.7,0.472985617084,1.951305151154,-0.35,13702255325.92,4101639926.84,1706186717.18,744119426.57,105.640980440948,122.248406240575,-1.353138205927,1.002048801255,1.567431846632,1.968171355135,8.92,8.38,6.1956364322,13.8012681159,29.9340497552,0.111369974669,0.164693932645,-0.103008433557,11.6287504883,1.847601450689,1.549368623491,-0.167780128217,48.3249720848,1.9351707011,0.935170701099,601.446264975709,112.780038900114,218.672349122109,0.448917909584,2.394040670966,1.234724010987,,,,,,,,,,,,,,,,,,,,,,,,,31.25,9.9463024208,0.036615904982,17.355785756532,-20.689655172414,-5.3078556263,30.845960982954,-0.90891041903,2017,11.537154561597,27.645252972701,,,,71.25416851202,66.057112286618,-14.056953934816,-12.054273108763,-2.384385543034,26.807710975237,30.432775463153,5.641217983984,5.641217983984,0.886341857296,,,,10.474127465413,1.113101310884,5.927122889497,0.544319467396,25.777803534622,242.565521538711,391.433994001434,1.444891580613,0.377318377663,,88.6125788342,11.3874211658,200.889531658555,0.3826871046,37.731837766266,-66080999.7028523,6261721992.1364,1.059144386008,0.827389468719,-0.667238584797,-0.746369338612,-2.600667789634,,,,,,,,,8476349345.73,,,,,,,,,0
600406.SH,600406,国电南瑞,10007164,通用,2017-06-30 00:00:00,中报,2017中报,058001001,2017-07-29 00:00:00,2018-08-28 00:00:00,CNY,0.22,0.14,0.22,3.4876487955,0.472985617084,1.740891333104,-0.41608894546,8791334086.85,2529916495.47,896961968.14,331976040.17,131.63303394909,219.913459585887,20.818543425463,3.17107717599,4.470633770241,4.413110906742,4.73,3.72,3.2586326206,11.1546694082,28.7773899897,0.18996271935,0.205363208856,-0.114961009149,10.7650516427,1.819685978444,1.514523160869,-0.125317789282,48.7189852757,1.950039415905,0.950039415905,616.160435151627,114.596385784395,216.501438861479,0.292131707476,1.570730165423,0.831403250466,,,,,,,,,,,,,,,,,,,,,,,,,83.333333333333,10.2663825332,0.036615904982,19.064675926822,-86.370265849178,36.3112391931,85.148741140007,-0.945642191473,2017,5.982940874414,83.720458280267,,,,133.402614730788,210.684205109906,22.80485619117,74.137369541117,1119.62691930217,4568.6822677763,42.741810853066,3.619391901137,3.619391901137,0.449190984413,3122.0,2815930.20078475,287303.641300448,7.024385096666,0.735644330444,3.796513147699,0.355357445853,25.625018777152,244.683459860773,417.728130505526,1.415027162096,0.437718631291,-13.946288078418,87.9709084173,12.0290915827,199.135481996654,0.5225535176,43.771863129088,20510854.7750698,6104181716.02887,0.984649903767,0.518903533774,-0.92713979958,-1.030608841391,-1.836177793804,,,,,,,,,8127336343.26,,,,,,,,,0
600406.SH,600406,国电南瑞,10007164,通用,2017-03-31 00:00:00,一季报,2017一季报,058001001,2017-04-29 00:00:00,2018-04-28 00:00:00,CNY,0.02,0.0,0.02,3.65,0.472985617084,1.904322911243,-0.46,3206908310.81,696509369.72,67970875.33,6961588.58,128.614744451135,401.671660929361,-31.162943812756,0.157986325516,0.297999468581,-0.079242497322,0.37,0.08,0.2599262261,2.4301827011,21.7190297388,0.455678464605,-0.060716109296,-0.608423724399,30.3630385206,1.985430447874,1.68453247644,-0.262723649937,45.5842383448,1.837702844879,0.837702844878,841.455848398269,138.854304038962,288.984993593366,0.106957483475,0.648161399266,0.311434856464,,,,,,,,,,,,,,,,,,,,,,,,,100.0,9.8656098671,0.036615904982,17.374517349429,-43.75,117.6470588235,375.179118419646,-2.948617447126,2017,0.519640424018,3408.00882867069,,,,128.614744451135,401.671660929361,-31.162943812756,-85.143012090635,-97.160137596507,-98.760802031172,35.503187971664,1.320284026653,1.320284026653,0.049203978718,,,,2.782900703792,0.3036365194,1.383507702514,0.129445043991,32.340356189263,296.407033573709,578.643420869531,1.563226596661,0.531750138259,,89.5780127502,10.4219872498,212.702820244307,0.5295829638,53.175013825903,-902628156.209241,4749431907.70199,1.197387785771,0.233278437775,-17.53595931162,-25.036130992107,-3.515237879519,,,,,,,,,7503458264.61,,,,,,,,,0
600406.SH,600406,国电南瑞,10007164,通用,2016-12-31 00:00:00,年报,2016年报,058001001,2017-03-30 00:00:00,2018-04-19 00:00:00,CNY,0.78,0.54,0.78,3.643726813216,2.912148099764,3.444173749383,1.755115738417,28248377857.25,6935704052.35,3161150209.22,1316108300.69,190.873883325209,143.25832281375,16.130370164505,-2.71221309625,-18.339739260368,-19.260817820698,16.12,15.8,11.8215929824,12.520982599,24.55257462,0.111524519163,0.357195360312,0.150914656968,12.288847566,1.531561903908,1.289020505035,0.187601869527,52.7119008324,2.114696969434,1.114696969432,381.298336216838,64.692858858906,133.849003076552,0.944142593361,5.56475639429,2.689597917992,,,,,,,,,,,,,,,,,,,,,,,,,44.444444444444,129.9103240477,515.694852988905,113.003012231122,255.273921251228,14.8966500356,38.512887946059,5.32746577327,2016,22.265028185768,36.163850476634,,,,320.622009237472,138.215576014703,-33.769402745181,652.668358201518,391.149707029312,17.146702313033,-2.653966916236,11.629856063568,11.629856063568,1.677013881668,3194.0,8844200.95718535,989715.156299311,24.293026182998,2.510929097243,12.284194883071,1.137673020003,14.819067714666,143.373224036983,300.114954679209,0.801998223847,0.424270535365,464.765699549953,79.9980114747,20.0019885253,183.42573967604,0.4970720374,42.427053536454,2895417736.14213,-2008480793.67601,0.978282485401,0.635206094007,1.239502247691,1.205294039623,1.044657867593,,,,,,,,,22932521725.12,,,,,,,,,0
600406.SH,600406,国电南瑞,10007164,通用,2016-09-30 00:00:00,三季报,2016三季报,058001001,2016-10-25 00:00:00,2017-10-28 00:00:00,CNY,0.32,0.31,0.32,3.36,0.472812492511,1.662725990521,-0.29,6663192957.23,1529188877.58,767693566.87,754326506.73,45.490106828978,160.447490485068,164.600314330129,10.134056862953,13.98125746874,14.057334227162,9.42,9.26,4.7350612779,11.5348893765,22.9497912997,0.226120346147,0.14583947588,-0.107533954365,9.6114315182,1.883305311171,1.56596567141,-0.092033035621,48.7682316232,1.951913884067,0.951913884068,657.735971901755,121.456855605819,298.598395075683,0.410499062746,2.223011608964,0.904224551949,,,,,,,,,,,,,,,,,,,,,,,,,166.666666666667,15.827351013,0.0,35.106835314395,-262.5,129.197080292,125.908189439365,2.46192054176,2016,9.03845171905,131.958452961543,,,,61.047311175352,80.598921169982,81.281527263923,19.861389589322,82.633728638684,81.196774180361,8.006944065323,2.743236280963,2.743236280963,0.342383838836,,,,8.047979494142,0.949767212377,13.259175923257,0.45145313269,33.548793233943,284.280186219806,421.534871470551,1.463394972003,0.299576167707,,90.9011735088,9.0988264912,198.419956707507,0.4172053244,29.957616770741,-1263289531.80319,573051893.50901,0.757919554455,0.313090580157,-0.992824727642,-0.932249550518,-1.471960201489,,,,,,,,,7866336289.68,,,,,,,,,0
600406.SH,600406,国电南瑞,10007164,通用,2016-06-30 00:00:00,中报,2016中报,058001001,2016-08-25 00:00:00,2017-07-29 00:00:00,CNY,0.12,0.11,0.12,3.162930274283,0.472812492511,1.462139227737,-0.223259297058,3795371470.54,765163929.97,280376439.71,274772423.8,35.592895608304,1024.85635812527,1237.35651551638,7.596228161239,19.234872097631,19.603985450109,3.47,3.4,1.7600079809,7.3341451436,20.1604490077,0.462784783965,0.203150071166,-0.142880985943,16.4757962931,1.851486042629,1.521051217286,-0.07259965298,49.1840907897,1.967887646881,0.96788764688,750.079624743194,137.115140823787,327.200211075006,0.239974522787,1.312765307453,0.550121894508,,,,,,,,,,,,,,,,,,,,,,,,,1100.0,13.2524060024,0.0,30.5966118577,-6.814749073482,891.4285714286,854.581560216295,3.299127318842,2016,3.256545803564,1424.92044591963,,,,47.333060054892,1604.9005424345,1827.90655528591,70.565228170017,1869.37035181442,2516.98399847492,23.945285460993,1.562554286593,1.562554286593,0.130691676223,,,,5.276252359133,0.58202723186,7.468494247415,0.264612767079,34.115123339095,309.263880016007,466.465283158328,1.431203366781,0.348981340033,-294.377882143265,90.4045816361,9.5954183639,196.577486502962,0.5703286087,34.898134003285,-940631570.776857,672899936.291528,0.901412990545,0.22364228312,-2.094680028257,-1.948161416829,-1.088756356064,,,,,,,,,7524000773.2,,,,,,,,,0
600406.SH,600406,国电南瑞,10007164,通用,2016-03-31 00:00:00,一季报,2016一季报,058001001,2016-04-27 00:00:00,2017-04-29 00:00:00,CNY,0.01,0.0,0.01,3.32,0.472812492511,1.622433006965,-0.32,1402756553.83,224839812.0,13548876.81,10113141.04,19.368970958203,46.080962074309,48.327191957488,2.311263863516,0.367353325709,0.297668451421,0.17,0.13,0.0547006836,0.6185418893,16.028427127,1.0770265568,0.045058013301,-0.552043053177,72.5876951922,1.941537292454,1.6316864422,-0.107934074574,46.9691797744,1.885695894851,0.885695894852,1017.69788504278,166.999953000114,441.494895219154,0.088434889492,0.538922307361,0.203852866646,,,,,,,,,,,,,,,,,,,,,,,,,,12.7903866013,0.0,27.435454617731,-52.380952380952,30.7692307692,47.845688739534,-3.796531681383,2016,0.014812973667,-49.880067413819,,,,19.368970958203,46.080962074309,48.327191957488,-72.665034704314,-98.651509521193,-98.807723250553,-5.896292219333,0.577514818575,0.577514818575,0.009962574625,,,,2.070264871305,0.236753723618,2.741176909056,0.097460374424,43.472698226909,380.141856375675,609.795810838253,1.539459787819,0.456422474475,,90.5101521609,9.4898478391,206.422441683988,0.5668970748,45.642247447543,-919531727.947648,-25217412.2437295,0.915110630904,0.083408590445,53.17928183961,-89.24909739308,-1.532881958478,,,,,,,,,7228665044.44,,,,,,,,,0
600406.SH,600406,国电南瑞,10007164,通用,2015-12-31 00:00:00,年报,2015年报,058001001,2016-04-05 00:00:00,2017-03-30 00:00:00,CNY,0.54,0.47,0.54,3.317440647015,0.472985617084,1.616960113994,0.494017611041,9711555239.79,2449444288.05,1299503413.76,1133302424.53,9.032819072675,1.281627920503,-10.1437498935,17.330486016889,40.597996949646,41.537939829155,14.03,14.95,8.5346520152,13.6789588984,25.2219570148,0.154095699618,0.386577212186,0.123558554955,13.4910812607,1.829852303703,1.565245541567,0.147795757501,50.0457316099,2.001830939032,1.001830939032,576.99191421754,105.391514740471,248.967602447941,0.623925554465,3.415834765128,1.445971268793,,,,,,,,,,,,,,,,,,,,,,,,,1.88679245283,12.7566441277,0.036615904982,27.387649914737,-29.141502310484,-27.6804123711,-7.953804736757,-2.281205401997,2015,16.351644072807,-9.363434997616,,,,39.879396405563,59.659218438988,37.975311580237,188.180866985223,272.356454210079,220.645351083462,-7.26937996995,3.998246913961,3.998246913961,0.623589977039,3153.0,3080099.9809039,412148.244135744,16.053343632164,1.44172027887,19.013590771428,0.685568358229,22.425234782785,249.701696838282,355.246580776391,1.503846451601,0.514293670125,144.437654477403,90.9552658767,9.0447341233,193.970967767372,0.6334654161,51.42936701247,897384422.858186,443644668.633267,0.914340139979,0.543636670254,0.936817118911,0.903274553802,2.31520217983,,,,,,,,,8174380878.79,,,,,,,,,0
600406.SH,600406,国电南瑞,10007164,通用,2015-09-30 00:00:00,三季报,2015三季报,058001001,2015-10-23 00:00:00,2016-10-25 00:00:00,CNY,0.12,0.12,0.12,2.9,0.472812492511,1.230674959303,-0.08,4579825461.99,973141490.59,294759440.93,285081485.5,-12.570723373844,-54.912792154961,-55.902270229051,2.258389205866,23.048431866368,23.536038117084,4.11,3.98,2.0960113441,6.4964871882,21.2484405501,0.275881175747,0.299932174003,-0.044086910289,18.6653627006,1.903910314006,1.540925139417,-0.031452706621,47.5964449674,1.908267481811,0.908267481809,836.852121887895,165.962329009452,381.395193794432,0.322637647606,1.626875216873,0.707927117051,,,,,,,,,,,,,,,,,,,,,,,,,-55.555555555556,8.7994523967,3.146644526468,19.012322767494,33.333333333333,-60.2898550725,-57.471866281617,-6.488923910007,2015,3.89658216963,-59.392728090609,,,,11.395816324832,178.910758014324,184.506729627195,9.65439398984,1624.10965140738,1827.00521675547,-17.848978016508,1.885513964319,1.885513964319,0.147860016156,,,,8.016764963495,0.769159433909,9.050962824822,0.356447406214,33.67942071764,351.032553326186,547.369604492822,1.466457364935,0.402769501233,,89.9133941339,10.0866058661,202.919988769933,0.5617218248,40.276950123293,-605631768.898574,320618962.315595,1.009726677553,0.340196700192,-0.768546578208,-0.678626910381,-0.396867573332,,,,,,,,,6469894175.46,,,,,,,,,0
600406.SH,600406,国电南瑞,10007164,通用,2015-06-30 00:00:00,中报,2015中报,058001001,2015-08-25 00:00:00,2016-08-25 00:00:00,CNY,0.01,0.01,0.01,2.792815080869,0.472812492511,1.119584349807,-0.209015420618,2799093163.04,455289402.67,24925532.73,20545936.75,-23.096706650904,-95.525106716896,-96.287971080205,-4.566658469843,-32.231202721446,-32.883785980874,0.35,0.29,0.1843748145,0.9181989517,16.2656037563,0.403329223885,0.215788816895,-0.181376137466,45.6028811566,1.899566194556,1.551264076108,-0.082000795185,47.6132684431,1.908880302857,0.908880302856,896.412081970174,163.585242731824,412.755287796222,0.200800506397,1.100343753471,0.436093746881,,,,,,,,,,,,,,,,,,,,,,,,,-95.652173913044,6.2224235129,3.146644526468,12.606667195592,-79.863970843968,-96.0091220068,-95.694725849193,-4.377252186755,2015,0.213555127566,-97.380055148398,,,,-19.204013417746,-95.802085955318,-96.298350565011,38.191630312438,68.741523926592,101.342687915648,-41.598459244761,1.1523865462,1.1523865462,0.015328258299,,,,5.601740466522,0.492695295171,5.644294432001,0.221836457298,32.132870324097,365.337363202397,576.341117115857,1.484128697984,0.386520402403,-71.11759526128,89.8953866649,10.1046133351,202.450813852756,0.8151613505,38.652040240301,-731429509.708971,401296900.130438,0.885551533382,0.189467500965,43.810775190491,-19.753468148846,-1.039105200843,,,,,,,,,6229087921.89,,,,,,,,,0
600406.SH,600406,国电南瑞,10007164,通用,2015-03-31 00:00:00,一季报,2015一季报,058001001,2015-04-29 00:00:00,2016-04-27 00:00:00,CNY,,0.0,,2.95,0.472812492511,1.273140988771,-0.21,1175143374.84,200158956.45,9274909.35,6818130.18,-27.897286951502,-94.96447102747,-96.266895159303,-5.104693557628,-13.632608930061,-13.933585250222,0.13,0.1,0.0369984976,0.4551426962,17.0327264515,1.200469806675,0.051205789547,-0.427102480247,70.3801708475,1.863911195126,1.523252769024,-0.073230222387,48.8227509832,1.953993266953,0.953993266952,1107.1488124827,204.85758832733,497.639792441431,0.081289885321,0.439329588593,0.180853704561,,,,,,,,,,,,,,,,,,,,,,,,,,14.3900115186,3.146644526468,35.332005324536,12.5,-95.652173913,-97.404240955268,-3.958439891522,2015,0.02955505505,-98.934607218131,,,,-27.897286951502,-94.96447102747,-96.266895159303,-67.968238180872,-98.526167045578,-98.890933254895,-37.639693888205,0.48380648165,0.48380648165,0.006158516101,,,,2.004560402215,0.203178693568,2.363264290702,0.089535292292,44.897624387152,442.95983215326,702.383824107326,1.442701747502,0.445860982626,,90.5011516383,9.4988483617,197.979296555949,1.9234182124,44.586098262592,-633410905.928296,-17081488.3142635,1.042499422521,0.086788657704,20.182027916841,-93.839247306356,-1.021671713702,,,,,,,,,6891693504.06,,,,,,,,,0
600406.SH,600406,国电南瑞,10007164,通用,2014-12-31 00:00:00,年报,2014年报,058001001,2015-03-28 00:00:00,2016-04-05 00:00:00,CNY,0.53,0.52,0.53,2.942553240015,0.472812492511,1.269322508953,0.697188942963,8907001875.57,2422630392.89,1283059366.68,1261239394.24,-6.98264965271,-19.824883856643,7.799589606229,-7.119553525289,-11.667501922931,4.813355702427,19.4,19.08,9.2721399193,14.6105002497,27.1991678764,0.158755445412,0.486052451503,0.190124515852,10.9403527172,1.787223705288,1.508203201385,0.224606414338,51.2140288015,2.049769586284,1.049769586284,567.26711801596,115.689413405362,247.226607058351,0.634621659826,3.111779975395,1.456153948329,,,,,,,,,,,,,,,,,,,,,,,,,-19.69696969697,17.707125659,3.146644526468,46.755542583953,129.606257607428,-33.9011925043,-31.014999901298,-4.853553741871,2014,18.040891192618,-32.215250641225,,,,-15.690186549118,-21.216663124464,10.285327597727,129.498723557117,550.474315925237,561.174518557753,0.409438428766,3.667012325248,3.667012325248,0.604052508652,3207.0,2777362.60541628,400080.875173059,15.743645058444,1.427834102573,18.480176142806,0.692970570787,22.866369170774,252.130131470644,362.907457565528,1.45121612459,0.517463754935,61.23456222962,91.067287413,8.932712587,188.92620726074,3.45274316,51.74637549351,1499876211.44469,432845263.820389,1.016920120162,0.612145072724,1.356681506337,1.301286832096,3.365016743339,,,,,,,,,7577971491.69,,,,,,,,,0
600406.SH,600406,国电南瑞,10007164,通用,2014-09-30 00:00:00,三季报,2014三季报,058001001,2014-10-28 00:00:00,2015-10-23 00:00:00,CNY,0.27,0.27,0.27,2.67,0.458388631721,1.034073556994,-0.12,5238320204.31,1354896540.01,653754035.83,646476557.82,0.270171000912,-18.437899960814,5.537553875017,0.125600002075,-10.341062368779,-9.228164934007,10.35,10.23,4.9285288604,12.5079900727,25.8650958163,0.212317252112,0.269701452765,-0.053373395649,7.8452792519,1.80491249806,1.505193098291,-0.041289759519,50.8992591654,2.036629148567,1.036629148567,685.226244034125,142.300510213954,323.676874284898,0.394030442282,1.897393056385,0.834165247661,,,,,,,,,,,,,,,,,,,,,,,,,-18.181818181818,41.0371605668,5204.77368422013,41.460460652519,-33.333333333333,-34.034416826,-42.133109423359,5.473132985859,2014,9.595774319252,-41.285004516107,,,,0.758232770331,-63.392432768983,-56.828287752453,-20.467076432624,-74.050251156527,-74.928193153213,-1.421307142069,2.156616224084,2.156616224084,0.295297651935,,,,9.108403064984,0.886962861289,10.909640615305,0.428431627865,29.642956956745,304.409588928691,465.963379533583,1.437762355134,0.292698163696,,91.7901318852,8.2098681148,190.981009150708,3.6479699481,29.269816369567,-371390169.755793,241325073.402109,0.763500596187,0.300377045901,-0.459086834116,-0.426714406861,-0.559614068097,,,,,,,,,6777135081.67,,,,,,,,,0
600406.SH,600406,国电南瑞,10007164,通用,2014-06-30 00:00:00,中报,2014中报,058001001,2014-08-23 00:00:00,2015-08-25 00:00:00,CNY,0.23,0.23,0.23,2.629214236042,0.458388631721,0.99424339401,-0.116207498165,3639757208.23,1013720661.35,557008427.98,553496139.01,0.057307890967,3.675029383594,39.355633878577,-0.240157074642,1.117535451235,5.780886872133,8.77,8.72,4.2825336562,15.35651808,27.8513264307,0.30758499485,0.281220642859,-0.077549840809,7.0981944017,1.842160546088,1.550691553701,-0.044232688418,49.7928260084,1.991747235499,0.991747235498,645.452780127142,134.480062994762,303.116522105697,0.278874002161,1.338488367655,0.593831041441,,,,,,,,,,,,,,,,,,,,,,,,,4.545454545455,46.2158994305,5204.77368422013,56.148263505812,3.688473822848,-16.9507575758,-26.475739054784,2.956171053133,2014,8.151130640608,-27.718885681482,,,,-1.134136431929,5.044799873902,24.292191407337,23.322851636672,102.410726745983,103.053632197601,15.774942935194,1.498487900861,1.498487900861,0.248157860752,,,,6.419348181988,0.618891992134,7.815832790579,0.303474965328,28.040230082093,290.842347756581,437.611262085253,1.484638944571,0.325152675186,-22.21989428401,91.6269336438,8.3730663562,195.066486408149,4.1842324838,32.515267518646,-373333570.424475,293039115.735193,0.76016123352,0.215657129117,-0.538313166115,-0.504996252435,-0.599695012017,,,,,,,,,6388238011.76,,,,,,,,,0
600406.SH,600406,国电南瑞,10007164,通用,2014-03-31 00:00:00,一季报,2014一季报,058001001,2014-04-29 00:00:00,2015-04-29 00:00:00,CNY,0.08,0.08,0.08,2.58,0.458388631721,0.940753804481,-0.24,1629818525.76,445159025.76,184189375.15,182639665.13,1.566771313285,1.008988565601,84.843467994561,0.262558229264,0.114969764832,7.165211040911,2.99,2.96,1.4253440694,11.420705249,27.3134105868,0.860339771715,0.106228564704,-0.350312240158,12.0176676203,1.810812175986,1.484152049492,-0.087535600872,50.8350248872,2.033968282717,1.033968282718,721.133580647632,159.332462866898,326.428456813154,0.124803507166,0.564856642398,0.275711256545,,,,,,,,,,,,,,,,,,,,,,,,,6.666666666667,1.8267981837,3689.12405990666,-27.828429044426,-9.090909090909,-19.4938072159,-27.81448252862,7.326730795007,2014,2.77409942631,-27.071956804338,,,,1.566771313285,1.008988565601,84.843467994561,-62.545211555947,-76.941155779283,-67.235372556841,21.471433623092,0.670996223575,0.670996223575,0.087459961309,,,,2.684623606604,0.279363986553,3.584062322929,0.135576970142,33.524252628414,322.160351126452,485.762018218098,1.409675831414,0.29348758081,,91.9526718304,8.0473281696,191.585473886564,3.1455307244,29.348758081017,-613730210.619053,2820851.11279354,0.626174038152,0.079453934725,-3.118935457079,-3.067343325316,-1.272223677023,,,,,,,,,6529530256.05,,,,,,,,,0
600406.SH,600406,国电南瑞,10007164,通用,2013-12-31 00:00:00,年报,2013年报,058001001,2014-03-28 00:00:00,2015-03-28 00:00:00,CNY,0.66,0.53,0.66,2.499893887937,0.458388631721,0.864923045906,0.303645445132,9575634913.61,2593872703.74,1600321182.43,1169985339.32,15.251036852852,22.865661686899,13.69706581289,50.312710001344,33.272204231066,-0.988948151139,29.35,27.09,13.4408058361,16.8677601142,27.0882581379,0.15863181013,0.316745831852,0.077022633812,10.0449779808,1.719529414053,1.429385039072,0.103682453825,53.8265282789,2.165745746909,1.165745746911,451.787914739063,109.135883730273,190.876474861877,0.796834063629,3.298640077811,1.886036507435,,,,,,,,,,,,,,,,,,,,,,,,,22.222222222222,-18.2620809858,66.482850849116,-42.760388772968,-39.364112249908,-5.3531118994,-13.581906161593,-1.865371119409,2013,26.614970717278,-11.095765497069,,,,-10.749135084276,-3.107321991755,-2.024678695612,174.272766860448,202.250237126945,158.819887308144,-6.088434540705,3.942288520966,3.942288520966,0.74094661699,3197.0,2995193.90478886,500569.653559587,16.532460961024,1.869424818907,20.878293003185,0.865218108147,21.77534251245,192.572601133263,256.914828640053,1.373007601459,0.38966541813,30.860931586617,92.1513026277,7.8486973723,181.037885707699,4.7819927676,38.966541812978,473175323.45964,438281506.254284,0.741966514392,0.5352578887,0.495815277806,0.456626329108,1.600900439136,,,,,,,,,7144719413.7,,,,,,,,,0
600406.SH,600406,国电南瑞,10007164,通用,2013-09-30 00:00:00,三季报,2013三季报,058001001,2013-10-26 00:00:00,2014-10-28 00:00:00,CNY,0.33,0.28,0.33,1.89,0.008641059148,0.730998296078,-0.09,5224205914.9,1370728122.23,801541445.74,612555942.49,52.176167869853,67.651313468415,33.13868393651,-1.357143337914,3.278519661082,4.243321340953,15.69,14.99,8.5170100057,15.3887174464,26.2380186493,0.209046317563,0.23069418893,-0.041042707369,6.8539533701,1.857622538301,1.529708182533,-0.054791021266,48.2580328511,1.932667146423,0.932667146422,487.84182567886,120.949782111388,224.4502752173,0.553458079623,2.232331429513,1.202939046248,,,,,,,,,,,,,,,,,,,,,,,,,50.0,-9.7664797391,-28.571428576152,-21.534752513358,10.0,2.1484375,16.051186874086,-8.200438367076,2013,16.342970377788,16.600524773253,,,,22.488323633224,55.628260798384,36.881304155472,-21.960807028987,-25.537631144987,-27.817784996337,-10.276137410684,2.368444920667,2.368444920667,0.393160779306,,,,12.518918326121,1.395272860484,13.302226720774,0.608445169417,21.567358534215,193.510536646102,399.940877867102,1.485771674412,0.321729499807,,89.5498923121,10.4501076879,200.933689152084,3.4896231815,32.172949980701,448949857.071005,1371316454.38894,0.777155917099,0.500137188663,-0.316535040975,-0.266706484877,-0.651945732145,,,,,,,,,3917499148.23,,,,,,,,,0
600406.SH,600406,国电南瑞,10007164,通用,2013-06-30 00:00:00,中报,2013中报,058001001,2013-08-23 00:00:00,2014-08-23 00:00:00,CNY,0.22,0.18,0.22,1.798172597018,0.008641059148,0.636730355937,-0.120657934494,3637672534.82,875094408.57,537263824.56,397182463.03,70.163927962377,74.2739599799,31.193564309442,1.664822772378,6.623019032999,6.54459226901,10.56,9.72,5.8246537961,14.7984577308,24.0564371915,0.284835646467,0.188548207321,-0.073162625572,3.1114660951,1.846725685916,1.5026242001,-0.071309258904,48.3631291831,1.936600696711,0.936600696712,457.318578031192,112.50733300717,206.019764916628,0.393598704813,1.59989571514,0.873702579327,,,,,,,,,,,,,,,,,,,,,,,,,57.142857142857,-9.6163497477,-28.571428576152,-22.711822499667,29.824496010899,3.3268101761,17.989467508069,-5.607387078381,2013,11.276985305856,22.638586486475,,,,48.915113656753,48.115890791743,24.639306510312,26.69189766658,94.634125706203,201.975024652121,-20.472483835655,1.649174473305,1.649174473305,0.251541667073,,,,9.005099090913,0.98971341769,9.310483759652,0.433180028256,19.988675103157,181.870829254919,374.449532971721,1.457064660866,0.288962470447,-66.205976002895,89.2382829758,10.7617170242,200.272317901105,1.8154383007,28.896247044667,325777746.76604,1343238470.43549,0.733958910857,0.345682348382,-0.601284320311,-0.494393584138,-0.819309612909,,,,,,,,,3735360635.02,,,,,,,,,0
600406.SH,600406,国电南瑞,10007164,通用,2013-03-31 00:00:00,一季报,2013一季报,058001001,2013-04-18 00:00:00,2014-04-29 00:00:00,CNY,0.075,0.045,0.075,2.53,0.012097482808,1.303496365709,-0.22,1604676908.29,360818983.92,182349489.65,98807746.42,107.71397465406,165.554013966785,55.959270482944,5.382218218199,3.266181900146,3.384122367939,3.714,2.51,1.9745568354,11.3031984466,22.4854599737,0.593714810557,0.106719474129,-0.213738625189,11.0916611125,1.892381913128,1.457525895026,-0.0952240894,47.3647380393,1.899867052522,0.899867052523,515.198064666356,135.140799032324,224.66634468364,0.174690097212,0.665972087219,0.400594045925,,,,,,,,,,,,,,,,,,,,,,,,,87.5,-11.5554019845,-89.760584488682,-13.539918641021,29.032258064516,60.0862068966,77.00747086635,-7.230082791416,2013,3.803885727287,79.705486160699,,,,107.71397465406,165.554013966785,,-67.086949593426,-77.880848030973,-82.633279195689,-12.849213519145,1.018494391111,1.018494391111,0.12966526041,,,,4.031643958753,0.448331349115,3.853548945206,0.191960035376,22.323399814262,200.744382871416,434.420472581241,1.409302501143,0.381462984662,,89.5540277719,10.4459722281,206.120830805573,1.8425500358,38.146298466243,310326211.690354,955613394.296637,0.732102846941,0.154351995071,-2.485477408814,-1.890957026008,-0.911571532615,,,,,,,,,3604977771.14,,,,,,,,,0
600406.SH,600406,国电南瑞,10007164,通用,2012-12-31 00:00:00,年报,2012年报,058001001,2013-03-28 00:00:00,2014-03-28 00:00:00,CNY,0.54,0.47,0.54,2.464041229726,0.275336846638,1.511056814267,0.500768532298,8308502183.66,2396540306.72,1302496694.73,1029037408.27,78.293389734908,52.380221334031,25.091699085162,14.612816928616,14.271829815793,13.864784968199,31.01,30.34,15.5532310875,15.7113235232,28.8444325312,0.174134628488,0.343828568381,0.094960557044,11.932708538,1.686642212262,1.317187674326,0.134378621517,54.8496783377,2.214823645066,1.214823645067,363.659257458522,104.926992314586,142.026292013494,0.989937675493,3.430957011716,2.534741947398,,,,,,,,,,,,,,,,,,,,,,,,,0.0,9.5924552401,133.047520963462,4.770606089494,20.820513605542,6.6368638239,-1.55445603627,7.276836428472,2012,29.93667384471,7.426023399761,,,,166.948029735039,84.850902373321,28.224080803928,276.413287005174,385.471964413689,261.597219018504,-8.122282759202,5.273437181575,5.273437181575,0.943595717696,2650.0,3135283.84289057,491508.186690566,18.766542300967,2.608699230433,20.186599580296,1.088378952524,19.18307561545,137.999810710354,273.545451806748,1.00513253188,0.404666334371,30.830373765834,92.0285035862,7.9714964138,178.745731392786,4.4385773217,40.466633437147,-29372735.0520005,-498185354.148987,0.840399025261,0.648891168051,0.619524987218,0.60440838675,1.728029755779,,,,,,,,,5902153501.27,,,,,,,,,0
600406.SH,600406,国电南瑞,10007164,通用,2012-09-30 00:00:00,三季报,2012三季报,058001001,2012-10-26 00:00:00,2013-10-26 00:00:00,CNY,0.22,0.21,0.22,2.1,0.012097482808,0.931620455543,-0.1,3432998733.0,1003914479.16,478100307.81,460088626.67,21.151967357577,16.95543198439,22.272133807148,3.611595151854,3.126606683277,3.022369684709,15.36,14.78,7.3390115475,13.916247173,29.2430774736,0.278548621471,0.250148925371,-0.044800210426,13.6566686736,1.70817719561,1.296987141199,-0.041866835001,52.5689142657,2.108321967584,1.108321967585,511.974495803025,154.923902463586,210.157113749237,0.527370019822,1.742791110387,1.284753083934,,,,,,,,,,,,,,,,,,,,,,,,,-15.384615384615,-11.5075955547,-89.760584488682,-14.65152375352,50.0,3.7837837838,-5.834520508431,-5.471042142019,2012,14.01620653901,-2.126943334561,,,,16.487309758908,19.758078683842,20.266931955532,-5.123893067898,-29.132022443458,-34.273410996902,-1.560671156167,2.178937040963,2.178937040963,0.355070810755,,,,10.716509889877,1.42136370972,9.44388543886,0.589868076386,25.19476982474,189.958416803246,365.072551834682,1.222961975518,0.308911658179,,89.7202576549,10.2797423451,185.309585195165,3.456266908,30.891165817941,-194366566.865151,103365496.313221,0.540879480298,0.265490004608,-0.329605446335,-0.321927383647,-0.426699617977,,,,,,,,,3676672790.97,,,,,,,,,0
600406.SH,600406,国电南瑞,10007164,通用,2012-06-30 00:00:00,中报,2012中报,058001001,2012-08-08 00:00:00,2013-08-23 00:00:00,CNY,0.14,0.14,0.14,1.99,0.012097482808,0.823839268217,-0.171937396435,2137745983.17,646651051.81,308286920.56,302745386.27,24.164537405516,15.466968707593,23.340916947137,6.459220950793,3.385639710011,6.097013288483,10.22,10.04,4.9365879168,14.4099033087,30.2491997132,0.45044123431,0.180847955961,-0.126719429335,13.3768288883,1.74000515871,1.303625436109,-0.081987857068,51.2361377508,2.050698927188,1.050698927187,525.420115929455,164.107741562183,210.006192733733,0.342583000808,1.096840394527,0.857117581424,,,,,,,,,,,,,,,,,,,,,,,,,-17.647058823529,-14.6142146769,-94.217950402326,-14.695455503067,-7.460872771875,-5.8064516129,-11.756039612282,7.620122217788,2012,9.195299480315,-5.429253418069,,,,29.131082674439,13.955027206101,22.80931856718,76.71596236664,248.955625624737,,-0.058833637109,1.356835311975,1.356835311975,0.227572547788,,,,7.338403717357,0.959205163079,5.883591641432,0.384695897525,24.528495151373,187.655370225708,374.124286083013,1.235500806276,0.321270399947,-25.72713375094,89.066419579,10.933580421,190.828964165782,4.1975057604,32.12703999469,-302089274.948098,144611223.867284,0.542564321735,0.17968880358,-0.874903329287,-0.879391253503,-0.752298602113,,,,,,,,,3307217051.19,,,,,,,,,0
600406.SH,600406,国电南瑞,10007164,通用,2012-03-31 00:00:00,一季报,2012一季报,058001001,2012-04-25 00:00:00,2013-04-18 00:00:00,CNY,0.04,0.06,0.04,2.86,0.118146224212,1.50762796567,-0.31,772541621.7,199320676.43,68667570.46,63354840.09,16.262500640529,21.072505846805,25.39183727432,2.318900196561,1.398216116987,0.838619440064,2.32,0.0,1.1155217493,8.7940605,25.8006391929,1.675742999013,0.06143203875,-0.421137083804,12.1489300221,1.746588964365,1.271081518563,-0.103632082319,51.0561391715,2.043157166338,1.043157166339,709.502477666125,217.446307629797,263.522481957939,0.126849451317,0.413895278246,0.341526837981,,,,,,,,,,,,,,,,,,,,,,,,,-20.0,33.6448598131,-43.531448730805,95.376140309206,-106.666666666667,4.0358744395,-12.00632236012,16.016568099804,2012,2.116733221982,0.748389708086,,,,16.262500640529,21.072505846805,,-57.701093663833,-84.602962161519,,6.466383516446,0.735502553071,0.735502553071,0.076338563463,,,,2.981637648399,0.406836685042,2.123170708146,0.142428338485,30.184754357502,221.218988623675,480.987018812233,1.206455261529,0.384954177915,,89.0849031047,10.9150968953,191.498523996027,5.3702565615,38.495417791537,-318706230.286205,9660439.13885363,0.624478882081,0.078379393005,-7.2930689324,-4.788880902104,-0.900905390098,,,,,,,,,3142575484.6,,,,,,,,,1
600406.SH,600406,国电南瑞,10007164,通用,2011-12-31 00:00:00,年报,2011年报,058001001,2012-02-02 00:00:00,2013-03-28 00:00:00,CNY,0.54,0.37,0.54,2.79,0.118146224212,1.442252622817,0.414473103411,4660016950.72,1462983066.69,854767556.66,822626453.87,53.487770517137,64.802179114733,79.605685217179,41.65668254755,39.823333085139,45.579488937505,29.08,30.39,15.7988167481,18.3726878716,31.3943722128,0.27912196552,0.344715210414,0.093421440345,12.5755753732,1.743223189195,1.328262336004,0.141458723107,51.1290975422,2.046207353882,1.046207353882,418.64955706718,136.469888426196,132.271315302453,0.85990775321,2.637944561629,2.721678537609,,,,,,,,,,,,,,,,,,,,,,,,,5.882352941176,-43.471031742,-92.536274652385,-26.378974771336,-42.461113694771,-4.1213320145,11.554807222953,12.712190524894,2011,27.867245661051,5.595004173533,,,,80.827059671024,80.81702697465,109.171084757786,64.254335213717,214.519371918658,239.157729674097,1.298980849779,4.436595088647,4.436595088647,0.924993610193,2370.0,1966251.87794093,360661.416312236,21.765224238932,2.917957228873,12.96441710602,0.96954581352,16.540146614068,123.373981098086,248.074848351396,1.267291860041,0.519377561351,25.869839898042,89.038496241,10.961503759,191.165390210899,6.6496975358,51.937756135104,168616027.912305,520274687.124952,0.872279196343,0.674626678593,0.524415273758,0.508479983975,1.187546832189,,,,,,,,,3080687360.7,,,,,,,,,0
600406.SH,600406,国电南瑞,10007164,通用,2011-09-30 00:00:00,三季报,2011三季报,058001001,2011-10-25 00:00:00,2012-10-26 00:00:00,CNY,0.26,0.36,0.26,2.37,0.118146224212,1.091549019402,-0.2,2833630198.4,841778061.64,408788458.73,376282487.55,39.858796582248,50.280952259027,53.029953359891,12.801462052285,8.177520093634,4.277115581456,14.8,0.0,7.7937388384,14.3491177494,29.7067013937,0.287749798961,0.205656473099,-0.073303060829,10.7040414388,1.612030321487,1.17814388277,-0.066516445927,55.6114395598,2.252832689511,1.252832689508,497.099257835834,169.558079841591,158.974501938788,0.543151082493,1.592374720522,1.698385569429,,,,,,,,,,,,,,,,,,,,,,,,,-3.703703703704,-4.048582996,,-11.412312085459,-25.0,-31.1307584923,-21.927248287423,-1.925100925195,2011,14.320801880053,-31.90582581038,,,,41.122316961142,40.081236886877,58.432517453868,5.174155308719,-32.566033129031,-32.883981689995,4.273136734273,2.697773410314,2.697773410314,0.434229557342,,,,12.60141031571,1.605389722945,8.137186257226,0.610571606298,21.426173200899,168.183461088003,303.415242124411,1.11095778388,0.412065599645,,89.5571886528,10.4428113472,176.785050987615,8.0102606995,41.206559964544,-8864282.32484388,544129206.094736,0.726520633046,0.366253787927,-0.492504054656,-0.510854131308,-0.603532662846,,,,,,,,,3125886013.46,,,,,,,,,1
600406.SH,600406,国电南瑞,10007164,通用,2011-06-30 00:00:00,中报,2011中报,058001001,2011-08-05 00:00:00,2012-08-08 00:00:00,CNY,0.17,0.23,0.17,2.33,0.209224819048,0.965762460928,-0.16,1721704141.81,521108311.3,266991438.34,245454139.44,72.977490120611,62.714004981306,50.298203734169,11.414563052874,14.924870058119,13.717286735018,10.85,0.0,5.5942501845,15.4469714379,30.2670068942,0.500105338566,0.140971289396,-0.148678083588,9.8148634649,1.86643086019,1.358691484302,-0.114684757257,47.6083251858,1.908700196255,0.908700196256,497.020112996677,170.923455554366,148.845536769587,0.362158382112,1.053102977682,1.209307339048,,,,,,,,,,,,,,,,,,,,,,,,,6.25,1.1040864228,,-9.732498121814,38.461538461539,-26.2907608696,-12.573486006973,-14.453697974035,2011,9.723196456262,-26.156775145903,,,,71.278919121703,61.136755775469,49.521541245717,59.105300306678,270.750927445387,,-7.305119519161,1.639158016041,1.639158016041,0.277655804917,,,,8.094748329578,1.206707768074,5.241213859344,0.409254093721,22.236639444649,149.166189828457,360.44938198368,1.273748682478,0.53882861865,-58.666489300417,88.73269962,11.26730038,206.257773752602,4.2599255074,53.882861865046,-51515228.5240951,394530716.684769,0.754670630933,0.276750224877,-0.974755732416,-0.962506366935,-0.840143464222,,,,,,,,,2235171723.2,,,,,,,,,0
600406.SH,600406,国电南瑞,10007164,通用,2011-03-31 00:00:00,一季报,2011一季报,058001001,2011-04-25 00:00:00,2012-04-25 00:00:00,CNY,0.05,0.05,0.05,2.14,0.209224819048,0.771654083904,-0.15,664480479.47,161027551.94,56716072.72,50525489.91,75.750562222814,68.841268435235,53.371745116054,5.457176717118,3.618610194041,3.708404388675,2.23,0.0,1.2677294315,8.435221249,24.2336015752,1.374322375863,0.145194142493,-0.242301052122,12.639769635,1.994019119594,1.441039069739,-0.090954482134,44.0076275378,1.785957543905,0.785957543904,598.842224162082,189.999746159305,171.412265232817,0.150290003558,0.473684843371,0.525049942475,,,,,,,,,,,,,,,,,,,,,,,,,66.666666666667,4.4004293102,,-5.319503290573,41.566030385664,-27.8550630864,-5.927241040694,-24.26177682111,2011,2.101009483243,-24.519128534007,,,,75.750562222814,68.841268435235,,-34.211058441635,-77.005129391696,,-16.062505307194,0.63262234084,0.63262234084,0.058728892512,,,,4.46397313834,0.600578924982,2.019888891719,0.170868625308,20.161411641797,149.855408267444,433.012383575391,1.374761495992,0.633377361159,,87.5965194156,12.4034805844,223.555544584466,2.4850984689,63.337736115928,-56756639.2902361,347359652.627697,0.748808057743,0.12348006418,-3.687368756354,-2.872491959228,-0.526783627051,,,,,,,,,1773306663.33,,,,,,,,,1
600406.SH,600406,国电南瑞,10007164,通用,2010-12-31 00:00:00,年报,2010年报,058001001,2011-01-29 00:00:00,2012-02-02 00:00:00,CNY,0.51,0.3,0.51,4.28,1.582939064736,1.959022736151,0.720335637385,3036083549.21,940936781.53,518662775.73,458018048.19,70.691916830408,107.726456971583,133.727853378353,12.011261465215,45.182904285288,45.5089372209,30.33,32.95,14.1623809331,16.9555131197,30.9917947342,0.349842784138,0.391763759268,0.124603112068,11.5449115288,1.948415431828,1.422398674097,0.173518638585,45.3625267188,1.830245690267,0.830245690268,430.999896973727,162.664194793277,120.370544617229,0.835267021008,2.213148384975,2.99076490137,,,,,,,,,,,,,,,,,,,,,,,,,4.081632653061,-7.0280882588,44760.493097579,-26.044305264936,9.141763240152,55.3790983607,41.378359283641,-20.528933832219,2010,26.390685694992,27.729467142972,,,,78.738230219972,210.051639840132,209.720085300538,28.18851558192,143.662133928494,156.888340892946,0.893660094589,5.78104050075,5.78104050075,1.107378137139,1873.0,1620973.59808329,276915.523614522,21.692462181206,3.163288940022,8.310851623702,0.972308388712,16.595626489643,113.805601330082,313.4913029026,1.26270621322,0.696725396495,44.181422520915,88.2578137042,11.7421862958,217.139736192453,2.4867228758,69.672539649531,40285011.9265447,-1000262852.92532,0.988018153555,0.623237778573,0.8020848764,0.734882578832,1.073812803184,,,,,,,,,2183343708.2,,,,,,,,,0
600406.SH,600406,国电南瑞,10007164,通用,2010-09-30 00:00:00,三季报,2010三季报,058001001,2010-10-28 00:00:00,2011-10-25 00:00:00,CNY,0.27,0.48,0.27,2.47,,1.232167861131,-0.16,2026065051.07,577212035.25,272016148.81,245888127.97,66.945381422059,59.882260116288,92.896905765619,9.374766948816,9.14097499565,11.046257242223,21.49,0.0,9.9826618986,13.2229151605,28.4893140497,0.302613192047,0.248481244501,-0.060162336,11.8794307723,1.480964392233,0.938475280517,-0.073993146643,56.7030301172,2.309630449214,1.309630449215,357.638787091088,152.83027531201,119.702324066169,0.754951671199,1.766665665221,2.255595303653,,,,,,,,,,,,,,,,,,,,,,,,,-18.181818181818,-35.1706036745,,-42.454581286234,83.157894736842,,46.083834623173,-5.675138801289,2010,21.03087679744,46.886687570308,,,,69.233278151583,82.698032409391,47.399151258286,27.6489504192,-22.430077773847,-36.658896410519,-9.614703701255,3.971742043186,3.971742043186,0.599494305183,,,,15.995113583949,2.362623087605,5.885397684151,0.913292325426,16.880155216337,114.279760244661,338.709026388458,0.877777589041,0.177039989336,,83.8152565995,16.1847434005,172.980225932581,5.1532729012,17.703998933575,-90855243.9462798,55748087.3749493,0.711414858979,0.495185820074,-0.48033805592,-0.454985419399,-0.392979850966,,,,,,,,,1650495652.1,,,,,,,,,1
600406.SH,600406,国电南瑞,10007164,通用,2010-06-30 00:00:00,中报,2010中报,058001001,2010-08-31 00:00:00,2011-08-05 00:00:00,CNY,0.16,0.16,0.16,2.3,,1.069889429566,-0.26,995334214.07,324999475.3,164086329.49,163311425.78,33.060843255976,43.019871894661,115.40677976475,8.85043903055,15.12901127903,52.582874744561,14.72,14.66,6.3988027533,16.4354458118,32.652296154,0.69180484019,0.174249808434,-0.131019652752,10.9237172693,1.486707053141,0.929847254679,-0.088399207867,55.652113602,2.254898894224,1.254898894225,462.333402074623,210.526000337807,150.354748211681,0.389329430217,0.85500128113,1.197168710273,,,,,,,,,,,,,,,,,,,,,,,,,-27.272727272727,-42.9229027354,,-45.115340586567,0.0,62.8318584071,25.676884044067,17.144920342835,2010,13.167350796872,32.191336895776,,,,35.932838647315,42.249077487425,206.543797111221,63.259122167039,288.477827806365,,-3.150434584697,1.951176613483,1.951176613483,0.359731663883,,,,9.054044925987,1.363337720915,2.895638495099,0.475055822913,19.880617058058,132.028914947936,360.704914638383,0.884496318598,0.173311329063,-46.175321542384,82.5624880686,17.4375119314,176.283709195168,5.6466598347,17.331132906331,-146170499.165362,49368959.7473416,0.669488572381,0.250849054305,-0.825794374001,-0.79717735833,-0.421840578143,,,,,,,,,1478363720.26,,,,,,,,,0
600406.SH,600406,国电南瑞,10007164,通用,2010-03-31 00:00:00,一季报,2010一季报,058001001,2010-04-26 00:00:00,2011-04-25 00:00:00,CNY,0.03,0.0646,0.03,2.0498,,0.815008487199,-0.2567,378081566.89,109155962.88,33591356.69,32943153.82,28.624150753519,46.095198719327,13.910040468522,4.64243139829,3.998491382569,-5.199400601044,3.091,0.0,1.3476052425,8.8261852104,28.8710089143,2.083679861465,0.111635724077,-0.349707344522,8.4406796186,1.408955810481,0.834866152232,-0.091368250185,58.1049114842,2.386914637077,1.386914637079,589.457983616157,263.933469828553,180.750745227431,0.152682638121,0.34099502446,0.497923258279,,,,,,,,,,,,,,,,,,,,,,,,,-33.481152993348,-47.0335917313,,-54.320809787659,49.666666666667,,27.824966161747,25.979603030316,2010,2.783499239526,37.968268058956,,,,28.624150753519,46.095198719327,,-33.092680709155,-57.773372552273,,-10.302308421647,0.741162014604,0.741162014604,0.070149499902,,,,3.449536141551,0.585093924285,1.082917929573,0.187352249231,26.090464429668,153.82145714465,446.038467817053,0.783211786876,0.174436573892,,81.6898265945,18.3101734055,168.713336959037,6.0098953672,17.443657389217,-137088278.839404,34766612.6628592,0.617888739675,0.093599049139,-6.067180741243,-3.962157332835,-0.413265580636,,,,,,,,,1450231025.68,,,,,,,,,1
600406.SH,600406,国电南瑞,10007164,通用,2009-12-31 00:00:00,年报,2009年报,058001001,2011-01-29 00:00:00,2011-01-29 00:00:00,CNY,0.49,0.19,0.49,4.12,0.00352858151,2.648913979064,0.66,1778692046.81,546365933.78,249685467.75,195962116.44,29.20511495911,44.241696213521,70.586925669094,30.19106889837,39.942914744951,46.343789052059,19.52,18.68,10.0173612177,14.0381723074,30.7172866017,0.491205736174,0.384586200094,0.082735891389,10.5091094072,1.427449369917,0.893868906863,0.105181887667,57.0805563663,2.329946325807,1.329946325807,504.498332528667,202.672409968308,134.981569806192,0.713580158324,1.776265452492,2.667030769585,,,,,,,,,,,,,,,,,,,,,,,,,-27.941176470588,11.0878661088,-99.513637454838,3.834879892525,-19.512195121951,31.5363881402,21.59728582629,10.250862236523,2009,20.661391834863,29.138189426104,,,,33.923133250594,42.055183094666,61.372728388648,21.371699197285,43.577993860517,22.25595049487,-3.255326262195,6.973622076413,6.973622076413,1.085811427507,1762.0,1009473.35233258,141705.713819523,17.139572279269,2.792463518411,6.375357970206,0.859239317212,21.004024729102,128.918425478608,295.91480376038,0.832402992233,0.26086796213,52.996832084047,81.2969772023,18.7030227977,171.69116995722,4.0799697651,26.086796213011,-29295862.2072314,427717116.87083,0.979805122902,0.709415055262,0.718767907027,0.58936369762,0.388976981544,,,,,,,,,1402259095.59,,,,,,,,,0
600406.SH,600406,国电南瑞,10007164,通用,2009-09-30 00:00:00,三季报,2009三季报,058001001,2010-10-28 00:00:00,2010-10-28 00:00:00,CNY,0.33,0.4998,0.33,3.81,0.304198350271,2.141209306791,-0.95,1213609525.35,382527958.83,170135291.19,127471266.06,27.119901760049,45.287305451549,75.986082562952,9.088896605445,20.766006454016,-3.128783196168,,13.12,6.8335157852,13.9751927607,31.5198546847,0.457610486841,0.175718435828,-0.201877515076,11.053396453,1.368682105545,0.868078690677,-0.167683697551,60.1146181363,2.507184219565,1.507184219568,552.175799985686,222.936284404282,156.275520077939,0.488974706981,1.211108369916,1.727717814443,,,,,,,,,,,,,,,,,,,,,,,,,-28.260869565217,2.144772118,-61.355765332442,32.010652142481,-58.333333333333,,1.195096423184,39.682139273705,2009,14.317755506178,23.002171841563,,,,29.099356187097,27.325207800072,130.177371740341,2.531159180703,-39.60389320058,31.729540107805,-4.756352253996,4.758133479769,4.758133479769,0.738510764487,,,,14.731261338802,1.606756144483,6.851668627099,0.585895409148,18.328369430852,168.040434092677,333.31252206531,0.830488238002,0.217003501897,,82.1168940727,17.8831059273,162.799448508369,5.0507858129,21.700350189745,-73150240.3998628,407583310.473706,0.797250531625,0.397308296931,-1.642542618402,-1.444541900298,-1.403269698933,,,,,,,,,1463950027.71,,,,,,,,,1
600406.SH,600406,国电南瑞,10007164,通用,2009-06-30 00:00:00,中报,2009中报,058001001,2010-08-31 00:00:00,2010-08-31 00:00:00,CNY,0.22,0.15,0.22,4.0376,0.725504368109,1.949341475378,-0.26,748029389.95,252193978.03,114729741.62,75815360.11,63.16899927355,113.575014808393,57.640805404892,10.126355975228,18.766703944282,2.912264092415,9.04,6.94,5.091471516,15.2822713326,33.7144477768,0.607962433629,0.273649338729,-0.088053458574,7.3631884628,1.704440192615,1.112004981886,-0.07088856325,47.5070651285,1.905018270455,0.905018270455,540.277762773314,216.26615276502,141.207246216258,0.33316196298,0.832307773078,1.274722118186,,,,,,,,,,,,,,,,,,,,,,,,,4.463437796771,11.5672556379,-7.834605189128,28.697582450748,63.380281690141,56.6724436742,61.029279632211,11.628371130577,2009,9.960827317492,78.713278459585,,,,66.470273987502,107.359942723683,10.12957644309,54.481184608994,298.981465847754,,3.223821154537,2.932758527209,2.932758527209,0.48381643131,,,,9.110399096239,1.157723314573,4.379232695675,0.401445507678,19.757641580631,155.477563364429,367.384488797848,1.057787046704,0.392010516675,-147.110271493154,80.7242165928,19.2757834072,206.627396278967,1.1723600264,39.201051667508,-53162569.9253024,283272154.249962,0.925898545826,0.353032940108,-0.649997790499,-0.576180442405,-0.406668884968,,,,,,,,,932019578.73,,,,,,,,,0
600406.SH,600406,国电南瑞,10007164,通用,2009-03-31 00:00:00,一季报,2009一季报,058001001,2010-04-26 00:00:00,2010-04-26 00:00:00,CNY,0.0451,0.0327,0.0451,3.87,0.725504368109,1.784200821885,-0.51,293942906.27,94611445.6,22992786.2,28920324.92,58.318870765522,142.584276468792,205.162693520119,2.702484770915,-0.556338169215,16.925587084305,0.0,0.8448,1.0542582431,7.82219462,32.1870144106,1.672393066558,0.26153106981,-0.313696662254,15.7336525791,1.74443206026,1.182527546211,-0.109423238775,46.1224754536,1.85606151808,0.85606151808,667.76572095269,251.606380716129,167.192316797219,0.134777807809,0.357701580317,0.538302248118,,,,,,,,,,,,,,,,,,,,,,,,,21.236559139785,5.737704918,-8.996150420474,15.765698075731,-45.714285714286,,85.849932864874,4.935449500897,2009,2.017492339859,111.252773608024,,,,58.318870765522,142.584276468792,,-30.336272120477,-58.941078514967,,3.416193570895,1.152446115698,1.152446115698,0.105943738022,,,,3.158021818282,0.509223258722,1.715952688915,0.162714580504,28.498853136157,176.739766808518,474.552131728028,1.102111961369,0.468003608863,,80.1850969125,19.8149030875,212.587445179456,1.2545966344,46.800360886295,-55691982.0952052,224884649.615031,0.724936041233,0.116235545418,-5.470046167392,-4.010340799411,-0.56590515278,,,,,,,,,845544222.22,,,,,,,,,1
600406.SH,600406,国电南瑞,10007164,通用,2008-12-31 00:00:00,年报,2008年报,058001001,2010-01-28 00:00:00,2010-01-28 00:00:00,CNY,0.68,0.23,0.68,3.84,0.725504368109,2.551083009684,0.82,1376642130.13,437096009.79,173102143.35,114875226.03,27.286881590405,21.568598111753,-6.047850651438,-4.821834670597,-20.004361148522,-18.665008430554,14.84,12.03,8.2381454073,12.9649235879,31.7508813818,0.503169819338,0.527928488874,0.151757380213,8.8174403366,1.640510286073,1.149804123062,0.159930075388,51.7733423652,2.0735419974,1.073541997402,566.556216346166,180.476377654208,147.147777783109,0.635417968444,1.994720886352,2.44652012707,,,,,,,,,,,,,,,,,,,,,,,,,17.241379310345,9.3821510297,-8.996150420474,69.613538129895,82.222222222222,-13.7209302326,-9.664008794052,11.374779872149,2008,15.999443639936,3.913035739054,,,,3.715985425819,-25.883511434662,-38.314209049601,17.000012211363,28.690115387237,74.382336132738,10.316626288381,5.397326629538,5.397326629538,0.767426661295,1210.0,1137720.76870248,143059.622603306,17.448964302001,2.318165226013,7.896141117208,0.762978892368,20.631597026004,155.295229158088,334.801373118194,1.010530506148,0.514967647479,86.572683557372,84.7489566179,15.2510433821,189.926409842828,1.1816288788,51.496764747946,23169694.5795025,-58892127.9999342,1.109540752465,0.60405847472,1.598849037425,1.170522750749,1.162840817938,,,,,,,,,1309156407.62,,,,,,,,,0
600406.SH,600406,国电南瑞,10007164,通用,2008-09-30 00:00:00,三季报,2008三季报,058001001,2009-10-15 00:00:00,2009-10-15 00:00:00,CNY,0.46,0.28,0.46,3.73,0.787176542343,1.621997370697,-0.6,954696714.32,315946547.78,117102654.4,72432583.42,41.499574614095,75.212987768267,35.475724543844,3.361745084515,1.551092742109,3.827512431406,,7.62,6.7528131567,12.5552484095,33.0939179994,0.317000236296,0.232164374471,-0.156889253418,6.8726403007,1.842086011335,1.344389847177,-0.200049311156,43.0367249878,1.755517041086,0.755517041085,502.000720572582,142.378908095433,154.43126383499,0.537847833549,1.896348297734,1.748350646722,,,,,,,,,,,,,,,,,,,,,,,,,76.923076923077,12.3493975904,-0.000664458348,30.053662096428,-87.5,,50.940115533717,-8.577510649694,2008,11.640246096321,52.107324801967,,,,38.54862943796,74.180635870285,27.213658550698,32.211272504966,-1.639797310787,-36.973307378446,21.752788792484,3.743027971144,3.743027971144,0.492422921705,,,,10.880011590576,1.920918642004,5.711114665805,0.671181605767,24.816150033688,140.557748827052,368.508936725223,1.250976669201,0.404324447701,,79.0079475604,20.9920524396,228.61681882816,1.3175501279,40.432444770055,-165690513.806533,82257799.7200548,0.810569913558,0.443297435696,-1.586793122604,-1.249590994148,-0.906110584085,,,,,,,,,751276671.6,,,,,,,,,1
600406.SH,600406,国电南瑞,10007164,通用,2008-06-30 00:00:00,中报,2008中报,058001001,2009-07-23 00:00:00,2009-07-23 00:00:00,CNY,0.2106,0.1886,0.2106,3.619,0.787176542343,1.514668293108,-0.71,458438424.75,149732863.57,53718709.43,48093740.65,10.626239923634,28.354654375172,40.079793042352,0.058395752656,6.353979467189,5.88397351175,5.77,5.21,3.1618296546,12.0195457634,32.6614994482,0.777682810826,0.027061511885,-0.395035209382,0.4396283962,1.84718124521,1.355522083242,-0.254039407623,42.5582355519,1.740893598252,0.740893598251,684.261479518737,189.944058672909,211.421565705641,0.26305733318,0.947647435027,0.851379561963,,,,,,,,,,,,,,,,,,,,,,,,,28.336380255942,12.7414330218,2.050829384721,31.448957490718,-61.363636363636,14.9402390438,13.540855040913,-10.781183995351,2008,5.57363582793,11.368088109345,,,,0.241402976282,26.312724050969,24.339433033993,46.916840562491,366.756640389839,,18.99200014247,1.797374832392,1.797374832392,0.216990241237,,,,5.662340638549,1.038874718399,2.697925396296,0.329524151096,31.788974116919,173.264395419494,401.370057392125,1.26916572872,0.387724137068,833.16726256829,78.3322468912,21.6677531088,230.950566918678,1.3681798295,38.77241370679,-204551980.901588,71970407.000004,0.834332131471,0.227528250968,-5.607413715629,-3.286606808254,-1.060191814741,,,,,,,,,715431843.5,,,,,,,,,0
600406.SH,600406,国电南瑞,10007164,通用,2008-03-31 00:00:00,一季报,2008一季报,058001001,2009-04-13 00:00:00,2009-04-13 00:00:00,CNY,0.0372,0.0372,0.0372,3.66,0.797223822356,1.541217175331,-0.35,185665110.45,57785975.09,9478267.32,9477018.5,30.486757664188,38.829981357613,189.321470062935,4.010861720789,1.861794886204,5.071906915648,,1.0164,0.5672631821,5.4158376583,31.123766307,2.166843228407,0.122264420628,-0.480741451227,14.1501914581,1.810355750865,1.372213815174,-0.117044901624,43.9531880532,1.784222804589,0.78422280459,859.25793294266,223.505182387694,249.401287627782,0.104741540985,0.40267522676,0.360864215482,,,,,,,,,,,,,,,,,,,,,,,,,16.981132075472,14.0186915888,-10.870923752758,49.127083613959,-9.375,,22.739561402567,1.742227392404,2008,0.955013420843,40.2280659638,,,,30.486757664188,38.829981357613,,-54.362722835727,-87.455316028522,,20.878688003698,0.727927195366,0.727927195366,0.043702472203,,,,2.561667674913,0.409277934499,1.102433064478,0.130466904713,35.133362879738,219.899467852255,472.867991431899,1.303547537285,0.548985151456,,79.3054069335,20.6945930665,223.730834482376,1.3212266908,54.898515145629,-117043585.489469,5648259.83139923,1.043632050418,0.111308213096,-29.33852749061,-8.87658533291,-0.531923564714,,,,,,,,,765139950.83,,,,,,,,,1
600406.SH,600406,国电南瑞,10007164,通用,2007-12-31 00:00:00,年报,2007年报,058001001,2009-02-17 00:00:00,2009-02-17 00:00:00,CNY,0.58,0.48,0.58,3.62,0.797223822356,1.504056243276,0.45,1081527108.63,311280720.71,142390507.12,122269928.71,20.514310447852,23.55680671634,10.490500737901,4.699754544853,7.116530371075,,17.2,13.96,9.119449842,13.7736881694,28.7815920864,0.379945520478,0.475215254143,0.129973308998,10.5362374823,1.752631629432,1.39265297862,0.168098439956,46.4856966942,1.868659289621,0.86865928962,543.731017425301,125.769139997662,144.342661421353,0.662092079471,2.862387386975,2.494065139544,,,,,,,,,,,,,,,,,,,,,,,,,7.407407407407,14.6981627297,-37.391709625839,23.326831177674,-38.356164383562,14.4377910845,-0.001827931023,10.16693089762,2007,15.396955277213,9.309967124804,,,,13.55014847947,14.312569388606,,56.294049268836,202.433730499912,259.62601150565,-5.589042014258,4.240285064808,4.240285064808,0.622357092802,1098.0,984997.366693989,129681.700473588,24.469714144844,2.690248670895,11.697545822643,0.814680261538,14.712063977088,133.816625910732,270.109229721774,1.335878776079,0.639923594749,138.247909249748,81.2243266952,18.7756733048,211.523903848061,1.2746630849,63.992359474923,-69548750.5631331,5149691.28091416,1.195670970641,0.716665779088,1.243342344933,0.943634757808,0.831637093695,,,,,,,,,838787156.11,,,,,,,,,0
600406.SH,600406,国电南瑞,10007164,通用,2007-09-30 00:00:00,三季报,2007三季报,058001001,2008-10-24 00:00:00,2008-10-24 00:00:00,CNY,0.26,0.2096,0.26,3.32,0.787181772838,1.24717546938,-0.32,674699352.93,183391651.9,66834460.1,53465359.69,25.142224762651,35.989060208145,,6.423599699135,8.209264647806,,,6.32,4.4738359533,10.3898830606,27.1812402226,0.423245114376,0.255879247535,-0.121586151408,6.8288656927,1.720790834044,1.29636851987,-0.104806094573,47.074549483,1.889450142099,0.8894501421,627.038732678833,156.447813125182,182.208489932196,0.430595409707,1.725815111164,1.481818987142,,,,,,,,,,,,,,,,,,,,,,,,,12.456747404844,-6.4788732394,-38.790959078395,27.987287030432,-134.773667191954,,6.20500184443,20.28895115365,2007,7.652653224607,22.090068146689,,,,31.498029339126,67.692090847766,,-4.343741984746,-28.670916386295,-38.39731271113,-11.143783007988,2.645257401905,2.645257401905,0.283113503842,,,,26.783694211389,1.559414094553,7.570453955695,0.532016027595,10.080760251705,173.141951802991,338.660007660295,1.269272682533,0.49640611939,,80.595060626,19.404939374,208.706362051711,1.3762594396,49.640611939047,-162672330.942683,46555319.9750465,0.961793239214,0.388297405155,-2.101534119002,-1.170235994944,-0.505267237984,,,,,,,,,786708237.53,,,,,,,,,1
600406.SH,600406,国电南瑞,10007164,通用,2007-06-30 00:00:00,中报,2007中报,058001001,2008-08-13 00:00:00,2008-08-13 00:00:00,CNY,0.1641,0.1346,0.1641,3.21,0.771357319768,1.152286272955,-0.44,414402970.82,113747330.8,41851781.45,34333103.73,21.454898241407,22.198579326766,4.270203972807,7.610541142327,6.279703730188,,5.02,4.2,2.7847506111,10.4023395138,27.4484834351,0.65110590927,0.149237514001,-0.272893153677,1.8621505417,1.702139016175,1.267916657976,-0.1467296418,47.7009642783,1.91208114299,0.912081142988,672.383769301511,171.172742224199,189.376165351071,0.267704260897,1.051569295795,0.950489200509,,,,,,,,,,,,,,,,,,,,,,,,,1.862197392924,-8.0229226361,-40.021424047155,26.604889156661,-120.0,13.0630630631,-5.24082281167,23.424271274834,2007,5.004697416066,5.052688444475,,,,33.737508626598,26.141807039314,,91.245349746371,413.010990545306,,-10.108709875655,1.62472740069,1.62472740069,0.172216592606,,,,18.233709000682,0.965977083165,4.626122098115,0.331341979739,9.87182585799,186.3398243468,360.541758066514,1.245211383302,0.507696684682,-419.706187162501,80.3168584869,19.6831415131,206.266963463386,1.4081271734,50.769668468202,-149022814.768694,52404137.5199808,0.891048301703,0.226067509743,-5.492907642247,-2.623382493086,-0.692641420088,,,,,,,,,779135719.48,,,,,,,,,0
600406.SH,600406,国电南瑞,10007164,通用,2007-03-31 00:00:00,一季报,2007一季报,058001001,2008-04-15 00:00:00,2008-04-15 00:00:00,CNY,0.0318,0.0,0.0318,3.21,0.894459873167,1.033492466949,-0.32,142286553.65,36635849.69,6827248.14,3275601.53,3.309425844705,5.310134949732,,0.5078994906,0.298721661074,,,0.3997,0.4621681678,4.8175432563,25.7479352407,2.001115682726,0.064056573908,-0.569639906237,12.9535536468,1.86443308546,1.418060911376,-0.127419484877,43.2005364731,1.76058000887,0.760580008869,938.140969719355,221.952007397491,230.563471863111,0.095934409545,0.40549306607,0.390348042874,,,,,,,,,,,,,,,,,,,,,,,,,4.262295081967,-7.225433526,-30.449315687242,17.062349360814,-28.553402542099,,-24.802962459442,20.216575157542,2007,0.681042995408,-26.380618160282,,,,3.309425844705,5.310134949732,,-60.286241370651,-89.670710584814,,-4.239843307945,0.557855224849,0.557855224849,0.026689479495,,,,3.360819493177,0.382569818368,1.729073721063,0.119797072499,26.779182929261,235.25117685428,452.540064505061,1.343555160559,0.700780641492,,78.8688653021,21.1311346979,227.640398507318,0.0,70.078064149196,-100283177.23858,10113536.6445053,0.924037623214,0.087434712142,602.647678167558,-11.824282127435,-0.545094476246,,,,,,,,,649619077.1,,,,,,,,,1
600406.SH,600406,国电南瑞,10007164,通用,2006-12-31 00:00:00,年报,2006年报,058001001,2008-01-25 00:00:00,2008-01-25 00:00:00,CNY,0.54,0.52,0.54,3.81,1.273351847801,1.219569358033,0.73,897426292.87,273584317.33,115242948.49,110661032.3,19.777464250565,12.26468691833,7.795793032123,9.236384964049,21.648102540724,,15.03,13.65,9.1196165423,13.6264266895,30.4854359075,0.333849303615,0.462477511465,0.173158268623,12.7032207736,1.933772229444,1.548219107276,0.252631909518,42.1956900455,1.729974807739,0.729974807739,537.90788082577,140.424539187154,124.112386020461,0.669259575538,2.563654487199,2.900596882737,,,,,,,,,,,,,,,,,,,,,,,,,12.5,11.0787172012,-0.987741270156,42.601463492624,69.767441860465,1.8292682927,-0.757131543791,11.13503425056,2006,14.085591352921,4.170844425822,,,,26.87014919679,44.986346320417,,80.998085440638,343.65851350967,,-5.474133342019,4.222189098424,4.222189098424,0.614464166173,615.0,1459229.74450407,187386.908113821,20.135729646662,3.011015623003,58.311511749506,0.774059515936,17.878666744003,119.560987080153,264.534298898648,1.523055292003,0.894581892557,,81.3267391072,18.6732608928,232.980474570126,0.0,89.45818925569,99098563.1313273,96289761.9472604,1.044866400004,0.641111804825,1.319820020405,1.270753313168,9.781026394888,,,,,,,,,617154461.52,,,,,,,,,0
600406.SH,600406,国电南瑞,10007164,通用,2006-09-30 00:00:00,三季报,2006三季报,058001001,2007-10-20 00:00:00,2007-10-20 00:00:00,CNY,0.2312,0.0,0.2312,3.55,1.286054741237,0.97445261816,-0.136301487227,539146043.0,164925523.57,49146938.73,,15.487033556994,-13.875731296005,,5.322537458852,-3.466515522388,,,0.0,4.2124531572,9.8039795091,30.5901389264,0.417355874594,0.304023211926,-0.053734756076,13.9012015031,2.311137385219,1.797131758721,-0.057578786118,39.1345581049,1.642968438023,0.642968438022,628.392617957678,183.313815016741,153.439026485663,0.429667682726,1.472884081188,1.75965662833,,,,,,,,,,,,,,,,,,,,,,,,,,10.248447205,0.0,32.116358507488,-690.846098893291,,-21.450360574193,4.603807575086,2006,6.268039113069,-19.888655835618,,,,26.540534132996,-18.589865187232,,-2.714666555869,-46.344640012514,,-4.783050839085,2.536561011527,2.536561011527,0.26747312557,,,,5.193781903542,1.90816334088,34.964008101077,0.470434268965,51.985240238113,141.497320599128,336.747078441244,1.602589936677,0.819454995098,,90.1193607885,9.8806392115,252.666603660387,0.0,81.945499509795,-147055427.785197,-18746316.2462476,0.864877541167,0.36137173637,-0.568643151569,-0.548091272795,-1.816673081986,,,,,,,,,504971995.09,,,,,,,,,0
600406.SH,600406,国电南瑞,10007164,通用,2006-06-30 00:00:00,中报,2006中报,058001001,2007-08-14 00:00:00,2007-08-14 00:00:00,CNY,0.1611,0.0,0.1611,3.49,1.286054741237,0.91014358184,-0.2,341199059.75,104185808.51,34248991.83,32927051.47,9.916776712917,-11.650337020368,-15.068533419089,0.661935591761,-5.040780707048,,4.44,0.0,2.9387661372,10.656388135,30.5351980121,0.70810285851,0.229703028981,-0.125854783162,16.0127457165,2.357459870477,1.810228818801,-0.08885080899,38.6479610417,1.6299376793,0.629937679299,652.705855019985,195.178970984358,158.054739647874,0.275775065622,0.922230499998,1.138845949201,,,,,,,,,,,,,,,,,,,,,,,,,-10.5,11.5015974441,0.0,39.705121746685,-730.646368416436,-21.9683655536,-19.832542163297,-0.247829919546,2006,4.763987947544,-18.443734992702,,,,2.586114065056,-15.797960084384,,47.73302928,328.289858160857,,-4.915825862621,1.605264924724,1.605264924724,0.203677644225,,,,4.160154757754,1.304765137908,23.09218034029,0.300797989706,43.267621153873,137.955862530634,353.246543120074,1.670024618004,0.903092186914,,90.7692001738,9.2307998262,255.524637387742,0.0,90.309218691358,-90835038.9384888,15856700.7499811,0.81814869799,0.222391459045,-1.210844477788,-1.181026643996,-2.929521802384,,,,,,,,,485119298.77,,,,,,,,,0
600406.SH,600406,国电南瑞,10007164,通用,2006-03-31 00:00:00,一季报,2006一季报,058001001,2007-04-16 00:00:00,2007-04-16 00:00:00,CNY,0.0305,0.0,0.0305,3.46,1.286054741237,0.882856420183,-0.248923788614,137728530.08,37032367.07,6482992.49,,22.890030368336,11.972071172737,,3.423970032856,0.675248931076,,,0.0,0.6146095417,5.3782253798,26.8879418436,1.74275101666,0.109237582811,-0.384152442775,12.7870081679,2.55422047761,1.954972092469,-0.124129991832,35.935590759,1.56092908972,0.560929089719,787.55738613484,225.654446610581,178.05658464324,0.114277386746,0.398839913646,0.505457297074,,,,,,,,,,,,,,,,,,,,,,,,,,8.8050314465,0.0,26.723616368249,-64.485516013146,,8.786637372781,2.911573884192,2006,0.925086544316,32.383803269475,,,,22.890030368336,11.972071172737,,-51.229130921271,-85.779090178653,,-9.881932733641,0.647981792896,0.647981792896,0.038175219572,,,,2.083895302439,0.601912527107,9.434688181449,0.124193343611,43.188350151119,149.523387447294,403.718574119986,1.836993864405,1.100318378149,,91.3971624425,8.6028375575,274.350673651005,0.0,110.031837814879,-71670404.9713453,-391397.627935303,0.781021659764,0.090304737818,-11.026022552531,-7.14273604481,-3.699043499298,,,,,,,,,428056645.06,,,,,,,,,0
600406.SH,600406,国电南瑞,10007164,通用,2005-12-31 00:00:00,年报,2005年报,058001001,2007-02-06 00:00:00,2007-02-06 00:00:00,CNY,0.48,0.0,,3.43,1.286054741237,0.855229201835,0.43,749244691.8,241638102.23,102652892.6,102658025.13,57.96375884029,21.149783623655,21.169094668419,16.480545894832,11.43753594646,,14.76,0.0,9.1891908045,14.1152605133,32.2508927824,0.35561969611,0.444698983665,0.121736011837,6.7894266087,2.449055121848,1.907910260002,0.197808331392,37.9679462287,1.612069791671,0.612069791671,552.985991141989,166.298971945826,111.765535806764,0.651011066766,2.164775859933,3.221028713381,,,,,,,,,,,,,,,,,,,,,,,,,20.0,8.8888888889,0.0,27.819216478303,-23.214285714286,10.4790419162,2.142610385159,4.514621283605,2005,13.521625393899,13.818537973776,,,,60.098961475728,30.058091643402,,80.52784326108,149.115177479082,149.075668438036,-11.017927406416,3.525027954834,3.525027954834,0.497651187391,554.0,1352427.24151625,185294.029963899,18.617555515973,3.063913934754,52.341219517042,0.695476745581,19.336587968873,117.496772972804,278.063649649508,1.8064778327,1.166151217264,747.746029431054,92.6200168392,7.3799831608,259.497021948039,0.0,116.615121726367,-55586610.5450237,-13697432.5568473,1.159442608773,0.712493754097,0.940194530605,0.862442543814,6.124422898502,,,,,,,,,462923230.73,,,,,,,,,0
600406.SH,600406,国电南瑞,10007164,通用,2005-09-30 00:00:00,三季报,2005三季报,058001001,2006-10-27 00:00:00,2006-10-27 00:00:00,CNY,,0.0,,3.22,1.286054741237,0.737571508304,-0.017234894048,466845520.57,149982429.15,57065144.9,57071318.5,56.69957965523,14.864554804443,,10.254132092927,0.602030884614,,,0.0,5.3627912082,12.7334661169,32.1267791039,0.470582960659,0.380064929944,-0.007846871328,6.5364471683,2.477370036318,1.835744879272,-0.008631394088,37.4121736217,1.59775479972,0.597754799721,641.090752576883,209.51495104939,129.254370644572,0.421157221368,1.288690848303,2.088904217734,,,,,,,,,,,,,,,,,,,,,,,,,,-17.0103092784,-34.779981320726,-2.845562307891,-134.643539367086,,-9.677015741372,46.79773477142,2005,7.82415921047,8.887077505451,,,,61.925687257974,3.105898636645,,-21.131008479328,-44.504566000983,-44.509445604659,-9.454900871379,2.196403296024,2.196403296024,0.278393317619,,,,24.23155068436,1.801636163584,32.84366239398,0.449585287688,11.142497792115,149.863776858746,338.768094804249,1.79287864682,1.075286136787,,92.683797924,7.316202076,262.789167832553,0.1763007482,107.528613678686,-122732751.632496,-3217767.56843835,1.072024343532,0.441165968127,-0.067990952087,-0.061624001321,-0.249339074202,,,,,,,,,424413100.92,,,,,,,,,1
600406.SH,600406,国电南瑞,10007164,通用,2005-06-30 00:00:00,中报,2005中报,058001001,2006-08-01 00:00:00,2006-08-01 00:00:00,CNY,0.18,0.0,,3.13,1.286054741237,0.651474742272,0.031713494284,310415816.36,99686498.88,38765277.28,38768966.08,54.191743835248,21.400361723766,21.411913857163,14.544331250086,5.694761959626,,5.69,0.0,3.6657843675,13.0535808597,32.1138594189,0.657668767249,0.398527628877,0.021715076535,7.9217873492,2.412984019493,1.821530549802,0.01542116379,38.7439802167,1.632492616297,0.632492616297,640.966385151074,204.137117598176,129.010553190881,0.280825959317,0.881760270341,1.395234696294,,,,,,,,,,,,,,,,,,,,,,,,,,-16.976127321,-34.779981320726,0.131362177207,-81.735934870463,,-3.766219594804,39.21625313585,2005,5.841351301605,11.82150511078,,,,59.615170059938,17.593282235659,,76.972454996321,469.540863007698,,-5.202528996507,1.460436680122,1.460436680122,0.207040598918,,,,19.302835358637,1.192131812478,22.412302559828,0.298464186679,9.325054928755,150.990014791944,333.141681631192,1.789640731381,1.152412490966,71.116256936277,93.4886051144,6.5113948856,253.463657878239,0.1772744612,115.241249096595,-48040863.3292219,23504051.8499844,0.954762403396,0.262697130434,0.175580617916,0.166353407303,0.482717143967,,,,,,,,,437107296.31,,,,,,,,,0
600406.SH,600406,国电南瑞,10007164,通用,2005-03-31 00:00:00,一季报,2005一季报,058001001,2006-04-18 00:00:00,2006-04-18 00:00:00,CNY,,0.0,,3.18,1.286054741237,0.69667868191,-0.151334776853,112074616.36,33438974.65,5789829.93,5786141.13,45.445804785649,48.845856970334,,7.383013205147,2.242374989094,,,0.0,0.5649678642,5.4218318629,29.8363498677,1.862238631534,0.33363248561,-0.287007066049,6.8683651468,2.687996234649,2.042983878885,-0.086207019275,34.9189011524,1.536544431036,0.536544431037,863.703758303217,263.306578090215,166.571122285888,0.104202394785,0.341806880226,0.540309741358,,,,,,,,,,,,,,,,,,,,,,,,,,-43.2142857143,-62.807211740707,-24.163972909651,-1722.05957263734,,21.055678009256,25.838067039877,2005,0.698791333584,23.3447172437,,,,45.445804785649,48.845856970334,,-36.46217299833,-83.482091798195,,-0.912520813027,0.527285892072,0.527285892072,0.024985588991,,,,7.696296879778,0.487379973893,8.30817893864,0.110509806476,11.693935590826,184.660849482828,429.88600377724,2.009778297482,1.354100453239,,93.8618748158,6.1381251842,280.626891311159,0.1871687515,135.410045323918,-79958180.2953777,-15481429.9208426,0.965838103361,0.101301282425,-7.385681170777,-5.29354419885,-2.428931250413,,,,,,,,,373127467.93,,,,,,,,,1
600406.SH,600406,国电南瑞,10007164,通用,2004-12-31 00:00:00,年报,2004年报,058001001,2006-02-28 00:00:00,2006-02-28 00:00:00,CNY,0.4,0.0,,3.15,1.286054741237,0.669092821407,0.56,474314296.71,171911701.79,84732212.91,84722944.75,27.329526293927,50.121125157217,50.104704641813,12.46755202634,9.654490187959,,13.36,0.0,8.9964323115,18.0669475966,36.2442589191,0.43074867213,0.576072063577,0.246864069315,7.1169530717,2.607293507752,2.049282708981,0.297741885549,36.3278800252,1.570546104631,0.570546104631,722.964494099107,202.270680280341,127.552681969442,0.497949765083,1.77979329234,2.822363234089,,,,,,,,,,,,,,,,,,,,,,,,,,-43.345323741,-62.807211740707,-24.2231729935,-9.311740890688,-33.5653903531,-5.529059933166,38.130879833872,2004,11.879985136529,-17.521736634691,,,,42.468108379436,27.037984152243,,82.58766215471,97.490551440912,,8.861956718983,2.23154220988,2.23154220988,0.394329421077,504.0,941099.795059524,168119.470059524,35.357505822218,2.412342358241,39.55189051352,0.516466477741,10.181713659615,149.232549339514,329.820938376474,2.028826334783,1.45243675186,1628.76301181684,94.7174457401,5.2825542599,269.516040881893,0.46187653,145.243675186018,36602878.0182173,18079896.100736,1.170971987335,0.513060536655,1.460286752135,1.366385040938,8.524152178416,,,,,,,,,393263974.95,,,,,,,,,0
600406.SH,600406,国电南瑞,10007164,通用,2004-09-30 00:00:00,三季报,2004三季报,058001001,2005-10-20 00:00:00,2005-10-20 00:00:00,CNY,,0.0,,3.88,1.971871163609,0.759174285627,0.049749229908,297923913.77,105707938.47,49680377.9,,19.793044031466,72.196698942712,,3.423267507737,8.687543774327,,,0.0,5.937349449,16.6755253955,35.4815218196,0.33619807884,0.379615154483,0.027302269855,6.7718332463,3.869909505618,3.258986994452,0.037506131288,25.4855251547,1.34202113358,0.342021133579,758.316803729176,177.59494884742,134.849957351217,0.356051717003,1.520313509772,2.002225327345,,,,,,,,,,,,,,,,,,,,,,,,,,46.9696969697,565.057242816551,-34.473312073047,-82.850904039043,,-20.524882800548,-54.091708391553,2004,7.185571869241,-54.677026749131,,,,16.890263224292,53.373418857402,,-22.256389908217,-36.706916681511,,16.292418626645,1.822164610214,1.822164610214,0.294616175046,,,,20.484594947938,1.993750960551,29.258125167131,0.360970198499,13.180636506907,135.423132247862,312.448190171762,3.214231347885,2.405152386106,,98.6266760517,1.3733239483,392.142717332871,0.0,240.515238610649,-5818105.51996081,16897163.189165,0.961753878546,0.336713902394,0.179990788909,0.16372659456,0.803977121865,,,,,,,,,216871183.74,,,,,,,,,0
600406.SH,600406,国电南瑞,10007164,通用,2004-06-30 00:00:00,中报,2004中报,058001001,2005-07-19 00:00:00,2005-07-19 00:00:00,CNY,,0.0,,3.77,1.971871163609,0.650620073578,0.173638749419,201318052.86,68199073.03,31931764.23,31931764.23,21.237800706505,84.80325142505,,-1.614375662544,4.783495438729,,0.0,0.0,3.8092490517,15.8613516157,33.8762828575,0.505514177612,0.46007371661,0.141020316493,7.4999999877,3.546026369177,2.974938941228,0.119450266216,27.8300696535,1.385618629807,0.385618629807,749.502920940492,173.148140000236,127.992325274542,0.240159170793,1.039572241433,1.406334322108,,,,,,,,,,,,,,,,,,,,,,,,,,52.6315789474,565.057242816551,-34.337855275444,-43.292374454931,-100.0,-15.59979995619,-51.72363401021,2004,5.22381745427,-47.256045285495,,,,-5.109491451128,13.089018724963,,61.262248019196,620.906808810015,,8.755157137261,1.231303075596,1.231303075596,0.211136551621,,,,23.372801794256,1.277911292201,19.61177819858,0.243401994659,7.701258992589,140.854847357972,301.138965787907,2.965134405139,2.283330041993,,98.6861608474,1.3138391526,359.106166214607,0.0,228.333004199277,19980671.1982501,21883845.9999961,0.960909704628,0.226517786848,0.98766473626,0.889081333731,2.761045215442,,,,,,,,,237671596.97,,,,,,,,,0
600406.SH,600406,国电南瑞,10007164,通用,2004-03-31 00:00:00,一季报,2004一季报,058001001,2005-04-12 00:00:00,2005-04-12 00:00:00,CNY,,0.0,,5.6,3.457806745413,0.918664530092,-0.008305698624,77055929.2,23202403.39,3889815.98,,119.538503248291,151.743063651193,,11.263311226707,20.210591632453,,,0.0,0.4667008384,5.0480424029,30.1111201057,1.521921006956,0.447572161131,-0.011748883693,7.499999673,3.557503792202,2.968713393423,-0.003863660788,27.7490762325,1.384065348725,0.384065348725,973.479751713775,215.865260531431,161.706891866417,0.092451845908,0.416926742999,0.556562549445,,,,,,,,,,,,,,,,,,,,,,,,,,,,,,,,,2004,0.566535275446,106.35322436886,,,,119.538503248291,151.743063651193,,-37.762976135281,-85.90218227715,,100.578955660783,0.706935130275,0.706935130275,0.034502604587,,,,6.736364900394,0.531494798853,7.62510003834,0.093685259895,13.360321379671,169.333736085895,377.575119198071,2.939145631374,2.286881245406,,98.7174439271,1.2825560729,360.150562647736,0.0,228.688124540609,-1306466.62250005,-387395.460202245,1.104225663792,0.100764777977,-0.215285779846,-0.232741382794,-0.090867237917,,,,,,,,,234316934.05,,,,,,,,,0
600406.SH,600406,国电南瑞,10007164,通用,2003-12-31 00:00:00,年报,2003年报,058001001,2005-03-08 00:00:00,2005-03-08 00:00:00,CNY,,0.0,,5.56,3.457806745413,0.882978144954,0.6175,372509276.14,124022413.9,56442564.51,56442564.51,6.88121129862,57.471437604246,,6.365966601498,45.895738336912,,20.11,0.0,9.5229626223,15.1519889907,33.2937786638,0.294479220938,0.487576026407,0.180693727382,8.1420242492,3.750951337805,3.194501946833,0.311157269698,26.2996080738,1.356844887611,0.35684488761,572.796119544578,154.604193560501,139.497223382595,0.628495877881,2.328526747621,2.580696527648,,,,,,,,,,,,,,,,,,,,,,,,,,150.4504504505,1066.2219432673,19.249983989687,26.744663382594,,-51.795325643053,-54.457694369336,2003,14.403777009599,-66.440901287723,,,,21.961639935089,180.517473274088,,49.806999851012,138.431058778663,,13.358435575888,3.417516294862,3.417516294862,0.557647342477,474.0,785884.548818565,119077.140316456,38.31962376159,2.584764993228,37.526655900317,0.639971406366,9.394664264967,139.277652298444,294.103005196259,3.152616791519,2.481368782166,117.150671104845,98.648550088,1.351449912,379.992175291263,0.0,248.136878216581,57531422.8347508,-396970216.101596,1.116176945816,0.505497718711,1.298691365326,1.192541305916,6.56811536304,,,,,,,,,216321764.41,,,,,,,,,0
600406.SH,600406,国电南瑞,10007164,通用,2003-09-30 00:00:00,三季报,2003三季报,058001001,2004-10-12 00:00:00,2004-10-12 00:00:00,CNY,,0.0,,2.64,0.296496457246,1.158572651304,0.290098265362,248698842.39,75879524.28,28850946.74,,0.683488252148,10.934980622133,,,,,,0.0,7.4707023509,11.6007563456,30.5106061415,0.368196100553,0.404188470819,0.080486021236,8.0029940436,1.751649739811,1.220789111334,0.088050657375,55.5139916163,2.247897791537,1.247897791535,419.26502572521,166.964287017822,166.787289799261,0.643984075545,1.61711228684,1.61882839109,,,,,,,,,,,,,,,,,,,,,,,,,,,,,,,,,2003,15.854149350414,,,,,-5.625282507013,78.819806273815,,-36.888407173153,-53.331204729679,,7.657797942152,3.60433104913,3.60433104913,0.450527784348,,,,31.414604496758,1.666376900255,24.830210664966,0.662368434719,8.594728608723,162.028170192879,333.755770598321,1.189583799966,0.432154145618,,97.2410689705,2.7589310295,179.903526909914,2.4419728746,43.215414561848,11481039.4156051,-67743.7404822293,1.069264672302,0.649381358798,0.715754971617,0.69379977338,1.919722556392,,,,,,,,,227332548.18,,,,,,,,,0
600406.SH,600406,国电南瑞,10007164,通用,2003-06-30 00:00:00,中报,2003中报,058001001,2004-07-31 00:00:00,2004-07-31 00:00:00,CNY,0.25,0.0,,2.47,0.296496457246,0.990860222899,0.3062,166052214.48,51723816.46,17278789.19,,,,,,,,10.67,0.0,4.5133175629,10.4056361092,31.149127774,0.574905775626,0.38356353042,0.127219347698,17.1280131338,1.688081675529,1.242585502266,0.090974258444,57.6473996808,2.361130113531,1.36113011353,414.997277177965,154.689570133801,174.251891904635,0.43373778552,1.163620791268,1.032987349707,,,,,,,,,,,,,,,,,,,,,,,,,,,,,,,,,2003,9.904106513336,,,,,,,,273.096035652028,429.8457031054,,,2.406553833043,2.406553833043,0.302173562029,,,,36.945363716101,1.202256861029,16.69054212236,0.445945909554,4.872059221914,149.718421940167,328.942092121889,1.232764386053,0.431342516412,,97.313519043,2.686480957,173.240688526859,2.4825637536,43.134251641173,15697319.7240576,102080.000007496,1.003248495913,0.413574353269,1.07218193995,1.222600390439,2.052427026939,,,,,,,,,232209141.04,,,,,,,,,0
600406.SH,600406,国电南瑞,10007164,通用,2003-03-31 00:00:00,一季报,2003一季报,058001001,2004-04-08 00:00:00,2004-04-08 00:00:00,CNY,,0.0,,,,,0.0,35099050.08,5269105.67,-7517560.24,,,,,,,,,0.0,,-21.4181301855,15.0121033418,,,,,,,,,,,,,,,,,,,,,,,,,,,,,,,,,,,,,,,,,,,,,,,,,2003,-8.9172873891,,,,,,,,-65.425064929791,-176.429262730778,,,,,,,,,15.264141151046,,3.654231524052,0.099506540061,5.896171891324,,,,,,,,,,,60973210.79,-7504854.31,,,,,,,,,,,,,,,,,,,,,,,0
600406.SH,600406,国电南瑞,10007164,通用,2002-12-31 00:00:00,年报,2002年报,058001001,2004-02-17 00:00:00,2004-02-17 00:00:00,CNY,0.52,0.0,,2.22,0.296496457246,0.740442988261,0.4872,348526435.67,102363462.84,35843048.98,,22.362057863746,18.013403853417,,,,,,0.0,19.7552680302,10.2841693805,29.3703582752,0.227187558091,0.345527755588,0.096455933781,,1.683284247269,1.239206092619,0.160427345132,57.7476430093,2.366731873017,1.366731873019,,136.089763814857,159.087966090737,,2.645312842851,2.262899003905,,,,,,,,,,,,,,,,,,,,,,,,,,47.0198675497,,,3.659574468085,,,,2002,42.920631251428,,,,,,,,15.921639762598,51.991229789818,,4.86191715966,5.051107763333,5.051107763333,0.523511844783,422.0,825892.027654029,84936.1350236967,125.962901968353,2.45377141737,36.285776546313,0.988079724498,2.857984330104,146.712932366722,295.178320589094,1.220554162132,0.422418098402,,97.2056977945,2.7943022055,172.912091368808,4.1337027525,42.241809840233,-37450358.89,33981591.46,0.909873368574,0.873905884118,0.983477159495,0.937906895665,3.499978459752,,,,,,,,,209549330.71,,,,,,,,,0
600406.SH,600406,国电南瑞,10007164,通用,2002-09-30 00:00:00,三季报,2002三季报,058001001,2003-10-25 00:00:00,2003-10-25 00:00:00,CNY,,,,,,,,247010554.27,70003677.19,26007077.82,,,,,,,,,,,10.5287314127,28.3403587336,,,,,,,,,,,,,,,,,,,,,,,,,,,,,,,,,,,,,,,,,,,,,,,,,2002,,,,,,,,,,,,,,,,,,,,,,,,,,,,,,,,,,25810635.54,26243978.46,,,,,,,,,,,,,,,,,,,,,,,0
600406.SH,600406,国电南瑞,10007164,通用,2001-12-31 00:00:00,年报,2001年报,058001001,2003-09-19 00:00:00,2003-09-19 00:00:00,CNY,,0.0,,1.51,,,0.47,284832113.61,79777496.46,30372015.22,,19.915983859429,127.164916545806,,,,,,0.0,,10.6631288288,28.0086031905,,,,1.6491238485,,,,,,,,,,,,,,,,,,,,,,,,,,,,,,,,,,,,,,,,,,,,,2001,,,,,,,,,,,,-12.283056545798,,,,,,,,,,,,,,,,,,,,,,30337112.6967207,30512197.6152889,,,,,,,,,,,,,,,,,,,,,,,0
600406.SH,600406,国电南瑞,10007164,通用,2000-12-31 00:00:00,年报,2000年报,058001001,2003-09-19 00:00:00,2003-09-19 00:00:00,CNY,,0.0,,,,,0.0,237526395.1,75843757.04,13370029.0,,,,,,,,,0.0,,5.6288603186,31.9306648038,,,,24.377569713,,,,,,,,,,,,,,,,,,,,,,,,,,,,,,,,,,,,,,,,,,,,,2000,,,,,,,,,,,,,,,,,,,,,,,,,,,,,,,,,,14054692.225495,15037560.7356946,,,,,,,,,,,,,,,,,,,,,,,0
