SECUCODE,SECURITY_CODE,SECURITY_NAME_ABBR,ORG_CODE,ORG_TYPE,REPORT_DATE,REPORT_TYPE,REPORT_DATE_NAME,SECURITY_TYPE_CODE,NOTICE_DATE,UPDATE_DATE,CURRENCY,EPSJB,EPSKCJB,EPSXS,BPS,MGZBGJ,MGWFPLR,MGJYXJJE,TOTALOPERATEREVE,MLR,PARENTNETPROFIT,KCFJCXSYJLR,TOTALOPERATEREVETZ,PARENTNETPROFITTZ,KCFJCXSYJLRTZ,YYZSRGDHBZC,NETPROFITRPHBZC,KFJLRGDHBZC,ROEJQ,ROEKCJQ,ZZCJLL,XSJLL,XSMLL,YSZKYYSR,XSJXLYYSR,JYXJLYYSR,TAXRATE,LD,SD,XJLLB,ZCFZL,QYCS,CQBL,ZZCZZTS,CHZZTS,YSZKZZTS,TOAZZL,CHZZL,YSZKZZL,TOTALDEPOSITS,GROSSLOANS,LTDRR,NEWCAPITALADER,HXYJBCZL,NONPERLOAN,BLDKBBL,NZBJE,TOTAL_ROI,NET_ROI,EARNED_PREMIUM,COMPENSATE_EXPENSE,SURRENDER_RATE_LIFE,SOLVENCY_AR,JZB,JZC,JZBJZC,ZYGPGMJZC,ZYGDSYLZQJZB,YYFXZB,JJYWFXZB,ZQZYYWFXZB,ZQCXYWFXZB,RZRQYWFXZB,EPSJBTZ,BPSTZ,MGZBGJTZ,MGWFPLRTZ,MGJYXJJETZ,ROEJQTZ,ZZCJLLTZ,ZCFZLTZ,REPORT_YEAR,ROIC,ROICTZ,NBV_LIFE,NBV_RATE,NHJZ_CURRENT_AMT,DJD_TOI_YOY,DJD_DPNP_YOY,DJD_DEDUCTDPNP_YOY,DJD_TOI_QOQ,DJD_DPNP_QOQ,DJD_DEDUCTDPNP_QOQ,XSMLL_TB,PER_TOI,PER_OI,PER_EBIT,STAFF_NUM,AVG_TOI,AVG_NET_PROFIT,PREPAID_ACCOUNTS_RATIO,ACCOUNTS_PAYABLE_TR,FIXED_ASSET_TR,CURRENT_ASSET_TR,PREPAID_ACCOUNTS_TDAYS,PAYABLE_TDAYS,OPERATE_CYCLE,GUARD_SPEED_RATIO,CASH_RATIO,INTEREST_COVERAGE_RATIO,CA_TA,NCA_TA,LIQUIDATION_RATIO,INTEREST_DEBT_RATIO,FC_LIABILITIES,FCFF_FORWARD,FCFF_BACK,SS_OI,SS_TA,NCO_OP,NCO_NETPROFIT,NCO_FIXED,FIRST_ADEQUACY_RATIO,NET_INTEREST_SPREAD,NET_INTEREST_MARGIN,LOAN_ADVANCES,NON_PERFORMING_LOAN,OVERDUE_LOANS,LOAN_PROVISION_RATIO,REVENUE_RATIO,LIABILITY,CAPITAL_PROVISIONS_SUM,RISK_COVERAGE,CAPITAL_LEVERAGE_RATIO,LIQUIDITY_COVERAGE_RATIO,NET_FUNDING_RATIO,NET_CAPITAL_LIABILITIES,NET_ASSETS_LIABILITIES,PROPRIETARY_CAPITAL,IS_BZ
600089.SH,600089,特变电工,10002313,通用,2026-03-31 00:00:00,一季报,2026一季报,058001001,2026-04-30 00:00:00,2026-04-30 00:00:00,CNY,0.3614,,0.3614,14.2408728525,2.269973429651,9.660820945153,0.104378966646,24961284684.65,5268403254.65,1814529514.69,1460823600.0,6.750421354504,13.395220256747,-3.774567372952,1.6219396795,3.599886451594,-1.258224873275,2.5539,,0.9139663419,8.5833562232,21.1191843919,4.7981028e-05,0.172166179827,0.02114183093,16.156980267,1.212944799495,0.927047097761,0.006602943294,56.5765079782,2.302900926296,1.302900926298,844.703663269048,132.724400207469,76.748286815727,0.106546240905,0.678096867338,1.172664612255,,,,,,,,,,,,,,,,,,,,,,,,,13.398180106683,9.9607625384,5.359123591031,10.362938760982,-49.928807677965,3.1628696074,16.228349129231,-0.360778973003,2026,1.577163971258,10.16685683535,,,,6.750421354504,13.395220256747,-3.774567372952,2.596400313324,286.051239751032,107.514288039895,2.589004072605,4.940096854146,4.937082648713,0.568780100005,,,,5.008797136098,0.674614359529,0.282305104087,0.270113871838,17.968385932699,133.409552774471,209.469757888588,0.674580656928,0.35110473511,,40.133386843,59.866613157,164.248412149704,23.4069642401,34.767103685337,-9268337538.86876,-11638869827.6384,1.075625664694,0.11115292677,0.206584376604,0.2463119365,0.006000773121,,,,,,,,,136577217060.88,,,,,,,,,0
600089.SH,600089,特变电工,10002313,通用,2025-12-31 00:00:00,年报,2025年报,058001001,2026-04-16 00:00:00,2026-04-16 00:00:00,CNY,1.161,0.8821,1.161,13.832315621266,2.201664930086,9.301706754496,1.846628544057,97318077030.24,18280894342.84,5954294958.25,4554249500.0,-0.600816118375,43.687328928891,15.636760298535,-1.185512812338,11.934115037639,19.765056133179,8.7546,6.6516,2.7583898599,6.17216607,18.8023708851,3.5361146e-05,0.260976078537,0.095967943993,25.4700580003,1.145606726135,0.866967623319,0.121555063276,55.6002375474,2.252264302242,1.252264302239,804.777379047121,116.653056081056,67.476111583093,0.447328676691,3.086074313817,5.335221481408,,,,,,,,,,,,,,,,,,,,,,,,,45.488721804511,10.0717737941,2.410769988652,10.125836323814,-27.745640541854,35.7070887136,53.065671234464,-1.721305594332,2025,5.107692325007,39.042283074207,,,,-4.727752025625,401.99634935164,1577.30289873017,-1.050484193654,-79.567831468924,-33.764647934435,3.730549898022,19.260255722506,19.242139272964,1.846391562012,31806.0,3059739.57838898,187206.657808275,21.606433934145,2.873597997246,1.13705626686,1.132485578056,16.661703689616,125.278483749299,184.098151439979,0.627150380685,0.338179011485,6.337883274105,38.7132867505,61.2867132495,166.770195395711,21.9824408542,33.464516328423,-13795308131.6596,-8889362081.1601,1.126777003929,0.482291188837,1.143589811711,1.554850321659,0.104898062458,,,,,,,,,126296151780.78,,,,,,,,,0
600089.SH,600089,特变电工,10002313,通用,2025-09-30 00:00:00,三季报,2025三季报,058001001,2025-10-31 00:00:00,2025-10-31 00:00:00,CNY,1.0924,,1.0924,13.61824848788,2.203844677706,9.283712164023,1.209370386018,72988485925.27,13319272888.61,5484271985.17,3850286600.0,0.855451337198,27.554157268871,-3.406246822522,0.082869291699,24.100993258729,0.53760137431,8.1802,,2.6526631606,7.8643650608,18.2661883052,5.5022e-06,0.226876750292,0.08380273896,21.8609227218,1.159747820934,0.902225812874,0.077591004244,56.1318755507,2.279559503748,1.279559503748,799.693479529403,116.137845037065,68.380084450927,0.337629362889,2.324823574209,3.948518083416,,,,,,,,,,,,,,,,,,,,,,,,,27.557216254087,6.6223525772,0.110640876659,8.239550728139,-17.550088210508,20.2581517744,19.067815514025,-1.175304601978,2025,4.748328640681,19.048485084265,,,,0.332757911873,81.514292131529,1.950499517116,-1.718282972655,45.256707223532,-16.269819948922,-3.58464152514,14.445177572533,14.431155843237,1.640698830308,,,,13.761227910349,2.155931835744,0.867065472494,0.832892056073,19.620342149624,125.23587041277,184.486923796877,0.632171855737,0.340686878628,,40.7021727906,59.2978272094,165.698090268571,21.8113450816,33.919959993163,-14504102711.626,-8754551923.04132,1.118191844798,0.363348614733,0.841244073836,1.06560082489,0.070946124787,,,,,,,,,125960667064.09,,,,,,,,,0
600089.SH,600089,特变电工,10002313,通用,2025-06-30 00:00:00,中报,2025中报,058001001,2025-08-30 00:00:00,2025-08-30 00:00:00,CNY,0.6342,0.5552,0.6342,13.118531117635,2.203844354867,8.828437845132,0.917665062503,48400602996.58,8953326702.99001,3183865288.91,2787466100.0,1.123075252456,5.001075843587,-5.303377695489,0.735124366008,14.573857344,8.203916788541,4.8279,4.2396,1.588190842,7.0414591184,18.5172523171,9.262849e-06,0.258594323172,0.095897609111,23.0177469523,1.15347971822,0.917838323558,0.058456581235,56.6467047092,2.306629734354,1.306629734353,797.240944948602,112.609680124446,65.708487869929,0.225778669724,1.598441624211,2.739372124288,,,,,,,,,,,,,,,,,,,,,,,,,5.0,5.8106865173,3.704033530117,6.021173062316,-12.563103222698,-1.0757314974,-4.050173752366,2.265189862805,2025,2.918323366747,0.056650541213,,,,2.955242370434,52.504370959764,29.185949471182,6.991940878519,-1.031009536684,-16.387734011327,-6.829505572609,9.578980794575,9.569217324669,1.003916088912,,,,8.793046732412,1.459643428773,0.583565099417,0.551816307997,20.470720272246,123.317788750168,178.28476244123,0.66244848594,0.3907479289,5.987964116595,41.4399992527,58.5600007473,164.003489130309,21.710323224,38.854455325516,-3661200661.29962,-3906478881.42046,1.160164133953,0.2540708523,1.057627609089,1.361899678721,0.055428600813,,,,,,,,,125068266203.51,,,,,,,,,0
600089.SH,600089,特变电工,10002313,通用,2025-03-31 00:00:00,一季报,2025一季报,058001001,2025-04-22 00:00:00,2026-04-30 00:00:00,CNY,0.3187,,0.3187,12.950867676577,2.154510546673,8.753682217611,0.208461116673,23382844177.97,4808384284.5,1600181657.2,1518126300.0,-0.766336916668,-19.740921415503,-22.58435079528,-0.184511641554,-9.51903015632,-11.245113247085,2.4756,,0.7863540597,7.0963557231,20.586206663,2.0809784e-05,0.168499219371,0.045095550083,21.6031224878,1.185271044503,0.939739484713,0.014203659247,56.7813631972,2.313816617037,1.313816617037,811.307066870903,117.212788640224,71.682173378687,0.110932104101,0.767834304124,1.255542288381,,,,,,,,,,,,,,,,,,,,,,,,,-19.763343403827,4.4437700106,1.389964802069,5.214930114137,-57.798004177407,-23.4413656606,-35.565285266792,5.388427045258,2025,1.431613841552,-29.191383761031,,,,-0.766336916668,-19.740921415503,-22.58435079528,-8.435118401367,1128.1391473425,3285.86730014963,-11.925172850446,4.62770712421,4.622653815976,0.47553967582,,,,4.37788068628,0.682726266604,0.284387642556,0.272168957719,20.557892379767,131.824428621555,188.858811731557,0.689646845271,0.377989095113,,41.1477585692,58.8522414308,163.094228146026,21.2199473341,37.515751890944,-4672853251.63418,-5568477513.56038,1.079552150354,0.118042579367,0.504286006836,0.635474768211,0.012811274279,,,,,,,,,121292400586.71,,,,,,,,,0
600089.SH,600089,特变电工,10002313,通用,2024-12-31 00:00:00,年报,2024年报,058001001,2025-04-22 00:00:00,2026-04-16 00:00:00,CNY,0.798,0.7571,0.798,12.555410059827,2.149837297708,8.446434610626,2.555733049058,97906313945.33,17731368862.17,4143924869.81,3938409800.0,-0.305606850283,-61.281538850041,-62.078519107848,1.006939313926,-26.47559886656,-26.029780780935,6.4511,6.1201,1.8020956872,3.683110496,18.126165246,8.135851e-06,0.284490555522,0.132011154522,28.3483259442,1.14652971158,0.92494757424,0.17640886732,56.5740498321,2.302770569518,1.302770569518,735.131497553839,98.484706785861,55.942819286159,0.489708305518,3.655389874722,6.435142250492,,,,,,,,,,,,,,,,,,,,,,,,,-66.594105827194,4.8425831525,0.271388900343,6.574888568808,-49.97156421955,-64.9790724565,-76.796964784255,4.222291629758,2024,3.673481341126,-70.427442741874,,,,4.019302906913,-111.735017822816,-103.554867471395,4.205348629597,-112.280713378134,-104.570983536674,-33.610403865139,19.376673902518,19.359978013315,1.244580718701,30542.0,3205628.77170225,135679.551758562,25.967617750586,3.359173288768,1.264331567079,1.218594957595,13.863420335963,107.16922559599,154.457265889901,0.666079816044,0.395396060746,8.137270839441,40.3587439204,59.6412560796,163.400811741028,21.1499280285,38.49611120569,149485516.757592,-4092601091.62144,1.089472850607,0.512481888895,2.645976028963,3.584230086621,0.157049996694,,,,,,,,,117649879956.16,,,,,,,,,0
600089.SH,600089,特变电工,10002313,通用,2024-09-30 00:00:00,三季报,2024三季报,058001001,2024-10-30 00:00:00,2025-10-31 00:00:00,CNY,0.8564,,0.8564,12.772414187745,2.201409019468,8.57700544909,1.466794032607,72369400917.4,13699189031.34,4299563497.26,3986061700.0,-1.747130506399,-54.145010646688,-55.932145133033,0.991269788112,-10.059216663084,-14.633492473256,6.8022,,2.2278590979,6.2175991513,18.9453097454,5.9427e-06,0.220322541673,0.102496126593,15.6411603788,1.254594632205,1.018532166555,0.105266859349,56.7994420065,2.314784915858,1.314784915857,752.899371121961,103.170062585073,61.88309167295,0.358613661209,2.617038249612,4.363065785836,,,,,,,,,,,,,,,,,,,,,,,,,-62.362661510064,8.4619531787,0.616819866714,10.277871366414,-53.894175327869,-55.3564748272,-67.746112931891,1.537380741728,2024,3.988567042512,-63.832062280396,,,,4.070866575985,-33.013232333352,-47.026524320266,0.850591648446,22.041534595852,6.098183535389,-35.367337692159,14.322654320392,14.310726476832,1.230031707864,,,,16.392572081906,2.449259002449,0.994390467398,0.876731479662,16.470874652918,110.237422718475,165.119155827833,0.66061896966,0.331771887134,,41.7229234016,58.2770765984,164.568568731066,22.59517277,32.022059517169,-10621917621.8391,-11622157525.5463,1.033206803259,0.35289278174,1.438411465,1.648483990354,0.101655830843,,,,,,,,,120249062606.36,,,,,,,,,0
600089.SH,600089,特变电工,10002313,通用,2024-06-30 00:00:00,中报,2024中报,058001001,2024-08-30 00:00:00,2025-08-30 00:00:00,CNY,0.604,0.5863,0.604,12.398115492328,2.125128869001,8.327051654053,1.049516961747,47863064761.18,9503763374.91,3032221587.57,2943575000.0,-4.481209300178,-59.486687799678,-58.508914196436,0.704064840902,-21.472711842525,-22.189171855519,4.8804,4.7411,1.6552305555,6.8427441661,19.8745884423,7.678604e-06,0.261701264683,0.110897934786,14.4601067451,1.252023433056,1.037397994508,0.078879456219,55.3919713885,2.241748920826,1.241748920827,743.432050106903,97.825352379518,57.92761514949,0.242120312104,1.840013816681,3.107326264606,,,,,,,,,,,,,,,,,,,,,,,,,-68.790368418333,-16.1549261292,-31.536371101733,-13.294673303873,-66.305189498018,-59.8773399541,-71.644575396461,2.92504323509,2024,2.916671056808,-68.263637887429,,,,2.930520945186,-62.243246262315,-64.443029099512,3.124444849248,-47.915197885579,-49.894722456371,-38.103530178812,9.472596464787,9.463809797435,0.874323840491,,,,12.407329487932,1.659958841726,0.656539409407,0.594828620484,14.507553795124,108.43642352773,155.820988828257,0.687532680869,0.370076996657,6.981085095746,41.3689143139,58.6310856861,168.409904999972,21.4723768908,35.982427139375,-1687186337.56989,-4286899915.21785,1.044454673941,0.245466207844,1.415672760221,1.620664635332,0.072489173968,,,,,,,,,112704738780.87,,,,,,,,,0
600089.SH,600089,特变电工,10002313,通用,2024-03-31 00:00:00,一季报,2024一季报,058001001,2024-04-30 00:00:00,2025-04-22 00:00:00,CNY,0.3972,,0.3972,12.399846994476,2.124974153881,8.319809943432,0.493960327254,23563419359.35,5502762289.98,1993770281.72,1961007000.0,-11.083850601741,-57.885220366601,-54.722795054168,-2.990944558523,-25.604393431655,-22.82074931317,3.2336,,1.2203888276,10.1382493032,23.3735419407,1.5990069e-05,0.247607951665,0.106014998915,16.2741689841,1.254431109905,1.011682704179,0.038292587866,53.8781769395,2.168171016762,1.168171016762,747.007847107823,107.799925669411,57.137463745491,0.120480662082,0.834879981977,1.575148669547,,,,,,,,,,,,,,,,,,,,,,,,,-67.048282727725,-18.7353422434,-31.244990512123,-16.940918436026,-70.282680201283,-59.3753533425,-68.429007872803,3.72744245347,2024,2.021807398016,-66.265637238848,,,,-11.083850601741,-57.885220366601,-54.722795054168,-4.019313016335,50.32855386817,46.292592645366,-38.407540399914,4.663444851169,4.659343793899,0.621695069707,,,,6.154318204544,0.796112092664,0.324904552752,0.297290773576,14.623878228064,113.049407023622,164.936570254207,0.693035501748,0.393539284824,,41.0335093026,58.9664906974,173.19705413922,21.276396425,38.322666751531,-3091233957.89998,-4220630580.28763,0.986315650927,0.116534676147,0.886058369662,1.045693351424,0.03447356176,,,,,,,,,107356876365.8,,,,,,,,,0
600089.SH,600089,特变电工,10002313,通用,2023-12-31 00:00:00,年报,2023年报,058001001,2024-04-09 00:00:00,2025-04-22 00:00:00,CNY,2.3888,2.3175,2.3888,11.986191502514,2.144018669019,7.925351575829,5.108560779861,98206439552.02,26790379578.05,10702710662.39,10385696200.0,1.757375032081,-32.747442108768,-34.704750967474,-1.123473832451,-24.525375373503,-23.91329893501,18.4207,17.8562,7.7666377284,14.3625522166,27.3027195544,4.769242e-06,0.420164829572,0.263057071314,16.6144636427,1.211176169272,0.983579416704,0.40729135719,54.282101216,2.187327122632,1.187327122633,665.172162875631,99.637592429397,48.431681435973,0.541213267921,3.613094126648,7.43315097321,,,,,,,,,,,,,,,,,,,,,,,,,-42.106538703892,-14.633351556,-31.65729864778,-10.192102960461,-8.947764742828,-44.515295365,-47.973314798612,2.467869912811,2023,12.42192654853,-46.069972010339,,,,-6.201265538283,-72.570957469245,-71.051646758717,4.25700452386,-29.898249302842,-31.884694110002,-29.079151791407,19.436389403901,19.419971317776,3.570608753999,27583.0,3560397.32995033,388018.368646993,17.529458196183,3.345137521681,1.504357948961,1.34508468511,20.536858354149,107.618893892019,147.540650490473,0.664222335372,0.410041608556,17.00629097024,39.9994388047,60.0005611953,171.445193831524,22.3136667056,40.033333243891,9076792132.51172,-400528593.044758,1.112585873946,0.568899217276,1.526507733121,1.831548232839,0.355301110748,,,,,,,,,104166438241.62,,,,,,,,,0
600089.SH,600089,特变电工,10002313,通用,2023-09-30 00:00:00,三季报,2023三季报,058001001,2023-10-28 00:00:00,2024-10-30 00:00:00,CNY,2.2754,,2.2754,11.775939685233,2.187913534123,7.777630582469,3.18136383643,73656272117.44,21572295583.64,9376435493.49,9045281900.0,4.718874101747,-15.366812104116,-19.777134254844,-3.717874466976,-13.780353489031,-14.145231750335,15.2367,,6.9072576995,17.2357378845,29.3122843295,6.43223e-06,0.384312807012,0.218419303023,16.2307100254,1.198485148155,0.961363226993,0.226937602916,55.9394398315,2.269603464358,1.269603464357,673.170303213586,106.880093461464,55.111998892271,0.401087211826,2.526195395753,4.899114628881,,,,,,,,,,,,,,,,,,,,,,,,,-20.476706392199,-8.6139577943,-29.125914097224,0.654007570364,-31.129727498581,-31.2174972914,-38.202060655299,3.577183482342,2023,11.027908401728,-36.370972985126,,,,-14.911417249263,-54.697171686426,-53.330590474868,-0.254468156796,-31.211904559489,-28.784547810865,-19.198429301948,14.577577534067,14.565396887555,3.17185720121,,,,9.331975714465,2.312320562269,1.25021994516,0.955607699829,28.932779966571,116.765817164666,161.137266172855,0.662022037402,0.378479648529,,43.2525483662,56.7474516338,166.893460660233,22.8722288742,37.556655350735,5656339878.56973,-725291644.899471,1.058000941384,0.39671675625,1.064850383998,1.267246604044,0.268287840456,,,,,,,,,109791905007.93,,,,,,,,,0
600089.SH,600089,特变电工,10002313,通用,2023-06-30 00:00:00,中报,2023中报,058001001,2023-08-16 00:00:00,2024-08-30 00:00:00,CNY,1.9353,1.8344,1.9353,14.786933709936,3.104026040102,9.603852463686,3.114773302213,50108533002.26,16077003892.58,7484506753.18,7094475700.0,17.452603963188,8.428235712554,0.512149728409,0.047631513296,-5.939687128085,-6.220710366341,12.1637,11.5665,5.8374387922,20.7402529222,32.1094054309,8.35039e-06,0.408652209742,0.242007491993,15.9305547971,1.147842143571,0.913418984456,0.17801549191,53.8177781106,2.165335401997,1.165335401999,639.036078617482,104.307587918375,51.213875158472,0.281674237219,1.72566544383,3.514672526596,,,,,,,,,,,,,,,,,,,,,,,,,6.282607501785,24.6489085605,2.248874838338,41.2829325486,7.292855894971,-15.6201007256,-18.328326766719,-1.370288936806,2023,9.190313138168,-15.407270043053,,,,0.540894097895,-27.260435756168,-27.485354842297,-10.916330155257,-41.903374995168,-36.19740763183,-12.266597370938,12.880611098331,12.870565603431,3.309282726946,,,,6.334653497237,1.590208864947,0.858523900783,0.679917534897,28.415129584992,113.192677998308,155.686439403764,0.641406425894,0.349554984472,17.420917270257,42.284240831,57.715759169,172.600535263774,20.1823472327,33.701241719827,9584718895.35047,6918591226.65643,1.030021198674,0.279107510043,0.983961020055,1.166849280482,0.206012569025,,,,,,,,,99442780136.27,,,,,,,,,0
600089.SH,600089,特变电工,10002313,通用,2023-03-31 00:00:00,一季报,2023一季报,058001001,2023-04-25 00:00:00,2024-04-30 00:00:00,CNY,1.2054,,1.2054,15.258597447883,3.090646295752,10.016737227011,1.662196761349,26500719519.25,10051544003.26,4734134427.57,4331113200.0,38.154375983202,51.657031971124,33.365074068798,7.401086619379,10.08981968835,6.761033599429,7.9597,,3.8655384116,25.6135825857,37.9487068587,9.335207e-06,0.423195656918,0.244022100693,14.5260526743,1.276908355162,1.024095067312,0.108902895176,51.9420663087,2.080821881406,1.080821881405,596.047643295774,107.469405390779,46.324504731127,0.150994641137,0.837447640775,1.942816237807,,,,,,,,,,,,,,,,,,,,,,,,,46.304163126593,33.1172982859,1.105863456558,56.98716561999,113.534342199115,17.4308813549,17.072165705531,-4.020270116877,2023,5.99331729587,18.45431081834,,,,38.154375983202,51.657031971124,33.365074068798,1.251201640658,-2.092131704593,-6.466628106845,1.809576812225,6.815145607989,6.811664831298,2.110871758791,,,,2.719855431122,0.746089190741,0.456351701433,0.365401702161,33.089994037987,120.629009395799,154.552384695999,0.66758563204,0.360342853847,,42.1026178288,57.8973821712,178.309246831837,19.0092757777,34.753431192878,3148643756.61076,-1745914044.58462,0.993131421813,0.146139076372,0.817671959837,0.952705853921,0.111003523984,,,,,,,,,93496506492.76,,,,,,,,,0
600089.SH,600089,特变电工,10002313,通用,2022-12-31 00:00:00,年报,2022年报,058001001,2023-04-25 00:00:00,2024-04-09 00:00:00,CNY,4.1262,4.124,4.1262,13.974321272967,3.137158213822,8.824782493615,5.610582502925,96510390053.85,37109218082.33,15914206088.19,15905745600.0,39.804690473678,119.361180897059,172.892203848075,10.534416653902,21.061328511526,21.033499932912,33.1996,33.1818,14.928180987,23.7410269684,38.4974520808,3.699247e-06,0.417211563544,0.226152408162,13.8986741496,1.205371806196,0.95848088526,0.379368925875,52.9747532199,2.126517282676,1.126517282677,571.835161322905,96.294843671086,48.2323778013,0.62955205337,3.738517933833,7.463865901098,,,,,,,,,,,,,,,,,,,,,,,,,119.327061074789,32.923039587,2.819394725293,58.739266697104,87.141109837456,71.4235555326,81.113410589329,-4.313056958734,2022,23.033413872716,75.039300555347,,,,-12.359706963141,134.292839599973,149.521019090258,-5.424302282105,15.782662583042,9.812847695136,35.115220390842,24.83882174145,24.808855888458,7.13406193632,24687.0,3909360.79936201,644639.125377324,11.426494419195,3.40945564832,1.840445354819,1.437936011835,31.50572579769,105.588703046303,139.514808286701,0.59625904311,0.304263286002,15.051239828012,40.5022383016,59.4977616984,173.918933550361,20.0700519538,28.37340948437,8492549467.66299,15817835044.7019,1.064359239525,0.59993854896,0.817135025958,0.952580562177,0.376414551022,,,,,,,,,90594164673.19,,,,,,,,,0
600089.SH,600089,特变电工,10002313,通用,2022-09-30 00:00:00,三季报,2022三季报,058001001,2022-10-29 00:00:00,2023-10-28 00:00:00,CNY,2.8613,,2.8613,12.885928092534,3.087043037316,7.727094797524,4.619357120105,70337150536.85,25476758316.38,11078910917.34,11275191700.0,79.578527434139,113.424825491143,183.809354631368,11.872413165022,18.692509075895,19.780275878905,22.152,,11.1771650847,22.920493157,36.2768744175,,0.42239620759,0.254682382097,14.2708762361,1.355917618276,1.155156925678,0.334327461864,54.0074927226,2.174267199587,1.174267199586,552.822348501284,82.273526430561,55.389411195171,0.488402830913,3.28173607859,4.874577905308,,,,,,,,,,,,,,,,,,,,,,,,,104.729536348025,27.9991272377,0.913970455364,49.926211952764,141.629157393517,67.1748120868,90.599956044118,-3.464332288534,2022,17.331568498053,86.984611481329,,,,66.347319224409,100.339444575187,108.463111097682,17.859583854674,10.448205416055,10.654137212933,30.12296705855,18.165740258859,18.137717584059,5.058471522411,,,,7.737084285423,2.762090031525,1.436354896499,1.023013974272,34.896866835056,97.752063444119,146.211587668741,0.806753552709,0.429391237365,,47.5846891968,52.4153108032,176.180023235918,20.3924272234,38.937668805914,5690836234.0201,4453916277.16899,1.090848297252,0.502540930179,0.954904631007,1.111155769436,0.350875598895,,,,,,,,,82330592370.82,,,,,,,,,0
600089.SH,600089,特变电工,10002313,通用,2022-06-30 00:00:00,中报,2022中报,058001001,2022-08-27 00:00:00,2023-08-16 00:00:00,CNY,1.8209,1.862,1.8209,11.862866575166,3.035755694143,6.79760271849,2.903057502041,42662768905.46,15585915113.04,6902728522.69,7058326500.0,89.348051914879,122.20561566463,261.96251015184,12.426439057784,33.87048730696,28.260491834817,14.4154,14.7403,7.1474460619,23.0326435235,36.5988374652,,0.420129536723,0.258416788694,14.5288339359,1.384341504549,1.167896517167,0.230782393687,54.5654828859,2.200969798994,1.200969798996,579.003757119704,89.549573981862,55.635063063639,0.310878811729,2.010059813757,3.235369748644,,,,,,,,,,,,,,,,,,,,,,,,,117.732870979314,24.5863917475,1.245723904409,44.866360937754,127.268589932248,78.6693438437,105.583242651705,-3.362987683436,2022,10.864187906982,100.289700693646,,,,79.559801333852,283.070738473879,169.504317821201,22.410874978998,21.127502032284,17.342330483134,47.188955650432,11.25431160524,11.234012761781,3.159347048459,,,,5.376622852153,1.831468987992,0.949433327513,0.651426047299,33.478264135251,98.281762443245,156.296909365925,0.847132567537,0.493038082322,18.038874129561,47.5323119062,52.4676880938,174.304802935859,23.6063873281,42.842115393195,6340919345.12724,6927572073.79914,1.159804600045,0.35564153303,0.959079592897,1.121958877323,0.256483059573,,,,,,,,,75780134575.67,,,,,,,,,0
600089.SH,600089,特变电工,10002313,通用,2022-03-31 00:00:00,一季报,2022一季报,058001001,2022-04-23 00:00:00,2023-04-25 00:00:00,CNY,0.8239,,0.8239,11.462520381921,3.056841799368,6.380609005489,0.778421280732,19181961722.64,7137684338.29,3121605616.33,3247561800.0,102.886507719061,47.28696004843,505.85942499758,12.521691262713,13.813613707397,46.52047489373,6.7782,,3.3018424049,23.2339911969,37.2742015505,,0.329447249511,0.154069855179,13.4830113986,1.473846941594,1.25548871169,0.067419494803,54.117745874,2.179491873381,1.179491873382,632.216691053069,95.545719533477,62.355467815836,0.14235625423,0.941957425612,1.443337740097,,,,,,,,,,,,,,,,,,,,,,,,,44.391868208903,22.2184992148,1.975883392372,37.614478521613,793.369951839084,23.667214012,56.85845194989,-3.708654824034,2022,5.059602520554,56.674564354274,,,,102.886507719061,47.28696004843,505.85942499758,-35.769787102508,51.256504126223,74.997407954714,62.680896118018,5.061055008678,5.0523918506,1.426834677308,,,,2.561223681321,0.830715691768,0.429840883015,0.296323652954,35.139453323175,108.340315335147,172.652428111204,0.949320012033,0.504386344831,,48.1652086592,51.8347913408,175.713224045345,23.1666569419,45.373047189394,263079903.467487,400126549.806478,0.989110780467,0.141447024617,0.575708380807,0.663122637321,0.069766283969,,,,,,,,,72466920494.14,,,,,,,,,0
600089.SH,600089,特变电工,10002313,通用,2021-12-31 00:00:00,年报,2021年报,058001001,2022-04-12 00:00:00,2023-04-25 00:00:00,CNY,1.8813,1.4993,1.8813,10.563132251021,3.051134683494,5.559293977623,2.998049176794,69032297648.14,19650486876.65,7254795959.39,5828581900.0,54.541898272895,196.338454291876,224.267719367076,14.058736914711,18.50064762012,25.050359847474,19.367,15.4343,8.2424492689,14.6410357254,28.4923134266,9.5159701e-05,0.296156508436,0.164689612056,14.6575791582,1.407627666286,1.196346494414,0.246085246111,55.3625725059,2.240272471195,1.240272471193,638.86823017211,76.879169022493,66.589305391033,0.563496481744,4.68267288236,5.406273543266,,,,,,,,,,,,,,,,,,,,,,,,,224.194382216095,20.1042764391,1.848713367505,37.035660188908,111.783200715175,184.2153150773,178.484248199346,-3.666420508731,2021,13.158995608208,134.671427193906,,,,97.239051001472,131.257071515684,169.663355913858,79.511195524338,-0.996401115258,-8.256515012295,40.960788104818,18.221296375179,18.204239717146,3.424925887191,18619.0,3707626.49165584,389644.769288898,12.189406909998,3.847667761949,1.707468973083,1.186471433724,29.533840543523,93.563171841439,156.737581730636,0.840595007326,0.482088865448,9.282873989619,47.9179336473,52.0820663527,171.130218980053,24.0722926877,45.385997537274,267369178.190213,-3090168404.33133,1.019956741874,0.518813670216,0.95651293505,1.124849465194,0.241855139516,,,,,,,,,75064086959.29,,,,,,,,,0
600089.SH,600089,特变电工,10002313,通用,2021-09-30 00:00:00,三季报,2021三季报,058001001,2021-10-29 00:00:00,2022-10-29 00:00:00,CNY,1.3976,,1.3976,10.06719996505,3.059083914136,5.153931855464,1.911754843635,39167906955.16,10902312058.0,5191013225.31,3972804812.81,32.647700776172,233.671430417818,246.062656956969,10.494133036972,31.003283104791,56.133078895786,13.2508,,5.8642012919,17.3592998458,27.878917333,,0.310163686332,0.185089604928,14.9002352139,1.3905331785,1.179943189307,0.170646567717,55.945635435,2.269922650966,1.269922650964,797.993657962888,90.367415126011,94.374902157384,0.338348553658,2.987802623584,2.860930118367,,,,,,,,,,,,,,,,,,,,,,,,,233.715377268386,17.2389990595,1.883873181638,30.852477921039,262.618155292165,202.0056522928,245.473594768134,-6.688924078136,2021,9.268981206929,151.643791421463,,,,44.335292786782,227.92423562446,482.823352040619,27.220826646964,111.18894335341,43.055371315508,35.487044520495,10.345174736808,10.328807197904,2.278926545882,,,,6.644157808517,2.159801138052,1.029804902605,0.709717487782,40.637204560961,125.011509274193,184.7433901747,0.945334494067,0.496264426895,,48.3065780443,51.6934219557,170.052920611056,24.394196917,48.558980857422,-2300668019.78825,-4477517478.96024,1.056069156658,0.338246106511,0.913100917418,1.06622736269,0.171631042209,,,,,,,,,68307512185.92,,,,,,,,,0
600089.SH,600089,特变电工,10002313,通用,2021-06-30 00:00:00,中报,2021中报,058001001,2021-08-28 00:00:00,2022-08-27 00:00:00,CNY,0.8363,0.525,0.8363,9.52179961934,2.998403860502,4.692326551511,1.277368554496,22531401022.62,5592693759.45,3106459979.44,1950015900.0,25.164171594734,237.642307944469,143.467633829053,6.506980855523,11.416257324836,47.737375408832,8.0682,5.0646,3.4766676358,16.9812122644,24.8652062945,,0.349580099631,0.210943293242,15.3663168463,1.407608521458,1.235795272143,0.13277396676,56.4643727883,2.29696931926,1.296969319261,877.644824502681,89.089174699524,101.232187560589,0.205094355911,2.020447496647,1.778090588947,,,,,,,,,,,,,,,,,,,,,,,,,237.62616067824,14.3455374744,-0.125969334068,24.544481815529,225.726097886036,209.9458338135,242.321155020143,-3.434151555562,2021,5.424236927489,154.381190166507,,,,29.450605842128,94.222746016675,214.652533843559,38.313334871356,-53.427657712333,163.791531984111,19.874360103262,6.066102211248,6.055506837243,1.321718196173,,,,4.414441642038,1.443641273726,0.622728195469,0.443117016749,40.775258706764,124.684714461942,190.322920818751,0.986521957345,0.526635707288,8.641762485035,45.6067307936,54.3932692064,168.192482919927,27.6304782972,51.209030537925,-1705288840.37523,-1186211018.33673,1.183598020608,0.241378449586,1.060752581938,1.242215749723,0.123339486421,,,,,,,,,62274352063.02,,,,,,,,,0
600089.SH,600089,特变电工,10002313,通用,2021-03-31 00:00:00,一季报,2021一季报,058001001,2021-04-30 00:00:00,2022-04-23 00:00:00,CNY,0.5706,,0.5706,9.378711451673,2.997612472359,4.63658262854,0.087133138867,9454528020.76,2162441584.07,2119403927.75,536025630.04,19.68281656153,414.62280459245,52.473692053264,3.520523382931,68.663321477988,10.046526816027,5.481,,2.104982144,24.5209971204,22.9124638725,,0.183660946957,0.034291717856,14.8205105768,1.361809442927,1.170670593157,0.008558620105,56.2020872957,2.283213829735,1.283213829737,1046.56198955298,108.874066723581,124.939094246282,0.085995861591,0.826643136501,0.720350988159,,,,,,,,,,,,,,,,,,,,,,,,,414.517583408476,13.1254023958,0.315458967619,22.151415911806,167.281818092135,366.9847490841,325.057158809484,-3.493262645463,2021,3.229370728687,209.021640641382,,,,19.68281656153,414.62280459245,52.473692053264,-37.557670147951,137.489701603107,-22.11000380908,1.833677941818,2.545431297213,2.54093828817,0.784384766856,,,,2.147659388424,0.615160681945,0.273803304195,0.183776389612,41.906086451651,146.303238554584,233.810342481185,0.962126813408,0.500467412555,,46.6215701263,53.3784298737,168.915057764107,27.3099380862,46.579059562642,-4284281052.24007,-698840652.488316,1.094617768411,0.09352927238,0.119914182193,0.139846343473,0.009203569286,,,,,,,,,62078322696.57,,,,,,,,,0
600089.SH,600089,特变电工,10002313,通用,2020-12-31 00:00:00,年报,2020年报,058001001,2021-04-15 00:00:00,2022-04-12 00:00:00,CNY,0.5803,0.4051,0.5803,8.804122829608,2.995751819156,4.056822851774,1.415621808845,44668985187.59,9014626819.38,2448145306.26,1797459800.0,20.630334504229,21.290235756151,12.636210616315,7.435125487541,30.442386811232,34.623724934045,6.8142,4.757,2.9597542131,7.0231292072,20.212935675,,0.29084433977,0.117898250177,12.7089930624,1.30706209146,1.154013531906,0.133720040956,57.4696515984,2.35126218708,1.351262187078,852.883641388044,90.280807863734,99.854875671964,0.422097438068,3.987558469164,3.605232068814,,,,,,,,,,,,,,,,,,,,,,,,,23.59957401491,7.5159773312,0.31541793394,10.093507495842,30.117105868943,16.444231788,20.613534071258,-0.758149573083,2020,5.607412783719,22.376602488992,,,,30.734075799856,154.4221677562,218.696635788141,31.362429665701,40.387834523572,98.285173998587,-1.933679646704,12.026177579841,12.007148593931,1.248071476048,16845.0,2651765.22336539,145333.648338379,9.237913950404,3.086621994009,1.435768573635,0.868948538151,38.96983690612,116.632357541268,192.759604030508,0.953640750226,0.542645333972,4.108138063415,46.9675440443,53.0324559557,165.288475514024,27.7773137576,51.938994123978,1713325135.49799,3796948251.3083,1.058712524371,0.431488101661,1.426454973166,1.6787139564,0.155122738453,,,,,,,,,62887763417.13,,,,,,,,,0
600089.SH,600089,特变电工,10002313,通用,2020-09-30 00:00:00,三季报,2020三季报,058001001,2020-10-31 00:00:00,2021-10-29 00:00:00,CNY,0.4188,,0.4188,8.586903714473,3.002520240551,3.938734624937,0.527208805112,29527769215.73,6065543607.67,1555726008.31,1148001592.47,16.031992357905,-6.711811618719,-16.803836376185,8.241801397077,0.841702379235,-13.955893330265,4.3876,,1.6974383515,6.1718117822,20.5768141387,0.175965595436,0.205028716591,0.066430807882,14.5801834207,1.384634048759,1.122657656649,0.046548721617,59.9560501069,2.497256146483,1.49725614648,980.039057170955,140.178646974872,118.368907723271,0.275499224265,1.926113611643,2.281004405576,,,,,,,,,,,,,,,,,,,,,,,,,-6.726057906459,5.4017394182,-0.015955731108,6.52618327341,604.93089670085,-11.3992043779,-16.091051104623,6.867965261108,2020,3.683373690474,1.93040974449,,,,37.281259454618,2.567576244384,-38.927870951274,14.101082051458,25.082845518722,-22.76779077785,1.305765526398,7.949726071314,7.936209447435,0.814805002848,,,,5.080723393265,1.748433065183,0.95608284084,0.538508413506,53.142038859644,154.423984181368,258.548773953387,0.861021450678,0.481099812558,,51.9460728506,48.0539271494,159.583053824004,27.1485609571,45.883241632072,-1470229902.55967,-525989583.712619,1.050849087476,0.276246184999,0.935499879277,1.076358291963,0.058556947809,,,,,,,,,67230860646.39,,,,,,,,,0
600089.SH,600089,特变电工,10002313,通用,2020-06-30 00:00:00,中报,2020中报,058001001,2020-08-29 00:00:00,2021-08-28 00:00:00,CNY,0.2477,0.2156,0.2477,8.327215761672,3.002185693828,3.767590890507,0.392160334338,18001478167.07,3726723211.51,920044646.76,800934345.7,5.569118060428,-12.200063226778,-1.31202421668,2.881847310765,-4.590989727015,-0.302491223422,2.6031,2.2661,1.0156157704,5.8686660022,20.7427228584,0.211192871212,0.250634559806,0.081073843879,15.1889537466,1.372364441679,1.167593174038,0.037817669913,58.4724037513,2.408037282031,1.40803728203,1038.09157946565,126.73629456102,123.31752262255,0.173395106521,1.420271916766,1.459646578783,,,,,,,,,,,,,,,,,,,,,,,,,-12.194257355548,5.0085208359,1.046787596013,6.718730919312,24.732952909183,-17.1224808176,-21.847085321995,1.731062820006,2020,2.132326263565,-10.108159501879,,,,11.770846362665,-15.182842819575,-1.058920906899,27.876801948769,23.400527981729,27.827570058602,0.98768524319,4.846516486275,4.837075875203,0.469389728787,,,,3.086869189481,1.155034634424,0.577101070466,0.345270028561,58.311508830172,155.83948276128,250.055246569884,0.91286480494,0.539770799715,2.348816154522,50.1455366824,49.8544633176,162.84869766908,28.3819567958,46.906055052087,-762201050.431265,2205328804.25532,1.171523607903,0.199676922292,1.199137263669,1.381469721544,0.042767245941,,,,,,,,,61636148354.73,,,,,,,,,0
600089.SH,600089,特变电工,10002313,通用,2020-03-31 00:00:00,一季报,2020一季报,058001001,2020-04-29 00:00:00,2021-04-30 00:00:00,CNY,0.1109,,0.1109,8.290544168724,2.988185971742,3.795766585209,-0.129504732984,7899653678.27,1772840868.06,411836379.74,351552863.2,-1.425147214877,-8.217004627522,-1.633680572024,-0.308426786869,-1.826689200418,-0.365872870711,1.1737,,0.495223313,6.5591718002,22.4998883823,0.618442366139,0.111609389747,-0.061048461476,7.8769249406,1.412192664328,1.192732361859,-0.012433313894,58.2364390677,2.394431838849,1.39443183885,1188.9723999354,152.200538640868,143.476189265505,0.075695617497,0.591325108332,0.627281784251,,,,,,,,,,,,,,,,,,,,,,,,,-8.195364238411,4.4677701502,0.483853354606,7.198693190614,70.695552473572,-23.5374592834,-11.173742771701,0.613032405836,2020,1.04503060756,-0.194901910509,,,,-1.425147214877,-8.217004627522,-1.633680572024,-31.791876908239,17.41151803307,62.80369035024,10.761485444845,2.126814333371,2.121343107658,0.218047593988,,,,1.324469792716,0.51420807642,0.255696377032,0.148978299386,67.951719620151,175.026422429213,295.679024477594,0.937794004771,0.556297278881,,51.3020094762,48.6979905238,163.277996028331,28.1158320032,47.98548993821,-2775135193.1787,220453806.656362,1.035455673578,0.076609761808,-0.880706082541,-0.930734295966,-0.014374985647,,,,,,,,,62019977266.82,,,,,,,,,0
600089.SH,600089,特变电工,10002313,通用,2019-12-31 00:00:00,年报,2019年报,058001001,2020-04-14 00:00:00,2021-04-15 00:00:00,CNY,0.4695,0.3557,0.4695,8.18014946392,2.986332391227,3.684888368124,1.087959803126,37029645462.87,7622141224.44,2018419117.58,1595809900.0,-6.621730803798,-1.440010792274,-16.293189419077,0.40485141195,13.591325353038,12.084868478537,5.8519,4.4337,2.4539155045,6.4638918473,20.6114959776,0.136793419059,0.236760130061,0.109275762646,14.9601345673,1.475193044102,1.198772794181,0.115942210141,57.9086860545,2.375787083518,1.375787083516,947.010732220658,122.247874777265,113.964502061603,0.380143527155,2.944836469803,3.158878365523,,,,,,,,,,,,,,,,,,,,,,,,,-4.281345565749,4.924019256,0.403522789032,7.613925203093,56.594632823682,-8.3435140808,-14.693980447176,0.01567687075,2019,4.582095490209,-13.138185557191,,,,1.306032147214,221.043698462244,392.127692715499,37.941081383664,-43.404145761864,-62.00242997563,4.813315002462,9.969447261559,9.956094350467,0.95411367812,17098.0,2165729.64457071,118050.012725465,8.283278786531,2.582273989292,1.39600635327,0.731201110543,43.461050784065,139.412007204822,236.213110301696,1.001334097919,0.598823405705,3.768294250791,50.2970771292,49.7029228708,164.652505705798,28.4621672448,55.783684185464,-5592246717.77904,-7257340813.38438,1.152555840539,0.416940033163,1.414685048821,1.690556791912,0.142656439117,,,,,,,,,59196982203.89,,,,,,,,,0
600089.SH,600089,特变电工,10002313,通用,2019-09-30 00:00:00,三季报,2019三季报,058001001,2019-10-30 00:00:00,2020-10-31 00:00:00,CNY,0.449,,0.449,8.146833023696,3.002999391059,3.69743334822,-0.104412070752,25447955012.83,5168884888.11,1667655932.98,1379873232.69,-9.833037997091,-13.9785861512,-25.914820024337,-3.205807174369,6.339842959445,2.862597601065,4.9521,,2.0229527051,7.549536813,20.3115923677,0.156348795786,0.170205149888,-0.015239695666,11.6965760674,1.487078918429,1.159216246571,-0.011804150438,56.1029209833,2.278055903491,1.278055903491,1007.62362579555,140.305461284448,126.202944712547,0.267957194619,1.924372704585,2.139411252368,,,,,,,,,,,,,,,,,,,,,,,,,-13.951705634343,3.8342306596,0.381152530761,5.854253273124,-76.043464435726,-20.6991528816,-23.672611282573,-5.56383336959,2019,3.613616093281,-20.430587719157,,,,-12.700386667684,20.617133783203,7.494685369661,-7.101853796706,3.43591763988,25.121528268434,0.154506345892,6.851322561792,6.851322561792,0.718362333719,,,,7.396342251619,1.779517571317,1.039090660353,0.515529083204,36.504530322527,151.726515293792,266.507079700167,1.023666289955,0.529835315434,,50.1892786261,49.8107213739,169.838017839558,27.3800388894,52.983531543359,-6928667268.33832,-6690488541.23589,1.159458784181,0.303103319927,-0.180059715326,-0.201862657849,-0.015987704392,,,,,,,,,54613873936.92,,,,,,,,,0
600089.SH,600089,特变电工,10002313,通用,2019-06-30 00:00:00,中报,2019中报,058001001,2019-08-30 00:00:00,2020-08-29 00:00:00,CNY,0.2821,0.2185,0.2821,7.930038148699,2.971084747227,3.530393266535,0.314399944194,17051841009.76,3502423205.76,1047887596.02,811582504.7,-8.350848653945,-26.454789613048,-39.156300889125,-3.935510590473,-16.255343585952,-25.662518864443,3.1409,2.4325,1.299523856,7.2852771617,20.5398537539,0.233155718675,0.240195530799,0.06848758846,11.2008454788,1.520459420743,1.250625714794,0.033255483519,57.477433274,2.351692470597,1.351692470596,1009.10028163695,131.386264728544,121.208397309635,0.178376721596,1.370006220756,1.485045623862,,,,,,,,,,,,,,,,,,,,,,,,,-26.42149191445,2.9078495362,-0.750731012476,5.239852891884,22.513664557027,-32.3169417748,-37.12218791981,-2.542896083966,2019,2.372102130459,-33.118507704502,,,,-14.727281544632,-35.120395524877,-51.267853325799,12.779292068982,33.535129745216,27.085005574425,-5.69683317332,4.59061198184,4.59061198184,0.468098373004,,,,4.284058064705,1.198668715431,0.693898474717,0.330261463463,42.016237240801,150.166595392688,252.59898252599,1.113398176929,0.648555461827,2.254671297888,54.1554324417,45.8445675583,166.077843288353,27.6460204892,64.855546182718,-2146929642.37905,-6761872393.11517,1.169511982185,0.202266175248,0.846776004906,0.940082126466,0.047815097395,,,,,,,,,56669587846.37,,,,,,,,,0
600089.SH,600089,特变电工,10002313,通用,2019-03-31 00:00:00,一季报,2019一季报,058001001,2019-04-25 00:00:00,2020-04-29 00:00:00,CNY,0.1208,,0.1208,7.935982702419,2.973797154451,3.540870203016,-0.441928594174,8013863023.96,1627921680.77,448706623.78,357391498.68,0.090034491859,-10.490240200631,-11.066943664136,0.018178425297,-2.567833248191,-2.332858184635,1.535,,0.5575190585,6.5730989195,20.3138196386,0.325622502986,-0.050369096467,-0.204838164902,10.2890863197,1.527756972103,1.195371235484,-0.0476300577,57.8816060655,2.374259573039,1.374259573038,1061.09180250081,153.335267125484,130.041113095184,0.084818297331,0.58694911932,0.692088816051,,,,,,,,,,,,,,,,,,,,,,,,,-10.452186805041,4.080431929,-0.64002493526,6.78172905572,56.733216734958,-9.7907851434,-30.579057715405,-4.195083251567,2019,1.047071369664,-24.245082063098,,,,0.090034491859,-10.490240200631,-11.066943664136,-29.90205802592,310.688579495917,714.508512299234,-12.240884394903,2.157452418044,2.157452418044,0.203148169538,,,,2.212109537934,,0.324742232212,0.156334899539,40.685146217506,,283.387111890936,1.073635598344,0.613628565345,,54.6361749065,45.3638250935,164.652856246739,28.8453319387,61.357692470045,-4882314026.18283,-7110119937.97499,0.954229482806,0.079350391591,-2.892124478536,-3.116310394981,-0.066644520901,,,,,,,,,55780993447.91,,,,,,,,,0
600089.SH,600089,特变电工,10002313,通用,2018-12-31 00:00:00,年报,2018年报,058001001,2019-04-16 00:00:00,2020-04-14 00:00:00,CNY,0.4905,0.4524,0.4905,7.796260114627,2.974330290683,3.424174298233,0.694761872427,39655527759.96,7798243485.53,2047909231.53,1906427791.15,3.590080718832,-6.733564682184,0.761831701304,3.328215499739,-10.124974608041,-5.993161978063,6.3846,5.8888,2.8766029846,6.3904765925,19.6649595303,0.079562227168,0.208699510891,0.065077810298,9.0755931145,1.329189947303,1.054540199356,0.068785723111,57.8996092076,2.375274863673,1.375274863671,799.752897990503,120.259266233885,103.231511827572,0.450139037826,2.993532317916,3.487307253635,,,,,,,,,,,,,,,,,,,,,,,,,-19.800523217789,3.8818462323,-0.633370075432,7.76358632214,44.503185980193,-22.5357922834,-13.664387438653,-2.370402221139,2018,5.275155164098,-11.942491264061,,,,12.578050045887,-67.862399605473,-73.474293003141,18.869556058972,-78.736758407302,-91.700249965526,-8.272704800967,10.675864311475,10.675864311475,0.916693787781,15657.0,2532766.67049626,130798.315867024,12.03255083089,2.887607758469,1.682717261597,0.817503381889,29.918843066577,124.670672096708,223.492291107166,0.952885807369,0.575488225033,2.59681177124,53.8567101119,46.1432898881,164.187434203441,27.2407839589,57.548466043002,3249870378.27882,-276295422.3611,1.127987633873,0.483083814195,0.931112625195,1.018356132846,0.10438070984,,,,,,,,,53611902421.76,,,,,,,,,0
600089.SH,600089,特变电工,10002313,通用,2018-09-30 00:00:00,三季报,2018三季报,058001001,2018-10-30 00:00:00,2019-10-30 00:00:00,CNY,0.5218,,0.5218,7.845999312502,2.991596843978,3.492947362899,-0.059310393082,28223147866.52,5723727226.2,1938652084.83,1862549612.68,0.344932763627,4.464742838457,7.874067021538,-1.240129918738,0.903349187213,4.725377887095,6.2447,,2.6503627847,8.2384280224,20.280258082,0.13773442674,0.127198599752,-0.00780595494,9.5179383023,1.363590102828,1.026759007907,-0.005862689967,59.4082997914,2.463557808274,1.463557808273,839.272109794553,141.827229681589,115.857308362374,0.321707342409,1.903724698044,2.330452897762,,,,,,,,,,,,,,,,,,,,,,,,,-4.432234432234,6.0166701744,0.032862521397,11.415699731838,58.528420564543,-15.9347908029,-7.672274480363,-1.693712734223,2018,4.541463848603,-13.275227490536,,,,-4.771682982344,4.13423247096,20.931549626504,-9.258733643363,-44.362121578358,-43.276817391398,-8.812804002428,7.598095753246,7.598095753246,0.792418200112,,,,8.048272972271,,1.194961548696,0.573706057904,33.547569886142,,257.684036451695,0.928379731804,0.486640679176,,55.7812676934,44.2187323066,160.999779549592,28.5915069468,48.663889311502,-2911995824.68002,-2893410617.7212,0.933510621057,0.286810265319,-0.08811218002,-0.094750538806,-0.008873374564,,,,,,,,,54572914334.84,,,,,,,,,0
600089.SH,600089,特变电工,10002313,通用,2018-06-30 00:00:00,中报,2018中报,058001001,2018-08-28 00:00:00,2019-08-30 00:00:00,CNY,0.3834,0.3587,0.3834,7.705960414526,2.993558317896,3.354616306963,0.256624389884,18605563455.11,4052414836.5,1424820991.75,1333880938.47,3.211539586488,4.584449620945,3.447115810697,1.94078990572,8.431819105855,13.406213540467,4.6406,4.3444,2.0667447117,9.6162942456,21.7806617159,0.231966067665,0.205324594605,0.051233708361,6.8994171427,1.36684913877,1.049062295432,0.02555083298,58.9771611965,2.437666502774,1.437666502774,837.51658074329,141.220324748478,107.510900510802,0.214921118147,1.274604065106,1.674248835651,,,,,,,,,,,,,,,,,,,,,,,,,-8.844507845934,6.8842461633,0.136172982181,11.732372115683,-8.414394620558,-18.6786997284,-3.974455274938,-3.207693559333,2018,3.546724286561,-6.195386435482,,,,7.504101288036,23.47862090591,32.558354907676,32.37625629421,84.228888029903,131.922021325142,-6.624264227165,5.008897425036,5.008897425036,0.600957147048,,,,5.428185699957,1.373510045058,0.814341732938,0.379159064887,33.160250947461,131.051098350285,248.734811699916,0.956700708937,0.557530983886,2.236959012747,56.9499489023,43.0500510977,162.447390143424,29.446327662,55.720793514067,138660977.087695,-1643521723.74295,0.925597672058,0.192328781544,0.513002108959,0.53278016513,0.040936067728,,,,,,,,,52808601281.35,,,,,,,,,0
600089.SH,600089,特变电工,10002313,通用,2018-03-31 00:00:00,一季报,2018一季报,058001001,2018-04-27 00:00:00,2019-04-25 00:00:00,CNY,0.1349,,0.1349,7.624855657628,2.992952798663,3.315988825362,-1.021403859554,8006654273.47,1853320076.19,501293517.92,401865755.44,-1.970020289042,-18.414449853634,-31.46136898315,-0.420317332916,-5.152906538368,-9.749871472925,1.7016,,0.803099238,8.5786603689,23.1472474381,0.617620960219,-0.313926934144,-0.473856789044,14.8992884817,1.317092072669,1.011461911029,-0.099639576479,60.4161122727,2.526280407041,1.526280407044,961.374879596969,165.403304729308,136.671239602023,0.09361592643,0.544124557531,0.658514551138,,,,,,,,,,,,,,,,,,,,,,,,,-28.812664907652,5.9880290507,18.18562733232,-3.244134924329,-139.946261400939,-35.0534351145,-22.029989757862,-5.59588068281,2018,1.382182699394,-29.238964690265,,,,-1.970020289042,-18.414449853634,-31.46136898315,-21.156090516548,47.453702076951,142.940196074025,0.511824260186,2.155511714026,2.155511714026,0.247936330353,,,,1.955466148035,0.569009090161,0.35641852985,0.164578156275,46.024831516747,158.169705117601,302.085029760123,0.898464670043,0.418781815147,,57.3449792722,42.6550207278,158.350627434421,29.661928837,41.595428455413,-5253072836.5199,-991954153.037627,0.891355242681,0.081604639984,-4.838528869994,-5.523668832534,-0.168476363741,,,,,,,,,52837203228.5,,,,,,,,,0
600089.SH,600089,特变电工,10002313,通用,2017-12-31 00:00:00,年报,2017年报,058001001,2018-04-17 00:00:00,2019-04-16 00:00:00,CNY,0.6116,0.5236,0.6116,7.504930262012,2.993288886763,3.177487326746,0.480793463282,38281201718.14,8206916828.01,2195762306.72,1892013830.0,-4.577281315131,0.247182359292,-0.233809378726,-8.644014054868,-3.673943920767,-8.681531065142,8.242,7.056,3.3318846062,6.9016533683,21.4385036511,0.127761419971,0.187258867753,0.046704425905,13.6641134854,1.315577702817,1.009205353801,0.049888313667,59.3053853799,2.457327607929,1.457327607926,745.702659673129,134.472478409709,92.651024707038,0.482766147244,2.677127723512,3.885547959543,,,,,,,,,,,,,,,,,,,,,,,,,-10.058823529412,7.266755935,18.046744504426,-1.682071312465,-40.903740289849,-15.740617684,-3.446050780448,-6.519326485844,2017,5.990579610783,-10.218551142701,,,,-26.290754876429,-19.765171602173,-52.092981613947,0.550220611549,-31.101534778021,-62.161173185677,17.830073364106,10.294387608146,10.294387608146,0.943984464717,15777.0,2426392.95925334,139174.894258731,12.114070500498,3.034050948704,1.834593540502,0.853796273944,29.717509072214,118.653248111662,227.126039297898,0.916549144169,0.467040020874,2.788226125004,56.398376578,43.601623422,161.369797880987,25.609537332,46.491320549434,-1523448903.38439,-3712584689.64467,1.130531496831,0.517694500247,0.60721207322,0.676713584598,0.07978547504,,,,,,,,,49577977968.6,,,,,,,,,0
600089.SH,600089,特变电工,10002313,通用,2017-09-30 00:00:00,三季报,2017三季报,058001001,2017-10-28 00:00:00,2018-10-30 00:00:00,CNY,0.546,,0.546,7.400722263393,2.990614052795,3.135058498314,-0.143014550903,28126131623.41,6255321286.41,1855795584.38,1726596265.54,6.779876937624,5.047005040708,11.310068181624,4.198878322245,-2.56647197271,-1.80131802022,7.4284,,2.8706033532,8.1623700345,22.2402475042,0.180711950569,0.121093701672,-0.018908421202,14.2845580085,1.367022621728,1.013466792633,-0.014312475693,60.4318415879,2.527284665576,1.527284665574,767.727072739023,152.001468803132,100.339887419568,0.3516874806,1.776298624783,2.690854125349,,,,,,,,,,,,,,,,,,,,,,,,,0.312327760426,8.3038425027,18.073372618273,0.046280596529,41.283620332528,-8.5510279453,3.284787886443,-7.161602089178,2017,5.236639678827,0.537432796547,,,,20.075884920623,-10.848538854783,-7.998378221283,2.438629547553,-34.026608401316,-37.823241371282,11.241935406986,7.563537398355,7.563537398355,0.825845052851,,,,8.140953639998,2.044243444001,1.377129759298,0.602784098848,33.165647655017,132.078202717165,252.339527941286,0.911122659386,0.431656155565,,59.7903092776,40.2096907224,158.612503987946,24.8700165171,43.165615556501,-4376871614.85178,-6702427610.22737,0.894429499566,0.296115204183,-0.199473535489,-0.231653565346,-0.024708607956,,,,,,,,,51340635637.95,,,,,,,,,0
600089.SH,600089,特变电工,10002313,通用,2017-06-30 00:00:00,中报,2017中报,058001001,2017-08-29 00:00:00,2018-08-28 00:00:00,CNY,0.4206,0.3975,0.4206,7.20963162593,2.989487443692,3.002367392227,0.280201663592,18026631062.43,4204860607.5,1362364096.11,1289432700.0,0.542520445524,12.298982033121,19.836899925715,1.616061120777,3.940914585967,6.801435125801,5.7065,5.4011,2.1522863709,9.4899194978,23.3258260678,0.311534709598,0.2055324503,0.057801776338,14.4457777613,1.342045931383,1.019162333735,0.027524818411,60.9316622005,2.55961747114,1.559617471141,793.660886704178,154.391845896697,94.667516084691,0.226797115765,1.165864679929,1.901391390041,,,,,,,,,,,,,,,,,,,,,,,,,12.580299785867,8.859022825,17.930128519385,1.318397211446,329.250417212648,1.0,13.795960569651,-8.293230738759,2017,3.780969988349,3.191020321963,,,,6.93701877329,13.455896176073,23.625141018913,20.710201408642,21.724838457875,19.914115223871,21.413080656167,4.847630667189,4.847630667189,0.597583662275,,,,5.435860850947,1.372117695879,0.92519004135,0.38630195868,33.113430408848,131.184081759611,249.054256120144,0.921872178552,0.505627701454,2.72203686902,60.4999927109,39.5000072891,157.162158972159,25.6349679266,50.562770145366,-1627360184.52868,-5286305117.83247,1.057454217318,0.227003625532,0.543185480232,0.609086055482,0.053040756786,,,,,,,,,51166578446.11,,,,,,,,,0
600089.SH,600089,特变电工,10002313,通用,2017-03-31 00:00:00,一季报,2017一季报,058001001,2017-04-27 00:00:00,2018-04-27 00:00:00,CNY,0.1895,,0.1895,7.194072506035,2.532416898924,3.427170872555,-0.4256802559,8167556799.54,1880937487.66,614439097.39,586334669.19,-6.226161010295,10.922179485803,15.589534448557,-1.351752054116,2.76220944837,4.169838805493,2.62,,1.0300104303,9.6644292206,23.0293774971,0.590047449412,-0.003969516835,-0.168753369481,12.0345188123,1.226021581636,0.944084008805,-0.037351285092,63.9973262922,2.777571488485,1.777571488484,844.456137808735,156.701239224298,106.231233958253,0.106577471547,0.574341341814,0.847208458817,,,,,,,,,,,,,,,,,,,,,,,,,11.078546307151,9.3154623053,0.439863046563,16.125714951678,48.684017298945,-0.3802281369,15.57758218816,-1.179472880029,2017,1.953310453053,12.952369770529,,,,-6.226161010295,10.922179485803,15.589534448557,-40.716859599974,45.012474164157,69.80993444658,28.44104773472,2.522499297104,2.522499297104,0.329798418923,,,,2.329487469248,0.65957138376,0.420236361201,0.18611981678,38.635108017582,136.452250985996,262.944814206629,0.830205448357,0.394008742337,,57.797031977,42.202968023,149.084001753238,28.3160768921,39.400874233711,-3154598202.13225,-1466648833.3806,0.809807534338,0.08449720241,-1.591648794534,-1.746128670715,-0.070510479105,,,,,,,,,50094895660.78,,,,,,,,,0
600089.SH,600089,特变电工,10002313,通用,2016-12-31 00:00:00,年报,2016年报,058001001,2017-04-18 00:00:00,2018-04-17 00:00:00,CNY,0.68,0.5863,0.68,6.996510891555,2.535681012915,3.231849337311,0.813576807805,40117492192.36,7299146799.14,2190348152.48,1896447903.06,7.11719726784,16.042066778426,26.300192006873,10.297486620518,7.398818443697,15.233808527894,9.7817,8.4516,3.4508009596,6.2471278529,18.1944244275,0.118019557564,0.170419211451,0.065776663663,16.1945506761,1.194094005623,0.871520383964,0.074096626979,63.4413330055,2.7353294915,1.735329491499,651.722905302783,119.022386175603,76.518728392911,0.55238199712,3.024641091205,4.704730561536,,,,,,,,,,,,,,,,,,,,,,,,,16.918844566713,8.7775769235,0.500508342139,16.361093000329,28.470441564486,4.8413719185,10.377039693219,-2.230580014016,2016,6.672402469584,-0.564472280178,,,,37.335414543496,55.309663539283,265.075427676857,63.801117467076,-23.444731323577,-27.333540044829,1.004325096299,12.368775831653,12.368775831653,1.080879628257,16299.0,2461346.84289588,134385.431773728,12.41584970424,3.611493167662,2.181311049497,0.93112300956,28.995196347863,99.681761334483,195.543228629369,0.789193911917,0.444149728568,3.829212172787,56.7052374664,43.2947625336,149.964587120239,27.3585804356,44.414972856774,321029555.088894,747894038.359417,1.029718643493,0.550845528494,0.995179250708,1.052910476821,0.13655697361,,,,,,,,,47576755713.39,,,,,,,,,0
600089.SH,600089,特变电工,10002313,通用,2016-09-30 00:00:00,三季报,2016三季报,058001001,2016-10-28 00:00:00,2017-10-28 00:00:00,CNY,0.5443,,0.5443,6.833296116165,2.532843761873,3.133608245725,-0.243568407509,26340292225.51,5266131124.78,1766633502.46,1551159112.33,-3.938269326979,9.40753764562,10.248994185887,-1.129014390289,2.4660354873,3.724346746945,8.123,,2.7793089495,7.7696344172,19.9926829957,0.142170267584,0.097542623353,-0.029992433927,13.6386759408,1.252300019835,0.899933285379,-0.021010432709,65.0935851413,2.864802942519,1.864802942522,754.792407297871,150.297361843967,105.45825579533,0.357714250156,1.796438717802,2.560254746902,,,,,,,,,,,,,,,,,,,,,,,,,9.209470304976,8.4607823063,0.969501478463,14.965339040612,7.600557294167,1.5375,1.8150923562,0.449625584018,2016,5.208646703188,-9.693757306169,,,,-4.705672747787,9.731159949894,14.202229605882,-8.770344201266,-16.040969251065,-16.451358085165,14.499913101255,8.120995051706,8.120995051706,0.830284253767,,,,7.242152074851,2.156827442737,1.515183536914,0.580614306506,37.281735761612,125.183867123543,255.756993031488,0.764553602486,0.347244980069,,61.1441761711,38.8558238289,146.496018675709,27.8931312318,34.724498006945,-6264261745.60197,-2966781647.26894,0.938172888743,0.320887555618,-0.371452554632,-0.386021173152,-0.045640757949,,,,,,,,,50128970331.21,,,,,,,,,0
600089.SH,600089,特变电工,10002313,通用,2016-06-30 00:00:00,中报,2016中报,058001001,2016-08-30 00:00:00,2017-08-29 00:00:00,CNY,0.3736,0.3312,0.3736,6.622906800771,2.534964967159,2.963299336409,0.065276969423,17929360615.34,3444580641.23,1213158010.38,1075989700.0,-3.573993660212,9.260525645521,8.589008567815,-2.231224589613,5.184785694774,5.30619218806,5.65,5.01,1.8913556862,7.8173558558,19.2119547101,0.284302879495,0.13521586961,0.01180882058,14.9050161396,1.208791829269,0.883549327001,0.005189538335,66.4418370545,2.979900901083,1.979900901081,743.976431445045,145.904947188733,96.002848400211,0.241943148186,1.233679895495,1.874944368834,,,,,,,,,,,,,,,,,,,,,,,,,9.016632623286,7.5566058442,1.075486923852,15.283046588303,-72.110468380597,1.9855595668,0.489307252507,1.134936596672,2016,3.664049426541,-4.076742270702,,,,-8.346130105905,17.484877190825,16.356525032426,5.851641659345,19.006458318842,12.11972450181,8.592311368941,5.527814482499,5.527814482499,0.580898499684,,,,4.144842296165,1.441324906324,1.025975637362,0.385736501099,43.427466508572,124.885096490199,241.907689779444,0.722594299559,0.366404613498,0.545567481498,63.2655287289,36.7344712711,143.806621238318,26.4928152857,36.640461349806,-2546364707.87418,-913461492.064654,0.987952987477,0.227234414351,0.141032529302,0.151059012763,0.01210429131,,,,,,,,,51792706657.49,,,,,,,,,0
600089.SH,600089,特变电工,10002313,通用,2016-03-31 00:00:00,一季报,2016一季报,058001001,2016-04-29 00:00:00,2017-04-27 00:00:00,CNY,0.1706,,0.1706,6.581020062783,2.5213265153,2.951259222801,-0.829527631537,8709845824.31,1561668414.94,553937093.77,507255844.56,2.050381427383,0.858165480006,1.027425171745,0.467257110006,0.249702407191,0.34355879497,2.63,,0.8911853067,7.3452230995,17.9299203045,0.437427102231,-0.186950245538,-0.309090789218,11.2537196497,1.253253838145,0.941010096225,-0.074015903283,64.7611666901,2.837778399772,1.83777839977,741.787453138245,135.789344969228,100.171969864974,0.121328555261,0.662791325935,0.898454928273,,,,,,,,,,,,,,,,,,,,,,,,,0.648967551622,6.3918020994,1.308800282854,15.067948029091,-44.798709446172,-5.0541516245,-8.836075750723,0.264349195564,2016,1.729322241775,-20.740650475315,,,,2.050381427383,0.858165480006,1.027425171745,-13.177547704199,103.041796292117,436.323939166432,-6.940185717396,2.683766907571,2.683766907571,0.260149126706,,,,2.331324068393,0.787812106162,0.502058822769,0.195225014979,38.604671577055,114.240437911591,235.954512801964,0.783763629915,0.376009783391,,62.1751553655,37.8248446345,147.113229369448,26.9964940737,37.600978339056,-3746130326.87738,-1458746258.60371,0.578474745452,0.068722859153,-4.017100580493,-4.208051750501,-0.156180108971,,,,,,,,,47479738197.56,,,,,,,,,0
600089.SH,600089,特变电工,10002313,通用,2015-12-31 00:00:00,年报,2015年报,058001001,2016-04-19 00:00:00,2017-04-18 00:00:00,CNY,0.5816,0.4627,0.5816,6.431942215882,2.523052922561,2.777431230645,0.633279373759,37451962164.44,6746413033.44,1887546657.25,1501540000.0,3.817644234354,14.493873189559,9.530321109691,1.160732158956,0.188249496868,-5.741751458454,9.33,7.42,3.1263757111,5.407266222,18.0135102236,0.120333446327,0.146006120545,0.054938608411,14.5067690664,1.229456594723,0.941765183994,0.057960356562,64.8887280037,2.84808821539,1.848088215392,622.642964183249,110.521239423239,80.510060544327,0.578180467312,3.257292461419,4.471490861714,,,,,,,,,,,,,,,,,,,,,,,,,10.992366412214,6.6143141223,1.378168628187,15.953840736709,248.503325362976,4.7138047138,-4.605792349989,0.528584125814,2015,6.710280140901,-5.674146813723,,,,4.475382719902,1.317111462835,-49.163206608556,13.658354941231,-45.911295918718,-77.268610497137,5.830069305052,11.527037034143,11.527037034143,0.919585727956,16748.0,2236205.04922618,112702.809723549,10.314176960395,3.758020500511,2.116367722452,0.950894111457,34.903415113231,95.79511339841,191.030879644805,0.781705766267,0.423021051308,2.302106647841,62.11978182,37.88021818,146.270247218499,25.567974,42.302105130766,161336089.031706,-561165120.368616,0.967558435494,0.515759597661,1.079083139921,1.016014491532,0.117849856533,,,,,,,,,45590433532.32,,,,,,,,,0
600089.SH,600089,特变电工,10002313,通用,2015-09-30 00:00:00,三季报,2015三季报,058001001,2015-10-28 00:00:00,2016-10-28 00:00:00,CNY,0.4984,,0.4984,6.30024601599,2.508523588594,2.725698259906,-0.263603762508,27420172467.19,4787801151.76,1614727413.19,1406959876.4,3.579072198344,17.066242713925,18.746503470049,-1.531538751532,2.30767515246,2.364900018612,8.0,,2.7297612615,6.2355013725,17.4608717633,0.206287880363,0.064265829323,-0.031234769849,12.7302618527,1.297842009941,0.981901701318,-0.026437450784,64.8022177911,2.841088094883,1.841088094885,616.751872881169,112.591720275486,96.387702946685,0.437777349161,2.39804489477,2.801187202784,,,,,,,,,,,,,,,,,,,,,,,,,12.556458897922,4.3629002721,-0.093430150118,16.568067700075,75.026434616742,7.36381571,0.089113611216,3.384688571355,2015,5.767759290847,-2.296005896556,,,,-6.124473808576,9.200318103512,9.703446144869,-12.2555219795,-10.108337311814,-14.875307794447,6.943071192807,8.439433483461,8.439433483461,0.747666436762,,,,5.447597652697,2.727260567693,1.553045071968,0.710627112182,49.563131716659,99.000441394712,208.9810907919,0.766155028005,0.303940749884,,63.7250303993,36.2749696007,146.348838094894,24.5331972724,30.394074988424,-4935394005.91354,-3027241687.27246,0.839365291924,0.348835356336,-0.501731115729,-0.500918338123,-0.049284398057,,,,,,,,,42755359448.23,,,,,,,,,0
600089.SH,600089,特变电工,10002313,通用,2015-06-30 00:00:00,中报,2015中报,058001001,2015-08-26 00:00:00,2016-08-30 00:00:00,CNY,0.3427,0.3058,0.3427,6.157601152236,2.507991842838,2.57045543478,0.234055452468,18593905623.51,3289600048.29,1110335139.99,990882700.0,8.923563273507,21.026474441476,23.004117724865,2.147148353405,4.595620828337,3.401325275135,5.54,4.95,1.8821462083,6.3452905913,17.6918185716,0.288636859829,0.134562211614,0.040898278499,12.7304273748,1.280917711009,1.005471707435,0.023048988443,65.6962265369,2.915131191254,1.915131191258,606.835059569962,104.255211127652,82.061271439076,0.296620963409,1.726532401144,2.193482952962,,,,,,,,,,,,,,,,,,,,,,,,,14.961422341496,4.0563503568,1.6709168287,14.384281479834,145.527297397186,9.2702169625,2.470047610598,4.370587532295,2015,3.819771672978,3.625384102532,,,,8.526691942521,16.849237381611,11.698111739567,17.858639450059,2.164409184474,-2.6512086518,6.799749156038,5.722868078059,5.722868078059,0.507886743568,,,,3.928387573706,1.906492623204,1.046179528445,0.480533330939,45.82032618289,94.414212679982,186.317801370727,0.817835501869,0.441285029757,1.659379966114,63.9552867411,36.0447132589,144.358449786696,28.0646531693,44.12850297569,-990892858.626816,-2011170966.2547,0.891781869912,0.250934688341,0.636724246166,0.644545398041,0.043176546241,,,,,,,,,43411919151.93,,,,,,,,,0
600089.SH,600089,特变电工,10002313,通用,2015-03-31 00:00:00,一季报,2015一季报,058001001,2015-04-15 00:00:00,2016-04-29 00:00:00,CNY,0.1695,,0.1695,6.185645823192,2.488753699837,2.56479695115,-0.572883304492,8534848868.26,1644417208.42,549223844.33,502097171.83,9.39505303776,25.614245769805,36.449250587528,2.031860942314,6.793234596151,9.783689893236,2.77,,0.9775635637,6.8882486194,19.2670922919,0.670903167504,-0.106190989873,-0.217486978584,8.8269259276,1.321821343279,1.009480931309,-0.066218616884,64.590422428,2.824094690107,1.824094690107,634.170911014343,113.609495405834,93.400062946911,0.141917578427,0.792187305106,0.963596780991,,,,,,,,,,,,,,,,,,,,,,,,,15.857826384142,5.3472613389,1.707060166386,15.089087939174,46.691017874817,9.0551181102,11.332870608583,2.317940992239,2015,2.181852680025,17.031097708455,,,,9.39505303776,25.614245769805,36.449250587528,-11.114404420537,103.96571966819,169.87710752738,14.892601664573,2.634103927606,2.634103927606,0.267116409415,,,,2.01058364045,0.925227520525,0.477350134453,0.23648801052,44.763121607734,97.273371147598,207.007425763586,0.837006671459,0.376549536962,,60.755102536,39.244897464,145.697066848438,26.8035445344,37.654953696241,-2091770161.37086,-1948019821.14348,0.626956758323,0.08773935385,-3.173279317783,-3.157362496615,-0.104131269543,,,,,,,,,39391917036.63,,,,,,,,,0
600089.SH,600089,特变电工,10002313,通用,2014-12-31 00:00:00,年报,2014年报,058001001,2015-04-14 00:00:00,2016-04-19 00:00:00,CNY,0.524,0.4357,0.524,6.032906808837,2.488753699837,2.395290412977,-0.426441207435,36074756310.11,6140343627.05,1648600579.81,1370889800.0,23.650872620465,24.106485984393,24.709424605774,-1.063442037626,-2.038923812965,-3.352556085128,8.91,7.41,3.2773223743,5.0212909234,17.0211645347,0.169526109587,0.064565249677,-0.038301756204,11.6778750958,1.230499097042,0.927821780684,-0.048401740099,64.5475399539,2.820678730615,1.820678730616,551.567568264561,88.269110477652,66.419827379561,0.652685220657,4.078436930563,5.42006828688,,,,,,,,,,,,,,,,,,,,,,,,,3.968253968254,8.8940131984,42.090160912273,-4.611229036753,-163.152144751957,-5.2127659574,10.91231653885,-6.283931666512,2014,7.113935272496,14.198917136364,,,,-3.881529024761,-11.302674525649,-20.357018512748,2.126813019342,-41.702802160429,-50.94671402809,5.207839847174,11.13372465648,11.13372465648,0.800660693619,15488.0,2329206.88985731,106443.735783187,9.131384083994,3.897035146837,2.072353706055,1.138168763815,39.424472422646,92.377919735261,154.68934852428,0.778578519267,0.391780786765,-1.661345181452,59.2445537819,40.7554462181,145.205201511914,25.5613798751,39.178078676548,-2855626109.04748,-1429333391.04575,0.953441455692,0.580100783881,-0.816060880113,-0.762787036005,-0.077047118006,,,,,,,,,38271341004.31,,,,,,,,,0
600089.SH,600089,特变电工,10002313,通用,2014-09-30 00:00:00,三季报,2014三季报,058001001,2014-10-29 00:00:00,2015-10-28 00:00:00,CNY,0.4428,,0.4428,6.036863674319,2.510869497735,2.338288961707,-1.055531152491,26472695579.55,4322265459.43,1379327956.34,1184843204.04,37.987362755064,34.596171701134,36.870638053298,4.958510031973,7.126835571817,4.750542166482,7.4513,,2.7273308385,5.5369957196,16.3272585765,0.207897846608,-0.023144107756,-0.129192058796,9.7840627321,1.296167516614,0.994738108552,-0.134479474193,62.6806722413,2.679576669938,1.679576669939,548.15089654423,83.526024792792,73.416519384045,0.492565097863,3.232525439464,3.677646424337,,,,,,,,,,,,,,,,,,,,,,,,,13.888888888889,11.2549913508,41.067987923102,-3.372944017477,35.266511979334,2.0726027397,13.691568114434,-5.444727344546,2014,5.903299393001,21.70327336002,,,,22.430888755272,31.994145017968,20.425002100083,1.438770275124,-3.811889795752,-13.327541513911,-2.414318592043,8.170247941909,8.170247941909,0.63948998467,,,,5.470612813324,2.681689722325,1.565060866908,0.864729321859,49.354616971324,100.682788822382,156.94412829511,0.818680661839,0.348423868526,,58.6148050568,41.3851949432,152.283082980829,24.5401998204,34.842386852635,-5585266591.67116,-3771368497.05986,0.880214730713,0.414338230637,-2.484269195268,-2.333251917463,-0.201798795223,,,,,,,,,35250512569.31,,,,,,,,,0
600089.SH,600089,特变电工,10002313,通用,2014-06-30 00:00:00,中报,2014中报,058001001,2014-08-28 00:00:00,2015-08-26 00:00:00,CNY,0.2981,0.2618,0.2981,5.917564022882,2.466774099287,2.247210369751,-0.514099157756,17070599845.16,2827815212.63,917431615.78,805568722.68,48.370886072279,35.945421880696,46.275597283405,9.497527709561,9.776385725343,13.870154118533,5.07,4.45,1.8367769433,5.6806385942,16.565412102,0.295913407814,-0.002935434085,-0.095344815905,10.6397693275,1.289717865475,0.998142167004,-0.066619473493,62.9451535056,2.698702314557,1.698702314555,556.689776995772,83.17277948933,65.350971846164,0.323339869777,2.164169588959,2.754358426738,,,,,,,,,,,,,,,,,,,,,,,,,16.399843811011,12.2151429387,40.668855859657,-1.745660930579,49.350000935526,4.7520661157,13.85817698923,-3.50643453439,2014,3.686135116468,25.813580782523,,,,48.169695822941,41.112699686297,60.494282367788,18.80166881366,9.827890124041,18.920270165662,-4.521153466775,5.391999060191,5.391999060191,0.411312691886,,,,4.047847402872,1.750423770201,1.002195776952,0.571179911907,44.468079471647,102.832241577324,148.521596234643,0.858291821262,0.450428428434,-3.716068508749,57.9873291581,42.0126708419,151.417099612749,26.185162946,45.04284284344,-3008656525.22545,-2834423032.36571,0.906510668321,0.284783892112,-1.729985493608,-1.678417211812,-0.09471190591,,,,,,,,,34203344713.69,,,,,,,,,0
600089.SH,600089,特变电工,10002313,通用,2014-03-31 00:00:00,一季报,2014一季报,058001001,2014-04-29 00:00:00,2015-04-15 00:00:00,CNY,0.1463,,0.1463,5.871672167433,2.446982240727,2.228531824412,-1.074646863725,7801859984.76,1308344960.4,437230539.39,367973565.02,48.610614706628,30.689498305538,32.333574124496,8.747283735555,7.729272474828,8.178940134195,2.54,,0.8780547545,5.930354656,16.7696544536,0.510249312872,-0.325640199737,-0.436080430548,11.023955543,1.30661265398,1.011597362157,-0.142297699337,63.1271718348,2.712024137448,1.712024137452,607.857216536983,90.730369254627,77.981067177075,0.148061086636,0.991950112618,1.154126293189,,,,,,,,,,,,,,,,,,,,,,,,,15.287628053586,11.0980773747,38.849838336508,-2.17236885669,-12.227016948105,4.5267489712,8.987484953879,-1.908822296951,2014,1.864335824193,15.58822122429,,,,48.610614706628,30.689498305538,32.333574124496,-21.901884028774,44.021991392383,57.522429665882,-9.717537035415,2.464331780204,2.464331780204,0.207913228191,,,,1.849247170809,0.776825461935,0.46541729937,0.262229947012,48.66845353109,115.856140677751,168.708650225983,0.869294134475,0.439036767562,,57.7066988933,42.2933011067,151.098315403865,26.7427236926,43.903676756218,-4083700414.15535,-3764673441.88366,0.587886845633,0.084723598754,-7.896784687104,-7.353361743849,-0.204405232613,,,,,,,,,34174630910.14,,,,,,,,,0
600089.SH,600089,特变电工,10002313,通用,2013-12-31 00:00:00,年报,2013年报,058001001,2014-03-28 00:00:00,2015-04-14 00:00:00,CNY,0.504,0.4171,0.504,5.540163900331,1.751531340283,2.511082162805,0.675260055078,29174688011.17,4720058558.46,1328375843.32,1099267200.0,43.53989803976,35.461176666335,53.43077285329,17.940984559195,9.425936520252,14.277076018777,9.4,7.78,2.9548768582,4.7245942358,16.1786085138,0.17103337209,0.14998931514,0.061001107605,11.2806087014,1.132779303388,0.890750581497,0.071327868454,68.8756379794,3.212917261848,2.212917261846,575.609071555143,74.654182052947,55.64279853183,0.625424472598,4.822234871513,6.469839934346,,,,,,,,,,,,,,,,,,,,,,,,,35.447460360118,6.8870174903,-2.069838212201,16.73592014007,-7.194145551346,27.198917456,19.751894063762,6.667273071206,2013,6.229424455927,30.958294761221,,,,79.937920461595,60.491771165642,142.664117174084,30.084013580726,-13.245537623312,-25.82846654066,-4.089949283731,11.06963597198,11.06963597198,0.743702104495,14570.0,2002380.78319629,91171.9865010295,7.092758757273,3.731093678865,2.226986910344,1.13366650848,50.755991049443,96.486454371071,130.297863893912,0.721970682077,0.415294947399,3.363090207884,55.1478660621,44.8521339379,138.128531276075,27.7796301923,41.52949473992,437144325.951718,2315253772.36096,0.886370659724,0.504568696785,1.377691839836,1.291139610318,0.105421004816,,,,,,,,,35299367470.09,,,,,,,,,0
600089.SH,600089,特变电工,10002313,通用,2013-09-30 00:00:00,三季报,2013三季报,058001001,2013-10-25 00:00:00,2014-10-29 00:00:00,CNY,0.3888,,0.3888,5.426150863905,1.779900269864,2.419911212166,-1.630579758276,19184869578.63,3209859498.31,1024789887.34,865666457.68,29.861528141316,29.478929656879,39.580161793354,12.447091572624,9.513516401052,14.7852995924,7.3,,2.3988857606,5.521830853,16.7312031242,0.190229602341,-0.131550337905,-0.224004156464,9.010470373,1.245550480324,0.902121238476,-0.21519002666,66.2899809614,2.966477114281,1.966477114286,621.494509994919,92.637808773006,76.081167432029,0.434436661399,2.914576710915,3.548841442808,,,,,,,,,,,,,,,,,,,,,,,,,29.47052947053,6.420334884,0.274766705075,14.547708439854,-158.436490947695,22.2780569514,11.052809258722,7.504760105373,2013,4.850567474499,21.079322620098,,,,55.413623310586,43.135032692978,64.857387854618,22.764376613832,2.83307571557,15.51117943279,0.711024360605,7.279238849925,7.279238849925,0.560816854005,,,,4.207194310052,2.524967233764,1.601692789441,0.798033942455,64.175785595374,106.932080697739,168.719124457653,0.685855059314,0.236188536707,,53.7525589234,46.2474410766,144.014416758435,29.6938178692,23.618853670709,-6898766932.80033,-252469909.983863,0.706656600879,0.292962675323,-4.276943832002,-4.056700801332,-0.29361614581,,,,,,,,,30676292671.27,,,,,,,,,0
600089.SH,600089,特变电工,10002313,通用,2013-06-30 00:00:00,中报,2013中报,058001001,2013-07-30 00:00:00,2014-08-28 00:00:00,CNY,0.2561,0.209,0.2561,5.273409513111,1.753603584967,2.287136009498,-1.015003291711,11505356810.26,1996159189.84,674852895.44,550719831.36,17.019616533809,23.375278182028,28.327697458035,3.102699848151,7.67203577756,8.515813962795,4.84,3.95,1.6132147834,6.0084768009,17.3498242841,0.321822322681,-0.133334462638,-0.232509252622,9.2934623729,1.233063204849,0.942082954629,-0.148344845024,65.2324879922,2.876248377438,1.876248377436,670.416509474443,88.501586953034,67.331620602293,0.268489808136,2.03386183454,2.673335327293,,,,,,,,,,,,,,,,,,,,,,,,,23.421686746988,5.5660168271,-0.2055099364,13.234805902882,-24.769555473932,16.0337552743,2.608443838633,10.506213372493,2013,2.929838808768,1.714980262817,,,,11.83533972575,30.226060043247,31.787105257224,19.155195213929,1.715521651666,-1.94576308451,3.605872838102,4.365431828048,4.365431828048,0.335776791002,,,,2.536616192485,1.619419087406,1.122509788761,0.506379119003,70.960676090155,111.150968516942,155.83243663049,0.707935051439,0.336615295121,-14.548813112885,50.9301247366,49.0698752634,145.84474502914,30.0462534098,33.661529512132,-3961281111.92323,885957929.705372,0.758195378047,0.199803344283,-4.276255561352,-3.869687115854,-0.239275109694,,,,,,,,,28480159311.02,,,,,,,,,0
600089.SH,600089,特变电工,10002313,通用,2013-03-31 00:00:00,一季报,2013一季报,058001001,2013-04-27 00:00:00,2014-04-29 00:00:00,CNY,0.1269,0.1055,0.1269,5.2851,1.762322714987,2.27801879527,-0.957565203949,5249867245.46,975144637.65,334556750.97,278065160.3,23.861212620062,17.108862077374,25.107528563036,4.975903135641,4.984195130133,7.788903326031,2.43,2.02,0.8056473226,6.4984284912,18.5746532637,0.767732458295,-0.352347159668,-0.480720802586,7.7994201083,1.260870124774,0.996307823353,-0.146182021352,64.3556059913,2.805490253968,1.80549025397,725.948622696709,91.280640943414,75.284772859759,0.123975715617,0.985970289755,1.195460869194,,,,,,,,,,,,,,,,,,,,,,,,,17.066420664207,5.6878538826,-1.110962355395,13.862874829835,2.849115866575,10.4545454545,-3.744571667145,10.574784157599,2013,1.612911596395,9.749647987588,,,,23.861212620062,17.108862077374,,-5.438702292077,76.86458961934,188.853691006839,-0.817978930056,1.99193627319,1.99193627319,0.17774262277,,,,1.117781412591,0.73986993304,0.567349365769,0.233463343292,80.516636782634,121.643002345298,166.560199123997,0.742984845778,0.339886114085,,51.0420512635,48.9579487365,147.6601611133,28.2081663859,33.988611408524,-3473471442.75818,642628518.172776,0.636919959858,0.078404984011,-8.241072490653,-7.397493151402,-0.274695751349,,,,,,,,,27445799984.36,,,,,,,,,0
600089.SH,600089,特变电工,10002313,通用,2012-12-31 00:00:00,年报,2012年报,058001001,2013-03-27 00:00:00,2014-03-28 00:00:00,CNY,0.3721,0.2718,0.3721,5.18,1.788551461886,2.151079256318,0.727605019198,20325141935.86,3428551146.75,980632145.69,716458100.0,11.893356633585,-20.224399240677,-30.72287385404,0.519425522069,-1.9608555194,3.515054427721,7.39,5.41,2.4674990582,4.5924438051,16.8685225302,0.238952398805,0.218994364986,0.094348495771,11.5161979948,1.327665856352,1.092886523605,0.109713457791,64.5705435194,2.822510135168,1.822510135166,670.022452211314,78.129164617506,59.422528920809,0.537295427656,4.607754373958,6.058308297174,,,,,,,,,,,,,,,,,,,,,,,,,-20.218696397942,6.3047696151,1.108908775978,13.676936077634,8.447406161242,-25.8776328987,-42.823781739059,10.964443600708,2012,4.756800221998,-35.958110133093,,,,1.928264500686,-9.394582144873,33.819837508933,12.354459990989,-22.627791329358,-49.610492883436,-11.876338076994,7.711887860554,7.711887860554,0.481430947237,14345.0,1416879.88399164,68360.5538996166,5.310915032852,3.537750583043,2.456007764981,0.934089732147,67.784929296197,101.759576191023,137.551001292412,0.905506404065,0.619995879196,5.34794463531,55.1931948774,44.8068051226,147.063756900096,29.4486951048,61.999587919606,-3724124775.57882,-2977706110.90965,1.017238828979,0.491750260886,2.536504452358,2.054428965823,0.205771137277,,,,,,,,,27148532525.66,,,,,,,,,0
600089.SH,600089,特变电工,10002313,通用,2012-09-30 00:00:00,三季报,2012三季报,058001001,2012-10-27 00:00:00,2013-10-25 00:00:00,CNY,0.3003,0.2353,0.3003,5.0988,1.775023097385,2.112579330591,-0.630940217574,14773328061.99,2454304821.09,791472319.13,620193046.46,16.161157787461,-22.440031872976,-35.547960701873,2.143668954683,-7.974677716467,-15.118983696389,5.97,4.68,2.1601306411,5.2668640026,16.6130800778,0.264213403532,0.006675529254,-0.112559654257,10.2762960583,1.479014752678,1.230232359758,-0.114259268929,61.662368156,2.608403158727,1.608403158727,658.318183942557,75.078010849256,77.258637115502,0.410136020219,3.596259370032,3.494754891888,,,,,,,,,,,,,,,,,,,,,,,,,-22.443181818182,6.6692757769,1.686621889629,13.139105792382,36.9059782426,-28.4172661871,-43.124220779324,12.77700146669,2012,4.006107210988,-37.824916405022,,,,9.394667775098,-26.174344114423,-39.221309555848,-11.658994415243,-6.441169288777,-7.660286503389,-22.392673523448,5.605385177667,5.605385177667,0.390718611948,,,,3.29743220307,2.731972381989,1.841987557031,0.706220703434,81.881895781995,98.829696002793,152.334802561549,0.928995127903,0.46452213454,,56.0127696168,43.9872303832,153.758661645025,29.3145372441,46.452213453961,-8079072233.7672,-3952015162.5651,0.868014187797,0.333695273886,-2.460080367024,-2.137128549365,-0.188779449158,,,,,,,,,23696014664.66,,,,,,,,,0
600089.SH,600089,特变电工,10002313,通用,2012-06-30 00:00:00,中报,2012中报,058001001,2012-07-27 00:00:00,2013-07-30 00:00:00,CNY,0.2075,0.1628,0.2075,4.9954,1.757214836059,2.019817132428,-0.813502370715,9831989841.58,1646463578.19,546991994.98,429151182.69,19.88804570694,-20.645979184628,-33.765949693334,6.019057780484,-4.484676157184,-9.134638568535,4.1712,3.2726,1.5722047066,5.4930449311,16.745985347,0.272251013107,-0.097681497852,-0.21806716774,12.3174189953,1.672987641725,1.399331738475,-0.1784141064,59.0306065165,2.440846483126,1.440846483124,628.892715705404,71.675629293625,67.4342936317,0.286217339627,2.511313842291,2.669265003102,,,,,,,,,,,,,,,,,,,,,,,,,-20.650095602295,6.3794575853,-1.665771493204,15.975449696205,-47.748341938794,-26.2452479887,-43.347724352083,14.250186889147,2012,2.880439834131,-33.481244499538,,,,25.144733937568,-16.338866301223,-28.377735371739,31.96818649069,-8.529913350083,,-24.632753428128,3.730512846781,3.730512846781,0.271529978595,,,,2.143434908801,1.909194813071,1.216768181468,0.486523233592,83.977357679935,94.280582980667,139.109433877959,1.020710857407,0.559176059554,-11.249500411827,57.2935478973,42.7064521027,159.855722557862,25.8822950502,55.917605955431,-5844764523.25085,-3377537035.34056,0.836000698751,0.234238635988,-4.342794459595,-3.969877735841,-0.240126271712,,,,,,,,,20714133773.85,,,,,,,,,0
600089.SH,600089,特变电工,10002313,通用,2012-03-31 00:00:00,一季报,2012一季报,058001001,2012-04-26 00:00:00,2013-04-27 00:00:00,CNY,0.1084,0.0843,0.1084,5.0,1.782121413013,2.000668610093,-0.985647441596,4238507870.55,793781102.68,285680131.32,222260933.05,13.591330158184,-24.214809864802,-38.100656674187,2.791904034696,-7.425756659819,-13.228439600038,2.2,,0.8369889746,6.7175425736,18.7278430741,0.584991809952,-0.449679759762,-0.612888519453,9.9768952665,1.6119716474,1.300167581444,-0.204721500352,58.200978172,2.392400482755,1.392400482756,722.325920599467,93.885184164726,75.325681655567,0.124597494612,0.95861770737,1.194811623631,,,,,,,,,,,,,,,,,,,,,,,,,-41.689080150619,-16.3763743377,-30.077399128954,-9.472077111982,-10.647445172429,-30.1587301587,-47.86778224475,19.571793068996,2012,1.469628036144,-42.484243312114,,,,13.591330158184,-24.214809864802,,-22.183315015114,36.837552359173,,-21.165294115531,1.60820020332,1.60820020332,0.13420232139,,,,0.975771506254,0.79865552731,0.589063097863,0.207936967357,92.234708047051,112.689384750312,169.213332885372,0.987087302495,0.58395928128,,59.4214218642,40.5785781358,162.222635880576,24.6610705883,58.395928128003,-4601866899.41517,-2198332839.59124,0.728462416428,0.089696347854,-10.237936181394,-9.123701305005,-0.362881451936,,,,,,,,,20034368955.77,,,,,,,,,1
600089.SH,600089,特变电工,10002313,通用,2011-12-31 00:00:00,年报,2011年报,058001001,2012-03-28 00:00:00,2013-03-27 00:00:00,CNY,0.4664,0.3924,0.4664,4.88,1.768935579998,1.892274132766,0.670928927628,18164744134.38,3477072888.25,1229238183.55,1034191427.76,2.219748574667,-23.711624489922,-31.307479797263,3.16160465474,-2.509709215493,-13.707717058292,9.97,8.39,4.3156038179,6.7981788647,19.1418764973,0.156951542897,0.203842358825,0.097346448927,11.046707769,1.451670993158,1.220811071825,0.126371369738,58.1903008064,2.391789511255,1.391789511255,567.091997915603,71.784931256418,56.439107522555,0.634817633335,5.014980075889,6.378555859625,,,,,,,,,,,,,,,,,,,,,,,,,-45.754826703885,-16.2235566443,-31.365945538203,-6.511175463506,-30.11157003875,-45.7267283615,-44.830563371262,25.386183338178,2011,7.427638740649,-46.552448268408,,,,11.38418724503,-13.162296557592,-69.546884399302,20.584598236557,-36.956815744074,-77.113944302417,-9.249240307236,6.892176705189,6.892176705189,0.557401111162,14407.0,1260827.66255154,85322.2866349691,6.578982403051,3.812048727313,2.801737286929,1.043992821579,54.719708603116,94.437407743671,128.223363021649,1.000137702402,0.706603242893,6.79286125965,60.4322165221,39.5677834779,161.978120165491,20.5563208748,70.660324289311,-2367048922.76937,-3168908354.97031,1.032939990724,0.558218204332,1.564216029397,1.431948921387,0.244505177285,,,,,,,,,19559195307.33,,,,,,,,,0
600089.SH,600089,特变电工,10002313,通用,2011-09-30 00:00:00,三季报,2011三季报,058001001,2011-10-28 00:00:00,2012-10-27 00:00:00,CNY,0.3872,0.3651,0.3872,4.78,1.745581733762,1.867240611277,-1.0,12717958690.65,2722480927.34,1020464987.6,962255117.47,-1.259616476971,-25.561700359386,-24.191128997728,2.2892875143,-5.945304138665,-5.216710581758,8.34,0.0,3.7979798619,8.0607590709,21.4065872799,0.198400028198,-0.074646967275,-0.2077018636,10.9487994943,1.444223326478,1.131606745448,-0.220246168529,54.6763678357,2.206354504809,1.206354504809,573.042782813487,86.122627338266,73.837007479424,0.471169008838,3.135064597362,3.656702908433,,,,,,,,,,,,,,,,,,,,,,,,,-48.510638297872,-16.1403508772,-32.243161500492,-5.211891361483,-422.58064516129,-52.8547201809,-43.395466695775,20.060112011967,2011,6.443267912729,-47.827173858656,,,,9.558241697668,-19.398739257688,-17.345381591802,1.059876724616,6.023275390391,8.814114740249,-3.978499712339,4.825524542311,4.825524542311,0.466524437335,,,,4.327423007053,2.874207989356,2.197304807242,0.799688709906,62.392791173859,93.938921956896,159.958721018885,0.861264125038,0.419354002059,,57.0366740008,42.9633259992,171.71045370286,19.8364707364,41.935400205899,-5698256455.53437,-1592046885.22578,0.887629161663,0.371722943786,-2.422947702022,-2.576703530928,-0.452223190526,,,,,,,,,16604632215.77,,,,,,,,,1
600089.SH,600089,特变电工,10002313,通用,2011-06-30 00:00:00,中报,2011中报,058001001,2011-08-19 00:00:00,2012-07-27 00:00:00,CNY,0.2615,0.2458,0.2615,4.6958,1.786981870649,1.741590257006,-0.5506,8200975988.56,1822189743.98,689305960.0,647931359.63,-6.352628583703,-28.199252901809,-27.119417019966,-1.685520788191,-15.071020996134,-14.025155935714,5.6555,0.0,2.7751836773,8.63108084,22.2191815526,0.278056381773,-0.048147470477,-0.176956344801,11.9475269562,1.629344082998,1.30575185745,-0.145552012772,51.6678424113,2.069015847606,1.069015847608,559.816838041134,82.58890944758,69.707799579749,0.321533737052,2.179469388856,2.582207458637,,,,,,,,,,,,,,,,,,,,,,,,,-51.03913124883,12.5046631253,77.329225203113,-12.631079380333,-228.344988344988,-57.6373387665,-45.147482974254,-12.278236406136,2011,4.330267174212,-54.848697897513,,,,-6.193831774197,-43.234477940114,-41.659366744639,19.78483928472,-17.140999625872,,-1.783718183159,3.111663739936,3.111663739936,0.305354941632,,,,3.774331123954,1.872497110503,1.41726622714,0.533725093328,47.690569292565,96.128319232304,152.295750413267,1.104870608863,0.640850982129,-25.968999928821,59.2982118588,40.7017881412,184.111965248783,18.3548469435,64.085098212887,-3631780876.6838,-1369191843.20055,0.89282182712,0.267267200822,-1.925880895525,-2.050222307984,-0.248571124929,,,,,,,,,14154841169.25,,,,,,,,,0
600089.SH,600089,特变电工,10002313,通用,2011-03-31 00:00:00,一季报,2011一季报,058001001,2011-04-26 00:00:00,2012-04-26 00:00:00,CNY,0.1859,0.1771,0.1859,5.98,2.54870584162,2.210001672708,-0.8908,3731365646.17,886417086.1,376960367.6,359068321.42,-6.542136814757,-8.010872124293,-8.84270447792,-1.469863844884,-2.037329693703,-2.313552116794,3.15,0.0,1.6055119284,10.5232351537,23.7558355346,0.53599556865,-0.280745377751,-0.484001728931,11.2041522296,1.5481735067,1.261937809818,-0.178556712407,48.6745048127,1.948349443782,0.948349443781,589.899798981349,87.348453867215,77.695694819325,0.152568283894,1.030355959555,1.158365340696,,,,,,,,,,,,,,,,,,,,,,,,,-18.464912280702,49.8746867168,147.512452011729,23.654386331546,-583.653108211819,-44.8336252189,-28.877654408189,-13.944465863987,2011,2.555174652607,-40.66780587753,,,,-6.542136814757,-8.010872124293,,-23.695336615269,56.793943122035,,3.80664221955,1.840510417022,1.840510417022,0.216410943957,,,,1.778401098594,0.866010195823,0.65320389549,0.247564201054,50.607256187106,103.924873441553,165.03809066264,1.081775451453,0.633645101747,,61.8966561406,38.1033438594,195.493245736612,11.9147469705,63.364510174684,-2387731497.67383,-375006268.603958,0.888676543242,0.131075203756,-4.30867378752,-4.599362476109,-0.317391818869,,,,,,,,,12313812212.89,,,,,,,,,1
600089.SH,600089,特变电工,10002313,通用,2010-12-31 00:00:00,年报,2010年报,058001001,2011-03-31 00:00:00,2012-03-28 00:00:00,CNY,0.8598,0.8034,0.8598,5.82,2.577343847554,2.024064525517,0.96,17770288410.67,3748251444.18,1611304704.46,1505537174.51,20.441476652633,5.405949840599,2.75123286949,5.021043781015,-4.072663393925,-1.327863198404,18.37,17.17,7.8224540282,9.3506321806,21.092800283,0.113270421236,0.21820086398,0.109316035016,10.095646136,1.624589224639,1.329951527054,0.217860349342,46.4088620111,1.865980155538,0.865980155537,430.328842186269,69.232871872497,46.178835715974,0.836569536383,5.19984207304,7.795779049394,,,,,,,,,,,,,,,,,,,,,,,,,1.093474426808,50.0,124.760857476567,29.810263727336,-13.726596417899,-28.8811459543,-15.746403719526,-19.679056242201,2010,13.897060763325,-19.467188935656,,,,21.027022259176,-22.151281781023,-7.899437045337,18.607828322655,-41.484402157094,-37.883590455712,-8.980803392191,8.765262918389,8.765262918389,0.952563251435,11639.0,1526788.24732967,138440.132696967,10.176363479759,4.941576707419,3.396696650065,1.39280721727,35.376094880655,72.851241883894,115.412143669025,1.175496343845,0.817211100564,15.126696581319,61.3397164335,38.6602835665,204.454182447596,7.6589484539,81.721110056412,242957355.407943,-2898232898.05683,0.937375287857,0.705352191742,1.102192644962,1.169076410077,0.338739533166,,,,,,,,,10959806220.41,,,,,,,,,0
600089.SH,600089,特变电工,10002313,通用,2010-09-30 00:00:00,三季报,2010三季报,058001001,2010-10-28 00:00:00,2011-10-28 00:00:00,CNY,0.752,0.6963,0.752,5.7,2.576244365024,1.969910190315,0.31,12880199809.72,2871451920.49,1370887019.89,1269317303.83,20.220649954935,12.382617049086,5.011170037114,2.820986049775,-0.895264087348,-2.443625163614,17.69,0.0,6.7096743674,10.9464938402,22.2935355267,0.198755300947,0.174781467541,0.048867261542,11.1154310779,1.718211337845,1.392723042007,0.074749358186,45.5408269403,1.836237944531,0.836237944531,440.491322683533,74.277193614831,51.437751066424,0.6129519155,3.63503232769,5.249063079203,,,,,,,,,,,,,,,,,,,,,,,,,10.800058936202,59.6638655462,156.024825671725,36.176052537354,-39.21568627451,,-13.584887902937,-20.276456271236,2010,12.349854108484,-13.207302446755,,,,12.688607344567,-3.561616873659,-9.132207678327,-13.470318161286,-25.330366763417,-23.195043624591,-5.754818154956,6.353207959517,6.353207959517,0.837784116704,,,,7.539784632309,3.742003882404,2.649680303713,1.010234510912,35.810041422536,72.153853519399,125.715243462054,1.2410547494,0.827422839549,,62.4730804717,37.5269195283,209.901899159568,6.0277715867,82.742283954914,-72119245.6388203,-3326553354.90036,0.933913590407,0.519412625051,0.418050981865,0.446419303339,0.126047251057,,,,,,,,,10546727045.8,,,,,,,,,1
600089.SH,600089,特变电工,10002313,通用,2010-06-30 00:00:00,中报,2010中报,058001001,2010-08-17 00:00:00,2011-08-19 00:00:00,CNY,0.5341,0.4946,0.5341,4.17,1.007719888587,1.993375040751,0.429,8757294374.13,1981137037.66,960026166.66,889031526.83,24.126640456363,20.939881828784,12.501378919984,5.665683820556,3.947295399655,0.145068490034,13.3502,12.363,5.0593552088,11.4510170012,22.6227068889,0.321641138856,0.21932474685,0.088055069934,11.0844830595,1.382636258569,1.105073325599,0.083381288568,58.899684975,2.433071375224,1.433071375223,407.400345530321,70.832603513338,47.205125947144,0.441825840294,2.541202653466,3.813145212271,,,,,,,,,,,,,,,,,,,,,,,,,20.946557971015,24.9450003283,-0.950184750284,64.80176099471,-36.706993213337,-8.9879061396,-1.011720314784,0.995588898034,2010,9.590569867471,8.918118891567,,,,22.727930482333,13.246507379955,0.4596801757,19.340074680275,34.273885000615,,-4.01500727044,4.872266973492,4.872266973492,0.656135193465,,,,5.197073461743,2.465617738655,1.80773955712,0.735343611239,34.634876979327,73.00401728055,118.038363137793,0.972087557278,0.602006100448,12.108102411647,61.5538557005,38.4461442995,161.340729420219,13.5064000596,60.200610044802,975466306.714468,-448091067.248686,0.951924120184,0.401295128509,0.707530607791,0.76897161121,0.155464985615,,,,,,,,,12235489937.5,,,,,,,,,0
600089.SH,600089,特变电工,10002313,通用,2010-03-31 00:00:00,一季报,2010一季报,058001001,2010-04-16 00:00:00,2011-04-26 00:00:00,CNY,0.228,0.2192,0.228,3.99,1.029728331203,1.787240823615,-0.1303,3992564690.65,913686331.86,409787956.8,393899708.59,25.838164246623,33.07918448734,32.459207900925,5.556263547157,6.663329740959,6.587748054348,5.71,0.0,2.2573945151,10.6565147509,22.8846969969,0.625876674432,0.071624450171,-0.058644851466,13.0785189236,1.38355216541,1.048927911987,-0.030468093973,56.5617369079,2.302117830724,1.302117830726,424.864294286479,78.013224810332,48.925884828092,0.211832345552,1.153650553721,1.839517063743,,,,,,,,,,,,,,,,,,,,,,,,,-11.284046692607,-14.5976027397,-42.549649407979,4.587302569013,-704.320987654321,,10.734949727035,-4.156234326609,2010,4.306556820286,10.125600807999,,,,25.838164246623,33.07918448734,,-1.186204357805,32.691849335089,,1.411488174575,2.221330042216,2.221330042216,0.292643974061,,,,2.143951897785,1.213345240223,0.849606850123,0.368593123781,41.978553759995,74.175096268115,126.936219930614,0.85457653054,0.460627646349,,56.4726136555,43.5273863445,166.93783245097,13.986836656,46.062764634934,-814349932.78614,-359326487.468216,0.890074203111,0.188748695873,-0.501060383916,-0.550319244483,-0.050137082827,,,,,,,,,10649199265.38,,,,,,,,,1
600089.SH,600089,特变电工,10002313,通用,2009-12-31 00:00:00,年报,2009年报,058001001,2011-03-31 00:00:00,2011-03-31 00:00:00,CNY,0.8505,0.8152,0.8505,3.88,1.1467049363,1.559248450314,1.112741540429,14754293043.02,3419161760.06,1528665798.18,1465225411.38,17.855842772824,58.801722678825,67.243851909075,2.773477930322,4.584149016864,1.332593600359,25.83,24.76,9.28441559,10.7040480666,23.1740128117,0.20089454158,0.263990916075,0.135554758531,13.5456850802,1.327770857479,0.994836719189,0.240727809082,57.7792787782,2.368505253017,1.368505253015,415.045757767959,85.030653562869,44.248570595341,0.86737424311,4.233767293507,8.135856032328,,,,,,,,,,,,,,,,,,,,,,,,,0.686634308038,-10.8045977011,-33.691925986162,7.39591539132,-43.800932301566,-7.6510547015,8.360439005613,-5.115827631769,2009,17.25639597036,-1.874048885968,,,,10.931578523713,27.708276167184,8.123010073417,10.436088935751,-27.511335154322,-38.715021698435,13.179057351103,8.208797333923,8.208797333923,1.058384314291,10021.0,1472337.39577088,152546.232729269,7.081433766392,5.842358078464,4.132018982384,1.404304328937,50.837162624968,61.618955080317,129.278328162446,0.82890579254,0.525330812742,18.251123417509,58.466269356,41.533730644,164.245683139181,14.1854369529,52.533081274227,1310067066.11706,945361285.694281,0.970884174421,0.759208686314,1.14917492722,1.266387797286,0.422965428148,,,,,,,,,10901763974.58,,,,,,,,,0
600089.SH,600089,特变电工,10002313,通用,2009-09-30 00:00:00,三季报,2009三季报,058001001,2010-10-28 00:00:00,2010-10-28 00:00:00,CNY,0.6787,0.6725,0.6787,3.57,1.006247873918,1.44659075778,0.51,10713799845.99,2534330910.25,1219839024.83,1208745034.82,20.697070343848,69.233250935642,89.194676166106,1.39347810533,11.717017468994,13.576313822707,,18.86,7.7644687423,11.7475494396,23.6548278546,0.269903046677,0.196963904012,0.085934583943,13.0860137304,1.581546126003,1.280025504175,0.138010457355,57.1234353245,2.332276402198,1.3322764022,408.50680889826,75.922324289202,48.854990058611,0.66094369572,3.556266256701,5.526559306963,,,,,,,,,,,,,,,,,,,,,,,,,12.834580216126,-11.1940298507,-36.894941629402,12.225905433731,-61.940298507463,,12.82592530916,-7.263832317353,2009,14.229139612705,-0.024475344416,,,,5.700058950784,56.208954837706,70.357537355419,-5.761469348107,-12.316290492893,-15.087610733756,11.393380050601,5.960801466767,5.960801466767,0.861534304967,,,,4.451346275868,4.844475410457,4.149926318698,1.043605765204,60.655806865384,55.733588701306,124.776234247477,1.002370210017,0.5863468518,,61.1030638419,38.8969361581,166.014205229386,18.3068832485,58.634685180007,-148487557.393169,-312486635.287841,0.933326037426,0.5791066109,0.641654589791,0.731510723869,0.334736798392,,,,,,,,,9863537614.04,,,,,,,,,1
600089.SH,600089,特变电工,10002313,通用,2009-06-30 00:00:00,中报,2009中报,058001001,2010-08-17 00:00:00,2010-08-17 00:00:00,CNY,0.4416,0.4397,0.4416,3.34,1.017386944182,1.209559308541,0.6778,7055128811.94,1662823600.2,793804452.38,790240560.04,30.283033812586,77.160959395468,100.962881092721,5.520933457071,21.565574566545,23.355072180717,14.6686,13.1613,5.1110648906,11.5592915666,23.5690041178,0.467487939756,0.307425754841,0.172676268687,13.8107618511,1.516919204791,1.225340932344,0.183236927553,58.3190668203,2.399178530118,1.399178530115,407.091775693466,75.559508049194,45.490551352326,0.442160738063,2.382228321058,3.956865648998,,,,,,,,,,,,,,,,,,,,,,,,,9.415262636274,25.1148685645,169.151774521576,5.590768627657,-35.723091512565,-8.4945384678,11.363476315311,-15.595945700387,2009,8.805302519977,-11.882248270832,,,,23.580721502506,91.459477630558,95.717924557588,22.364451676161,57.789052636087,,7.91638855038,3.925238736486,3.925238736486,0.526434390162,,,,3.525619542825,3.354518688984,2.827130353916,0.703163239189,51.054856547496,53.658964724539,121.050562782668,1.039412569787,0.66826605045,20.126318818901,60.1766973404,39.8233026596,162.281641142017,17.9057110704,66.826605044964,957903900.732908,57299764.6096976,0.97005254053,0.408358408012,1.294221740519,1.49383089519,0.472534402562,,,,,,,,,9773931003.84,,,,,,,,,0
600089.SH,600089,特变电工,10002313,通用,2009-03-31 00:00:00,一季报,2009一季报,058001001,2010-04-16 00:00:00,2010-04-16 00:00:00,CNY,0.257,0.2482,0.257,4.672,1.792379542669,1.708850672801,-0.0162,3172777284.66,715974571.57,307927914.03,297374350.06,39.543636216869,58.485143270937,110.303672807386,7.18189194973,11.804530584848,17.80296513997,,5.31,2.0385564997,10.0110025357,22.5661780621,1.126855562121,0.162240197356,-0.006130916836,14.9228447635,1.650226379073,1.308217135617,-0.003048171449,59.0145185871,2.439888383708,1.43988838371,441.974617012824,87.389697117382,56.313838140598,0.203631603571,1.029869686802,1.598186218018,,,,,,,,,,,,,,,,,,,,,,,,,12.967032967033,48.0354879594,223.14914661135,20.594340746756,-102.745762711864,,-2.537825568308,-13.88881837924,2009,3.910586447374,-14.630696575562,,,,39.543636216869,58.485143270937,,-12.891527016992,27.336573373969,,4.366797925911,2.647841442437,2.647841442437,0.345409052554,,,,1.354300059893,1.637948251434,1.325551401507,0.309349707583,66.45499226155,54.946790853256,143.700477485176,1.025311795438,0.616891562021,,65.7804921798,34.2195078202,161.987623627646,20.1107697935,61.689156202092,-463804765.040622,-722716486.819427,0.947129396721,0.187705447071,-0.053997695241,-0.061241786861,-0.008193041026,,,,,,,,,9447804475.76,,,,,,,,,1
600089.SH,600089,特变电工,10002313,通用,2008-12-31 00:00:00,年报,2008年报,058001001,2010-02-25 00:00:00,2010-02-25 00:00:00,CNY,0.8447,0.7688,0.8447,4.35,1.72935943828,1.451869416665,1.98,12518932193.68,2563317824.3,962625450.4,876101210.69,40.170411562774,78.739365273575,113.468986857091,7.89264921992,0.480019130349,7.529217535835,27.97,25.46,8.5680859871,8.6178275969,20.4755308571,0.303797647166,0.319837965002,0.189300217375,11.2045004396,1.518569935193,1.124755080545,0.360540673311,60.8945383999,2.557187561743,1.557187561746,362.089962633885,83.366168645702,45.190056886195,0.994228056976,4.318298487843,7.966354211649,,,,,,,,,,,,,,,,,,,,,,,,,33.95179194418,50.5190311419,236.30501879181,22.054741631577,144.444444444444,7.4942352037,22.407845877699,-8.773476882994,2008,17.585965562063,13.514866299178,,,,33.588242596549,1.938557825937,34.881376450775,5.22793659073,-11.334026948257,-3.43999881944,5.774103300149,10.447675491676,10.447675491676,1.131335113154,8856.0,1413610.22963866,108697.544083108,7.291266589325,8.583107288354,5.471698950877,1.492029640625,49.374137619255,41.942852151978,128.555936601048,0.84743317989,0.527932882311,13.634778389548,65.8734590261,34.1265409739,156.444296480932,17.2350673307,52.793288231121,-1515847629.38185,-3276293432.77701,1.161114044248,0.959298360796,1.995606257048,2.196611793932,0.982156296286,,,,,,,,,9227133532.1,,,,,,,,,0
600089.SH,600089,特变电工,10002313,通用,2008-09-30 00:00:00,三季报,2008三季报,058001001,2009-10-28 00:00:00,2009-10-28 00:00:00,CNY,0.6015,0.533,0.6015,4.02,1.594559770484,1.288998963465,1.34,8876603065.4,1884982010.15,720803398.91,638889560.38,43.062822302247,139.199040408115,172.39576020432,10.702775339258,22.535399449726,23.793383110641,,13.28,6.8818125985,9.6826002561,21.2353982291,0.436732680974,0.273028802393,0.18025587736,17.1344322545,1.517984833969,1.147361766801,0.230011655869,61.5977959322,2.604017202332,1.60401720233,379.885681527788,88.831455373575,50.579119702444,0.71074013349,3.039463879822,5.338171197688,,,,,,,,,,,,,,,,,,,,,,,,,70.396600566572,62.0967741935,323.31436955684,44.721981395201,644.444444444445,,70.40975327168,-14.676176251905,2008,14.232623096227,33.704726966427,,,,47.948620708426,182.497610239777,175.82590318092,10.180313302565,7.470645561787,-2.447071879519,4.125242894527,7.407969534537,7.407969534537,0.960615486829,,,,4.70043588548,6.364438808507,4.159576933651,1.022693725166,57.441481296249,42.423221924784,139.409246539092,0.850251256142,0.513411844364,,70.6437228643,29.3562771357,156.408997275802,17.430161057,51.341184436369,-1732501661.27708,-3180564253.71852,1.150996932888,0.683503467763,1.575240333219,1.861647414878,0.760109615438,,,,,,,,,9207578215.13,,,,,,,,,1
600089.SH,600089,特变电工,10002313,通用,2008-06-30 00:00:00,中报,2008中报,058001001,2009-08-18 00:00:00,2009-08-18 00:00:00,CNY,0.4036,0.3542,0.4036,2.67,0.377997487102,1.145516150949,1.0545,5415232210.58,1182689969.38,448069628.37,393227125.2,40.105418661192,118.787546955141,170.295796684303,9.314342740625,18.936606088968,37.591935245648,16.0303,13.2879,4.5895342528,9.9147102557,21.8400601006,0.602710116767,0.333641392175,0.216203107714,17.5084250031,1.344229361168,0.991836756734,0.168005214605,69.0951013008,3.235732981147,2.235732981149,388.851623656824,95.221335364916,48.687047974285,0.462901500339,1.890332658224,3.697081821331,,,,,,,,,,,,,,,,,,,,,,,,,-15.846538782319,-41.6469971151,-76.30213530061,-26.132672611625,548.923076923077,48.18721343,58.673370292561,-2.573383188887,2008,9.992654541437,112.18954805134,,,,39.719641645348,96.277203021338,249.721545234801,38.170260886756,30.613646935096,,3.113959879078,4.877486926036,4.877486926036,0.660661873291,,,,3.217474953515,4.155970128066,2.525249656598,0.669906299927,55.944491441453,43.311187148442,143.909789058987,0.744602710364,0.462225900261,12.177400778521,70.0837469772,29.9162530228,138.592185339902,21.9757105447,46.222590026094,-429147809.51085,-1349742078.40199,1.17721607808,0.476936928237,1.832261812717,2.180629611345,0.550733131669,,,,,,,,,9235482227.68,,,,,,,,,0
600089.SH,600089,特变电工,10002313,通用,2008-03-31 00:00:00,一季报,2008一季报,058001001,2009-04-25 00:00:00,2009-04-25 00:00:00,CNY,0.2275,0.166,0.2275,3.156,0.554660150418,1.417023935136,0.59,2273681101.25,491615088.39,194294498.32,141402356.93,40.641966430744,157.335417184266,92.454661960479,7.356621229484,22.057196314854,16.551506774494,,5.25,2.0916386399,9.8869453599,21.6219894742,1.347717820866,0.348929289505,0.220874789549,15.4248559619,1.262459454533,0.901547642572,0.079924614996,68.5329332107,3.177925691949,2.177925691949,425.420082324971,108.331955576038,60.189904136572,0.211555598194,0.830779796427,1.495267375668,,,,,,,,,,,,,,,,,,,,,,,,,28.531073446328,-28.4353741497,-65.938686394124,11.706407547969,146.825396825397,,76.099932856212,-1.43467288139,2008,4.580787578799,75.664298129112,,,,40.641966430744,157.335417184266,,-16.609111410971,-18.096381904717,,3.527190670568,2.662268992998,2.662268992998,0.357952824023,,,,1.590867123141,1.998222390237,1.059707591765,0.308671356481,56.572920950387,45.040031800127,168.517912054464,0.689510268414,0.366325716074,,69.1934291387,30.8065708613,139.743529515305,22.8359217416,36.632571607364,-561423992.150316,-531122733.90834,1.286099740426,0.255068289568,1.941156778613,2.234004351271,0.235978534532,,,,,,,,,7856824506.71,,,,,,,,,1
600089.SH,600089,特变电工,10002313,通用,2007-12-31 00:00:00,年报,2007年报,058001001,2009-03-31 00:00:00,2009-03-31 00:00:00,CNY,0.6306,0.4806,0.6306,2.89,0.514223499992,1.189523157607,0.81,8931223112.0,1728887588.89,538563762.34,410411471.75,45.369593925719,134.251555396246,134.174921819915,9.534976680534,42.62290151355,35.408913373768,26.02,19.83,6.999621573,6.8359709587,19.3577919531,0.282097941509,0.212396519054,0.077118335163,12.4434010825,1.227145155314,0.862160441867,0.124304600404,66.7509144482,3.007601512655,2.007601512657,351.583227672963,88.643723641867,50.951342390025,1.023939629836,4.061201235797,7.065564578147,,,,,,,,,,,,,,,,,,,,,,,,,17.124814264487,-31.3539192399,-69.041647374316,-6.760477037707,-32.5,97.7203647416,81.674998684313,-2.174167013012,2007,15.492213606378,70.328772108064,,,,39.888642832585,211.017209743046,156.568274803405,16.539657802149,145.715909964823,97.460540792291,11.954751254673,10.457631172443,10.457631172443,1.01056065809,7317.0,1220612.69810031,73604.450230969,9.889877330727,11.362943989239,4.34980121535,1.557202299659,36.400855942017,31.681930346654,139.594837572104,0.698278863907,0.366950721352,3.737042965706,67.7877922503,32.2122077497,142.602688939817,19.9064540875,36.695072135197,938101423.218086,107799388.287857,1.163312556393,1.035813399329,1.152219837648,1.128125552751,0.31842957647,,,,,,,,,6695500538.31,,,,,,,,,0
600089.SH,600089,特变电工,10002313,通用,2007-09-30 00:00:00,三季报,2007三季报,058001001,2008-10-28 00:00:00,2008-10-28 00:00:00,CNY,0.353,0.275,0.353,2.48,0.376684536401,0.890672550941,0.18,6204688906.98,1265389987.72,301340422.47,234544605.21,47.916309663313,96.140583693192,119.790771809942,9.138635471879,18.617524214473,20.302584686533,,11.06,4.0383912695,5.6024131013,20.3940923822,0.378395018009,0.161800042125,0.025427910484,18.6163888824,1.250093545819,0.831446657083,0.029224439438,72.1929623244,3.596211907453,2.596211907455,374.567850512213,103.442029047872,60.556168368815,0.720830684296,2.61015761664,4.458670475245,,,,,,,,,,,,,,,,,,,,,,,,,-1.944444444444,-37.8913097921,-75.684341674985,-20.320092869658,163.009675769245,,69.907006270119,1.757846995605,2007,10.644816693579,84.471947447522,,,,41.208201830968,158.999463648581,134.911656539242,4.052027097606,-25.330208280838,23.688023390958,11.558494264453,7.265113335011,7.265113335011,0.708763388712,,,,7.372405679756,7.853919321587,3.130040143979,1.086620357816,36.6230524646,34.377740456015,163.996116774655,0.684815166508,0.317513818282,,68.8573923386,31.1426076614,131.740290947932,25.1361587599,31.572638333663,502722735.267869,-211519656.711545,1.155661583088,0.731600933696,0.394548037,0.453874250694,0.078062467967,,,,,,,,,7075730771.07,,,,,,,,,1
600089.SH,600089,特变电工,10002313,通用,2007-06-30 00:00:00,中报,2007中报,058001001,2008-07-25 00:00:00,2008-07-25 00:00:00,CNY,0.4796,0.3407,0.4796,4.5756,1.595069817036,1.550775141662,0.1625,3865112614.72,818650470.8,204796678.15,145480296.04,52.295587434062,76.003760744012,111.457874584744,13.77051627325,37.767200282301,15.835799807429,10.8176,7.4457,2.8924413998,6.0495786159,21.180507592,0.446005356187,0.194605757629,0.017955828848,16.8671344058,1.331235509749,0.859934775065,0.01589322175,70.9201484793,3.438807104253,2.438807104248,376.472329200036,105.838543923101,55.652106811164,0.478122788951,1.700703669268,3.23437889981,,,,,,,,,,,,,,,,,,,,,,,,,76.0,14.39,2.596606062604,52.996905499883,-67.105263157895,51.5070028011,59.239765470862,0.8427309694,2007,4.709305728395,71.274094700451,,,,67.272605399894,207.670227194893,91.688345555664,39.082357816864,71.245141089295,,11.253810397479,9.051374410385,9.051374410385,0.658668514384,,,,5.705403170665,4.988941112541,1.923740134102,0.737301058629,31.549041253645,36.079800490634,161.49051602488,0.740946150383,0.379427417902,0.687509356249,66.4083966074,33.5916033926,133.902482848205,30.7855176952,37.657311275195,337821431.735095,-350939867.199972,1.161882379209,0.513022900952,0.261825505358,0.29681123246,0.03344919003,,,,,,,,,6208078524.2,,,,,,,,,0
600089.SH,600089,特变电工,10002313,通用,2007-03-31 00:00:00,一季报,2007一季报,058001001,2008-04-23 00:00:00,2008-04-23 00:00:00,CNY,0.177,0.0,0.177,4.41,1.628416792247,1.268525204812,-1.26,1616644845.74,337641518.25,75502431.98,73473074.38,35.430484161613,1.569658151102,135.234454727305,6.883953317693,0.50751324935,24.101025720823,,3.9,1.1877566368,5.6601305631,20.8853242652,0.9505036638,-0.226304414092,-0.332562151271,13.0076510971,1.275589778858,0.847133640678,-0.1298620021,69.5304679791,3.281967046012,2.281967046013,428.885627664084,116.049005093854,69.445781712672,0.209846155233,0.775534438466,1.295975043846,,,,,,,,,,,,,,,,,,,,,,,,,-7.329842931937,3.7647058824,-7.677011268954,25.904217037601,-375.304934501791,,1.699142001794,0.773576998884,2007,2.607694123158,6.721986585399,,,,35.430484161613,1.569658151102,,-17.055779826095,-1.010770120249,,12.165827105505,3.78588135613,3.78588135613,0.338835516322,,,,2.006891465409,2.412402032642,0.82874208305,0.324876842191,44.845474481925,37.307214461859,185.498603051794,0.67170571835,0.272497302586,,66.0649157501,33.9350842499,138.805276012251,36.5568913013,27.249730258554,-340867668.808061,-171222203.691226,0.950049340297,0.192138895067,-5.417843261793,-5.87552084824,-0.274592277557,,,,,,,,,5558026924.12,,,,,,,,,1
600089.SH,600089,特变电工,10002313,通用,2006-12-31 00:00:00,年报,2006年报,058001001,2008-02-21 00:00:00,2008-02-21 00:00:00,CNY,0.5384,0.4384,0.5384,4.2,1.661016999869,1.275771389444,1.2,6143804127.68,1062308484.2,229908297.27,175258507.0,36.907398442507,83.220890469928,43.160013116552,10.075472464903,19.937912772702,22.517547662333,13.16,10.27,3.8528259935,4.4518960241,17.2907283846,0.255560804113,0.229109379205,0.083071858234,11.5701367973,1.234187666821,0.831396139215,0.134843447642,68.2344452483,3.148064020341,2.148064020343,415.975850296312,100.952337329318,65.949934773357,0.865434855758,3.566039276789,5.458686217616,,,,,,,,,,,,,,,,,,,,,,,,,66.584158415842,5.5137844612,-1.9429945415,55.689523230556,-23.566878980892,50.9174311927,53.671907784613,-1.043321361987,2006,9.095476597782,46.178543288346,,,,40.553113148105,100.431908913419,88.64957675638,17.6389675889,104.61983098424,80.793134982081,-7.783724121753,14.387645848122,14.387645848122,1.070683352464,9239.0,664985.834795974,24884.543486308,10.159682945411,10.416501304355,3.25768849036,1.399562127618,35.434176630739,34.560548641173,166.903217502691,0.686460875907,0.306325076204,3.07287132882,63.0050697953,36.9949302047,140.998757734535,31.4892603735,30.632507620358,455666935.538236,-315050266.314058,1.267776887694,1.050541099095,1.664894179181,1.865988284173,0.262606757225,,,,,,,,,5059071403.09,,,,,,,,,0
600089.SH,600089,特变电工,10002313,通用,2006-09-30 00:00:00,三季报,2006三季报,058001001,2007-10-26 00:00:00,2007-10-26 00:00:00,CNY,0.36,0.0,0.36,3.993,1.549143894712,1.11781323927,-0.285670411413,4194729385.22,766841639.13,153634916.75,106712671.91,35.277011248459,75.729417075395,23.959959591873,9.421799238322,3.652234372607,6.289336030028,,0.0,2.3768244513,4.1625106322,18.2810753378,0.331822531857,0.079771956789,-0.029080973061,25.0225416762,1.194210458868,0.759015593666,-0.028156523062,70.9458429555,3.441848264496,2.441848264501,472.848497528514,126.452398337454,78.857592447171,0.571007418679,2.135190819232,3.423893522756,,,,,,,,,,,,,,,,,,,,,,,,,,6.48,-0.53423786851,22.998853551138,-171.522551853789,,42.553248473144,-1.484356213925,2006,5.7704257156,26.141121133852,,,,40.858519724021,22.129614094167,28.742004062464,23.258092972471,-11.298380856875,0.929655506058,-4.770057794682,9.823275542159,9.823275542159,0.80409910696,,,,6.544456158402,6.50032732367,2.274199322564,0.903830303827,41.256292878264,41.536369871227,205.309297893652,0.607694055873,0.235489304568,,65.4220108121,34.5779891879,136.178221991456,38.0208302996,23.548930456849,-456330880.239414,-508205519.95136,1.201667515831,0.637378529183,-0.530695517454,-0.698640210944,-0.065563269607,,,,,,,,,5610709628.1,,,,,,,,,1
600089.SH,600089,特变电工,10002313,通用,2006-06-30 00:00:00,中报,2006中报,058001001,2007-08-21 00:00:00,2007-08-21 00:00:00,CNY,0.2725,0.0,0.2725,4.0,1.554700372898,1.0135990245,0.494,2537901905.0,483165928.2,116359262.6,68798712.9,31.865842227934,104.477743365106,21.473430950486,5.709234166526,4.530428241591,3.358797554256,7.14,0.0,1.8164064681,5.1788827165,19.0380064434,0.575131316602,0.182241563604,0.083111257163,22.4573630789,1.139907472902,0.770573166726,0.048368736247,70.3274770502,3.370121245476,2.370121245478,513.210509500662,128.600237711594,82.247589141239,0.350733269619,1.399686370749,2.18851399633,,,,,,,,,,,,,,,,,,,,,,,,,42.670157068063,-17.3553719008,-31.857433615107,-6.081260524656,-40.664201268112,77.6119402985,61.808382596547,-2.066587445788,2006,2.749572687353,66.115359978842,,,,25.778112093765,23.568374048659,13.176614890181,12.606550322128,-43.467684218079,,-4.056712757709,5.943293934438,5.943293934438,0.396938038972,,,,3.853049161795,3.959688531224,1.359095954647,0.559057981587,46.716247948455,45.458120905373,210.847100644253,0.610275481117,0.275026052034,2.757579158214,64.6582790218,35.3417209782,137.198706723065,35.1524611926,27.502605203416,79116803.0273627,-270998144.650068,1.187133328855,0.391885258657,1.258245376161,1.604810568459,0.110647059802,,,,,,,,,5406801682.39,,,,,,,,,0
600089.SH,600089,特变电工,10002313,通用,2006-03-31 00:00:00,一季报,2006一季报,058001001,2007-04-24 00:00:00,2007-04-24 00:00:00,CNY,0.191,0.0,0.191,4.25,1.7638259058,1.007531943456,-0.265092976853,1193708237.66,222268976.79,74335616.91,31233976.53,39.467105268174,224.649758629744,33.218998058685,7.527508153118,40.992855010697,6.361950236338,,0.0,1.1679121509,6.7916448452,18.6200421324,0.984501091392,0.077947159653,-0.086209468615,15.7354290028,1.159146163753,0.806770773298,-0.02682134331,68.9967251831,3.225465715818,2.225465715813,523.368162223193,124.024905685728,92.482147212338,0.171963077803,0.725660700989,0.973160796033,,,,,,,,,,,,,,,,,,,,,,,,,,-9.9576271186,-22.68774524595,4.370398043113,-723.804677528589,,152.06205091919,-3.041452458269,2006,2.443446010135,71.281583765281,,,,39.467105268174,224.649758629744,,-13.918432506139,95.339835417694,,-6.803081035458,3.074986786394,3.074986786394,0.334363500714,,,,1.945953317595,2.040313107877,0.662162254146,0.279043835454,46.249824796007,44.11087673384,216.496611036039,0.649802958359,0.237482735196,,62.6456873331,37.3543126669,139.378198067995,36.7283220461,23.748273519617,-210799632.722089,-331419488.109701,1.048450631532,0.176289529592,-1.091602116416,-1.269345947553,-0.057908039629,,,,,,,,,4898331078.48,,,,,,,,,1
600089.SH,600089,特变电工,10002313,通用,2005-12-31 00:00:00,年报,2005年报,058001001,2007-03-01 00:00:00,2007-03-01 00:00:00,CNY,0.3232,0.0,,3.99,1.693929966658,0.819433037607,1.57,4487561810.08,841426436.15,125481486.68,122421410.27,22.141131200759,31.796341087281,42.305563668247,6.147404548051,53.646162366833,62.113429569616,8.72,0.0,2.5071765224,3.5807136341,18.7501915686,0.245917120729,0.289959979312,0.135989170549,31.6837415321,1.054147020028,0.714062705156,0.156587973277,68.9538555532,3.221011877058,2.221011877061,514.146848743806,121.93419189846,88.186336147767,0.700189062482,2.952412234788,4.082265073319,,,,,,,,,,,,,,,,,,,,,,,,,-9.695445655211,-12.3076923077,-25.660079886532,-7.790528505848,106.578947368421,26.9286754003,0.043053890701,-0.484669796569,2005,6.222169405424,-2.204109575423,,,,23.064080478726,760.915827444432,443.739469864501,17.894584227201,24.681449823012,23.380454483535,-4.076824199791,11.559938043295,11.559938043295,0.892758099754,1755.0,2557015.27639886,71499.4226096866,7.372738839016,7.20605110789,2.672818688539,1.146816311576,48.828530056552,49.958013704043,210.120278852901,0.591952923303,0.237694722525,4.752057722916,60.5585519767,39.4414480233,139.012202355058,36.4164682926,23.769472252508,139998044.345901,-216861154.182746,1.246199493361,0.824358167808,2.691527872862,3.79782312821,0.333771565781,,,,,,,,,4677788945.6,,,,,,,,,0
600089.SH,600089,特变电工,10002313,通用,2005-09-30 00:00:00,三季报,2005三季报,058001001,2006-10-26 00:00:00,2006-10-26 00:00:00,CNY,,0.0,,3.75,1.557464459644,0.908799722109,0.399413057852,3100844220.69,595262010.0,87426976.83,86086404.24,21.732847184218,-13.409892366997,-10.88147154268,6.512491890468,0.630092678515,-0.278438230297,,0.0,1.6673239486,3.4841217711,19.1967724798,0.293812073928,0.149722233701,0.050003136544,29.0555233483,1.042014151315,0.685199058925,0.036628625581,72.0147991009,3.573317210069,2.573317210069,564.205221764862,143.049284706652,96.716732590295,0.478549275307,1.88746137776,2.791657583634,,,,,,,,,,,,,,,,,,,,,,,,,,-10.9263657957,-3.595720548772,-28.047209328874,270.58801749676,,-37.119430797584,1.439979339351,2005,4.574579378819,-23.540751614005,,,,28.166099792735,1.70399462696,-0.710887594177,10.06199883919,-10.253422691174,-11.273116840208,-11.744739999582,7.987760077771,7.987760077771,0.632915739202,,,,4.103392387549,4.202212448296,1.961928439967,0.762928375476,65.799215502591,64.251868110449,239.76162071723,0.516324980087,0.175373623291,,63.6943655537,36.3056344463,133.59955280363,39.0118171794,17.537362329117,-257220318.716957,-202894632.283806,1.266970843158,0.567306024169,1.039330406262,1.435171897825,0.095038312157,,,,,,,,,4987132737.46,,,,,,,,,1
600089.SH,600089,特变电工,10002313,通用,2005-06-30 00:00:00,中报,2005中报,058001001,2006-08-18 00:00:00,2006-08-18 00:00:00,CNY,0.191,0.0,,4.84,2.281540680632,1.079229800317,0.832549675841,1924609028.48,381899767.44,56905588.2,56636840.14,18.10962977276,-19.802095292319,-15.388137524605,4.966840126015,-1.552819378056,2.435465747778,4.02,0.0,1.1225663584,3.6923837568,19.8429791084,0.4689628337,0.275120115028,0.129175223534,26.4936363134,1.030436955585,0.712275453033,0.060891894033,71.8115250107,3.547549132685,2.547549132688,592.062171868079,142.554133224287,100.819348485901,0.304022125636,1.262678225659,1.785371584951,,,,,,,,,,,,,,,,,,,,,,,,,-30.138990490124,18.337408313,41.223309458547,-5.941281958959,53.454374728861,-40.6203840473,-41.724860376892,1.92757674083,2005,1.655218811616,-39.543318555869,,,,21.321012747067,-3.627556625489,5.735596167103,24.862023656027,48.526698798788,,-8.982054617541,6.445118909508,6.445118909508,0.323752273664,,,,2.698697091862,2.716444237991,1.24742907998,0.485707398858,66.698852769661,66.26309404132,243.369418905111,0.558281987127,0.224001745811,3.761796551368,63.4864820917,36.5135179083,134.152396055105,38.4940663928,22.400174581121,63572199.1608815,-123099480.860001,1.333247015877,0.387213703226,2.607043070775,3.498423567038,0.159758559728,,,,,,,,,4758790329.96,,,,,,,,,0
600089.SH,600089,特变电工,10002313,通用,2005-03-31 00:00:00,一季报,2005一季报,058001001,2006-04-28 00:00:00,2006-04-28 00:00:00,CNY,,0.0,,4.72,2.281431205714,0.965342628127,0.042496150863,855906656.53,171003700.37,22897173.01,23445587.33,14.330864375667,-35.804585445636,-34.04235832499,2.920026531172,-13.413441074758,-14.066308499662,,0.0,0.463343112,3.3568376599,19.9792464593,0.768160837147,0.180757300063,0.014826368008,27.0679162889,1.041274701329,0.737221063063,0.003305272023,71.1610548347,3.467533206461,2.467533206463,652.033841848404,151.898622204217,117.262564999018,0.138029645432,0.592500436765,0.767508368939,,,,,,,,,,,,,,,,,,,,,,,,,,16.8316831683,41.216533155869,-3.989857421169,90.29613353271,,-52.53582756068,4.412399577702,2005,1.426566684182,-30.981068066844,,,,14.330864375667,-35.804585445636,,-24.042669922562,497.669135818404,,-10.345524492402,2.866254961473,2.866254961473,0.237718714617,,,,1.161474052069,1.157700712616,0.561953373171,0.221862531606,77.487740548023,77.740299387595,269.162577825423,0.568022830214,0.187507224005,,62.7834257545,37.2165742455,134.996866551804,38.5233008389,18.750722400494,-105601746.33038,-142692327.657148,1.107382028191,0.148850259166,0.322412012148,0.441676646591,0.008367199374,,,,,,,,,4531235737.67,,,,,,,,,1
600089.SH,600089,特变电工,10002313,通用,2004-12-31 00:00:00,年报,2004年报,058001001,2006-03-16 00:00:00,2006-03-16 00:00:00,CNY,0.3579,0.0,,4.64,2.278627639191,0.888664715597,0.76,3674079129.58,718175633.19,95208626.92,86027142.66,58.066961588304,-14.453895931145,-20.144995865786,10.206031526015,-23.762810886114,-26.33037753949,6.87,7.84,2.5060975499,3.730392406,19.5470921518,0.151903103835,0.295884046415,0.061579855959,26.5705004578,1.004146178108,0.695018693951,0.061106936982,69.2896817126,3.256234567944,2.256234567946,535.869510029703,120.095581085568,100.133942571952,0.671805343021,2.997612374626,3.595184517391,,,,,,,,,,,,,,,,,,,,,,,,,-14.172661870504,19.109947644,42.615945748759,1.683184237582,-27.619047619048,-37.5454545455,-28.82873141718,-0.534308080924,2004,6.362403755833,-16.387981689946,,,,43.25739804746,-121.313772952755,-152.389956608533,22.782285361475,-119.186409186043,-135.638432265943,-4.0961553304,12.303733653265,12.303733653265,0.978293552464,1970.0,1865014.78658883,48329.2522436548,8.043169054187,5.958574563075,2.590856279526,1.101173012633,44.758477358201,60.417134364803,220.229588209954,0.547662544726,0.20738159693,1.941508136521,61.6131981453,38.3868018547,138.452378042668,38.3584567191,20.738159693011,-665158769.486889,22085390.8152533,1.311914543292,0.798792917229,1.241723974114,1.650760811642,0.147918944346,,,,,,,,,4181079381.01,,,,,,,,,0
600089.SH,600089,特变电工,10002313,通用,2004-09-30 00:00:00,三季报,2004三季报,058001001,2005-10-28 00:00:00,2005-10-28 00:00:00,CNY,,0.0,,4.21,1.615555314048,1.263049999357,-0.234138988021,2547253508.33,554063814.98,100966472.06,96597650.04,65.641915389578,19.798230324838,14.390873440485,10.043912028391,1.394676717591,0.046249683383,,0.0,2.6515726078,5.5508352823,21.7514202323,0.192283679343,0.163220559564,-0.023851873012,23.4920952776,1.03268553132,0.690657748957,-0.017380147044,70.9925214594,3.4473868475,2.447386847498,565.221379122303,137.037302241379,116.856780991339,0.47768893742,1.970266457263,2.310520602309,,,,,,,,,,,,,,,,,,,,,,,,,,11.0817941953,1.582778353256,37.430548538086,-463.009201678395,,-10.981909032414,3.00695045095,2004,5.983029490068,3.802821146704,,,,49.601527028867,6.071563111104,0.182334524935,4.183814485505,-14.958139338823,-5.512400507678,6.323173928722,9.816377435152,9.816377435152,1.034627941714,,,,6.088355745595,3.951226825275,1.97082927529,0.775988868714,44.346948713591,68.333206859419,253.892792276055,0.542651671062,0.127606451748,,62.6610874,37.3389126,134.802815191458,41.584160346,12.760645174756,-885123223.717558,-16188435.346501,1.015310274326,0.448910303866,-0.338580970397,-0.429698807458,-0.047528758366,,,,,,,,,4090006305.58,,,,,,,,,1
600089.SH,600089,特变电工,10002313,通用,2004-06-30 00:00:00,中报,2004中报,058001001,2005-08-16 00:00:00,2005-08-16 00:00:00,CNY,0.2734,0.0,,4.09,1.615555314048,1.147400073905,0.542538899469,1629510677.65,355252430.69,70956452.55,66937233.72,76.287360307155,26.734658908374,22.061794356763,14.069266289224,2.113552470957,-0.109566092851,6.77,0.0,1.926321182,6.1638396009,21.8011723128,0.25048881029,0.228507670675,0.086396190243,22.6392879659,1.082979324046,0.73469385115,0.044023145528,70.4534801149,3.38449334774,2.384493347744,575.963727396873,137.121209271676,109.461544429285,0.312519680386,1.3127072096,1.644413121873,,,,,,,,,,,,,,,,,,,,,,,,,,11.1413043478,12.320388342115,22.250466163106,1123.81891889069,,-15.372262696018,8.549267190087,2004,2.737859194513,-13.246064133053,,,,73.668029254514,7.786741149492,-0.406189262764,17.667852988093,-1.063699664368,,2.134080332828,6.279662308488,6.279662308488,0.500342230567,,,,4.139919175645,2.579752299088,1.253691105732,0.507756785984,43.479109703136,69.774140743526,246.584380270826,0.580134245966,0.199001575596,2.684669586369,62.6901089486,37.3098910514,135.551701795567,40.7003144331,19.833618636214,-594432159.366539,-208321076.420013,1.109739840888,0.327330531435,1.141242839411,1.401661883459,0.108889648779,,,,,,,,,3892192606.41,,,,,,,,,0
600089.SH,600089,特变电工,10002313,通用,2004-03-31 00:00:00,一季报,2004一季报,058001001,2005-04-29 00:00:00,2005-04-29 00:00:00,CNY,,0.0,,4.04,1.615555314048,1.005459009015,0.022331589231,748622571.17,166828424.01,35667926.08,35546430.61,79.472483372062,53.417101897014,52.429082769505,14.261802851037,11.47789591514,11.686328637958,,0.0,0.9761954927,6.4748209547,22.2847173509,0.35865572613,0.205181057806,0.007740653626,21.9488399058,1.126794403995,0.773938344671,0.002138462621,68.153835294,3.140095547555,2.140095547559,596.943839910779,137.971187574794,121.983360324171,0.150767951661,0.652310106059,0.737805547911,,,,,,,,,,,,,,,,,,,,,,,,,,14.447592068,14.19507524218,16.866861991409,115.958748540647,,3.412462821284,7.7312541841,2004,2.066920834944,9.724812610527,,,,79.472483372062,53.417101897014,,-4.82491732266,32.031699304222,,14.529912381653,2.884974617189,2.884974617189,0.332047221549,,,,2.182869580045,1.225334675747,0.576366556754,0.249185263826,41.230131576682,73.449321056007,259.957602739137,0.623178111042,0.154869627372,,60.7391859763,39.2608140237,139.406360943565,39.0103235804,15.317452132625,-493165435.790565,-159766483.683348,1.099013471093,0.163663310105,0.095139974309,0.119550079918,0.004488320061,,,,,,,,,3426138401.7,,,,,,,,,1
600089.SH,600089,特变电工,10002313,通用,2003-12-31 00:00:00,年报,2003年报,058001001,2005-03-15 00:00:00,2005-03-15 00:00:00,CNY,0.417,0.0,,3.89,1.597736934133,0.873954452017,1.05,2324381447.37,473754712.38,111295105.67,107729181.9,31.960764827266,28.317810343806,33.914762016476,13.918830819912,-2.568426285756,-6.251578508542,11.0,11.06,3.5212208519,5.7657393085,20.3819692726,0.099760036737,0.217264934717,0.117030064995,17.97992036,1.123764375439,0.809042825959,0.103442416267,69.6618908246,3.296184327832,2.296184327837,589.473435023904,126.623311170245,117.994606026364,0.61071454388,2.843078392698,3.050986923246,,,,,,,,,,,,,,,,,,,,,,,,,23.482380811371,11.0465116279,2.028768076797,36.607175115671,2.941176470588,9.0188305253,-14.966741614718,12.148903752563,2003,7.609436878129,-4.855756364759,,,,56.610266652216,4.408287567506,-25.693666777156,28.219677535156,-4.515619202474,-31.850652790396,-6.415572184369,8.957493047328,8.957493047328,0.902788390301,1943.0,1196284.84167267,57280.0337982501,11.041584975089,5.213923006361,2.261292043959,1.03296614913,32.604014805139,69.045898752398,244.616449139556,0.726335649524,0.261190284652,3.617417354727,60.2636296717,39.7363703283,136.139651354425,40.1465433468,26.089278226368,-551927078.234417,-335135092.54012,1.092034995935,0.517628037197,1.740890198778,2.029749503648,0.208184720874,,,,,,,,,3416028010.35,,,,,,,,,0
600089.SH,600089,特变电工,10002313,通用,2003-09-30 00:00:00,三季报,2003三季报,058001001,2004-10-28 00:00:00,2004-10-28 00:00:00,CNY,,0.0,,3.79,1.590383075003,0.91904602928,0.064499463633,1537807325.12,314602095.94,84280437.02,84445242.12,22.128728340659,38.482741805627,58.455181112145,9.092561781239,15.504925717171,16.723964915584,,0.0,2.9786895888,6.4291294225,20.457835699,0.064988617584,0.13954138907,0.010883663315,19.2497539126,1.250881593398,0.836180343741,0.008645694277,68.9201273784,3.217516404186,2.217516404184,582.761275486705,140.940787352338,119.137949051658,0.46331149882,1.915698110335,2.266280409804,,,,,,,,,,,,,,,,,,,,,,,,,,10.8187134503,14.69776365924,13.751443392662,,,-0.334463185406,15.200392074764,2003,5.763840928381,-0.495907185401,,,,38.353888016529,111.36967995013,117.425231377236,20.943937547002,-13.583011760124,-6.067470423023,3.31087416463,5.926264141576,5.926264141576,0.652331313344,,,,7.270559542437,4.172578822891,1.773181270009,0.775341242013,37.136068884942,64.708184425125,260.077567534501,0.726364856524,0.217355074134,,61.6162593894,38.3837406106,138.84323537917,48.4902303607,21.551570031693,-696724617.024136,-279945319.766255,1.058939752497,0.414357453477,0.141534085689,0.169286735417,0.016985671106,,,,,,,,,2708595130.4,,,,,,,,,1
600089.SH,600089,特变电工,10002313,通用,2003-06-30 00:00:00,中报,2003中报,058001001,2004-07-27 00:00:00,2004-07-27 00:00:00,CNY,,0.0,,3.68,1.438345555864,0.93856498868,0.044331632,924349127.93,197308230.02,55988198.62,54838808.55,13.309833746747,17.932725667804,38.216608732175,3.041268601933,0.189677147045,,,0.0,2.2762290986,7.1042201724,21.3456392242,0.076246654701,0.168205528162,0.012445106121,19.6282472159,1.235724089909,0.859621888311,0.00768671508,64.9046114623,2.849377202152,1.849377202154,561.788631825132,128.379952128465,107.993858520608,0.320405201891,1.402088075402,1.666761447973,,,,,,,,,,,,,,,,,,,,,,,,,,9.5238095238,3.732881228315,24.089775876269,-94.089115733333,,-2.425338744981,6.823930357291,2003,3.15589047016,-26.373311070634,,,,12.2123773697,0.559071048217,,21.600630118758,40.819921894232,,2.610257557172,3.562173883338,3.562173883338,0.314867682775,,,,4.837270444889,2.368117227822,1.205209583503,0.544604070073,37.211068111809,76.009750651385,236.370220972152,0.738254552722,0.247196723355,0.399253030503,60.4042614018,39.5957385982,148.383908462879,37.837842925,24.476456096971,-112656741.103877,-168405358.169963,1.031382929365,0.311392525326,0.146399169856,0.175179060038,0.014658716135,,,,,,,,,1987116574.3,,,,,,,,,0
600089.SH,600089,特变电工,10002313,通用,2003-03-31 00:00:00,一季报,2003一季报,058001001,2004-04-29 00:00:00,2004-04-29 00:00:00,CNY,,0.0,,3.53,1.414732912625,0.860345689002,-0.139933210766,417123871.64,81162094.57,23248989.61,23319979.34,14.673618545108,55.850429898175,,3.029671372734,9.507528906249,,,0.0,0.9439824428,6.2284555324,19.4575520818,0.346186931863,0.013625028694,-0.087051583376,17.3222066312,1.203539867422,0.825233054184,-0.027626966154,63.2628254541,2.72203840486,1.72203840486,593.825660830774,130.119525766418,115.577956083549,0.151559634311,0.691671749262,0.778695203218,,,,,,,,,,,,,,,,,,,,,,,,,,8.950617284,2.029947252114,28.006235685652,,,17.628735957079,12.229157581667,2003,1.883731478567,17.886136874199,,,,14.673618545108,55.850429898175,,-16.948855909879,-10.145587039993,,-1.741114297002,1.607474618384,1.607474618384,0.165692018144,,,,2.136654451621,1.258069958114,0.560895241223,0.266779796589,42.121925672966,71.538152087282,245.691455488131,0.679984290583,0.176627953432,,56.5731446981,43.4268553019,151.748800936881,36.8757074734,16.712690442776,-123354570.288101,-110496895.085575,1.022896272209,0.152594175162,-1.159963526181,-1.397643170496,-0.049189559192,,,,,,,,,1768916240.7,,,,,,,,,1
600089.SH,600089,特变电工,10002313,通用,2002-12-31 00:00:00,年报,2002年报,058001001,2004-02-10 00:00:00,2004-02-10 00:00:00,CNY,0.3377,0.0,,3.44,1.565967093644,0.639757356286,1.02,1761418593.18,383623434.8,86733950.16,80446083.97,34.412227873369,8.217801814398,44.645903158459,,,,10.09,0.0,4.1409924996,5.7979372453,21.7792315969,0.092782827139,0.301072582675,0.150978149277,26.5703526635,1.129346199769,0.782757093161,0.194360556823,62.115534342,2.639604340807,1.639604340809,504.047618665873,119.520270788169,100.853616812857,0.71421823389,3.012041368598,3.569529892696,,,,,,,,,,,,,,,,,,,,,,,,,,7.8369905956,12.93689327308,5.046579521258,897.498045347928,1.2036108325,-10.813353689939,7.167742694992,2002,7.997790078926,-2.868597560364,,,,,,,13.272847856194,93.303649352167,99.409484260495,3.437176734809,6.787997219517,6.787997219517,0.710893865207,1649.0,1068173.79816859,52597.9079199515,11.08855649367,5.76474818927,2.541184510273,1.203721751656,32.465903042071,62.448521284949,220.356599482972,0.676695918862,0.201585258873,5.36829533036,57.0560869698,42.9439130302,154.304463380023,34.1910305704,18.968016745732,58133118.6589168,101597445.336793,1.027773677444,0.668446135075,1.902626846296,2.603997644138,0.354978869308,,,,,,,,,1682262933.89,,,,,,,,,0
600089.SH,600089,特变电工,10002313,通用,2002-09-30 00:00:00,三季报,2002三季报,058001001,2003-10-30 00:00:00,2003-10-30 00:00:00,CNY,,0.0,,3.42,1.38658594925,0.807942301099,0.0,1259169194.68,249343321.41,60859884.72,53292824.84,,,,,,,,0.0,2.988685642,5.5964284449,19.8022094619,0.048502804141,,,22.7013841672,1.150102770459,0.757359964839,,59.826295846,2.489190432046,1.489190432047,505.58535125989,127.792141934998,100.409906797617,0.534034459913,2.112805966875,2.688977697631,,,,,,,,,,,,,,,,,,,,,,,,,,,,,,,,,2002,5.79256668278,,,,,,,,-1.908020402142,-58.887139999281,,,4.85247346967,4.85247346967,0.484320862228,,,,7.686232585598,4.331488099823,1.986479729186,0.871304501926,35.127742622035,62.334235666268,228.201576845039,0.636283508331,0.1612306698,,60.5622836261,39.4377163739,162.959280682006,34.6576769313,14.527861322398,52942195.3362532,265492248.764969,,,,,,,,,,,,,,1490588726.45,,,,,,,,,0
600089.SH,600089,特变电工,10002313,通用,2002-06-30 00:00:00,中报,2002中报,058001001,2003-07-29 00:00:00,2003-07-29 00:00:00,CNY,,0.0,,3.36,1.38658594925,0.756359645307,0.75,815771321.31,169701945.29,47474692.29,39675990.5,27.754625035363,0.106488859667,-15.958342941812,,,,,0.0,2.3328075848,6.7717134137,20.8026368244,0.073924727328,0.330936926891,0.237385445665,22.3275672758,1.319345311301,0.928366992844,0.156334109177,60.7584941363,2.548322185885,1.548322185883,522.507052187123,128.848042123471,99.657426894293,0.344492958031,1.396994452019,1.806187512657,,,,,,,,,,,,,,,,,,,,,,,,,,4.9016546987,0.0,21.657192168012,1515.09433962264,,-12.783477556391,4.797230112055,2002,4.286340342138,3.280705427779,,,,,,,24.26779112915,118.248290648192,,8.396814520395,3.143746456552,3.143746456552,0.360888565932,,,,4.29896787171,2.63070384844,1.276559412878,0.541022521044,41.870515289155,68.422753137621,228.504268325113,0.770579510056,0.325712962616,8.315731990127,65.0613108372,34.9386891628,161.808567142777,35.1391907878,30.560034122613,47157636.1243904,-28914609.1973735,1.025346129203,0.332992523159,2.720351489674,3.505544773735,0.302137801097,,,,,,,,,1526199999.72,,,,,,,,,0
600089.SH,600089,特变电工,10002313,通用,2002-03-31 00:00:00,一季报,2002一季报,058001001,2002-04-26 00:00:00,2002-04-26 00:00:00,CNY,,0.0,,3.24,1.38658594925,0.672112326711,0.0,363748765.35,72030743.03,14917501.11,,,,,,,,,0.0,0.8025100628,4.8691717106,19.8023333387,0.065737264089,,,25.1312937893,1.515375788112,0.966754709414,,56.3693311233,2.291965779452,1.291965779451,546.068484685288,142.721617940088,118.429102334799,0.164814492182,0.630598232412,0.759948342305,,,,,,,,,,,,,,,,,,,,,,,,,,,,,,,,,2002,1.597924513022,,,,,,,,,,,,1.401782414106,1.401782414106,0.132078284073,,,,2.724210749069,1.334798167941,0.57316719437,0.267476478943,33.037091579924,67.425924129661,261.157854287252,0.844301211109,0.156145648855,,61.1208586841,38.8791413159,173.960739547596,37.8957871745,12.254421224175,-127851889.375965,-64272443.3079631,,,,,,,,,,,,,,1234421333.73,,,,,,,,,0
600089.SH,600089,特变电工,10002313,通用,2001-12-31 00:00:00,年报,2001年报,058001001,2003-02-21 00:00:00,2003-02-21 00:00:00,CNY,,0.0,,3.19,1.38658594925,0.609022549046,-0.1279,1310460083.17,275924136.28,80147580.81,55615874.5,31.460471182531,40.940088839293,-40.426609318917,,,,9.97,0.0,4.6430633631,7.0908630735,21.0555162896,0.042003545447,0.140967044393,-0.025321949784,13.2992507206,1.359491136529,0.925839737103,-0.032657545632,57.9610363902,2.378745606771,1.378745606772,549.790193848787,117.070791392481,109.225591947939,0.654795236488,3.075062496102,3.295930867297,,,,,,,,,,,,,,,,,,,,,,,,,,0.9525617899,0.0,32.021831833615,-397.441860465116,-26.3663220089,15.862136786316,9.840432888974,2001,8.233990118589,24.700988325783,,,,,,,,,,11.666641879366,5.050133702056,5.050133702056,0.564503989816,1532.0,855391.699197128,52315.653270235,10.117138027866,6.350318765857,2.606254326066,1.060015950359,35.583185581578,56.690067581421,245.105782846074,0.813086994228,0.271487695942,-0.770889082138,62.1080997257,37.8919002743,169.230254090127,37.1027313285,24.154558167315,-483603353.078804,-8294240.6673708,1.158334310434,0.682483538887,-0.32523592025,-0.357106737525,-0.052081974289,,,,,,,,,1289144733.83,,,,,,,,,0
600089.SH,600089,特变电工,10002313,通用,2001-06-30 00:00:00,中报,2001中报,058001001,2002-08-03 00:00:00,2002-08-03 00:00:00,CNY,0.183,0.0,,3.203,1.38658594925,0.621713876367,-0.053,638545431.2,122544456.31,47424190.81,47209909.81,45.488838825531,-9.627235913285,-10.042092587652,,,,5.71,0.0,2.6747312544,8.3768557234,19.1911883356,0.033758445659,-0.053696069183,-0.021408750673,5.0108457789,1.856475966798,1.30756648409,-0.020012438987,57.9771946943,2.379660264767,1.379660264764,563.732908756736,105.90331188899,98.952238884496,0.319300145874,1.699663559046,1.81905939703,,,,,,,,,,,,,,,,,,,,,,,,,-32.222222222222,-1.7484662577,-9.710461053148,5.872304511454,56.798580242887,-43.5212660732,-33.332214503089,42.622011062158,2001,4.150184997657,-32.108279560965,,,,,,,,,,-13.000907144465,2.460769193821,2.460769193821,0.274797707409,,,,5.665811883018,3.876130487382,1.566162613505,0.541300218279,31.769498126035,46.438065123441,211.028946978743,1.155652991584,0.532173919876,-0.878887729123,57.0943372395,42.9056627605,170.419054089479,41.2131801971,39.946731724986,-343028528.062065,-155042397.39569,0.870733819339,0.250321304763,-0.257470114018,-0.255570244731,-0.030586957619,,,,,,,,,1287764944.07,,,,,,,,,0
600089.SH,600089,特变电工,10002313,通用,2000-12-31 00:00:00,年报,2000年报,058001001,2002-03-29 00:00:00,2002-03-29 00:00:00,CNY,0.37,0.0,0.0,3.1599,1.38658594925,0.4613044226,0.043,996847243.42,187962430.13,56866418.54,93356906.27,57.249086972529,-37.357277604705,6.834979427629,,,,13.54,0.0,4.0074035331,6.1227463348,18.855690415,0.042675480923,0.052522740947,0.011293858687,4.2416429995,2.260705071721,1.779575241606,0.023325533902,52.7683976344,2.117226496487,1.117226496487,550.029130414314,100.566183544897,118.857359345341,0.654510788781,3.57973214564,3.02884063707,,,,,,,,,,,,,,,,,,,,,,,,,-38.435940099834,-9.1982758621,1.126721851236,-47.265018206982,-82.520325203252,,-54.846218343591,-4.498980355198,2000,6.602987056588,-50.755829217765,,,,,,,,,,-21.353514781973,3.84156062779,3.84156062779,0.321529522952,1358.0,734055.407525773,41875.1241089838,11.004248405014,7.419607870448,,1.121763331257,32.71463772446,48.520084387999,,0.885770016397,0.767174287646,,61.3521435204,38.6478564796,187.87477926609,33.6569329329,58.641183036921,-164930263.188725,-366460550.052136,0.977362750513,0.547811139171,0.111371441246,0.184457399829,0.030552462505,,,,,,,,,938485232.04,,,,,,,,,0
600089.SH,600089,特变电工,10002313,通用,2000-06-30 00:00:00,中报,2000中报,058001001,2001-08-10 00:00:00,2001-08-10 00:00:00,CNY,0.27,0.0,,3.26,1.535710521311,0.587229945769,-0.1226811533,438896506.67,96816475.24,52476198.21,52480000.0,16.522257187917,0.40106451956,,,,,10.11,0.0,4.0120295499,12.7180106635,22.0590671761,0.022160979735,-0.056831387539,-0.072533168016,2.2070869304,2.236931916312,1.661497722552,-0.081203695797,40.650944593,1.684946783301,0.684946783302,570.594481158288,117.154968291402,,0.315460464382,1.536426518014,,,,,,,,,,,,,,,,,,,,,,,,,,,0.0,12.00270045765,-21.243225778072,,,-30.37235419894,-17.979142328461,2000,6.112947161773,-28.428237661347,,,,,,,,,,-9.838116063025,1.691380049278,1.691380049278,0.277325001814,,,,7.443567837831,4.734765444973,,0.561575119109,24.181951978079,38.016666737126,,0.808584882321,0.77695491741,,57.8849107618,42.1150892382,244.477745842458,27.7491331305,62.367890973783,-128009097.578686,-207735570.71343,0.830438501654,0.240579837597,-0.55503205717,-0.570318502911,,,,,,,,,,615858605.92,,,,,,,,,0
600089.SH,600089,特变电工,10002313,通用,1999-12-31 00:00:00,年报,1999年报,058001001,2001-03-15 00:00:00,2001-03-15 00:00:00,CNY,0.601,0.0,,3.48,1.371137048514,0.874759802536,0.246,633928795.78,151986005.29,90778970.59,87384213.27,38.643964695626,94.33389086535,,,,,,0.0,8.8750119837,15.1315966333,23.9752486875,0.033930925434,0.156619546266,0.057998176695,2.0616843658,1.511647901813,1.027614005876,0.081001536607,55.254276688,2.234850452695,1.234850452696,613.787879724134,150.390279957702,,0.586521845563,2.393771725814,,,,,,,,,,,,,,,,,,,,,,,,,,5.438596491228,19.587628866,0.0,140.292383814232,244.705882352941,,19.987632430537,10.563992971728,1999,13.408667364484,16.463524087038,,,,,,,,,,18.240784546637,4.245683622331,4.245683622331,0.76820088217,,,,9.393605798641,6.11476101301,,1.052736128105,38.323941595685,58.87392806261,,0.334706136704,0.334706136704,,54.1296449033,45.8703550967,180.981466040415,33.6740005379,32.076787216469,18441113.5280702,53189826.0931063,1.065608005105,0.532918655663,0.386021230141,0.383291850165,,,,,,,,,,700394824.98,,,,,,,,,0
600089.SH,600089,特变电工,10002313,通用,1999-06-30 00:00:00,中报,1999中报,058001001,2000-08-18 00:00:00,2000-08-18 00:00:00,CNY,,0.0,,3.26,1.371137048514,0.745624679998,0.0,376663237.79,92154681.1400001,52266575.52,,119.274511603121,77.192991068977,,,,,,0.0,5.7621215018,14.6613124456,24.4660672702,0.002211607681,,,14.3117168918,1.65011851702,1.046611761023,,49.5617160647,1.982620981481,0.98262098148,457.997326049815,123.803414474196,,0.393015394986,1.453917896889,,,,,,,,,,,,,,,,,,,,,,,,,,,-4.1176470588,-18.007240914225,33.603735106855,,,-2.117773909843,0.83967289648,1999,8.541004108364,10.90546274628,,,,,,,,,,-1.185460805742,2.522669660165,2.522669660165,0.494683946285,,,,9.409141774495,5.941104439532,,0.692371314748,19.130331364324,30.297397029799,,0.391794854221,0.385974302993,,55.7175256011,44.2824743989,199.739289106048,30.3829992354,38.597430299254,22618406.5606445,54225729.6582835,,,,,,,,,,,,,,506875842.42,,,,,,,,,0
600089.SH,600089,特变电工,10002313,通用,1998-12-31 00:00:00,年报,1998年报,058001001,2000-01-28 00:00:00,2000-01-28 00:00:00,CNY,0.57,0.0,,2.91,1.371137048514,0.364039753841,-0.17,457235046.02,92711867.39,46712886.87,,113.750980606221,27.125896638874,,,,,16.65,0.0,7.3966056367,10.9243194446,20.2766319417,0.049456695931,-0.001064467902,-0.056468192092,15.3165660135,1.711566641301,1.107272727258,-0.085277572258,49.9749287294,1.998997651779,0.99899765178,531.697266722056,130.567456951521,,0.677077018318,2.757195463596,,,,,,,,,,,,,,,,,,,,,,,,,,7.547169811321,-4.2763157895,-18.007240914225,84.830979501629,,,-36.600649144845,9.375404389755,1998,11.5131904771,-22.826986073443,,,,,,,,,,-21.422759598409,3.062292420483,3.062292420483,0.473707413555,,,,10.07762686454,10.279007993506,,1.183305265231,35.722695912343,35.022834910474,202.702542712321,0.826116699826,0.363304470894,,57.960351352,42.039648648,200.100335392993,26.6450161878,36.330447089447,-240018521.869848,-190602165.482958,0.868484430331,0.444150522924,-0.48069820126,-0.516903523177,,,,,,,,,,446810688.26,,,,,,,,,0
600089.SH,600089,特变电工,10002313,通用,1998-06-30 00:00:00,中报,1998中报,058001001,1998-08-19 00:00:00,1998-08-19 00:00:00,CNY,,0.0,,3.4,1.672266019344,0.558086702742,-0.23,171777027.36,42531274.66,29496976.83,,115.912579509394,73.314471883582,,,,,,0.0,5.8867904133,17.1716656664,24.7595824154,0.055940522651,0.009496941617,-0.109509170749,14.9999999942,1.277581702369,0.863190297544,-0.087901800729,49.1490250227,1.966530632788,0.966530632787,525.056882094859,118.473994738104,64.108012353249,0.342819999391,1.519320762315,2.807761360751,,,,,,,,,,,,,,,,,,,,,,,,,,13.7123745819,1.12684922424,150.336276400132,,,-18.447178835577,174.460123421795,1998,7.701157271129,,,,,,,,,,,,2.103048816846,2.103048816846,0.452117702987,,,,4.898277760277,4.455698587416,,0.650659410032,36.747609835383,40.397705650101,182.582743906973,0.532461314449,0.174225341189,,50.1112275189,49.8887724811,201.668630569458,29.6406588423,17.422534118931,-78196477.843,10342315.4751419,0.724510527995,0.228106856948,-0.580195991341,-0.637731789546,,,,,,,,,,268155278.46,,,,,,,,,0
600089.SH,600089,特变电工,10002313,通用,1997-12-31 00:00:00,年报,1997年报,058001001,1998-02-20 00:00:00,1998-02-20 00:00:00,CNY,0.53,0.0,,3.04,1.672266019344,0.196958191112,0.0,213910151.3,55198902.18,36745374.55,,70.6870626115,95.334673728936,,,,,,0.0,11.6666898587,17.1779479967,25.8047137289,0.014384117777,,,14.9999999769,1.648020974342,1.120768459835,,45.6911944767,1.841322029392,0.841322029391,530.061341623051,135.200359450109,65.243614353893,0.679166677007,2.662714814252,5.517781373167,,,,,,,,,,,,,,,,,,,,,,,,,,70.7865168539,374.480988332723,-27.860977092425,,,-24.712253663324,-1.955149665598,1997,14.918674146971,-38.100143045724,,,,,,,,,,-2.934428146886,2.618880402791,2.618880402791,0.562837398506,,,,9.127067752921,10.072751560272,,1.221585952821,39.443116863549,35.739986025256,200.444505759932,0.902548891609,0.60676746723,,55.7675773701,44.2324226299,216.470470906386,29.9560812385,60.676746722993,22918193.8565,-42121305.0858803,,,,,,,,,,,,,,208600815.03,,,,,,,,,0
600089.SH,600089,特变电工,10002313,通用,1997-06-30 00:00:00,中报,1997中报,058001001,1997-08-18 00:00:00,1997-08-18 00:00:00,CNY,,0.0,,2.99,1.653632079089,0.222934810235,0.0,79558600.87,,17019338.61,,,,,,,,,0.0,7.2183774016,21.3922045183,,,,,14.99999999,4.470204249857,4.470204249857,,17.9075285728,1.218138499932,0.218138499932,533.443542652283,,,0.337430272574,,,,,,,,,,,,,,,,,,,,,,,,,,,,,,,,,,,1997,,,,,,,,,,,,,0.974027924461,0.974027924461,,,,,,,,0.523808080435,,,,,,,69.808871291,30.194482374,558.42434981018,15.6164835853,,-35107541.3205,,,,,,,,,,,,,,,53396890.34,,,,,,,,,0
600089.SH,600089,特变电工,10002313,通用,1996-12-31 00:00:00,年报,1996年报,058001001,1997-06-16 00:00:00,1997-06-16 00:00:00,CNY,,0.0,,1.78,0.352441101006,0.273025864745,0.0,125323002.24,33316902.53,18811496.11,,210.176469781365,242.678143432446,,,,,,0.0,15.4961337354,15.0104097203,26.5848263563,0.009083966149,,,14.67250623,1.246620852382,0.754371391129,,46.6023399708,1.872741238948,0.872741238948,348.715853358799,111.880330259037,60.086493946097,1.032359144365,3.217723787251,5.991363056113,,,,,,,,,,,,,,,,,,,,,,,,,,19.4630872483,9395.34972158509,2.762069526581,,,78.157942222642,-29.560980182771,1996,24.101306337414,47.35270974278,,,,,,,,,,-14.187151448924,2.424980693498,2.424980693498,0.532258891834,,,,10.587284521323,8.098865963301,,1.805400242887,34.003053311258,44.450667739322,171.96728079202,0.596156968856,0.123811858659,,55.1482774034,44.8517225966,211.29056900649,30.046443362,12.381185865871,-10615686.8149905,18636137.1687659,,,,,,,,,,,,,,80796602.41,,,,,,,,,0
600089.SH,600089,特变电工,10002313,通用,1995-12-31 00:00:00,年报,1995年报,058001001,1997-06-16 00:00:00,1997-06-16 00:00:00,CNY,,0.0,,1.49,0.003711723226,0.265687394194,0.0,40403774.77,12517092.19,5489552.36,,30.444443173699,-0.775903882858,,,,,,0.0,8.6979752584,13.7280844465,30.9800068465,0.001180790663,,,14.999999931,1.483228111334,0.816309645533,,66.1598359712,2.955068418548,1.955068418549,568.190901208389,175.120852858348,108.549034236673,0.633589871352,2.055723199859,3.316473541488,,,,,,,,,,,,,,,,,,,,,,,,,,6.4285714286,,-2.879217218843,,,-54.245619294305,6.840105708475,1995,16.356201646706,-45.847356198683,,,,,,,,,,-2.772853586776,2.606695146452,2.606695146452,0.608072685806,,,,4.994691180341,4.047028407269,,1.019010854596,72.076528258027,88.954156920024,283.670997456257,0.476776730028,0.13374564115,,62.2605997794,37.7394002206,149.363252079922,47.9130531561,10.615273240986,1058518.99300001,8481989.80200334,,,,,,,,,,,,,,45924837.88,,,,,,,,,0
600089.SH,600089,特变电工,10002313,通用,1994-12-31 00:00:00,年报,1994年报,058001001,1997-06-16 00:00:00,1997-06-16 00:00:00,CNY,,0.0,,1.4,,0.273563892903,0.0,30973933.26,9869390.39,5532479.08,,,,,,,,,0.0,19.0101474968,17.8367739855,31.8635360487,0.019261315474,,,15.0000000615,1.675814190374,1.318274359174,,61.9241580982,2.626337199789,1.626337199788,,131.314708983338,167.021243294297,,2.741505523541,2.155414442495,,,,,,,,,,,,,,,,,,,,,,,,,,,,,,,,,1994,30.203883870777,,,,,,,,,,,,1.998318274839,1.998318274839,0.516256223871,,,,8.060707371019,4.121425160128,,0.858436353322,44.661092808593,87.348425851028,298.337335993149,0.886751580648,0.219325495869,,62.0770514567,37.9229485433,159.160545889432,41.9777713341,21.932549586942,-12398597.5995,6801675.74457879,,,,,,,,,,,,,,35992937.1,,,,,,,,,0
