selection_rank,global_rank,code,name,exchange,industry,result,secondary_scope,decision,decision_reason,price,pe_ttm,pb,market_cap_yi,change_pct,turnover_pct,roe_avg_10,gross_margin_avg_5,ocf_ni_avg_5,net_margin_avg_10,fcf_5_total_yi,fcf_to_market_cap_5y,share_inflation_5,quality_score,valuation_score,composite_score,price_cross_check,quote_timestamp,moat_rating,moat_basis
,554,000025,特 力Ａ,SZ,综合Ⅱ,通过,保留,淘汰,综合得分未进入前30,15.42,49.94,3.67,66.46919294,-1.6,2.12,8.142,16.775653,0.997214,15.781768,2.9906890017000003,0.04499361,0.0,34,11,45,一致,20260804135709,待评,未进入30家初评队列
,111,000333,美的集团,SZ,白色家电,通过,保留,淘汰,综合得分未进入前30,85.0,12.79,3.14,6483.6174149,-1.05,0.42,23.932,25.047411,1.380423,8.715082,2020.36597,0.31161092,0.0,51,22,73,一致,20260804135709,待评,未进入30家初评队列
,422,000400,许继电气,SZ,电网设备,通过,保留,淘汰,综合得分未进入前30,23.8,54.58,2.01,242.43209526,0.68,2.49,8.365,20.412519,2.044147,5.963025,86.5025127761,0.35681131,0.0,46,10,56,一致,20260804135709,待评,未进入30家初评队列
,,000408,藏格矿业,SZ,农化制品,通过,周期边界复核排除,淘汰,周期边界复核：行业名称命中油气、燃气、建材、农化等周期关键词,80.9,20.16,8.3,1269.25203599,1.21,0.71,19.748,62.043675,0.832043,49.324127,127.19850816719999,0.10021533,0.0,46,12,58,一致,20260804135709,待评,未进入30家初评队列
,141,000423,东阿阿胶,SZ,中药Ⅱ,通过,保留,淘汰,综合得分未进入前30,54.83,19.28,3.55,350.8170476,-1.03,0.81,11.686,68.80156,2.790772,17.78111,117.3435090943,0.33448634,0.0,52,19,71,一致,20260804135709,待评,未进入30家初评队列
12,12,000513,丽珠集团,SZ,化学制药,通过,保留,入选30家,综合得分靠前，且满足估值可比门槛与行业分散上限,30.85,11.87,2.07,273.91936225,-0.55,0.7,17.541,64.968751,1.437233,18.439595,98.33828810440001,0.35900452,0.0,53,28,81,一致,20260804135709,4/5,药品注册、产品组合和医药商业化能力
,135,000538,云南白药,SZ,中药Ⅱ,通过,保留,淘汰,综合得分未进入前30,51.83,11.35,2.35,924.78330713,-0.88,0.4,11.275,27.477298,1.1169,12.062469,181.2094985798,0.19594806,0.0,44,28,72,一致,20260804135709,待评,未进入30家初评队列
,494,000541,佛山照明,SZ,照明设备Ⅱ,通过,保留,淘汰,综合得分未进入前30,4.99,73.29,1.13,76.63533368,-1.58,0.67,8.003,17.882514,2.567701,9.524229,11.016252511700001,0.143749,0.0,40,12,52,一致,20260804135709,待评,未进入30家初评队列
8,8,000568,泸州老窖,SZ,白酒Ⅱ,通过,保留,入选30家,综合得分靠前，且满足估值可比门槛与行业分散上限,88.62,8.79,2.53,1304.39907651,-1.96,0.62,26.664,86.949303,0.930025,34.829815,452.7732408554,0.34711251,0.0,54,28,82,一致,20260804135709,4/5,白酒品牌、产品结构和经销商网络
,29,000596,古井贡酒,SZ,白酒Ⅱ,通过,保留,淘汰,行业分散上限：同一细分行业最多入选3家,91.26,7.51,1.98,482.40036,-2.39,0.96,20.435,78.098709,1.132129,18.897248,109.033523984,0.22602289,0.0,51,28,79,一致,20260804135706,待评,未进入30家初评队列
,40,000650,仁和药业,SZ,中药Ⅱ,通过,保留,淘汰,综合得分未进入前30,5.48,13.66,1.23,76.71661522,-0.18,0.69,11.966,37.323483,1.516439,11.5974,26.8800959091,0.35038167,0.0,51,27,78,一致,20260804135709,待评,未进入30家初评队列
5,5,000651,格力电器,SZ,白色家电,通过,保留,入选30家,综合得分靠前，且满足估值可比门槛与行业分散上限,40.55,9.34,1.49,2271.37002798,-1.0,0.99,26.362,27.795968,1.141468,14.048562,1405.0754703041,0.61860263,0.0,53,30,83,一致,20260804135709,4/5,家电品牌、制造规模、渠道和服务网络
,86,000661,长春高新,SZ,生物制品,通过,保留,淘汰,综合得分未进入前30,77.24,28.57,1.42,315.0909474,-1.78,2.21,20.168,85.882616,1.814567,23.052615,43.6535910569,0.13854283,0.0,54,20,74,一致,20260804135709,待评,未进入30家初评队列
,218,000682,东方电子,SZ,电网设备,通过,保留,淘汰,综合得分未进入前30,12.58,17.88,2.77,168.66345748,1.94,1.31,9.38,32.91999,1.250974,6.932261,28.5585831542,0.16932288,0.0,43,25,68,一致,20260804135709,待评,未进入30家初评队列
,145,000719,中原传媒,SZ,出版,通过,保留,淘汰,综合得分未进入前30,12.75,29.34,1.11,130.458478,-1.39,0.56,10.668,38.423975,1.519459,10.416524,62.523807802200004,0.47926213,0.0,51,20,71,一致,20260804135709,待评,未进入30家初评队列
,,000733,振华科技,SZ,军工电子Ⅱ,通过,保留,淘汰,当前 PE/PB 缺失、为负或超出本轮可比估值上限,41.64,362.65,1.48,230.75615107,1.46,1.76,12.057,55.705793,0.941868,16.445685,41.808350497,0.18117979,0.0,44,12,56,一致,20260804135709,待评,未进入30家初评队列
,403,000739,普洛药业,SZ,化学制药,通过,保留,淘汰,综合得分未进入前30,22.12,25.73,4.07,256.24771901,10.0,1.4,15.422,25.300025,1.100069,8.092663,27.097150394699998,0.10574592,0.0,43,15,58,一致,20260804135709,待评,未进入30家初评队列
,,000786,北新建材,SZ,装修建材,通过,周期边界复核排除,淘汰,周期边界复核：行业名称命中油气、燃气、建材、农化等周期关键词,18.83,9.97,1.2,320.53104671,-3.24,1.02,15.272,29.901635,1.291542,14.886508,149.5082016893,0.46643906,0.0,51,30,81,一致,20260804135709,待评,未进入30家初评队列
,,000792,盐湖股份,SZ,农化制品,豁免B通过,周期边界复核排除,淘汰,周期边界复核：行业名称命中油气、燃气、建材、农化等周期关键词,27.68,12.1,3.28,1464.70727935,1.02,0.6,10.933333,60.892146,1.318697,-9.079138,470.2496982742,0.3210537,0.0,44,22,66,一致,20260804135709,待评,未进入30家初评队列
,556,000811,冰轮环境,SZ,通用设备,通过,保留,淘汰,综合得分未进入前30,35.88,75.95,5.54,356.10110102,9.99,3.62,10.56,24.895036,1.22981,8.316496,20.5100494086,0.05759614,0.0,40,4,44,一致,20260804135709,待评,未进入30家初评队列
13,13,000848,承德露露,SZ,饮料乳品,通过,保留,入选30家,综合得分靠前，且满足估值可比门槛与行业分散上限,9.06,9.3,2.89,92.4120067,-2.58,1.73,22.368,43.756567,1.154963,20.730144,29.423282821300003,0.31839242,0.0,53,28,81,一致,20260804135709,3/5,植物蛋白饮料品牌和渠道
2,2,000858,五 粮 液,SZ,白酒Ⅱ,通过,保留,入选30家,综合得分靠前，且满足估值可比门槛与行业分散上限,76.95,9.26,2.53,2986.89735985,-1.42,0.73,21.328,76.233413,1.565099,32.814251,1456.8395430136,0.48774342,0.0,58,28,86,一致,20260804135709,5/5,高端白酒品牌、渠道和消费心智
,147,000895,双汇发展,SZ,食品加工,通过,保留,淘汰,综合得分未进入前30,25.55,17.13,4.45,885.22093992,-2.44,0.32,29.206,16.907703,1.276737,8.614681,205.7364432382,0.23241254,0.0,49,22,71,一致,20260804135709,待评,未进入30家初评队列
,,000910,大亚圣象,SZ,家居用品,通过,保留,淘汰,当前 PE/PB 缺失、为负或超出本轮可比估值上限,5.25,-7.43,0.45,28.73836875,-0.38,0.59,11.224,25.583472,1.445407,6.658438,17.6566799573,0.61439395,0.0,46,12,58,一致,20260804135700,待评,未进入30家初评队列
,,000913,钱江摩托,SZ,摩托车及其他,通过,保留,淘汰,当前 PE/PB 缺失、为负或超出本轮可比估值上限,11.94,-40.37,1.25,62.8534734,-1.73,1.04,10.515,26.405885,1.182665,8.352959,4.525141769599999,0.07199509,0.0,38,12,50,一致,20260804135709,待评,未进入30家初评队列
,50,000915,华特达因,SZ,化学制药,通过,保留,淘汰,综合得分未进入前30,25.77,13.65,2.41,60.38722368,-1.07,0.85,14.685,80.563872,2.088984,17.539875,49.754820206000005,0.82392959,0.0,52,25,77,一致,20260804135709,待评,未进入30家初评队列
,,000920,沃顿科技,SZ,塑料,通过,周期边界复核排除,淘汰,周期边界复核：行业名称命中油气、燃气、建材、农化等周期关键词,11.13,29.82,2.72,52.60273043,2.77,1.55,10.436,36.331355,1.575082,9.550435,8.8460320935,0.16816679,0.0,47,18,65,一致,20260804135709,待评,未进入30家初评队列
,,000923,河钢资源,SZ,冶钢原料,通过,保留,淘汰,当前 PE/PB 缺失、为负或超出本轮可比估值上限,14.55,104.95,0.98,94.97206383,0.21,1.34,8.366,64.509351,1.791506,10.755366,22.473718752699998,0.23663505,0.0,48,12,60,一致,20260804135709,待评,未进入30家初评队列
,113,000963,华东医药,SZ,化学制药,通过,保留,淘汰,综合得分未进入前30,28.47,12.45,2.02,499.28888063,-0.35,0.93,18.945,32.111667,1.205039,7.227955,105.54089310479999,0.21138242,0.0,48,25,73,一致,20260804135709,待评,未进入30家初评队列
,,000968,蓝焰控股,SZ,油气开采Ⅱ,通过,周期边界复核排除,淘汰,周期边界复核：行业名称命中油气、燃气、建材、农化等周期关键词,7.04,11.53,1.07,68.11218726,0.57,1.7,11.097,35.201008,2.371231,21.939979,11.225152870399999,0.16480388,0.0,50,30,80,一致,20260804135709,待评,未进入30家初评队列
,574,000988,华工科技,SZ,自动化设备,通过,保留,淘汰,综合得分未进入前30,101.24,39.86,8.9,1017.97094057,8.66,4.65,9.888,20.294763,0.73195,8.32385,13.298717101600001,0.01306395,0.0,29,4,33,一致,20260804135709,待评,未进入30家初评队列
,181,000989,九芝堂,SZ,中药Ⅱ,通过,保留,淘汰,综合得分未进入前30,9.23,11.97,2.19,79.00344771,0.54,3.46,8.743,59.463594,1.189296,11.556374,11.097428036199998,0.14046764,0.0,42,28,70,一致,20260804135709,待评,未进入30家初评队列
,36,000999,华润三九,SZ,中药Ⅱ,通过,保留,淘汰,综合得分未进入前30,25.95,12.92,1.89,431.86453415,-0.8,0.52,15.12,54.454191,1.306536,12.292693,142.5515442968,0.33008393,0.0,53,25,78,一致,20260804135709,待评,未进入30家初评队列
,306,001206,依依股份,SZ,个护用品,通过,保留,淘汰,综合得分未进入前30,16.3,27.21,1.67,30.1376907,1.31,3.34,16.5,17.408224,1.210965,8.807326,4.5346442926999995,0.15046423,0.0,45,18,63,一致,20260804135709,待评,未进入30家初评队列
,54,001210,金房能源,SZ,电力,通过,保留,淘汰,综合得分未进入前30,18.86,7.8,2.89,41.4048189,2.5,2.72,15.144,23.91124,5.374659,11.201346,4.0704081648,0.09830759,0.0,49,28,77,一致,20260804135709,待评,未进入30家初评队列
,169,001216,华瓷股份,SZ,家居用品,通过,保留,淘汰,综合得分未进入前30,13.91,23.22,1.65,40.61140482,0.36,0.46,15.793,32.286803,1.374862,12.098342,4.2946952925,0.10575097,0.0,48,22,70,一致,20260804135703,待评,未进入30家初评队列
,276,001219,青岛食品,SZ,休闲食品,通过,保留,淘汰,综合得分未进入前30,12.42,19.21,2.32,24.21698175,-1.04,0.86,13.535,33.990679,0.951488,15.616544,4.0775466689,0.16837551,0.0,43,22,65,一致,20260804135709,待评,未进入30家初评队列
,452,001277,速达股份,SZ,专用设备,通过,保留,淘汰,综合得分未进入前30,28.0,37.03,1.38,21.28,-0.11,1.51,18.641,24.942984,0.788995,12.176279,0.7078004079000001,0.0332613,0.0,39,16,55,一致,20260804135706,待评,未进入30家初评队列
,,001299,美能能源,SZ,燃气Ⅱ,通过,周期边界复核排除,淘汰,周期边界复核：行业名称命中油气、燃气、建材、农化等周期关键词,9.83,27.89,2.75,30.88735288,-0.1,0.72,15.712,21.724,1.141209,18.302766,2.5694305802,0.08318714,0.0,45,18,63,一致,20260804135709,待评,未进入30家初评队列
,155,001332,锡装股份,SZ,专用设备,通过,保留,淘汰,综合得分未进入前30,30.95,13.11,1.84,47.875317,0.36,2.39,16.2,31.989348,1.04142,17.187729,6.3427003191999995,0.13248372,0.0,46,25,71,一致,20260804135709,待评,未进入30家初评队列
,286,001376,百通能源,SZ,电力,通过,保留,淘汰,综合得分未进入前30,11.36,30.73,4.25,52.35824,-0.7,5.86,15.031,26.466489,2.24582,13.361927,6.9228155935,0.13222017,0.0,49,15,64,一致,20260804135709,待评,未进入30家初评队列
,243,002003,伟星股份,SZ,纺织制造,通过,保留,淘汰,综合得分未进入前30,10.43,33.31,2.95,124.00119081,-1.51,0.89,15.455,40.343272,1.517816,13.497347,8.491285064400001,0.06847745,0.0,48,18,66,一致,20260804135709,待评,未进入30家初评队列
,287,002007,华兰生物,SZ,生物制品,通过,保留,淘汰,综合得分未进入前30,13.56,26.87,2.29,247.5636977,-0.88,0.5,16.288,64.673835,0.961621,30.336661,32.6150813164,0.1317442,0.0,46,18,64,一致,20260804135709,待评,未进入30家初评队列
,553,002008,大族激光,SZ,自动化设备,通过,保留,淘汰,综合得分未进入前30,88.52,35.43,4.25,911.40493676,9.0,4.28,13.328,34.137952,0.95082,9.969733,7.0878994308,0.00777689,0.0,34,11,45,一致,20260804135709,待评,未进入30家初评队列
,191,002014,永新股份,SZ,包装印刷,通过,保留,淘汰,综合得分未进入前30,10.85,18.31,2.77,66.45536746,-2.25,0.7,15.576,23.177215,1.093647,11.050068,11.7072328184,0.17616685,0.0,47,22,69,一致,20260804135709,待评,未进入30家初评队列
,195,002020,京新药业,SZ,化学制药,通过,保留,淘汰,综合得分未进入前30,13.78,17.96,2.04,118.64981549,0.8,1.51,12.426,51.888144,1.046747,15.583868,16.34169485,0.13773047,0.0,44,25,69,一致,20260804135706,待评,未进入30家初评队列
6,6,002027,分众传媒,SZ,广告营销,通过,保留,入选30家,综合得分靠前，且满足估值可比门槛与行业分散上限,5.31,10.71,6.04,766.88080545,-0.56,1.09,34.978,65.893699,1.861697,35.828833,367.2422180825,0.47887783,0.0,60,22,82,一致,20260804135709,4/5,核心楼宇媒体点位网络和规模化销售系统
,548,002028,思源电气,SZ,电网设备,通过,保留,淘汰,综合得分未进入前30,156.79,41.26,7.45,1226.99664885,-0.2,1.62,13.55,29.665048,0.910537,10.680337,49.4697958441,0.04031779,0.0,38,8,46,一致,20260804135709,待评,未进入30家初评队列
,,002030,达安基因,SZ,医疗器械,豁免B通过,保留,淘汰,当前 PE/PB 缺失、为负或超出本轮可比估值上限,5.57,-19.91,1.11,78.17194398,0.72,1.05,20.569,53.60437,1.676189,-3.236611,57.1175492482,0.73066559,0.0,51,12,63,一致,20260804135709,待评,未进入30家初评队列
,226,002032,苏 泊 尔,SZ,小家电,通过,保留,淘汰,综合得分未进入前30,42.34,19.52,6.71,338.65570925,-0.75,0.19,29.758,24.716265,1.185847,9.579339,115.3392720247,0.34057974,0.0,51,16,67,一致,20260804135706,待评,未进入30家初评队列
21,21,002034,旺能环境,SZ,环境治理,通过,保留,入选30家,综合得分靠前，且满足估值可比门槛与行业分散上限,14.5,9.31,0.89,74.92167444,-0.34,1.04,10.196,38.255299,2.280277,23.170396,19.4641618451,0.25979347,0.0,50,30,80,一致,20260804135700,3/5,固废处理项目资质、特许经营和运营经验
10,10,002035,华帝股份,SZ,厨卫电器,通过,保留,入选30家,综合得分靠前，且满足估值可比门槛与行业分散上限,4.88,10.23,1.1,41.36549656,-1.41,0.8,15.942,40.924405,2.132438,7.609461,19.4326819516,0.46977998,0.0,52,30,82,一致,20260804135709,3/5,厨卫品牌、渠道覆盖和产品迭代
,89,002039,黔源电力,SZ,电力,通过,保留,淘汰,综合得分未进入前30,19.97,23.92,1.95,85.38335776,-1.87,1.3,10.76,53.549808,5.307625,13.631067,67.6200801722,0.79195855,0.0,52,22,74,一致,20260804135709,待评,未进入30家初评队列
,,002043,兔 宝 宝,SZ,装修建材,通过,周期边界复核排除,淘汰,周期边界复核：行业名称命中油气、燃气、建材、农化等周期关键词,12.88,18.05,3.35,106.87237702,-4.31,1.45,22.394,17.976686,1.854456,7.541822,48.565206546599995,0.45442244,0.0,51,19,70,一致,20260804135709,待评,未进入30家初评队列
,440,002049,紫光国微,SZ,半导体,通过,保留,淘汰,综合得分未进入前30,65.52,41.32,4.04,552.48670452,2.22,2.01,16.468,59.132097,0.748537,24.13862,52.452824036,0.09493952,0.0,44,11,55,一致,20260804135709,待评,未进入30家初评队列
,530,002050,三花智控,SZ,家电零部件Ⅱ,通过,保留,淘汰,综合得分未进入前30,38.8,44.0,5.19,1632.70940678,1.31,1.35,17.279,27.124669,1.167194,12.108511,31.6503384702,0.01938516,0.0,40,8,48,一致,20260804135709,待评,未进入30家初评队列
,248,002056,横店东磁,SZ,光伏设备,通过,保留,淘汰,综合得分未进入前30,20.82,21.94,3.37,338.68145381,3.63,1.31,17.216,18.821532,1.74187,9.740051,80.7766055764,0.23850319,0.0,47,19,66,一致,20260804135709,待评,未进入30家初评队列
,328,002057,中钢天源,SZ,专业服务,通过,保留,淘汰,综合得分未进入前30,8.25,19.38,1.88,62.19540575,0.61,2.18,9.395,23.848683,1.243997,9.360182,5.9369603317,0.09545657,0.0,40,22,62,一致,20260804135709,待评,未进入30家初评队列
,131,002064,华峰化学,SZ,化学纤维,通过,保留,淘汰,综合得分未进入前30,10.85,13.58,1.87,538.43601282,-0.82,0.84,17.828,19.80135,1.209761,10.455686,84.9024365738,0.15768343,0.0,47,25,72,一致,20260804135709,待评,未进入30家初评队列
,279,002083,孚日股份,SZ,纺织制造,通过,保留,淘汰,综合得分未进入前30,11.28,14.8,2.32,106.78088055,2.45,7.03,9.175,16.990605,2.339644,6.67218,10.037510004400001,0.094001,0.0,40,25,65,一致,20260804135709,待评,未进入30家初评队列
,,002088,鲁阳节能,SZ,装修建材,通过,周期边界复核排除,淘汰,周期边界复核：行业名称命中油气、燃气、建材、农化等周期关键词,7.67,335.07,1.64,39.07406227,1.19,0.45,14.395,30.437462,2.070133,13.310904,18.5697352462,0.47524455,0.0,51,10,61,一致,20260804135703,待评,未进入30家初评队列
,319,002107,沃华医药,SZ,中药Ⅱ,通过,保留,淘汰,综合得分未进入前30,6.18,26.4,5.04,35.67155328,1.64,1.37,12.903,75.028562,1.801164,10.218965,7.0141520822,0.19663153,0.0,50,12,62,一致,20260804135709,待评,未进入30家初评队列
,250,002117,东港股份,SZ,包装印刷,通过,保留,淘汰,综合得分未进入前30,8.2,21.64,3.24,42.94511831,0.24,0.94,12.65,35.186812,1.33919,14.653798,7.8966311722,0.18387727,0.0,47,19,66,一致,20260804135703,待评,未进入30家初评队列
,436,002125,湘潭电化,SZ,电池,通过,保留,淘汰,综合得分未进入前30,12.64,22.26,2.39,79.57169469,0.56,2.08,8.271,23.358944,0.892919,9.99387,6.3579465425,0.07990211,0.0,34,22,56,一致,20260804135709,待评,未进入30家初评队列
,418,002130,沃尔核材,SZ,其他电子Ⅱ,通过,保留,淘汰,综合得分未进入前30,17.59,26.62,2.76,246.24018698,2.69,4.02,11.434,32.006733,1.155064,8.752588,19.4609571921,0.07903242,0.0,39,18,57,一致,20260804135709,待评,未进入30家初评队列
,512,002138,顺络电子,SZ,元件,通过,保留,淘汰,综合得分未进入前30,46.58,42.0,5.72,375.58308929,7.06,5.62,12.242,35.306677,1.795615,15.926749,10.0820111767,0.02684362,0.0,42,8,50,一致,20260804135709,待评,未进入30家初评队列
,,002150,正泰电源,SZ,光伏设备,通过,保留,淘汰,当前 PE/PB 缺失、为负或超出本轮可比估值上限,21.2,127.09,3.6,76.50418624,1.63,1.11,10.373,25.927127,1.58646,7.640227,2.9409816716000003,0.0384421,0.0,42,7,49,一致,20260804135709,待评,未进入30家初评队列
,266,002152,广电运通,SZ,计算机设备,通过,保留,淘汰,综合得分未进入前30,10.36,28.42,2.11,257.27846823,0.97,0.8,8.342,34.574588,1.783274,12.405168,64.9581556907,0.2524819,0.0,47,18,65,一致,20260804135709,待评,未进入30家初评队列
,384,002158,汉钟精机,SZ,通用设备,通过,保留,淘汰,综合得分未进入前30,26.62,25.38,3.26,142.3435658,7.17,1.81,16.307,36.511974,0.952112,17.008791,20.7566369235,0.14582069,0.0,44,15,59,一致,20260804135706,待评,未进入30家初评队列
,503,002164,宁波东力,SZ,通用设备,通过,保留,淘汰,综合得分未进入前30,11.18,68.3,3.74,59.49701843,0.09,1.27,20.307,22.984409,1.490262,16.197047,1.3309502806,0.02237003,0.0,44,7,51,一致,20260804135709,待评,未进入30家初评队列
,478,002179,中航光电,SZ,军工电子Ⅱ,通过,保留,淘汰,综合得分未进入前30,34.44,45.4,3.08,723.32482469,1.09,0.93,16.514,35.449059,0.820614,13.89321,28.247838428,0.03905277,0.0,42,11,53,一致,20260804135709,待评,未进入30家初评队列
,198,002206,海 利 得,SZ,化学纤维,通过,保留,淘汰,综合得分未进入前30,5.33,12.57,1.59,61.93605083,-0.74,0.67,11.647,17.913457,1.60628,8.42942,17.465060717,0.28198538,0.0,44,25,69,一致,20260804135709,待评,未进入30家初评队列
,136,002216,三全食品,SZ,食品加工,通过,保留,淘汰,综合得分未进入前30,12.84,10.48,2.58,112.88723176,-1.53,1.03,13.7,25.868531,1.343556,6.593947,29.5905773796,0.2621251,0.0,44,28,72,一致,20260804135709,待评,未进入30家初评队列
,,002222,福晶科技,SZ,光学光电子,通过,保留,淘汰,当前 PE/PB 缺失、为负或超出本轮可比估值上限,53.28,96.01,14.07,250.5492,8.69,5.84,15.656,54.732278,1.096151,26.971819,2.9071835198000002,0.01160324,0.0,43,0,43,一致,20260804135709,待评,未进入30家初评队列
,93,002223,鱼跃医疗,SZ,医疗器械,通过,保留,淘汰,综合得分未进入前30,27.93,16.34,2.15,279.99180627,-0.82,0.74,16.405,49.703396,1.032648,21.192767,78.9860945418,0.28210145,0.0,49,25,74,一致,20260804135709,待评,未进入30家初评队列
,215,002236,大华股份,SZ,计算机设备,通过,保留,淘汰,综合得分未进入前30,17.1,20.03,1.5,559.04381465,1.79,1.84,18.337,39.57638,0.706992,12.549786,84.48419574430001,0.15112267,0.0,44,24,68,一致,20260804135709,待评,未进入30家初评队列
,149,002242,九阳股份,SZ,小家电,通过,保留,淘汰,综合得分未进入前30,9.16,21.09,2.07,69.8923572,-0.76,0.85,15.52,26.797828,2.119246,6.460955,19.8931434862,0.28462545,0.0,49,22,71,一致,20260804135703,待评,未进入30家初评队列
,534,002245,蔚蓝锂芯,SZ,电池,通过,保留,淘汰,综合得分未进入前30,16.54,36.06,3.66,282.44358885,4.82,3.86,10.229,17.308377,2.089141,6.993358,7.2240439653,0.02557694,0.0,37,11,48,一致,20260804135709,待评,未进入30家初评队列
,175,002262,恩华药业,SZ,化学制药,通过,保留,淘汰,综合得分未进入前30,21.95,17.56,2.8,222.96515497,-1.26,0.85,17.422,74.394901,0.925642,17.291359,27.696467502399997,0.12421882,0.0,45,25,70,一致,20260804135709,待评,未进入30家初评队列
,412,002270,华明装备,SZ,电网设备,通过,保留,淘汰,综合得分未进入前30,20.69,28.44,5.94,185.42904167,-0.39,2.1,13.681,50.587736,1.10027,21.907341,24.2691299414,0.13088095,0.0,45,12,57,一致,20260804135709,待评,未进入30家初评队列
,480,002273,水晶光电,SZ,光学光电子,通过,保留,淘汰,综合得分未进入前30,26.06,36.73,3.65,362.39875679,5.46,2.96,9.914,28.17822,1.599373,15.188699,12.5150248147,0.03453385,0.0,42,11,53,一致,20260804135709,待评,未进入30家初评队列
,97,002275,桂林三金,SZ,中药Ⅱ,通过,保留,淘汰,综合得分未进入前30,13.36,15.78,2.49,78.49916496,-0.3,0.36,14.592,73.547156,1.372903,22.311953,23.3273536412,0.2971669,0.0,49,25,74,一致,20260804135709,待评,未进入30家初评队列
,,002281,光迅科技,SZ,通信设备,通过,保留,淘汰,当前 PE/PB 缺失、为负或超出本轮可比估值上限,172.32,148.64,10.31,1426.54911764,10.0,4.85,9.697,23.257712,0.936947,7.956558,3.7197391555,0.00260751,0.0,31,0,31,一致,20260804135709,待评,未进入30家初评队列
,205,002287,奇正藏药,SZ,中药Ⅱ,通过,保留,淘汰,综合得分未进入前30,20.96,31.5,2.49,119.91597535,-0.57,0.26,16.878,83.701819,1.030613,28.165018,21.591603468400002,0.18005611,0.0,50,18,68,一致,20260804135654,待评,未进入30家初评队列
,96,002293,罗莱生活,SZ,服装家纺,通过,保留,淘汰,综合得分未进入前30,10.91,15.48,2.29,91.33973985,-0.09,0.75,13.599,47.351866,1.458573,10.781811,28.5968514924,0.31308225,0.0,49,25,74,一致,20260804135709,待评,未进入30家初评队列
,396,002294,信立泰,SZ,化学制药,通过,保留,淘汰,综合得分未进入前30,34.15,42.25,4.46,380.7098467,2.86,1.65,12.794,72.300588,1.755698,20.389366,18.8254828193,0.04944837,0.0,47,11,58,一致,20260804135709,待评,未进入30家初评队列
,262,002315,焦点科技,SZ,互联网电商,通过,保留,淘汰,综合得分未进入前30,27.75,29.21,4.31,114.44283955,2.13,4.75,11.067,78.912211,1.746367,17.34078,29.9319890523,0.26154532,0.0,50,15,65,一致,20260804135709,待评,未进入30家初评队列
,176,002318,久立特材,SZ,特钢Ⅱ,通过,保留,淘汰,综合得分未进入前30,20.5,12.69,2.46,200.3199976,-3.67,1.49,15.854,25.735608,0.944179,12.178699,33.0604695814,0.16503829,0.0,45,25,70,一致,20260804135709,待评,未进入30家初评队列
,127,002327,富安娜,SZ,服装家纺,通过,保留,淘汰,综合得分未进入前30,6.54,21.1,1.58,54.53495667,-1.21,0.59,14.39,54.02424,1.284327,17.70532,27.579735087600003,0.50572581,0.0,50,22,72,一致,20260804135703,待评,未进入30家初评队列
,216,002332,仙琚制药,SZ,化学制药,通过,保留,淘汰,综合得分未进入前30,8.7,22.92,1.46,86.06082334,0.23,0.75,11.004,57.550642,0.897388,11.189155,13.2637529917,0.15412068,0.0,44,24,68,一致,20260804135709,待评,未进入30家初评队列
,499,002335,科华数据,SZ,其他电源设备Ⅱ,通过,保留,淘汰,综合得分未进入前30,30.82,74.51,3.64,232.50928805,4.69,2.77,8.703,26.927474,3.730549,7.293131,43.679227186400006,0.18786014,0.0,44,7,51,一致,20260804135709,待评,未进入30家初评队列
,290,002351,漫步者,SZ,消费电子,通过,保留,淘汰,综合得分未进入前30,10.48,22.79,3.22,93.1784136,-1.41,1.14,11.032,36.746152,1.127724,12.620056,19.1213478032,0.20521221,0.0,45,19,64,一致,20260804135706,待评,未进入30家初评队列
,561,002353,杰瑞股份,SZ,专用设备,通过,保留,淘汰,综合得分未进入前30,142.8,62.14,6.42,1462.06612952,9.22,1.92,10.831,33.244971,0.875966,15.138041,52.8454590914,0.03614437,0.0,39,4,43,一致,20260804135709,待评,未进入30家初评队列
,251,002367,康力电梯,SZ,专用设备,通过,保留,淘汰,综合得分未进入前30,5.43,29.42,1.23,43.31757826,0.18,0.8,10.152,27.067882,1.448581,7.808147,22.9142345635,0.52898236,0.0,46,20,66,一致,20260804135709,待评,未进入30家初评队列
,,002372,伟星新材,SZ,装修建材,通过,周期边界复核排除,淘汰,周期边界复核：行业名称命中油气、燃气、建材、农化等周期关键词,8.86,29.51,3.17,141.05456574,-2.74,0.88,25.279,41.314746,1.24735,19.632432,53.8912459995,0.38205956,0.0,56,15,71,一致,20260804135709,待评,未进入30家初评队列
,,002401,中远海科,SZ,IT服务Ⅱ,通过,保留,淘汰,当前 PE/PB 缺失、为负或超出本轮可比估值上限,12.48,158.86,2.81,46.38422131,-0.48,0.74,10.203,18.02999,1.044383,8.34828,4.9552514785,0.10683054,0.0,38,10,48,一致,20260804135709,待评,未进入30家初评队列
,,002410,广联达,SZ,软件开发,通过,保留,淘汰,当前 PE/PB 缺失、为负或超出本轮可比估值上限,9.76,117.86,2.83,161.22976778,-0.1,2.25,9.924,83.906375,3.400178,10.965106,32.0640682008,0.19887189,0.0,48,10,58,一致,20260804135709,待评,未进入30家初评队列
,255,002412,汉森制药,SZ,中药Ⅱ,通过,保留,淘汰,综合得分未进入前30,6.98,22.86,1.55,35.12336,3.1,5.81,9.283,74.1871,1.010293,16.455781,6.1040199637,0.17378804,0.0,44,22,66,一致,20260804135709,待评,未进入30家初评队列
,140,002415,海康威视,SZ,计算机设备,通过,保留,淘汰,综合得分未进入前30,38.5,22.34,4.18,3528.47554675,1.45,0.99,26.267,44.131551,1.123779,19.124758,589.087762482,0.16695249,0.0,52,19,71,一致,20260804135709,待评,未进入30家初评队列
,357,002422,科伦药业,SZ,化学制药,通过,保留,淘汰,综合得分未进入前30,42.47,37.23,2.83,675.60477904,2.76,1.74,8.952,52.029875,1.934325,8.058447,114.88880442,0.17005327,0.0,46,14,60,一致,20260804135709,待评,未进入30家初评队列
,427,002429,兆驰股份,SZ,黑色家电,通过,保留,淘汰,综合得分未进入前30,7.83,42.27,2.15,354.45944953,4.26,1.06,9.017,17.310393,3.023558,6.500401,72.1634432673,0.2035873,0.0,42,14,56,一致,20260804135709,待评,未进入30家初评队列
,278,002444,巨星科技,SZ,通用设备,通过,保留,淘汰,综合得分未进入前30,29.43,17.05,1.89,351.53492896,-1.41,0.96,12.735,29.634339,0.819301,14.25092,49.5354872338,0.14091199,0.0,40,25,65,一致,20260804135709,待评,未进入30家初评队列
,,002463,沪电股份,SZ,元件,通过,保留,淘汰,当前 PE/PB 缺失、为负或超出本轮可比估值上限,111.77,43.29,13.59,2150.8611253,10.0,3.15,17.923,31.695917,1.174207,14.029614,38.79551957,0.0180372,0.0,41,4,45,一致,20260804135709,待评,未进入30家初评队列
,573,002484,江海股份,SZ,元件,通过,保留,淘汰,综合得分未进入前30,59.31,77.84,8.13,504.44574941,10.0,5.08,9.966,25.477318,0.885519,12.886918,10.7202152214,0.02125147,0.0,33,0,33,一致,20260804135709,待评,未进入30家初评队列
,559,002498,汉缆股份,SZ,电网设备,通过,保留,淘汰,综合得分未进入前30,7.39,38.32,2.83,245.8502244,2.07,6.09,9.022,18.255007,0.753222,7.16556,10.9575833654,0.04457016,0.0,30,14,44,一致,20260804135709,待评,未进入30家初评队列
,115,002507,涪陵榨菜,SZ,调味发酵品Ⅱ,通过,保留,淘汰,综合得分未进入前30,11.94,12.64,1.57,137.77793194,-1.73,0.92,17.208,51.766839,0.921987,31.290241,26.7355143633,0.19404787,0.0,48,25,73,一致,20260804135706,待评,未进入30家初评队列
16,16,002508,老板电器,SZ,厨卫电器,通过,保留,入选30家,综合得分靠前，且满足估值可比门槛与行业分散上限,15.81,12.18,1.32,149.39484262,-1.62,0.68,21.378,50.568043,1.193458,17.279485,71.8924208727,0.48122425,0.0,53,27,80,一致,20260804135709,4/5,厨电品牌、渠道与服务体系
,232,002511,中顺洁柔,SZ,个护用品,通过,保留,淘汰,综合得分未进入前30,7.41,23.12,1.72,94.93237122,-0.8,0.68,10.369,33.146145,1.360497,6.061452,18.1047275075,0.19071184,0.0,45,22,67,一致,20260804135709,待评,未进入30家初评队列
,148,002517,恺英网络,SZ,游戏Ⅱ,通过,保留,淘汰,综合得分未进入前30,18.53,12.68,3.9,395.88293126,2.94,6.95,17.055,78.276584,1.149533,15.79079,68.3382952046,0.17262248,0.0,49,22,71,一致,20260804135709,待评,未进入30家初评队列
,404,002518,科士达,SZ,其他电源设备Ⅱ,通过,保留,淘汰,综合得分未进入前30,32.12,33.72,3.97,187.01070019,3.61,1.41,14.491,30.632503,1.172698,12.861483,23.3004684756,0.12459431,0.0,43,15,58,一致,20260804135709,待评,未进入30家初评队列
,552,002534,西子洁能,SZ,其他电源设备Ⅱ,通过,保留,淘汰,综合得分未进入前30,14.79,51.37,2.21,123.63481268,4.82,2.36,9.764,17.893773,2.021013,6.844793,0.3327446435,0.00269135,0.0,35,10,45,一致,20260804135706,待评,未进入30家初评队列
,121,002543,万和电气,SZ,厨卫电器,通过,保留,淘汰,综合得分未进入前30,6.78,15.83,1.08,50.41608,-0.59,0.3,12.964,26.481042,1.434686,7.576927,20.7260388545,0.41109977,0.0,46,27,73,一致,20260804135709,待评,未进入30家初评队列
,431,002550,千红制药,SZ,化学制药,通过,保留,淘汰,综合得分未进入前30,7.01,26.37,3.37,89.71398,0.72,1.66,9.119,47.905067,1.127068,15.302106,9.4754723657,0.10561868,0.0,41,15,56,一致,20260804135709,待评,未进入30家初评队列
22,22,002555,三七互娱,SZ,游戏Ⅱ,通过,保留,入选30家,综合得分靠前，且满足估值可比门槛与行业分散上限,20.14,12.75,3.39,445.54466895,0.75,3.03,25.756,80.041279,1.200342,18.025125,139.9920571298,0.31420431,0.0,57,22,79,一致,20260804135709,3/5,游戏研发发行、IP运营和流量投放能力；竞争激烈
,196,002557,洽洽食品,SZ,休闲食品,通过,保留,淘汰,综合得分未进入前30,19.82,14.9,2.02,100.26051174,-2.12,1.44,14.928,28.57228,0.996854,11.544461,36.1733122039,0.36079321,0.0,44,25,69,一致,20260804135709,待评,未进入30家初评队列
,270,002558,巨人网络,SZ,游戏Ⅱ,通过,保留,淘汰,综合得分未进入前30,29.69,13.06,3.54,564.27684919,2.06,5.28,11.962,87.237218,0.994026,40.64623,58.0872792691,0.1029411,0.0,43,22,65,一致,20260804135709,待评,未进入30家初评队列
,63,002563,森马服饰,SZ,服装家纺,通过,保留,淘汰,综合得分未进入前30,6.15,13.3,1.47,165.68654484,-2.84,0.98,10.899,43.365572,1.604436,8.323964,65.8845510751,0.39764575,0.0,49,27,76,一致,20260804135709,待评,未进入30家初评队列
,369,002568,百润股份,SZ,非白酒,通过,保留,淘汰,综合得分未进入前30,19.6,23.58,4.32,204.1582454,-1.75,1.86,12.359,66.950875,1.20987,17.382673,4.4998330293,0.02204091,0.0,41,19,60,一致,20260804135706,待评,未进入30家初评队列
,,002572,索菲亚,SZ,家居用品,通过,保留,淘汰,当前 PE/PB 缺失、为负或超出本轮可比估值上限,8.55,-53.56,1.25,82.34053252,-1.61,1.45,18.018,34.695796,3.117429,11.494405,19.6678514432,0.2388599,0.0,52,12,64,一致,20260804135709,待评,未进入30家初评队列
,,002588,史丹利,SZ,农化制品,通过,周期边界复核排除,淘汰,周期边界复核：行业名称命中油气、燃气、建材、农化等周期关键词,8.8,7.42,1.34,101.36649424,-2.0,1.08,9.037,17.260557,1.754358,5.821503,8.1361339971,0.08026453,0.0,40,30,70,一致,20260804135709,待评,未进入30家初评队列
,540,002600,领益智造,SZ,消费电子,通过,保留,淘汰,综合得分未进入前30,12.68,65.73,4.25,1029.64344294,1.77,0.97,15.529,17.716144,2.057761,5.529201,4.9992432469,0.00485531,0.0,40,7,47,一致,20260804135709,待评,未进入30家初评队列
,117,002605,姚记科技,SZ,游戏Ⅱ,通过,保留,淘汰,综合得分未进入前30,19.07,14.24,2.16,79.63007591,0.63,1.57,18.918,44.127577,1.114914,18.139907,18.7421134626,0.23536476,0.0,48,25,73,一致,20260804135709,待评,未进入30家初评队列
,507,002606,大连电瓷,SZ,电网设备,通过,保留,淘汰,综合得分未进入前30,14.88,27.45,3.35,65.33409514,2.62,8.39,8.531,32.464508,1.490229,9.900479,1.6605616212,0.02541646,0.0,36,15,51,一致,20260804135709,待评,未进入30家初评队列
,288,002612,朗姿股份,SZ,服装家纺,通过,保留,淘汰,综合得分未进入前30,14.97,33.56,2.36,66.23407264,1.42,6.3,8.082,57.908927,4.319792,6.536445,19.2872318219,0.29119804,0.0,46,18,64,一致,20260804135706,待评,未进入30家初评队列
,,002615,哈尔斯,SZ,家居用品,通过,保留,淘汰,当前 PE/PB 缺失、为负或超出本轮可比估值上限,6.64,769.25,1.56,37.17149834,0.3,1.41,12.104,27.971391,2.251704,5.852286,2.4694381829,0.06643365,0.0,42,10,52,一致,20260804135709,待评,未进入30家初评队列
,471,002624,完美世界,SZ,游戏Ⅱ,通过,保留,淘汰,综合得分未进入前30,11.48,54.22,3.39,222.70837278,1.68,2.98,11.627,61.551163,1.281998,10.944521,28.154128454200002,0.12641702,0.0,46,7,53,一致,20260804135709,待评,未进入30家初评队列
,160,002626,金达威,SZ,食品加工,通过,保留,淘汰,综合得分未进入前30,14.37,33.4,2.11,87.6478078,0.42,0.32,16.034,41.013081,1.862921,16.612761,19.260655166,0.21975056,0.0,52,18,70,一致,20260804135706,待评,未进入30家初评队列
,,002632,道明光学,SZ,塑料,通过,周期边界复核排除,淘汰,周期边界复核：行业名称命中油气、燃气、建材、农化等周期关键词,8.16,31.08,2.4,50.96728574,1.24,1.6,8.242,33.921289,3.103914,13.661594,12.3266357956,0.24185388,0.0,47,18,65,一致,20260804135709,待评,未进入30家初评队列
,406,002643,万润股份,SZ,电子化学品Ⅱ,通过,保留,淘汰,综合得分未进入前30,13.31,34.7,1.73,121.90629333,3.34,1.92,9.504,39.618664,2.54654,14.539452,0.7353375537000001,0.00603199,0.0,40,18,58,一致,20260804135709,待评,未进入30家初评队列
,,002658,雪迪龙,SZ,环保设备Ⅱ,通过,保留,淘汰,当前 PE/PB 缺失、为负或超出本轮可比估值上限,7.35,81.97,1.82,46.72842791,0.41,0.99,8.679,43.366548,1.365268,14.786805,10.5958041769,0.22675285,0.0,45,10,55,一致,20260804135709,待评,未进入30家初评队列
,,002677,浙江美大,SZ,厨卫电器,通过,保留,淘汰,当前 PE/PB 缺失、为负或超出本轮可比估值上限,6.6,366.34,2.91,42.6394087,1.69,1.27,23.199,44.195119,1.372002,24.339491,16.0057872111,0.37537545,0.0,55,10,65,一致,20260804135706,待评,未进入30家初评队列
,334,002687,乔治白,SZ,服装家纺,通过,保留,淘汰,综合得分未进入前30,4.86,55.35,1.61,24.53228326,-0.21,2.51,10.057,49.097081,1.857968,10.697368,9.4992686649,0.38721502,0.0,51,10,61,一致,20260804135706,待评,未进入30家初评队列
,283,002690,美亚光电,SZ,专用设备,通过,保留,淘汰,综合得分未进入前30,15.68,29.82,5.74,138.33349152,-1.13,1.12,22.621,51.842125,1.032289,32.072176,31.3335255494,0.22650715,0.0,52,12,64,一致,20260804135709,待评,未进入30家初评队列
,493,002698,博实股份,SZ,自动化设备,通过,保留,淘汰,综合得分未进入前30,13.34,43.49,3.23,136.40971411,0.45,1.18,13.112,36.131065,0.804763,19.99495,16.9613687508,0.12434136,0.0,41,11,52,一致,20260804135709,待评,未进入30家初评队列
,327,002705,新宝股份,SZ,小家电,通过,保留,淘汰,综合得分未进入前30,11.73,30.22,1.13,95.23302899,-1.01,0.56,14.871,20.637449,1.421272,6.453346,7.864856585399999,0.08258539,0.0,42,20,62,一致,20260804135706,待评,未进入30家初评队列
,495,002706,良信股份,SZ,电网设备,通过,保留,淘汰,综合得分未进入前30,9.41,46.76,2.57,105.68606438,1.62,1.63,12.095,31.567864,1.109537,11.261736,1.5938898906999999,0.01508136,0.0,38,14,52,一致,20260804135709,待评,未进入30家初评队列
,237,002709,天赐材料,SZ,电池,通过,保留,淘汰,综合得分未进入前30,37.17,11.45,4.1,757.73340024,3.42,2.66,20.765,27.999903,1.1096,14.168742,7.2391048415,0.00955363,0.0,42,25,67,一致,20260804135709,待评,未进入30家初评队列
,,002714,牧原股份,SZ,养殖业,通过,保留,淘汰,当前 PE/PB 缺失、为负或超出本轮可比估值上限,38.0,-45.14,2.62,2193.7385085,-2.39,1.65,26.462,15.183953,1.162938,18.711564,262.8101343814,0.11980012,0.0,47,10,57,一致,20260804135709,待评,未进入30家初评队列
,83,002727,一心堂,SZ,医药商业,豁免B通过,保留,淘汰,综合得分未进入前30,11.6,9.66,0.92,67.9300785,-1.61,1.58,11.581,33.882599,5.908233,4.621801,82.3087185423,1.21166824,0.0,45,30,75,一致,20260804135709,待评,未进入30家初评队列
,360,002728,特一药业,SZ,中药Ⅱ,通过,保留,淘汰,综合得分未进入前30,9.27,46.17,2.69,47.58381957,3.69,3.73,10.473,51.352636,1.356345,14.545197,5.695773915399999,0.1196998,0.0,46,14,60,一致,20260804135709,待评,未进入30家初评队列
,,002732,燕塘乳业,SZ,饮料乳品,通过,保留,淘汰,当前 PE/PB 缺失、为负或超出本轮可比估值上限,13.46,10696.58,1.41,21.17931,-1.54,1.07,10.154,25.521978,2.10366,6.953779,2.8258869525,0.13342677,0.0,44,12,56,一致,20260804135706,待评,未进入30家初评队列
,,002749,国光股份,SZ,农化制品,通过,周期边界复核排除,淘汰,周期边界复核：行业名称命中油气、燃气、建材、农化等周期关键词,8.72,20.17,2.74,48.52431899,-1.58,0.7,17.767,42.968812,1.334795,18.142878,13.9918217768,0.28834659,0.0,50,22,72,一致,20260804135709,待评,未进入30家初评队列
,424,002755,奥赛康,SZ,化学制药,通过,保留,淘汰,综合得分未进入前30,13.53,37.17,3.94,125.58009549,1.5,0.62,19.583,84.088759,1.445505,8.602317,7.6379525827,0.06082136,0.0,45,11,56,一致,20260804135709,待评,未进入30家初评队列
,368,002757,南兴股份,SZ,专用设备,通过,保留,淘汰,综合得分未进入前30,17.36,29.53,2.57,51.2911465,4.2,8.01,9.264,20.022325,1.377259,9.063194,9.5988220247,0.18714384,0.0,42,18,60,一致,20260804135709,待评,未进入30家初评队列
,69,002763,汇洁股份,SZ,服装家纺,通过,保留,淘汰,综合得分未进入前30,7.3,8.16,1.92,29.924452,-1.88,1.93,9.286,67.125193,2.705509,6.859433,14.7055828783,0.49142363,0.0,48,28,76,一致,20260804135700,待评,未进入30家初评队列
,152,002773,康弘药业,SZ,生物制品,通过,保留,淘汰,综合得分未进入前30,21.69,16.25,2.23,199.83568618,0.05,1.03,13.07,89.40202,1.169914,19.700935,40.6783246066,0.20355886,0.0,46,25,71,一致,20260804135709,待评,未进入30家初评队列
,,002774,快意电梯,SZ,专用设备,通过,保留,淘汰,当前 PE/PB 缺失、为负或超出本轮可比估值上限,14.78,-629.37,4.47,49.76247162,5.12,3.21,10.109,28.004436,0.774517,7.787308,4.9606755487,0.09968708,0.0,36,7,43,一致,20260804135709,待评,未进入30家初评队列
,,002777,久远银海,SZ,IT服务Ⅱ,通过,保留,淘汰,当前 PE/PB 缺失、为负或超出本轮可比估值上限,13.54,117.76,3.33,55.27448255,0.89,1.88,12.843,49.236084,1.937289,12.875281,4.57637005,0.08279354,0.0,47,7,54,一致,20260804135706,待评,未进入30家初评队列
,,002790,瑞尔特,SZ,家居用品,通过,保留,淘汰,当前 PE/PB 缺失、为负或超出本轮可比估值上限,5.75,674.03,1.17,24.02765725,0.52,1.67,9.613,25.541656,3.964494,11.746862,7.8065410734,0.32489814,0.0,48,12,60,一致,20260804135709,待评,未进入30家初评队列
,133,002801,微光股份,SZ,电机Ⅱ,通过,保留,淘汰,综合得分未进入前30,28.47,11.83,3.33,65.3762304,0.96,0.97,16.208,31.843072,1.139947,20.002043,7.9390324948,0.12143607,0.0,47,25,72,一致,20260804135709,待评,未进入30家初评队列
,299,002803,吉宏股份,SZ,互联网电商,通过,保留,淘汰,综合得分未进入前30,19.92,31.51,3.39,91.21702417,3.48,7.38,18.544,43.317695,1.666166,6.789138,11.3061294724,0.12394758,0.0,48,15,63,一致,20260804135709,待评,未进入30家初评队列
15,15,002818,富森美,SZ,一般零售,通过,保留,入选30家,综合得分靠前，且满足估值可比门槛与行业分散上限,10.88,5.26,1.42,81.43233267,-0.18,0.76,14.95,67.882021,1.302941,51.680124,37.8785936852,0.46515423,0.0,51,30,81,一致,20260804135703,3/5,家居卖场区位、商户网络和运营能力
,423,002821,凯莱英,SZ,医疗服务,通过,保留,淘汰,综合得分未进入前30,161.61,47.9,3.33,583.05812562,10.0,1.74,16.445,45.441939,1.046115,23.32413,21.5935359771,0.03703496,0.0,45,11,56,一致,20260804135703,待评,未进入30家初评队列
,329,002823,凯中精密,SZ,电机Ⅱ,通过,保留,淘汰,综合得分未进入前30,13.35,20.96,2.16,43.83725469,0.45,2.04,8.804,16.496191,7.142501,5.449119,4.2827025188,0.0976955,0.0,40,22,62,一致,20260804135709,待评,未进入30家初评队列
,316,002831,裕同科技,SZ,包装印刷,通过,保留,淘汰,综合得分未进入前30,27.4,35.91,3.04,353.00270195,4.46,1.18,17.331,24.374511,1.717506,10.316877,56.9500898414,0.16133046,0.0,51,11,62,一致,20260804135709,待评,未进入30家初评队列
,45,002832,比音勒芬,SZ,服装家纺,通过,保留,淘汰,综合得分未进入前30,25.1,9.27,2.69,143.24747808,-1.72,4.28,18.812,76.958111,1.274241,20.277316,17.9364830248,0.12521326,0.0,50,28,78,一致,20260804135709,待评,未进入30家初评队列
,98,002833,弘亚数控,SZ,专用设备,通过,保留,淘汰,综合得分未进入前30,17.89,13.22,2.5,76.760562,-0.22,1.25,24.384,32.002173,1.141621,22.657339,11.2705679278,0.14682758,0.0,49,25,74,一致,20260804135709,待评,未进入30家初评队列
,275,002835,同为股份,SZ,计算机设备,通过,保留,淘汰,综合得分未进入前30,12.12,23.96,2.19,26.60266444,-0.33,1.96,10.51,38.306771,1.050273,9.455339,5.6284841371,0.21157596,0.0,43,22,65,一致,20260804135709,待评,未进入30家初评队列
,448,002836,新宏泽,SZ,包装印刷,通过,保留,淘汰,综合得分未进入前30,9.35,32.48,6.12,21.5424,2.3,1.28,11.58,30.205105,1.408785,17.702654,0.6780384234000001,0.0314746,0.0,43,12,55,一致,20260804135709,待评,未进入30家初评队列
,,002837,英维克,SZ,专用设备,通过,保留,淘汰,当前 PE/PB 缺失、为负或超出本轮可比估值上限,49.73,1829.99,19.21,633.73410183,7.06,3.33,15.736,29.105427,0.725095,10.444501,1.6571638793999999,0.00261492,0.0,36,0,36,一致,20260804135709,待评,未进入30家初评队列
,265,002841,视源股份,SZ,消费电子,通过,保留,淘汰,综合得分未进入前30,46.25,32.74,2.46,323.37377706,1.25,1.28,27.999,23.885729,1.098277,7.49912,30.1430282272,0.0932142,0.0,47,18,65,一致,20260804135709,待评,未进入30家初评队列
,143,002847,盐津铺子,SZ,休闲食品,通过,保留,淘汰,综合得分未进入前30,50.57,14.8,7.19,136.6337879,-3.25,1.7,26.5,33.090349,1.776238,10.347574,9.8484741198,0.07207935,0.0,52,19,71,一致,20260804135709,待评,未进入30家初评队列
,408,002849,威星智能,SZ,通用设备,通过,保留,淘汰,综合得分未进入前30,14.2,30.77,2.29,31.33003027,3.42,2.04,8.69,29.531452,1.874216,6.441872,1.8093878284,0.05775251,0.0,40,18,58,一致,20260804135700,待评,未进入30家初评队列
,470,002860,星帅尔,SZ,家电零部件Ⅱ,通过,保留,淘汰,综合得分未进入前30,16.61,25.58,2.53,58.49130377,7.09,4.82,13.674,17.064969,0.973103,14.357992,2.7639068066,0.04725329,0.0,36,18,54,一致,20260804135709,待评,未进入30家初评队列
,324,002864,盘龙药业,SZ,中药Ⅱ,通过,保留,淘汰,综合得分未进入前30,21.25,33.37,1.73,29.0489472,1.72,2.11,10.488,57.403199,1.076652,11.424716,2.4156668749000003,0.0831585,0.0,44,18,62,一致,20260804135709,待评,未进入30家初评队列
,517,002871,伟隆股份,SZ,通用设备,通过,保留,淘汰,综合得分未进入前30,15.99,44.65,3.72,40.27142982,5.54,2.56,13.737,38.10543,0.88815,19.769642,2.7087994918000002,0.06726355,0.0,39,11,50,一致,20260804135709,待评,未进入30家初评队列
,,002879,长缆科技,SZ,电网设备,通过,保留,淘汰,当前 PE/PB 缺失、为负或超出本轮可比估值上限,18.67,665.17,2.14,36.05319639,4.42,27.5,8.563,40.793785,1.523155,13.191894,0.6974720944,0.01934564,0.0,40,10,50,一致,20260804135709,待评,未进入30家初评队列
,38,002884,凌霄泵业,SZ,通用设备,通过,保留,淘汰,综合得分未进入前30,16.24,14.83,2.69,58.08763946,-1.46,0.8,20.641,35.487815,1.031602,24.197957,19.5174578941,0.33600019,0.0,53,25,78,一致,20260804135709,待评,未进入30家初评队列
,469,002891,中宠股份,SZ,饲料,通过,保留,淘汰,综合得分未进入前30,31.62,34.81,3.01,101.78406729,-1.95,3.44,12.21,24.7615,1.521761,5.971198,1.0986337151999999,0.01079377,0.0,39,15,54,一致,20260804135709,待评,未进入30家初评队列
,317,002901,大博医疗,SZ,医疗器械,通过,保留,淘汰,综合得分未进入前30,43.32,30.59,5.15,179.35325,1.45,0.35,23.377,73.653831,1.253394,30.42626,9.1937212352,0.05126041,0.0,50,12,62,一致,20260804135657,待评,未进入30家初评队列
,410,002907,华森制药,SZ,中药Ⅱ,通过,保留,淘汰,综合得分未进入前30,13.14,41.84,3.21,54.87215566,1.94,1.26,11.562,56.341817,2.16153,13.533559,2.9845809523,0.05439154,0.0,46,11,57,一致,20260804135709,待评,未进入30家初评队列
,,002908,德生科技,SZ,IT服务Ⅱ,通过,保留,淘汰,当前 PE/PB 缺失、为负或超出本轮可比估值上限,6.93,-77.49,2.78,29.8982437,1.76,1.85,9.23,43.185542,3.364077,11.243428,2.6686014901,0.08925613,0.0,45,10,55,一致,20260804135706,待评,未进入30家初评队列
,,002919,名臣健康,SZ,游戏Ⅱ,通过,保留,淘汰,当前 PE/PB 缺失、为负或超出本轮可比估值上限,17.5,126.95,5.8,46.57381155,3.37,1.33,9.779,53.954534,2.220514,7.06006,1.6152527903,0.03468157,0.0,42,4,46,一致,20260804135703,待评,未进入30家初评队列
,352,002925,盈趣科技,SZ,消费电子,通过,保留,淘汰,综合得分未进入前30,22.66,46.88,3.5,174.86020741,3.05,1.24,28.773,29.095754,1.356897,19.505524,12.3385244613,0.07056222,0.0,49,11,60,一致,20260804135709,待评,未进入30家初评队列
,,002932,*ST明德,SZ,医疗器械,通过,保留,淘汰,当前 PE/PB 缺失、为负或超出本轮可比估值上限,14.81,-2281.15,0.62,34.43635373,-0.47,0.57,31.742,57.239048,2.020799,30.362141,45.7467394529,1.32844319,0.0,60,12,72,一致,20260804135657,待评,未进入30家初评队列
,,002938,鹏鼎控股,SZ,元件,通过,保留,淘汰,当前 PE/PB 缺失、为负或超出本轮可比估值上限,89.0,111.43,6.38,2062.60762562,10.0,1.14,14.431,21.59706,1.962213,9.862152,132.9776416253,0.06447064,0.0,42,4,46,一致,20260804135709,待评,未进入30家初评队列
,488,002940,昂利康,SZ,化学制药,通过,保留,淘汰,综合得分未进入前30,25.2,71.99,3.14,50.83550287,2.23,4.24,14.994,49.22707,2.040942,9.254842,7.3154925638999995,0.14390519,0.0,45,7,52,一致,20260804135709,待评,未进入30家初评队列
,,002949,华阳国际,SZ,工程咨询服务Ⅱ,通过,保留,淘汰,当前 PE/PB 缺失、为负或超出本轮可比估值上限,10.46,114.79,1.43,20.51079288,1.26,1.47,14.447,29.010194,1.906433,10.964433,6.0202427404,0.29351585,0.0,48,12,60,一致,20260804135706,待评,未进入30家初评队列
,37,002950,奥美医疗,SZ,医疗器械,通过,保留,淘汰,综合得分未进入前30,9.35,13.59,1.64,59.21031555,0.21,0.95,17.52,29.810597,2.468674,13.112509,19.843161579300002,0.33513014,0.0,53,25,78,一致,20260804135709,待评,未进入30家初评队列
,,002955,鸿合科技,SZ,光学光电子,通过,保留,淘汰,当前 PE/PB 缺失、为负或超出本轮可比估值上限,31.88,-51.67,2.35,75.44080395,2.38,1.66,15.888,26.536934,1.833798,5.186418,13.7336730853,0.18204569,0.0,49,10,59,一致,20260804135700,待评,未进入30家初评队列
,314,002956,西麦食品,SZ,休闲食品,通过,保留,淘汰,综合得分未进入前30,17.61,13.58,3.45,55.03928703,0.06,1.51,15.155,43.527229,1.182899,11.346443,1.3776570155,0.02503043,0.0,41,22,63,一致,20260804135709,待评,未进入30家初评队列
,541,002957,科瑞技术,SZ,自动化设备,通过,保留,淘汰,综合得分未进入前30,34.79,52.62,4.56,146.11189992,9.44,3.2,11.763,34.367362,1.441288,10.454882,2.1765067127,0.01489616,0.0,40,7,47,一致,20260804135709,待评,未进入30家初评队列
,118,002959,小熊电器,SZ,小家电,通过,保留,淘汰,综合得分未进入前30,34.27,16.78,1.86,53.40415553,-1.1,0.55,38.277,35.50906,1.117198,8.669556,5.8643023264,0.10980985,0.0,48,25,73,一致,20260804135703,待评,未进入30家初评队列
,291,002960,青鸟智控,SZ,专用设备,通过,保留,淘汰,综合得分未进入前30,8.23,33.5,1.41,86.72235972,-0.6,0.65,18.647,36.749374,0.956097,14.970626,8.9730350116,0.10346853,0.0,44,20,64,一致,20260804135709,待评,未进入30家初评队列
,,002962,五方光电,SZ,光学光电子,通过,保留,淘汰,当前 PE/PB 缺失、为负或超出本轮可比估值上限,12.64,228.07,2.11,36.86650049,4.2,3.45,18.652,15.874486,1.558073,16.08283,2.3762979421,0.06445684,0.0,45,10,55,一致,20260804135709,待评,未进入30家初评队列
,,002967,广电计量,SZ,专业服务,通过,保留,淘汰,当前 PE/PB 缺失、为负或超出本轮可比估值上限,17.35,163.86,2.3,110.97426987,0.12,0.48,12.329,43.466955,2.727648,10.313168,4.611038950899999,0.04155052,0.0,45,10,55,一致,20260804135706,待评,未进入30家初评队列
,274,002972,科安达,SZ,轨交设备Ⅱ,通过,保留,淘汰,综合得分未进入前30,12.46,20.55,2.5,30.65269648,3.06,3.44,13.758,60.771319,0.915283,32.416857,3.4159442183,0.11144025,0.0,43,22,65,一致,20260804135709,待评,未进入30家初评队列
,568,002979,雷赛智能,SZ,自动化设备,通过,保留,淘汰,综合得分未进入前30,56.99,62.43,9.93,180.11011319,1.19,4.58,18.244,38.980789,0.887585,15.445251,3.9464456876,0.02191129,0.0,39,0,39,一致,20260804135709,待评,未进入30家初评队列
,,002980,华盛昌,SZ,电网设备,通过,保留,淘汰,当前 PE/PB 缺失、为负或超出本轮可比估值上限,69.22,184.55,11.61,131.10348295,10.0,5.09,20.066,42.101182,0.944467,17.624714,1.1933006859,0.00910198,0.0,41,0,41,一致,20260804135700,待评,未进入30家初评队列
,385,002985,北摩高科,SZ,航空装备Ⅱ,通过,保留,淘汰,综合得分未进入前30,26.19,32.32,3.2,86.91245784,-0.34,0.76,14.143,61.229967,2.825053,33.084151,2.1084317544,0.02425926,0.0,44,15,59,一致,20260804135709,待评,未进入30家初评队列
,119,002991,甘源食品,SZ,休闲食品,通过,保留,淘汰,综合得分未进入前30,43.45,15.27,2.4,40.50227857,-1.76,1.28,20.929,35.163461,1.143447,12.564987,3.8658191752999995,0.09544696,0.0,48,25,73,一致,20260804135709,待评,未进入30家初评队列
,438,002993,奥海科技,SZ,消费电子,通过,保留,淘汰,综合得分未进入前30,35.47,52.47,2.09,97.911388,4.72,2.27,19.467,20.212674,1.470738,8.733034,9.1506454358,0.09345844,0.0,45,10,55,一致,20260804135709,待评,未进入30家初评队列
,234,003000,劲仔食品,SZ,休闲食品,通过,保留,淘汰,综合得分未进入前30,10.85,17.17,3.65,48.92201625,-0.91,1.3,17.441,28.076018,1.428816,10.361356,3.6351934739,0.07430588,0.0,45,22,67,一致,20260804135709,待评,未进入30家初评队列
,153,003006,百亚股份,SZ,个护用品,通过,保留,淘汰,综合得分未进入前30,14.8,11.06,4.53,63.58787292,-1.86,1.1,17.154,49.525933,1.118503,10.586637,7.68656743,0.12088103,0.0,46,25,71,一致,20260804135709,待评,未进入30家初评队列
,280,003008,开普检测,SZ,专业服务,通过,保留,淘汰,综合得分未进入前30,18.31,68.26,1.87,19.0424,0.72,1.39,25.149,67.746375,1.485106,46.533782,2.3557705465,0.12371185,0.0,54,10,64,一致,20260804135709,待评,未进入30家初评队列
,543,003010,若羽臣,SZ,互联网电商,通过,保留,淘汰,综合得分未进入前30,26.21,28.18,11.65,81.52868866,0.92,3.04,13.706,41.966906,1.152711,6.236245,2.9602643602999996,0.03630948,0.0,39,8,47,一致,20260804135703,待评,未进入30家初评队列
,,003012,东鹏控股,SZ,家居用品,通过,保留,淘汰,当前 PE/PB 缺失、为负或超出本轮可比估值上限,4.77,-27.6,0.76,55.18800124,-1.65,0.55,13.959,30.200778,3.081613,9.02473,18.4262301696,0.33388109,0.0,49,12,61,一致,20260804135709,待评,未进入30家初评队列
,449,003019,宸展光电,SZ,光学光电子,通过,保留,淘汰,综合得分未进入前30,22.76,36.34,2.46,40.27435691,3.69,2.46,24.889,24.926238,0.765297,9.581455,4.4632006718,0.11081991,0.0,41,14,55,一致,20260804135709,待评,未进入30家初评队列
,407,003020,立方制药,SZ,化学制药,通过,保留,淘汰,综合得分未进入前30,17.43,28.18,2.23,39.77850512,2.95,4.55,17.348,52.497063,1.059509,8.190755,0.6958151834999999,0.01749224,0.0,40,18,58,一致,20260804135709,待评,未进入30家初评队列
,390,003023,彩虹集团,SZ,小家电,通过,保留,淘汰,综合得分未进入前30,21.0,28.97,1.43,22.121736,1.5,2.08,11.003,43.269356,0.910141,8.99143,2.871159353,0.12978906,0.0,39,20,59,一致,20260804135706,待评,未进入30家初评队列
,235,003025,思进智能,SZ,通用设备,通过,保留,淘汰,综合得分未进入前30,11.89,21.68,2.71,33.76207805,1.19,1.19,17.42,38.895469,1.089887,23.320909,1.5880734901,0.0470372,0.0,45,22,67,一致,20260804135712,待评,未进入30家初评队列
,,003028,振邦智能,SZ,家电零部件Ⅱ,通过,保留,淘汰,当前 PE/PB 缺失、为负或超出本轮可比估值上限,22.16,140.12,1.86,31.93702524,1.28,1.13,23.049,24.211759,1.580847,16.222627,5.3341754569,0.16702168,0.0,53,10,63,一致,20260804135700,待评,未进入30家初评队列
,551,003031,中瓷电子,SZ,通信设备,通过,保留,淘汰,综合得分未进入前30,99.66,58.14,7.01,449.51927928,9.3,2.45,17.757,35.028616,1.158267,15.299751,8.070187215399999,0.01795293,0.0,41,4,45,一致,20260804135712,待评,未进入30家初评队列
,,003036,泰坦股份,SZ,专用设备,通过,保留,淘汰,当前 PE/PB 缺失、为负或超出本轮可比估值上限,45.0,118.81,6.91,97.47290025,10.0,2.58,9.163,17.852784,0.766836,7.954621,1.6678277062,0.01711068,0.0,27,4,31,一致,20260804135657,待评,未进入30家初评队列
,303,003039,顺控发展,SZ,环境治理,通过,保留,淘汰,综合得分未进入前30,12.2,28.9,2.66,75.33728506,-0.08,0.43,12.489,44.683416,2.188613,18.665286,5.740427778099999,0.07619637,0.0,45,18,63,一致,20260804135648,待评,未进入30家初评队列
,,003043,华亚智能,SZ,半导体,通过,保留,淘汰,当前 PE/PB 缺失、为负或超出本轮可比估值上限,60.88,280.95,4.29,87.6733501,4.78,4.09,15.674,33.40456,1.317301,18.265674,0.419947064,0.00478991,0.0,43,7,50,一致,20260804135712,待评,未进入30家初评队列
,146,003816,中国广核,SZ,电力,通过,保留,淘汰,综合得分未进入前30,4.07,18.75,1.63,2055.30188719,-2.16,0.27,11.16,34.36838,3.2683,15.322933,603.5951865216999,0.29367714,0.0,49,22,71,一致,20260804135712,待评,未进入30家初评队列
,90,300003,乐普医疗,SZ,医疗器械,通过,保留,淘汰,综合得分未进入前30,12.96,24.2,1.48,238.90784319,0.31,1.08,14.47,62.518564,1.677245,17.467617,50.5846842144,0.21173304,0.0,50,24,74,一致,20260804135712,待评,未进入30家初评队列
,142,300009,安科生物,SZ,生物制品,通过,保留,淘汰,综合得分未进入前30,8.43,21.01,3.26,140.84006968,0.84,1.0,15.987,77.982435,1.425641,21.985671,27.4769159204,0.19509303,0.0,52,19,71,一致,20260804135712,待评,未进入30家初评队列
,362,300012,华测检测,SZ,专业服务,通过,保留,淘汰,综合得分未进入前30,14.24,33.6,3.14,239.63473767,0.28,1.24,13.475,49.274418,1.278547,13.525572,25.2369055054,0.10531405,0.0,45,15,60,一致,20260804135712,待评,未进入30家初评队列
,87,300015,爱尔眼科,SZ,医疗服务,通过,保留,淘汰,综合得分未进入前30,8.92,17.57,3.75,829.52117427,-1.55,0.88,19.691,49.682058,1.700225,14.63395,170.363046479,0.20537516,0.0,52,22,74,一致,20260804135712,待评,未进入30家初评队列
,,300033,同花顺,SZ,软件开发,通过,保留,淘汰,当前 PE/PB 缺失、为负或超出本轮可比估值上限,233.32,171.53,41.34,1756.059648,0.96,1.92,30.049,90.213983,1.146116,51.724664,105.9381077305,0.06032717,0.0,50,0,50,一致,20260804135712,待评,未进入30家初评队列
,468,300037,新宙邦,SZ,电池,通过,保留,淘汰,综合得分未进入前30,64.32,25.23,4.56,484.89975049,5.49,2.35,13.816,29.447883,1.343375,15.167781,13.921143130499999,0.02870932,0.0,39,15,54,一致,20260804135712,待评,未进入30家初评队列
,172,300039,上海凯宝,SZ,中药Ⅱ,通过,保留,淘汰,综合得分未进入前30,5.66,22.82,1.3,59.2036,3.85,4.01,10.836,79.829551,1.122147,18.07238,11.240501950799999,0.1898618,0.0,46,24,70,一致,20260804135712,待评,未进入30家初评队列
,419,300073,当升科技,SZ,电池,通过,保留,淘汰,综合得分未进入前30,42.17,20.73,1.55,229.5286398,1.01,1.82,11.01,15.76106,1.410281,8.047241,0.3034524188,0.00132207,0.0,35,22,57,一致,20260804135712,待评,未进入30家初评队列
,474,300113,顺网科技,SZ,游戏Ⅱ,通过,保留,淘汰,综合得分未进入前30,19.18,40.16,5.07,129.30463257,2.57,6.62,8.331,49.722076,1.675386,10.786691,11.052837520999999,0.08547905,0.0,45,8,53,一致,20260804135712,待评,未进入30家初评队列
,271,300119,瑞普生物,SZ,动物保健Ⅱ,通过,保留,淘汰,综合得分未进入前30,17.78,19.17,1.79,82.63338673,3.25,2.16,9.536,45.308147,1.22867,14.23883,9.239120432,0.11180857,0.0,43,22,65,一致,20260804135709,待评,未进入30家初评队列
,,300121,阳谷华泰,SZ,橡胶,通过,周期边界复核排除,淘汰,周期边界复核：行业名称命中油气、燃气、建材、农化等周期关键词,9.51,17.63,1.19,42.34215634,0.74,1.84,15.083,21.669136,1.242369,10.362464,2.5057421193000002,0.05917842,0.0,45,27,72,一致,20260804135712,待评,未进入30家初评队列
,439,300124,汇川技术,SZ,自动化设备,通过,保留,淘汰,综合得分未进入前30,64.27,42.93,4.97,1740.17705481,0.25,0.72,20.413,32.164118,0.989805,17.568166,131.3251484968,0.07546654,0.0,44,11,55,一致,20260804135712,待评,未进入30家初评队列
,532,300127,银河磁体,SZ,金属新材料,通过,保留,淘汰,综合得分未进入前30,24.01,36.06,5.39,77.58744104,1.27,1.03,12.556,32.292921,0.887901,23.807405,4.4466928945,0.05731202,0.0,40,8,48,一致,20260804135712,待评,未进入30家初评队列
,302,300130,新国都,SZ,计算机设备,通过,保留,淘汰,综合得分未进入前30,19.25,25.6,2.51,109.20629605,0.79,2.41,8.907,32.152504,2.450008,8.877747,26.1884788813,0.23980741,0.0,45,18,63,一致,20260804135712,待评,未进入30家初评队列
,,300136,信维通信,SZ,消费电子,通过,保留,淘汰,当前 PE/PB 缺失、为负或超出本轮可比估值上限,59.99,138.35,7.28,580.44442594,6.18,5.69,18.918,21.331905,2.390712,14.061949,21.7413482734,0.03745638,0.0,47,4,51,一致,20260804135712,待评,未进入30家初评队列
,106,300146,汤臣倍健,SZ,食品加工,通过,保留,淘汰,综合得分未进入前30,10.28,10.82,1.62,173.90439879,-0.39,0.96,12.516,67.564285,1.161846,17.091559,49.4455529699,0.28432606,0.0,46,28,74,一致,20260804135712,待评,未进入30家初评队列
,,300171,东富龙,SZ,医疗器械,通过,保留,淘汰,当前 PE/PB 缺失、为负或超出本轮可比估值上限,12.77,88.86,1.24,97.79624071,4.5,2.58,8.538,35.761278,1.918047,10.559704,2.5945334165,0.02652999,0.0,40,12,52,一致,20260804135709,待评,未进入30家初评队列
,371,300181,佐力药业,SZ,中药Ⅱ,通过,保留,淘汰,综合得分未进入前30,14.38,12.63,3.17,100.85949877,-0.21,2.24,9.784,66.595767,0.912082,11.56776,5.5996510275,0.05551932,0.0,38,22,60,一致,20260804135712,待评,未进入30家初评队列
,466,300193,佳士科技,SZ,通用设备,通过,保留,淘汰,综合得分未进入前30,7.63,35.11,1.62,36.33786012,0.39,0.6,8.253,28.708562,0.930725,17.490557,5.7059261314,0.15702427,0.0,40,14,54,一致,20260804135703,待评,未进入30家初评队列
,168,300206,理邦仪器,SZ,医疗器械,通过,保留,淘汰,综合得分未进入前30,12.1,16.69,3.31,70.13926487,1.17,0.88,12.642,57.163702,1.318322,12.113213,11.1822072261,0.15942863,0.0,48,22,70,一致,20260804135712,待评,未进入30家初评队列
,491,300259,新天科技,SZ,通用设备,通过,保留,淘汰,综合得分未进入前30,4.0,59.45,1.54,46.2042014,1.52,2.51,10.264,44.483157,0.865301,23.604668,5.3946080346,0.11675579,0.0,42,10,52,一致,20260804135712,待评,未进入30家初评队列
,,300272,开能健康,SZ,小家电,通过,保留,淘汰,当前 PE/PB 缺失、为负或超出本轮可比估值上限,5.64,161.35,2.8,34.48687822,0.0,0.97,10.496,36.573742,3.157774,10.020427,7.870014480599999,0.22820316,0.0,49,10,59,一致,20260804135712,待评,未进入30家初评队列
,,300285,国瓷材料,SZ,电子化学品Ⅱ,通过,保留,淘汰,当前 PE/PB 缺失、为负或超出本轮可比估值上限,60.06,105.23,8.42,598.82720838,3.91,14.09,12.35,39.163897,0.965098,19.906119,6.6884247878,0.01116921,0.0,36,0,36,一致,20260804135712,待评,未进入30家初评队列
,304,300286,安科瑞,SZ,电网设备,通过,保留,淘汰,综合得分未进入前30,21.38,26.66,2.42,53.61775924,3.24,2.45,14.821,45.82469,1.154792,19.077863,8.1910463851,0.15276741,0.0,45,18,63,一致,20260804135712,待评,未进入30家初评队列
,354,300294,博雅生物,SZ,生物制品,通过,保留,淘汰,综合得分未进入前30,15.82,65.99,1.07,79.77215035,-0.57,0.66,8.601,55.789085,1.857046,16.579546,19.173581718199998,0.24035433,0.0,48,12,60,一致,20260804135712,待评,未进入30家初评队列
,490,300303,聚飞光电,SZ,光学光电子,通过,保留,淘汰,综合得分未进入前30,7.26,50.32,2.8,102.86008126,2.98,2.47,9.188,24.221105,1.61866,9.41797,9.6583419552,0.09389786,0.0,42,10,52,一致,20260804135712,待评,未进入30家初评队列
,,300308,中际旭创,SZ,通信设备,通过,保留,淘汰,当前 PE/PB 缺失、为负或超出本轮可比估值上限,1018.0,51.91,34.37,11907.89864538,12.8,3.91,15.603,32.743727,1.084296,14.392295,102.5751606225,0.00861404,0.0,41,0,41,一致,20260804135712,待评,未进入30家初评队列
,516,300314,戴维医疗,SZ,医疗器械,通过,保留,淘汰,综合得分未进入前30,10.09,73.49,2.38,29.0592,0.7,1.39,8.477,57.553525,1.073633,18.138623,1.899452797,0.06536494,0.0,40,10,50,一致,20260804135703,待评,未进入30家初评队列
,,300316,晶盛机电,SZ,光伏设备,通过,保留,淘汰,当前 PE/PB 缺失、为负或超出本轮可比估值上限,40.22,128.4,3.09,526.69449315,3.0,0.81,18.785,36.64851,0.736648,20.80961,8.7014202425,0.01652081,0.0,38,7,45,一致,20260804135712,待评,未进入30家初评队列
,,300320,海达股份,SZ,橡胶,通过,周期边界复核排除,淘汰,周期边界复核：行业名称命中油气、燃气、建材、农化等周期关键词,8.36,20.11,1.95,50.26317837,-0.24,0.92,9.959,18.429093,1.075308,7.314494,3.1171802489,0.06201717,0.0,34,22,56,一致,20260804135706,待评,未进入30家初评队列
,426,300341,麦克奥迪,SZ,电网设备,通过,保留,淘汰,综合得分未进入前30,13.44,41.04,3.58,69.53994916,-0.07,0.74,13.482,42.618591,1.261224,13.353023,7.2643301176,0.10446269,0.0,45,11,56,一致,20260804135709,待评,未进入30家初评队列
,,300347,泰格医药,SZ,医疗服务,通过,保留,淘汰,当前 PE/PB 缺失、为负或超出本轮可比估值上限,50.38,221.12,2.08,433.78492399,1.51,3.69,12.658,36.627082,1.141404,26.517759,44.4491862749,0.10246826,0.0,44,10,54,一致,20260804135709,待评,未进入30家初评队列
,417,300349,金卡智能,SZ,通用设备,通过,保留,淘汰,综合得分未进入前30,10.43,36.61,0.98,43.51534855,0.77,1.32,8.939,39.328779,1.012183,13.669791,5.7636972577,0.13245205,0.0,41,16,57,一致,20260804135706,待评,未进入30家初评队列
,261,300357,我武生物,SZ,生物制品,通过,保留,淘汰,综合得分未进入前30,24.29,26.67,4.78,127.1785536,3.63,1.61,20.405,95.357577,1.053648,41.413852,10.311937821399999,0.08108236,0.0,50,15,65,一致,20260804135712,待评,未进入30家初评队列
,197,300360,炬华科技,SZ,电网设备,通过,保留,淘汰,综合得分未进入前30,12.65,17.07,1.59,65.04467144,-0.16,0.95,14.161,42.704356,0.905402,26.535175,18.6846425539,0.28725862,0.0,44,25,69,一致,20260804135703,待评,未进入30家初评队列
,475,300371,汇中股份,SZ,通用设备,通过,保留,淘汰,综合得分未进入前30,10.01,69.04,1.74,20.14185133,-0.4,2.02,11.83,51.011054,0.942136,24.239471,2.2379462935,0.11110926,0.0,43,10,53,一致,20260804135712,待评,未进入30家初评队列
,483,300373,扬杰科技,SZ,半导体,通过,保留,淘汰,综合得分未进入前30,87.75,30.97,4.95,476.78768309,9.71,2.99,13.322,33.804146,1.079885,15.932303,11.6047234031,0.02433939,0.0,38,15,53,一致,20260804135712,待评,未进入30家初评队列
,,300376,易事特,SZ,其他电源设备Ⅱ,通过,保留,淘汰,当前 PE/PB 缺失、为负或超出本轮可比估值上限,4.96,193.75,1.78,115.48072761,2.06,0.74,9.282,29.863102,8.369525,10.234367,8.9693215247,0.07766942,0.0,42,10,52,一致,20260804135712,待评,未进入30家初评队列
,244,300389,艾比森,SZ,光学光电子,通过,保留,淘汰,综合得分未进入前30,12.5,29.37,2.75,46.13753963,0.64,1.89,11.64,28.61665,3.435931,5.82055,18.3331308806,0.39735823,0.0,48,18,66,一致,20260804135712,待评,未进入30家初评队列
,252,300390,天华新能,SZ,电池,通过,保留,淘汰,综合得分未进入前30,56.71,12.16,3.82,471.11877187,4.44,3.2,22.732,36.10679,0.92823,14.271827,28.775369153899998,0.0610788,0.0,44,22,66,一致,20260804135712,待评,未进入30家初评队列
,,300394,天孚通信,SZ,通信设备,通过,保留,淘汰,当前 PE/PB 缺失、为负或超出本轮可比估值上限,210.67,116.72,42.04,2298.04122342,16.71,5.86,21.737,53.355604,1.091782,34.793002,35.5667652773,0.01547699,0.0,45,0,45,一致,20260804135712,待评,未进入30家初评队列
,463,300398,飞凯材料,SZ,电子化学品Ⅱ,通过,保留,淘汰,综合得分未进入前30,32.27,35.05,3.66,183.94972978,7.64,5.57,9.423,36.939121,1.704446,13.083528,7.9968262146,0.04347289,0.0,43,11,54,一致,20260804135712,待评,未进入30家初评队列
,497,300400,劲拓股份,SZ,自动化设备,通过,保留,淘汰,综合得分未进入前30,22.22,52.65,7.63,53.91145276,8.81,4.34,12.166,33.936989,1.748182,11.344883,5.3298882481,0.09886375,0.0,47,4,51,一致,20260804135712,待评,未进入30家初评队列
,430,300403,汉宇集团,SZ,家电零部件Ⅱ,通过,保留,淘汰,综合得分未进入前30,9.6,43.5,2.64,57.888,1.27,1.93,12.592,32.625544,0.915071,20.979613,5.517362003200001,0.09531098,0.0,42,14,56,一致,20260804135712,待评,未进入30家初评队列
,61,300406,九强生物,SZ,医疗器械,通过,保留,淘汰,综合得分未进入前30,11.76,16.32,2.07,68.9301188,0.09,0.83,13.835,75.833338,1.418615,29.920569,20.8487791239,0.30246254,0.0,51,25,76,一致,20260804135712,待评,未进入30家初评队列
,566,300408,三环集团,SZ,元件,通过,保留,淘汰,综合得分未进入前30,120.74,75.87,11.14,2400.14418157,5.91,3.64,14.989,43.562722,1.047137,32.240115,54.2770911647,0.0226141,0.0,39,0,39,一致,20260804135712,待评,未进入30家初评队列
,367,300416,苏试试验,SZ,专业服务,通过,保留,淘汰,综合得分未进入前30,14.81,29.09,2.67,75.31593007,2.99,2.48,12.257,44.877436,1.777308,12.436009,1.4716271844,0.01953939,0.0,42,18,60,一致,20260804135712,待评,未进入30家初评队列
,,300433,蓝思科技,SZ,消费电子,通过,保留,淘汰,当前 PE/PB 缺失、为负或超出本轮可比估值上限,33.09,-291.9,3.33,1746.73535388,4.81,1.6,9.246,17.721344,3.120729,6.619212,119.59511308360001,0.06846779,0.0,38,7,45,一致,20260804135712,待评,未进入30家初评队列
,365,300445,康斯特,SZ,通用设备,通过,保留,淘汰,综合得分未进入前30,18.54,29.15,3.05,39.38452441,0.32,1.23,10.609,64.226979,1.248314,22.820019,2.1072560417,0.05350467,0.0,45,15,60,一致,20260804135712,待评,未进入30家初评队列
,171,300452,山河药辅,SZ,化学制药,通过,保留,淘汰,综合得分未进入前30,12.33,15.36,3.03,28.90845994,0.08,1.26,16.011,30.630118,1.015334,16.862224,4.5687745817000005,0.15804282,0.0,48,22,70,一致,20260804135703,待评,未进入30家初评队列
,209,300453,三鑫医疗,SZ,医疗器械,通过,保留,淘汰,综合得分未进入前30,9.57,18.27,3.51,49.96346512,-2.55,4.99,13.958,34.842876,1.877848,12.501865,7.896612151699999,0.15804773,0.0,49,19,68,一致,20260804135706,待评,未进入30家初评队列
,,300454,深信服,SZ,软件开发,通过,保留,淘汰,当前 PE/PB 缺失、为负或超出本轮可比估值上限,122.56,-205.0,4.89,528.91877781,6.3,6.95,12.674,63.043475,3.959824,10.469771,30.8550101927,0.05833601,0.0,46,7,53,一致,20260804135712,待评,未进入30家初评队列
,514,300457,赢合科技,SZ,电池,通过,保留,淘汰,综合得分未进入前30,20.41,53.18,1.91,131.68112125,0.0,1.08,9.608,25.320227,1.235623,9.056877,18.036837338199998,0.1369736,0.0,40,10,50,一致,20260804135712,待评,未进入30家初评队列
,254,300470,中密控股,SZ,通用设备,通过,保留,淘汰,综合得分未进入前30,30.12,23.53,2.18,62.62994278,-1.08,0.9,14.27,49.348543,0.914206,24.836808,12.5666615393,0.20064942,0.0,44,22,66,一致,20260804135703,待评,未进入30家初评队列
,533,300481,濮阳惠成,SZ,电子化学品Ⅱ,通过,保留,淘汰,综合得分未进入前30,13.58,53.91,1.66,39.63396848,2.11,2.57,14.16,26.596441,0.988411,17.313363,2.9611791282,0.07471316,0.0,38,10,48,一致,20260804135712,待评,未进入30家初评队列
,,300487,蓝晓科技,SZ,塑料,通过,周期边界复核排除,淘汰,周期边界复核：行业名称命中油气、燃气、建材、农化等周期关键词,64.14,44.88,7.48,326.55965209,13.62,3.23,17.997,47.63154,1.042316,25.47887,25.8614904448,0.07919377,0.0,45,8,53,一致,20260804135712,待评,未进入30家初评队列
,321,300488,恒锋工具,SZ,通用设备,通过,保留,淘汰,综合得分未进入前30,30.33,34.94,2.7,57.99726773,2.5,2.36,10.426,46.617022,1.398385,26.294949,3.8568426289,0.06650042,0.0,44,18,62,一致,20260804135712,待评,未进入30家初评队列
,,300492,华图山鼎,SZ,教育,通过,保留,淘汰,当前 PE/PB 缺失、为负或超出本轮可比估值上限,26.68,15.14,31.14,73.45163039,1.1,2.24,15.292,42.198206,3.210595,5.412321,15.2865433161,0.20811714,0.0,50,15,65,一致,20260804135712,待评,未进入30家初评队列
,,300502,新易盛,SZ,通信设备,通过,保留,淘汰,当前 PE/PB 缺失、为负或超出本轮可比估值上限,446.39,55.97,32.06,6223.82241171,13.27,4.68,21.303,38.469266,0.818816,21.794929,66.4946971391,0.0106839,0.0,42,0,42,一致,20260804135712,待评,未进入30家初评队列
,,300508,维宏股份,SZ,计算机设备,通过,保留,淘汰,当前 PE/PB 缺失、为负或超出本轮可比估值上限,42.03,379.7,5.29,45.7481125,3.91,7.1,9.039,56.44524,1.219997,18.066986,1.6464365053999999,0.03598917,0.0,42,4,46,一致,20260804135709,待评,未进入30家初评队列
,310,300509,新美星,SZ,专用设备,通过,保留,淘汰,综合得分未进入前30,8.4,24.64,3.9,24.8976,0.96,2.29,9.261,25.841716,1.99254,7.669316,4.0133506287000005,0.16119428,0.0,44,19,63,一致,20260804135712,待评,未进入30家初评队列
,,300514,友讯达,SZ,电网设备,通过,保留,淘汰,当前 PE/PB 缺失、为负或超出本轮可比估值上限,9.46,-14.67,1.89,18.92,0.21,1.81,13.911,34.659212,1.801155,10.313098,8.5171830958,0.45016824,0.0,51,10,61,一致,20260804135706,待评,未进入30家初评队列
,230,300515,三德科技,SZ,通用设备,通过,保留,淘汰,综合得分未进入前30,15.89,24.67,3.7,32.69439005,2.32,3.89,12.187,56.698139,1.486287,18.995274,6.0076805145000005,0.18375264,0.0,48,19,67,一致,20260804135712,待评,未进入30家初评队列
,214,300519,新光药业,SZ,中药Ⅱ,通过,保留,淘汰,综合得分未进入前30,13.78,20.9,2.7,22.048,0.36,3.12,12.419,44.284057,1.113468,30.056403,3.8841290984,0.17616696,0.0,46,22,68,一致,20260804135706,待评,未进入30家初评队列
,,300525,博思软件,SZ,软件开发,通过,保留,淘汰,当前 PE/PB 缺失、为负或超出本轮可比估值上限,9.05,-27.25,2.77,68.02301981,0.44,3.97,12.948,64.577594,1.290134,14.807102,7.3963080153,0.10873243,0.0,46,10,56,一致,20260804135712,待评,未进入30家初评队列
,33,300529,健帆生物,SZ,医疗器械,通过,保留,淘汰,综合得分未进入前30,18.58,16.82,4.67,148.3808601,-1.64,0.94,25.832,81.305516,1.354538,36.13055,31.5388075808,0.21255307,0.0,56,22,78,一致,20260804135712,待评,未进入30家初评队列
,,300533,冰川网络,SZ,游戏Ⅱ,通过,保留,淘汰,当前 PE/PB 缺失、为负或超出本轮可比估值上限,15.51,-130.37,3.96,50.91107217,4.73,5.17,8.153,93.262765,0.732325,18.289878,12.913408062,0.25364636,0.0,40,7,47,一致,20260804135709,待评,未进入30家初评队列
,518,300545,联得装备,SZ,光学光电子,通过,保留,淘汰,综合得分未进入前30,27.13,46.28,2.33,50.31567131,2.8,4.01,10.038,32.62359,0.857508,11.323915,0.4487419582,0.00891853,0.0,36,14,50,一致,20260804135709,待评,未进入30家初评队列
,,300548,长芯博创,SZ,通信设备,通过,保留,淘汰,当前 PE/PB 缺失、为负或超出本轮可比估值上限,158.32,89.71,22.81,466.73496411,12.27,6.16,9.881,25.881931,1.686932,10.659188,5.7490022172,0.01231749,0.0,39,0,39,一致,20260804135712,待评,未进入30家初评队列
,,300559,佳发教育,SZ,软件开发,通过,保留,淘汰,当前 PE/PB 缺失、为负或超出本轮可比估值上限,11.61,-208.9,4.05,46.38364123,2.11,4.11,12.627,52.500624,1.806618,25.442136,3.5915980675,0.07743243,0.0,47,7,54,一致,20260804135712,待评,未进入30家初评队列
,563,300563,神宇股份,SZ,通信设备,通过,保留,淘汰,综合得分未进入前30,23.21,78.32,3.79,42.27425626,2.25,1.91,8.281,16.803559,1.336138,9.546567,1.4286703862,0.03379528,0.0,36,7,43,一致,20260804135712,待评,未进入30家初评队列
,,300564,筑博设计,SZ,工程咨询服务Ⅱ,通过,保留,淘汰,当前 PE/PB 缺失、为负或超出本轮可比估值上限,11.91,-86.87,1.6,19.21264032,0.85,1.62,16.072,34.117343,1.081687,12.639356,1.3576421008000001,0.070664,0.0,44,10,54,一致,20260804135703,待评,未进入30家初评队列
,485,300566,激智科技,SZ,光学光电子,通过,保留,淘汰,综合得分未进入前30,24.14,27.77,2.91,63.27205599,6.58,7.86,10.945,21.045152,1.098548,7.174653,1.2049433104,0.01904385,0.0,35,18,53,一致,20260804135712,待评,未进入30家初评队列
,,300570,太辰光,SZ,通信设备,通过,保留,淘汰,当前 PE/PB 缺失、为负或超出本轮可比估值上限,131.99,113.94,19.44,299.78475175,11.39,14.45,13.259,32.744203,0.70016,18.545674,4.5818689244,0.01528386,0.0,34,0,34,一致,20260804135712,待评,未进入30家初评队列
,300,300573,兴齐眼药,SZ,化学制药,通过,保留,淘汰,综合得分未进入前30,42.47,18.38,7.83,151.75499911,-0.49,2.01,15.813,78.738439,1.313597,14.729058,9.5567764428,0.06297504,0.0,47,16,63,一致,20260804135712,待评,未进入30家初评队列
,82,300577,开润股份,SZ,服装家纺,通过,保留,淘汰,综合得分未进入前30,17.82,10.82,2.01,42.73881922,0.45,3.1,18.085,23.870831,1.738621,7.224175,4.1582761706,0.09729506,0.0,47,28,75,一致,20260804135712,待评,未进入30家初评队列
,192,300590,移为通信,SZ,通信设备,通过,保留,淘汰,综合得分未进入前30,10.59,23.57,2.65,48.95084937,1.83,4.19,15.65,38.561627,1.057227,20.573194,4.2960703235,0.08776294,0.0,47,22,69,一致,20260804135712,待评,未进入30家初评队列
,49,300595,欧普康视,SZ,医疗器械,通过,保留,淘汰,综合得分未进入前30,11.52,17.64,2.09,103.13730697,-0.43,0.87,23.02,74.854636,1.197022,42.073741,26.2776707054,0.25478337,0.0,52,25,77,一致,20260804135712,待评,未进入30家初评队列
,457,300613,富瀚微,SZ,半导体,通过,保留,淘汰,综合得分未进入前30,70.24,48.07,5.65,163.58553931,4.09,12.98,15.448,38.832901,1.493546,17.849557,13.0141781129,0.0795558,0.0,46,8,54,一致,20260804135712,待评,未进入30家初评队列
,506,300617,安靠智电,SZ,电网设备,通过,保留,淘汰,综合得分未进入前30,43.79,37.08,2.4,72.56338607,5.39,3.74,9.74,40.766666,1.146481,20.497087,0.0999977489,0.00137807,0.0,37,14,51,一致,20260804135712,待评,未进入30家初评队列
,355,300622,博士眼镜,SZ,专业连锁Ⅱ,通过,保留,淘汰,综合得分未进入前30,16.22,32.42,5.84,51.74112265,2.4,4.96,14.052,62.424374,2.37223,9.968571,11.381213538099999,0.21996457,0.0,48,12,60,一致,20260804135712,待评,未进入30家初评队列
,473,300627,华测导航,SZ,通信设备,通过,保留,淘汰,综合得分未进入前30,28.91,45.76,5.55,229.53691838,1.12,1.06,18.902,57.490985,1.008355,16.220667,15.911238805999998,0.06931887,0.0,45,8,53,一致,20260804135712,待评,未进入30家初评队列
,203,300628,亿联网络,SZ,通信设备,通过,保留,淘汰,综合得分未进入前30,39.85,19.25,6.06,504.86697323,1.55,1.96,32.714,63.809221,0.841672,45.790148,80.373699037,0.15919778,0.0,52,16,68,一致,20260804135712,待评,未进入30家初评队列
,,300633,开立医疗,SZ,医疗器械,通过,保留,淘汰,当前 PE/PB 缺失、为负或超出本轮可比估值上限,20.86,-190.84,2.78,88.62110354,1.66,2.37,12.369,65.545658,1.098341,13.719873,6.5555592016999995,0.07397289,0.0,42,10,52,一致,20260804135706,待评,未进入30家初评队列
,,300642,透景生命,SZ,医疗器械,通过,保留,淘汰,当前 PE/PB 缺失、为负或超出本轮可比估值上限,12.94,-94.4,1.49,20.99802799,2.21,1.98,12.828,64.970852,9.586979,25.057603,2.4583666122,0.11707607,0.0,49,12,61,一致,20260804135712,待评,未进入30家初评队列
,335,300653,正海生物,SZ,医疗器械,通过,保留,淘汰,综合得分未进入前30,14.7,44.85,3.1,26.46,0.62,0.45,18.258,88.249884,1.049488,37.325426,6.6059616174,0.24965841,0.0,50,11,61,一致,20260804135709,待评,未进入30家初评队列
,557,300660,江苏雷利,SZ,电机Ⅱ,通过,保留,淘汰,综合得分未进入前30,28.27,62.52,4.71,164.32715264,0.64,1.28,13.159,27.420894,1.339845,9.8595,2.0365326498,0.01239316,0.0,37,7,44,一致,20260804135706,待评,未进入30家初评队列
,,300661,圣邦股份,SZ,半导体,通过,保留,淘汰,当前 PE/PB 缺失、为负或超出本轮可比估值上限,102.01,141.33,13.08,699.25114705,8.06,2.48,20.321,53.297623,0.946907,19.834406,17.2668171836,0.0246933,0.0,42,0,42,一致,20260804135712,待评,未进入30家初评队列
,461,300674,宇信科技,SZ,IT服务Ⅱ,通过,保留,淘汰,综合得分未进入前30,16.69,64.41,2.66,117.50712331,0.18,1.92,13.895,29.644206,1.254784,10.144201,16.677008891099998,0.14192339,0.0,44,10,54,一致,20260804135712,待评,未进入30家初评队列
,,300677,英科医疗,SZ,医疗器械,通过,保留,淘汰,当前 PE/PB 缺失、为负或超出本轮可比估值上限,47.23,770.73,1.7,309.23996611,-4.55,2.44,27.737,27.217223,1.355025,17.060839,2.5030633843,0.00809424,0.0,46,10,56,一致,20260804135712,待评,未进入30家初评队列
,464,300679,电连技术,SZ,消费电子,通过,保留,淘汰,综合得分未进入前30,38.79,47.28,3.36,164.787678,4.84,3.36,13.091,31.944981,1.30108,14.384237,5.810143673200001,0.03525836,0.0,43,11,54,一致,20260804135712,待评,未进入30家初评队列
,,300682,朗新科技,SZ,IT服务Ⅱ,通过,保留,淘汰,当前 PE/PB 缺失、为负或超出本轮可比估值上限,11.89,-64.47,1.97,128.20223912,2.06,2.46,10.886,41.22412,0.848353,13.538335,8.5231969973,0.06648243,0.0,39,10,49,一致,20260804135712,待评,未进入30家初评队列
,528,300684,中石科技,SZ,电子化学品Ⅱ,通过,保留,淘汰,综合得分未进入前30,45.43,52.51,6.77,136.06704001,7.12,5.86,13.93,29.330101,1.519433,14.352997,5.4764356936,0.04024807,0.0,44,4,48,一致,20260804135712,待评,未进入30家初评队列
,268,300685,艾德生物,SZ,医疗器械,通过,保留,淘汰,综合得分未进入前30,17.79,20.37,3.68,69.39970957,1.08,1.2,18.373,83.626332,0.952111,26.7662,10.1445300548,0.1461754,0.0,46,19,65,一致,20260804135709,待评,未进入30家初评队列
,496,300690,双一科技,SZ,风电设备,通过,保留,淘汰,综合得分未进入前30,21.79,42.38,2.32,36.02952945,0.09,2.05,12.995,25.60512,0.958438,15.864444,2.0273950172,0.05627037,0.0,38,14,52,一致,20260804135712,待评,未进入30家初评队列
,399,300693,盛弘股份,SZ,其他电源设备Ⅱ,通过,保留,淘汰,综合得分未进入前30,36.14,33.18,5.39,113.04441043,3.88,3.09,19.515,41.206212,1.050377,12.618664,11.128964997,0.09844772,0.0,46,12,58,一致,20260804135712,待评,未进入30家初评队列
,,300696,爱乐达,SZ,航空装备Ⅱ,通过,保留,淘汰,当前 PE/PB 缺失、为负或超出本轮可比估值上限,19.99,997.09,3.1,58.8203717,2.04,2.3,11.607,31.145101,1.368325,35.420258,3.4139675519,0.05804056,0.0,44,7,51,一致,20260804135709,待评,未进入30家初评队列
,481,300699,光威复材,SZ,航空装备Ⅱ,通过,保留,淘汰,综合得分未进入前30,26.24,44.92,4.05,218.1467648,-0.19,1.03,16.0,45.502197,1.131408,29.7158,4.0559615871,0.01859281,0.0,42,11,53,一致,20260804135712,待评,未进入30家初评队列
,,300701,森霸传感,SZ,光学光电子,通过,保留,淘汰,当前 PE/PB 缺失、为负或超出本轮可比估值上限,9.38,80.93,2.78,26.22585407,0.97,1.56,15.68,40.801588,1.331923,29.231134,1.3149020401,0.05013763,0.0,47,10,57,一致,20260804135709,待评,未进入30家初评队列
,,300703,创源股份,SZ,文娱用品,通过,保留,淘汰,当前 PE/PB 缺失、为负或超出本轮可比估值上限,13.38,-31.5,3.18,24.13642819,-0.15,3.03,14.892,30.26524,2.375669,6.873058,2.4200109939,0.10026384,0.0,45,7,52,一致,20260804135712,待评,未进入30家初评队列
,233,300705,九典制药,SZ,化学制药,通过,保留,淘汰,综合得分未进入前30,11.14,24.56,2.27,55.73243901,0.81,1.43,16.43,75.921713,1.185587,12.116859,2.6758320781,0.04801211,0.0,45,22,67,一致,20260804135712,待评,未进入30家初评队列
,,300709,精研科技,SZ,消费电子,通过,保留,淘汰,当前 PE/PB 缺失、为负或超出本轮可比估值上限,34.99,-32.84,3.03,65.30665897,3.74,4.89,11.63,27.065504,2.831019,7.681521,5.3556713618,0.08200804,0.0,44,7,51,一致,20260804135712,待评,未进入30家初评队列
,,300711,广哈通信,SZ,通信设备,通过,保留,淘汰,当前 PE/PB 缺失、为负或超出本轮可比估值上限,15.76,-133.17,2.98,44.1963404,0.83,0.91,9.789,53.575033,1.048196,13.109752,2.7389688227999995,0.06197275,0.0,40,10,50,一致,20260804135709,待评,未进入30家初评队列
,,300717,华信新材,SZ,塑料,通过,周期边界复核排除,淘汰,周期边界复核：行业名称命中油气、燃气、建材、农化等周期关键词,17.58,36.42,2.47,18.067845,0.57,2.22,8.674,26.153276,1.692496,14.089656,0.37343319939999997,0.02066839,0.0,39,14,53,一致,20260804135706,待评,未进入30家初评队列
,,300718,长盛轴承,SZ,通用设备,通过,保留,淘汰,当前 PE/PB 缺失、为负或超出本轮可比估值上限,65.45,80.09,11.33,195.55087514,0.75,5.4,13.93,32.605225,1.090609,19.444465,7.1338595549,0.03648084,0.0,41,0,41,一致,20260804135712,待评,未进入30家初评队列
,,300720,海川智能,SZ,通用设备,通过,保留,淘汰,当前 PE/PB 缺失、为负或超出本轮可比估值上限,59.75,411.33,20.15,116.43916046,20.0,7.57,10.698,52.220405,1.019681,23.789584,1.9115625666999998,0.01641684,0.0,40,0,40,一致,20260804135706,待评,未进入30家初评队列
,,300722,新余国科,SZ,航天装备Ⅱ,通过,保留,淘汰,当前 PE/PB 缺失、为负或超出本轮可比估值上限,21.9,428.46,9.69,60.60966912,0.09,0.77,14.054,46.283249,0.997907,21.019178,2.8315646729000004,0.04671804,0.0,40,0,40,一致,20260804135712,待评,未进入30家初评队列
,75,300724,捷佳伟创,SZ,光伏设备,通过,保留,淘汰,综合得分未进入前30,59.49,19.17,1.57,207.19891437,1.81,2.31,20.513,26.498109,1.205627,16.505759,67.8765600048,0.32759129,0.0,53,22,75,一致,20260804135712,待评,未进入30家初评队列
,358,300725,药石科技,SZ,医疗服务,通过,保留,淘汰,综合得分未进入前30,39.98,47.8,1.72,93.47617493,10.44,11.64,16.563,40.998193,1.507253,20.656807,0.6396703429999999,0.00684314,0.0,46,14,60,一致,20260804135712,待评,未进入30家初评队列
,472,300726,宏达电子,SZ,军工电子Ⅱ,通过,保留,淘汰,综合得分未进入前30,49.71,54.48,4.27,204.72558695,5.59,5.08,18.566,62.146435,1.065911,33.293229,13.9936918935,0.06835341,0.0,46,7,53,一致,20260804135712,待评,未进入30家初评队列
,,300735,光弘科技,SZ,消费电子,通过,保留,淘汰,当前 PE/PB 缺失、为负或超出本轮可比估值上限,20.15,239.15,2.96,163.03676942,4.51,1.75,13.794,16.337176,3.21049,10.837696,1.3793725387,0.0084605,0.0,39,10,49,一致,20260804135712,待评,未进入30家初评队列
,332,300743,天地数码,SZ,计算机设备,通过,保留,淘汰,综合得分未进入前30,14.79,14.18,3.85,22.36311937,1.02,2.1,14.945,28.687415,1.199094,8.758028,2.0996971159999998,0.09389107,0.0,40,22,62,一致,20260804135700,待评,未进入30家初评队列
,508,300747,锐科激光,SZ,自动化设备,通过,保留,淘汰,综合得分未进入前30,34.19,60.61,5.43,192.01104,5.36,3.32,20.333,21.931007,2.741514,13.466145,1.8758006972,0.00976923,0.0,46,4,50,一致,20260804135712,待评,未进入30家初评队列
,162,300750,宁德时代,SZ,电池,通过,保留,淘汰,综合得分未进入前30,396.83,21.21,4.92,18359.95471507,0.62,0.44,24.361,23.288446,2.109108,13.468949,2280.208661,0.12419468,0.0,51,19,70,一致,20260804135712,待评,未进入30家初评队列
,523,300759,康龙化成,SZ,医疗服务,通过,保留,淘汰,综合得分未进入前30,39.86,54.59,4.55,732.34125412,10.51,6.27,14.635,35.502732,1.578058,14.573621,1.3438023397,0.00183494,0.0,42,7,49,一致,20260804135712,待评,未进入30家初评队列
,110,300760,迈瑞医疗,SZ,医疗器械,通过,保留,淘汰,综合得分未进入前30,154.22,20.07,4.89,1869.82711783,-1.7,0.74,32.981,63.352961,1.13117,28.054678,447.74949518,0.23946037,0.0,54,19,73,一致,20260804135712,待评,未进入30家初评队列
,487,300768,迪普科技,SZ,软件开发,通过,保留,淘汰,综合得分未进入前30,16.68,58.36,3.08,107.39068371,3.03,2.35,13.611,67.642064,1.209504,21.667358,6.8051000689,0.06336769,0.0,45,7,52,一致,20260804135706,待评,未进入30家初评队列
26,26,300770,新媒股份,SZ,电视广播Ⅱ,通过,保留,入选30家,综合得分靠前，且满足估值可比门槛与行业分散上限,35.73,14.21,2.29,81.40672856,0.62,0.89,22.346,51.507439,1.119809,38.528848,32.3742709755,0.39768544,0.0,54,25,79,一致,20260804135712,3/5,IPTV平台运营资质、内容分发和区域用户基础
,263,300771,智莱科技,SZ,计算机设备,通过,保留,淘汰,综合得分未进入前30,11.4,43.43,1.41,27.36,0.71,2.46,17.339,29.567995,1.50427,17.88301,3.9628184044,0.14483985,0.0,49,16,65,一致,20260804135712,待评,未进入30家初评队列
,,300777,中简科技,SZ,航空装备Ⅱ,通过,保留,淘汰,当前 PE/PB 缺失、为负或超出本轮可比估值上限,24.82,142.99,2.43,109.13541068,0.49,0.88,15.579,69.676271,1.550696,53.403163,0.1437463438,0.00131714,0.0,47,10,57,一致,20260804135712,待评,未进入30家初评队列
,206,300788,中信出版,SZ,出版,通过,保留,淘汰,综合得分未进入前30,26.43,30.2,2.28,50.25704541,1.65,3.35,15.232,36.381816,1.431887,10.908877,8.6555425229,0.17222546,0.0,50,18,68,一致,20260804135712,待评,未进入30家初评队列
,320,300792,壹网壹创,SZ,互联网电商,通过,保留,淘汰,综合得分未进入前30,25.49,48.25,2.06,60.58010956,5.03,4.99,23.542,32.923287,1.460006,14.899741,2.8012486344,0.0462404,0.0,48,14,62,一致,20260804135712,待评,未进入30家初评队列
,,300795,米奥会展,SZ,专业服务,豁免B通过,保留,淘汰,当前 PE/PB 缺失、为负或超出本轮可比估值上限,15.65,-47.37,8.24,46.77689066,10.21,26.51,16.314,51.080893,1.002107,2.913223,5.710594778,0.12208154,0.0,41,0,41,一致,20260804135712,待评,未进入30家初评队列
,,300803,指南针,SZ,软件开发,通过,保留,淘汰,当前 PE/PB 缺失、为负或超出本轮可比估值上限,83.11,113.92,17.69,506.79806056,1.05,1.91,18.043,87.20268,15.884427,17.262117,93.62081054,0.18473001,0.0,53,0,53,一致,20260804135712,待评,未进入30家初评队列
,,300809,华辰装备,SZ,通用设备,通过,保留,淘汰,当前 PE/PB 缺失、为负或超出本轮可比估值上限,23.81,118.01,3.35,60.36768352,2.28,2.86,10.635,32.605015,0.974215,23.349739,1.0847710035,0.0179694,0.0,37,7,44,一致,20260804135657,待评,未进入30家初评队列
,529,300817,双飞集团,SZ,通用设备,通过,保留,淘汰,综合得分未进入前30,15.62,51.25,3.32,34.09818509,1.03,1.32,10.987,26.435931,1.512205,10.385081,0.5398540007,0.01583234,0.0,41,7,48,一致,20260804135712,待评,未进入30家初评队列
,,300819,聚杰微纤,SZ,纺织制造,通过,保留,淘汰,当前 PE/PB 缺失、为负或超出本轮可比估值上限,43.8,157.16,7.59,65.35179,7.88,3.05,12.637,23.814724,1.736856,10.608683,0.048006523899999994,0.00073459,0.0,41,4,45,一致,20260804135712,待评,未进入30家初评队列
,509,300820,英杰电气,SZ,其他电源设备Ⅱ,通过,保留,淘汰,综合得分未进入前30,46.3,70.79,4.13,102.88051589,6.93,4.02,18.895,38.391526,0.842722,23.094735,7.7593629086,0.07542111,0.0,43,7,50,一致,20260804135712,待评,未进入30家初评队列
,307,300823,建科智能,SZ,专用设备,通过,保留,淘汰,综合得分未进入前30,14.26,32.4,1.99,18.67813687,1.35,3.64,11.026,41.709815,1.984818,13.938309,0.9695465048999999,0.0519081,0.0,45,18,63,一致,20260804135648,待评,未进入30家初评队列
,144,300824,北鼎股份,SZ,小家电,通过,保留,淘汰,综合得分未进入前30,7.81,19.45,3.41,25.48728536,-0.64,1.13,16.32,48.972756,1.764999,10.633684,5.3326442732,0.20922763,0.0,52,19,71,一致,20260804135712,待评,未进入30家初评队列
,,300826,测绘股份,SZ,工程咨询服务Ⅱ,通过,保留,淘汰,当前 PE/PB 缺失、为负或超出本轮可比估值上限,12.74,104.14,1.94,29.07523169,1.43,1.84,10.082,33.436353,1.986251,11.17728,1.5433912269999999,0.05308268,0.0,45,10,55,一致,20260804135712,待评,未进入30家初评队列
,,300828,锐新科技,SZ,通用设备,通过,保留,淘汰,当前 PE/PB 缺失、为负或超出本轮可比估值上限,15.0,97.14,3.2,24.9633,1.63,4.57,12.532,20.733349,1.005332,13.877615,1.3360529408,0.05352069,0.0,40,7,47,一致,20260804135706,待评,未进入30家初评队列
,,300831,ST派瑞,SZ,半导体,通过,保留,淘汰,当前 PE/PB 缺失、为负或超出本轮可比估值上限,15.83,81.24,5.2,50.656,4.35,2.5,9.221,51.83947,1.118838,24.206112,1.1800040548000001,0.02329446,0.0,38,4,42,一致,20260804135709,待评,未进入30家初评队列
,186,300832,新产业,SZ,医疗器械,通过,保留,淘汰,综合得分未进入前30,46.91,20.85,4.31,368.58068204,-2.17,0.64,26.139,71.134054,0.811594,43.467472,42.137471995700004,0.1143236,0.0,50,19,69,一致,20260804135712,待评,未进入30家初评队列
,305,300833,浩洋股份,SZ,专用设备,通过,保留,淘汰,综合得分未进入前30,34.11,25.94,1.8,43.14590955,1.31,0.49,17.845,49.394926,0.856942,20.702807,4.467097487699999,0.10353467,0.0,45,18,63,一致,20260804135712,待评,未进入30家初评队列
,,300840,酷特智能,SZ,服装家纺,通过,保留,淘汰,当前 PE/PB 缺失、为负或超出本轮可比估值上限,18.25,88.26,3.47,43.8,4.82,3.98,9.077,40.664805,1.732745,10.327798,1.1905614176000001,0.02718177,0.0,40,7,47,一致,20260804135709,待评,未进入30家初评队列
,351,300841,康华生物,SZ,生物制品,通过,保留,淘汰,综合得分未进入前30,46.9,55.68,1.74,60.94509563,1.54,1.09,41.24,93.354621,0.954508,32.060608,7.4472611926,0.12219623,0.0,50,10,60,一致,20260804135712,待评,未进入30家初评队列
,,300845,捷安高科,SZ,计算机设备,通过,保留,淘汰,当前 PE/PB 缺失、为负或超出本轮可比估值上限,10.52,-38.82,2.77,21.63344372,3.85,3.42,14.599,50.746951,0.828506,18.522525,0.0215470624,0.00099601,0.0,37,10,47,一致,20260804135709,待评,未进入30家初评队列
,535,300847,中船汉光,SZ,计算机设备,通过,保留,淘汰,综合得分未进入前30,14.48,41.79,2.89,42.862248,0.7,1.06,9.307,19.315626,1.199075,9.497954,2.9071186669999998,0.06782469,0.0,34,14,48,一致,20260804135706,待评,未进入30家初评队列
,345,300856,科思股份,SZ,化妆品,通过,保留,淘汰,综合得分未进入前30,11.12,32.43,1.96,52.8964192,0.27,0.47,19.12,37.265698,1.419917,14.900679,0.22437895859999998,0.00424186,0.0,43,18,61,一致,20260804135712,待评,未进入30家初评队列
,,300859,西域旅游,SZ,旅游及景区,通过,保留,淘汰,当前 PE/PB 缺失、为负或超出本轮可比估值上限,26.67,-38.71,5.83,41.3385,-0.49,1.39,9.734,47.010971,0.961176,11.06258,1.0339928593,0.02501283,0.0,34,4,38,一致,20260804135706,待评,未进入30家初评队列
7,7,300861,美畅股份,SZ,通用设备,通过,保留,入选30家,综合得分靠前，且满足估值可比门槛与行业分散上限,16.47,14.24,1.71,110.65212047,2.81,2.83,39.068,39.937599,2.524068,35.889447,23.6876476795,0.21407315,0.0,57,25,82,一致,20260804135709,4/5,金刚石线技术、客户认证和制造规模
,39,300864,南大环境,SZ,环境治理,通过,保留,淘汰,综合得分未进入前30,18.56,16.04,2.31,29.52973358,0.43,0.67,39.03,35.265281,1.011508,21.357566,5.0106673574,0.16968211,0.0,53,25,78,一致,20260804135706,待评,未进入30家初评队列
,489,300866,安克创新,SZ,消费电子,通过,保留,淘汰,综合得分未进入前30,119.8,37.24,6.85,702.45055017,-1.34,0.83,37.603,41.345933,0.815093,8.752899,43.135563006400005,0.06140726,0.0,44,8,52,一致,20260804135712,待评,未进入30家初评队列
,,300873,海晨股份,SZ,物流,通过,保留,淘汰,当前 PE/PB 缺失、为负或超出本轮可比估值上限,14.96,979.68,1.53,48.20817065,6.7,5.57,15.351,25.518299,1.479855,15.050625,6.730053764400001,0.13960401,0.0,47,10,57,一致,20260804135712,待评,未进入30家初评队列
,454,300880,迦南智能,SZ,电网设备,通过,保留,淘汰,综合得分未进入前30,19.77,77.25,3.7,38.57864026,0.46,1.73,21.528,29.566334,1.156111,14.580427,4.9861363652,0.12924604,0.0,47,7,54,一致,20260804135712,待评,未进入30家初评队列
,378,300882,万胜智能,SZ,电网设备,通过,保留,淘汰,综合得分未进入前30,15.27,48.99,3.54,43.70292141,0.46,0.9,16.022,31.540814,1.4714,12.769227,5.9858120401,0.13696595,0.0,48,11,59,一致,20260804135712,待评,未进入30家初评队列
,,300884,狄耐克,SZ,计算机设备,通过,保留,淘汰,当前 PE/PB 缺失、为负或超出本轮可比估值上限,11.35,-369.14,2.29,28.81343007,1.16,1.55,18.915,39.947137,1.426945,11.370145,0.4122115047,0.01430623,0.0,43,10,53,一致,20260804135709,待评,未进入30家初评队列
,546,300885,海昌新材,SZ,通用设备,通过,保留,淘汰,综合得分未进入前30,20.57,52.98,5.7,51.04482526,1.03,1.64,14.129,33.891296,1.072387,26.340042,1.9394258856,0.03799456,0.0,42,4,46,一致,20260804135712,待评,未进入30家初评队列
28,28,300888,稳健医疗,SZ,个护用品,通过,保留,入选30家,综合得分靠前，且满足估值可比门槛与行业分散上限,29.87,17.31,1.5,174.13341619,-2.7,0.83,19.799,48.243538,1.666393,13.343343,36.0540676341,0.20704853,0.0,52,27,79,一致,20260804135712,4/5,医疗耗材品牌、质量体系和渠道
,223,300896,爱美客,SZ,医疗美容,通过,保留,淘汰,综合得分未进入前30,104.48,26.5,4.14,316.14818533,-1.39,2.23,28.223,94.194793,0.998131,54.336445,66.8984805607,0.21160482,0.0,52,15,67,一致,20260804135712,待评,未进入30家初评队列
,381,300898,熊猫乳品,SZ,饮料乳品,通过,保留,淘汰,综合得分未进入前30,20.32,37.29,2.61,25.1968,-0.05,2.94,16.996,23.964777,1.194838,12.91555,3.7284277577,0.14797227,0.0,45,14,59,一致,20260804135712,待评,未进入30家初评队列
,389,300906,日月明,SZ,通用设备,通过,保留,淘汰,综合得分未进入前30,26.08,34.64,2.26,20.864,1.84,1.8,13.849,56.225118,0.754366,36.935142,1.8563999079,0.08897622,0.0,41,18,59,一致,20260804135712,待评,未进入30家初评队列
,259,300908,仲景食品,SZ,调味发酵品Ⅱ,通过,保留,淘汰,综合得分未进入前30,23.99,16.3,2.05,35.0254,-0.54,0.92,15.524,40.680691,1.155106,15.889796,0.6725617359999999,0.01920211,0.0,41,25,66,一致,20260804135712,待评,未进入30家初评队列
,562,300913,兆龙互连,SZ,通信设备,通过,保留,淘汰,综合得分未进入前30,35.1,61.96,4.64,120.31617312,3.08,2.26,17.726,16.756984,1.109067,7.020509,1.0846197867,0.00901475,0.0,36,7,43,一致,20260804135712,待评,未进入30家初评队列
,,300916,朗特智能,SZ,消费电子,通过,保留,淘汰,当前 PE/PB 缺失、为负或超出本轮可比估值上限,20.08,606.39,2.19,29.04451661,1.72,1.87,19.377,18.572518,1.347202,10.209861,4.9271948816,0.16964286,0.0,47,10,57,一致,20260804135712,待评,未进入30家初评队列
,,300921,南凌科技,SZ,通信服务,通过,保留,淘汰,当前 PE/PB 缺失、为负或超出本轮可比估值上限,14.97,80.79,4.73,38.43479252,4.91,6.81,20.796,33.334909,1.512039,9.15148,1.1479800529000002,0.02986825,0.0,45,7,52,一致,20260804135712,待评,未进入30家初评队列
,425,300938,信测标准,SZ,专业服务,通过,保留,淘汰,综合得分未进入前30,25.47,48.42,4.7,86.81755981,8.99,4.28,16.44,58.606613,1.28398,22.350719,2.1997027912,0.02533707,0.0,45,11,56,一致,20260804135712,待评,未进入30家初评队列
,,300939,秋田微,SZ,光学光电子,通过,保留,淘汰,当前 PE/PB 缺失、为负或超出本轮可比估值上限,54.62,113.24,4.61,65.544,5.46,3.72,15.678,25.591908,1.040149,9.034737,2.1559851407,0.03289371,0.0,41,7,48,一致,20260804135712,待评,未进入30家初评队列
,,300943,春晖智控,SZ,通用设备,通过,保留,淘汰,当前 PE/PB 缺失、为负或超出本轮可比估值上限,25.28,135.57,5.18,51.525696,13.11,10.33,13.15,26.133478,0.898297,13.069238,1.9323739874,0.03750311,0.0,38,4,42,一致,20260804135712,待评,未进入30家初评队列
,,300950,德固特,SZ,专用设备,通过,保留,淘汰,当前 PE/PB 缺失、为负或超出本轮可比估值上限,16.72,118.58,3.22,25.6892768,2.83,1.5,12.8,36.852444,1.202862,18.827049,0.1614566798,0.00628498,0.0,40,7,47,一致,20260804135703,待评,未进入30家初评队列
,,300960,通业科技,SZ,轨交设备Ⅱ,通过,保留,淘汰,当前 PE/PB 缺失、为负或超出本轮可比估值上限,15.79,-47.65,3.58,22.91845866,0.0,0.8,13.737,44.146416,0.905081,13.300734,0.09840589179999999,0.00429374,0.0,36,7,43,一致,20260804135712,待评,未进入30家初评队列
,397,300962,中金辐照,SZ,专业服务,通过,保留,淘汰,综合得分未进入前30,13.13,36.67,3.37,34.66344908,1.16,1.25,10.22916,62.071554,1.819125,25.634164,2.2361175607,0.06450938,0.0,47,11,58,一致,20260804135709,待评,未进入30家初评队列
,450,300971,博亚精工,SZ,专用设备,通过,保留,淘汰,综合得分未进入前30,18.44,44.41,2.06,21.68544,0.93,1.75,11.625,42.989087,0.967606,18.416447,2.3794103078999997,0.10972387,0.0,41,14,55,一致,20260804135703,待评,未进入30家初评队列
,,300987,川网传媒,SZ,数字媒体,通过,保留,淘汰,当前 PE/PB 缺失、为负或超出本轮可比估值上限,13.79,275.33,3.04,23.9074472,2.45,2.03,9.308,38.013825,2.449033,23.16124,2.4112790923,0.10085891,0.0,46,7,53,一致,20260804135712,待评,未进入30家初评队列
,,301001,凯淳股份,SZ,互联网电商,通过,保留,淘汰,当前 PE/PB 缺失、为负或超出本轮可比估值上限,23.82,1076.49,2.48,19.056,2.58,2.34,18.263,27.904619,1.870291,5.371578,0.18989857629999998,0.00996529,0.0,42,10,52,一致,20260804135712,待评,未进入30家初评队列
,,301011,华立科技,SZ,文娱用品,通过,保留,淘汰,当前 PE/PB 缺失、为负或超出本轮可比估值上限,15.12,-55.7,2.52,23.35391745,0.4,1.46,10.907,27.899542,1.887563,6.664817,1.4475126926,0.06198158,0.0,42,10,52,一致,20260804135700,待评,未进入30家初评队列
,353,301015,百洋医药,SZ,医药商业,通过,保留,淘汰,综合得分未进入前30,23.95,25.39,5.75,125.88696644,6.16,1.03,23.651,31.831521,1.060333,6.548683,21.236289056700002,0.16869331,0.0,48,12,60,一致,20260804135712,待评,未进入30家初评队列
,,301025,读客文化,SZ,出版,通过,保留,淘汰,当前 PE/PB 缺失、为负或超出本轮可比估值上限,8.98,295.18,5.82,35.94778412,3.7,3.1,10.668,34.629656,3.084771,10.120597,2.0314852021000003,0.05651211,0.0,45,4,49,一致,20260804135709,待评,未进入30家初评队列
,570,301033,迈普医学,SZ,医疗器械,豁免A通过,保留,淘汰,综合得分未进入前30,58.35,47.24,5.06,39.1427607,-1.42,1.98,3.896667,81.59054,1.63602,,0.930190275,0.02376404,0.0,29,8,37,一致,20260804135706,待评,未进入30家初评队列
,,301035,润丰股份,SZ,农化制品,通过,周期边界复核排除,淘汰,周期边界复核：行业名称命中油气、燃气、建材、农化等周期关键词,55.06,30.35,2.73,200.69659946,-2.1,0.36,16.161,20.598164,0.785836,6.392868,0.8204096895,0.00408781,0.0,34,18,52,一致,20260804135703,待评,未进入30家初评队列
,,301083,百胜智能,SZ,专用设备,通过,保留,淘汰,当前 PE/PB 缺失、为负或超出本轮可比估值上限,13.51,134.06,2.9,24.02978671,3.45,2.88,14.083,22.318961,0.770096,10.578042,0.7753069415999999,0.03226441,0.0,36,10,46,一致,20260804135703,待评,未进入30家初评队列
,392,301103,何氏眼科,SZ,医疗服务,豁免A通过,保留,淘汰,综合得分未进入前30,16.24,19.63,1.35,25.66349889,-0.18,1.18,5.573333,40.011546,1.971013,,3.9201269585,0.15275107,0.0,35,24,59,一致,20260804135712,待评,未进入30家初评队列
,492,301107,瑜欣电子,SZ,通用设备,通过,保留,淘汰,综合得分未进入前30,18.34,57.65,2.8,26.07742372,3.73,1.38,14.493,24.753132,1.262785,12.591503,1.9075458838,0.07314932,0.0,42,10,52,一致,20260804135709,待评,未进入30家初评队列
,79,301109,军信股份,SZ,环境治理,通过,保留,淘汰,综合得分未进入前30,13.81,12.4,1.51,108.97482628,-2.06,0.79,14.55863,48.757572,1.875808,26.083337,17.425230829500002,0.15990143,0.0,50,25,75,一致,20260804135709,待评,未进入30家初评队列
,,301171,易点天下,SZ,广告营销,通过,保留,淘汰,当前 PE/PB 缺失、为负或超出本轮可比估值上限,37.22,-90.58,6.24,230.21351322,15.09,22.48,16.834,18.900924,0.733717,9.552308,6.997567211000001,0.03039599,0.0,35,4,39,一致,20260804135712,待评,未进入30家初评队列
,,301185,鸥玛软件,SZ,IT服务Ⅱ,通过,保留,淘汰,当前 PE/PB 缺失、为负或超出本轮可比估值上限,16.78,168.18,2.44,25.74347328,0.12,1.51,18.354,63.127967,1.076713,34.744616,1.6251007984,0.06312671,0.0,46,10,56,一致,20260804135712,待评,未进入30家初评队列
,388,301222,浙江恒威,SZ,电池,通过,保留,淘汰,综合得分未进入前30,23.73,32.29,2.35,33.30226435,3.85,1.31,17.059,24.910918,0.830751,18.87164,1.3781525397999999,0.04138315,0.0,41,18,59,一致,20260804135709,待评,未进入30家初评队列
,174,301223,中荣股份,SZ,包装印刷,通过,保留,淘汰,综合得分未进入前30,16.36,18.48,1.07,31.59566882,-1.39,0.52,13.473,20.745425,1.734028,7.14803,4.8186753505,0.15251063,0.0,46,24,70,一致,20260804135657,待评,未进入30家初评队列
,,301226,祥明智能,SZ,电机Ⅱ,通过,保留,淘汰,当前 PE/PB 缺失、为负或超出本轮可比估值上限,28.43,801.81,3.43,30.93184,2.52,1.05,11.219,19.982995,1.869584,7.904071,0.4146898341,0.01340657,0.0,37,7,44,一致,20260804135703,待评,未进入30家初评队列
,,301258,富士莱,SZ,化学制药,通过,保留,淘汰,当前 PE/PB 缺失、为负或超出本轮可比估值上限,25.06,-207.5,1.25,22.972502,2.08,1.29,15.73,32.048884,1.452781,22.131882,1.3506049588999998,0.05879224,0.0,47,12,59,一致,20260804135657,待评,未进入30家初评队列
,179,301276,嘉曼服饰,SZ,服装家纺,通过,保留,淘汰,综合得分未进入前30,19.69,12.69,1.21,25.51824,1.34,2.75,17.332,60.780814,0.852222,12.08855,1.3616576388,0.05336017,0.0,43,27,70,一致,20260804135709,待评,未进入30家初评队列
,260,301299,卓创资讯,SZ,数字媒体,通过,保留,淘汰,综合得分未进入前30,44.02,35.83,4.72,26.70368532,2.11,2.67,31.575,63.818976,1.382648,20.640446,2.8664860913,0.10734421,0.0,54,11,65,一致,20260804135712,待评,未进入30家初评队列
,,301300,远翔新材,SZ,橡胶,通过,周期边界复核排除,淘汰,周期边界复核：行业名称命中油气、燃气、建材、农化等周期关键词,30.05,38.79,2.39,19.6614145,2.21,1.99,20.639,25.619538,1.049002,14.619391,1.8009173131,0.09159653,0.0,47,14,61,一致,20260804135712,待评,未进入30家初评队列
,,301318,维海德,SZ,计算机设备,通过,保留,淘汰,当前 PE/PB 缺失、为负或超出本轮可比估值上限,20.55,177.4,1.52,27.80392087,1.53,1.48,27.579,45.079452,1.010367,19.621175,4.4588750920999995,0.16036857,0.0,52,10,62,一致,20260804135706,待评,未进入30家初评队列
,323,301329,信音电子,SZ,消费电子,通过,保留,淘汰,综合得分未进入前30,19.28,28.75,2.1,32.81456,2.5,3.78,12.381,26.711313,1.671798,8.493157,4.1407191187,0.12618542,0.0,44,18,62,一致,20260804135712,待评,未进入30家初评队列
,,301359,东南电子,SZ,其他电子Ⅱ,通过,保留,淘汰,当前 PE/PB 缺失、为负或超出本轮可比估值上限,15.95,92.92,2.33,19.168072,2.57,3.17,15.432,30.754347,1.142095,18.039967,1.5577865715,0.08126986,0.0,46,10,56,一致,20260804135712,待评,未进入30家初评队列
,361,301361,众智科技,SZ,电网设备,通过,保留,淘汰,综合得分未进入前30,29.39,41.23,2.77,34.1911504,0.75,1.91,20.244,55.989297,0.889852,30.826195,1.8349637517,0.0536678,0.0,46,14,60,一致,20260804135703,待评,未进入30家初评队列
,500,301381,赛维时代,SZ,互联网电商,豁免B通过,保留,淘汰,综合得分未进入前30,23.66,56.5,3.52,96.17433633,3.68,1.48,15.732,47.973374,1.371448,2.900449,16.4451407262,0.17099303,0.0,44,7,51,一致,20260804135712,待评,未进入30家初评队列
,296,301386,未来电器,SZ,电网设备,通过,保留,淘汰,综合得分未进入前30,20.07,46.58,1.93,28.098,1.98,1.91,16.083,29.366011,1.361631,16.903135,5.2585599597,0.18715069,0.0,49,14,63,一致,20260804135706,待评,未进入30家初评队列
,,301419,阿莱德,SZ,通信设备,通过,保留,淘汰,当前 PE/PB 缺失、为负或超出本轮可比估值上限,29.21,88.52,4.74,43.815,7.15,4.13,23.653,38.602301,1.495581,19.06356,1.9479946900999998,0.04445954,0.0,48,7,55,一致,20260804135712,待评,未进入30家初评队列
,521,301568,思泰克,SZ,自动化设备,通过,保留,淘汰,综合得分未进入前30,60.19,58.78,6.17,62.15123096,9.94,8.59,39.004,51.641117,0.86334,27.928723,1.7436012533,0.02805417,0.0,45,4,49,一致,20260804135712,待评,未进入30家初评队列
,443,301580,爱迪特,SZ,医疗器械,通过,保留,淘汰,综合得分未进入前30,50.61,49.34,3.56,75.50523664,3.24,4.64,17.924,47.633072,1.139223,18.034984,5.520375291000001,0.07311248,0.0,44,11,55,一致,20260804135712,待评,未进入30家初评队列
,,301586,佳力奇,SZ,航空装备Ⅱ,通过,保留,淘汰,当前 PE/PB 缺失、为负或超出本轮可比估值上限,31.6,174.82,2.04,26.22025895,0.57,1.35,16.478,33.893405,1.184943,15.903866,0.6654837015999999,0.02538052,0.0,41,10,51,一致,20260804135712,待评,未进入30家初评队列
,539,301600,慧翰股份,SZ,计算机设备,通过,保留,淘汰,综合得分未进入前30,91.0,57.99,7.81,95.116385,2.01,2.18,20.132,28.300174,0.8222,11.304825,4.3230085656,0.04544967,0.0,43,4,47,一致,20260804135709,待评,未进入30家初评队列
,264,600025,华能水电,SH,电力,通过,保留,淘汰,综合得分未进入前30,9.95,30.03,2.76,1853.79387857,-1.68,0.11,9.7,55.962557,2.373985,26.805317,171.29028458620002,0.09239985,0.0,47,18,65,一致,20260804135712,待评,未进入30家初评队列
,72,600062,华润双鹤,SH,化学制药,通过,保留,淘汰,综合得分未进入前30,16.41,8.79,1.45,170.43139006,0.61,0.66,12.676,56.689702,1.15436,12.774994,50.4106208137,0.29578249,0.0,46,30,76,一致,20260804135711,待评,未进入30家初评队列
,336,600066,宇通客车,SH,商用车,通过,保留,淘汰,综合得分未进入前30,31.74,26.65,5.96,702.70430938,-1.7,0.64,17.33,22.303084,2.075163,7.400708,154.3403874835,0.21963774,0.0,49,12,61,一致,20260804135710,待评,未进入30家初评队列
,256,600079,ST人福,SH,化学制药,通过,保留,淘汰,综合得分未进入前30,17.56,12.18,1.54,286.61887945,-0.73,0.41,8.012,44.968973,1.308731,5.54226,27.418292739699996,0.09566115,0.0,41,25,66,一致,20260804135710,待评,未进入30家初评队列
,190,600085,同仁堂,SH,中药Ⅱ,通过,保留,淘汰,综合得分未进入前30,25.85,18.81,2.65,354.52506273,-1.0,0.44,11.755,46.111719,1.768497,8.090391,98.4145845098,0.27759556,0.0,47,22,69,一致,20260804135711,待评,未进入30家初评队列
,,600113,浙江东日,SH,一般零售,通过,保留,淘汰,当前 PE/PB 缺失、为负或超出本轮可比估值上限,30.7,148.87,5.05,129.30123462,2.78,1.48,12.723,39.101294,0.747007,29.305361,2.8404650791000003,0.02196781,0.0,35,4,39,一致,20260804135709,待评,未进入30家初评队列
,531,600114,东睦股份,SH,通用设备,通过,保留,淘汰,综合得分未进入前30,28.11,35.25,5.26,177.48189538,3.23,2.47,9.793,23.11324,3.220764,8.947093,8.3495911164,0.04704475,0.0,40,8,48,一致,20260804135713,待评,未进入30家初评队列
,428,600131,国网信通,SH,IT服务Ⅱ,通过,保留,淘汰,综合得分未进入前30,16.29,42.14,2.97,194.98896548,1.43,0.58,13.904,19.626079,1.461448,8.972945,30.1554146318,0.1546519,0.0,42,14,56,一致,20260804135713,待评,未进入30家初评队列
,,600132,重庆啤酒,SH,非白酒,通过,保留,淘汰,当前 PE/PB 缺失、为负或超出本轮可比估值上限,45.96,12.7,17.83,222.4331626,-2.36,0.76,53.929,50.002252,2.551214,9.062727,115.3029001129,0.518371,0.0,57,15,72,一致,20260804135713,待评,未进入30家初评队列
,,600141,兴发集团,SH,农化制品,通过,周期边界复核排除,淘汰,周期边界复核：行业名称命中油气、燃气、建材、农化等周期关键词,30.51,35.72,1.5,366.65083037,5.64,3.04,11.651,24.558596,1.091176,6.294454,67.0129477086,0.18277048,0.0,42,16,58,一致,20260804135711,待评,未进入30家初评队列
,526,600161,天坛生物,SH,生物制品,通过,保留,淘汰,综合得分未进入前30,12.86,50.51,2.16,254.28996796,-0.54,0.38,14.567,49.183893,1.112887,21.775238,4.222559597,0.01660529,0.0,39,10,49,一致,20260804135711,待评,未进入30家初评队列
17,17,600163,中闽能源,SH,电力,通过,保留,入选30家,综合得分靠前，且满足估值可比门槛与行业分散上限,5.37,13.01,1.4,102.19089288,-0.74,0.61,10.53359,59.179549,1.903024,34.101709,48.0255477722,0.46995918,0.0,53,27,80,一致,20260804135713,3/5,发电资产、项目资源与电力运营经验
3,3,600167,联美控股,SH,电力,通过,保留,入选30家,综合得分靠前，且满足估值可比门槛与行业分散上限,6.0,6.37,1.17,135.77042778,-0.33,0.22,15.541,36.664538,1.733482,33.255699,59.30831929,0.43682796,0.0,55,30,85,一致,20260804135710,4/5,区域供热管网、特许经营和长期客户关系
,,600183,生益科技,SH,元件,通过,保留,淘汰,当前 PE/PB 缺失、为负或超出本轮可比估值上限,112.23,58.85,17.05,2726.07081884,10.0,2.46,16.815,23.309401,1.449128,9.92202,63.3718281793,0.02324658,0.0,40,0,40,一致,20260804135712,待评,未进入30家初评队列
,437,600201,生物股份,SH,动物保健Ⅱ,通过,保留,淘汰,综合得分未进入前30,13.36,71.13,2.74,148.08841579,4.29,2.01,9.53,56.68486,2.061508,24.223051,8.5118865691,0.05747841,0.0,45,10,55,一致,20260804135712,待评,未进入30家初评队列
,74,600210,紫江企业,SH,包装印刷,通过,保留,淘汰,综合得分未进入前30,6.28,10.9,1.49,95.25103072,-1.57,0.77,11.046,22.032729,2.064951,6.270976,20.299352868099998,0.21311426,0.0,46,30,76,一致,20260804135713,待评,未进入30家初评队列
,48,600211,西藏药业,SH,生物制品,通过,保留,淘汰,综合得分未进入前30,39.25,10.59,3.49,126.51028443,0.51,0.79,18.998,93.460972,1.472736,24.497135,36.6408708358,0.28962761,0.0,52,25,77,一致,20260804135711,待评,未进入30家初评队列
,370,600229,城市传媒,SH,出版,通过,保留,淘汰,综合得分未进入前30,5.09,31.41,1.22,33.63002621,-0.78,0.47,8.893,29.222736,0.929739,9.892756,12.3346819458,0.36677586,0.0,40,20,60,一致,20260804135713,待评,未进入30家初评队列
,163,600236,桂冠电力,SH,电力,通过,保留,淘汰,综合得分未进入前30,10.97,24.58,4.78,864.69684488,-0.72,0.33,15.182,43.598053,2.546179,24.708022,103.94615423549999,0.12021109,0.0,51,19,70,一致,20260804135711,待评,未进入30家初评队列
,,600261,阳光照明,SH,照明设备Ⅱ,通过,保留,淘汰,当前 PE/PB 缺失、为负或超出本轮可比估值上限,3.06,141.04,1.22,40.85262076,-1.29,0.44,9.512,31.558225,1.329778,7.705927,12.2760645962,0.30049638,0.0,45,12,57,一致,20260804135711,待评,未进入30家初评队列
,455,600276,恒瑞医药,SH,化学制药,通过,保留,淘汰,综合得分未进入前30,53.26,38.72,5.67,3534.97265289,0.49,0.92,18.148,85.235094,1.132044,21.734842,217.1416846794,0.06142669,0.0,46,8,54,一致,20260804135711,待评,未进入30家初评队列
,77,600285,羚锐制药,SH,中药Ⅱ,通过,保留,淘汰,综合得分未进入前30,22.94,13.2,4.3,130.09629249,-0.65,1.0,17.125,75.138507,1.501341,16.165556,36.267321226,0.2787729,0.0,53,22,75,一致,20260804135708,待评,未进入30家初评队列
,114,600295,鄂尔多斯,SH,冶钢原料,通过,保留,淘汰,综合得分未进入前30,12.37,13.2,1.69,346.20862262,-0.88,0.31,13.933,26.66044,2.037887,7.514848,284.8788417077,0.82285311,0.0,48,25,73,一致,20260804135713,待评,未进入30家初评队列
,344,600305,恒顺醋业,SH,调味发酵品Ⅱ,通过,保留,淘汰,综合得分未进入前30,7.03,29.13,2.35,77.65827766,-1.68,0.54,9.464,34.409647,2.511637,11.024604,3.1658458202,0.04076637,0.0,43,18,61,一致,20260804135711,待评,未进入30家初评队列
,180,600323,瀚蓝环境,SH,环境治理,通过,保留,淘汰,综合得分未进入前30,30.84,10.43,1.66,251.45305983,-1.15,0.67,13.264,26.14991,1.372872,13.456538,14.1803635104,0.05639368,0.0,42,28,70,一致,20260804135712,待评,未进入30家初评队列
,137,600332,白云山,SH,中药Ⅱ,通过,保留,淘汰,综合得分未进入前30,21.99,5.01,0.92,357.51142969,-0.9,0.54,12.102,17.930583,1.087533,5.913605,133.5085233927,0.37343848,0.0,42,30,72,一致,20260804135712,待评,未进入30家初评队列
,236,600373,中文传媒,SH,出版,通过,保留,淘汰,综合得分未进入前30,7.62,23.61,0.58,102.66873439,-0.91,0.72,10.418,38.310398,0.742123,13.773145,52.8885650924,0.51513799,0.0,43,24,67,一致,20260804135711,待评,未进入30家初评队列
20,20,600380,健康元,SH,化学制药,通过,保留,入选30家,综合得分靠前，且满足估值可比门槛与行业分散上限,10.25,11.3,1.23,187.51897207,-0.1,0.66,12.487,62.976267,2.567188,8.986739,124.52137271790001,0.6640468,0.0,50,30,80,一致,20260804135712,3/5,药品注册、成熟产品和医药商业化能力
,,600389,江山股份,SH,农化制品,通过,周期边界复核排除,淘汰,周期边界复核：行业名称命中油气、燃气、建材、农化等周期关键词,20.65,12.17,2.15,88.929225,-2.18,1.68,20.076,20.271789,1.400467,8.429226,8.3395819503,0.09377774,0.0,47,25,72,一致,20260804135711,待评,未进入30家初评队列
4,4,600398,海澜之家,SH,服装家纺,通过,保留,入选30家,综合得分靠前，且满足估值可比门槛与行业分散上限,6.16,7.79,1.71,295.85065023,-2.84,0.69,20.916,43.478591,1.624214,13.72877,170.7945050452,0.57729975,0.0,56,28,84,一致,20260804135712,3/5,大众服饰品牌、渠道与供应链规模
,420,600406,国电南瑞,SH,电网设备,通过,保留,淘汰,综合得分未进入前30,24.97,69.51,4.04,2005.52951215,-0.4,0.77,15.922,26.626679,1.351542,13.178319,372.2018561601,0.18558782,0.0,49,7,56,一致,20260804135712,待评,未进入30家初评队列
,231,600415,小商品城,SH,一般零售,通过,保留,淘汰,综合得分未进入前30,12.42,17.19,3.22,681.05805587,-1.27,1.05,11.718,27.578151,1.489363,21.659793,78.3128968322,0.11498711,0.0,45,22,67,一致,20260804135713,待评,未进入30家初评队列
,150,600420,国药现代,SH,化学制药,通过,保留,淘汰,综合得分未进入前30,8.84,21.42,0.87,118.55966597,-0.9,0.4,8.168,38.358899,2.775235,6.267719,85.40061539930001,0.72031761,0.0,47,24,71,一致,20260804135713,待评,未进入30家初评队列
,,600422,昆药集团,SH,中药Ⅱ,通过,保留,淘汰,当前 PE/PB 缺失、为负或超出本轮可比估值上限,9.09,-12.13,1.35,68.80909631,-0.87,0.76,9.534,42.281834,0.925342,6.009213,17.3960182199,0.25281568,0.0,39,12,51,一致,20260804135710,待评,未进入30家初评队列
,379,600436,片仔癀,SH,中药Ⅱ,通过,保留,淘汰,综合得分未进入前30,137.47,27.89,5.81,829.38016859,-0.46,0.76,21.907,44.456691,0.84717,25.676251,91.1516605515,0.10990335,0.0,47,12,59,一致,20260804135711,待评,未进入30家初评队列
,549,600444,国机通用,SH,专用设备,通过,保留,淘汰,综合得分未进入前30,13.35,51.71,2.64,19.54732792,-0.15,1.53,10.263,15.194977,0.851028,7.92675,2.3042332454,0.1178797,0.0,36,10,46,一致,20260804135712,待评,未进入30家初评队列
,184,600452,涪陵电力,SH,电力,通过,保留,淘汰,综合得分未进入前30,9.95,29.79,2.71,152.88589457,-0.3,1.39,17.578,21.197339,2.6083,14.372286,23.8979176344,0.15631212,0.0,51,18,69,一致,20260804135711,待评,未进入30家初评队列
,55,600461,洪城环境,SH,环境治理,通过,保留,淘汰,综合得分未进入前30,9.09,9.23,1.2,116.72985421,-1.62,0.85,12.308,30.499748,1.794044,10.946425,9.4185237087,0.0806865,0.0,47,30,77,一致,20260804135711,待评,未进入30家初评队列
,484,600475,华光环能,SH,电力,通过,保留,淘汰,综合得分未进入前30,15.49,31.87,1.76,148.07909142,0.98,1.09,9.12204,19.003499,1.577806,7.698278,0.5158119431,0.00348335,0.0,35,18,53,一致,20260804135710,待评,未进入30家初评队列
,100,600479,千金药业,SH,中药Ⅱ,通过,保留,淘汰,综合得分未进入前30,9.83,16.13,1.66,48.38424457,-0.3,0.72,12.261,45.7864,1.764135,7.43941,22.193816574099998,0.45869925,0.0,49,25,74,一致,20260804135712,待评,未进入30家初评队列
,70,600483,福能股份,SH,电力,通过,保留,淘汰,综合得分未进入前30,10.88,11.64,1.13,302.47995106,-1.72,0.32,10.476,24.14042,1.636853,15.557707,29.532308140100003,0.09763394,0.0,46,30,76,一致,20260804135710,待评,未进入30家初评队列
,,600486,扬农化工,SH,农化制品,通过,周期边界复核排除,淘汰,周期边界复核：行业名称命中油气、燃气、建材、农化等周期关键词,55.68,13.82,1.94,225.00952708,-1.9,0.74,18.592,23.889938,1.484143,12.276957,35.3144992125,0.15694668,0.0,49,25,74,一致,20260804135713,待评,未进入30家初评队列
,,600516,方大炭素,SH,冶钢原料,通过,保留,淘汰,当前 PE/PB 缺失、为负或超出本轮可比估值上限,5.25,596.46,1.3,211.36344432,-0.76,0.88,12.693,20.929789,0.718705,19.416548,8.6727324057,0.04103232,0.0,36,12,48,一致,20260804135712,待评,未进入30家初评队列
,139,600519,贵州茅台,SH,白酒Ⅱ,通过,保留,淘汰,行业分散上限：同一细分行业最多入选3家,1332.07,15.28,7.06,16651.96198244,-1.98,0.23,31.924,91.69653,0.90328,46.970299,3021.6502304896003,0.18145911,0.0,52,19,71,一致,20260804135713,待评,未进入30家初评队列
,258,600529,山东药玻,SH,医疗器械,通过,保留,淘汰,综合得分未进入前30,19.69,16.24,1.56,130.66561885,-1.8,1.34,11.045,30.438969,1.020157,14.70675,7.2169027154,0.05523184,0.0,41,25,66,一致,20260804135710,待评,未进入30家初评队列
,91,600557,康缘药业,SH,中药Ⅱ,通过,保留,淘汰,综合得分未进入前30,12.88,23.0,1.49,72.92125421,0.55,0.87,9.391,72.58812,2.204483,10.207097,24.9727027821,0.34246124,0.0,50,24,74,一致,20260804135713,待评,未进入30家初评队列
,239,600559,老白干酒,SH,白酒Ⅱ,通过,保留,淘汰,行业分散上限：同一细分行业最多入选3家,12.29,16.99,2.12,112.42246087,-1.76,1.03,12.068,66.955696,0.992585,10.215421,15.7407883978,0.14001462,0.0,42,25,67,一致,20260804135711,待评,未进入30家初评队列
,337,600563,法拉电子,SH,元件,通过,保留,淘汰,综合得分未进入前30,140.18,29.45,5.46,315.405,2.82,1.77,21.744,36.899675,1.100752,25.967963,33.0970417593,0.10493506,0.0,49,12,61,一致,20260804135713,待评,未进入30家初评队列
25,25,600566,济川药业,SH,中药Ⅱ,通过,保留,入选30家,综合得分靠前，且满足估值可比门槛与行业分散上限,26.48,15.25,1.82,244.07443765,-1.38,0.46,24.061,81.1814,1.01402,24.523813,102.90038481370001,0.42159427,0.0,54,25,79,一致,20260804135705,3/5,核心产品品牌、注册壁垒和渠道
,498,600570,恒生电子,SH,软件开发,通过,保留,淘汰,综合得分未进入前30,23.12,78.87,4.56,437.81140419,-0.26,1.92,19.942,72.896851,0.856113,20.665545,27.534411269499998,0.06289103,0.0,44,7,51,一致,20260804135711,待评,未进入30家初评队列
,78,600572,康恩贝,SH,中药Ⅱ,通过,保留,淘汰,综合得分未进入前30,4.39,14.04,1.62,111.44155616,0.23,1.22,10.48,57.085584,1.760245,9.729031,33.8028378953,0.30332346,0.0,50,25,75,一致,20260804135712,待评,未进入30家初评队列
,479,600580,卧龙电驱,SH,电机Ⅱ,通过,保留,淘汰,综合得分未进入前30,34.8,49.25,5.0,543.61689383,0.84,4.85,10.118,24.432816,1.919237,5.822982,24.428332086300003,0.04493667,0.0,42,11,53,一致,20260804135712,待评,未进入30家初评队列
,71,600582,天地科技,SH,专用设备,通过,保留,淘汰,综合得分未进入前30,4.92,11.76,0.82,203.61857349,-1.01,0.41,8.466,29.387934,1.841465,6.986948,165.7531309766,0.81403738,0.0,46,30,76,一致,20260804135711,待评,未进入30家初评队列
,,600596,新安股份,SH,农化制品,通过,周期边界复核排除,淘汰,周期边界复核：行业名称命中油气、燃气、建材、农化等周期关键词,10.64,37.29,1.16,143.59712601,1.72,1.96,12.034,17.038497,4.211838,5.798452,7.5949230562,0.05289049,0.0,40,16,56,一致,20260804135712,待评,未进入30家初评队列
,67,600598,北大荒,SH,种植业,通过,保留,淘汰,综合得分未进入前30,12.29,9.4,2.87,218.47686082,-1.13,0.82,13.806,37.388481,1.348971,24.540968,49.2997251484,0.22565193,0.0,48,28,76,一致,20260804135713,待评,未进入30家初评队列
,122,600600,青岛啤酒,SH,非白酒,通过,保留,淘汰,综合得分未进入前30,54.68,10.36,2.55,745.94189216,-2.69,0.95,11.995,38.858009,1.213612,9.09221,140.19495968,0.18794354,0.0,45,28,73,一致,20260804135711,待评,未进入30家初评队列
,193,600633,浙数文化,SH,游戏Ⅱ,通过,保留,淘汰,综合得分未进入前30,11.41,22.6,1.42,144.68729726,3.07,1.97,8.447,61.908715,1.380567,25.903194,21.024399368599997,0.14530923,0.0,45,24,69,一致,20260804135712,待评,未进入30家初评队列
,199,600642,申能股份,SH,电力,通过,保留,淘汰,综合得分未进入前30,8.37,13.0,1.14,409.63444377,-1.18,0.45,8.153,16.667323,2.523352,8.659142,86.1937910774,0.21041637,0.0,42,27,69,一致,20260804135711,待评,未进入30家初评队列
,,600681,百川能源,SH,燃气Ⅱ,通过,周期边界复核排除,淘汰,周期边界复核：行业名称命中油气、燃气、建材、农化等周期关键词,3.46,10.33,1.29,46.39357643,-1.98,1.31,16.638,16.810234,1.838417,14.612878,22.34396978,0.48161775,0.0,51,30,81,一致,20260804135712,待评,未进入30家初评队列
,53,600690,海尔智家,SH,白色家电,通过,保留,淘汰,综合得分未进入前30,22.49,11.33,1.68,2109.02890829,-1.88,0.63,18.684,28.926216,1.497447,5.171427,772.9334333127999,0.36648783,0.0,49,28,77,一致,20260804135711,待评,未进入30家初评队列
,57,600694,大商股份,SH,一般零售,通过,保留,淘汰,综合得分未进入前30,14.72,5.08,0.63,55.75841954,-1.74,1.04,8.514,39.422904,1.672305,6.001306,42.629667915700004,0.76454226,0.0,47,30,77,一致,20260804135713,待评,未进入30家初评队列
,,600731,湖南海利,SH,农化制品,通过,周期边界复核排除,淘汰,周期边界复核：行业名称命中油气、燃气、建材、农化等周期关键词,5.81,18.03,1.0,32.17882537,-0.34,0.97,10.564,26.395576,1.010574,8.394672,0.5669921018,0.01762004,0.0,35,24,59,一致,20260804135712,待评,未进入30家初评队列
,41,600738,丽尚国潮,SH,一般零售,通过,保留,淘汰,综合得分未进入前30,3.99,12.37,1.46,30.37727592,-0.25,1.01,12.597,60.353958,2.257749,24.75862,5.9916511199,0.19724123,0.0,51,27,78,一致,20260804135712,待评,未进入30家初评队列
,88,600750,华润江中,SH,中药Ⅱ,通过,保留,淘汰,综合得分未进入前30,26.12,14.41,4.42,166.01566109,-0.91,0.52,15.906,64.325445,1.407214,20.139237,34.1865913828,0.20592389,0.0,52,22,74,一致,20260804135713,待评,未进入30家初评队列
,56,600757,长江传媒,SH,出版,通过,保留,淘汰,综合得分未进入前30,8.15,7.39,1.0,98.91249725,-0.97,0.59,10.489,34.636616,1.061023,10.462401,38.2689616452,0.38689713,0.0,47,30,77,一致,20260804135713,待评,未进入30家初评队列
,164,600763,通策医疗,SH,医疗服务,通过,保留,淘汰,综合得分未进入前30,36.56,21.88,3.7,163.52890118,-0.63,1.49,20.851,40.506413,1.475483,20.075265,21.4812990029,0.13136087,0.0,51,19,70,一致,20260804135709,待评,未进入30家初评队列
,,600764,中国海防,SH,航海装备Ⅱ,通过,保留,淘汰,当前 PE/PB 缺失、为负或超出本轮可比估值上限,18.77,128.85,1.63,133.38513575,-1.16,0.66,9.438,29.747197,1.190564,13.190982,9.0309118239,0.06770553,0.0,38,10,48,一致,20260804135712,待评,未进入30家初评队列
,,600769,祥龙电业,SH,环境治理,通过,保留,淘汰,当前 PE/PB 缺失、为负或超出本轮可比估值上限,14.09,278.05,41.69,52.83428748,7.07,3.16,11.039,30.973391,4.145499,15.339169,2.0172496565,0.03818069,0.0,45,0,45,一致,20260804135711,待评,未进入30家初评队列
24,24,600809,山西汾酒,SH,白酒Ⅱ,通过,保留,入选30家,综合得分靠前，且满足估值可比门槛与行业分散上限,121.98,6.91,4.02,1488.112358,-1.43,0.83,32.223,75.325782,1.026946,23.904203,430.67391053050005,0.28940954,0.0,54,25,79,一致,20260804135712,4/5,白酒品牌、产品升级和经销商网络
,80,600814,杭州解百,SH,一般零售,通过,保留,淘汰,综合得分未进入前30,6.68,13.58,1.3,49.10325035,-0.89,0.41,8.336,78.534031,3.161406,9.653619,38.5968317428,0.78603415,0.0,48,27,75,一致,20260804135711,待评,未进入30家初评队列
,435,600835,上海机电,SH,专用设备,通过,保留,淘汰,综合得分未进入前30,19.38,27.35,1.4,195.21372158,-0.05,0.46,9.801,15.825164,0.965137,5.122978,36.936694996599996,0.18921157,0.0,36,20,56,一致,20260804135711,待评,未进入30家初评队列
,456,600845,宝信软件,SH,IT服务Ⅱ,通过,保留,淘汰,综合得分未进入前30,19.03,35.66,5.05,543.85915727,2.04,0.82,15.47,33.787621,1.123571,13.122763,77.4793613337,0.14246218,0.0,46,8,54,一致,20260804135711,待评,未进入30家初评队列
,194,600863,华能蒙电,SH,电力,通过,保留,淘汰,综合得分未进入前30,4.84,13.65,1.98,379.2231747,-1.63,1.49,8.864,18.935048,3.357894,7.032828,142.1097716635,0.37473915,0.0,44,25,69,一致,20260804135712,待评,未进入30家初评队列
,32,600874,创业环保,SH,环境治理,通过,保留,淘汰,综合得分未进入前30,5.59,7.94,0.86,87.78637095,-1.06,0.58,9.34,36.151772,1.850711,18.677076,27.386557468699998,0.31196822,0.0,49,30,79,一致,20260804135709,待评,未进入30家初评队列
,228,600885,宏发股份,SH,电网设备,通过,保留,淘汰,综合得分未进入前30,36.63,24.52,4.29,566.88379685,2.46,0.91,17.303,35.38684,1.424824,10.745914,45.7047956739,0.08062463,0.0,48,19,67,一致,20260804135713,待评,未进入30家初评队列
,92,600886,国投电力,SH,电力,通过,保留,淘汰,综合得分未进入前30,15.03,14.2,1.85,1203.07548758,-1.25,0.4,11.253,35.204266,4.498775,11.042197,261.4956575572,0.21735598,0.0,49,25,74,一致,20260804135713,待评,未进入30家初评队列
23,23,600887,伊利股份,SH,饮料乳品,通过,保留,入选30家,综合得分靠前，且满足估值可比门槛与行业分散上限,26.43,7.75,3.1,1671.79282429,-2.54,0.84,22.939,32.78242,1.754556,8.231393,560.2245694083999,0.33510406,0.0,54,25,79,一致,20260804135713,4/5,乳品品牌、冷链渠道和规模采购
,183,600900,长江电力,SH,电力,通过,保留,淘汰,综合得分未进入前30,28.26,25.57,3.32,6914.71832654,-2.72,0.47,15.095,59.562129,1.831989,41.471321,2026.8655268538,0.29312337,0.0,54,15,69,一致,20260804135712,待评,未进入30家初评队列
,177,600993,马应龙,SH,中药Ⅱ,通过,保留,淘汰,综合得分未进入前30,24.79,12.57,2.49,106.85825958,-1.35,0.95,13.664,44.092378,1.06747,13.712661,19.2943971388,0.18056065,0.0,45,25,70,一致,20260804135713,待评,未进入30家初评队列
29,30,601019,山东出版,SH,出版,通过,保留,入选30家,综合得分靠前，且满足估值可比门槛与行业分散上限,7.48,11.88,1.02,156.10012,-1.32,0.33,14.871,37.407934,1.201523,14.438542,71.5388346205,0.45828815,0.0,49,30,79,一致,20260804135711,3/5,出版发行资质、内容版权和渠道
,411,601126,四方股份,SH,电网设备,通过,保留,淘汰,综合得分未进入前30,42.13,32.42,7.68,350.98734715,10.0,2.46,10.814,33.036021,1.596185,8.959075,44.6709003194,0.12727211,0.0,45,12,57,一致,20260804135712,待评,未进入30家初评队列
1,1,601156,东航物流,SH,物流,通过,保留,入选30家,综合得分靠前，且满足估值可比门槛与行业分散上限,17.05,11.7,1.41,270.6782223,-0.64,0.63,33.781,23.221311,1.781076,11.256817,196.8406306073,0.72721266,0.0,57,30,87,一致,20260804135711,4/5,航空货运网络、机场资源与客户认证形成规模/网络壁垒
,158,601199,江南水务,SH,环境治理,通过,保留,淘汰,综合得分未进入前30,5.6,15.18,1.13,52.37177635,-0.53,1.17,9.102,41.647876,1.324922,24.488875,6.896600939500001,0.13168545,0.0,44,27,71,一致,20260804135709,待评,未进入30家初评队列
,315,601311,骆驼股份,SH,电池,通过,保留,淘汰,综合得分未进入前30,8.05,14.82,0.96,94.4382625,-0.49,0.73,8.694,15.290193,0.929536,5.7935,17.6853774951,0.1872692,0.0,36,27,63,一致,20260804135712,待评,未进入30家初评队列
,52,601330,绿色动力,SH,环境治理,通过,保留,淘汰,综合得分未进入前30,7.31,12.66,1.31,104.57574873,-1.08,0.76,10.379,39.849141,1.872717,21.970199,18.0625747536,0.1727224,0.0,50,27,77,一致,20260804135712,待评,未进入30家初评队列
,292,601369,陕鼓动力,SH,专用设备,通过,保留,淘汰,综合得分未进入前30,9.57,21.51,1.87,164.93650888,-0.52,0.51,8.984,20.913573,1.217018,8.183575,30.684229769,0.18603661,0.0,42,22,64,一致,20260804135712,待评,未进入30家初评队列
,343,601567,三星电气,SH,电网设备,通过,保留,淘汰,综合得分未进入前30,16.2,34.01,1.98,227.6439228,-2.82,1.68,12.485,30.169584,0.955933,13.082235,36.9134266774,0.16215424,0.0,43,18,61,一致,20260804135713,待评,未进入30家初评队列
,356,601633,长城汽车,SH,乘用车,通过,保留,淘汰,综合得分未进入前30,16.11,36.44,1.6,1377.9554257,-3.48,0.28,12.693,18.244895,3.110544,5.647294,640.1527887651,0.46456712,0.0,46,14,60,一致,20260804135713,待评,未进入30家初评队列
,182,601717,中创智领,SH,专用设备,通过,保留,淘汰,综合得分未进入前30,16.08,8.05,1.26,287.09230874,-1.71,1.05,11.358,22.103938,0.980412,6.194191,80.1403146921,0.27914476,0.0,40,30,70,一致,20260804135712,待评,未进入30家初评队列
,73,601801,皖新传媒,SH,出版,通过,保留,淘汰,综合得分未进入前30,5.63,8.24,0.94,110.23152864,-1.05,0.49,8.567,21.493104,1.596216,8.848859,49.4040236961,0.44818415,0.0,46,30,76,一致,20260804135713,待评,未进入30家初评队列
,64,601811,新华文轩,SH,出版,通过,保留,淘汰,综合得分未进入前30,12.42,14.9,1.02,153.2430522,-1.9,0.25,11.481,36.713092,1.323258,12.55175,87.04567307379999,0.56802362,0.0,49,27,76,一致,20260804135711,待评,未进入30家初评队列
30,31,601827,三峰环境,SH,环境治理,通过,保留,入选30家,综合得分靠前，且满足估值可比门槛与行业分散上限,8.43,8.2,1.17,140.94397719,-0.24,0.45,12.296,33.020055,1.781918,17.088213,33.6038573331,0.23841996,0.0,49,30,79,一致,20260804135711,3/5,垃圾焚烧项目特许经营、运营和规模
,,601858,中国科传,SH,出版,通过,保留,淘汰,当前 PE/PB 缺失、为负或超出本轮可比估值上限,23.94,126.14,3.46,189.2457,10.02,2.76,11.028,27.591838,0.957888,17.439257,20.9980068341,0.11095632,0.0,40,7,47,一致,20260804135712,待评,未进入30家初评队列
,,601869,长飞光纤,SH,通信设备,通过,保留,淘汰,当前 PE/PB 缺失、为负或超出本轮可比估值上限,282.78,118.21,16.45,2341.1500644,7.81,2.66,12.757,25.12393,2.080924,8.794619,6.99403347,0.00298743,0.0,39,0,39,一致,20260804135711,待评,未进入30家初评队列
19,19,601877,正泰电器,SH,电网设备,通过,保留,入选30家,综合得分靠前，且满足估值可比门槛与行业分散上限,25.93,10.99,1.26,557.22765548,0.19,0.74,14.579,23.748658,2.711933,10.525667,226.7598551247,0.40694293,0.0,50,30,80,一致,20260804135712,4/5,低压电器品牌、渠道和制造规模
,326,601882,海天精工,SH,通用设备,通过,保留,淘汰,综合得分未进入前30,19.54,22.9,3.51,101.9988,0.1,0.53,15.911,26.846171,0.877886,11.400218,11.6772806004,0.11448449,0.0,43,19,62,一致,20260804135711,待评,未进入30家初评队列
,212,601888,中国中免,SH,旅游零售Ⅱ,通过,保留,淘汰,综合得分未进入前30,56.75,18.98,2.05,1179.14959547,-2.1,1.41,18.844,31.733062,1.197382,9.24898,246.9401522645,0.20942224,0.0,46,22,68,一致,20260804135712,待评,未进入30家初评队列
14,14,601900,南方传媒,SH,出版,通过,保留,入选30家,综合得分靠前，且满足估值可比门槛与行业分散上限,11.86,8.71,1.21,104.60165315,-1.5,0.67,13.031,32.969629,1.697973,11.075819,57.0906545355,0.54579113,0.0,51,30,81,一致,20260804135712,3/5,出版发行资质、内容版权和区域渠道
,103,601928,凤凰传媒,SH,出版,通过,保留,淘汰,综合得分未进入前30,9.75,14.67,1.22,248.12775,-1.61,0.34,11.4,38.389266,1.089016,13.955934,92.63794902209999,0.3733478,0.0,47,27,74,一致,20260804135713,待评,未进入30家初评队列
,,601949,中国出版,SH,出版,通过,保留,淘汰,当前 PE/PB 缺失、为负或超出本轮可比估值上限,5.56,-26.36,1.09,105.8606238,-0.36,0.59,10.038,32.339246,1.24187,12.095573,24.091388671,0.22757649,0.0,47,12,59,一致,20260804135711,待评,未进入30家初评队列
,257,601965,中国汽研,SH,专业服务,通过,保留,淘汰,综合得分未进入前30,14.51,16.95,1.81,145.48428095,-2.62,0.79,11.558,42.097425,0.993456,18.379771,11.7222621088,0.08057408,-0.000405,41,25,66,一致,20260804135712,待评,未进入30家初评队列
,446,603012,创力集团,SH,专用设备,通过,保留,淘汰,综合得分未进入前30,8.39,58.29,1.44,54.24135,4.88,2.73,8.628,42.718986,1.156665,11.617353,8.30459199,0.15310445,0.0,43,12,55,一致,20260804135712,待评,未进入30家初评队列
,134,603018,华设集团,SH,工程咨询服务Ⅱ,通过,保留,淘汰,综合得分未进入前30,5.4,16.24,0.83,44.23397726,-0.92,0.61,14.402,35.64719,0.845713,10.326977,17.3685496411,0.39265177,0.0,45,27,72,一致,20260804135712,待评,未进入30家初评队列
,313,603027,千禾味业,SH,调味发酵品Ⅱ,通过,保留,淘汰,综合得分未进入前30,7.79,17.49,3.17,103.66453787,-2.01,0.8,14.322,37.820196,1.174392,14.989059,6.6641211708000005,0.06428545,0.0,41,22,63,一致,20260804135710,待评,未进入30家初评队列
,444,603032,德新科技,SH,电池,通过,保留,淘汰,综合得分未进入前30,17.69,41.08,3.56,41.25792706,2.73,2.43,10.905,47.383779,1.143662,21.537562,5.8951354314,0.14288492,0.0,44,11,55,一致,20260804135712,待评,未进入30家初评队列
,453,603039,泛微网络,SH,软件开发,通过,保留,淘汰,综合得分未进入前30,40.53,50.17,4.74,124.68614587,2.12,16.25,15.884,93.924418,1.20376,11.792135,9.166265215900001,0.0735147,0.0,47,7,54,一致,20260804135711,待评,未进入30家初评队列
,242,603043,广州酒家,SH,休闲食品,通过,保留,淘汰,综合得分未进入前30,14.02,37.69,2.11,79.53088527,-1.54,0.42,19.173,34.482547,1.623792,12.823851,20.9638814369,0.26359422,0.0,52,14,66,一致,20260804135712,待评,未进入30家初评队列
,,603053,成都燃气,SH,燃气Ⅱ,通过,周期边界复核排除,淘汰,周期边界复核：行业名称命中油气、燃气、建材、农化等周期关键词,9.06,12.06,1.68,80.533434,0.0,0.17,15.07,18.518753,1.594358,10.300623,30.6698755504,0.38083407,0.0,51,25,76,一致,20260804135651,待评,未进入30家初评队列
,434,603059,倍加洁,SH,个护用品,通过,保留,淘汰,综合得分未进入前30,23.91,30.68,2.2,24.05769207,0.21,0.88,11.953,23.474387,0.808405,8.580424,3.3056030505000003,0.13740317,0.0,38,18,56,一致,20260804135704,待评,未进入30家初评队列
,,603060,国检集团,SH,专业服务,通过,保留,淘汰,当前 PE/PB 缺失、为负或超出本轮可比估值上限,5.5,-41.59,2.25,44.21802303,-0.18,0.61,15.582,43.17054,1.617357,13.544849,0.7129241045999999,0.01612293,0.0,45,10,55,一致,20260804135712,待评,未进入30家初评队列
,558,603063,禾望电气,SH,风电设备,通过,保留,淘汰,综合得分未进入前30,29.92,67.91,2.68,138.87165561,6.06,3.94,10.152,35.155641,0.753817,13.934446,1.8203874518,0.01310842,0.0,34,10,44,一致,20260804135712,待评,未进入30家初评队列
,222,603066,音飞储存,SH,物流,通过,保留,淘汰,综合得分未进入前30,9.0,5.31,1.75,26.47620666,-0.22,1.39,8.788,22.24211,1.353181,10.567093,0.9340436059999999,0.0352786,0.0,40,28,68,一致,20260804135711,待评,未进入30家初评队列
,,603080,新疆火炬,SH,燃气Ⅱ,通过,周期边界复核排除,淘汰,周期边界复核：行业名称命中油气、燃气、建材、农化等周期关键词,18.51,14.52,1.69,26.19165,-0.54,0.72,12.127,27.246471,1.975873,17.008592,8.9688477877,0.34243157,0.0,50,25,75,一致,20260804135708,待评,未进入30家初评队列
,,603088,宁波精达,SH,通用设备,通过,保留,淘汰,当前 PE/PB 缺失、为负或超出本轮可比估值上限,9.33,146.05,4.41,46.87279723,1.19,0.73,14.213,39.75309,1.300753,15.785184,6.9807383654,0.14892942,0.0,45,7,52,一致,20260804135712,待评,未进入30家初评队列
,348,603096,新经典,SH,出版,通过,保留,淘汰,综合得分未进入前30,14.7,27.46,1.27,22.67248973,0.0,1.08,11.626,48.343344,0.750863,19.341694,4.1828593594,0.18449052,0.0,41,20,61,一致,20260804135659,待评,未进入30家初评队列
,219,603100,川仪股份,SH,通用设备,通过,保留,淘汰,综合得分未进入前30,18.77,17.04,1.99,96.32260514,-0.85,0.61,14.735,34.236837,1.064979,8.341456,27.6770645577,0.28733717,0.0,43,25,68,一致,20260804135707,待评,未进入30家初评队列
,130,603102,百合股份,SH,食品加工,通过,保留,淘汰,综合得分未进入前30,34.26,18.97,1.3,21.9264,0.62,0.83,16.219,37.441527,1.152635,17.571693,4.0638699487,0.18534141,0.0,48,24,72,一致,20260804135710,待评,未进入30家初评队列
,,603105,芯能科技,SH,电力,通过,保留,淘汰,当前 PE/PB 缺失、为负或超出本轮可比估值上限,7.33,400.36,1.79,36.65083379,-0.95,1.2,8.496,56.383743,2.41497,20.780568,1.2429692965999999,0.03391381,0.0,45,10,55,一致,20260804135711,待评,未进入30家初评队列
,544,603109,神驰机电,SH,通用设备,通过,保留,淘汰,综合得分未进入前30,17.11,38.48,1.86,35.7339544,-0.23,0.52,14.103,24.478888,0.979535,7.759537,0.3930873246,0.01100039,0.0,33,14,47,一致,20260804135710,待评,未进入30家初评队列
,341,603127,昭衍新药,SH,医疗服务,通过,保留,淘汰,综合得分未进入前30,44.34,34.85,3.92,332.26100075,8.01,7.99,14.971,37.677388,1.954196,25.420797,19.4529163728,0.05854709,0.0,46,15,61,一致,20260804135712,待评,未进入30家初评队列
,295,603129,春风动力,SH,摩托车及其他,通过,保留,淘汰,综合得分未进入前30,299.62,27.2,6.25,459.8650545,-2.21,0.79,21.195,27.326057,1.764623,6.80199,77.0096048589,0.16746131,0.0,51,12,63,一致,20260804135711,待评,未进入30家初评队列
,376,603136,天目湖,SH,旅游及景区,通过,保留,淘汰,综合得分未进入前30,9.0,58.12,1.83,24.3114039,-0.77,0.72,10.983,48.670757,2.846421,17.453365,4.7801380198,0.19662123,0.0,49,10,59,一致,20260804135713,待评,未进入30家初评队列
,208,603156,养元饮品,SH,饮料乳品,通过,保留,淘汰,综合得分未进入前30,44.65,17.42,6.51,562.71393322,4.81,1.07,22.141,45.768485,1.151289,29.855214,83.76797532100001,0.14886423,0.0,49,19,68,一致,20260804135710,待评,未进入30家初评队列
,394,603160,汇顶科技,SH,半导体,通过,保留,淘汰,综合得分未进入前30,52.88,52.57,2.67,246.41168084,0.99,0.74,18.23,43.767863,3.096196,16.065744,14.185042966300001,0.05756644,0.0,48,10,58,一致,20260804135711,待评,未进入30家初评队列
,,603171,税友股份,SH,IT服务Ⅱ,通过,保留,淘汰,当前 PE/PB 缺失、为负或超出本轮可比估值上限,47.88,155.52,7.8,194.557986,3.91,3.79,16.124,57.199082,1.698659,12.647964,1.6807918902,0.00863903,0.0,46,4,50,一致,20260804135712,待评,未进入30家初评队列
,84,603187,海容冷链,SH,通用设备,通过,保留,淘汰,综合得分未进入前30,12.09,11.17,1.11,46.71546271,-1.95,1.83,15.457,25.714879,1.027299,12.266687,4.6942674943,0.10048637,0.0,45,30,75,一致,20260804135708,待评,未进入30家初评队列
,123,603195,公牛集团,SH,家居用品,通过,保留,淘汰,综合得分未进入前30,41.88,17.84,5.25,755.28318857,-0.78,0.21,41.921,40.907974,1.065792,22.897687,157.8550167695,0.2090011,0.0,53,19,72,一致,20260804135710,待评,未进入30家初评队列
,43,603198,迎驾贡酒,SH,白酒Ⅱ,通过,保留,淘汰,行业分散上限：同一细分行业最多入选3家,37.11,8.89,2.89,296.88,-1.2,0.53,22.026,70.607678,0.899243,28.134482,57.812672507399995,0.19473414,0.0,50,28,78,一致,20260804135712,待评,未进入30家初评队列
,520,603203,快克智能,SH,自动化设备,通过,保留,淘汰,综合得分未进入前30,39.05,41.8,9.38,128.8695505,10.0,2.94,19.415,49.419231,1.08514,30.356062,8.1134869386,0.06295891,0.0,45,4,49,一致,20260804135710,待评,未进入30家初评队列
9,9,603233,大参林,SH,医药商业,通过,保留,入选30家,综合得分靠前，且满足估值可比门槛与行业分散上限,18.69,10.41,2.99,212.85190979,1.03,0.46,20.466,36.098721,3.208034,5.514308,108.5486407097,0.50997259,0.0,54,28,82,一致,20260804135712,4/5,连锁药房规模、选址网络和经营资质
,201,603238,诺邦股份,SH,个护用品,通过,保留,淘汰,综合得分未进入前30,11.93,17.06,1.47,21.1768237,0.25,1.57,9.966,16.609338,3.251418,6.771891,3.4182475742,0.16141456,0.0,42,27,69,一致,20260804135713,待评,未进入30家初评队列
,,603258,电魂网络,SH,游戏Ⅱ,通过,保留,淘汰,当前 PE/PB 缺失、为负或超出本轮可比估值上限,13.49,-36.29,1.68,32.74896478,-0.52,1.88,10.319,74.87338,1.865824,20.27197,5.2476291393,0.16023802,0.0,51,10,61,一致,20260804135713,待评,未进入30家初评队列
,342,603259,药明康德,SH,医疗服务,通过,保留,淘汰,综合得分未进入前30,141.35,19.03,5.06,4217.54073859,10.0,2.93,19.67,40.775455,1.141894,22.224463,262.4193011477,0.06222093,0.0,45,16,61,一致,20260804135712,待评,未进入30家初评队列
,227,603267,鸿远电子,SH,军工电子Ⅱ,通过,保留,淘汰,综合得分未进入前30,51.01,30.59,2.64,117.87436301,2.97,3.8,16.182,44.168363,1.28116,22.035525,12.4058154918,0.10524609,0.0,49,18,67,一致,20260804135710,待评,未进入30家初评队列
,284,603277,银都股份,SH,通用设备,通过,保留,淘汰,综合得分未进入前30,10.88,40.33,2.53,66.77048438,-0.55,0.2,20.928,40.694502,1.036463,17.919527,16.9191779923,0.25339307,0.0,50,14,64,一致,20260804135710,待评,未进入30家初评队列
,99,603279,景津装备,SH,通用设备,通过,保留,淘汰,综合得分未进入前30,13.2,15.41,1.7,76.081236,-1.86,0.88,16.813,28.739182,1.143787,12.34781,30.548110824000002,0.40151964,0.0,49,25,74,一致,20260804135709,待评,未进入30家初评队列
,441,603283,赛腾股份,SH,自动化设备,通过,保留,淘汰,综合得分未进入前30,39.42,38.15,4.07,138.96584499,7.68,4.76,19.845,42.784456,1.104469,11.975131,7.7832015317,0.05600802,0.0,44,11,55,一致,20260804135711,待评,未进入30家初评队列
,225,603288,海天味业,SH,调味发酵品Ⅱ,通过,保留,淘汰,综合得分未进入前30,37.33,22.35,5.85,2184.4862516,-1.81,0.29,28.448,37.2552,1.010411,24.953645,247.6301136189,0.11335851,0.0,51,16,67,一致,20260804135712,待评,未进入30家初评队列
,538,603297,永新光学,SH,光学光电子,通过,保留,淘汰,综合得分未进入前30,93.45,56.07,5.16,103.47634395,4.75,1.05,16.949,40.31849,0.933066,25.380204,5.1565227582999995,0.04983287,0.0,43,4,47,一致,20260804135711,待评,未进入30家初评队列
,,603301,振德医疗,SH,医疗器械,通过,保留,淘汰,当前 PE/PB 缺失、为负或超出本轮可比估值上限,85.31,103.36,3.99,225.11280755,-3.34,0.73,21.294,34.485131,1.749114,10.200011,1.4668699433,0.00651615,0.0,47,7,54,一致,20260804135712,待评,未进入30家初评队列
,501,603303,得邦照明,SH,照明设备Ⅱ,通过,保留,淘汰,综合得分未进入前30,19.47,52.38,3.02,92.86110875,3.9,0.4,12.89142,17.201245,1.671227,7.164526,21.6847344933,0.23351794,0.0,44,7,51,一致,20260804135711,待评,未进入30家初评队列
,220,603309,维力医疗,SH,医疗器械,通过,保留,淘汰,综合得分未进入前30,11.5,16.45,1.89,33.56521307,1.05,2.08,9.689,44.142242,2.198419,11.491317,2.67013348,0.07955062,0.0,43,25,68,一致,20260804135713,待评,未进入30家初评队列
,482,603311,金海高科,SH,家电零部件Ⅱ,通过,保留,淘汰,综合得分未进入前30,27.13,45.22,4.85,63.99530397,5.89,1.86,8.449,24.049023,1.689247,11.044876,2.392067898,0.0373788,0.0,42,11,53,一致,20260804135712,待评,未进入30家初评队列
,166,603317,天味食品,SH,调味发酵品Ⅱ,通过,保留,淘汰,综合得分未进入前30,14.93,15.85,3.8,158.56811297,0.81,0.9,15.676,36.955548,1.313131,16.018533,18.9665953312,0.11961166,0.0,48,22,70,一致,20260804135711,待评,未进入30家初评队列
,377,603326,我乐家居,SH,家居用品,通过,保留,淘汰,综合得分未进入前30,6.62,58.63,1.9,21.12951277,1.07,1.87,13.066,44.958165,1.721063,8.278774,7.4083643088999995,0.3506169,0.0,49,10,59,一致,20260804135713,待评,未进入30家初评队列
,462,603328,依顿电子,SH,元件,通过,保留,淘汰,综合得分未进入前30,9.82,65.07,2.36,98.0470644,3.81,1.28,10.121,19.037543,1.744292,13.161643,8.4806912283,0.08649613,0.0,44,10,54,一致,20260804135712,待评,未进入30家初评队列
,249,603337,杰克科技,SH,专用设备,通过,保留,淘汰,综合得分未进入前30,46.12,21.4,4.25,219.71018757,-0.41,1.68,16.04,29.376516,1.396557,10.48737,24.3516818489,0.11083547,0.0,47,19,66,一致,20260804135711,待评,未进入30家初评队列
,173,603339,四方科技,SH,通用设备,通过,保留,淘汰,综合得分未进入前30,13.22,23.7,1.47,40.90812334,0.99,2.07,10.231,23.321369,1.221664,13.311464,7.8519557209,0.19194124,0.0,46,24,70,一致,20260804135709,待评,未进入30家初评队列
,238,603345,安井食品,SH,食品加工,通过,保留,淘汰,综合得分未进入前30,86.02,12.73,1.83,286.69513931,-0.59,2.32,14.08,22.436796,1.30227,7.896391,31.1748120635,0.10873854,0.0,42,25,67,一致,20260804135712,待评,未进入30家初评队列
,391,603351,威尔药业,SH,化学制药,通过,保留,淘汰,综合得分未进入前30,23.88,21.49,1.84,32.34286472,0.67,0.93,12.373,27.943095,1.039532,12.139931,0.3150312484,0.00974036,0.0,37,22,59,一致,20260804135713,待评,未进入30家初评队列
,,603355,莱克电气,SH,小家电,通过,保留,淘汰,当前 PE/PB 缺失、为负或超出本轮可比估值上限,27.94,230.74,2.83,160.20708883,-1.45,0.43,17.35,23.142329,1.137608,8.919956,30.770193491399997,0.19206512,0.0,45,10,55,一致,20260804135705,待评,未进入30家初评队列
,,603360,百傲化学,SH,农化制品,通过,周期边界复核排除,淘汰,周期边界复核：行业名称命中油气、燃气、建材、农化等周期关键词,13.43,119.58,6.73,94.84583673,4.51,1.15,22.662,46.476214,1.193584,27.26692,12.164571168699998,0.12825625,0.0,49,4,53,一致,20260804135713,待评,未进入30家初评队列
,68,603365,水星家纺,SH,服装家纺,通过,保留,淘汰,综合得分未进入前30,17.79,11.11,1.54,46.69809177,-2.63,0.84,15.299,40.610518,1.117917,9.497678,16.806523831099998,0.35989744,0.0,48,28,76,一致,20260804135712,待评,未进入30家初评队列
,200,603367,辰欣药业,SH,化学制药,通过,保留,淘汰,综合得分未进入前30,14.67,12.7,1.06,66.41903072,0.62,2.52,9.686,55.741174,0.906338,11.383261,17.099194698199998,0.25744421,0.0,42,27,69,一致,20260804135714,待评,未进入30家初评队列
,42,603369,今世缘,SH,白酒Ⅱ,通过,保留,淘汰,行业分散上限：同一细分行业最多入选3家,27.65,6.22,2.1,344.74021023,-2.23,0.77,21.15,75.707273,0.982679,30.071042,54.1273223784,0.15700902,0.0,50,28,78,一致,20260804135714,待评,未进入30家初评队列
,465,603380,易德龙,SH,消费电子,通过,保留,淘汰,综合得分未进入前30,31.23,41.03,3.3,50.10578676,5.22,1.37,18.544,24.678234,1.187428,10.595556,2.6611927695,0.05311149,0.0,43,11,54,一致,20260804135713,待评,未进入30家初评队列
,363,603383,顶点软件,SH,软件开发,通过,保留,淘汰,综合得分未进入前30,30.43,33.64,4.38,62.49602604,-0.69,2.17,12.896,68.741252,1.100217,33.032235,9.2856048874,0.14857913,0.0,45,15,60,一致,20260804135715,待评,未进入30家初评队列
27,27,603387,基蛋生物,SH,医疗器械,通过,保留,入选30家,综合得分靠前，且满足估值可比门槛与行业分散上限,9.02,14.99,1.66,45.74524723,1.35,1.48,20.331,67.207356,1.382667,29.223821,11.0198184698,0.24089537,0.0,54,25,79,一致,20260804135713,3/5,体外诊断产品注册、渠道和客户验证
,,603392,万泰生物,SH,医疗器械,通过,保留,淘汰,当前 PE/PB 缺失、为负或超出本轮可比估值上限,30.58,-224.88,3.27,386.65131946,-1.1,0.29,22.967,74.997357,1.210852,19.259054,29.6731291493,0.0767439,0.0,49,7,56,一致,20260804135712,待评,未进入30家初评队列
,,603393,新天然气,SH,燃气Ⅱ,通过,周期边界复核排除,淘汰,周期边界复核：行业名称命中油气、燃气、建材、农化等周期关键词,25.74,18.8,1.16,109.11734957,-1.94,0.98,17.766,48.228928,2.022998,25.215022,8.5723780778,0.07856109,0.0,49,24,73,一致,20260804135712,待评,未进入30家初评队列
,202,603402,陕西旅游,SH,旅游及景区,通过,保留,淘汰,综合得分未进入前30,65.39,39.91,2.36,65.7387471,-0.98,4.35,27.459,48.684718,1.324912,18.041413,14.268971009500001,0.21705572,0.0,54,14,68,一致,20260804135712,待评,未进入30家初评队列
,65,603408,建霖家居,SH,家居用品,通过,保留,淘汰,综合得分未进入前30,10.38,12.31,1.41,46.4580774,-2.17,0.87,22.428,24.940592,1.304972,9.355742,9.592634182000001,0.20647936,0.0,49,27,76,一致,20260804135714,待评,未进入30家初评队列
,,603429,*ST集友,SH,包装印刷,通过,保留,淘汰,当前 PE/PB 缺失、为负或超出本轮可比估值上限,7.74,-229.19,3.22,40.59517499,1.31,0.36,12.546,31.175528,2.159702,17.204492,4.743765670899999,0.11685541,0.0,47,7,54,一致,20260804135706,待评,未进入30家初评队列
,112,603439,三力制药,SH,中药Ⅱ,通过,保留,淘汰,综合得分未进入前30,10.55,23.98,2.9,42.60514279,-0.66,1.52,17.617,71.040671,1.473866,13.991057,6.7092015898,0.15747398,0.0,51,22,73,一致,20260804135715,待评,未进入30家初评队列
,46,603444,吉比特,SH,游戏Ⅱ,通过,保留,淘汰,综合得分未进入前30,391.96,13.64,5.13,282.37229948,1.81,2.65,34.326,88.782591,1.356028,34.774723,92.5545550202,0.32777491,0.0,58,19,77,一致,20260804135712,待评,未进入30家初评队列
,132,603456,九洲药业,SH,医疗服务,通过,保留,淘汰,综合得分未进入前30,15.76,17.93,1.56,138.95750041,6.92,4.08,9.971,35.255762,1.570176,12.616694,23.0736054848,0.16604793,-0.008698,47,25,72,一致,20260804135712,待评,未进入30家初评队列
,187,603486,科沃斯,SH,小家电,通过,保留,淘汰,综合得分未进入前30,60.15,21.5,3.98,348.02688347,-1.25,0.67,22.046,48.588687,1.331512,7.396835,54.689049516800004,0.1571403,0.0,50,19,69,一致,20260804135713,待评,未进入30家初评队列
,185,603489,八方股份,SH,电机Ⅱ,通过,保留,淘汰,综合得分未进入前30,26.37,34.56,2.26,61.86876106,-1.2,1.02,27.884,28.253506,1.760643,17.303233,4.6325645178,0.07487728,0.0,51,18,69,一致,20260804135710,待评,未进入30家初评队列
,,603496,恒为科技,SH,计算机设备,通过,保留,淘汰,当前 PE/PB 缺失、为负或超出本轮可比估值上限,25.94,356.98,5.98,83.06227763,8.13,6.4,9.262,37.119621,0.901241,12.957493,0.0547735824,0.00065943,0.0,34,4,38,一致,20260804135711,待评,未进入30家初评队列
,522,603501,豪威集团,SH,半导体,通过,保留,淘汰,综合得分未进入前30,87.92,54.96,3.38,1105.59665782,-0.34,1.43,14.915,29.417329,2.899117,8.390079,86.1211194017,0.0778956,0.0,42,7,49,一致,20260804135715,待评,未进入30家初评队列
,213,603515,欧普照明,SH,照明设备Ⅱ,通过,保留,淘汰,综合得分未进入前30,17.52,24.81,2.0,130.04741202,-1.41,0.15,17.08,37.320405,0.954763,10.979533,28.341228864899996,0.21792997,0.0,46,22,68,一致,20260804135709,待评,未进入30家初评队列
,,603516,淳中科技,SH,计算机设备,通过,保留,淘汰,当前 PE/PB 缺失、为负或超出本轮可比估值上限,94.98,2822.84,11.47,193.06421139,4.06,1.96,15.54,50.147345,2.011942,29.300221,2.4882925782,0.01288842,0.0,47,0,47,一致,20260804135710,待评,未进入30家初评队列
,128,603517,ST绝味,SH,休闲食品,通过,保留,淘汰,综合得分未进入前30,10.76,22.85,1.08,65.20580831,-0.37,0.5,14.047,28.447538,1.650449,8.998356,21.4271911021,0.32860863,0.0,48,24,72,一致,20260804135713,待评,未进入30家初评队列
,76,603529,爱玛科技,SH,摩托车及其他,通过,保留,淘汰,综合得分未进入前30,21.47,23.65,1.97,185.55406449,-3.03,0.91,28.328,16.141663,2.058857,6.431474,63.890031200799996,0.3443203,0.0,53,22,75,一致,20260804135713,待评,未进入30家初评队列
,34,603551,奥普科技,SH,厨卫电器,通过,保留,淘汰,综合得分未进入前30,9.43,22.07,2.93,36.2756682,-0.53,0.36,22.203,45.015775,2.682965,14.221744,15.7967057694,0.43546285,0.0,56,22,78,一致,20260804135713,待评,未进入30家初评队列
,413,603556,海兴电力,SH,电网设备,通过,保留,淘汰,综合得分未进入前30,26.7,35.7,1.84,129.83253339,0.26,2.09,13.17,39.035731,0.841824,18.074961,24.386257879400002,0.18782856,0.0,43,14,57,一致,20260804135713,待评,未进入30家初评队列
,217,603566,普莱柯,SH,动物保健Ⅱ,通过,保留,淘汰,综合得分未进入前30,10.44,22.17,1.44,36.1289013,-0.48,0.41,8.883,62.003203,1.734808,19.276732,1.7301507496000001,0.04788827,0.0,44,24,68,一致,20260804135714,待评,未进入30家初评队列
,66,603579,荣泰健康,SH,其他家电Ⅱ,通过,保留,淘汰,综合得分未进入前30,18.01,12.98,1.31,36.20953076,0.45,0.91,17.254,29.262887,1.321169,11.030165,6.6724963774,0.18427459,0.0,49,27,76,一致,20260804135714,待评,未进入30家初评队列
11,11,603587,地素时尚,SH,服装家纺,通过,保留,入选30家,综合得分靠前，且满足估值可比门槛与行业分散上限,11.7,13.74,1.56,55.30622608,-1.02,0.31,22.082,75.230783,1.432359,21.591775,27.6082467282,0.49918877,0.0,56,25,81,一致,20260804135711,3/5,中高端女装品牌、设计与渠道
,267,603590,康辰药业,SH,生物制品,通过,保留,淘汰,综合得分未进入前30,30.48,25.66,1.53,48.46639339,2.14,1.46,11.925,88.177109,1.552114,27.947697,1.5853462364,0.03271022,0.0,47,18,65,一致,20260804135708,待评,未进入30家初评队列
,,603599,广信股份,SH,农化制品,通过,周期边界复核排除,淘汰,周期边界复核：行业名称命中油气、燃气、建材、农化等周期关键词,10.52,15.22,0.96,95.76033509,-2.5,1.23,13.541,36.939546,0.801891,18.857046,42.7498081035,0.44642501,0.0,45,27,72,一致,20260804135712,待评,未进入30家初评队列
,85,603600,永艺股份,SH,家居用品,通过,保留,淘汰,综合得分未进入前30,9.62,11.03,1.41,31.78767095,-1.74,1.06,15.232,19.787339,1.38767,6.408178,5.116074363,0.16094524,0.0,45,30,75,一致,20260804135707,待评,未进入30家初评队列
,47,603605,珀莱雅,SH,化妆品,通过,保留,淘汰,综合得分未进入前30,59.29,16.01,3.99,234.77419945,-2.48,1.03,25.75,70.148018,1.241461,12.531931,56.9596447167,0.24261458,0.0,55,22,77,一致,20260804135713,待评,未进入30家初评队列
,325,603606,东方电缆,SH,电网设备,通过,保留,淘汰,综合得分未进入前30,40.91,22.7,4.15,337.42915244,-3.42,2.52,17.772,22.773444,1.02025,10.438749,22.829644765100003,0.06765759,0.0,43,19,62,一致,20260804135713,待评,未进入30家初评队列
,405,603607,京华激光,SH,包装印刷,通过,保留,淘汰,综合得分未进入前30,20.54,34.31,3.74,36.66735072,1.23,0.89,14.011,30.334258,1.094418,14.217012,4.2620137294,0.11623457,0.0,43,15,58,一致,20260804135713,待评,未进入30家初评队列
,414,603610,麒盛科技,SH,家居用品,通过,保留,淘汰,综合得分未进入前30,14.71,38.5,1.7,51.92506745,1.45,3.36,15.654,34.357952,5.538307,7.86202,0.5622500810000001,0.0108281,0.0,43,14,57,一致,20260804135712,待评,未进入30家初评队列
,515,603619,中曼石油,SH,油服工程,通过,保留,淘汰,综合得分未进入前30,21.81,79.64,2.34,100.83601834,2.97,6.28,12.798,42.947705,2.969074,9.070878,1.9805000783000002,0.0196408,0.0,40,10,50,一致,20260804135712,待评,未进入30家初评队列
,,603639,海利尔,SH,农化制品,通过,周期边界复核排除,淘汰,周期边界复核：行业名称命中油气、燃气、建材、农化等周期关键词,10.56,12.26,1.08,36.92285372,-0.94,0.55,15.244,27.218432,1.670112,11.645669,5.0364103911,0.13640361,0.0,49,27,76,一致,20260804135708,待评,未进入30家初评队列
,294,603648,畅联股份,SH,物流,通过,保留,淘汰,综合得分未进入前30,9.13,24.87,1.75,33.08828864,-0.22,0.46,9.174,19.940347,2.021039,9.63259,9.3843615187,0.2836158,0.0,42,22,64,一致,20260804135704,待评,未进入30家初评队列
,60,603658,安图生物,SH,医疗器械,通过,保留,淘汰,综合得分未进入前30,33.74,20.38,2.29,192.79871672,-1.26,0.38,21.993,63.055776,1.279075,28.225184,29.671891835700002,0.15390088,0.0,54,22,76,一致,20260804135714,待评,未进入30家初评队列
,129,603661,恒林股份,SH,家居用品,通过,保留,淘汰,综合得分未进入前30,31.49,18.56,1.19,43.79220806,9.99,2.0,14.54,21.04998,2.622039,6.581096,13.802708559700001,0.3151864,0.0,48,24,72,一致,20260804135714,待评,未进入30家初评队列
,,603662,柯力传感,SH,通用设备,通过,保留,淘汰,当前 PE/PB 缺失、为负或超出本轮可比估值上限,53.13,90.71,5.55,149.20490887,2.43,2.19,12.104,41.908356,0.776553,22.080351,4.5151935555,0.0302617,0.0,38,4,42,一致,20260804135714,待评,未进入30家初评队列
,120,603676,卫信康,SH,化学制药,通过,保留,淘汰,综合得分未进入前30,8.86,14.1,2.63,38.5553089,0.0,0.38,13.74,54.140062,1.321681,15.41839,8.7007316624,0.22566884,0.0,48,25,73,一致,20260804135713,待评,未进入30家初评队列
,,603678,火炬电子,SH,军工电子Ⅱ,通过,保留,淘汰,当前 PE/PB 缺失、为负或超出本轮可比估值上限,44.96,134.77,3.5,213.8147573,7.46,5.79,11.911,33.370388,1.425596,13.989303,6.2913443509,0.02942428,0.0,40,7,47,一致,20260804135712,待评,未进入30家初评队列
,109,603680,今创集团,SH,轨交设备Ⅱ,通过,保留,淘汰,综合得分未进入前30,10.09,10.47,1.37,79.07722359,-2.32,0.78,13.072,26.346593,1.031846,12.302425,12.9807311362,0.16415259,0.0,44,30,74,一致,20260804135713,待评,未进入30家初评队列
,,603687,大胜达,SH,包装印刷,通过,保留,淘汰,当前 PE/PB 缺失、为负或超出本轮可比估值上限,13.23,82.46,2.24,72.76921561,5.92,3.0,9.068,16.514614,2.575329,8.189664,2.0362024676,0.02798165,0.0,35,10,45,一致,20260804135714,待评,未进入30家初评队列
,101,603697,有友食品,SH,休闲食品,通过,保留,淘汰,综合得分未进入前30,9.72,15.8,2.37,41.57167193,-1.92,0.89,15.055,29.452464,1.200734,15.868278,8.6294876061,0.20758096,0.0,49,25,74,一致,20260804135713,待评,未进入30家初评队列
,421,603699,纽威股份,SH,通用设备,通过,保留,淘汰,综合得分未进入前30,50.2,28.19,9.26,389.1920153,3.38,1.18,17.602,33.364569,1.250869,13.190869,40.757877450100004,0.10472434,0.0,48,8,56,一致,20260804135715,待评,未进入30家初评队列
,447,603700,宁水集团,SH,通用设备,通过,保留,淘汰,综合得分未进入前30,11.12,51.5,1.4,22.23576706,0.0,1.49,18.249,24.79194,1.135695,11.47364,1.0141388211,0.04560845,0.0,43,12,55,一致,20260804135712,待评,未进入30家初评队列
,,603706,东方环宇,SH,燃气Ⅱ,通过,周期边界复核排除,淘汰,周期边界复核：行业名称命中油气、燃气、建材、农化等周期关键词,18.96,8.74,2.14,35.90696257,-2.27,0.67,14.021,26.754511,1.943779,20.113942,12.6493872647,0.3522823,0.0,51,28,79,一致,20260804135712,待评,未进入30家初评队列
,104,603711,香飘飘,SH,饮料乳品,通过,保留,淘汰,综合得分未进入前30,11.26,12.45,1.31,46.48962366,-0.62,0.83,11.985,36.079384,2.03155,8.116631,12.6760231112,0.27266349,0.0,47,27,74,一致,20260804135710,待评,未进入30家初评队列
,221,603726,朗迪集团,SH,家电零部件Ⅱ,通过,保留,淘汰,综合得分未进入前30,22.28,11.82,2.97,41.34261204,3.97,2.4,12.082,20.821209,1.054251,7.803419,5.8097596231,0.14052715,0.0,40,28,68,一致,20260804135710,待评,未进入30家初评队列
,,603737,三棵树,SH,装修建材,豁免B通过,周期边界复核排除,淘汰,周期边界复核：行业名称命中油气、燃气、建材、农化等周期关键词,23.65,49.07,7.1,209.39259893,-0.55,0.62,14.407,29.9684,3.060355,4.228313,3.5658161885000004,0.01702933,0.0,35,8,43,一致,20260804135711,待评,未进入30家初评队列
,,603738,泰晶科技,SH,元件,通过,保留,淘汰,当前 PE/PB 缺失、为负或超出本轮可比估值上限,31.81,133.17,6.81,122.75081121,9.99,7.18,8.644,29.246736,1.900681,11.120188,4.6383881826,0.03778703,0.0,42,4,46,一致,20260804135711,待评,未进入30家初评队列
,,603757,大元泵业,SH,通用设备,通过,保留,淘汰,当前 PE/PB 缺失、为负或超出本轮可比估值上限,55.72,226.77,4.99,103.94413271,10.01,5.05,19.867,28.295135,1.174013,13.869698,2.0277519705000002,0.01950809,0.0,40,7,47,一致,20260804135710,待评,未进入30家初评队列
,253,603766,隆鑫通用,SH,摩托车及其他,通过,保留,淘汰,综合得分未进入前30,14.36,15.64,3.42,294.88860966,-2.71,0.61,11.161,17.249261,2.660108,6.491576,70.5697410963,0.23930982,0.0,44,22,66,一致,20260804135711,待评,未进入30家初评队列
,293,603798,康普顿,SH,炼化及贸易,通过,保留,淘汰,综合得分未进入前30,13.26,18.3,2.8,34.00522359,6.59,5.05,8.92,21.309796,1.636768,8.523827,4.2019776803,0.12356859,0.0,42,22,64,一致,20260804135710,待评,未进入30家初评队列
,,603801,志邦家居,SH,家居用品,通过,保留,淘汰,当前 PE/PB 缺失、为负或超出本轮可比估值上限,5.88,-6.77,0.86,25.5398672,-1.51,1.39,18.066,36.096049,1.005677,9.635719,6.9933229273,0.27381986,0.0,46,12,58,一致,20260804135711,待评,未进入30家初评队列
,433,603806,福斯特,SH,光伏设备,通过,保留,淘汰,综合得分未进入前30,15.31,32.02,2.53,399.39896698,2.48,0.9,14.113,16.202536,1.03835,12.892113,27.691678459699997,0.06933338,0.0,38,18,56,一致,20260804135710,待评,未进入30家初评队列
,81,603808,歌力思,SH,服装家纺,通过,保留,淘汰,综合得分未进入前30,7.94,17.61,1.13,28.8804187,-0.75,0.97,9.269,66.578044,4.606668,9.643686,16.0506035689,0.55576076,0.0,48,27,75,一致,20260804135703,待评,未进入30家初评队列
,170,603811,诚意药业,SH,化学制药,通过,保留,淘汰,综合得分未进入前30,7.24,18.73,2.45,33.17556588,1.4,0.75,17.402,68.561645,1.104963,22.60099,4.2720541963,0.1287711,0.0,48,22,70,一致,20260804135708,待评,未进入30家初评队列
,44,603816,顾家家居,SH,家居用品,通过,保留,淘汰,综合得分未进入前30,25.23,10.44,2.08,207.25221824,-4.25,0.99,21.727,31.571498,1.443105,9.842877,52.713882293400005,0.25434653,0.0,50,28,78,一致,20260804135710,待评,未进入30家初评队列
,,603829,洛凯股份,SH,电网设备,通过,保留,淘汰,当前 PE/PB 缺失、为负或超出本轮可比估值上限,14.79,212.87,1.88,27.54876492,1.44,1.47,10.666,21.275353,1.03778,7.415475,1.1467905148,0.04162766,0.0,38,10,48,一致,20260804135712,待评,未进入30家初评队列
,59,603833,欧派家居,SH,家居用品,通过,保留,淘汰,综合得分未进入前30,33.08,32.55,1.14,201.5077684,-2.01,0.82,20.845,33.906266,1.567647,13.158814,125.9131039611,0.62485484,0.0,56,20,76,一致,20260804135710,待评,未进入30家初评队列
,154,603855,华荣股份,SH,专用设备,通过,保留,淘汰,综合得分未进入前30,16.78,15.01,2.96,56.6343458,0.36,0.37,17.351,49.664397,0.951403,11.043793,14.9347256147,0.26370439,0.0,46,25,71,一致,20260804135711,待评,未进入30家初评队列
,,603860,中公高科,SH,工程咨询服务Ⅱ,通过,保留,淘汰,当前 PE/PB 缺失、为负或超出本轮可比估值上限,25.82,630.99,2.08,17.216776,0.31,1.67,8.255,49.992422,1.19897,21.286485,1.2174653082,0.0707139,0.0,40,10,50,一致,20260804135710,待评,未进入30家初评队列
,189,603866,桃李面包,SH,休闲食品,通过,保留,淘汰,综合得分未进入前30,4.34,33.48,1.41,69.42781133,-1.81,0.64,16.244,23.793029,1.802004,10.98559,7.8192542265,0.11262424,0.0,49,20,69,一致,20260804135712,待评,未进入30家初评队列
,124,603868,飞科电器,SH,小家电,通过,保留,淘汰,综合得分未进入前30,31.31,18.08,4.14,136.38636,-1.35,0.15,26.659,53.685882,1.157964,17.552492,35.2577614066,0.25851384,0.0,53,19,72,一致,20260804135710,待评,未进入30家初评队列
,165,603877,太平鸟,SH,服装家纺,通过,保留,淘汰,综合得分未进入前30,13.13,30.33,1.41,61.69850063,0.69,0.5,13.088,53.446341,2.953584,5.531857,30.2838694044,0.49083639,-0.002486,50,20,70,一致,20260804135708,待评,未进入30家初评队列
,,603881,数据港,SH,通信服务,通过,保留,淘汰,当前 PE/PB 缺失、为负或超出本轮可比估值上限,26.29,126.53,6.78,226.6335757,3.5,4.95,9.106,32.050695,8.840628,12.878575,18.6766192536,0.08240888,0.0,45,4,49,一致,20260804135710,待评,未进入30家初评队列
,,603886,元祖股份,SH,休闲食品,通过,保留,淘汰,当前 PE/PB 缺失、为负或超出本轮可比估值上限,10.54,-9.0,1.89,25.296,-0.85,0.79,18.248,61.930811,2.030743,10.764251,20.4032988441,0.80658202,0.0,55,10,65,一致,20260804135709,待评,未进入30家初评队列
,,603888,新华网,SH,数字媒体,通过,保留,淘汰,当前 PE/PB 缺失、为负或超出本轮可比估值上限,17.24,81.25,3.45,127.95734621,1.89,1.45,9.474,34.508297,1.765089,15.099581,10.2975961678,0.08047679,0.0,45,7,52,一致,20260804135711,待评,未进入30家初评队列
,,603893,瑞芯微,SH,半导体,通过,保留,淘汰,当前 PE/PB 缺失、为负或超出本轮可比估值上限,190.41,61.16,17.05,805.33423955,3.46,3.59,14.974,38.293764,1.357365,14.793674,19.3148334155,0.02398362,0.0,40,0,40,一致,20260804135710,待评,未进入30家初评队列
,95,603899,晨光股份,SH,文娱用品,通过,保留,淘汰,综合得分未进入前30,23.27,15.81,2.44,213.10558423,-1.27,0.31,22.609,19.737913,1.435588,8.163232,86.5198987729,0.40599546,0.0,49,25,74,一致,20260804135712,待评,未进入30家初评队列
,359,603915,国茂股份,SH,通用设备,通过,保留,淘汰,综合得分未进入前30,13.68,41.52,2.39,91.36632326,1.41,0.76,13.748,24.255512,1.226549,12.731765,13.752188788,0.15051704,0.0,46,14,60,一致,20260804135712,待评,未进入30家初评队列
,107,603919,金徽酒,SH,白酒Ⅱ,通过,保留,淘汰,行业分散上限：同一细分行业最多入选3家,16.46,10.2,2.47,83.49499551,-0.54,1.48,12.176,62.610389,1.232028,15.972773,11.787990685699999,0.141182,0.0,46,28,74,一致,20260804135710,待评,未进入30家初评队列
,,603920,世运电路,SH,元件,通过,保留,淘汰,当前 PE/PB 缺失、为负或超出本轮可比估值上限,33.26,163.56,3.81,239.66900463,5.29,2.8,14.046,19.950724,1.880389,11.333214,17.5735372719,0.0733242,0.0,42,7,49,一致,20260804135710,待评,未进入30家初评队列
,,603927,中科软,SH,软件开发,通过,保留,淘汰,当前 PE/PB 缺失、为负或超出本轮可比估值上限,14.31,-187.66,4.01,118.921824,0.7,1.27,21.536,28.639746,1.107289,7.093198,20.3674347921,0.17126743,0.0,47,7,54,一致,20260804135712,待评,未进入30家初评队列
,502,603931,格林达,SH,电子化学品Ⅱ,通过,保留,淘汰,综合得分未进入前30,32.23,54.85,3.28,64.31766587,10.0,3.87,15.569,32.40684,1.156261,19.271583,4.4162167471,0.06866258,0.0,44,7,51,一致,20260804135702,待评,未进入30家初评队列
,94,603939,益丰药房,SH,医药商业,通过,保留,淘汰,综合得分未进入前30,22.5,13.65,2.39,272.78830935,-0.92,1.09,13.537,39.511783,2.713065,6.110174,151.1313314307,0.55402422,0.0,49,25,74,一致,20260804135710,待评,未进入30家初评队列
,330,603966,法兰泰克,SH,专用设备,通过,保留,淘汰,综合得分未进入前30,7.92,18.99,2.04,41.21527576,0.0,0.68,11.638,25.002662,1.185248,9.896679,3.975511309,0.09645723,0.0,40,22,62,一致,20260804135706,待评,未进入30家初评队列
,545,603986,兆易创新,SH,半导体,通过,保留,淘汰,综合得分未进入前30,357.45,42.92,10.12,2508.38762403,4.9,7.29,14.842,41.368085,2.386012,17.639841,54.906134081400005,0.02188901,0.0,42,4,46,一致,20260804135711,待评,未进入30家初评队列
,105,603987,康德莱,SH,医疗器械,通过,保留,淘汰,综合得分未进入前30,7.39,14.92,1.16,32.27884603,-0.14,0.59,11.75,34.030349,1.568584,9.433334,5.417612086799999,0.16783785,0.0,47,27,74,一致,20260804135704,待评,未进入30家初评队列
,298,603992,松霖科技,SH,家居用品,通过,保留,淘汰,综合得分未进入前30,24.46,28.4,3.05,108.36802917,0.99,0.37,15.519,32.736769,1.48346,11.639995,10.3147002523,0.09518213,0.0,48,15,63,一致,20260804135711,待评,未进入30家初评队列
,108,603998,方盛制药,SH,中药Ⅱ,通过,保留,淘汰,综合得分未进入前30,9.58,11.9,2.52,42.06399429,0.21,1.05,10.658,68.6507,1.238648,10.427963,3.8233026145999998,0.09089252,0.0,46,28,74,一致,20260804135711,待评,未进入30家初评队列
,62,605009,豪悦护理,SH,个护用品,通过,保留,淘汰,综合得分未进入前30,24.12,15.52,1.57,51.84773766,-1.23,0.46,32.494,27.164646,1.476992,13.085396,6.6088384977,0.12746628,0.0,51,25,76,一致,20260804135708,待评,未进入30家初评队列
,,605028,世茂能源,SH,电力,通过,保留,淘汰,当前 PE/PB 缺失、为负或超出本轮可比估值上限,26.36,351.69,3.3,42.176,1.5,0.69,23.558,61.920799,1.255,39.851236,3.4611016713,0.0820633,0.0,52,7,59,一致,20260804135710,待评,未进入30家初评队列
,322,605058,澳弘电子,SH,元件,通过,保留,淘汰,综合得分未进入前30,24.78,26.75,2.03,35.41684474,3.81,1.33,13.10875,23.394324,1.769333,12.519147,2.6610437034,0.07513497,0.0,44,18,62,一致,20260804135712,待评,未进入30家初评队列
,442,605060,联德股份,SH,通用设备,通过,保留,淘汰,综合得分未进入前30,37.73,36.4,3.72,90.7753616,7.8,1.94,16.6,35.756509,1.235487,20.349631,1.4849013146,0.01635798,0.0,44,11,55,一致,20260804135712,待评,未进入30家初评队列
,339,605066,天正电气,SH,电网设备,通过,保留,淘汰,综合得分未进入前30,6.71,43.62,1.94,33.71326269,1.05,0.99,15.68,25.030446,1.705014,5.394361,2.9083541673,0.08626736,0.0,47,14,61,一致,20260804135711,待评,未进入30家初评队列
,58,605080,浙江自然,SH,文娱用品,通过,保留,淘汰,综合得分未进入前30,20.22,9.93,1.26,28.49184428,0.6,0.73,20.889,35.044977,1.093435,20.959824,1.4471838447999998,0.05079292,0.0,47,30,77,一致,20260804135706,待评,未进入30家初评队列
,409,605086,龙高股份,SH,非金属材料Ⅱ,通过,保留,淘汰,综合得分未进入前30,23.16,55.01,2.6,41.50272,1.67,0.53,13.438889,62.256681,1.222048,34.109977,4.9118599942,0.11835032,0.0,47,10,57,一致,20260804135712,待评,未进入30家初评队列
,138,605089,味知香,SH,食品加工,通过,保留,淘汰,综合得分未进入前30,20.24,30.73,2.29,27.9312,-0.25,0.78,28.996,24.244509,1.397789,15.500245,4.4662481693,0.15990176,0.0,53,18,71,一致,20260804135711,待评,未进入30家初评队列
,241,605098,行动教育,SH,教育,通过,保留,淘汰,综合得分未进入前30,59.34,45.28,7.81,70.76360274,3.69,1.89,33.775,77.480417,1.541689,29.665193,16.8102319684,0.23755478,0.0,58,8,66,一致,20260804135711,待评,未进入30家初评队列
,167,605099,共创草坪,SH,家居用品,通过,保留,淘汰,综合得分未进入前30,32.55,16.31,4.36,130.96312499,-1.75,0.32,30.632,30.39058,0.952794,18.698686,15.3765596939,0.11741137,0.0,48,22,70,一致,20260804135710,待评,未进入30家初评队列
,,605100,华丰股份,SH,通用设备,通过,保留,淘汰,当前 PE/PB 缺失、为负或超出本轮可比估值上限,30.28,140.33,4.02,72.3758616,3.34,1.19,10.39,15.953937,3.759506,9.132,1.1684890664,0.01614473,0.0,37,7,44,一致,20260804135709,待评,未进入30家初评队列
,524,605111,新洁能,SH,半导体,通过,保留,淘汰,综合得分未进入前30,49.26,54.1,4.8,204.5928225,7.48,4.0,19.432,35.197994,0.968504,18.411521,13.265069575899998,0.06483644,0.0,42,7,49,一致,20260804135711,待评,未进入30家初评队列
,281,605117,德业股份,SH,光伏设备,通过,保留,淘汰,综合得分未进入前30,82.87,22.21,10.6,1055.12655953,2.38,0.57,41.527,35.541334,1.277102,16.035591,85.1837765896,0.08073323,0.0,52,12,64,一致,20260804135712,待评,未进入30家初评队列
,374,605118,力鼎光电,SH,计算机设备,通过,保留,淘汰,综合得分未进入前30,28.96,42.27,7.97,119.102344,2.33,0.87,32.604,43.197538,1.220565,31.971591,5.3036208406,0.04452995,0.0,51,8,59,一致,20260804135712,待评,未进入30家初评队列
,245,605155,西大门,SH,家居用品,通过,保留,淘汰,综合得分未进入前30,13.53,32.13,1.94,25.77727103,0.07,1.8,15.319,39.211937,1.238546,17.427173,2.5696547622,0.09968684,0.0,48,18,66,一致,20260804135711,待评,未进入30家初评队列
,375,605162,新中港,SH,电力,通过,保留,淘汰,综合得分未进入前30,8.55,77.96,2.38,37.86335959,1.3,3.88,22.074,25.680995,1.776261,17.810618,1.1502409965,0.03037874,0.0,49,10,59,一致,20260804135712,待评,未进入30家初评队列
,,605168,三人行,SH,广告营销,通过,保留,淘汰,当前 PE/PB 缺失、为负或超出本轮可比估值上限,37.46,179.51,3.06,78.97204296,5.85,3.11,36.384,18.109424,0.893903,11.391542,6.6897028433,0.08470976,0.0,45,7,52,一致,20260804135711,待评,未进入30家初评队列
,,605169,洪通燃气,SH,燃气Ⅱ,通过,周期边界复核排除,淘汰,周期边界复核：行业名称命中油气、燃气、建材、农化等周期关键词,10.15,163.59,1.46,28.71232,0.0,0.71,14.378,21.235383,1.566269,12.241948,1.0723933781000001,0.03734959,0.0,44,12,56,一致,20260804135708,待评,未进入30家初评队列
,,605183,确成股份,SH,橡胶,通过,周期边界复核排除,淘汰,周期边界复核：行业名称命中油气、燃气、建材、农化等周期关键词,14.7,19.31,1.69,61.03210754,-0.47,0.24,15.78,31.963499,1.042487,21.663759,8.1112604967,0.13290153,0.0,47,22,69,一致,20260804135707,待评,未进入30家初评队列
,364,605277,新亚电子,SH,消费电子,通过,保留,淘汰,综合得分未进入前30,15.03,32.85,3.48,58.43444848,1.62,0.94,23.365,17.519279,1.313214,8.394434,4.7187844148,0.08075347,0.0,45,15,60,一致,20260804135713,待评,未进入30家初评队列
,525,605299,舒华体育,SH,文娱用品,通过,保留,淘汰,综合得分未进入前30,12.18,51.03,4.13,49.65290371,2.87,2.44,13.163,29.778777,1.425574,9.066373,5.4253989624,0.1092665,0.0,42,7,49,一致,20260804135713,待评,未进入30家初评队列
,,605336,*ST帅电,SH,厨卫电器,通过,保留,淘汰,当前 PE/PB 缺失、为负或超出本轮可比估值上限,10.38,-66.09,1.06,19.03821231,-0.67,0.38,26.001,44.430666,1.089827,17.473033,4.1307740504,0.21697279,0.0,52,12,64,一致,20260804135710,待评,未进入30家初评队列
,51,605337,李子园,SH,饮料乳品,通过,保留,淘汰,综合得分未进入前30,9.49,17.3,2.34,37.02074177,-0.73,1.28,25.816,36.511832,1.357539,17.312534,4.5226880348,0.12216633,0.0,52,25,77,一致,20260804135709,待评,未进入30家初评队列
,273,605338,巴比食品,SH,食品加工,通过,保留,淘汰,综合得分未进入前30,19.0,24.1,2.17,45.51766578,-1.81,0.55,17.079,26.99981,0.893555,14.700018,3.8711249632999998,0.08504665,0.0,43,22,65,一致,20260804135705,待评,未进入30家初评队列
,,605339,南侨食品,SH,休闲食品,通过,保留,淘汰,当前 PE/PB 缺失、为负或超出本轮可比估值上限,13.4,470.7,1.67,56.85494254,1.52,0.83,12.708,23.99402,1.217518,9.749989,1.3745991826,0.0241773,0.0,37,10,47,一致,20260804135711,待评,未进入30家初评队列
,,605368,蓝天燃气,SH,燃气Ⅱ,通过,周期边界复核排除,淘汰,周期边界复核：行业名称命中油气、燃气、建材、农化等周期关键词,6.81,14.18,1.47,48.66670581,-0.87,0.37,15.967,19.454571,1.357548,9.634153,15.4507593007,0.3174811,0.0,47,27,74,一致,20260804135706,待评,未进入30家初评队列
,161,605369,拱东医疗,SH,医疗器械,通过,保留,淘汰,综合得分未进入前30,16.31,28.01,2.13,35.84987403,-0.61,0.66,20.637,35.434459,1.984348,17.128563,5.1468768265,0.1435675,0.0,52,18,70,一致,20260804135713,待评,未进入30家初评队列
,151,605377,华旺科技,SH,造纸,通过,保留,淘汰,综合得分未进入前30,9.09,19.44,1.31,50.60132736,1.68,0.68,16.386,17.678944,1.270587,11.303729,14.1110406828,0.27886701,0.0,47,24,71,一致,20260804135710,待评,未进入30家初评队列
,,605378,野马电池,SH,电池,通过,保留,淘汰,当前 PE/PB 缺失、为负或超出本轮可比估值上限,13.95,-124.15,3.02,36.4578228,0.0,0.67,18.017,17.571023,1.405978,9.624665,0.6880103986,0.01887141,0.0,38,7,45,一致,20260804135711,待评,未进入30家初评队列
,,605398,新炬网络,SH,IT服务Ⅱ,通过,保留,淘汰,当前 PE/PB 缺失、为负或超出本轮可比估值上限,21.04,273.08,3.3,34.23552614,2.68,0.91,23.687,39.094848,1.677712,12.611243,2.4649164371000003,0.07199879,0.0,50,7,57,一致,20260804135714,待评,未进入30家初评队列
,386,605580,恒盛能源,SH,电力,通过,保留,淘汰,综合得分未进入前30,17.51,25.22,4.96,49.028,2.1,1.42,23.602,25.917542,1.212298,15.915111,0.8572203881,0.0174843,0.0,44,15,59,一致,20260804135713,待评,未进入30家初评队列
,536,688002,睿创微纳,SH,军工电子Ⅱ,通过,保留,淘汰,综合得分未进入前30,142.88,35.11,9.42,672.26932446,3.81,1.41,15.257,51.319652,1.100939,23.963008,5.8255284714,0.00866547,0.0,43,4,47,一致,20260804135713,待评,未进入30家初评队列
,204,688006,杭可科技,SH,电池,通过,保留,淘汰,综合得分未进入前30,21.59,25.44,2.4,130.33281762,1.89,1.34,21.518,31.132567,1.499554,18.567416,13.892551595999999,0.10659289,0.0,50,18,68,一致,20260804135712,待评,未进入30家初评队列
,,688008,澜起科技,SH,半导体,通过,保留,淘汰,当前 PE/PB 缺失、为负或超出本轮可比估值上限,202.77,73.02,12.15,2474.88494518,6.75,3.36,17.424,54.758174,1.014992,36.261363,43.6457692035,0.01763547,0.0,43,0,43,一致,20260804135712,待评,未进入30家初评队列
,126,688016,心脉医疗,SH,医疗器械,通过,保留,淘汰,综合得分未进入前30,93.39,18.59,2.81,115.11449107,-0.54,0.79,28.255,74.754635,0.956193,40.927529,10.4948585121,0.09116887,0.0,50,22,72,一致,20260804135708,待评,未进入30家初评队列
,567,688019,安集科技,SH,电子化学品Ⅱ,通过,保留,淘汰,综合得分未进入前30,229.48,62.85,11.6,522.05028238,5.8,3.43,18.671,55.256589,0.720419,25.275207,1.713811002,0.00328285,0.0,39,0,39,一致,20260804135713,待评,未进入30家初评队列
,347,688029,南微医学,SH,医疗器械,通过,保留,淘汰,综合得分未进入前30,72.93,23.38,3.38,136.99712486,0.29,0.62,14.813,64.276521,0.945242,16.228722,11.1080027125,0.08108201,0.0,42,19,61,一致,20260804135712,待评,未进入30家初评队列
,247,688036,传音控股,SH,消费电子,通过,保留,淘汰,综合得分未进入前30,58.12,23.88,3.31,669.06845755,-7.75,2.8,23.39,21.320113,1.008185,5.511636,181.49851418990002,0.27127047,0.0,47,19,66,一致,20260804135711,待评,未进入30家初评队列
,572,688049,炬芯科技,SH,半导体,豁免A通过,保留,淘汰,综合得分未进入前30,41.29,37.13,3.53,72.32672269,3.77,4.09,7.058889,45.297741,0.719476,,3.1004142857,0.04286679,0.0,23,11,34,一致,20260804135713,待评,未进入30家初评队列
,,688056,莱伯泰科,SH,通用设备,通过,保留,淘汰,当前 PE/PB 缺失、为负或超出本轮可比估值上限,37.39,95.35,3.14,25.22047479,6.55,2.03,12.431,46.156164,0.954607,14.014164,0.5144655394,0.02039873,0.0,36,7,43,一致,20260804135712,待评,未进入30家初评队列
,,688057,金达莱,SH,环境治理,通过,保留,淘汰,当前 PE/PB 缺失、为负或超出本轮可比估值上限,17.68,90.45,1.56,48.7968,14.73,3.17,14.205,63.225908,1.312763,34.695682,8.9932018654,0.18429901,0.0,49,10,59,一致,20260804135713,待评,未进入30家初评队列
,401,688067,爱威科技,SH,医疗器械,通过,保留,淘汰,综合得分未进入前30,21.15,48.42,2.79,14.382,0.0,1.56,10.641,57.782994,1.327806,16.274244,1.1042174292,0.07677774,0.0,44,14,58,一致,20260804135711,待评,未进入30家初评队列
,395,688080,映翰通,SH,通信设备,通过,保留,淘汰,综合得分未进入前30,35.03,69.41,2.21,25.80174304,2.31,1.22,15.162,49.306786,1.014298,17.807338,5.1161816879,0.19828822,0.0,48,10,58,一致,20260804135710,待评,未进入30家初评队列
,,688085,三友医疗,SH,医疗器械,通过,保留,淘汰,当前 PE/PB 缺失、为负或超出本轮可比估值上限,12.99,168.82,2.25,47.64845637,-0.23,0.88,9.094,81.373449,1.285289,18.951639,3.2513649043,0.06823652,0.0,42,10,52,一致,20260804135713,待评,未进入30家初评队列
,537,688088,虹软科技,SH,IT服务Ⅱ,通过,保留,淘汰,综合得分未进入前30,34.8,64.53,5.11,139.6072992,3.51,1.43,18.947,90.091982,1.176177,26.253589,2.7278420474000002,0.01953939,0.0,43,4,47,一致,20260804135713,待评,未进入30家初评队列
,565,688099,晶晨股份,SH,半导体,通过,保留,淘汰,综合得分未进入前30,95.8,58.53,5.38,405.54055521,3.88,2.4,17.013,37.611882,0.870062,9.988114,10.7918153766,0.02661094,0.0,37,4,41,一致,20260804135712,待评,未进入30家初评队列
,416,688100,威胜信息,SH,通信设备,通过,保留,淘汰,综合得分未进入前30,31.55,26.15,4.38,155.12667271,1.77,0.74,15.289,38.549285,0.736601,18.793878,14.9769072793,0.09654631,0.0,42,15,57,一致,20260804135713,待评,未进入30家初评队列
,240,688101,三达膜,SH,环境治理,通过,保留,淘汰,综合得分未进入前30,15.39,12.97,1.14,51.09665696,0.39,0.79,10.353,34.53614,0.875743,25.232043,3.12154191,0.06109092,0.0,40,27,67,一致,20260804135711,待评,未进入30家初评队列
,,688109,品茗科技,SH,软件开发,通过,保留,淘汰,当前 PE/PB 缺失、为负或超出本轮可比估值上限,70.94,-101.12,7.23,55.93072762,3.02,1.18,24.953,74.96354,1.552609,15.016792,0.0574083776,0.00102642,0.0,48,4,52,一致,20260804135709,待评,未进入30家初评队列
,297,688111,金山办公,SH,软件开发,通过,保留,淘汰,综合得分未进入前30,270.6,14.3,8.57,1255.62035511,-1.24,3.26,17.889,85.658974,1.496593,29.663825,94.58314612790001,0.07532782,0.0,48,15,63,一致,20260804135713,待评,未进入30家初评队列
,,688123,聚辰股份,SH,半导体,通过,保留,淘汰,当前 PE/PB 缺失、为负或超出本轮可比估值上限,113.81,146.58,7.01,180.84701378,10.5,4.71,15.99,52.899285,0.899004,21.60615,7.889427083999999,0.04362487,0.0,44,4,48,一致,20260804135712,待评,未进入30家初评队列
,116,688128,中国电研,SH,专用设备,通过,保留,淘汰,综合得分未进入前30,22.74,17.17,2.64,91.9833,0.18,0.42,16.047,30.545669,1.33247,9.258264,18.7735322052,0.20409718,0.0,48,25,73,一致,20260804135712,待评,未进入30家初评队列
,387,688139,海尔生物,SH,医疗器械,通过,保留,淘汰,综合得分未进入前30,28.91,28.79,2.1,91.49810375,0.52,0.71,13.506,48.335333,0.846162,19.932482,11.1098178525,0.12142129,0.0,41,18,59,一致,20260804135713,待评,未进入30家初评队列
,,688160,步科股份,SH,自动化设备,通过,保留,淘汰,当前 PE/PB 缺失、为负或超出本轮可比估值上限,113.18,193.86,7.87,103.23737015,1.45,1.71,15.036,36.553961,0.984483,12.233588,1.2398246501999999,0.01200946,0.0,39,4,43,一致,20260804135712,待评,未进入30家初评队列
,,688163,赛伦生物,SH,生物制品,通过,保留,淘汰,当前 PE/PB 缺失、为负或超出本轮可比估值上限,29.54,1409.09,2.95,31.968188,7.61,0.98,19.071,79.867635,1.082895,33.33241,1.0209331142,0.03193591,0.0,46,10,56,一致,20260804135706,待评,未进入30家初评队列
,125,688169,石头科技,SH,小家电,通过,保留,淘汰,综合得分未进入前30,109.61,22.01,2.01,284.49398044,-1.09,1.37,25.692,48.757362,0.908011,14.819999,56.17598697,0.19745932,0.0,50,22,72,一致,20260804135712,待评,未进入30家初评队列
,282,688188,柏楚电子,SH,计算机设备,通过,保留,淘汰,综合得分未进入前30,106.96,34.27,7.4,433.78413407,3.34,0.61,33.638,79.376131,1.090129,57.796631,34.7557274541,0.08012217,0.0,52,12,64,一致,20260804135711,待评,未进入30家初评队列
,550,688198,佰仁医疗,SH,医疗器械,通过,保留,淘汰,综合得分未进入前30,83.88,69.81,9.18,115.54313396,0.27,0.45,17.917,88.996641,1.205338,33.389834,0.753912822,0.00652495,0.0,45,0,45,一致,20260804135712,待评,未进入30家初评队列
,,688200,华峰测控,SH,半导体,通过,保留,淘汰,当前 PE/PB 缺失、为负或超出本轮可比估值上限,348.59,185.71,17.33,699.79859762,8.98,2.45,21.953,75.07849,0.792874,41.62628,10.665648254199999,0.01524103,0.0,41,0,41,一致,20260804135712,待评,未进入30家初评队列
,571,688247,宣泰医药,SH,化学制药,豁免A通过,保留,淘汰,综合得分未进入前30,8.41,57.55,2.92,38.125894,6.19,2.23,7.84875,59.259478,1.021506,,0.8967805181,0.02352156,0.0,25,10,35,一致,20260804135708,待评,未进入30家初评队列
,,688258,卓易信息,SH,IT服务Ⅱ,通过,保留,淘汰,当前 PE/PB 缺失、为负或超出本轮可比估值上限,100.37,51.12,12.86,121.59046328,6.18,3.12,9.651,51.639028,1.533112,21.088775,1.2421374997,0.01021575,0.0,42,0,42,一致,20260804135709,待评,未进入30家初评队列
,504,688278,特宝生物,SH,生物制品,通过,保留,淘汰,综合得分未进入前30,58.1,36.04,7.02,237.15808788,-0.67,0.48,18.323,91.529345,0.942111,15.764824,10.6399895415,0.04486454,0.0,43,8,51,一致,20260804135712,待评,未进入30家初评队列
,,688283,坤恒顺维,SH,通信设备,通过,保留,淘汰,当前 PE/PB 缺失、为负或超出本轮可比估值上限,26.75,185.15,3.4,32.5815,1.79,1.02,27.135,62.991679,1.080469,29.477495,0.7812955323,0.02397973,0.0,47,7,54,一致,20260804135711,待评,未进入30家初评队列
,,688298,东方生物,SH,医疗器械,豁免B通过,保留,淘汰,当前 PE/PB 缺失、为负或超出本轮可比估值上限,19.06,-10.24,0.65,38.42496,0.85,0.45,36.537,48.025911,1.528403,3.005162,22.2434304224,0.57887973,0.0,52,12,64,一致,20260804135715,待评,未进入30家初评队列
,,688300,联瑞新材,SH,非金属材料Ⅱ,通过,保留,淘汰,当前 PE/PB 缺失、为负或超出本轮可比估值上限,111.83,94.24,16.3,270.03499518,11.61,3.35,18.424,40.390788,1.094328,24.640159,5.475333845900001,0.02027639,0.0,42,0,42,一致,20260804135713,待评,未进入30家初评队列
,380,688315,诺禾致源,SH,医疗服务,通过,保留,淘汰,综合得分未进入前30,13.29,46.95,2.08,55.31298,3.02,0.66,10.496,43.235261,1.630752,8.557739,8.0138930825,0.14488269,0.0,45,14,59,一致,20260804135654,待评,未进入30家初评队列
,,688318,财富趋势,SH,软件开发,通过,保留,淘汰,当前 PE/PB 缺失、为负或超出本轮可比估值上限,76.62,198.86,7.28,274.73423461,-0.42,1.84,13.192,84.903605,0.830505,75.802044,9.1836494507,0.03342739,0.0,41,4,45,一致,20260804135713,待评,未进入30家初评队列
,,688329,艾隆科技,SH,自动化设备,通过,保留,淘汰,当前 PE/PB 缺失、为负或超出本轮可比估值上限,18.76,-15.67,1.97,14.48272,5.87,2.46,10.321,51.563809,1.413037,14.796094,1.0476047879000001,0.07233481,0.0,44,10,54,一致,20260804135711,待评,未进入30家初评队列
,400,688338,赛科希德,SH,医疗器械,通过,保留,淘汰,综合得分未进入前30,26.72,36.7,1.69,28.36124928,2.65,0.62,15.452,61.502042,0.996289,33.337538,1.8068439966,0.06370819,0.0,44,14,58,一致,20260804135714,待评,未进入30家初评队列
,445,688356,键凯科技,SH,化学制药,通过,保留,淘汰,综合得分未进入前30,66.17,44.76,3.04,40.13256819,6.06,2.2,14.489,76.771455,1.603668,32.846073,0.7789663556,0.01940983,0.0,44,11,55,一致,20260804135710,待评,未进入30家初评队列
,486,688360,德马科技,SH,通用设备,通过,保留,淘汰,综合得分未进入前30,15.34,27.29,2.77,40.45858532,1.52,1.59,13.046,24.182795,1.083188,6.486618,0.9790276038,0.02419827,0.0,35,18,53,一致,20260804135712,待评,未进入30家初评队列
,460,688363,华熙生物,SH,医疗美容,通过,保留,淘汰,综合得分未进入前30,39.14,72.9,2.68,188.52886392,0.13,0.7,14.69,74.555399,1.770742,20.409821,2.4483476739,0.01298659,0.0,44,10,54,一致,20260804135711,待评,未进入30家初评队列
,,688367,工大高科,SH,轨交设备Ⅱ,通过,保留,淘汰,当前 PE/PB 缺失、为负或超出本轮可比估值上限,29.82,2158.17,4.46,26.12965572,5.0,1.59,8.417,32.466292,1.697918,13.739028,0.6514061225,0.02492976,0.0,40,7,47,一致,20260804135715,待评,未进入30家初评队列
,338,688389,普门科技,SH,医疗器械,通过,保留,淘汰,综合得分未进入前30,10.91,35.98,2.3,46.74779314,-1.18,0.42,14.067,62.705427,1.069022,22.606466,8.3576857215,0.17878247,0.0,47,14,61,一致,20260804135713,待评,未进入30家初评队列
,458,688390,固德威,SH,光伏设备,通过,保留,淘汰,综合得分未进入前30,65.42,39.19,5.59,159.0511523,3.35,2.32,26.511,27.468117,4.245363,8.274962,0.6475419202,0.00407128,0.0,46,8,54,一致,20260804135715,待评,未进入30家初评队列
,382,688395,正弦电气,SH,自动化设备,通过,保留,淘汰,综合得分未进入前30,21.8,39.37,2.43,18.87830296,4.01,1.72,14.058,31.979267,1.233323,14.402856,1.5118847181,0.08008584,0.0,45,14,59,一致,20260804135701,待评,未进入30家初评队列
,513,688401,路维光电,SH,半导体,通过,保留,淘汰,综合得分未进入前30,66.2,49.82,5.25,135.9547414,11.41,3.32,10.867,32.740275,1.797306,13.245338,1.1309622219,0.00831867,0.0,42,8,50,一致,20260804135712,待评,未进入30家初评队列
,,688459,哈铁科技,SH,轨交设备Ⅱ,豁免A通过,保留,淘汰,当前 PE/PB 缺失、为负或超出本轮可比估值上限,8.19,-57.12,1.16,39.312,0.0,0.17,6.66,36.951066,1.139912,,2.5794158718999998,0.06561396,0.0,27,12,39,一致,20260804135713,待评,未进入30家初评队列
,564,688468,科美诊断,SH,医疗器械,豁免A通过,保留,淘汰,综合得分未进入前30,6.14,68.71,1.73,24.6280312,-0.49,0.58,-6.361111,73.150397,1.511884,,1.9173733244,0.07785329,0.0,32,10,42,一致,20260804135711,待评,未进入30家初评队列
,,688479,友车科技,SH,软件开发,通过,保留,淘汰,当前 PE/PB 缺失、为负或超出本轮可比估值上限,31.03,145.88,3.38,62.47094891,10.27,3.95,16.909,37.027403,0.718079,17.049548,1.5983623877000002,0.02558569,0.0,37,7,44,一致,20260804135714,待评,未进入30家初评队列
,505,688513,苑东生物,SH,化学制药,通过,保留,淘汰,综合得分未进入前30,44.0,38.2,2.68,77.67419264,-1.39,1.47,14.433,79.886852,0.900777,18.183498,1.2838814654000001,0.01652906,0.0,37,14,51,一致,20260804135709,待评,未进入30家初评队列
,35,688526,科前生物,SH,动物保健Ⅱ,通过,保留,淘汰,综合得分未进入前30,12.94,19.03,1.5,60.31697045,-0.31,0.22,28.175,71.247554,1.094077,46.664937,15.416137923800001,0.25558541,0.0,54,24,78,一致,20260804135714,待评,未进入30家初评队列
,429,688550,瑞联新材,SH,电子化学品Ⅱ,通过,保留,淘汰,综合得分未进入前30,36.16,36.46,1.98,63.66623075,4.21,1.78,12.436,39.664964,1.532001,14.28967,1.4604669435,0.02293943,0.0,42,14,56,一致,20260804135713,待评,未进入30家初评队列
,331,688558,国盛智科,SH,通用设备,通过,保留,淘汰,综合得分未进入前30,29.27,23.53,2.33,38.6364,1.95,0.88,14.645,25.9609,0.974756,14.315172,4.8664653383,0.12595545,0.0,40,22,62,一致,20260804135705,待评,未进入30家初评队列
,301,688569,铁科轨道,SH,轨交设备Ⅱ,通过,保留,淘汰,综合得分未进入前30,16.69,49.16,1.21,35.16027223,-1.13,0.38,11.385,38.322251,1.217484,13.497903,6.9060194104,0.19641541,0.0,47,16,63,一致,20260804135714,待评,未进入30家初评队列
,560,688578,艾力斯,SH,化学制药,豁免A通过,保留,淘汰,综合得分未进入前30,109.47,19.36,6.59,492.615,3.39,1.21,-3.847778,96.772188,1.101671,,38.2393153768,0.07762515,0.0,28,16,44,一致,20260804135713,待评,未进入30家初评队列
,,688579,地纬智能,SH,软件开发,通过,保留,淘汰,当前 PE/PB 缺失、为负或超出本轮可比估值上限,8.13,-40.85,2.38,32.520813,2.39,1.08,9.472,52.581793,0.890073,16.010235,0.3542055317,0.01089166,0.0,35,10,45,一致,20260804135707,待评,未进入30家初评队列
,272,688580,伟思医疗,SH,医疗器械,通过,保留,淘汰,综合得分未进入前30,48.62,18.91,2.82,46.56400023,4.04,1.52,19.913,69.324929,1.045682,30.711581,1.2513091896,0.02687289,0.0,43,22,65,一致,20260804135713,待评,未进入30家初评队列
,,688588,凌志软件,SH,软件开发,通过,保留,淘汰,当前 PE/PB 缺失、为负或超出本轮可比估值上限,9.75,-479.51,3.3,38.02597529,0.31,0.92,13.565,38.077727,1.230811,19.102818,5.460204410299999,0.14359144,0.0,45,7,52,一致,20260804135711,待评,未进入30家初评队列
,,688591,泰凌微,SH,半导体,豁免A通过,保留,淘汰,当前 PE/PB 缺失、为负或超出本轮可比估值上限,27.91,203.37,2.82,67.42049258,2.91,1.64,4.065714,45.876193,1.327222,,3.0502207782,0.04524175,0.0,29,10,39,一致,20260804135714,待评,未进入30家初评队列
,,688597,煜邦电力,SH,电网设备,通过,保留,淘汰,当前 PE/PB 缺失、为负或超出本轮可比估值上限,6.54,-24.48,2.76,21.97834205,3.48,1.17,10.085,35.89312,1.540092,9.509411,1.5885690912000001,0.07227884,0.0,43,10,53,一致,20260804135713,待评,未进入30家初评队列
,159,688606,奥泰生物,SH,医疗器械,通过,保留,淘汰,综合得分未进入前30,45.03,46.02,0.94,35.70016901,-0.57,0.4,37.197,54.109179,0.903945,32.836798,14.6183110731,0.40947456,0.0,54,16,70,一致,20260804135706,待评,未进入30家初评队列
,569,688615,合合信息,SH,软件开发,豁免A通过,保留,淘汰,综合得分未进入前30,115.78,36.54,7.93,226.9288,1.47,4.74,-62.1375,84.47412,1.437561,,18.0909444642,0.0797208,0.0,30,8,38,一致,20260804135714,待评,未进入30家初评队列
,308,688616,西力科技,SH,电网设备,通过,保留,淘汰,综合得分未进入前30,10.41,25.03,2.18,18.67327739,0.77,0.85,12.818,30.096081,1.209094,13.383315,2.0578019714,0.11020036,0.0,45,18,63,一致,20260804135709,待评,未进入30家初评队列
,,688657,浩辰软件,SH,软件开发,通过,保留,淘汰,当前 PE/PB 缺失、为负或超出本轮可比估值上限,30.86,173.0,2.13,29.4467268,3.04,3.08,22.541,92.056233,1.151234,22.147254,3.0029098992,0.10197771,0.0,50,10,60,一致,20260804135700,待评,未进入30家初评队列
,,688663,新风光,SH,电网设备,通过,保留,淘汰,当前 PE/PB 缺失、为负或超出本轮可比估值上限,53.2,626.8,7.74,104.93592749,6.38,2.11,15.734,25.294463,1.481807,11.294046,8.0954461143,0.07714656,0.0,45,4,49,一致,20260804135713,待评,未进入30家初评队列
,459,688677,海泰新光,SH,医疗器械,通过,保留,淘汰,综合得分未进入前30,69.17,43.92,6.31,82.9189209,7.66,2.75,21.756,64.341988,0.861187,30.852569,2.7786411538999998,0.03351034,0.0,46,8,54,一致,20260804135714,待评,未进入30家初评队列
,,688681,科汇股份,SH,电网设备,通过,保留,淘汰,当前 PE/PB 缺失、为负或超出本轮可比估值上限,15.97,163.52,2.78,16.715799,0.69,1.81,9.487,43.086808,1.202279,9.69036,0.0593062001,0.00354791,0.0,36,10,46,一致,20260804135714,待评,未进入30家初评队列
,,688739,成大生物,SH,生物制品,通过,保留,淘汰,当前 PE/PB 缺失、为负或超出本轮可比估值上限,20.31,-1108.41,0.91,84.580995,0.54,0.32,14.901,84.584388,1.366699,35.750833,3.2919237014999996,0.03892037,0.0,45,12,57,一致,20260804135713,待评,未进入30家初评队列
,555,688755,汉邦科技,SH,专用设备,豁免A通过,保留,淘汰,综合得分未进入前30,24.95,38.66,2.27,28.5428,1.42,0.88,7.816667,38.337708,2.533512,,0.9926711457999999,0.03477834,0.0,31,14,45,一致,20260804135659,待评,未进入30家初评队列
,,688808,联讯仪器,SH,通用设备,豁免A通过,保留,淘汰,当前 PE/PB 缺失、为负或超出本轮可比估值上限,1923.46,415.2,67.32,1974.75227308,18.44,9.17,2.85,,,,,,,0,0,0,一致,20260804135712,待评,未进入30家初评队列
,,688820,盛合晶微,SH,半导体,豁免A通过,保留,淘汰,当前 PE/PB 缺失、为负或超出本轮可比估值上限,126.84,308.73,12.28,2362.74266463,8.95,7.27,0.085,,,,,,,0,0,0,一致,20260804135714,待评,未进入30家初评队列
,,688825,长鑫科技,SH,半导体,豁免A通过,保留,淘汰,当前 PE/PB 缺失、为负或超出本轮可比估值上限,55.98,37.8,26.87,37439.9200259,1.8,8.77,-16.945,,,,,,,0,4,4,一致,20260804135714,待评,未进入30家初评队列
18,18,920003,中诚咨询,BJ,工程咨询服务Ⅱ,通过,保留,入选30家,综合得分靠前，且满足估值可比门槛与行业分散上限,16.65,8.98,2.56,15.0849,0.06,0.44,40.811,45.488566,1.092722,18.211231,3.9920113714,0.26463625,0.0,52,28,80,一致,20260804135645,3/5,工程咨询资质、专业经验和客户关系；小市值需复核
,,920006,晟楠科技,BJ,航空装备Ⅱ,通过,保留,淘汰,当前 PE/PB 缺失、为负或超出本轮可比估值上限,16.26,-74.04,4.82,14.68069872,0.87,2.57,10.718,49.492077,1.147946,14.391448,0.0649484646,0.00442407,0.0,38,7,45,一致,20260804135648,待评,未进入30家初评队列
,,920021,流金科技,BJ,电视广播Ⅱ,通过,保留,淘汰,当前 PE/PB 缺失、为负或超出本轮可比估值上限,7.54,100.82,3.62,23.29859872,5.9,11.19,10.043,19.462037,2.395151,5.756951,0.7429026059,0.03188615,0.0,40,7,47,一致,20260804135712,待评,未进入30家初评队列
,542,920058,华洋赛车,BJ,摩托车及其他,通过,保留,淘汰,综合得分未进入前30,28.14,51.42,4.69,15.77418935,2.33,2.83,34.269,21.212662,0.928157,8.520923,0.1070881034,0.00678882,0.0,40,7,47,一致,20260804135645,待评,未进入30家初评队列
,,920061,西磁科技,BJ,专用设备,通过,保留,淘汰,当前 PE/PB 缺失、为负或超出本轮可比估值上限,16.7,233.41,4.29,11.82193,0.54,1.17,22.308,32.773971,1.405786,16.406019,0.8262838211,0.06989416,0.0,48,7,55,一致,20260804135706,待评,未进入30家初评队列
,246,920072,科莱瑞迪,BJ,医疗器械,通过,保留,淘汰,综合得分未进入前30,26.77,34.87,2.85,20.50582,1.79,6.47,20.461,63.158744,1.053687,24.33677,0.8092017333,0.03946205,0.0,48,18,66,一致,20260804135651,待评,未进入30家初评队列
,188,920080,奥美森,BJ,专用设备,通过,保留,淘汰,综合得分未进入前30,21.15,19.83,3.24,17.5545,0.86,0.72,17.423,43.082015,1.609971,13.29115,1.6462430983,0.09377898,0.0,50,19,69,一致,20260804135706,待评,未进入30家初评队列
,,920087,秋乐种业,BJ,种植业,通过,保留,淘汰,当前 PE/PB 缺失、为负或超出本轮可比估值上限,9.49,-49.29,2.96,15.67748,-1.56,2.0,10.359,30.186261,1.403093,8.477514,2.1578133471000003,0.13763777,0.0,43,10,53,一致,20260804135712,待评,未进入30家初评队列
,451,920110,雷特科技,BJ,其他电源设备Ⅱ,通过,保留,淘汰,综合得分未进入前30,25.69,45.04,2.81,10.0191,-0.73,0.88,17.267,47.163161,0.763824,23.37399,0.6538109047,0.06525645,0.0,41,14,55,一致,20260804135703,待评,未进入30家初评队列
,,920122,中纺标,BJ,专业服务,通过,保留,淘汰,当前 PE/PB 缺失、为负或超出本轮可比估值上限,22.23,493.7,6.17,20.50542061,1.37,1.38,13.953,49.594329,1.846451,15.833626,1.1800110012,0.0575463,0.0,45,4,49,一致,20260804135700,待评,未进入30家初评队列
,211,920132,泰鹏智能,BJ,家居用品,通过,保留,淘汰,综合得分未进入前30,8.37,24.65,3.43,9.01207944,-1.18,1.15,43.454,22.571302,1.91132,7.031583,0.4125998564,0.04578298,0.0,49,19,68,一致,20260804135706,待评,未进入30家初评队列
,207,920208,青矩技术,BJ,工程咨询服务Ⅱ,通过,保留,淘汰,综合得分未进入前30,12.23,32.27,2.3,22.77744858,0.16,0.86,30.618,46.212988,0.815627,17.52408,6.3705496976,0.27968671,0.0,50,18,68,一致,20260804135706,待评,未进入30家初评队列
,,920225,利通科技,BJ,橡胶,通过,周期边界复核排除,淘汰,周期边界复核：行业名称命中油气、燃气、建材、农化等周期关键词,14.59,48.75,2.54,18.51746663,-0.75,1.82,14.522,39.183906,1.310946,15.408836,2.7464337132,0.14831585,0.0,45,14,59,一致,20260804135700,待评,未进入30家初评队列
,350,920227,美登科技,BJ,IT服务Ⅱ,通过,保留,淘汰,综合得分未进入前30,51.09,42.86,5.11,19.89521235,6.0,4.56,28.087,68.548286,1.085823,42.150934,2.3413549107,0.11768434,0.0,52,8,60,一致,20260804135706,待评,未进入30家初评队列
,402,920237,力佳科技,BJ,电池,通过,保留,淘汰,综合得分未进入前30,12.83,43.58,2.34,12.19261586,-0.47,0.6,14.079,29.593342,1.385016,12.455695,1.1945497227,0.09797321,0.0,44,14,58,一致,20260804135709,待评,未进入30家初评队列
,477,920260,中寰股份,BJ,通用设备,通过,保留,淘汰,综合得分未进入前30,7.87,64.19,1.89,8.149385,0.38,0.37,13.836,34.235056,0.901611,18.46502,1.4566108109,0.17873874,0.0,43,10,53,一致,20260804135706,待评,未进入30家初评队列
,333,920262,太湖雪,BJ,服装家纺,通过,保留,淘汰,综合得分未进入前30,13.55,20.77,2.96,11.23796648,-0.07,2.09,17.991,40.861071,0.922966,7.771574,0.8807866451999999,0.07837598,0.0,40,22,62,一致,20260804135700,待评,未进入30家初评队列
,415,920273,一致魔芋,BJ,农产品加工,通过,保留,淘汰,综合得分未进入前30,16.51,36.59,2.7,17.01155795,-0.18,1.63,18.542,22.651814,1.147106,11.086984,1.0630419677,0.0624894,0.0,43,14,57,一致,20260804135706,待评,未进入30家初评队列
,,920275,驱动力,BJ,动物保健Ⅱ,通过,保留,淘汰,当前 PE/PB 缺失、为负或超出本轮可比估值上限,6.31,664.05,4.38,10.05672656,0.0,0.18,17.118,34.748918,1.447551,18.669557,0.7568174543,0.07525485,0.0,46,7,53,一致,20260804135706,待评,未进入30家初评队列
,,920278,鹿得医疗,BJ,医疗器械,通过,保留,淘汰,当前 PE/PB 缺失、为负或超出本轮可比估值上限,6.24,400.04,2.83,10.8888,0.0,1.32,10.972,25.392154,2.281737,8.695596,1.2862795573999999,0.11812868,0.0,44,10,54,一致,20260804135709,待评,未进入30家初评队列
,,920299,灿能电力,BJ,电网设备,通过,保留,淘汰,当前 PE/PB 缺失、为负或超出本轮可比估值上限,16.84,122.98,5.47,15.17440208,1.02,4.77,21.641,55.645266,1.092478,29.058401,1.1204038257,0.07383512,0.0,48,4,52,一致,20260804135700,待评,未进入30家初评队列
,289,920346,威贸电子,BJ,消费电子,通过,保留,淘汰,综合得分未进入前30,14.98,31.82,2.63,12.08183483,1.35,0.61,16.228,30.517557,1.193726,17.400334,1.6510533471000002,0.13665584,0.0,46,18,64,一致,20260804135645,待评,未进入30家初评队列
,,920367,新赣江,BJ,化学制药,通过,保留,淘汰,当前 PE/PB 缺失、为负或超出本轮可比估值上限,20.38,116.17,3.0,14.44152275,5.11,12.54,36.9,45.033198,1.435382,25.993925,0.4908869789,0.03399136,0.0,51,10,61,一致,20260804135706,待评,未进入30家初评队列
,,920374,云里物里,BJ,通信设备,通过,保留,淘汰,当前 PE/PB 缺失、为负或超出本轮可比估值上限,15.22,163.54,5.09,13.02739158,2.22,2.17,36.628,43.537777,1.409727,14.312268,1.5718543841,0.12065764,0.0,52,4,56,一致,20260804135700,待评,未进入30家初评队列
,,920392,佳合科技,BJ,包装印刷,通过,保留,淘汰,当前 PE/PB 缺失、为负或超出本轮可比估值上限,13.6,94.22,3.05,10.4277864,-0.29,0.49,21.172,15.945351,1.383502,8.250958,0.264994571,0.02541235,0.0,40,7,47,一致,20260804135706,待评,未进入30家初评队列
,224,920395,朗鸿科技,BJ,专用设备,通过,保留,淘汰,综合得分未进入前30,7.13,27.41,4.95,10.8793607,0.28,0.35,27.312,55.593631,1.068486,23.97377,1.4280958643000001,0.13126652,0.0,52,15,67,一致,20260804135648,待评,未进入30家初评队列
,511,920396,常辅股份,BJ,自动化设备,通过,保留,淘汰,综合得分未进入前30,21.53,55.07,4.38,15.54921058,-2.67,9.38,14.033,39.419789,1.432857,13.146165,0.7277362884999999,0.04680214,0.0,43,7,50,一致,20260804135709,待评,未进入30家初评队列
,510,920403,康农种业,BJ,种植业,通过,保留,淘汰,综合得分未进入前30,18.4,67.11,3.7,20.11068259,-2.39,2.1,20.285,34.958432,0.753887,25.182229,0.8177563198000001,0.04066278,0.0,43,7,50,一致,20260804135706,待评,未进入30家初评队列
,,920407,驰诚股份,BJ,通用设备,通过,保留,淘汰,当前 PE/PB 缺失、为负或超出本轮可比估值上限,10.51,330.04,4.39,11.66601592,0.19,0.95,16.335,44.779506,0.847341,17.194315,0.4355889789,0.03733828,0.0,42,7,49,一致,20260804135709,待评,未进入30家初评队列
,312,920425,乐创技术,BJ,自动化设备,通过,保留,淘汰,综合得分未进入前30,14.47,17.19,5.18,14.57290586,0.49,1.59,16.317,66.419698,0.852575,21.42411,0.6575403593,0.04512074,0.0,44,19,63,一致,20260804135700,待评,未进入30家初评队列
,,920429,康比特,BJ,食品加工,通过,保留,淘汰,当前 PE/PB 缺失、为负或超出本轮可比估值上限,8.91,-34.87,1.35,11.0908116,0.79,0.66,10.546,39.680456,1.182724,12.113583,2.1498679801,0.19384226,0.0,45,12,57,一致,20260804135654,待评,未进入30家初评队列
,398,920445,龙竹科技,BJ,家居用品,通过,保留,淘汰,综合得分未进入前30,6.54,49.97,3.12,9.68933864,-1.51,4.27,19.098,25.325609,2.236805,13.743826,0.6182795123,0.06381029,0.0,47,11,58,一致,20260804135709,待评,未进入30家初评队列
,432,920455,汇隆活塞,BJ,专用设备,通过,保留,淘汰,综合得分未进入前30,5.83,31.59,3.15,10.345335,-0.51,0.47,15.517,40.312157,0.782705,23.055094,0.7036588071,0.06801702,0.0,41,15,56,一致,20260804135645,待评,未进入30家初评队列
,,920476,海能技术,BJ,通用设备,通过,保留,淘汰,当前 PE/PB 缺失、为负或超出本轮可比估值上限,20.87,-1558.9,4.04,17.77702426,1.31,0.66,9.102222,66.554042,1.345972,13.15066,1.4638792226,0.0823467,0.0,44,7,51,一致,20260804135700,待评,未进入30家初评队列
,,920478,峆一药业,BJ,化学制药,通过,保留,淘汰,当前 PE/PB 缺失、为负或超出本轮可比估值上限,10.19,87.14,2.21,11.22858314,4.09,4.72,15.304,36.155843,1.042378,19.312622,0.2689937758,0.02395616,0.0,41,10,51,一致,20260804135706,待评,未进入30家初评队列
,547,920491,奥迪威,BJ,元件,通过,保留,淘汰,综合得分未进入前30,23.27,62.24,3.15,32.84401799,1.84,1.17,8.132,35.444815,1.047539,12.645696,1.6517538912,0.05029086,0.0,39,7,46,一致,20260804135700,待评,未进入30家初评队列
,,920496,许昌智能,BJ,电网设备,通过,保留,淘汰,当前 PE/PB 缺失、为负或超出本轮可比估值上限,6.47,363.58,1.9,10.7127025,-0.92,1.71,8.457,25.038307,1.352418,7.192232,0.0869767565,0.00811903,0.0,35,10,45,一致,20260804135706,待评,未进入30家初评队列
,,920504,博迅生物,BJ,医疗器械,通过,保留,淘汰,当前 PE/PB 缺失、为负或超出本轮可比估值上限,17.03,123.35,3.7,7.37962693,1.31,1.31,16.624,40.184735,1.127951,13.73666,0.7641908621,0.10355413,0.0,46,7,53,一致,20260804135709,待评,未进入30家初评队列
,527,920509,同惠电子,BJ,通用设备,通过,保留,淘汰,综合得分未进入前30,19.51,68.26,9.37,31.27564129,2.85,2.2,21.793,56.641405,1.008108,30.115626,1.4044768911,0.04490641,0.0,48,0,48,一致,20260804135645,待评,未进入30家初评队列
,,920522,纳科诺尔,BJ,电池,通过,保留,淘汰,当前 PE/PB 缺失、为负或超出本轮可比估值上限,20.79,98.32,4.25,45.62386456,-2.71,3.04,14.445,22.081888,0.993861,5.778494,0.8378876505,0.01836512,0.0,33,7,40,一致,20260804135709,待评,未进入30家初评队列
,102,920523,德瑞锂电,BJ,电池,通过,保留,淘汰,综合得分未进入前30,15.3,15.26,2.2,15.49910946,0.86,0.76,25.759,35.785941,1.168579,21.430178,0.7006465103,0.0452056,0.0,49,25,74,一致,20260804135706,待评,未进入30家初评队列
,467,920527,夜光明,BJ,纺织制造,通过,保留,淘汰,综合得分未进入前30,13.68,37.31,2.14,8.21384136,1.94,1.02,13.131,19.5918,1.686795,7.644401,0.3337253067,0.04062963,0.0,40,14,54,一致,20260804135700,待评,未进入30家初评队列
,157,920547,无锡晶海,BJ,生物制品,通过,保留,淘汰,综合得分未进入前30,17.92,17.6,1.95,13.9216896,0.73,0.62,15.771,31.897375,1.378242,12.876124,1.0470801848,0.07521215,0.0,46,25,71,一致,20260804135645,待评,未进入30家初评队列
,476,920556,雅达股份,BJ,电网设备,通过,保留,淘汰,综合得分未进入前30,6.8,54.32,2.12,10.92359358,-0.15,1.27,10.322,33.688234,1.299522,13.848083,0.8232507814,0.07536446,0.0,43,10,53,一致,20260804135706,待评,未进入30家初评队列
,,920564,天润科技,BJ,IT服务Ⅱ,通过,保留,淘汰,当前 PE/PB 缺失、为负或超出本轮可比估值上限,14.39,-21.26,5.09,15.38641325,2.79,2.05,16.897,33.163071,1.490077,13.142154,0.0631352164,0.00410331,0.0,43,4,47,一致,20260804135709,待评,未进入30家初评队列
,156,920566,梓橦宫,BJ,化学制药,通过,保留,淘汰,综合得分未进入前30,9.82,14.67,1.71,14.18615662,1.24,1.33,14.267,79.341836,1.026919,18.387796,3.1080545137,0.21909067,0.0,46,25,71,一致,20260804135654,待评,未进入30家初评队列
,346,920627,力王股份,BJ,电池,通过,保留,淘汰,综合得分未进入前30,14.0,33.83,2.82,13.223,0.07,1.38,16.31,15.892,1.887847,8.133344,0.6762980370999999,0.05114558,0.0,43,18,61,一致,20260804135709,待评,未进入30家初评队列
,,920640,富士达,BJ,通信设备,通过,保留,淘汰,当前 PE/PB 缺失、为负或超出本轮可比估值上限,26.98,100.14,5.56,50.6490144,1.58,1.24,13.208,36.882382,0.963549,10.509603,1.295427412,0.02557656,0.0,36,4,40,一致,20260804135709,待评,未进入30家初评队列
,309,920651,天罡股份,BJ,通用设备,通过,保留,淘汰,综合得分未进入前30,24.01,33.5,2.88,14.6461,7.91,2.21,17.272,49.830508,0.91831,23.532801,1.8335185064,0.12518817,0.0,45,18,63,一致,20260804135709,待评,未进入30家初评队列
,,920662,方盛股份,BJ,通用设备,通过,保留,淘汰,当前 PE/PB 缺失、为负或超出本轮可比估值上限,18.8,117.5,3.64,16.45940038,3.3,4.44,21.977,25.386553,1.195292,12.579221,0.372964632,0.02265967,0.0,42,7,49,一致,20260804135706,待评,未进入30家初评队列
,277,920675,秉扬科技,BJ,非金属材料Ⅱ,通过,保留,淘汰,综合得分未进入前30,7.28,23.59,2.1,12.5335392,0.28,0.92,16.186,22.828854,0.914522,14.159369,1.3460140272999999,0.10739297,0.0,43,22,65,一致,20260804135700,待评,未进入30家初评队列
,285,920685,新芝生物,BJ,通用设备,通过,保留,淘汰,综合得分未进入前30,12.94,42.55,2.14,11.84216277,7.12,12.49,19.244,64.157055,1.343749,24.615537,1.1152020356999999,0.09417216,0.0,50,14,64,一致,20260804135709,待评,未进入30家初评队列
,519,920689,克莱特,BJ,通用设备,通过,保留,淘汰,综合得分未进入前30,20.22,29.44,3.17,14.84148,-0.3,2.75,12.413,28.644562,0.926018,10.436006,0.2559489353,0.01724551,0.0,35,15,50,一致,20260804135709,待评,未进入30家初评队列
,,920699,海达尔,BJ,家电零部件Ⅱ,通过,保留,淘汰,当前 PE/PB 缺失、为负或超出本轮可比估值上限,67.25,106.39,12.85,42.95621995,8.29,3.43,31.37,25.640936,0.700396,13.057719,0.9099223465,0.02118255,0.0,40,0,40,一致,20260804135709,待评,未进入30家初评队列
,,920703,广厦环能,BJ,专用设备,通过,保留,淘汰,当前 PE/PB 缺失、为负或超出本轮可比估值上限,9.47,164.63,1.26,14.2735628,-0.84,0.79,20.694,44.317872,0.914508,18.407807,4.6030078374,0.32248486,0.0,50,12,62,一致,20260804135709,待评,未进入30家初评队列
,311,920726,朱老六,BJ,调味发酵品Ⅱ,通过,保留,淘汰,综合得分未进入前30,15.88,21.12,3.53,16.088028,-1.49,4.27,13.609,27.36209,2.141182,13.866715,1.1735758615,0.07294715,0.0,44,19,63,一致,20260804135709,待评,未进入30家初评队列
,,920729,永顺生物,BJ,动物保健Ⅱ,通过,保留,淘汰,当前 PE/PB 缺失、为负或超出本轮可比估值上限,6.58,88.45,2.78,17.98314,0.15,0.35,12.518,60.876255,1.334284,21.439118,2.7043035139,0.15037994,0.0,49,10,59,一致,20260804135700,待评,未进入30家初评队列
,178,920735,德源药业,BJ,化学制药,通过,保留,淘汰,综合得分未进入前30,23.72,13.78,2.33,30.61008811,0.72,1.41,17.426,81.759139,0.855783,16.96698,3.7773000894999997,0.1234005,0.0,45,25,70,一致,20260804135700,待评,未进入30家初评队列
,366,920751,惠同新材,BJ,金属新材料,通过,保留,淘汰,综合得分未进入前30,16.58,30.75,3.59,14.388124,0.0,0.65,11.859,38.616385,1.233871,15.705352,1.6836444382,0.11701626,0.0,45,15,60,一致,20260804135700,待评,未进入30家初评队列
,373,920753,天纺标,BJ,专业服务,通过,保留,淘汰,综合得分未进入前30,15.13,53.14,3.2,12.31648088,0.4,1.07,16.455,51.430388,1.678003,20.261345,1.6693091858000002,0.13553459,0.0,52,7,59,一致,20260804135645,待评,未进入30家初评队列
,,920770,艾能聚,BJ,光伏设备,通过,保留,淘汰,当前 PE/PB 缺失、为负或超出本轮可比估值上限,10.53,107.22,2.29,13.70291803,-1.68,3.89,12.453,34.634526,1.299502,12.943782,0.5237044838,0.03821846,0.0,43,10,53,一致,20260804135709,待评,未进入30家初评队列
,372,920779,武汉蓝电,BJ,电池,通过,保留,淘汰,综合得分未进入前30,23.47,52.72,4.23,18.79043874,-0.13,4.83,34.535,62.15254,0.926093,46.552883,2.8369294475,0.15097729,0.0,52,7,59,一致,20260804135706,待评,未进入30家初评队列
,,920799,艾融软件,BJ,软件开发,通过,保留,淘汰,当前 PE/PB 缺失、为负或超出本轮可比估值上限,30.51,398.2,16.44,63.81026154,1.67,2.96,23.019,32.267493,0.701185,17.502359,2.0394323159,0.03196088,0.0,42,0,42,一致,20260804135700,待评,未进入30家初评队列
,383,920802,保丽洁,BJ,环境治理,通过,保留,淘汰,综合得分未进入前30,10.43,45.39,1.96,8.55346465,-0.29,0.72,13.324,35.392392,1.423123,19.298275,1.1542396897,0.13494411,0.0,45,14,59,一致,20260804135645,待评,未进入30家初评队列
,,920834,三维装备,BJ,橡胶,通过,周期边界复核排除,淘汰,周期边界复核：行业名称命中油气、燃气、建材、农化等周期关键词,8.25,35.53,3.35,9.90000041,-0.24,0.84,16.981,31.892577,1.127008,12.81213,1.6607871025,0.16775627,0.0,48,11,59,一致,20260804135648,待评,未进入30家初评队列
,340,920855,浙江大农,BJ,专用设备,通过,保留,淘汰,综合得分未进入前30,12.11,35.43,1.58,9.05020663,0.0,0.17,12.152,32.044109,1.472519,15.809487,2.2553206182,0.24920101,0.0,47,14,61,一致,20260804135645,待评,未进入30家初评队列
,,920866,绿亨科技,BJ,农化制品,通过,周期边界复核排除,淘汰,周期边界复核：行业名称命中油气、燃气、建材、农化等周期关键词,5.85,34.26,1.38,10.54204515,-0.34,0.71,15.798,41.925345,1.400506,14.602044,0.7025276415999999,0.06664055,0.0,46,20,66,一致,20260804135648,待评,未进入30家初评队列
,393,920870,恒进感应,BJ,通用设备,通过,保留,淘汰,综合得分未进入前30,11.03,60.11,3.32,14.7802,0.36,0.91,20.358,48.0724,1.207219,29.888399,1.3784910597,0.09326606,0.0,51,7,58,一致,20260804135706,待评,未进入30家初评队列
,349,920892,广咨国际,BJ,工程咨询服务Ⅱ,通过,保留,淘汰,综合得分未进入前30,10.46,60.66,5.17,17.81875152,0.29,0.16,29.313,37.400529,1.35391,16.101306,5.7545682953999995,0.32295014,0.0,56,4,60,一致,20260804135654,待评,未进入30家初评队列
,,920926,鸿智科技,BJ,小家电,通过,保留,淘汰,当前 PE/PB 缺失、为负或超出本轮可比估值上限,10.29,513.33,3.57,9.09242274,0.29,0.54,23.687,17.544126,0.933207,6.925794,0.6578888964,0.07235573,0.0,39,7,46,一致,20260804135706,待评,未进入30家初评队列
,229,920946,森萱医药,BJ,化学制药,通过,保留,淘汰,综合得分未进入前30,9.29,21.08,3.18,39.66071379,1.09,0.36,14.905,44.58151,1.361918,20.440236,8.0914446762,0.20401662,0.0,48,19,67,一致,20260804135654,待评,未进入30家初评队列
,210,920950,迅安科技,BJ,通用设备,通过,保留,淘汰,综合得分未进入前30,12.67,23.37,3.07,9.289644,-0.31,0.32,32.486,40.136652,0.941597,21.587669,0.9441296502,0.10163249,0.0,49,19,68,一致,20260804135700,待评,未进入30家初评队列
,269,920976,视声智能,BJ,计算机设备,通过,保留,淘汰,综合得分未进入前30,18.11,24.99,4.74,12.84966074,0.0,4.0,18.89,47.472936,1.166203,10.648112,1.6594538547,0.12914379,0.0,46,19,65,一致,20260804135706,待评,未进入30家初评队列
,318,920982,锦波生物,BJ,医疗美容,通过,保留,淘汰,综合得分未进入前30,128.38,26.29,7.47,147.72088349,-0.47,1.13,26.895,87.822762,1.02573,33.713667,9.919168218400001,0.06714804,0.0,50,12,62,一致,20260804135706,待评,未进入30家初评队列
