selection_rank,global_rank,code,name,exchange,industry,original_scope,result,secondary_scope,decision,decision_reason,price,pe_ttm,pb,market_cap_yi,change_pct,turnover_pct,roe_avg_10,gross_margin_avg_5,ocf_ni_avg_5,net_margin_avg_10,fcf_5_total_yi,fcf_to_market_cap_5y,share_inflation_5,debt_ratio,debt_limit,debt_gate,quality_score,quality_score_basis,valuation_score,composite_score,price_cross_check,quote_timestamp,moat_rating,moat_basis,moat_status
,204,000001,平安银行,SZ,银行Ⅱ,金融,金融特殊口径通过,金融行业（特殊口径）,淘汰,综合得分未进入前50,11.44,3.82,0.49,2220.03704185,-1.55,0.63,11.099,,1.694905,24.117718,3949.6,1.77906941,0.0,90.6985362426,,金融特殊口径,41.33,金融特殊口径：ROE 40分、股本稳定性20分,30,71.33,一致,20260804150000,待评,未完成护城河初评,待核验
,787,000025,特 力Ａ,SZ,综合Ⅱ,保留,通过,普通行业,淘汰,综合得分未进入前50,15.54,50.33,3.7,66.98646293,-0.83,2.91,8.142,16.775653,0.997214,15.781768,2.9906890017000003,0.04464617,0.0,24.6792261736,60,通过,34,普通行业：ROE、现金流、FCF、市值稳定性、毛利率和净利率,7,41,一致,20260804150000,待评,未完成护城河初评,待核验
,,000333,美的集团,SZ,白色家电,保留,通过,普通行业,淘汰,2025年报资产负债率超过普通行业门槛（公用事业放宽至70%）,85.14,12.81,3.15,6494.29631417,-0.88,0.55,23.932,25.047411,1.380423,8.715082,2020.36597,0.31109852,0.0,61.1650097449,60,不通过,51,普通行业：ROE、现金流、FCF、市值稳定性、毛利率和净利率,22,73,一致,20260804150000,待评,未完成护城河初评,待核验
,615,000400,许继电气,SZ,电网设备,保留,通过,普通行业,淘汰,综合得分未进入前50,23.83,54.65,2.01,242.73768194,0.8,3.08,8.365,20.412519,2.044147,5.963025,86.5025127761,0.35636211,0.0,49.0306647393,60,通过,46,普通行业：ROE、现金流、FCF、市值稳定性、毛利率和净利率,10,56,一致,20260804150000,待评,未完成护城河初评,待核验
,583,000408,藏格矿业,SZ,农化制品,保留,通过,普通行业,淘汰,综合得分未进入前50,80.93,20.17,8.3,1269.72271041,1.25,0.89,19.748,62.043675,0.832043,49.324127,127.19850816719999,0.10017818,0.0,8.3472723292,60,通过,46,普通行业：ROE、现金流、FCF、市值稳定性、毛利率和净利率,12,58,一致,20260804150000,待评,未完成护城河初评,待核验
,230,000423,东阿阿胶,SZ,中药Ⅱ,保留,通过,普通行业,淘汰,综合得分未进入前50,54.6,19.2,3.54,349.3454459,-1.44,1.05,11.686,68.80156,2.790772,17.78111,117.3435090943,0.33589535,0.0,22.5537573588,60,通过,52,普通行业：ROE、现金流、FCF、市值稳定性、毛利率和净利率,19,71,一致,20260804150000,待评,未完成护城河初评,待核验
,,000425,徐工机械,SZ,工程机械,周期,通过,周期行业（本次保留）,淘汰,2025年报资产负债率超过普通行业门槛（公用事业放宽至70%）,8.44,12.02,1.64,988.4261619,-3.43,1.98,9.17,21.530705,1.104959,5.086712,84.24825596310001,0.08523475,0.0,64.0099309235,60,不通过,38,普通行业：ROE、现金流、FCF、市值稳定性、毛利率和净利率,25,63,一致,20260804150000,待评,未完成护城河初评,待核验
13,13,000429,粤高速Ａ,SZ,铁路公路,周期,通过,周期行业（本次保留）,入选50家,综合得分靠前，且满足 PE/PB 可比、普通行业负债率门槛与行业分散上限,14.34,16.59,2.92,299.82159847,-1.92,0.66,15.749,63.720037,2.14405,35.945148,96.74404464870001,0.32267203,0.0,46.9829693687,70,通过,56,普通行业：ROE、现金流、FCF、市值稳定性、毛利率和净利率,25,81,一致,20260804150000,待评,未完成护城河初评,待核验
16,16,000513,丽珠集团,SZ,化学制药,保留,通过,普通行业,入选50家,综合得分靠前，且满足 PE/PB 可比、普通行业负债率门槛与行业分散上限,30.82,11.86,2.07,273.6529901,-0.64,0.93,17.541,64.968751,1.437233,18.439595,98.33828810440001,0.35935397,0.0,35.1811775084,60,通过,53,普通行业：ROE、现金流、FCF、市值稳定性、毛利率和净利率,28,81,一致,20260804150000,4/5,药品注册、产品组合和医药商业化能力,初评达到★★★
,,000532,华金资本,SZ,多元金融,金融,金融特殊口径通过,金融行业（特殊口径）,淘汰,当前 PE/PB 缺失、为负或超出本轮可比估值上限,10.68,-170.76,2.32,36.81485071,-0.74,1.05,10.241,44.055042,1.119226,21.786391,3.1451056094,0.08543035,0.0,28.088581264,,金融特殊口径,41.33,金融特殊口径：ROE 40分、股本稳定性20分,10,51.33,一致,20260804150000,待评,未完成护城河初评,待核验
,188,000538,云南白药,SZ,中药Ⅱ,保留,通过,普通行业,淘汰,综合得分未进入前50,51.7,11.32,2.35,922.46376575,-1.13,0.54,11.275,27.477298,1.1169,12.062469,181.2094985798,0.19644078,0.0,26.0207287697,60,通过,44,普通行业：ROE、现金流、FCF、市值稳定性、毛利率和净利率,28,72,一致,20260804150000,待评,未完成护城河初评,待核验
,699,000541,佛山照明,SZ,照明设备Ⅱ,保留,通过,普通行业,淘汰,综合得分未进入前50,5.0,73.43,1.13,76.7889115,-1.38,0.89,8.003,17.882514,2.567701,9.524229,11.016252511700001,0.1434615,0.0,39.2359682574,60,通过,40,普通行业：ROE、现金流、FCF、市值稳定性、毛利率和净利率,12,52,一致,20260804150000,待评,未完成护城河初评,待核验
,,000559,万向钱潮,SZ,汽车零部件,周期,通过,周期行业（本次保留）,淘汰,2025年报资产负债率超过普通行业门槛（公用事业放宽至70%）,11.7,39.29,4.78,387.89693795,1.92,1.31,12.084,15.561004,1.437163,6.27584,47.407109390100004,0.12221574,0.0,61.2338326044,60,不通过,40,普通行业：ROE、现金流、FCF、市值稳定性、毛利率和净利率,11,51,一致,20260804150000,待评,未完成护城河初评,待核验
10,10,000568,泸州老窖,SZ,白酒Ⅱ,保留,通过,普通行业,入选50家,综合得分靠前，且满足 PE/PB 可比、普通行业负债率门槛与行业分散上限,89.3,8.86,2.55,1314.40800646,-1.21,0.77,26.664,86.949303,0.930025,34.829815,452.7732408554,0.34446933,0.0,22.9970115825,60,通过,54,普通行业：ROE、现金流、FCF、市值稳定性、毛利率和净利率,28,82,一致,20260804150000,4/5,白酒品牌、产品结构和经销商网络,初评达到★★★
,43,000596,古井贡酒,SZ,白酒Ⅱ,保留,通过,普通行业,淘汰,行业分散上限：同一细分行业最多入选3家,91.44,7.52,1.99,483.35184,-2.19,1.28,20.435,78.098709,1.132129,18.897248,109.033523984,0.22557796,0.0,31.6596151254,60,通过,51,普通行业：ROE、现金流、FCF、市值稳定性、毛利率和净利率,28,79,一致,20260804150000,待评,未完成护城河初评,待核验
,405,000603,盛达资源,SZ,贵金属,周期,通过,周期行业（本次保留）,淘汰,综合得分未进入前50,26.5,23.44,4.87,182.84187669,3.03,7.8,14.642,51.875662,1.78972,19.671212,12.1323235396,0.06635418,0.0,44.4680209868,60,通过,46,普通行业：ROE、现金流、FCF、市值稳定性、毛利率和净利率,19,65,一致,20260804150000,待评,未完成护城河初评,待核验
,60,000650,仁和药业,SZ,中药Ⅱ,保留,通过,普通行业,淘汰,综合得分未进入前50,5.48,13.66,1.23,76.71661522,-0.18,0.95,11.966,37.323483,1.516439,11.5974,26.8800959091,0.35038167,0.0,10.3846154764,60,通过,51,普通行业：ROE、现金流、FCF、市值稳定性、毛利率和净利率,27,78,一致,20260804150000,待评,未完成护城河初评,待核验
,,000651,格力电器,SZ,白色家电,保留,通过,普通行业,淘汰,2025年报资产负债率超过普通行业门槛（公用事业放宽至70%）,40.52,9.33,1.49,2269.68960625,-1.07,1.25,26.362,27.795968,1.141468,14.048562,1405.0754703041,0.61906063,0.0,61.7266230738,60,不通过,53,普通行业：ROE、现金流、FCF、市值稳定性、毛利率和净利率,30,83,一致,20260804150000,4/5,家电品牌、制造规模、渠道和服务网络,初评达到★★★
,119,000661,长春高新,SZ,生物制品,保留,通过,普通行业,淘汰,综合得分未进入前50,77.17,28.54,1.42,314.80539113,-1.87,2.85,20.168,85.882616,1.814567,23.052615,43.6535910569,0.1386685,0.0,17.3235094811,60,通过,54,普通行业：ROE、现金流、FCF、市值稳定性、毛利率和净利率,20,74,一致,20260804150000,待评,未完成护城河初评,待核验
,,000672,上峰材料,SZ,水泥,周期,通过,周期行业（本次保留）,淘汰,当前 PE/PB 缺失、为负或超出本轮可比估值上限,13.29,100.95,1.49,128.83265531,3.42,2.25,25.16,32.00009,1.422354,18.914626,34.4479050977,0.26738489,0.0,41.2633591584,60,通过,54,普通行业：ROE、现金流、FCF、市值稳定性、毛利率和净利率,12,66,一致,20260804150000,待评,未完成护城河初评,待核验
,328,000682,东方电子,SZ,电网设备,保留,通过,普通行业,淘汰,综合得分未进入前50,12.56,17.85,2.77,168.39531208,1.78,1.92,9.38,32.91999,1.250974,6.932261,28.5585831542,0.16959251,0.0,54.2740853545,60,通过,43,普通行业：ROE、现金流、FCF、市值稳定性、毛利率和净利率,25,68,一致,20260804150000,待评,未完成护城河初评,待核验
,132,000683,博源化工,SZ,化学原料,周期,通过,周期行业（本次保留）,淘汰,综合得分未进入前50,5.94,13.24,1.79,220.77979466,-2.78,2.69,12.627,38.926605,1.871653,12.361884,34.5219412035,0.15636368,0.0,55.9791018188,60,通过,49,普通行业：ROE、现金流、FCF、市值稳定性、毛利率和净利率,25,74,一致,20260804150000,待评,未完成护城河初评,待核验
,234,000719,中原传媒,SZ,出版,保留,通过,普通行业,淘汰,综合得分未进入前50,12.72,29.27,1.11,130.15151687,-1.62,0.76,10.668,38.423975,1.519459,10.416524,62.523807802200004,0.48039246,0.0,35.4189620148,60,通过,51,普通行业：ROE、现金流、FCF、市值稳定性、毛利率和净利率,20,71,一致,20260804150000,待评,未完成护城河初评,待核验
,,000733,振华科技,SZ,军工电子Ⅱ,保留,通过,普通行业,淘汰,当前 PE/PB 缺失、为负或超出本轮可比估值上限,41.46,361.09,1.48,229.75864609,1.02,2.32,12.057,55.705793,0.941868,16.445685,41.808350497,0.18196639,0.0,18.3416485833,60,通过,44,普通行业：ROE、现金流、FCF、市值稳定性、毛利率和净利率,12,56,一致,20260804150000,待评,未完成护城河初评,待核验
,588,000739,普洛药业,SZ,化学制药,保留,通过,普通行业,淘汰,综合得分未进入前50,22.12,25.73,4.07,256.24771901,10.0,1.48,15.422,25.300025,1.100069,8.092663,27.097150394699998,0.10574592,0.0,48.4801631091,60,通过,43,普通行业：ROE、现金流、FCF、市值稳定性、毛利率和净利率,15,58,一致,20260804150000,待评,未完成护城河初评,待核验
19,19,000786,北新建材,SZ,装修建材,保留,通过,普通行业,入选50家,综合得分靠前，且满足 PE/PB 可比、普通行业负债率门槛与行业分散上限,18.83,9.97,1.2,320.53104671,-3.24,1.48,15.272,29.901635,1.291542,14.886508,149.5082016893,0.46643906,0.0,21.598410049,60,通过,51,普通行业：ROE、现金流、FCF、市值稳定性、毛利率和净利率,30,81,一致,20260804150000,待评,未完成护城河初评,待核验
,377,000792,盐湖股份,SZ,农化制品,保留,豁免B通过,普通行业,淘汰,综合得分未进入前50,27.61,12.07,3.27,1461.00317857,0.77,0.79,10.933333,60.892146,1.318697,-9.079138,470.2496982742,0.32186768,0.0,17.4893509926,60,通过,44,普通行业：ROE、现金流、FCF、市值稳定性、毛利率和净利率,22,66,一致,20260804150000,待评,未完成护城河初评,待核验
,772,000811,冰轮环境,SZ,通用设备,保留,通过,普通行业,淘汰,综合得分未进入前50,35.88,75.95,5.54,356.10110102,9.99,3.77,10.56,24.895036,1.22981,8.316496,20.5100494086,0.05759614,0.0,47.9901683902,60,通过,40,普通行业：ROE、现金流、FCF、市值稳定性、毛利率和净利率,4,44,一致,20260804150000,待评,未完成护城河初评,待核验
,91,000830,鲁西化工,SZ,化学原料,周期,通过,周期行业（本次保留）,淘汰,综合得分未进入前50,12.8,13.91,1.28,243.75283341,-2.29,1.76,15.351,17.935961,3.006551,8.133789,103.5801252422,0.42493916,0.0,46.5359767027,60,通过,49,普通行业：ROE、现金流、FCF、市值稳定性、毛利率和净利率,27,76,一致,20260804150000,待评,未完成护城河初评,待核验
18,18,000848,承德露露,SZ,饮料乳品,保留,通过,普通行业,入选50家,综合得分靠前，且满足 PE/PB 可比、普通行业负债率门槛与行业分散上限,9.04,9.28,2.88,92.20800669,-2.8,2.14,22.368,43.756567,1.154963,20.730144,29.423282821300003,0.31909683,0.0,34.2775966649,60,通过,53,普通行业：ROE、现金流、FCF、市值稳定性、毛利率和净利率,28,81,一致,20260804150000,3/5,植物蛋白饮料品牌和渠道,初评达到★★★
2,2,000858,五 粮 液,SZ,白酒Ⅱ,保留,通过,普通行业,入选50家,综合得分靠前，且满足 PE/PB 可比、普通行业负债率门槛与行业分散上限,76.88,9.25,2.53,2984.18023424,-1.51,0.91,21.328,76.233413,1.565099,32.814251,1456.8395430136,0.48818752,0.0,35.6890530354,60,通过,58,普通行业：ROE、现金流、FCF、市值稳定性、毛利率和净利率,28,86,一致,20260804150000,5/5,高端白酒品牌、渠道和消费心智,初评达到★★★
,488,000887,中鼎股份,SZ,汽车零部件,周期,通过,周期行业（本次保留）,淘汰,综合得分未进入前50,18.33,18.74,1.67,241.31257063,6.02,3.34,10.08,22.150157,1.177057,7.388796,23.1491030475,0.09592995,0.0,47.3690259761,60,通过,40,普通行业：ROE、现金流、FCF、市值稳定性、毛利率和净利率,22,62,一致,20260804150000,待评,未完成护城河初评,待核验
,236,000895,双汇发展,SZ,食品加工,保留,通过,普通行业,淘汰,综合得分未进入前50,25.52,17.11,4.45,884.18154156,-2.56,0.42,29.206,16.907703,1.276737,8.614681,205.7364432382,0.23268575,0.0,45.3233752789,60,通过,49,普通行业：ROE、现金流、FCF、市值稳定性、毛利率和净利率,22,71,一致,20260804150000,待评,未完成护城河初评,待核验
,,000910,大亚圣象,SZ,家居用品,保留,通过,普通行业,淘汰,当前 PE/PB 缺失、为负或超出本轮可比估值上限,5.23,-7.4,0.44,28.62888925,-0.76,0.81,11.224,25.583472,1.445407,6.658438,17.6566799573,0.61674345,0.0,27.837220301,60,通过,46,普通行业：ROE、现金流、FCF、市值稳定性、毛利率和净利率,12,58,一致,20260804150000,待评,未完成护城河初评,待核验
,,000913,钱江摩托,SZ,摩托车及其他,保留,通过,普通行业,淘汰,当前 PE/PB 缺失、为负或超出本轮可比估值上限,11.94,-40.37,1.25,62.8534734,-1.73,1.3,10.515,26.405885,1.182665,8.352959,4.525141769599999,0.07199509,0.0,45.8584845464,60,通过,38,普通行业：ROE、现金流、FCF、市值稳定性、毛利率和净利率,12,50,一致,20260804150000,待评,未完成护城河初评,待核验
,73,000915,华特达因,SZ,化学制药,保留,通过,普通行业,淘汰,综合得分未进入前50,25.69,13.61,2.41,60.1997585,-1.38,1.23,14.685,80.563872,2.088984,17.539875,49.754820206000005,0.82649535,0.0,12.9537179427,60,通过,52,普通行业：ROE、现金流、FCF、市值稳定性、毛利率和净利率,25,77,一致,20260804150000,待评,未完成护城河初评,待核验
,400,000920,沃顿科技,SZ,塑料,保留,通过,普通行业,淘汰,综合得分未进入前50,11.13,29.82,2.72,52.60273043,2.77,2.06,10.436,36.331355,1.575082,9.550435,8.8460320935,0.16816679,0.0,26.1950288415,60,通过,47,普通行业：ROE、现金流、FCF、市值稳定性、毛利率和净利率,18,65,一致,20260804150000,待评,未完成护城河初评,待核验
,,000923,河钢资源,SZ,冶钢原料,保留,通过,普通行业,淘汰,当前 PE/PB 缺失、为负或超出本轮可比估值上限,14.51,104.66,0.98,94.71097224,-0.07,1.65,8.366,64.509351,1.791506,10.755366,22.473718752699998,0.23728738,0.0,25.9847556989,60,通过,48,普通行业：ROE、现金流、FCF、市值稳定性、毛利率和净利率,12,60,一致,20260804150000,待评,未完成护城河初评,待核验
15,15,000933,神火股份,SZ,工业金属,周期,通过,周期行业（本次保留）,入选50家,综合得分靠前，且满足 PE/PB 可比、普通行业负债率门槛与行业分散上限,25.69,6.04,2.09,577.7692301,1.26,2.27,22.126,27.581753,2.243077,7.853664,476.1918934135,0.82419047,0.0,42.1880405664,60,通过,53,普通行业：ROE、现金流、FCF、市值稳定性、毛利率和净利率,28,81,一致,20260804150000,待评,未完成护城河初评,待核验
,704,000935,四川双马,SZ,多元金融,金融,金融特殊口径通过,金融行业（特殊口径）,淘汰,综合得分未进入前50,22.15,71.9,2.16,169.10203376,4.04,0.68,12.387,45.076296,0.767169,43.045387,16.3089579425,0.09644448,0.0,19.3482651015,,金融特殊口径,41.33,金融特殊口径：ROE 40分、股本稳定性20分,10,51.33,一致,20260804150000,待评,未完成护城河初评,待核验
,447,000937,冀中能源,SZ,煤炭开采,周期,通过,周期行业（本次保留）,淘汰,行业分散上限：同一细分行业最多入选3家,4.67,40.74,0.96,181.51830168,-1.68,0.49,8.553,31.247648,1.850966,7.027237,91.1814544098,0.50232651,0.0,59.5350320252,60,通过,47,普通行业：ROE、现金流、FCF、市值稳定性、毛利率和净利率,16,63,一致,20260804150000,待评,未完成护城河初评,待核验
,157,000963,华东医药,SZ,化学制药,保留,通过,普通行业,淘汰,综合得分未进入前50,28.49,12.46,2.02,499.639628,-0.28,1.17,18.945,32.111667,1.205039,7.227955,105.54089310479999,0.21123403,0.0,35.5218447125,60,通过,48,普通行业：ROE、现金流、FCF、市值稳定性、毛利率和净利率,25,73,一致,20260804150000,待评,未完成护城河初评,待核验
29,30,000968,蓝焰控股,SZ,油气开采Ⅱ,保留,通过,普通行业,入选50家,综合得分靠前，且满足 PE/PB 可比、普通行业负债率门槛与行业分散上限,7.04,11.53,1.07,68.11218726,0.57,2.45,11.097,35.201008,2.371231,21.939979,11.225152870399999,0.16480388,0.0,43.3983641174,60,通过,50,普通行业：ROE、现金流、FCF、市值稳定性、毛利率和净利率,30,80,一致,20260804150000,待评,未完成护城河初评,待核验
,156,000975,山金国际,SZ,贵金属,周期,通过,周期行业（本次保留）,淘汰,综合得分未进入前50,22.56,11.22,3.85,625.48218956,-1.18,1.91,11.846,28.740143,1.652341,16.861017,108.4037552831,0.1733123,0.0,18.6450865717,60,通过,48,普通行业：ROE、现金流、FCF、市值稳定性、毛利率和净利率,25,73,一致,20260804150000,待评,未完成护城河初评,待核验
42,45,000983,山西焦煤,SZ,煤炭开采,周期,通过,周期行业（本次保留）,入选50家,综合得分靠前，且满足 PE/PB 可比、普通行业负债率门槛与行业分散上限,6.46,11.35,1.0,366.74072841,-1.37,0.91,12.815,35.300705,2.51918,7.315091,199.0022851819,0.5426239,0.0,57.1035461511,60,通过,49,普通行业：ROE、现金流、FCF、市值稳定性、毛利率和净利率,30,79,一致,20260804150000,待评,未完成护城河初评,待核验
,797,000988,华工科技,SZ,自动化设备,保留,通过,普通行业,淘汰,综合得分未进入前50,100.65,39.63,8.85,1012.0384746,8.03,5.78,9.888,20.294763,0.73195,8.32385,13.298717101600001,0.01314053,0.0,51.4063253702,60,通过,29,普通行业：ROE、现金流、FCF、市值稳定性、毛利率和净利率,4,33,一致,20260804150000,待评,未完成护城河初评,待核验
,280,000989,九芝堂,SZ,中药Ⅱ,保留,通过,普通行业,淘汰,综合得分未进入前50,9.24,11.99,2.19,79.08904191,0.65,4.27,8.743,59.463594,1.189296,11.556374,11.097428036199998,0.14031562,0.0,24.3263483583,60,通过,42,普通行业：ROE、现金流、FCF、市值稳定性、毛利率和净利率,28,70,一致,20260804150000,待评,未完成护城河初评,待核验
50,53,000999,华润三九,SZ,中药Ⅱ,保留,通过,普通行业,入选50家,综合得分靠前，且满足 PE/PB 可比、普通行业负债率门槛与行业分散上限,25.75,12.82,1.87,428.53609844,-1.57,0.78,15.12,54.454191,1.306536,12.292693,142.5515442968,0.33264769,0.0,34.5764640062,60,通过,53,普通行业：ROE、现金流、FCF、市值稳定性、毛利率和净利率,25,78,一致,20260804150000,待评,未完成护城河初评,待核验
,456,001206,依依股份,SZ,个护用品,保留,通过,普通行业,淘汰,综合得分未进入前50,16.27,27.16,1.66,30.08222256,1.12,5.0,16.5,17.408224,1.210965,8.807326,4.5346442926999995,0.15074166,0.0,15.6419885916,60,通过,45,普通行业：ROE、现金流、FCF、市值稳定性、毛利率和净利率,18,63,一致,20260804150000,待评,未完成护城河初评,待核验
,78,001210,金房能源,SZ,电力,保留,通过,普通行业,淘汰,综合得分未进入前50,18.9,7.82,2.89,41.49263399,2.72,3.48,15.144,23.91124,5.374659,11.201346,4.0704081648,0.09809954,0.0,42.9564304318,70,通过,49,普通行业：ROE、现金流、FCF、市值稳定性、毛利率和净利率,28,77,一致,20260804150000,待评,未完成护城河初评,待核验
,265,001216,华瓷股份,SZ,家居用品,保留,通过,普通行业,淘汰,综合得分未进入前50,13.9,23.21,1.65,40.58220898,0.29,0.72,15.793,32.286803,1.374862,12.098342,4.2946952925,0.10582705,0.0,18.3090987972,60,通过,48,普通行业：ROE、现金流、FCF、市值稳定性、毛利率和净利率,22,70,一致,20260804150000,待评,未完成护城河初评,待核验
,413,001219,青岛食品,SZ,休闲食品,保留,通过,普通行业,淘汰,综合得分未进入前50,12.43,19.23,2.32,24.23648013,-0.96,1.13,13.535,33.990679,0.951488,15.616544,4.0775466689,0.16824005,0.0,20.0684244416,60,通过,43,普通行业：ROE、现金流、FCF、市值稳定性、毛利率和净利率,22,65,一致,20260804150000,待评,未完成护城河初评,待核验
,392,001227,兰州银行,SZ,银行Ⅱ,金融,金融特殊口径通过,金融行业（特殊口径）,淘汰,综合得分未进入前50,2.22,5.94,0.41,126.44447713,-2.2,1.94,8.126,,7.585653,25.800997,672.1862259711,5.31605841,0.0,93.2459318456,,金融特殊口径,36.0,金融特殊口径：ROE 40分、股本稳定性20分,30,66.0,一致,20260804150000,待评,未完成护城河初评,待核验
,651,001277,速达股份,SZ,专用设备,保留,通过,普通行业,淘汰,综合得分未进入前50,27.83,36.81,1.37,21.1508,-0.71,1.92,18.641,24.942984,0.788995,12.176279,0.7078004079000001,0.03346447,0.0,23.7973316383,60,通过,39,普通行业：ROE、现金流、FCF、市值稳定性、毛利率和净利率,16,55,一致,20260804150000,待评,未完成护城河初评,待核验
,455,001299,美能能源,SZ,燃气Ⅱ,保留,通过,普通行业,淘汰,综合得分未进入前50,9.8,27.8,2.74,30.79308833,-0.41,0.92,15.712,21.724,1.141209,18.302766,2.5694305802,0.0834418,0.0,29.5193936951,70,通过,45,普通行业：ROE、现金流、FCF、市值稳定性、毛利率和净利率,18,63,一致,20260804150000,待评,未完成护城河初评,待核验
,250,001332,锡装股份,SZ,专用设备,保留,通过,普通行业,淘汰,综合得分未进入前50,30.78,13.04,1.83,47.6123508,-0.19,3.26,16.2,31.989348,1.04142,17.187729,6.3427003191999995,0.13321544,0.0,30.1214340885,60,通过,46,普通行业：ROE、现金流、FCF、市值稳定性、毛利率和净利率,25,71,一致,20260804150000,待评,未完成护城河初评,待核验
,537,001358,兴欣新材,SZ,化学制品,周期,通过,周期行业（本次保留）,淘汰,综合得分未进入前50,25.36,36.31,2.19,31.24352,3.55,15.34,25.583,34.514683,0.834487,18.416691,1.8132103088,0.05803476,0.0,10.6203091869,60,通过,46,普通行业：ROE、现金流、FCF、市值稳定性、毛利率和净利率,14,60,一致,20260804150000,待评,未完成护城河初评,待核验
,425,001376,百通能源,SZ,电力,保留,通过,普通行业,淘汰,综合得分未进入前50,11.34,30.68,4.24,52.26606,-0.87,8.33,15.031,26.466489,2.24582,13.361927,6.9228155935,0.13245337,0.0,30.6549240138,70,通过,49,普通行业：ROE、现金流、FCF、市值稳定性、毛利率和净利率,15,64,一致,20260804150000,待评,未完成护城河初评,待核验
,165,001965,招商公路,SZ,铁路公路,周期,通过,周期行业（本次保留）,淘汰,行业分散上限：同一细分行业最多入选3家,9.78,12.32,0.98,664.56029022,-2.59,0.29,8.558,35.47485,1.026423,52.508463,220.9672260502,0.3325014,0.0,43.5832103434,70,通过,46,普通行业：ROE、现金流、FCF、市值稳定性、毛利率和净利率,27,73,一致,20260804150000,待评,未完成护城河初评,待核验
,,001979,招商蛇口,SZ,房地产开发,周期,通过,周期行业（本次保留）,淘汰,当前 PE/PB 缺失、为负或超出本轮可比估值上限,6.82,392.97,0.63,614.89339406,-3.26,1.46,12.161,17.794501,6.012171,9.018504,894.4333964683,1.45461539,0.0,67.5154998314,60,不通过,46,普通行业：ROE、现金流、FCF、市值稳定性、毛利率和净利率,12,58,一致,20260804150000,待评,未完成护城河初评,待核验
,86,002001,新 和 成,SZ,化学制品,周期,通过,周期行业（本次保留）,淘汰,综合得分未进入前50,30.11,12.66,2.83,925.40726785,-1.18,0.83,18.128,40.145469,1.388771,27.858682,148.3893469132,0.16035032,0.0,27.7275132184,60,通过,51,普通行业：ROE、现金流、FCF、市值稳定性、毛利率和净利率,25,76,一致,20260804150000,待评,未完成护城河初评,待核验
,367,002003,伟星股份,SZ,纺织制造,保留,通过,普通行业,淘汰,综合得分未进入前50,10.4,33.21,2.94,123.64452391,-1.79,1.44,15.455,40.343272,1.517816,13.497347,8.491285064400001,0.06867498,0.0,32.3751712208,60,通过,48,普通行业：ROE、现金流、FCF、市值稳定性、毛利率和净利率,18,66,一致,20260804150000,待评,未完成护城河初评,待核验
,426,002007,华兰生物,SZ,生物制品,保留,通过,普通行业,淘汰,综合得分未进入前50,13.49,26.73,2.28,246.28571401,-1.39,0.67,16.288,64.673835,0.961621,30.336661,32.6150813164,0.13242782,0.0,12.2607766867,60,通过,46,普通行业：ROE、现金流、FCF、市值稳定性、毛利率和净利率,18,64,一致,20260804150000,待评,未完成护城河初评,待核验
,770,002008,大族激光,SZ,自动化设备,保留,通过,普通行业,淘汰,综合得分未进入前50,88.25,35.32,4.23,908.62500756,8.67,5.42,13.328,34.137952,0.95082,9.969733,7.0878994308,0.00780069,0.0,50.5182522876,60,通过,34,普通行业：ROE、现金流、FCF、市值稳定性、毛利率和净利率,11,45,一致,20260804150000,待评,未完成护城河初评,待核验
,292,002014,永新股份,SZ,包装印刷,保留,通过,普通行业,淘汰,综合得分未进入前50,10.88,18.36,2.77,66.63911502,-1.98,0.88,15.576,23.177215,1.093647,11.050068,11.7072328184,0.1756811,0.0,41.678692573,60,通过,47,普通行业：ROE、现金流、FCF、市值稳定性、毛利率和净利率,22,69,一致,20260804150000,待评,未完成护城河初评,待核验
,298,002020,京新药业,SZ,化学制药,保留,通过,普通行业,淘汰,综合得分未进入前50,13.74,17.9,2.04,118.30540384,0.51,1.98,12.426,51.888144,1.046747,15.583868,16.34169485,0.13813143,0.0,27.7374926221,60,通过,44,普通行业：ROE、现金流、FCF、市值稳定性、毛利率和净利率,25,69,一致,20260804150000,待评,未完成护城河初评,待核验
8,8,002027,分众传媒,SZ,广告营销,保留,通过,普通行业,入选50家,综合得分靠前，且满足 PE/PB 可比、普通行业负债率门槛与行业分散上限,5.32,10.73,6.05,768.32502542,-0.37,1.42,34.978,65.893699,1.861697,35.828833,367.2422180825,0.47797769,0.0,27.7068041132,60,通过,60,普通行业：ROE、现金流、FCF、市值稳定性、毛利率和净利率,22,82,一致,20260804150000,4/5,核心楼宇媒体点位网络和规模化销售系统,初评达到★★★
,765,002028,思源电气,SZ,电网设备,保留,通过,普通行业,淘汰,综合得分未进入前50,155.5,40.92,7.39,1216.90145351,-1.02,2.0,13.55,29.665048,0.910537,10.680337,49.4697958441,0.04065226,0.0,47.0482666977,60,通过,38,普通行业：ROE、现金流、FCF、市值稳定性、毛利率和净利率,8,46,一致,20260804150000,待评,未完成护城河初评,待核验
,,002030,达安基因,SZ,医疗器械,保留,豁免B通过,普通行业,淘汰,当前 PE/PB 缺失、为负或超出本轮可比估值上限,5.57,-19.91,1.11,78.17194398,0.72,1.44,20.569,53.60437,1.676189,-3.236611,57.1175492482,0.73066559,0.0,13.4625029159,60,通过,51,普通行业：ROE、现金流、FCF、市值稳定性、毛利率和净利率,12,63,一致,20260804150000,待评,未完成护城河初评,待核验
,338,002032,苏 泊 尔,SZ,小家电,保留,通过,普通行业,淘汰,综合得分未进入前50,42.08,19.4,6.67,336.57610404,-1.36,0.27,29.758,24.716265,1.185847,9.579339,115.3392720247,0.34268408,0.0,52.9049393865,60,通过,51,普通行业：ROE、现金流、FCF、市值稳定性、毛利率和净利率,16,67,一致,20260804150000,待评,未完成护城河初评,待核验
28,29,002034,旺能环境,SZ,环境治理,保留,通过,普通行业,入选50家,综合得分靠前，且满足 PE/PB 可比、普通行业负债率门槛与行业分散上限,14.44,9.27,0.88,74.61165371,-0.76,1.49,10.196,38.255299,2.280277,23.170396,19.4641618451,0.26087295,0.0,47.5461189898,60,通过,50,普通行业：ROE、现金流、FCF、市值稳定性、毛利率和净利率,30,80,一致,20260804150000,3/5,固废处理项目资质、特许经营和运营经验,初评达到★★★
11,11,002035,华帝股份,SZ,厨卫电器,保留,通过,普通行业,入选50家,综合得分靠前，且满足 PE/PB 可比、普通行业负债率门槛与行业分散上限,4.87,10.21,1.1,41.2807312,-1.62,1.1,15.942,40.924405,2.132438,7.609461,19.4326819516,0.47074462,0.0,45.5447800862,60,通过,52,普通行业：ROE、现金流、FCF、市值稳定性、毛利率和净利率,30,82,一致,20260804150000,3/5,厨卫品牌、渠道覆盖和产品迭代,初评达到★★★
,122,002039,黔源电力,SZ,电力,保留,通过,普通行业,淘汰,综合得分未进入前50,19.89,23.83,1.95,85.04131126,-2.26,1.96,10.76,53.549808,5.307625,13.631067,67.6200801722,0.7951439,0.0,48.8484298135,70,通过,52,普通行业：ROE、现金流、FCF、市值稳定性、毛利率和净利率,22,74,一致,20260804150000,待评,未完成护城河初评,待核验
,260,002043,兔 宝 宝,SZ,装修建材,保留,通过,普通行业,淘汰,综合得分未进入前50,12.88,18.05,3.35,106.87237702,-4.31,1.77,22.394,17.976686,1.854456,7.541822,48.565206546599995,0.45442244,0.0,44.3449655503,60,通过,51,普通行业：ROE、现金流、FCF、市值稳定性、毛利率和净利率,19,70,一致,20260804150000,待评,未完成护城河初评,待核验
,638,002049,紫光国微,SZ,半导体,保留,通过,普通行业,淘汰,综合得分未进入前50,65.55,41.34,4.05,552.73967462,2.26,2.6,16.468,59.132097,0.748537,24.13862,52.452824036,0.09489607,0.0,27.4043604185,60,通过,44,普通行业：ROE、现金流、FCF、市值稳定性、毛利率和净利率,11,55,一致,20260804150000,待评,未完成护城河初评,待核验
,746,002050,三花智控,SZ,家电零部件Ⅱ,保留,通过,普通行业,淘汰,综合得分未进入前50,38.74,43.93,5.18,1630.18459842,1.15,1.78,17.279,27.124669,1.167194,12.108511,31.6503384702,0.01941519,0.0,44.9056078075,60,通过,40,普通行业：ROE、现金流、FCF、市值稳定性、毛利率和净利率,8,48,一致,20260804150000,待评,未完成护城河初评,待核验
,371,002056,横店东磁,SZ,光伏设备,保留,通过,普通行业,淘汰,综合得分未进入前50,20.71,21.83,3.35,336.89207053,3.09,1.7,17.216,18.821532,1.74187,9.740051,80.7766055764,0.23976998,0.0,59.6807988156,60,通过,47,普通行业：ROE、现金流、FCF、市值稳定性、毛利率和净利率,19,66,一致,20260804150000,待评,未完成护城河初评,待核验
,489,002057,中钢天源,SZ,专业服务,保留,通过,普通行业,淘汰,综合得分未进入前50,8.27,19.42,1.88,62.34618249,0.85,3.19,9.395,23.848683,1.243997,9.360182,5.9369603317,0.09522572,0.0,32.8948205073,60,通过,40,普通行业：ROE、现金流、FCF、市值稳定性、毛利率和净利率,22,62,一致,20260804150000,待评,未完成护城河初评,待核验
,178,002064,华峰化学,SZ,化学纤维,保留,通过,普通行业,淘汰,综合得分未进入前50,10.88,13.62,1.88,539.92477599,-0.55,1.05,17.828,19.80135,1.209761,10.455686,84.9024365738,0.15724864,0.0,25.8773771891,60,通过,47,普通行业：ROE、现金流、FCF、市值稳定性、毛利率和净利率,25,72,一致,20260804150000,待评,未完成护城河初评,待核验
,416,002083,孚日股份,SZ,纺织制造,保留,通过,普通行业,淘汰,综合得分未进入前50,11.29,14.81,2.32,106.87554445,2.54,9.19,9.175,16.990605,2.339644,6.67218,10.037510004400001,0.09391774,0.0,35.4833829891,60,通过,40,普通行业：ROE、现金流、FCF、市值稳定性、毛利率和净利率,25,65,一致,20260804150000,待评,未完成护城河初评,待核验
,461,002085,万丰奥威,SZ,汽车零部件,周期,通过,周期行业（本次保留）,淘汰,综合得分未进入前50,10.8,23.59,3.04,229.31613216,-0.83,1.24,12.558,17.675447,2.044897,6.233387,42.720251519,0.18629414,0.0,44.7649556311,60,通过,44,普通行业：ROE、现金流、FCF、市值稳定性、毛利率和净利率,19,63,一致,20260804150000,待评,未完成护城河初评,待核验
,,002088,鲁阳节能,SZ,装修建材,保留,通过,普通行业,淘汰,当前 PE/PB 缺失、为负或超出本轮可比估值上限,7.66,334.63,1.64,39.02311825,1.06,0.57,14.395,30.437462,2.070133,13.310904,18.5697352462,0.47586498,0.0,23.8100938002,60,通过,51,普通行业：ROE、现金流、FCF、市值稳定性、毛利率和净利率,10,61,一致,20260804150000,待评,未完成护城河初评,待核验
,476,002107,沃华医药,SZ,中药Ⅱ,保留,通过,普通行业,淘汰,综合得分未进入前50,6.2,26.48,5.06,35.7869952,1.97,1.7,12.903,75.028562,1.801164,10.218965,7.0141520822,0.19599723,0.0,26.2408178844,60,通过,50,普通行业：ROE、现金流、FCF、市值稳定性、毛利率和净利率,12,62,一致,20260804150000,待评,未完成护城河初评,待核验
,374,002117,东港股份,SZ,包装印刷,保留,通过,普通行业,淘汰,综合得分未进入前50,8.17,21.56,3.23,42.78800202,-0.12,1.3,12.65,35.186812,1.33919,14.653798,7.8966311722,0.18455246,0.0,29.6161468649,60,通过,47,普通行业：ROE、现金流、FCF、市值稳定性、毛利率和净利率,19,66,一致,20260804150000,待评,未完成护城河初评,待核验
,598,002125,湘潭电化,SZ,电池,保留,通过,普通行业,淘汰,综合得分未进入前50,12.61,22.21,2.38,79.38283782,0.32,2.83,8.271,23.358944,0.892919,9.99387,6.3579465425,0.08009221,0.0,36.5102906735,60,通过,36,普通行业：ROE、现金流、FCF、市值稳定性、毛利率和净利率,22,58,一致,20260804150000,待评,未完成护城河初评,待核验
,62,002128,电投能源,SZ,煤炭开采,周期,通过,周期行业（本次保留）,淘汰,行业分散上限：同一细分行业最多入选3家,26.63,10.4,1.62,832.58084321,-0.26,0.53,15.184,33.632261,1.719134,15.498071,90.7022581299,0.10894108,0.0,22.7500687495,60,通过,50,普通行业：ROE、现金流、FCF、市值稳定性、毛利率和净利率,28,78,一致,20260804150000,待评,未完成护城河初评,待核验
,609,002130,沃尔核材,SZ,其他电子Ⅱ,保留,通过,普通行业,淘汰,综合得分未进入前50,17.53,26.53,2.75,245.40025456,2.34,4.88,11.434,32.006733,1.155064,8.752588,19.4609571921,0.07930292,0.0,44.7640289623,60,通过,39,普通行业：ROE、现金流、FCF、市值稳定性、毛利率和净利率,18,57,一致,20260804150000,待评,未完成护城河初评,待核验
,726,002138,顺络电子,SZ,元件,保留,通过,普通行业,淘汰,综合得分未进入前50,47.23,42.59,5.8,380.82415859,8.55,6.87,12.242,35.306677,1.795615,15.926749,10.0820111767,0.02647419,0.0,44.1599259865,60,通过,42,普通行业：ROE、现金流、FCF、市值稳定性、毛利率和净利率,8,50,一致,20260804150000,待评,未完成护城河初评,待核验
32,34,002142,宁波银行,SZ,银行Ⅱ,金融,金融特殊口径通过,金融行业（特殊口径）,入选50家,综合得分靠前，且满足 PE/PB 可比、普通行业负债率门槛与行业分散上限,31.5,6.36,0.92,2080.13109948,-2.45,0.46,16.146,,3.955998,38.410956,5276.81,2.536768,0.0,93.1482077047,,金融特殊口径,49.33,金融特殊口径：ROE 40分、股本稳定性20分,30,79.33,一致,20260804150000,待评,未完成护城河初评,待核验
,,002150,正泰电源,SZ,光伏设备,保留,通过,普通行业,淘汰,当前 PE/PB 缺失、为负或超出本轮可比估值上限,21.06,126.26,3.57,75.99896991,0.96,1.61,10.373,25.927127,1.58646,7.640227,2.9409816716000003,0.03869765,0.0,54.0938278168,60,通过,42,普通行业：ROE、现金流、FCF、市值稳定性、毛利率和净利率,7,49,一致,20260804150000,待评,未完成护城河初评,待核验
,399,002152,广电运通,SZ,计算机设备,保留,通过,普通行业,淘汰,综合得分未进入前50,10.34,28.37,2.1,256.78179165,0.78,1.11,8.342,34.574588,1.783274,12.405168,64.9581556907,0.25297026,0.0,48.0783991803,60,通过,47,普通行业：ROE、现金流、FCF、市值稳定性、毛利率和净利率,18,65,一致,20260804150000,待评,未完成护城河初评,待核验
,565,002158,汉钟精机,SZ,通用设备,保留,通过,普通行业,淘汰,综合得分未进入前50,26.64,25.4,3.27,142.45051063,7.25,2.33,16.307,36.511974,0.952112,17.008791,20.7566369235,0.14571121,0.0,29.6458575007,60,通过,44,普通行业：ROE、现金流、FCF、市值稳定性、毛利率和净利率,15,59,一致,20260804150000,待评,未完成护城河初评,待核验
,712,002164,宁波东力,SZ,通用设备,保留,通过,普通行业,淘汰,综合得分未进入前50,11.19,68.37,3.75,59.5502358,0.18,1.83,20.307,22.984409,1.490262,16.197047,1.3309502806,0.02235004,0.0,41.6332377471,60,通过,44,普通行业：ROE、现金流、FCF、市值稳定性、毛利率和净利率,7,51,一致,20260804150000,待评,未完成护城河初评,待核验
,681,002179,中航光电,SZ,军工电子Ⅱ,保留,通过,普通行业,淘汰,综合得分未进入前50,34.41,45.36,3.07,722.6947508,1.0,1.25,16.514,35.449059,0.820614,13.89321,28.247838428,0.03908682,0.0,38.5400494889,60,通过,42,普通行业：ROE、现金流、FCF、市值稳定性、毛利率和净利率,11,53,一致,20260804150000,待评,未完成护城河初评,待核验
,465,002192,融捷股份,SZ,能源金属,周期,通过,周期行业（本次保留）,淘汰,综合得分未进入前50,64.21,14.99,4.37,166.72460585,4.08,4.94,12.22,46.726716,1.224821,8.96552,13.0254167522,0.07812534,0.0,27.2904944435,60,通过,41,普通行业：ROE、现金流、FCF、市值稳定性、毛利率和净利率,22,63,一致,20260804150000,待评,未完成护城河初评,待核验
,301,002206,海 利 得,SZ,化学纤维,保留,通过,普通行业,淘汰,综合得分未进入前50,5.32,12.55,1.59,61.8198481,-0.93,1.06,11.647,17.913457,1.60628,8.42942,17.465060717,0.28251543,0.0,48.0478240057,60,通过,44,普通行业：ROE、现金流、FCF、市值稳定性、毛利率和净利率,25,69,一致,20260804150000,待评,未完成护城河初评,待核验
,190,002216,三全食品,SZ,食品加工,保留,通过,普通行业,淘汰,综合得分未进入前50,12.85,10.49,2.58,112.97515017,-1.46,1.33,13.7,25.868531,1.343556,6.593947,29.5905773796,0.26192112,0.0,42.8314268943,60,通过,44,普通行业：ROE、现金流、FCF、市值稳定性、毛利率和净利率,28,72,一致,20260804150000,待评,未完成护城河初评,待核验
,,002222,福晶科技,SZ,光学光电子,保留,通过,普通行业,淘汰,当前 PE/PB 缺失、为负或超出本轮可比估值上限,52.92,95.36,13.97,248.8563,7.96,7.14,15.656,54.732278,1.096151,26.971819,2.9071835198000002,0.01168218,0.0,21.4175412343,60,通过,43,普通行业：ROE、现金流、FCF、市值稳定性、毛利率和净利率,0,43,一致,20260804150000,待评,未完成护城河初评,待核验
,129,002223,鱼跃医疗,SZ,医疗器械,保留,通过,普通行业,淘汰,综合得分未进入前50,27.81,16.27,2.14,278.78883395,-1.24,1.0,16.405,49.703396,1.032648,21.192767,78.9860945418,0.28331872,0.0,16.9672628102,60,通过,49,普通行业：ROE、现金流、FCF、市值稳定性、毛利率和净利率,25,74,一致,20260804150000,待评,未完成护城河初评,待核验
,126,002233,塔牌集团,SZ,水泥,周期,通过,周期行业（本次保留）,淘汰,综合得分未进入前50,7.44,19.9,0.75,87.3567978,-2.36,1.03,11.476,25.429412,1.522933,17.437846,29.6487232584,0.33939801,0.0,10.2250858409,60,通过,50,普通行业：ROE、现金流、FCF、市值稳定性、毛利率和净利率,24,74,一致,20260804150000,待评,未完成护城河初评,待核验
,324,002236,大华股份,SZ,计算机设备,保留,通过,普通行业,淘汰,综合得分未进入前50,17.13,20.06,1.5,560.02459328,1.96,2.27,18.337,39.57638,0.706992,12.549786,84.48419574430001,0.15085801,0.0,26.7976760006,60,通过,44,普通行业：ROE、现金流、FCF、市值稳定性、毛利率和净利率,24,68,一致,20260804150000,待评,未完成护城河初评,待核验
,239,002242,九阳股份,SZ,小家电,保留,通过,普通行业,淘汰,综合得分未进入前50,9.15,21.07,2.07,69.8160555,-0.87,1.08,15.52,26.797828,2.119246,6.460955,19.8931434862,0.28493651,0.0,53.7589943853,60,通过,49,普通行业：ROE、现金流、FCF、市值稳定性、毛利率和净利率,22,71,一致,20260804150000,待评,未完成护城河初评,待核验
,,002244,滨江集团,SZ,房地产开发,周期,通过,周期行业（本次保留）,淘汰,2025年报资产负债率超过普通行业门槛（公用事业放宽至70%）,8.52,8.17,0.88,265.09501943,-5.54,1.87,11.649,16.964137,3.112908,6.68685,416.72233821300006,1.57197347,0.0,76.409830728,60,不通过,46,普通行业：ROE、现金流、FCF、市值稳定性、毛利率和净利率,30,76,一致,20260804150000,待评,未完成护城河初评,待核验
,750,002245,蔚蓝锂芯,SZ,电池,保留,通过,普通行业,淘汰,综合得分未进入前50,16.37,35.69,3.62,279.54060154,3.74,4.92,10.229,17.308377,2.089141,6.993358,7.2240439653,0.02584256,0.0,36.823193199,60,通过,37,普通行业：ROE、现金流、FCF、市值稳定性、毛利率和净利率,11,48,一致,20260804150000,待评,未完成护城河初评,待核验
,273,002262,恩华药业,SZ,化学制药,保留,通过,普通行业,淘汰,综合得分未进入前50,21.91,17.53,2.79,222.55884034,-1.44,1.15,17.422,74.394901,0.925642,17.291359,27.696467502399997,0.1244456,0.0,12.9600545418,60,通过,45,普通行业：ROE、现金流、FCF、市值稳定性、毛利率和净利率,25,70,一致,20260804150000,待评,未完成护城河初评,待核验
,602,002270,华明装备,SZ,电网设备,保留,通过,普通行业,淘汰,综合得分未进入前50,20.64,28.37,5.93,184.98092896,-0.63,2.63,13.681,50.587736,1.10027,21.907341,24.2691299414,0.13119801,0.0,39.0917281465,60,通过,45,普通行业：ROE、现金流、FCF、市值稳定性、毛利率和净利率,12,57,一致,20260804150000,待评,未完成护城河初评,待核验
,682,002273,水晶光电,SZ,光学光电子,保留,通过,普通行业,淘汰,综合得分未进入前50,25.91,36.52,3.63,360.31280846,4.86,3.63,9.914,28.17822,1.599373,15.188699,12.5150248147,0.03473378,0.0,20.4289623161,60,通过,42,普通行业：ROE、现金流、FCF、市值稳定性、毛利率和净利率,11,53,一致,20260804150000,待评,未完成护城河初评,待核验
,136,002275,桂林三金,SZ,中药Ⅱ,保留,通过,普通行业,淘汰,综合得分未进入前50,13.32,15.73,2.49,78.26413752,-0.6,0.43,14.592,73.547156,1.372903,22.311953,23.3273536412,0.29805929,0.0,25.0614609263,60,通过,49,普通行业：ROE、现金流、FCF、市值稳定性、毛利率和净利率,25,74,一致,20260804150000,待评,未完成护城河初评,待核验
,,002281,光迅科技,SZ,通信设备,保留,通过,普通行业,淘汰,当前 PE/PB 缺失、为负或超出本轮可比估值上限,172.32,148.64,10.31,1426.54911764,10.0,4.99,9.697,23.257712,0.936947,7.956558,3.7197391555,0.00260751,0.0,37.921840468,60,通过,31,普通行业：ROE、现金流、FCF、市值稳定性、毛利率和净利率,0,31,一致,20260804150000,待评,未完成护城河初评,待核验
,310,002287,奇正藏药,SZ,中药Ⅱ,保留,通过,普通行业,淘汰,综合得分未进入前50,20.86,31.35,2.48,119.34385715,-1.04,0.37,16.878,83.701819,1.030613,28.165018,21.591603468400002,0.18091927,0.0,27.7704086969,60,通过,50,普通行业：ROE、现金流、FCF、市值稳定性、毛利率和净利率,18,68,一致,20260804150000,待评,未完成护城河初评,待核验
,135,002293,罗莱生活,SZ,服装家纺,保留,通过,普通行业,淘汰,综合得分未进入前50,10.95,15.53,2.3,91.67462432,0.27,1.03,13.599,47.351866,1.458573,10.781811,28.5968514924,0.31193857,0.0,32.1555190197,60,通过,49,普通行业：ROE、现金流、FCF、市值稳定性、毛利率和净利率,25,74,一致,20260804150000,待评,未完成护城河初评,待核验
,581,002294,信立泰,SZ,化学制药,保留,通过,普通行业,淘汰,综合得分未进入前50,34.08,42.16,4.45,379.92947513,2.65,1.99,12.794,72.300588,1.755698,20.389366,18.8254828193,0.04954994,0.0,19.8608956358,60,通过,47,普通行业：ROE、现金流、FCF、市值稳定性、毛利率和净利率,11,58,一致,20260804150000,待评,未完成护城河初评,待核验
,395,002315,焦点科技,SZ,互联网电商,保留,通过,普通行业,淘汰,综合得分未进入前50,27.71,29.17,4.3,114.2778769,1.99,5.54,11.067,78.912211,1.746367,17.34078,29.9319890523,0.26192287,0.0,42.5213716754,60,通过,50,普通行业：ROE、现金流、FCF、市值稳定性、毛利率和净利率,15,65,一致,20260804150000,待评,未完成护城河初评,待核验
,274,002318,久立特材,SZ,特钢Ⅱ,保留,通过,普通行业,淘汰,综合得分未进入前50,20.64,12.78,2.48,201.68803661,-3.01,1.9,15.854,25.735608,0.944179,12.178699,33.0604695814,0.16391884,0.0,36.2827003021,60,通过,45,普通行业：ROE、现金流、FCF、市值稳定性、毛利率和净利率,25,70,一致,20260804150000,待评,未完成护城河初评,待核验
,174,002327,富安娜,SZ,服装家纺,保留,通过,普通行业,淘汰,综合得分未进入前50,6.52,21.03,1.58,54.3681831,-1.51,0.78,14.39,54.02424,1.284327,17.70532,27.579735087600003,0.50727712,0.0,21.1719450856,60,通过,50,普通行业：ROE、现金流、FCF、市值稳定性、毛利率和净利率,22,72,一致,20260804150000,待评,未完成护城河初评,待核验
,325,002332,仙琚制药,SZ,化学制药,保留,通过,普通行业,淘汰,综合得分未进入前50,8.68,22.86,1.46,85.86298237,0.0,1.01,11.004,57.550642,0.897388,11.189155,13.2637529917,0.1544758,0.0,16.2113316419,60,通过,44,普通行业：ROE、现金流、FCF、市值稳定性、毛利率和净利率,24,68,一致,20260804150000,待评,未完成护城河初评,待核验
,707,002335,科华数据,SZ,其他电源设备Ⅱ,保留,通过,普通行业,淘汰,综合得分未进入前50,30.99,74.92,3.66,233.79178575,5.26,3.99,8.703,26.927474,3.730549,7.293131,43.679227186400006,0.18682961,0.0,53.5904066475,60,通过,44,普通行业：ROE、现金流、FCF、市值稳定性、毛利率和净利率,7,51,一致,20260804150000,待评,未完成护城河初评,待核验
,434,002351,漫步者,SZ,消费电子,保留,通过,普通行业,淘汰,综合得分未进入前50,10.45,22.72,3.21,92.9116815,-1.69,1.48,11.032,36.746152,1.127724,12.620056,19.1213478032,0.20580133,0.0,15.7734737936,60,通过,45,普通行业：ROE、现金流、FCF、市值稳定性、毛利率和净利率,19,64,一致,20260804150000,待评,未完成护城河初评,待核验
,780,002353,杰瑞股份,SZ,专用设备,保留,通过,普通行业,淘汰,综合得分未进入前50,141.82,61.71,6.37,1452.03234236,8.47,2.32,10.831,33.244971,0.875966,15.138041,52.8454590914,0.03639413,0.0,38.8779635463,60,通过,39,普通行业：ROE、现金流、FCF、市值稳定性、毛利率和净利率,4,43,一致,20260804150000,待评,未完成护城河初评,待核验
,375,002367,康力电梯,SZ,专用设备,保留,通过,普通行业,淘汰,综合得分未进入前50,5.4,29.26,1.22,43.07825462,-0.37,1.14,10.152,27.067882,1.448581,7.808147,22.9142345635,0.53192115,0.0,50.9728897253,60,通过,46,普通行业：ROE、现金流、FCF、市值稳定性、毛利率和净利率,20,66,一致,20260804150000,待评,未完成护城河初评,待核验
,226,002372,伟星新材,SZ,装修建材,保留,通过,普通行业,淘汰,综合得分未进入前50,8.84,29.45,3.16,140.73615814,-2.96,1.13,25.279,41.314746,1.24735,19.632432,53.8912459995,0.38292395,0.0,23.0568080277,60,通过,56,普通行业：ROE、现金流、FCF、市值稳定性、毛利率和净利率,15,71,一致,20260804150000,待评,未完成护城河初评,待核验
,,002401,中远海科,SZ,IT服务Ⅱ,保留,通过,普通行业,淘汰,当前 PE/PB 缺失、为负或超出本轮可比估值上限,12.49,158.99,2.81,46.42138816,-0.4,0.92,10.203,18.02999,1.044383,8.34828,4.9552514785,0.10674501,0.0,44.6719347689,60,通过,38,普通行业：ROE、现金流、FCF、市值稳定性、毛利率和净利率,10,48,一致,20260804150000,待评,未完成护城河初评,待核验
,,002410,广联达,SZ,软件开发,保留,通过,普通行业,淘汰,当前 PE/PB 缺失、为负或超出本轮可比估值上限,9.71,117.26,2.81,160.40379561,-0.61,2.73,9.924,83.906375,3.400178,10.965106,32.0640682008,0.19989594,0.0,39.0480088046,60,通过,48,普通行业：ROE、现金流、FCF、市值稳定性、毛利率和净利率,10,58,一致,20260804150000,待评,未完成护城河初评,待核验
,382,002412,汉森制药,SZ,中药Ⅱ,保留,通过,普通行业,淘汰,综合得分未进入前50,7.01,22.96,1.55,35.27432,3.55,7.17,9.283,74.1871,1.010293,16.455781,6.1040199637,0.1730443,0.0,11.5908566946,60,通过,44,普通行业：ROE、现金流、FCF、市值稳定性、毛利率和净利率,22,66,一致,20260804150000,待评,未完成护城河初评,待核验
,229,002415,海康威视,SZ,计算机设备,保留,通过,普通行业,淘汰,综合得分未进入前50,38.63,22.42,4.2,3540.38987977,1.79,1.27,26.267,44.131551,1.123779,19.124758,589.087762482,0.16639065,0.0,33.9245989905,60,通过,52,普通行业：ROE、现金流、FCF、市值稳定性、毛利率和净利率,19,71,一致,20260804150000,待评,未完成护城河初评,待核验
,530,002422,科伦药业,SZ,化学制药,保留,通过,普通行业,淘汰,综合得分未进入前50,42.29,37.07,2.82,672.74137286,2.32,2.05,8.952,52.029875,1.934325,8.058447,114.88880442,0.17077708,0.0,26.4615951124,60,通过,46,普通行业：ROE、现金流、FCF、市值稳定性、毛利率和净利率,14,60,一致,20260804150000,待评,未完成护城河初评,待核验
,620,002429,兆驰股份,SZ,黑色家电,保留,通过,普通行业,淘汰,综合得分未进入前50,7.78,42.0,2.13,352.19597922,3.6,1.37,9.017,17.310393,3.023558,6.500401,72.1634432673,0.2048957,0.0,36.0185622247,60,通过,42,普通行业：ROE、现金流、FCF、市值稳定性、毛利率和净利率,14,56,一致,20260804150000,待评,未完成护城河初评,待核验
,415,002444,巨星科技,SZ,通用设备,保留,通过,普通行业,淘汰,综合得分未进入前50,29.38,17.02,1.88,350.93768987,-1.57,1.23,12.735,29.634339,0.819301,14.25092,49.5354872338,0.1411518,0.0,18.9705923211,60,通过,40,普通行业：ROE、现金流、FCF、市值稳定性、毛利率和净利率,25,65,一致,20260804150000,待评,未完成护城河初评,待核验
,332,002448,中原内配,SZ,汽车零部件,周期,通过,周期行业（本次保留）,淘汰,综合得分未进入前50,11.83,8.78,1.82,69.60886112,0.25,3.86,8.247,26.19248,1.16014,11.19101,6.0512154847,0.08693168,0.0,35.7658614205,60,通过,40,普通行业：ROE、现金流、FCF、市值稳定性、毛利率和净利率,28,68,一致,20260804150000,待评,未完成护城河初评,待核验
,,002463,沪电股份,SZ,元件,保留,通过,普通行业,淘汰,当前 PE/PB 缺失、为负或超出本轮可比估值上限,111.77,43.29,13.59,2150.8611253,10.0,3.49,17.923,31.695917,1.174207,14.029614,38.79551957,0.0180372,0.0,46.457351344,60,通过,41,普通行业：ROE、现金流、FCF、市值稳定性、毛利率和净利率,4,45,一致,20260804150000,待评,未完成护城河初评,待核验
,189,002466,天齐锂业,SZ,能源金属,周期,豁免B通过,周期行业（本次保留）,淘汰,综合得分未进入前50,46.8,10.68,1.73,801.78617423,2.3,2.6,8.616,63.52536,2.130932,-1.829217,382.9925778695,0.47767421,0.0,28.0374644459,60,通过,44,普通行业：ROE、现金流、FCF、市值稳定性、毛利率和净利率,28,72,一致,20260804150000,待评,未完成护城河初评,待核验
,,002469,三维化学,SZ,化学原料,周期,通过,周期行业（本次保留）,淘汰,当前 PE/PB 缺失、为负或超出本轮可比估值上限,5.87,-988.68,1.51,38.08823638,-0.34,0.97,9.661,20.889917,1.208281,13.894421,14.3384633736,0.37645385,0.0,24.960789963,60,通过,46,普通行业：ROE、现金流、FCF、市值稳定性、毛利率和净利率,10,56,一致,20260804150000,待评,未完成护城河初评,待核验
,796,002484,江海股份,SZ,元件,保留,通过,普通行业,淘汰,综合得分未进入前50,59.31,77.84,8.13,504.44574941,10.0,5.21,9.966,25.477318,0.885519,12.886918,10.7202152214,0.02125147,0.0,26.487721343,60,通过,33,普通行业：ROE、现金流、FCF、市值稳定性、毛利率和净利率,0,33,一致,20260804150000,待评,未完成护城河初评,待核验
,357,002497,雅化集团,SZ,化学制品,周期,通过,周期行业（本次保留）,淘汰,综合得分未进入前50,17.99,15.3,1.89,207.34599735,0.28,2.71,11.355,26.391335,4.878605,9.709828,13.5327254923,0.06526639,0.0,26.1659293077,60,通过,42,普通行业：ROE、现金流、FCF、市值稳定性、毛利率和净利率,25,67,一致,20260804150000,待评,未完成护城河初评,待核验
,777,002498,汉缆股份,SZ,电网设备,保留,通过,普通行业,淘汰,综合得分未进入前50,7.38,38.27,2.83,245.5175448,1.93,7.36,9.022,18.255007,0.753222,7.16556,10.9575833654,0.04463055,0.0,28.8347567286,60,通过,30,普通行业：ROE、现金流、FCF、市值稳定性、毛利率和净利率,14,44,一致,20260804150000,待评,未完成护城河初评,待核验
,159,002507,涪陵榨菜,SZ,调味发酵品Ⅱ,保留,通过,普通行业,淘汰,综合得分未进入前50,11.91,12.61,1.57,137.43175623,-1.98,1.14,17.208,51.766839,0.921987,31.290241,26.7355143633,0.19453666,0.0,9.6437255468,60,通过,48,普通行业：ROE、现金流、FCF、市值稳定性、毛利率和净利率,25,73,一致,20260804150000,待评,未完成护城河初评,待核验
24,24,002508,老板电器,SZ,厨卫电器,保留,通过,普通行业,入选50家,综合得分靠前，且满足 PE/PB 可比、普通行业负债率门槛与行业分散上限,15.81,12.18,1.32,149.39484262,-1.62,0.97,21.378,50.568043,1.193458,17.279485,71.8924208727,0.48122425,0.0,32.7530706266,60,通过,53,普通行业：ROE、现金流、FCF、市值稳定性、毛利率和净利率,27,80,一致,20260804150000,4/5,厨电品牌、渠道与服务体系,初评达到★★★
,348,002511,中顺洁柔,SZ,个护用品,保留,通过,普通行业,淘汰,综合得分未进入前50,7.37,22.99,1.71,94.41991578,-1.34,0.92,10.369,33.146145,1.360497,6.061452,18.1047275075,0.19174691,0.0,38.7951861213,60,通过,45,普通行业：ROE、现金流、FCF、市值稳定性、毛利率和净利率,22,67,一致,20260804150000,待评,未完成护城河初评,待核验
,237,002517,恺英网络,SZ,游戏Ⅱ,保留,通过,普通行业,淘汰,综合得分未进入前50,18.58,12.71,3.91,396.95115288,3.22,8.15,17.055,78.276584,1.149533,15.79079,68.3382952046,0.17215795,0.0,24.2734720741,60,通过,49,普通行业：ROE、现金流、FCF、市值稳定性、毛利率和净利率,22,71,一致,20260804150000,待评,未完成护城河初评,待核验
,589,002518,科士达,SZ,其他电源设备Ⅱ,保留,通过,普通行业,淘汰,综合得分未进入前50,32.13,33.73,3.97,187.0689227,3.65,2.01,14.491,30.632503,1.172698,12.861483,23.3004684756,0.12455553,0.0,37.4833383605,60,通过,43,普通行业：ROE、现金流、FCF、市值稳定性、毛利率和净利率,15,58,一致,20260804150000,待评,未完成护城河初评,待核验
,279,002532,天山铝业,SZ,工业金属,周期,通过,周期行业（本次保留）,淘汰,综合得分未进入前50,13.16,6.86,2.02,609.14184381,1.46,2.22,13.003,19.973557,1.265279,9.892573,121.32973730100001,0.19918142,0.0,45.4044761126,60,通过,42,普通行业：ROE、现金流、FCF、市值稳定性、毛利率和净利率,28,70,一致,20260804150000,待评,未完成护城河初评,待核验
,769,002534,西子洁能,SZ,其他电源设备Ⅱ,保留,通过,普通行业,淘汰,综合得分未进入前50,14.75,51.23,2.21,123.30043861,4.54,2.84,9.764,17.893773,2.021013,6.844793,0.3327446435,0.00269865,0.0,57.2616754893,60,通过,35,普通行业：ROE、现金流、FCF、市值稳定性、毛利率和净利率,10,45,一致,20260804150000,待评,未完成护城河初评,待核验
,167,002543,万和电气,SZ,厨卫电器,保留,通过,普通行业,淘汰,行业分散上限：同一细分行业最多入选3家,6.79,15.85,1.09,50.49044,-0.44,0.44,12.964,26.481042,1.434686,7.576927,20.7260388545,0.41049432,0.0,40.7627402868,60,通过,46,普通行业：ROE、现金流、FCF、市值稳定性、毛利率和净利率,27,73,一致,20260804150000,待评,未完成护城河初评,待核验
,625,002550,千红制药,SZ,化学制药,保留,通过,普通行业,淘汰,综合得分未进入前50,7.01,26.37,3.37,89.71398,0.72,2.07,9.119,47.905067,1.127068,15.302106,9.4754723657,0.10561868,0.0,10.4253907489,60,通过,41,普通行业：ROE、现金流、FCF、市值稳定性、毛利率和净利率,15,56,一致,20260804150000,待评,未完成护城河初评,待核验
,,002553,南方精工,SZ,汽车零部件,周期,通过,周期行业（本次保留）,淘汰,当前 PE/PB 缺失、为负或超出本轮可比估值上限,16.19,5530.44,3.72,57.21702055,-1.94,4.99,13.893,33.159245,2.034548,24.928085,2.4714074772,0.04319357,0.0,17.9468176425,60,通过,46,普通行业：ROE、现金流、FCF、市值稳定性、毛利率和净利率,7,53,一致,20260804150000,待评,未完成护城河初评,待核验
34,36,002555,三七互娱,SZ,游戏Ⅱ,保留,通过,普通行业,入选50家,综合得分靠前，且满足 PE/PB 可比、普通行业负债率门槛与行业分散上限,20.18,12.78,3.39,446.42956403,0.95,3.78,25.756,80.041279,1.200342,18.025125,139.9920571298,0.31358151,0.0,38.7433793727,60,通过,57,普通行业：ROE、现金流、FCF、市值稳定性、毛利率和净利率,22,79,一致,20260804150000,3/5,游戏研发发行、IP运营和流量投放能力；竞争激烈,初评达到★★★
,299,002557,洽洽食品,SZ,休闲食品,保留,通过,普通行业,淘汰,综合得分未进入前50,19.75,14.84,2.02,99.90641306,-2.47,1.91,14.928,28.57228,0.996854,11.544461,36.1733122039,0.36207197,0.0,44.4936795082,60,通过,44,普通行业：ROE、现金流、FCF、市值稳定性、毛利率和净利率,25,69,一致,20260804150000,待评,未完成护城河初评,待核验
,407,002558,巨人网络,SZ,游戏Ⅱ,保留,通过,普通行业,淘汰,综合得分未进入前50,29.94,13.17,3.57,569.02825412,2.92,6.61,11.962,87.237218,0.994026,40.64623,58.0872792691,0.10208154,0.0,18.6699075444,60,通过,43,普通行业：ROE、现金流、FCF、市值稳定性、毛利率和净利率,22,65,一致,20260804150000,待评,未完成护城河初评,待核验
,92,002563,森马服饰,SZ,服装家纺,保留,通过,普通行业,淘汰,综合得分未进入前50,6.13,13.26,1.46,165.14772681,-3.16,1.26,10.899,43.365572,1.604436,8.323964,65.8845510751,0.39894313,0.0,39.0042855139,60,通过,49,普通行业：ROE、现金流、FCF、市值稳定性、毛利率和净利率,27,76,一致,20260804150000,待评,未完成护城河初评,待核验
,545,002568,百润股份,SZ,非白酒,保留,通过,普通行业,淘汰,综合得分未进入前50,19.61,23.59,4.32,204.26240777,-1.7,2.39,12.359,66.950875,1.20987,17.382673,4.4998330293,0.02202967,0.0,42.2717908805,60,通过,41,普通行业：ROE、现金流、FCF、市值稳定性、毛利率和净利率,19,60,一致,20260804150000,待评,未完成护城河初评,待核验
,,002572,索菲亚,SZ,家居用品,保留,通过,普通行业,淘汰,当前 PE/PB 缺失、为负或超出本轮可比估值上限,8.52,-53.38,1.24,82.05161837,-1.96,1.83,18.018,34.695796,3.117429,11.494405,19.6678514432,0.23970096,0.0,43.1562966905,60,通过,52,普通行业：ROE、现金流、FCF、市值稳定性、毛利率和净利率,12,64,一致,20260804150000,待评,未完成护城河初评,待核验
,282,002588,史丹利,SZ,农化制品,保留,通过,普通行业,淘汰,综合得分未进入前50,8.79,7.41,1.33,101.25130504,-2.12,1.43,9.037,17.260557,1.754358,5.821503,8.1361339971,0.08035584,0.0,46.3037749219,60,通过,40,普通行业：ROE、现金流、FCF、市值稳定性、毛利率和净利率,30,70,一致,20260804150000,待评,未完成护城河初评,待核验
,346,002597,金禾实业,SZ,化学制品,周期,通过,周期行业（本次保留）,淘汰,综合得分未进入前50,20.47,30.32,1.49,116.33507903,-2.99,1.49,19.198,24.662938,1.348033,17.386149,11.002563879,0.09457649,0.0,23.8882831348,60,通过,47,普通行业：ROE、现金流、FCF、市值稳定性、毛利率和净利率,20,67,一致,20260804150000,待评,未完成护城河初评,待核验
,756,002600,领益智造,SZ,消费电子,保留,通过,普通行业,淘汰,综合得分未进入前50,12.66,65.62,4.24,1028.01939966,1.61,1.31,15.529,17.716144,2.057761,5.529201,4.9992432469,0.00486299,0.0,57.931332416,60,通过,40,普通行业：ROE、现金流、FCF、市值稳定性、毛利率和净利率,7,47,一致,20260804150000,待评,未完成护城河初评,待核验
,554,002601,龙佰集团,SZ,化学原料,周期,通过,周期行业（本次保留）,淘汰,综合得分未进入前50,16.52,52.66,1.72,393.87777885,-0.9,0.59,15.438,28.968462,1.570678,15.681157,48.2983205067,0.12262261,0.0,57.5439118703,60,通过,49,普通行业：ROE、现金流、FCF、市值稳定性、毛利率和净利率,10,59,一致,20260804150000,待评,未完成护城河初评,待核验
,161,002605,姚记科技,SZ,游戏Ⅱ,保留,通过,普通行业,淘汰,综合得分未进入前50,18.99,14.18,2.15,79.2960221,0.21,2.12,18.918,44.127577,1.114914,18.139907,18.7421134626,0.23635629,0.0,28.9700868826,60,通过,48,普通行业：ROE、现金流、FCF、市值稳定性、毛利率和净利率,25,73,一致,20260804150000,待评,未完成护城河初评,待核验
,720,002606,大连电瓷,SZ,电网设备,保留,通过,普通行业,淘汰,综合得分未进入前50,14.97,27.62,3.37,65.72926103,3.24,10.96,8.531,32.464508,1.490229,9.900479,1.6605616212,0.02526366,0.0,40.252428567,60,通过,36,普通行业：ROE、现金流、FCF、市值稳定性、毛利率和净利率,15,51,一致,20260804150000,待评,未完成护城河初评,待核验
,427,002612,朗姿股份,SZ,服装家纺,保留,通过,普通行业,淘汰,综合得分未进入前50,14.92,33.45,2.35,66.01284995,1.08,7.42,8.082,57.908927,4.319792,6.536445,19.2872318219,0.2921739,0.0,52.9393567959,60,通过,46,普通行业：ROE、现金流、FCF、市值稳定性、毛利率和净利率,18,64,一致,20260804150000,待评,未完成护城河初评,待核验
,,002615,哈尔斯,SZ,家居用品,保留,通过,普通行业,淘汰,当前 PE/PB 缺失、为负或超出本轮可比估值上限,6.59,763.46,1.55,36.89159248,-0.45,2.22,12.104,27.971391,2.251704,5.852286,2.4694381829,0.0669377,0.0,58.4716351922,60,通过,42,普通行业：ROE、现金流、FCF、市值稳定性、毛利率和净利率,10,52,一致,20260804150000,待评,未完成护城河初评,待核验
,672,002624,完美世界,SZ,游戏Ⅱ,保留,通过,普通行业,淘汰,综合得分未进入前50,11.53,54.46,3.41,223.67835698,2.13,3.63,11.627,61.551163,1.281998,10.944521,28.154128454200002,0.12586881,0.0,33.7343967594,60,通过,46,普通行业：ROE、现金流、FCF、市值稳定性、毛利率和净利率,7,53,一致,20260804150000,待评,未完成护城河初评,待核验
,256,002626,金达威,SZ,食品加工,保留,通过,普通行业,淘汰,综合得分未进入前50,14.3,33.23,2.1,87.22085258,-0.07,0.44,16.034,41.013081,1.862921,16.612761,19.260655166,0.22082627,0.0,41.7199827682,60,通过,52,普通行业：ROE、现金流、FCF、市值稳定性、毛利率和净利率,18,70,一致,20260804150000,待评,未完成护城河初评,待核验
,401,002632,道明光学,SZ,塑料,保留,通过,普通行业,淘汰,综合得分未进入前50,8.19,31.2,2.41,51.15466547,1.61,2.47,8.242,33.921289,3.103914,13.661594,12.3266357956,0.24096797,0.0,23.4543801899,60,通过,47,普通行业：ROE、现金流、FCF、市值稳定性、毛利率和净利率,18,65,一致,20260804150000,待评,未完成护城河初评,待核验
,594,002643,万润股份,SZ,电子化学品Ⅱ,保留,通过,普通行业,淘汰,综合得分未进入前50,13.28,34.62,1.73,121.63152332,3.11,2.44,9.504,39.618664,2.54654,14.539452,0.7353375537000001,0.00604562,0.0,26.0279243701,60,通过,40,普通行业：ROE、现金流、FCF、市值稳定性、毛利率和净利率,18,58,一致,20260804150000,待评,未完成护城河初评,待核验
40,42,002648,卫星化学,SZ,化学原料,周期,通过,周期行业（本次保留）,入选50家,综合得分靠前，且满足 PE/PB 可比、普通行业负债率门槛与行业分散上限,25.2,10.02,2.51,848.89871388,-0.32,1.18,18.06,22.780666,1.547108,11.969897,215.6372165171,0.25401996,0.0,51.7373534278,60,通过,51,普通行业：ROE、现金流、FCF、市值稳定性、毛利率和净利率,28,79,一致,20260804150000,待评,未完成护城河初评,待核验
,,002658,雪迪龙,SZ,环保设备Ⅱ,保留,通过,普通行业,淘汰,当前 PE/PB 缺失、为负或超出本轮可比估值上限,7.31,81.52,1.81,46.47412354,-0.14,1.35,8.679,43.366548,1.365268,14.786805,10.5958041769,0.22799363,0.0,14.7294919746,70,通过,45,普通行业：ROE、现金流、FCF、市值稳定性、毛利率和净利率,10,55,一致,20260804150000,待评,未完成护城河初评,待核验
,,002677,浙江美大,SZ,厨卫电器,保留,通过,普通行业,淘汰,当前 PE/PB 缺失、为负或超出本轮可比估值上限,6.59,365.79,2.91,42.57480354,1.54,1.55,23.199,44.195119,1.372002,24.339491,16.0057872111,0.37594506,0.0,9.3468917931,60,通过,55,普通行业：ROE、现金流、FCF、市值稳定性、毛利率和净利率,10,65,一致,20260804150000,待评,未完成护城河初评,待核验
,708,002683,广东宏大,SZ,化学制品,周期,通过,周期行业（本次保留）,淘汰,综合得分未进入前50,28.29,51.93,3.21,214.97148432,-1.63,1.14,9.055,20.388801,2.116596,5.080587,35.5875554073,0.16554547,0.0,55.436507974,60,通过,44,普通行业：ROE、现金流、FCF、市值稳定性、毛利率和净利率,7,51,一致,20260804150000,待评,未完成护城河初评,待核验
,498,002687,乔治白,SZ,服装家纺,保留,通过,普通行业,淘汰,综合得分未进入前50,4.9,55.81,1.62,24.73419506,0.62,3.51,10.057,49.097081,1.857968,10.697368,9.4992686649,0.38405409,0.0,26.1587359441,60,通过,51,普通行业：ROE、现金流、FCF、市值稳定性、毛利率和净利率,10,61,一致,20260804150000,待评,未完成护城河初评,待核验
,422,002690,美亚光电,SZ,专用设备,保留,通过,普通行业,淘汰,综合得分未进入前50,15.62,29.71,5.72,137.80415418,-1.51,1.45,22.621,51.842125,1.032289,32.072176,31.3335255494,0.22737722,0.0,18.8794992169,60,通过,52,普通行业：ROE、现金流、FCF、市值稳定性、毛利率和净利率,12,64,一致,20260804150000,待评,未完成护城河初评,待核验
,698,002698,博实股份,SZ,自动化设备,保留,通过,普通行业,淘汰,综合得分未进入前50,13.26,43.23,3.21,135.59166485,-0.15,1.55,13.112,36.131065,0.804763,19.99495,16.9613687508,0.12509153,0.0,40.4175423598,60,通过,41,普通行业：ROE、现金流、FCF、市值稳定性、毛利率和净利率,11,52,一致,20260804150000,待评,未完成护城河初评,待核验
,487,002705,新宝股份,SZ,小家电,保留,通过,普通行业,淘汰,综合得分未进入前50,11.63,29.96,1.12,94.42115321,-1.86,0.93,14.871,20.637449,1.421272,6.453346,7.864856585399999,0.08329549,0.0,44.0100048996,60,通过,42,普通行业：ROE、现金流、FCF、市值稳定性、毛利率和净利率,20,62,一致,20260804150000,待评,未完成护城河初评,待核验
,700,002706,良信股份,SZ,电网设备,保留,通过,普通行业,淘汰,综合得分未进入前50,9.35,46.47,2.56,105.01218937,0.97,2.17,12.095,31.567864,1.109537,11.261736,1.5938898906999999,0.01517814,0.0,27.6977887796,60,通过,38,普通行业：ROE、现金流、FCF、市值稳定性、毛利率和净利率,14,52,一致,20260804150000,待评,未完成护城河初评,待核验
,355,002709,天赐材料,SZ,电池,保留,通过,普通行业,淘汰,综合得分未进入前50,37.11,11.43,4.1,756.5102632,3.26,3.54,20.765,27.999903,1.1096,14.168742,7.2391048415,0.00956908,0.0,33.01758527,60,通过,42,普通行业：ROE、现金流、FCF、市值稳定性、毛利率和净利率,25,67,一致,20260804150000,待评,未完成护城河初评,待核验
,,002714,牧原股份,SZ,养殖业,保留,通过,普通行业,淘汰,当前 PE/PB 缺失、为负或超出本轮可比估值上限,38.02,-45.17,2.62,2194.89310772,-2.34,1.98,26.462,15.183953,1.162938,18.711564,262.8101343814,0.1197371,0.0,54.1507623811,60,通过,47,普通行业：ROE、现金流、FCF、市值稳定性、毛利率和净利率,10,57,一致,20260804150000,待评,未完成护城河初评,待核验
,116,002727,一心堂,SZ,医药商业,保留,豁免B通过,普通行业,淘汰,综合得分未进入前50,11.53,9.6,0.92,67.52015561,-2.21,2.03,11.581,33.882599,5.908233,4.621801,82.3087185423,1.21902442,0.0,52.2204806287,60,通过,45,普通行业：ROE、现金流、FCF、市值稳定性、毛利率和净利率,30,75,一致,20260804150000,待评,未完成护城河初评,待核验
,535,002728,特一药业,SZ,中药Ⅱ,保留,通过,普通行业,淘汰,综合得分未进入前50,9.24,46.02,2.68,47.42982663,3.36,4.46,10.473,51.352636,1.356345,14.545197,5.695773915399999,0.12008844,0.0,21.197389567,60,通过,46,普通行业：ROE、现金流、FCF、市值稳定性、毛利率和净利率,14,60,一致,20260804150000,待评,未完成护城河初评,待核验
,,002732,燕塘乳业,SZ,饮料乳品,保留,通过,普通行业,淘汰,当前 PE/PB 缺失、为负或超出本轮可比估值上限,13.47,10704.53,1.41,21.195045,-1.46,1.39,10.154,25.521978,2.10366,6.953779,2.8258869525,0.13332772,0.0,24.2415152951,60,通过,44,普通行业：ROE、现金流、FCF、市值稳定性、毛利率和净利率,12,56,一致,20260804150000,待评,未完成护城河初评,待核验
,327,002738,中矿资源,SZ,能源金属,周期,通过,周期行业（本次保留）,淘汰,综合得分未进入前50,49.22,17.49,2.81,355.11830186,2.78,2.72,14.205,42.836627,1.461089,18.551668,27.2595952759,0.07676201,0.0,31.3996544574,60,通过,43,普通行业：ROE、现金流、FCF、市值稳定性、毛利率和净利率,25,68,一致,20260804150000,待评,未完成护城河初评,待核验
,175,002749,国光股份,SZ,农化制品,保留,通过,普通行业,淘汰,综合得分未进入前50,8.71,20.15,2.73,48.46867183,-1.69,0.99,17.767,42.968812,1.334795,18.142878,13.9918217768,0.28867764,0.0,17.961143617,60,通过,50,普通行业：ROE、现金流、FCF、市值稳定性、毛利率和净利率,22,72,一致,20260804150000,待评,未完成护城河初评,待核验
,617,002755,奥赛康,SZ,化学制药,保留,通过,普通行业,淘汰,综合得分未进入前50,13.44,36.92,3.91,124.74475117,0.83,0.84,19.583,84.088759,1.445505,8.602317,7.6379525827,0.06122865,0.0,27.51727573,60,通过,45,普通行业：ROE、现金流、FCF、市值稳定性、毛利率和净利率,11,56,一致,20260804150000,待评,未完成护城河初评,待核验
,180,002756,永兴材料,SZ,能源金属,周期,通过,周期行业（本次保留）,淘汰,综合得分未进入前50,46.84,12.91,1.95,252.51516134,1.06,2.51,18.357,28.121202,0.913333,13.967754,110.2753082183,0.43670767,0.0,11.9687750787,60,通过,47,普通行业：ROE、现金流、FCF、市值稳定性、毛利率和净利率,25,72,一致,20260804150000,待评,未完成护城河初评,待核验
,544,002757,南兴股份,SZ,专用设备,保留,通过,普通行业,淘汰,综合得分未进入前50,17.42,29.63,2.57,51.46842004,4.56,10.07,9.264,20.022325,1.377259,9.063194,9.5988220247,0.18649926,0.0,41.5733199314,60,通过,42,普通行业：ROE、现金流、FCF、市值稳定性、毛利率和净利率,18,60,一致,20260804150000,待评,未完成护城河初评,待核验
,100,002763,汇洁股份,SZ,服装家纺,保留,通过,普通行业,淘汰,综合得分未进入前50,7.31,8.17,1.92,29.9654444,-1.75,2.43,9.286,67.125193,2.705509,6.859433,14.7055828783,0.49075137,0.0,25.4217601697,60,通过,48,普通行业：ROE、现金流、FCF、市值稳定性、毛利率和净利率,28,76,一致,20260804150000,待评,未完成护城河初评,待核验
,246,002773,康弘药业,SZ,生物制品,保留,通过,普通行业,淘汰,综合得分未进入前50,21.53,16.13,2.21,198.36156402,-0.69,1.34,13.07,89.40202,1.169914,19.700935,40.6783246066,0.20507161,0.0,6.5042906877,60,通过,46,普通行业：ROE、现金流、FCF、市值稳定性、毛利率和净利率,25,71,一致,20260804150000,待评,未完成护城河初评,待核验
,,002774,快意电梯,SZ,专用设备,保留,通过,普通行业,淘汰,当前 PE/PB 缺失、为负或超出本轮可比估值上限,14.76,-628.51,4.46,49.69513404,4.98,4.28,10.109,28.004436,0.774517,7.787308,4.9606755487,0.09982216,0.0,42.2143970323,60,通过,36,普通行业：ROE、现金流、FCF、市值稳定性、毛利率和净利率,7,43,一致,20260804150000,待评,未完成护城河初评,待核验
,,002777,久远银海,SZ,IT服务Ⅱ,保留,通过,普通行业,淘汰,当前 PE/PB 缺失、为负或超出本轮可比估值上限,13.48,117.24,3.32,55.02954392,0.45,2.71,12.843,49.236084,1.937289,12.875281,4.57637005,0.08316206,0.0,31.7597107852,60,通过,47,普通行业：ROE、现金流、FCF、市值稳定性、毛利率和净利率,7,54,一致,20260804150000,待评,未完成护城河初评,待核验
,,002790,瑞尔特,SZ,家居用品,保留,通过,普通行业,淘汰,当前 PE/PB 缺失、为负或超出本轮可比估值上限,5.75,674.03,1.17,24.02765725,0.52,1.97,9.613,25.541656,3.964494,11.746862,7.8065410734,0.32489814,0.0,18.3287967357,60,通过,48,普通行业：ROE、现金流、FCF、市值稳定性、毛利率和净利率,12,60,一致,20260804150000,待评,未完成护城河初评,待核验
,183,002801,微光股份,SZ,电机Ⅱ,保留,通过,普通行业,淘汰,综合得分未进入前50,28.34,11.78,3.32,65.0777088,0.5,1.25,16.208,31.843072,1.139947,20.002043,7.9390324948,0.12199312,0.0,16.4506570908,60,通过,47,普通行业：ROE、现金流、FCF、市值稳定性、毛利率和净利率,25,72,一致,20260804150000,待评,未完成护城河初评,待核验
,601,002802,洪汇新材,SZ,化学制品,周期,通过,周期行业（本次保留）,淘汰,综合得分未进入前50,11.12,39.41,3.17,20.15454297,0.36,1.6,11.863,27.78553,1.467399,14.769617,4.0102569657,0.19897534,0.0,7.6034369517,60,通过,46,普通行业：ROE、现金流、FCF、市值稳定性、毛利率和净利率,11,57,一致,20260804150000,待评,未完成护城河初评,待核验
,446,002803,吉宏股份,SZ,互联网电商,保留,通过,普通行业,淘汰,综合得分未进入前50,19.79,31.31,3.37,90.62173235,2.81,9.23,18.544,43.317695,1.666166,6.789138,11.3061294724,0.12476179,0.0,36.3557815678,60,通过,48,普通行业：ROE、现金流、FCF、市值稳定性、毛利率和净利率,15,63,一致,20260804150000,待评,未完成护城河初评,待核验
,222,002807,江阴银行,SZ,银行Ⅱ,金融,金融特殊口径通过,金融行业（特殊口径）,淘汰,综合得分未进入前50,4.1,7.57,0.56,111.00881475,-2.61,1.7,10.272,,0.775595,38.248532,42.1955,0.38010945,0.0,90.9564472104,,金融特殊口径,41.33,金融特殊口径：ROE 40分、股本稳定性20分,30,71.33,一致,20260804150000,待评,未完成护城河初评,待核验
21,21,002818,富森美,SZ,一般零售,保留,通过,普通行业,入选50家,综合得分靠前，且满足 PE/PB 可比、普通行业负债率门槛与行业分散上限,10.9,5.26,1.42,81.58202446,0.0,1.05,14.95,67.882021,1.302941,51.680124,37.8785936852,0.46430073,0.0,13.1515405828,60,通过,51,普通行业：ROE、现金流、FCF、市值稳定性、毛利率和净利率,30,81,一致,20260804150000,3/5,家居卖场区位、商户网络和运营能力,初评达到★★★
,616,002821,凯莱英,SZ,医疗服务,保留,通过,普通行业,淘汰,综合得分未进入前50,161.61,47.9,3.33,583.05812562,10.0,1.79,16.445,45.441939,1.046115,23.32413,21.5935359771,0.03703496,0.0,12.9766015045,60,通过,45,普通行业：ROE、现金流、FCF、市值稳定性、毛利率和净利率,11,56,一致,20260804150000,待评,未完成护城河初评,待核验
,490,002823,凯中精密,SZ,电机Ⅱ,保留,通过,普通行业,淘汰,综合得分未进入前50,13.24,20.79,2.14,43.47604885,-0.38,2.76,8.804,16.496191,7.142501,5.449119,4.2827025188,0.09850717,0.0,42.9110367983,60,通过,40,普通行业：ROE、现金流、FCF、市值稳定性、毛利率和净利率,22,62,一致,20260804150000,待评,未完成护城河初评,待核验
,473,002831,裕同科技,SZ,包装印刷,保留,通过,普通行业,淘汰,综合得分未进入前50,27.38,35.88,3.04,352.74503574,4.38,1.57,17.331,24.374511,1.717506,10.316877,56.9500898414,0.16144831,0.0,45.170287692,60,通过,51,普通行业：ROE、现金流、FCF、市值稳定性、毛利率和净利率,11,62,一致,20260804150000,待评,未完成护城河初评,待核验
,66,002832,比音勒芬,SZ,服装家纺,保留,通过,普通行业,淘汰,综合得分未进入前50,25.3,9.35,2.71,144.38889225,-0.94,5.44,18.812,76.958111,1.274241,20.277316,17.9364830248,0.12422343,0.0,29.564469578,60,通过,50,普通行业：ROE、现金流、FCF、市值稳定性、毛利率和净利率,28,78,一致,20260804150000,待评,未完成护城河初评,待核验
,137,002833,弘亚数控,SZ,专用设备,保留,通过,普通行业,淘汰,综合得分未进入前50,17.87,13.2,2.5,76.67474806,-0.33,1.71,24.384,32.002173,1.141621,22.657339,11.2705679278,0.14699191,0.0,29.6946955009,60,通过,49,普通行业：ROE、现金流、FCF、市值稳定性、毛利率和净利率,25,74,一致,20260804150000,待评,未完成护城河初评,待核验
,412,002835,同为股份,SZ,计算机设备,保留,通过,普通行业,淘汰,综合得分未进入前50,12.09,23.9,2.18,26.53681626,-0.58,2.54,10.51,38.306771,1.050273,9.455339,5.6284841371,0.21210096,0.0,23.9859354724,60,通过,43,普通行业：ROE、现金流、FCF、市值稳定性、毛利率和净利率,22,65,一致,20260804150000,待评,未完成护城河初评,待核验
,646,002836,新宏泽,SZ,包装印刷,保留,通过,普通行业,淘汰,综合得分未进入前50,9.3,32.3,6.09,21.4272,1.75,1.58,11.58,30.205105,1.408785,17.702654,0.6780384234000001,0.03164382,0.0,34.4200069268,60,通过,43,普通行业：ROE、现金流、FCF、市值稳定性、毛利率和净利率,12,55,一致,20260804150000,待评,未完成护城河初评,待核验
,,002837,英维克,SZ,专用设备,保留,通过,普通行业,淘汰,当前 PE/PB 缺失、为负或超出本轮可比估值上限,49.43,1818.95,19.09,629.91105276,6.42,4.13,15.736,29.105427,0.725095,10.444501,1.6571638793999999,0.00263079,0.0,55.3037665488,60,通过,36,普通行业：ROE、现金流、FCF、市值稳定性、毛利率和净利率,0,36,一致,20260804150000,待评,未完成护城河初评,待核验
,223,002839,张家港行,SZ,银行Ⅱ,金融,金融特殊口径通过,金融行业（特殊口径）,淘汰,综合得分未进入前50,4.52,4.79,0.59,110.48439282,-2.59,1.25,10.322,,0.760667,32.035233,50.951554291899996,0.46116517,0.0,90.8885318013,,金融特殊口径,41.33,金融特殊口径：ROE 40分、股本稳定性20分,30,71.33,一致,20260804150000,待评,未完成护城河初评,待核验
,398,002841,视源股份,SZ,消费电子,保留,通过,普通行业,淘汰,综合得分未进入前50,46.14,32.67,2.46,322.60467186,1.01,1.7,27.999,23.885729,1.098277,7.49912,30.1430282272,0.09343643,0.0,46.8810918009,60,通过,47,普通行业：ROE、现金流、FCF、市值稳定性、毛利率和净利率,18,65,一致,20260804150000,待评,未完成护城河初评,待核验
,232,002847,盐津铺子,SZ,休闲食品,保留,通过,普通行业,淘汰,综合得分未进入前50,50.56,14.8,7.19,136.60676916,-3.27,2.15,26.5,33.090349,1.776238,10.347574,9.8484741198,0.0720936,0.0,46.8137343675,60,通过,52,普通行业：ROE、现金流、FCF、市值稳定性、毛利率和净利率,19,71,一致,20260804150000,待评,未完成护城河初评,待核验
,596,002849,威星智能,SZ,通用设备,保留,通过,普通行业,淘汰,综合得分未进入前50,14.33,31.06,2.31,31.61685449,4.37,2.93,8.69,29.531452,1.874216,6.441872,1.8093878284,0.05722858,0.0,49.0148971566,60,通过,40,普通行业：ROE、现金流、FCF、市值稳定性、毛利率和净利率,18,58,一致,20260804150000,待评,未完成护城河初评,待核验
,670,002860,星帅尔,SZ,家电零部件Ⅱ,保留,通过,普通行业,淘汰,综合得分未进入前50,16.74,25.78,2.55,58.94909242,7.93,5.99,13.674,17.064969,0.973103,14.357992,2.7639068066,0.04688633,0.0,37.3164652951,60,通过,36,普通行业：ROE、现金流、FCF、市值稳定性、毛利率和净利率,18,54,一致,20260804150000,待评,未完成护城河初评,待核验
,483,002864,盘龙药业,SZ,中药Ⅱ,保留,通过,普通行业,淘汰,综合得分未进入前50,21.24,33.36,1.73,29.03527711,1.68,2.74,10.488,57.403199,1.076652,11.424716,2.4156668749000003,0.08319765,0.0,27.2841509488,60,通过,44,普通行业：ROE、现金流、FCF、市值稳定性、毛利率和净利率,18,62,一致,20260804150000,待评,未完成护城河初评,待核验
,730,002871,伟隆股份,SZ,通用设备,保留,通过,普通行业,淘汰,综合得分未进入前50,16.02,44.74,3.72,40.34698597,5.74,3.47,13.737,38.10543,0.88815,19.769642,2.7087994918000002,0.06713759,0.0,22.4042621935,60,通过,39,普通行业：ROE、现金流、FCF、市值稳定性、毛利率和净利率,11,50,一致,20260804150000,待评,未完成护城河初评,待核验
,,002879,长缆科技,SZ,电网设备,保留,通过,普通行业,淘汰,当前 PE/PB 缺失、为负或超出本轮可比估值上限,18.76,668.38,2.15,36.22699326,4.92,31.9,8.563,40.793785,1.523155,13.191894,0.6974720944,0.01925283,0.0,27.9816981107,60,通过,40,普通行业：ROE、现金流、FCF、市值稳定性、毛利率和净利率,10,50,一致,20260804150000,待评,未完成护城河初评,待核验
,56,002884,凌霄泵业,SZ,通用设备,保留,通过,普通行业,淘汰,综合得分未进入前50,16.23,14.83,2.69,58.05187121,-1.52,1.04,20.641,35.487815,1.031602,24.197957,19.5174578941,0.33620721,0.0,7.5765665692,60,通过,53,普通行业：ROE、现金流、FCF、市值稳定性、毛利率和净利率,25,78,一致,20260804150000,待评,未完成护城河初评,待核验
,669,002891,中宠股份,SZ,饲料,保留,通过,普通行业,淘汰,综合得分未进入前50,31.67,34.86,3.01,101.94501616,-1.8,4.57,12.21,24.7615,1.521761,5.971198,1.0986337151999999,0.01077673,0.0,42.6690440008,60,通过,39,普通行业：ROE、现金流、FCF、市值稳定性、毛利率和净利率,15,54,一致,20260804150000,待评,未完成护城河初评,待核验
,474,002901,大博医疗,SZ,医疗器械,保留,通过,普通行业,淘汰,综合得分未进入前50,43.2,30.51,5.14,178.85642659,1.17,0.45,23.377,73.653831,1.253394,30.42626,9.1937212352,0.0514028,0.0,25.1609741077,60,通过,50,普通行业：ROE、现金流、FCF、市值稳定性、毛利率和净利率,12,62,一致,20260804150000,待评,未完成护城河初评,待核验
,600,002907,华森制药,SZ,中药Ⅱ,保留,通过,普通行业,淘汰,综合得分未进入前50,13.16,41.9,3.22,54.95567492,2.09,1.51,11.562,56.341817,2.16153,13.533559,2.9845809523,0.05430888,0.0,15.7842473078,60,通过,46,普通行业：ROE、现金流、FCF、市值稳定性、毛利率和净利率,11,57,一致,20260804150000,待评,未完成护城河初评,待核验
,,002908,德生科技,SZ,IT服务Ⅱ,保留,通过,普通行业,淘汰,当前 PE/PB 缺失、为负或超出本轮可比估值上限,6.89,-77.04,2.76,29.72567086,1.17,2.28,9.23,43.185542,3.364077,11.243428,2.6686014901,0.08977431,0.0,22.9187899473,60,通过,45,普通行业：ROE、现金流、FCF、市值稳定性、毛利率和净利率,10,55,一致,20260804150000,待评,未完成护城河初评,待核验
,574,002917,金奥博,SZ,化学制品,周期,通过,周期行业（本次保留）,淘汰,综合得分未进入前50,10.42,23.6,2.13,36.22139933,-0.57,1.16,11.666,31.050846,0.796558,9.91982,3.3744605569,0.09316207,0.0,37.0604228429,60,通过,37,普通行业：ROE、现金流、FCF、市值稳定性、毛利率和净利率,22,59,一致,20260804150000,待评,未完成护城河初评,待核验
,,002919,名臣健康,SZ,游戏Ⅱ,保留,通过,普通行业,淘汰,当前 PE/PB 缺失、为负或超出本轮可比估值上限,17.27,125.28,5.72,45.9616986,2.01,1.89,9.779,53.954534,2.220514,7.06006,1.6152527903,0.03514345,0.0,37.2051807857,60,通过,42,普通行业：ROE、现金流、FCF、市值稳定性、毛利率和净利率,4,46,一致,20260804150000,待评,未完成护城河初评,待核验
,686,002920,德赛西威,SZ,汽车零部件,周期,通过,周期行业（本次保留）,淘汰,综合得分未进入前50,92.87,30.03,3.66,554.25679134,-0.58,1.02,23.035,21.311424,0.836924,7.993295,6.0613722972,0.01093604,0.0,47.855545336,60,通过,38,普通行业：ROE、现金流、FCF、市值稳定性、毛利率和净利率,15,53,一致,20260804150000,待评,未完成护城河初评,待核验
,527,002925,盈趣科技,SZ,消费电子,保留,通过,普通行业,淘汰,综合得分未进入前50,22.75,47.06,3.52,175.55470956,3.46,1.86,28.773,29.095754,1.356897,19.505524,12.3385244613,0.07028307,0.0,38.1698121507,60,通过,49,普通行业：ROE、现金流、FCF、市值稳定性、毛利率和净利率,11,60,一致,20260804150000,待评,未完成护城河初评,待核验
,,002932,*ST明德,SZ,医疗器械,保留,通过,普通行业,淘汰,当前 PE/PB 缺失、为负或超出本轮可比估值上限,14.79,-2278.06,0.62,34.38984954,-0.6,0.7,31.742,57.239048,2.020799,30.362141,45.7467394529,1.33023959,0.0,5.4271423062,60,通过,60,普通行业：ROE、现金流、FCF、市值稳定性、毛利率和净利率,12,72,一致,20260804150000,待评,未完成护城河初评,待核验
,654,002937,兴瑞科技,SZ,汽车零部件,周期,通过,周期行业（本次保留）,淘汰,综合得分未进入前50,27.54,60.14,4.6,87.02907937,6.41,3.53,17.114,25.295494,1.6215,11.038295,3.9172267831,0.04501055,0.0,38.1735554981,60,通过,47,普通行业：ROE、现金流、FCF、市值稳定性、毛利率和净利率,7,54,一致,20260804150000,待评,未完成护城河初评,待核验
,,002938,鹏鼎控股,SZ,元件,保留,通过,普通行业,淘汰,当前 PE/PB 缺失、为负或超出本轮可比估值上限,89.0,111.43,6.38,2062.60762562,10.0,1.25,14.431,21.59706,1.962213,9.862152,132.9776416253,0.06447064,0.0,28.8625507568,60,通过,42,普通行业：ROE、现金流、FCF、市值稳定性、毛利率和净利率,4,46,一致,20260804150000,待评,未完成护城河初评,待核验
,693,002940,昂利康,SZ,化学制药,保留,通过,普通行业,淘汰,综合得分未进入前50,25.24,72.1,3.15,50.91619415,2.39,5.36,14.994,49.22707,2.040942,9.254842,7.3154925638999995,0.14367713,0.0,36.7219261357,60,通过,45,普通行业：ROE、现金流、FCF、市值稳定性、毛利率和净利率,7,52,一致,20260804150000,待评,未完成护城河初评,待核验
,217,002948,青岛银行,SZ,银行Ⅱ,金融,金融特殊口径通过,金融行业（特殊口径）,淘汰,综合得分未进入前50,5.7,5.44,0.8,331.76021927,-3.39,1.28,10.246,,2.08405,29.101714,409.43873,1.23414052,0.0,93.8335070654,,金融特殊口径,41.33,金融特殊口径：ROE 40分、股本稳定性20分,30,71.33,一致,20260804150000,待评,未完成护城河初评,待核验
,,002949,华阳国际,SZ,工程咨询服务Ⅱ,保留,通过,普通行业,淘汰,当前 PE/PB 缺失、为负或超出本轮可比估值上限,10.39,114.02,1.43,20.37353136,0.58,1.86,14.447,29.010194,1.906433,10.964433,6.0202427404,0.29549334,0.0,46.1926425032,60,通过,48,普通行业：ROE、现金流、FCF、市值稳定性、毛利率和净利率,12,60,一致,20260804150000,待评,未完成护城河初评,待核验
,55,002950,奥美医疗,SZ,医疗器械,保留,通过,普通行业,淘汰,综合得分未进入前50,9.37,13.62,1.64,59.33696864,0.43,1.35,17.52,29.810597,2.468674,13.112509,19.843161579300002,0.33441482,0.0,35.5324532971,60,通过,53,普通行业：ROE、现金流、FCF、市值稳定性、毛利率和净利率,25,78,一致,20260804150000,待评,未完成护城河初评,待核验
,,002955,鸿合科技,SZ,光学光电子,保留,通过,普通行业,淘汰,当前 PE/PB 缺失、为负或超出本轮可比估值上限,31.86,-51.64,2.35,75.39347596,2.31,2.18,15.888,26.536934,1.833798,5.186418,13.7336730853,0.18215997,0.0,25.3797948444,60,通过,49,普通行业：ROE、现金流、FCF、市值稳定性、毛利率和净利率,10,59,一致,20260804150000,待评,未完成护城河初评,待核验
,467,002956,西麦食品,SZ,休闲食品,保留,通过,普通行业,淘汰,综合得分未进入前50,17.61,13.58,3.45,55.03928703,0.06,1.98,15.155,43.527229,1.182899,11.346443,1.3776570155,0.02503043,0.0,28.4134905295,60,通过,41,普通行业：ROE、现金流、FCF、市值稳定性、毛利率和净利率,22,63,一致,20260804150000,待评,未完成护城河初评,待核验
,757,002957,科瑞技术,SZ,自动化设备,保留,通过,普通行业,淘汰,综合得分未进入前50,34.97,52.89,4.58,146.86786836,10.0,5.18,11.763,34.367362,1.441288,10.454882,2.1765067127,0.01481949,0.0,44.9063024723,60,通过,40,普通行业：ROE、现金流、FCF、市值稳定性、毛利率和净利率,7,47,一致,20260804150000,待评,未完成护城河初评,待核验
,219,002958,青农商行,SZ,银行Ⅱ,金融,金融特殊口径通过,金融行业（特殊口径）,淘汰,综合得分未进入前50,3.13,3.48,0.46,173.89114047,-3.4,1.45,10.527,,1.206001,29.891854,131.16754,0.75430835,0.0,91.0317812942,,金融特殊口径,41.33,金融特殊口径：ROE 40分、股本稳定性20分,30,71.33,一致,20260804150000,待评,未完成护城河初评,待核验
,162,002959,小熊电器,SZ,小家电,保留,通过,普通行业,淘汰,综合得分未进入前50,34.35,16.82,1.86,53.52882236,-0.87,0.72,38.277,35.50906,1.117198,8.669556,5.8643023264,0.10955411,0.0,45.7625300168,60,通过,48,普通行业：ROE、现金流、FCF、市值稳定性、毛利率和净利率,25,73,一致,20260804150000,待评,未完成护城河初评,待核验
,435,002960,青鸟智控,SZ,专用设备,保留,通过,普通行业,淘汰,综合得分未进入前50,8.15,33.18,1.4,85.87937202,-1.57,0.91,18.647,36.749374,0.956097,14.970626,8.9730350116,0.10448417,0.0,34.164714354,60,通过,44,普通行业：ROE、现金流、FCF、市值稳定性、毛利率和净利率,20,64,一致,20260804150000,待评,未完成护城河初评,待核验
,283,002961,瑞达期货,SZ,多元金融,金融,金融特殊口径通过,金融行业（特殊口径）,淘汰,综合得分未进入前50,19.86,11.63,2.37,94.71897979,-0.25,1.08,14.016,,1.611306,27.928181,20.9436680516,0.22111374,0.0,85.0168458237,,金融特殊口径,41.33,金融特殊口径：ROE 40分、股本稳定性20分,28,69.33,一致,20260804150000,待评,未完成护城河初评,待核验
,,002962,五方光电,SZ,光学光电子,保留,通过,普通行业,淘汰,当前 PE/PB 缺失、为负或超出本轮可比估值上限,12.6,227.35,2.11,36.74983435,3.87,4.96,18.652,15.874486,1.558073,16.08283,2.3762979421,0.06466146,0.0,19.5617224215,60,通过,45,普通行业：ROE、现金流、FCF、市值稳定性、毛利率和净利率,10,55,一致,20260804150000,待评,未完成护城河初评,待核验
,216,002966,苏州银行,SZ,银行Ⅱ,金融,金融特殊口径通过,金融行业（特殊口径）,淘汰,综合得分未进入前50,8.3,5.51,0.73,371.06494691,-2.58,1.12,10.49,,1.101807,32.395671,291.84914912,0.7865177,0.0,91.9753861415,,金融特殊口径,41.33,金融特殊口径：ROE 40分、股本稳定性20分,30,71.33,一致,20260804150000,待评,未完成护城河初评,待核验
,,002967,广电计量,SZ,专业服务,保留,通过,普通行业,淘汰,当前 PE/PB 缺失、为负或超出本轮可比估值上限,17.35,163.86,2.3,110.97426987,0.12,0.69,12.329,43.466955,2.727648,10.313168,4.611038950899999,0.04155052,0.0,45.0427470659,60,通过,45,普通行业：ROE、现金流、FCF、市值稳定性、毛利率和净利率,10,55,一致,20260804150000,待评,未完成护城河初评,待核验
,411,002972,科安达,SZ,轨交设备Ⅱ,保留,通过,普通行业,淘汰,综合得分未进入前50,12.41,20.46,2.49,30.52969208,2.65,4.59,13.758,60.771319,0.915283,32.416857,3.4159442183,0.11188925,0.0,13.5974132395,60,通过,43,普通行业：ROE、现金流、FCF、市值稳定性、毛利率和净利率,22,65,一致,20260804150000,待评,未完成护城河初评,待核验
,125,002978,安宁股份,SZ,小金属,周期,通过,周期行业（本次保留）,淘汰,综合得分未进入前50,26.65,20.56,1.46,125.78532381,-0.3,0.67,21.838,67.674415,1.126951,42.905525,11.033336068599999,0.08771561,0.0,48.5351225206,60,通过,50,普通行业：ROE、现金流、FCF、市值稳定性、毛利率和净利率,24,74,一致,20260804150000,待评,未完成护城河初评,待核验
,790,002979,雷赛智能,SZ,自动化设备,保留,通过,普通行业,淘汰,综合得分未进入前50,56.75,62.17,9.88,179.35162175,0.76,5.94,18.244,38.980789,0.887585,15.445251,3.9464456876,0.02200396,0.0,42.4453719179,60,通过,39,普通行业：ROE、现金流、FCF、市值稳定性、毛利率和净利率,0,39,一致,20260804150000,待评,未完成护城河初评,待核验
,,002980,华盛昌,SZ,电网设备,保留,通过,普通行业,淘汰,当前 PE/PB 缺失、为负或超出本轮可比估值上限,69.22,184.55,11.61,131.10348295,10.0,5.13,20.066,42.101182,0.944467,17.624714,1.1933006859,0.00910198,0.0,24.9830832517,60,通过,41,普通行业：ROE、现金流、FCF、市值稳定性、毛利率和净利率,0,41,一致,20260804150000,待评,未完成护城河初评,待核验
,566,002985,北摩高科,SZ,航空装备Ⅱ,保留,通过,普通行业,淘汰,综合得分未进入前50,26.09,32.19,3.19,86.58060424,-0.72,1.14,14.143,61.229967,2.825053,33.084151,2.1084317544,0.02435224,0.0,28.3244720955,60,通过,44,普通行业：ROE、现金流、FCF、市值稳定性、毛利率和净利率,15,59,一致,20260804150000,待评,未完成护城河初评,待核验
,163,002991,甘源食品,SZ,休闲食品,保留,通过,普通行业,淘汰,综合得分未进入前50,43.19,15.17,2.39,40.25991741,-2.35,1.9,20.929,35.163461,1.143447,12.564987,3.8658191752999995,0.09602154,0.0,20.9388747382,60,通过,48,普通行业：ROE、现金流、FCF、市值稳定性、毛利率和净利率,25,73,一致,20260804150000,待评,未完成护城河初评,待核验
,636,002993,奥海科技,SZ,消费电子,保留,通过,普通行业,淘汰,综合得分未进入前50,35.4,52.37,2.09,97.71816,4.52,2.8,19.467,20.212674,1.470738,8.733034,9.1506454358,0.09364324,0.0,49.5736848077,60,通过,45,普通行业：ROE、现金流、FCF、市值稳定性、毛利率和净利率,10,55,一致,20260804150000,待评,未完成护城河初评,待核验
,350,003000,劲仔食品,SZ,休闲食品,保留,通过,普通行业,淘汰,综合得分未进入前50,10.77,17.04,3.63,48.56130092,-1.64,1.77,17.441,28.076018,1.428816,10.361356,3.6351934739,0.07485783,0.0,36.2678997183,60,通过,45,普通行业：ROE、现金流、FCF、市值稳定性、毛利率和净利率,22,67,一致,20260804150000,待评,未完成护城河初评,待核验
,676,003002,壶化股份,SZ,化学制品,周期,通过,周期行业（本次保留）,淘汰,综合得分未进入前50,16.28,50.91,2.15,32.56,-0.97,1.62,11.54,39.56449,1.000408,13.189562,3.088822424,0.09486555,0.0,29.6887006413,60,通过,43,普通行业：ROE、现金流、FCF、市值稳定性、毛利率和净利率,10,53,一致,20260804150000,待评,未完成护城河初评,待核验
,248,003006,百亚股份,SZ,个护用品,保留,通过,普通行业,淘汰,综合得分未进入前50,14.75,11.03,4.51,63.37304903,-2.19,1.38,17.154,49.525933,1.118503,10.586637,7.68656743,0.12129079,0.0,31.2803743667,60,通过,46,普通行业：ROE、现金流、FCF、市值稳定性、毛利率和净利率,25,71,一致,20260804150000,待评,未完成护城河初评,待核验
,419,003008,开普检测,SZ,专业服务,保留,通过,普通行业,淘汰,综合得分未进入前50,18.29,68.18,1.87,19.0216,0.61,1.86,25.149,67.746375,1.485106,46.533782,2.3557705465,0.12384713,0.0,5.0553210566,60,通过,54,普通行业：ROE、现金流、FCF、市值稳定性、毛利率和净利率,10,64,一致,20260804150000,待评,未完成护城河初评,待核验
,,003010,若羽臣,SZ,互联网电商,保留,通过,普通行业,淘汰,2025年报资产负债率超过普通行业门槛（公用事业放宽至70%）,26.11,28.07,11.61,81.21762918,0.54,3.8,13.706,41.966906,1.152711,6.236245,2.9602643602999996,0.03644854,0.0,67.0656006612,60,不通过,39,普通行业：ROE、现金流、FCF、市值稳定性、毛利率和净利率,8,47,一致,20260804150000,待评,未完成护城河初评,待核验
,,003012,东鹏控股,SZ,家居用品,保留,通过,普通行业,淘汰,当前 PE/PB 缺失、为负或超出本轮可比估值上限,4.76,-27.55,0.76,55.07230312,-1.86,0.83,13.959,30.200778,3.081613,9.02473,18.4262301696,0.33458252,0.0,33.9806541017,60,通过,49,普通行业：ROE、现金流、FCF、市值稳定性、毛利率和净利率,12,61,一致,20260804150000,待评,未完成护城河初评,待核验
,551,003017,大洋生物,SZ,化学原料,周期,通过,周期行业（本次保留）,淘汰,综合得分未进入前50,21.4,17.47,1.89,21.5712,0.99,2.11,11.799,18.756664,1.385165,9.256417,0.2390756857,0.0110831,0.0,37.4886752731,60,通过,35,普通行业：ROE、现金流、FCF、市值稳定性、毛利率和净利率,25,60,一致,20260804150000,待评,未完成护城河初评,待核验
,647,003019,宸展光电,SZ,光学光电子,保留,通过,普通行业,淘汰,综合得分未进入前50,22.7,36.25,2.46,40.16818549,3.42,2.94,24.889,24.926238,0.765297,9.581455,4.4632006718,0.11111283,0.0,35.885106718,60,通过,41,普通行业：ROE、现金流、FCF、市值稳定性、毛利率和净利率,14,55,一致,20260804150000,待评,未完成护城河初评,待核验
,595,003020,立方制药,SZ,化学制药,保留,通过,普通行业,淘汰,综合得分未进入前50,17.39,28.11,2.22,39.68721767,2.72,5.83,17.348,52.497063,1.059509,8.190755,0.6958151834999999,0.01753248,0.0,24.5257748737,60,通过,40,普通行业：ROE、现金流、FCF、市值稳定性、毛利率和净利率,18,58,一致,20260804150000,待评,未完成护城河初评,待核验
,573,003023,彩虹集团,SZ,小家电,保留,通过,普通行业,淘汰,综合得分未进入前50,20.86,28.78,1.42,21.97425776,0.82,2.79,11.003,43.269356,0.910141,8.99143,2.871159353,0.13066013,0.0,22.7266502481,60,通过,39,普通行业：ROE、现金流、FCF、市值稳定性、毛利率和净利率,20,59,一致,20260804150000,待评,未完成护城河初评,待核验
,351,003025,思进智能,SZ,通用设备,保留,通过,普通行业,淘汰,综合得分未进入前50,11.87,21.64,2.71,33.70528733,1.02,1.71,17.42,38.895469,1.089887,23.320909,1.5880734901,0.04711645,0.0,23.7391777917,60,通过,45,普通行业：ROE、现金流、FCF、市值稳定性、毛利率和净利率,22,67,一致,20260804150000,待评,未完成护城河初评,待核验
,,003028,振邦智能,SZ,家电零部件Ⅱ,保留,通过,普通行业,淘汰,当前 PE/PB 缺失、为负或超出本轮可比估值上限,22.2,140.37,1.86,31.9946733,1.46,1.45,23.049,24.211759,1.580847,16.222627,5.3341754569,0.16672074,0.0,35.1364573096,60,通过,53,普通行业：ROE、现金流、FCF、市值稳定性、毛利率和净利率,10,63,一致,20260804150000,待评,未完成护城河初评,待核验
,768,003031,中瓷电子,SZ,通信设备,保留,通过,普通行业,淘汰,综合得分未进入前50,100.3,58.51,7.06,452.40601758,10.0,3.5,17.757,35.028616,1.158267,15.299751,8.070187215399999,0.01783837,0.0,19.2850982274,60,通过,41,普通行业：ROE、现金流、FCF、市值稳定性、毛利率和净利率,4,45,一致,20260804150000,待评,未完成护城河初评,待核验
,,003036,泰坦股份,SZ,专用设备,保留,通过,普通行业,淘汰,当前 PE/PB 缺失、为负或超出本轮可比估值上限,45.0,118.81,6.91,97.47290025,10.0,2.62,9.163,17.852784,0.766836,7.954621,1.6678277062,0.01711068,0.0,54.706442183,60,通过,27,普通行业：ROE、现金流、FCF、市值稳定性、毛利率和净利率,4,31,一致,20260804150000,待评,未完成护城河初评,待核验
,452,003039,顺控发展,SZ,环境治理,保留,通过,普通行业,淘汰,行业分散上限：同一细分行业最多入选3家,12.16,28.81,2.65,75.09027757,-0.41,0.6,12.489,44.683416,2.188613,18.665286,5.740427778099999,0.07644702,0.0,52.6152483336,60,通过,45,普通行业：ROE、现金流、FCF、市值稳定性、毛利率和净利率,18,63,一致,20260804150000,待评,未完成护城河初评,待核验
,,003043,华亚智能,SZ,半导体,保留,通过,普通行业,淘汰,当前 PE/PB 缺失、为负或超出本轮可比估值上限,62.0,286.12,4.37,89.28626324,6.71,6.4,15.674,33.40456,1.317301,18.265674,0.419947064,0.00470338,0.0,31.7321140382,60,通过,43,普通行业：ROE、现金流、FCF、市值稳定性、毛利率和净利率,7,50,一致,20260804150000,待评,未完成护城河初评,待核验
,235,003816,中国广核,SZ,电力,保留,通过,普通行业,淘汰,综合得分未进入前50,4.07,18.75,1.63,2055.30188719,-2.16,0.33,11.16,34.36838,3.2683,15.322933,603.5951865216999,0.29367714,0.0,65.1513507094,70,通过,49,普通行业：ROE、现金流、FCF、市值稳定性、毛利率和净利率,22,71,一致,20260804150000,待评,未完成护城河初评,待核验
,124,300003,乐普医疗,SZ,医疗器械,保留,通过,普通行业,淘汰,综合得分未进入前50,12.93,24.14,1.48,238.35481578,0.08,1.44,14.47,62.518564,1.677245,17.467617,50.5846842144,0.2122243,0.0,32.0557612906,60,通过,50,普通行业：ROE、现金流、FCF、市值稳定性、毛利率和净利率,24,74,一致,20260804150000,待评,未完成护城河初评,待核验
,231,300009,安科生物,SZ,生物制品,保留,通过,普通行业,淘汰,综合得分未进入前50,8.39,20.91,3.24,140.1717894,0.36,1.3,15.987,77.982435,1.425641,21.985671,27.4769159204,0.19602315,0.0,14.6241430756,60,通过,52,普通行业：ROE、现金流、FCF、市值稳定性、毛利率和净利率,19,71,一致,20260804150000,待评,未完成护城河初评,待核验
,538,300012,华测检测,SZ,专业服务,保留,通过,普通行业,淘汰,综合得分未进入前50,14.19,33.48,3.13,238.79332357,-0.07,1.68,13.475,49.274418,1.278547,13.525572,25.2369055054,0.10568514,0.0,23.8788690799,60,通过,45,普通行业：ROE、现金流、FCF、市值稳定性、毛利率和净利率,15,60,一致,20260804150000,待评,未完成护城河初评,待核验
,120,300015,爱尔眼科,SZ,医疗服务,保留,通过,普通行业,淘汰,综合得分未进入前50,8.94,17.61,3.76,831.38108722,-1.32,1.1,19.691,49.682058,1.700225,14.63395,170.363046479,0.20491571,0.0,36.2025080586,60,通过,52,普通行业：ROE、现金流、FCF、市值稳定性、毛利率和净利率,22,74,一致,20260804150000,待评,未完成护城河初评,待核验
,428,300019,硅宝科技,SZ,化学制品,周期,通过,周期行业（本次保留）,淘汰,综合得分未进入前50,15.11,32.28,2.25,59.39993337,1.61,2.78,12.633,21.679311,1.331248,10.14506,11.146719944300001,0.18765543,0.0,33.9612588801,60,通过,46,普通行业：ROE、现金流、FCF、市值稳定性、毛利率和净利率,18,64,一致,20260804150000,待评,未完成护城河初评,待核验
,,300033,同花顺,SZ,软件开发,保留,通过,普通行业,淘汰,当前 PE/PB 缺失、为负或超出本轮可比估值上限,233.51,171.67,41.37,1757.489664,1.05,2.63,30.049,90.213983,1.146116,51.724664,105.9381077305,0.06027808,0.0,40.0495286092,60,通过,50,普通行业：ROE、现金流、FCF、市值稳定性、毛利率和净利率,0,50,一致,20260804150000,待评,未完成护城河初评,待核验
,597,300037,新宙邦,SZ,电池,保留,通过,普通行业,淘汰,综合得分未进入前50,63.57,24.94,4.51,479.24560228,4.26,3.11,13.816,29.447883,1.343375,15.167781,13.921143130499999,0.02904804,0.0,43.1563664431,60,通过,39,普通行业：ROE、现金流、FCF、市值稳定性、毛利率和净利率,19,58,一致,20260804150000,待评,未完成护城河初评,待核验
,269,300039,上海凯宝,SZ,中药Ⅱ,保留,通过,普通行业,淘汰,综合得分未进入前50,5.64,22.74,1.29,58.9944,3.49,4.82,10.836,79.829551,1.122147,18.07238,11.240501950799999,0.19053507,0.0,7.5264518017,60,通过,46,普通行业：ROE、现金流、FCF、市值稳定性、毛利率和净利率,24,70,一致,20260804150000,待评,未完成护城河初评,待核验
,549,300041,回天新材,SZ,化学制品,周期,通过,周期行业（本次保留）,淘汰,综合得分未进入前50,10.63,17.74,2.02,59.46803851,1.63,3.61,8.6,22.169186,1.285955,7.191994,1.2787844936,0.02150373,0.0,52.8551812333,60,通过,35,普通行业：ROE、现金流、FCF、市值稳定性、毛利率和净利率,25,60,一致,20260804150000,待评,未完成护城河初评,待核验
,523,300059,东方财富,SZ,证券Ⅱ,金融,金融特殊口径通过,金融行业（特殊口径）,淘汰,综合得分未进入前50,20.05,21.22,3.36,3172.35107494,0.2,1.56,12.028,65.903465,0.922044,55.275982,385.6191679333,0.12155627,0.0,76.6180756603,,金融特殊口径,41.33,金融特殊口径：ROE 40分、股本稳定性20分,19,60.33,一致,20260804150000,待评,未完成护城河初评,待核验
,611,300073,当升科技,SZ,电池,保留,通过,普通行业,淘汰,综合得分未进入前50,42.08,20.68,1.55,229.03877549,0.79,2.48,11.01,15.76106,1.410281,8.047241,0.3034524188,0.0013249,0.0,31.1444740027,60,通过,35,普通行业：ROE、现金流、FCF、市值稳定性、毛利率和净利率,22,57,一致,20260804150000,待评,未完成护城河初评,待核验
,675,300113,顺网科技,SZ,游戏Ⅱ,保留,通过,普通行业,淘汰,综合得分未进入前50,19.12,40.04,5.05,128.90013424,2.25,8.14,8.331,49.722076,1.675386,10.786691,11.052837520999999,0.08574729,0.0,14.2938267268,60,通过,45,普通行业：ROE、现金流、FCF、市值稳定性、毛利率和净利率,8,53,一致,20260804150000,待评,未完成护城河初评,待核验
,408,300119,瑞普生物,SZ,动物保健Ⅱ,保留,通过,普通行业,淘汰,综合得分未进入前50,17.68,19.06,1.77,82.16863202,2.67,2.5,9.536,45.308147,1.22867,14.23883,9.239120432,0.11244097,0.0,32.2794593169,60,通过,43,普通行业：ROE、现金流、FCF、市值稳定性、毛利率和净利率,22,65,一致,20260804150000,待评,未完成护城河初评,待核验
,186,300121,阳谷华泰,SZ,橡胶,保留,通过,普通行业,淘汰,综合得分未进入前50,9.5,17.61,1.19,42.29763252,0.64,2.71,15.083,21.669136,1.242369,10.362464,2.5057421193000002,0.05924072,0.0,19.5476099489,60,通过,45,普通行业：ROE、现金流、FCF、市值稳定性、毛利率和净利率,27,72,一致,20260804150000,待评,未完成护城河初评,待核验
,637,300124,汇川技术,SZ,自动化设备,保留,通过,普通行业,淘汰,综合得分未进入前50,64.1,42.81,4.95,1735.5741281,-0.02,0.95,20.413,32.164118,0.989805,17.568166,131.3251484968,0.07566669,0.0,47.9277662282,60,通过,44,普通行业：ROE、现金流、FCF、市值稳定性、毛利率和净利率,11,55,一致,20260804150000,待评,未完成护城河初评,待核验
,748,300127,银河磁体,SZ,金属新材料,保留,通过,普通行业,淘汰,综合得分未进入前50,23.94,35.96,5.38,77.36123858,0.97,1.36,12.556,32.292921,0.887901,23.807405,4.4466928945,0.0574796,0.0,8.3898396858,60,通过,40,普通行业：ROE、现金流、FCF、市值稳定性、毛利率和净利率,8,48,一致,20260804150000,待评,未完成护城河初评,待核验
,451,300130,新国都,SZ,计算机设备,保留,通过,普通行业,淘汰,综合得分未进入前50,19.15,25.46,2.5,108.63899061,0.26,3.6,8.907,32.152504,2.450008,8.877747,26.1884788813,0.24105967,0.0,28.3577449652,60,通过,45,普通行业：ROE、现金流、FCF、市值稳定性、毛利率和净利率,18,63,一致,20260804150000,待评,未完成护城河初评,待核验
,,300136,信维通信,SZ,消费电子,保留,通过,普通行业,淘汰,当前 PE/PB 缺失、为负或超出本轮可比估值上限,59.55,137.33,7.22,576.18712393,5.4,7.13,18.918,21.331905,2.390712,14.061949,21.7413482734,0.03773314,0.0,41.4285590266,60,通过,47,普通行业：ROE、现金流、FCF、市值稳定性、毛利率和净利率,4,51,一致,20260804150000,待评,未完成护城河初评,待核验
,146,300146,汤臣倍健,SZ,食品加工,保留,通过,普通行业,淘汰,综合得分未进入前50,10.25,10.79,1.61,173.39689568,-0.68,1.32,12.516,67.564285,1.161846,17.091559,49.4455529699,0.28515824,0.0,19.9544990843,60,通过,46,普通行业：ROE、现金流、FCF、市值稳定性、毛利率和净利率,28,74,一致,20260804150000,待评,未完成护城河初评,待核验
,,300171,东富龙,SZ,医疗器械,保留,通过,普通行业,淘汰,当前 PE/PB 缺失、为负或超出本轮可比估值上限,12.75,88.72,1.24,97.6430751,4.34,3.11,8.538,35.761278,1.918047,10.559704,2.5945334165,0.02657161,0.0,39.5203962604,60,通过,40,普通行业：ROE、现金流、FCF、市值稳定性、毛利率和净利率,12,52,一致,20260804150000,待评,未完成护城河初评,待核验
,548,300181,佐力药业,SZ,中药Ⅱ,保留,通过,普通行业,淘汰,综合得分未进入前50,14.33,12.59,3.16,100.50880511,-0.56,3.07,9.784,66.595767,0.912082,11.56776,5.5996510275,0.05571304,0.0,31.2063518174,60,通过,38,普通行业：ROE、现金流、FCF、市值稳定性、毛利率和净利率,22,60,一致,20260804150000,待评,未完成护城河初评,待核验
,667,300193,佳士科技,SZ,通用设备,保留,通过,普通行业,淘汰,综合得分未进入前50,7.61,35.01,1.61,36.24261016,0.13,0.83,8.253,28.708562,0.930725,17.490557,5.7059261314,0.15743695,0.0,24.2274766015,60,通过,40,普通行业：ROE、现金流、FCF、市值稳定性、毛利率和净利率,14,54,一致,20260804150000,待评,未完成护城河初评,待核验
,264,300206,理邦仪器,SZ,医疗器械,保留,通过,普通行业,淘汰,综合得分未进入前50,12.04,16.61,3.3,69.79146686,0.67,1.22,12.642,57.163702,1.318322,12.113213,11.1822072261,0.16022313,0.0,17.0143569325,60,通过,48,普通行业：ROE、现金流、FCF、市值稳定性、毛利率和净利率,22,70,一致,20260804150000,待评,未完成护城河初评,待核验
,696,300259,新天科技,SZ,通用设备,保留,通过,普通行业,淘汰,综合得分未进入前50,4.0,59.45,1.54,46.2042014,1.52,3.36,10.264,44.483157,0.865301,23.604668,5.3946080346,0.11675579,0.0,18.9056734954,60,通过,42,普通行业：ROE、现金流、FCF、市值稳定性、毛利率和净利率,10,52,一致,20260804150000,待评,未完成护城河初评,待核验
,,300272,开能健康,SZ,小家电,保留,通过,普通行业,淘汰,当前 PE/PB 缺失、为负或超出本轮可比估值上限,5.63,161.07,2.79,34.42573127,-0.18,1.35,10.496,36.573742,3.157774,10.020427,7.870014480599999,0.22860849,0.0,62.8966009351,60,不通过,49,普通行业：ROE、现金流、FCF、市值稳定性、毛利率和净利率,10,59,一致,20260804150000,待评,未完成护城河初评,待核验
,,300285,国瓷材料,SZ,电子化学品Ⅱ,保留,通过,普通行业,淘汰,当前 PE/PB 缺失、为负或超出本轮可比估值上限,60.18,105.44,8.44,600.02366634,4.12,16.97,12.35,39.163897,0.965098,19.906119,6.6884247878,0.01114693,0.0,18.9105831306,60,通过,36,普通行业：ROE、现金流、FCF、市值稳定性、毛利率和净利率,0,36,一致,20260804150000,待评,未完成护城河初评,待核验
,453,300286,安科瑞,SZ,电网设备,保留,通过,普通行业,淘汰,综合得分未进入前50,21.3,26.56,2.41,53.41713152,2.85,3.38,14.821,45.82469,1.154792,19.077863,8.1910463851,0.15334119,0.0,16.9976008854,60,通过,45,普通行业：ROE、现金流、FCF、市值稳定性、毛利率和净利率,18,63,一致,20260804150000,待评,未完成护城河初评,待核验
,528,300294,博雅生物,SZ,生物制品,保留,通过,普通行业,淘汰,综合得分未进入前50,15.83,66.03,1.08,79.82257523,-0.5,0.92,8.601,55.789085,1.857046,16.579546,19.173581718199998,0.24020249,0.0,13.7602134702,60,通过,48,普通行业：ROE、现金流、FCF、市值稳定性、毛利率和净利率,12,60,一致,20260804150000,待评,未完成护城河初评,待核验
,695,300303,聚飞光电,SZ,光学光电子,保留,通过,普通行业,淘汰,综合得分未进入前50,7.23,50.11,2.79,102.4350396,2.55,3.45,9.188,24.221105,1.61866,9.41797,9.6583419552,0.09428748,0.0,39.7393557427,60,通过,42,普通行业：ROE、现金流、FCF、市值稳定性、毛利率和净利率,10,52,一致,20260804150000,待评,未完成护城河初评,待核验
,652,300304,云意电气,SZ,汽车零部件,周期,通过,周期行业（本次保留）,淘汰,综合得分未进入前50,10.98,34.27,2.87,96.42018024,4.77,2.94,9.768,31.998795,0.804999,19.516137,6.2756211111,0.06508618,0.0,23.5424830651,60,通过,37,普通行业：ROE、现金流、FCF、市值稳定性、毛利率和净利率,18,55,一致,20260804150000,待评,未完成护城河初评,待核验
,,300308,中际旭创,SZ,通信设备,保留,通过,普通行业,淘汰,当前 PE/PB 缺失、为负或超出本轮可比估值上限,1021.99,52.12,34.51,11954.57105756,13.24,4.56,15.603,32.743727,1.084296,14.392295,102.5751606225,0.00858041,0.0,30.1790303958,60,通过,41,普通行业：ROE、现金流、FCF、市值稳定性、毛利率和净利率,0,41,一致,20260804150000,待评,未完成护城河初评,待核验
,728,300314,戴维医疗,SZ,医疗器械,保留,通过,普通行业,淘汰,综合得分未进入前50,10.09,73.49,2.38,29.0592,0.7,1.86,8.477,57.553525,1.073633,18.138623,1.899452797,0.06536494,0.0,17.3479351823,60,通过,40,普通行业：ROE、现金流、FCF、市值稳定性、毛利率和净利率,10,50,一致,20260804150000,待评,未完成护城河初评,待核验
,,300316,晶盛机电,SZ,光伏设备,保留,通过,普通行业,淘汰,当前 PE/PB 缺失、为负或超出本轮可比估值上限,40.0,127.7,3.08,523.8135188,2.43,1.08,18.785,36.64851,0.736648,20.80961,8.7014202425,0.01661168,0.0,33.7221670425,60,通过,38,普通行业：ROE、现金流、FCF、市值稳定性、毛利率和净利率,7,45,一致,20260804150000,待评,未完成护城河初评,待核验
,632,300320,海达股份,SZ,橡胶,保留,通过,普通行业,淘汰,综合得分未进入前50,8.31,19.99,1.94,49.96256127,-0.84,1.34,9.959,18.429093,1.075308,7.314494,3.1171802489,0.06239032,0.0,32.2636690598,60,通过,34,普通行业：ROE、现金流、FCF、市值稳定性、毛利率和净利率,22,56,一致,20260804150000,待评,未完成护城河初评,待核验
,619,300341,麦克奥迪,SZ,电网设备,保留,通过,普通行业,淘汰,综合得分未进入前50,13.41,40.95,3.58,69.38472606,-0.3,1.02,13.482,42.618591,1.261224,13.353023,7.2643301176,0.10469639,0.0,26.4430339247,60,通过,45,普通行业：ROE、现金流、FCF、市值稳定性、毛利率和净利率,11,56,一致,20260804150000,待评,未完成护城河初评,待核验
,,300347,泰格医药,SZ,医疗服务,保留,通过,普通行业,淘汰,当前 PE/PB 缺失、为负或超出本轮可比估值上限,51.35,225.38,2.12,442.13687668,3.47,4.56,12.658,36.627082,1.141404,26.517759,44.4491862749,0.10053264,0.0,14.4659529586,60,通过,44,普通行业：ROE、现金流、FCF、市值稳定性、毛利率和净利率,10,54,一致,20260804150000,待评,未完成护城河初评,待核验
,608,300349,金卡智能,SZ,通用设备,保留,通过,普通行业,淘汰,综合得分未进入前50,10.39,36.47,0.98,43.34846322,0.39,1.81,8.939,39.328779,1.012183,13.669791,5.7636972577,0.13296197,0.0,40.1081031811,60,通过,41,普通行业：ROE、现金流、FCF、市值稳定性、毛利率和净利率,16,57,一致,20260804150000,待评,未完成护城河初评,待核验
,394,300357,我武生物,SZ,生物制品,保留,通过,普通行业,淘汰,综合得分未进入前50,24.28,26.66,4.78,127.1261952,3.58,2.25,20.405,95.357577,1.053648,41.413852,10.311937821399999,0.08111576,0.0,6.4082002196,60,通过,50,普通行业：ROE、现金流、FCF、市值稳定性、毛利率和净利率,15,65,一致,20260804150000,待评,未完成护城河初评,待核验
,300,300360,炬华科技,SZ,电网设备,保留,通过,普通行业,淘汰,综合得分未进入前50,12.69,17.12,1.59,65.25034629,0.16,1.25,14.161,42.704356,0.905402,26.535175,18.6846425539,0.28635316,0.0,15.2981771847,60,通过,44,普通行业：ROE、现金流、FCF、市值稳定性、毛利率和净利率,25,69,一致,20260804150000,待评,未完成护城河初评,待核验
,678,300371,汇中股份,SZ,通用设备,保留,通过,普通行业,淘汰,综合得分未进入前50,10.0,68.97,1.74,20.1217296,-0.5,2.55,11.83,51.011054,0.942136,24.239471,2.2379462935,0.11122037,0.0,8.8849881933,60,通过,43,普通行业：ROE、现金流、FCF、市值稳定性、毛利率和净利率,10,53,一致,20260804150000,待评,未完成护城河初评,待核验
,687,300373,扬杰科技,SZ,半导体,保留,通过,普通行业,淘汰,综合得分未进入前50,86.8,30.63,4.89,471.62587912,8.53,3.61,13.322,33.804146,1.079885,15.932303,11.6047234031,0.02460578,0.0,40.7029348707,60,通过,38,普通行业：ROE、现金流、FCF、市值稳定性、毛利率和净利率,15,53,一致,20260804150000,待评,未完成护城河初评,待核验
,,300376,易事特,SZ,其他电源设备Ⅱ,保留,通过,普通行业,淘汰,当前 PE/PB 缺失、为负或超出本轮可比估值上限,4.93,192.58,1.77,114.78225547,1.44,1.02,9.282,29.863102,8.369525,10.234367,8.9693215247,0.07814206,0.0,49.2941089821,60,通过,42,普通行业：ROE、现金流、FCF、市值稳定性、毛利率和净利率,10,52,一致,20260804150000,待评,未完成护城河初评,待核验
,383,300384,三联虹普,SZ,专业工程,周期,通过,周期行业（本次保留）,淘汰,综合得分未进入前50,12.38,21.78,1.42,39.49309941,-0.16,1.23,9.581,42.247208,0.853851,24.85568,9.266972509,0.23464789,0.0,17.2516451047,60,通过,42,普通行业：ROE、现金流、FCF、市值稳定性、毛利率和净利率,24,66,一致,20260804150000,待评,未完成护城河初评,待核验
,,300389,艾比森,SZ,光学光电子,保留,通过,普通行业,淘汰,2025年报资产负债率超过普通行业门槛（公用事业放宽至70%）,12.45,29.25,2.74,45.95298947,0.24,2.46,11.64,28.61665,3.435931,5.82055,18.3331308806,0.39895404,0.0,63.7126628948,60,不通过,48,普通行业：ROE、现金流、FCF、市值稳定性、毛利率和净利率,18,66,一致,20260804150000,待评,未完成护城河初评,待核验
,378,300390,天华新能,SZ,电池,保留,通过,普通行业,淘汰,综合得分未进入前50,56.44,12.1,3.8,468.87574475,3.94,4.22,22.732,36.10679,0.92823,14.271827,28.775369153899998,0.06137099,0.0,32.2133834661,60,通过,44,普通行业：ROE、现金流、FCF、市值稳定性、毛利率和净利率,22,66,一致,20260804150000,待评,未完成护城河初评,待核验
,,300394,天孚通信,SZ,通信设备,保留,通过,普通行业,淘汰,当前 PE/PB 缺失、为负或超出本轮可比估值上限,212.0,117.46,42.3,2312.54919716,17.45,7.2,21.737,53.355604,1.091782,34.793002,35.5667652773,0.0153799,0.0,14.5228761939,60,通过,45,普通行业：ROE、现金流、FCF、市值稳定性、毛利率和净利率,0,45,一致,20260804150000,待评,未完成护城河初评,待核验
,590,300398,飞凯材料,SZ,电子化学品Ⅱ,保留,通过,普通行业,淘汰,综合得分未进入前50,32.1,34.87,3.64,182.98067325,7.07,6.88,9.423,36.939121,1.704446,13.083528,7.9968262146,0.04370312,0.0,27.9706291608,60,通过,43,普通行业：ROE、现金流、FCF、市值稳定性、毛利率和净利率,15,58,一致,20260804150000,待评,未完成护城河初评,待核验
,705,300400,劲拓股份,SZ,自动化设备,保留,通过,普通行业,淘汰,综合得分未进入前50,22.11,52.39,7.59,53.64456438,8.28,5.2,12.166,33.936989,1.748182,11.344883,5.3298882481,0.09935561,0.0,35.949758668,60,通过,47,普通行业：ROE、现金流、FCF、市值稳定性、毛利率和净利率,4,51,一致,20260804150000,待评,未完成护城河初评,待核验
,623,300403,汉宇集团,SZ,家电零部件Ⅱ,保留,通过,普通行业,淘汰,综合得分未进入前50,9.56,43.32,2.63,57.6468,0.84,2.51,12.592,32.625544,0.915071,20.979613,5.517362003200001,0.09570977,0.0,13.4758962899,60,通过,42,普通行业：ROE、现金流、FCF、市值稳定性、毛利率和净利率,14,56,一致,20260804150000,待评,未完成护城河初评,待核验
,88,300406,九强生物,SZ,医疗器械,保留,通过,普通行业,淘汰,综合得分未进入前50,11.74,16.29,2.06,68.81289071,-0.09,1.06,13.835,75.833338,1.418615,29.920569,20.8487791239,0.30297781,0.0,25.1279320102,60,通过,51,普通行业：ROE、现金流、FCF、市值稳定性、毛利率和净利率,25,76,一致,20260804150000,待评,未完成护城河初评,待核验
,788,300408,三环集团,SZ,元件,保留,通过,普通行业,淘汰,综合得分未进入前50,120.98,76.02,11.17,2404.91504958,6.12,4.23,14.989,43.562722,1.047137,32.240115,54.2770911647,0.02256923,0.0,18.2714457832,60,通过,39,普通行业：ROE、现金流、FCF、市值稳定性、毛利率和净利率,0,39,一致,20260804150000,待评,未完成护城河初评,待核验
,543,300416,苏试试验,SZ,专业服务,保留,通过,普通行业,淘汰,综合得分未进入前50,14.79,29.05,2.66,75.21422051,2.85,3.39,12.257,44.877436,1.777308,12.436009,1.4716271844,0.01956581,0.0,40.6842667528,60,通过,42,普通行业：ROE、现金流、FCF、市值稳定性、毛利率和净利率,18,60,一致,20260804150000,待评,未完成护城河初评,待核验
,,300433,蓝思科技,SZ,消费电子,保留,通过,普通行业,淘汰,当前 PE/PB 缺失、为负或超出本轮可比估值上限,32.95,-290.66,3.32,1739.34511667,4.37,2.05,9.246,17.721344,3.120729,6.619212,119.59511308360001,0.0687587,0.0,34.683474472,60,通过,38,普通行业：ROE、现金流、FCF、市值稳定性、毛利率和净利率,7,45,一致,20260804150000,待评,未完成护城河初评,待核验
,541,300445,康斯特,SZ,通用设备,保留,通过,普通行业,淘汰,综合得分未进入前50,18.4,28.93,3.02,39.08712239,-0.43,1.72,10.609,64.226979,1.248314,22.820019,2.1072560417,0.05391177,0.0,10.0671433374,60,通过,45,普通行业：ROE、现金流、FCF、市值稳定性、毛利率和净利率,15,60,一致,20260804150000,待评,未完成护城河初评,待核验
,238,300446,航天智造,SZ,汽车零部件,周期,通过,周期行业（本次保留）,淘汰,综合得分未进入前50,13.93,21.42,2.04,117.76562846,0.29,1.85,15.488,26.055913,3.093912,17.182625,15.447211850699999,0.1311691,0.0,45.5978764001,60,通过,49,普通行业：ROE、现金流、FCF、市值稳定性、毛利率和净利率,22,71,一致,20260804150000,待评,未完成护城河初评,待核验
,267,300452,山河药辅,SZ,化学制药,保留,通过,普通行业,淘汰,综合得分未进入前50,12.28,15.29,3.02,28.7912318,-0.32,1.77,16.011,30.630118,1.015334,16.862224,4.5687745817000005,0.15868632,0.0,37.3167746457,60,通过,48,普通行业：ROE、现金流、FCF、市值稳定性、毛利率和净利率,22,70,一致,20260804150000,待评,未完成护城河初评,待核验
,314,300453,三鑫医疗,SZ,医疗器械,保留,通过,普通行业,淘汰,综合得分未进入前50,9.6,18.33,3.52,50.1200904,-2.24,6.02,13.958,34.842876,1.877848,12.501865,7.896612151699999,0.15755383,0.0,36.0380418311,60,通过,49,普通行业：ROE、现金流、FCF、市值稳定性、毛利率和净利率,19,68,一致,20260804150000,待评,未完成护城河初评,待核验
,,300454,深信服,SZ,软件开发,保留,通过,普通行业,淘汰,当前 PE/PB 缺失、为负或超出本轮可比估值上限,122.5,-204.9,4.89,528.65984238,6.24,8.47,12.674,63.043475,3.959824,10.469771,30.8550101927,0.05836458,0.0,41.7581803577,60,通过,46,普通行业：ROE、现金流、FCF、市值稳定性、毛利率和净利率,7,53,一致,20260804150000,待评,未完成护城河初评,待核验
,,300457,赢合科技,SZ,电池,保留,通过,普通行业,淘汰,2025年报资产负债率超过普通行业门槛（公用事业放宽至70%）,20.46,53.31,1.92,132.00371097,0.24,1.6,9.608,25.320227,1.235623,9.056877,18.036837338199998,0.13663887,0.0,63.588752971,60,不通过,40,普通行业：ROE、现金流、FCF、市值稳定性、毛利率和净利率,10,50,一致,20260804150000,待评,未完成护城河初评,待核验
,380,300470,中密控股,SZ,通用设备,保留,通过,普通行业,淘汰,综合得分未进入前50,30.2,23.59,2.19,62.79629057,-0.82,1.15,14.27,49.348543,0.914206,24.836808,12.5666615393,0.2001179,0.0,17.1020806516,60,通过,44,普通行业：ROE、现金流、FCF、市值稳定性、毛利率和净利率,22,66,一致,20260804150000,待评,未完成护城河初评,待核验
,749,300481,濮阳惠成,SZ,电子化学品Ⅱ,保留,通过,普通行业,淘汰,综合得分未进入前50,13.56,53.83,1.66,39.57559739,1.95,3.67,14.16,26.596441,0.988411,17.313363,2.9611791282,0.07482336,0.0,17.7146621878,60,通过,38,普通行业：ROE、现金流、FCF、市值稳定性、毛利率和净利率,10,48,一致,20260804150000,待评,未完成护城河初评,待核验
,634,300487,蓝晓科技,SZ,塑料,保留,通过,普通行业,淘汰,综合得分未进入前50,63.42,44.37,7.4,322.89387489,12.35,4.09,17.997,47.63154,1.042316,25.47887,25.8614904448,0.08009285,0.0,33.1802603445,60,通过,47,普通行业：ROE、现金流、FCF、市值稳定性、毛利率和净利率,8,55,一致,20260804150000,待评,未完成护城河初评,待核验
,478,300488,恒锋工具,SZ,通用设备,保留,通过,普通行业,淘汰,综合得分未进入前50,30.29,34.89,2.69,57.92077941,2.37,3.25,10.426,46.617022,1.398385,26.294949,3.8568426289,0.06658824,0.0,27.419216553,60,通过,44,普通行业：ROE、现金流、FCF、市值稳定性、毛利率和净利率,18,62,一致,20260804150000,待评,未完成护城河初评,待核验
,,300492,华图山鼎,SZ,教育,保留,通过,普通行业,淘汰,当前 PE/PB 缺失、为负或超出本轮可比估值上限,26.9,15.26,31.4,74.05730351,1.93,3.06,15.292,42.198206,3.210595,5.412321,15.2865433161,0.20641507,0.0,93.79017767,60,不通过,50,普通行业：ROE、现金流、FCF、市值稳定性、毛利率和净利率,15,65,一致,20260804150000,待评,未完成护城河初评,待核验
,,300502,新易盛,SZ,通信设备,保留,通过,普通行业,淘汰,当前 PE/PB 缺失、为负或超出本轮可比估值上限,448.0,56.17,32.18,6246.26994432,13.68,5.52,21.303,38.469266,0.818816,21.794929,66.4946971391,0.0106455,0.0,30.2028284365,60,通过,42,普通行业：ROE、现金流、FCF、市值稳定性、毛利率和净利率,0,42,一致,20260804150000,待评,未完成护城河初评,待核验
,,300507,苏奥传感,SZ,汽车零部件,周期,通过,周期行业（本次保留）,淘汰,当前 PE/PB 缺失、为负或超出本轮可比估值上限,6.56,100.79,2.48,52.5224371,1.55,0.94,9.658,22.195492,1.173952,13.3801,1.6463940601,0.03134649,0.0,37.4176568774,60,通过,38,普通行业：ROE、现金流、FCF、市值稳定性、毛利率和净利率,10,48,一致,20260804150000,待评,未完成护城河初评,待核验
,,300508,维宏股份,SZ,计算机设备,保留,通过,普通行业,淘汰,当前 PE/PB 缺失、为负或超出本轮可比估值上限,42.22,381.41,5.31,45.95492053,4.38,8.65,9.039,56.44524,1.219997,18.066986,1.6464365053999999,0.03582721,0.0,24.2825038215,60,通过,42,普通行业：ROE、现金流、FCF、市值稳定性、毛利率和净利率,4,46,一致,20260804150000,待评,未完成护城河初评,待核验
,,300509,新美星,SZ,专用设备,保留,通过,普通行业,淘汰,2025年报资产负债率超过普通行业门槛（公用事业放宽至70%）,8.4,24.64,3.9,24.8976,0.96,2.67,9.261,25.841716,1.99254,7.669316,4.0133506287000005,0.16119428,0.0,73.791553684,60,不通过,44,普通行业：ROE、现金流、FCF、市值稳定性、毛利率和净利率,19,63,一致,20260804150000,待评,未完成护城河初评,待核验
,,300514,友讯达,SZ,电网设备,保留,通过,普通行业,淘汰,当前 PE/PB 缺失、为负或超出本轮可比估值上限,9.46,-14.67,1.89,18.92,0.21,2.31,13.911,34.659212,1.801155,10.313098,8.5171830958,0.45016824,0.0,29.334638865,60,通过,51,普通行业：ROE、现金流、FCF、市值稳定性、毛利率和净利率,10,61,一致,20260804150000,待评,未完成护城河初评,待核验
,344,300515,三德科技,SZ,通用设备,保留,通过,普通行业,淘汰,综合得分未进入前50,15.94,24.75,3.71,32.7972673,2.64,4.8,12.187,56.698139,1.486287,18.995274,6.0076805145000005,0.18317625,0.0,36.7241040569,60,通过,48,普通行业：ROE、现金流、FCF、市值稳定性、毛利率和净利率,19,67,一致,20260804150000,待评,未完成护城河初评,待核验
,322,300519,新光药业,SZ,中药Ⅱ,保留,通过,普通行业,淘汰,综合得分未进入前50,13.73,20.83,2.69,21.968,0.0,4.04,12.419,44.284057,1.113468,30.056403,3.8841290984,0.1768085,0.0,5.9145406713,60,通过,46,普通行业：ROE、现金流、FCF、市值稳定性、毛利率和净利率,22,68,一致,20260804150000,待评,未完成护城河初评,待核验
,,300525,博思软件,SZ,软件开发,保留,通过,普通行业,淘汰,当前 PE/PB 缺失、为负或超出本轮可比估值上限,9.01,-27.13,2.76,67.72236558,0.0,4.85,12.948,64.577594,1.290134,14.807102,7.3963080153,0.10921515,0.0,31.3187044166,60,通过,46,普通行业：ROE、现金流、FCF、市值稳定性、毛利率和净利率,10,56,一致,20260804150000,待评,未完成护城河初评,待核验
46,49,300529,健帆生物,SZ,医疗器械,保留,通过,普通行业,入选50家,综合得分靠前，且满足 PE/PB 可比、普通行业负债率门槛与行业分散上限,18.49,16.74,4.65,147.66211535,-2.12,1.37,25.832,81.305516,1.354538,36.13055,31.5388075808,0.21358767,0.0,35.8226115605,60,通过,56,普通行业：ROE、现金流、FCF、市值稳定性、毛利率和净利率,22,78,一致,20260804150000,待评,未完成护城河初评,待核验
,,300533,冰川网络,SZ,游戏Ⅱ,保留,通过,普通行业,淘汰,当前 PE/PB 缺失、为负或超出本轮可比估值上限,15.52,-130.45,3.96,50.94389684,4.79,6.48,8.153,93.262765,0.732325,18.289878,12.913408062,0.25348293,0.0,44.810333245,60,通过,40,普通行业：ROE、现金流、FCF、市值稳定性、毛利率和净利率,7,47,一致,20260804150000,待评,未完成护城河初评,待核验
,731,300545,联得装备,SZ,光学光电子,保留,通过,普通行业,淘汰,综合得分未进入前50,27.14,46.3,2.33,50.33421745,2.84,5.36,10.038,32.62359,0.857508,11.323915,0.4487419582,0.00891525,0.0,27.5150409042,60,通过,36,普通行业：ROE、现金流、FCF、市值稳定性、毛利率和净利率,14,50,一致,20260804150000,待评,未完成护城河初评,待核验
,626,300547,川环科技,SZ,汽车零部件,周期,通过,周期行业（本次保留）,淘汰,综合得分未进入前50,24.4,33.51,4.0,52.92510646,7.25,5.77,15.795,24.3548,0.918765,16.267082,3.9397387546,0.07443988,0.0,21.6078886686,60,通过,41,普通行业：ROE、现金流、FCF、市值稳定性、毛利率和净利率,15,56,一致,20260804150000,待评,未完成护城河初评,待核验
,,300548,长芯博创,SZ,通信设备,保留,通过,普通行业,淘汰,当前 PE/PB 缺失、为负或超出本轮可比估值上限,159.6,90.44,23.0,470.50846559,13.18,8.27,9.881,25.881931,1.686932,10.659188,5.7490022172,0.0122187,0.0,30.36204062,60,通过,39,普通行业：ROE、现金流、FCF、市值稳定性、毛利率和净利率,0,39,一致,20260804150000,待评,未完成护城河初评,待核验
,,300559,佳发教育,SZ,软件开发,保留,通过,普通行业,淘汰,当前 PE/PB 缺失、为负或超出本轮可比估值上限,11.69,-210.34,4.08,46.70325288,2.81,5.29,12.627,52.500624,1.806618,25.442136,3.5915980675,0.07690252,0.0,23.7380246225,60,通过,47,普通行业：ROE、现金流、FCF、市值稳定性、毛利率和净利率,7,54,一致,20260804150000,待评,未完成护城河初评,待核验
,782,300563,神宇股份,SZ,通信设备,保留,通过,普通行业,淘汰,综合得分未进入前50,23.2,78.28,3.78,42.25604245,2.2,2.8,8.281,16.803559,1.336138,9.546567,1.4286703862,0.03380985,0.0,41.62374634,60,通过,36,普通行业：ROE、现金流、FCF、市值稳定性、毛利率和净利率,7,43,一致,20260804150000,待评,未完成护城河初评,待核验
,,300564,筑博设计,SZ,工程咨询服务Ⅱ,保留,通过,普通行业,淘汰,当前 PE/PB 缺失、为负或超出本轮可比估值上限,11.8,-86.06,1.58,19.0351936,-0.08,2.39,16.072,34.117343,1.081687,12.639356,1.3576421008000001,0.07132274,0.0,22.1524629252,60,通过,44,普通行业：ROE、现金流、FCF、市值稳定性、毛利率和净利率,10,54,一致,20260804150000,待评,未完成护城河初评,待核验
,690,300566,激智科技,SZ,光学光电子,保留,通过,普通行业,淘汰,综合得分未进入前50,24.05,27.67,2.9,63.03616183,6.18,9.61,10.945,21.045152,1.098548,7.174653,1.2049433104,0.01911511,0.0,38.7936246221,60,通过,35,普通行业：ROE、现金流、FCF、市值稳定性、毛利率和净利率,18,53,一致,20260804150000,待评,未完成护城河初评,待核验
,,300570,太辰光,SZ,通信设备,保留,通过,普通行业,淘汰,当前 PE/PB 缺失、为负或超出本轮可比估值上限,133.8,115.5,19.71,303.89574805,12.92,17.29,13.259,32.744203,0.70016,18.545674,4.5818689244,0.01507711,0.0,17.1337407906,60,通过,34,普通行业：ROE、现金流、FCF、市值稳定性、毛利率和净利率,0,34,一致,20260804150000,待评,未完成护城河初评,待核验
,448,300573,兴齐眼药,SZ,化学制药,保留,通过,普通行业,淘汰,综合得分未进入前50,42.33,18.32,7.8,151.25474717,-0.82,2.87,15.813,78.738439,1.313597,14.729058,9.5567764428,0.06318332,0.0,22.092775282,60,通过,47,普通行业：ROE、现金流、FCF、市值稳定性、毛利率和净利率,16,63,一致,20260804150000,待评,未完成护城河初评,待核验
,,300577,开润股份,SZ,服装家纺,保留,通过,普通行业,淘汰,2025年报资产负债率超过普通行业门槛（公用事业放宽至70%）,17.85,10.83,2.01,42.81077009,0.62,3.97,18.085,23.870831,1.738621,7.224175,4.1582761706,0.09713154,0.0,61.331477468,60,不通过,47,普通行业：ROE、现金流、FCF、市值稳定性、毛利率和净利率,28,75,一致,20260804150000,待评,未完成护城河初评,待核验
,729,300580,贝斯特,SZ,汽车零部件,周期,通过,周期行业（本次保留）,淘汰,综合得分未进入前50,21.4,36.8,3.27,107.49707107,1.42,2.9,10.496,34.174678,1.119444,20.224718,2.6592502663,0.02473789,0.0,16.2997353919,60,通过,39,普通行业：ROE、现金流、FCF、市值稳定性、毛利率和净利率,11,50,一致,20260804150000,待评,未完成护城河初评,待核验
,294,300590,移为通信,SZ,通信设备,保留,通过,普通行业,淘汰,综合得分未进入前50,10.59,23.57,2.65,48.95084937,1.83,5.85,15.65,38.561627,1.057227,20.573194,4.2960703235,0.08776294,0.0,15.4976767329,60,通过,47,普通行业：ROE、现金流、FCF、市值稳定性、毛利率和净利率,22,69,一致,20260804150000,待评,未完成护城河初评,待核验
,72,300595,欧普康视,SZ,医疗器械,保留,通过,普通行业,淘汰,综合得分未进入前50,11.5,17.61,2.08,102.95824915,-0.61,1.21,23.02,74.854636,1.197022,42.073741,26.2776707054,0.25522647,0.0,13.6096297202,60,通过,52,普通行业：ROE、现金流、FCF、市值稳定性、毛利率和净利率,25,77,一致,20260804150000,待评,未完成护城河初评,待核验
,323,300610,晨化股份,SZ,化学制品,周期,通过,周期行业（本次保留）,淘汰,综合得分未进入前50,9.73,19.95,1.79,20.63609234,0.41,2.18,11.291,20.922654,1.227124,10.603498,3.5170395762999997,0.17043147,0.0,25.9597956049,60,通过,46,普通行业：ROE、现金流、FCF、市值稳定性、毛利率和净利率,22,68,一致,20260804150000,待评,未完成护城河初评,待核验
,659,300613,富瀚微,SZ,半导体,保留,通过,普通行业,淘汰,综合得分未进入前50,70.3,48.11,5.65,163.72527639,4.18,15.39,15.448,38.832901,1.493546,17.849557,13.0141781129,0.0794879,0.0,25.2842713541,60,通过,46,普通行业：ROE、现金流、FCF、市值稳定性、毛利率和净利率,8,54,一致,20260804150000,待评,未完成护城河初评,待核验
,719,300617,安靠智电,SZ,电网设备,保留,通过,普通行业,淘汰,综合得分未进入前50,43.58,36.91,2.39,72.21539997,4.89,4.61,9.74,40.766666,1.146481,20.497087,0.0999977489,0.00138472,0.0,25.6846548867,60,通过,37,普通行业：ROE、现金流、FCF、市值稳定性、毛利率和净利率,14,51,一致,20260804150000,待评,未完成护城河初评,待核验
,529,300622,博士眼镜,SZ,专业连锁Ⅱ,保留,通过,普通行业,淘汰,综合得分未进入前50,16.11,32.2,5.8,51.39022725,1.7,8.92,14.052,62.424374,2.37223,9.968571,11.381213538099999,0.2214665,0.0,32.0288469072,60,通过,48,普通行业：ROE、现金流、FCF、市值稳定性、毛利率和净利率,12,60,一致,20260804150000,待评,未完成护城河初评,待核验
,674,300627,华测导航,SZ,通信设备,保留,通过,普通行业,淘汰,综合得分未进入前50,28.66,45.37,5.51,227.55199173,0.24,1.33,18.902,57.490985,1.008355,16.220667,15.911238805999998,0.06992353,0.0,30.5461878549,60,通过,45,普通行业：ROE、现金流、FCF、市值稳定性、毛利率和净利率,8,53,一致,20260804150000,待评,未完成护城河初评,待核验
,308,300628,亿联网络,SZ,通信设备,保留,通过,普通行业,淘汰,综合得分未进入前50,39.65,19.15,6.02,502.33313648,1.04,2.69,32.714,63.809221,0.841672,45.790148,80.373699037,0.16000079,0.0,12.7877743021,60,通过,52,普通行业：ROE、现金流、FCF、市值稳定性、毛利率和净利率,16,68,一致,20260804150000,待评,未完成护城河初评,待核验
,,300633,开立医疗,SZ,医疗器械,保留,通过,普通行业,淘汰,当前 PE/PB 缺失、为负或超出本轮可比估值上限,20.8,-190.29,2.77,88.36620104,1.36,2.85,12.369,65.545658,1.098341,13.719873,6.5555592016999995,0.07418627,0.0,25.9586853984,60,通过,42,普通行业：ROE、现金流、FCF、市值稳定性、毛利率和净利率,10,52,一致,20260804150000,待评,未完成护城河初评,待核验
,368,300641,正丹股份,SZ,化学制品,周期,通过,周期行业（本次保留）,淘汰,综合得分未进入前50,14.54,28.44,2.53,76.41421537,-0.48,1.24,13.947,20.154053,4.508458,10.903147,20.3038133471,0.26570728,0.0,3.922299228,60,通过,48,普通行业：ROE、现金流、FCF、市值稳定性、毛利率和净利率,18,66,一致,20260804150000,待评,未完成护城河初评,待核验
,,300642,透景生命,SZ,医疗器械,保留,通过,普通行业,淘汰,当前 PE/PB 缺失、为负或超出本轮可比估值上限,12.9,-94.11,1.49,20.93311909,1.9,2.39,12.828,64.970852,9.586979,25.057603,2.4583666122,0.1174391,0.0,28.0230196356,60,通过,49,普通行业：ROE、现金流、FCF、市值稳定性、毛利率和净利率,12,61,一致,20260804150000,待评,未完成护城河初评,待核验
,486,300643,万通智控,SZ,汽车零部件,周期,通过,周期行业（本次保留）,淘汰,综合得分未进入前50,16.91,24.78,3.1,39.16049151,2.86,2.72,12.012,32.329822,1.15406,10.17495,3.7827533001,0.09659617,0.0,18.685052521,60,通过,43,普通行业：ROE、现金流、FCF、市值稳定性、毛利率和净利率,19,62,一致,20260804150000,待评,未完成护城河初评,待核验
,500,300653,正海生物,SZ,医疗器械,保留,通过,普通行业,淘汰,综合得分未进入前50,14.72,44.91,3.1,26.496,0.75,0.65,18.258,88.249884,1.049488,37.325426,6.6059616174,0.2493192,0.0,9.662572564,60,通过,50,普通行业：ROE、现金流、FCF、市值稳定性、毛利率和净利率,11,61,一致,20260804150000,待评,未完成护城河初评,待核验
,773,300660,江苏雷利,SZ,电机Ⅱ,保留,通过,普通行业,淘汰,综合得分未进入前50,28.17,62.3,4.69,163.74587513,0.28,1.63,13.159,27.420894,1.339845,9.8595,2.0365326498,0.01243715,0.0,41.5962698928,60,通过,37,普通行业：ROE、现金流、FCF、市值稳定性、毛利率和净利率,7,44,一致,20260804150000,待评,未完成护城河初评,待核验
,,300661,圣邦股份,SZ,半导体,保留,通过,普通行业,淘汰,当前 PE/PB 缺失、为负或超出本轮可比估值上限,101.56,140.7,13.03,696.16651794,7.58,3.07,20.321,53.297623,0.946907,19.834406,17.2668171836,0.02480271,0.0,23.396736767,60,通过,42,普通行业：ROE、现金流、FCF、市值稳定性、毛利率和净利率,0,42,一致,20260804150000,待评,未完成护城河初评,待核验
,662,300674,宇信科技,SZ,IT服务Ⅱ,保留,通过,普通行业,淘汰,综合得分未进入前50,16.7,64.45,2.66,117.57752902,0.24,2.61,13.895,29.644206,1.254784,10.144201,16.677008891099998,0.1418384,0.0,32.5473611024,60,通过,44,普通行业：ROE、现金流、FCF、市值稳定性、毛利率和净利率,10,54,一致,20260804150000,待评,未完成护城河初评,待核验
,,300677,英科医疗,SZ,医疗器械,保留,通过,普通行业,淘汰,当前 PE/PB 缺失、为负或超出本轮可比估值上限,47.3,771.87,1.7,309.6982934,-4.41,2.97,27.737,27.217223,1.355025,17.060839,2.5030633843,0.00808226,0.0,53.6750396856,60,通过,46,普通行业：ROE、现金流、FCF、市值稳定性、毛利率和净利率,10,56,一致,20260804150000,待评,未完成护城河初评,待核验
,664,300679,电连技术,SZ,消费电子,保留,通过,普通行业,淘汰,综合得分未进入前50,38.84,47.34,3.36,165.000088,4.97,4.21,13.091,31.944981,1.30108,14.384237,5.810143673200001,0.03521297,0.0,33.0921862827,60,通过,43,普通行业：ROE、现金流、FCF、市值稳定性、毛利率和净利率,11,54,一致,20260804150000,待评,未完成护城河初评,待核验
,,300682,朗新科技,SZ,IT服务Ⅱ,保留,通过,普通行业,淘汰,当前 PE/PB 缺失、为负或超出本轮可比估值上限,11.84,-64.2,1.96,127.66312121,1.63,2.94,10.886,41.22412,0.848353,13.538335,8.5231969973,0.06676319,0.0,29.3925376212,60,通过,39,普通行业：ROE、现金流、FCF、市值稳定性、毛利率和净利率,10,49,一致,20260804150000,待评,未完成护城河初评,待核验
,743,300684,中石科技,SZ,电子化学品Ⅱ,保留,通过,普通行业,淘汰,综合得分未进入前50,44.98,51.99,6.7,134.71924851,6.06,7.49,13.93,29.330101,1.519433,14.352997,5.4764356936,0.04065073,0.0,18.1067606601,60,通过,44,普通行业：ROE、现金流、FCF、市值稳定性、毛利率和净利率,4,48,一致,20260804150000,待评,未完成护城河初评,待核验
,406,300685,艾德生物,SZ,医疗器械,保留,通过,普通行业,淘汰,综合得分未进入前50,17.72,20.29,3.67,69.12663595,0.68,1.56,18.373,83.626332,0.952111,26.7662,10.1445300548,0.14675284,0.0,12.4247991728,60,通过,46,普通行业：ROE、现金流、FCF、市值稳定性、毛利率和净利率,19,65,一致,20260804150000,待评,未完成护城河初评,待核验
,702,300690,双一科技,SZ,风电设备,保留,通过,普通行业,淘汰,综合得分未进入前50,21.66,42.13,2.3,35.81457586,-0.51,3.03,12.995,25.60512,0.958438,15.864444,2.0273950172,0.0566081,0.0,21.5659396499,60,通过,38,普通行业：ROE、现金流、FCF、市值稳定性、毛利率和净利率,14,52,一致,20260804150000,待评,未完成护城河初评,待核验
,584,300693,盛弘股份,SZ,其他电源设备Ⅱ,保留,通过,普通行业,淘汰,综合得分未进入前50,36.06,33.1,5.38,112.79417377,3.65,4.02,19.515,41.206212,1.050377,12.618664,11.128964997,0.09866613,0.0,47.8033413737,60,通过,46,普通行业：ROE、现金流、FCF、市值稳定性、毛利率和净利率,12,58,一致,20260804150000,待评,未完成护城河初评,待核验
,,300695,兆丰股份,SZ,汽车零部件,周期,通过,周期行业（本次保留）,淘汰,当前 PE/PB 缺失、为负或超出本轮可比估值上限,49.35,-76.24,1.76,50.46379199,0.47,1.45,14.373,30.385186,0.962355,32.641536,3.6578907794999997,0.07248545,0.0,13.7949903681,60,通过,40,普通行业：ROE、现金流、FCF、市值稳定性、毛利率和净利率,10,50,一致,20260804150000,待评,未完成护城河初评,待核验
,,300696,爱乐达,SZ,航空装备Ⅱ,保留,通过,普通行业,淘汰,当前 PE/PB 缺失、为负或超出本轮可比估值上限,19.99,997.09,3.1,58.8203717,2.04,2.89,11.607,31.145101,1.368325,35.420258,3.4139675519,0.05804056,0.0,11.4399850626,60,通过,44,普通行业：ROE、现金流、FCF、市值稳定性、毛利率和净利率,7,51,一致,20260804150000,待评,未完成护城河初评,待核验
,683,300699,光威复材,SZ,航空装备Ⅱ,保留,通过,普通行业,淘汰,综合得分未进入前50,26.17,44.8,4.03,217.5648184,-0.46,1.48,16.0,45.502197,1.131408,29.7158,4.0559615871,0.01864254,0.0,37.2274915483,60,通过,42,普通行业：ROE、现金流、FCF、市值稳定性、毛利率和净利率,11,53,一致,20260804150000,待评,未完成护城河初评,待核验
,,300701,森霸传感,SZ,光学光电子,保留,通过,普通行业,淘汰,当前 PE/PB 缺失、为负或超出本轮可比估值上限,9.37,80.84,2.78,26.19789474,0.86,1.95,15.68,40.801588,1.331923,29.231134,1.3149020401,0.05019113,0.0,10.6471170098,60,通过,47,普通行业：ROE、现金流、FCF、市值稳定性、毛利率和净利率,10,57,一致,20260804150000,待评,未完成护城河初评,待核验
,,300703,创源股份,SZ,文娱用品,保留,通过,普通行业,淘汰,当前 PE/PB 缺失、为负或超出本轮可比估值上限,13.39,-31.53,3.18,24.15446738,-0.07,3.89,14.892,30.26524,2.375669,6.873058,2.4200109939,0.10018896,0.0,56.8801473718,60,通过,45,普通行业：ROE、现金流、FCF、市值稳定性、毛利率和净利率,7,52,一致,20260804150000,待评,未完成护城河初评,待核验
,349,300705,九典制药,SZ,化学制药,保留,通过,普通行业,淘汰,综合得分未进入前50,11.13,24.54,2.27,55.68240989,0.72,1.83,16.43,75.921713,1.185587,12.116859,2.6758320781,0.04805525,0.0,24.0643055298,60,通过,45,普通行业：ROE、现金流、FCF、市值稳定性、毛利率和净利率,22,67,一致,20260804150000,待评,未完成护城河初评,待核验
,,300707,威唐工业,SZ,汽车零部件,周期,通过,周期行业（本次保留）,淘汰,当前 PE/PB 缺失、为负或超出本轮可比估值上限,11.93,-44.84,1.87,20.74627131,-1.81,3.62,9.14,22.615114,4.473002,8.988185,0.3052697554,0.01471444,0.0,38.1958743881,60,通过,37,普通行业：ROE、现金流、FCF、市值稳定性、毛利率和净利率,10,47,一致,20260804150000,待评,未完成护城河初评,待核验
,,300709,精研科技,SZ,消费电子,保留,通过,普通行业,淘汰,当前 PE/PB 缺失、为负或超出本轮可比估值上限,35.2,-33.03,3.05,65.69861091,4.36,6.29,11.63,27.065504,2.831019,7.681521,5.3556713618,0.08151879,0.0,44.4658446163,60,通过,44,普通行业：ROE、现金流、FCF、市值稳定性、毛利率和净利率,7,51,一致,20260804150000,待评,未完成护城河初评,待核验
,,300711,广哈通信,SZ,通信设备,保留,通过,普通行业,淘汰,当前 PE/PB 缺失、为负或超出本轮可比估值上限,15.78,-133.34,2.99,44.25242713,0.96,1.21,9.789,53.575033,1.048196,13.109752,2.7389688227999995,0.06189421,0.0,38.6381101312,60,通过,40,普通行业：ROE、现金流、FCF、市值稳定性、毛利率和净利率,10,50,一致,20260804150000,待评,未完成护城河初评,待核验
,685,300717,华信新材,SZ,塑料,保留,通过,普通行业,淘汰,综合得分未进入前50,17.75,36.77,2.5,18.2425625,1.54,3.41,8.674,26.153276,1.692496,14.089656,0.37343319939999997,0.02047044,0.0,27.1617814995,60,通过,39,普通行业：ROE、现金流、FCF、市值稳定性、毛利率和净利率,14,53,一致,20260804150000,待评,未完成护城河初评,待核验
,,300718,长盛轴承,SZ,通用设备,保留,通过,普通行业,淘汰,当前 PE/PB 缺失、为负或超出本轮可比估值上限,66.37,81.21,11.49,198.29964221,2.17,7.58,13.93,32.605225,1.090609,19.444465,7.1338595549,0.03597515,0.0,13.409343098,60,通过,41,普通行业：ROE、现金流、FCF、市值稳定性、毛利率和净利率,0,41,一致,20260804150000,待评,未完成护城河初评,待核验
,,300720,海川智能,SZ,通用设备,保留,通过,普通行业,淘汰,当前 PE/PB 缺失、为负或超出本轮可比估值上限,59.75,411.33,20.15,116.43916046,20.0,7.73,10.698,52.220405,1.019681,23.789584,1.9115625666999998,0.01641684,0.0,8.6448665005,60,通过,40,普通行业：ROE、现金流、FCF、市值稳定性、毛利率和净利率,0,40,一致,20260804150000,待评,未完成护城河初评,待核验
,,300722,新余国科,SZ,航天装备Ⅱ,保留,通过,普通行业,淘汰,当前 PE/PB 缺失、为负或超出本轮可比估值上限,21.97,429.83,9.72,60.80339866,0.41,1.19,14.054,46.283249,0.997907,21.019178,2.8315646729000004,0.04656918,0.0,27.3914254383,60,通过,40,普通行业：ROE、现金流、FCF、市值稳定性、毛利率和净利率,0,40,一致,20260804150000,待评,未完成护城河初评,待核验
,108,300724,捷佳伟创,SZ,光伏设备,保留,通过,普通行业,淘汰,综合得分未进入前50,59.22,19.08,1.56,206.25852595,1.35,3.15,20.513,26.498109,1.205627,16.505759,67.8765600048,0.32908487,0.0,46.330651635,60,通过,53,普通行业：ROE、现金流、FCF、市值稳定性、毛利率和净利率,22,75,一致,20260804150000,待评,未完成护城河初评,待核验
,531,300725,药石科技,SZ,医疗服务,保留,通过,普通行业,淘汰,综合得分未进入前50,40.24,48.11,1.73,94.08407402,11.16,13.64,16.563,40.998193,1.507253,20.656807,0.6396703429999999,0.00679892,0.0,14.1655639779,60,通过,46,普通行业：ROE、现金流、FCF、市值稳定性、毛利率和净利率,14,60,一致,20260804150000,待评,未完成护城河初评,待核验
,673,300726,宏达电子,SZ,军工电子Ⅱ,保留,通过,普通行业,淘汰,综合得分未进入前50,49.54,54.3,4.26,204.02545921,5.23,6.62,18.566,62.146435,1.065911,33.293229,13.9936918935,0.06858797,0.0,10.5894529817,60,通过,46,普通行业：ROE、现金流、FCF、市值稳定性、毛利率和净利率,7,53,一致,20260804150000,待评,未完成护城河初评,待核验
,776,300727,润禾材料,SZ,化学制品,周期,通过,周期行业（本次保留）,淘汰,综合得分未进入前50,27.32,45.0,3.71,49.21325137,2.98,1.68,12.292,24.770465,0.84353,8.741849,0.2270708786,0.00461402,0.0,24.2921518706,60,通过,33,普通行业：ROE、现金流、FCF、市值稳定性、毛利率和净利率,11,44,一致,20260804150000,待评,未完成护城河初评,待核验
,,300735,光弘科技,SZ,消费电子,保留,通过,普通行业,淘汰,当前 PE/PB 缺失、为负或超出本轮可比估值上限,20.63,244.85,3.03,166.92052373,7.0,2.88,13.794,16.337176,3.21049,10.837696,1.3793725387,0.00826365,0.0,44.2249928302,60,通过,39,普通行业：ROE、现金流、FCF、市值稳定性、毛利率和净利率,7,46,一致,20260804150000,待评,未完成护城河初评,待核验
,449,300741,华宝股份,SZ,化学制品,周期,通过,周期行业（本次保留）,淘汰,综合得分未进入前50,13.44,46.38,1.22,82.774272,0.9,0.4,11.059,58.51184,0.975824,36.758706,26.05153106,0.31472981,0.0,6.2118538077,60,通过,47,普通行业：ROE、现金流、FCF、市值稳定性、毛利率和净利率,16,63,一致,20260804150000,待评,未完成护城河初评,待核验
,493,300743,天地数码,SZ,计算机设备,保留,通过,普通行业,淘汰,综合得分未进入前50,14.84,14.23,3.87,22.43872153,1.37,2.55,14.945,28.687415,1.199094,8.758028,2.0996971159999998,0.09357472,0.0,41.2034078595,60,通过,40,普通行业：ROE、现金流、FCF、市值稳定性、毛利率和净利率,22,62,一致,20260804150000,待评,未完成护城河初评,待核验
,721,300747,锐科激光,SZ,自动化设备,保留,通过,普通行业,淘汰,综合得分未进入前50,33.94,60.16,5.39,190.60704,4.59,4.14,20.333,21.931007,2.741514,13.466145,1.8758006972,0.00984119,0.0,33.7665387874,60,通过,46,普通行业：ROE、现金流、FCF、市值稳定性、毛利率和净利率,4,50,一致,20260804150000,待评,未完成护城河初评,待核验
,,300750,宁德时代,SZ,电池,保留,通过,普通行业,淘汰,2025年报资产负债率超过普通行业门槛（公用事业放宽至70%）,395.1,21.12,4.9,18279.91358497,0.18,0.61,24.361,23.288446,2.109108,13.468949,2280.208661,0.12473848,0.0,61.9392859503,60,不通过,51,普通行业：ROE、现金流、FCF、市值稳定性、毛利率和净利率,19,70,一致,20260804150000,待评,未完成护城河初评,待核验
,737,300759,康龙化成,SZ,医疗服务,保留,通过,普通行业,淘汰,综合得分未进入前50,39.92,54.68,4.56,733.4436243,10.67,7.46,14.635,35.502732,1.578058,14.573621,1.3438023397,0.00183218,0.0,41.9108983794,60,通过,42,普通行业：ROE、现金流、FCF、市值稳定性、毛利率和净利率,7,49,一致,20260804150000,待评,未完成护城河初评,待核验
,151,300760,迈瑞医疗,SZ,医疗器械,保留,通过,普通行业,淘汰,综合得分未进入前50,154.27,20.07,4.89,1870.43333852,-1.67,0.93,32.981,63.352961,1.13117,28.054678,447.74949518,0.23938276,0.0,27.4275927015,60,通过,54,普通行业：ROE、现金流、FCF、市值稳定性、毛利率和净利率,19,73,一致,20260804150000,待评,未完成护城河初评,待核验
,692,300768,迪普科技,SZ,软件开发,保留,通过,普通行业,淘汰,综合得分未进入前50,16.68,58.36,3.08,107.39068371,3.03,3.27,13.611,67.642064,1.209504,21.667358,6.8051000689,0.06336769,0.0,14.108453204,60,通过,45,普通行业：ROE、现金流、FCF、市值稳定性、毛利率和净利率,7,52,一致,20260804150000,待评,未完成护城河初评,待核验
37,39,300770,新媒股份,SZ,电视广播Ⅱ,保留,通过,普通行业,入选50家,综合得分靠前，且满足 PE/PB 可比、普通行业负债率门槛与行业分散上限,35.5,14.12,2.28,80.88269981,-0.03,1.11,22.346,51.507439,1.119809,38.528848,32.3742709755,0.400262,0.0,22.4174918072,60,通过,54,普通行业：ROE、现金流、FCF、市值稳定性、毛利率和净利率,25,79,一致,20260804150000,3/5,IPTV平台运营资质、内容分发和区域用户基础,初评达到★★★
,396,300771,智莱科技,SZ,计算机设备,保留,通过,普通行业,淘汰,综合得分未进入前50,11.36,43.28,1.4,27.264,0.35,3.34,17.339,29.567995,1.50427,17.88301,3.9628184044,0.14534985,0.0,17.4474929169,60,通过,49,普通行业：ROE、现金流、FCF、市值稳定性、毛利率和净利率,16,65,一致,20260804150000,待评,未完成护城河初评,待核验
,363,300773,拉卡拉,SZ,多元金融,金融,金融特殊口径通过,金融行业（特殊口径）,淘汰,综合得分未进入前50,15.94,7.29,3.8,173.32054833,0.76,3.32,14.432,28.068037,1.123491,9.831328,16.2537234026,0.0937784,0.0,66.2011766536,,金融特殊口径,41.33,金融特殊口径：ROE 40分、股本稳定性20分,25,66.33,一致,20260804150000,待评,未完成护城河初评,待核验
,,300777,中简科技,SZ,航空装备Ⅱ,保留,通过,普通行业,淘汰,当前 PE/PB 缺失、为负或超出本轮可比估值上限,24.81,142.93,2.43,109.09143993,0.45,1.28,15.579,69.676271,1.550696,53.403163,0.1437463438,0.00131767,0.0,9.7701712075,60,通过,47,普通行业：ROE、现金流、FCF、市值稳定性、毛利率和净利率,10,57,一致,20260804150000,待评,未完成护城河初评,待核验
,311,300788,中信出版,SZ,出版,保留,通过,普通行业,淘汰,综合得分未进入前50,26.64,30.44,2.29,50.6563636,2.46,4.2,15.232,36.381816,1.431887,10.908877,8.6555425229,0.17086782,0.0,33.4968714518,60,通过,50,普通行业：ROE、现金流、FCF、市值稳定性、毛利率和净利率,18,68,一致,20260804150000,待评,未完成护城河初评,待核验
,477,300792,壹网壹创,SZ,互联网电商,保留,通过,普通行业,淘汰,综合得分未进入前50,25.5,48.27,2.06,60.60387579,5.07,6.51,23.542,32.923287,1.460006,14.899741,2.8012486344,0.04622227,0.0,7.4188590081,60,通过,48,普通行业：ROE、现金流、FCF、市值稳定性、毛利率和净利率,14,62,一致,20260804150000,待评,未完成护城河初评,待核验
,,300795,米奥会展,SZ,专业服务,保留,豁免B通过,普通行业,淘汰,当前 PE/PB 缺失、为负或超出本轮可比估值上限,15.58,-47.16,8.2,46.56766495,9.72,29.79,16.314,51.080893,1.002107,2.913223,5.710594778,0.12263004,0.0,22.0869236058,60,通过,41,普通行业：ROE、现金流、FCF、市值稳定性、毛利率和净利率,0,41,一致,20260804150000,待评,未完成护城河初评,待核验
,417,300801,泰和科技,SZ,化学制品,周期,通过,周期行业（本次保留）,淘汰,综合得分未进入前50,22.6,14.34,1.92,49.36518,0.44,6.45,14.219,17.920856,2.181253,9.918145,1.5538788372999999,0.03147722,0.0,20.0863555473,60,通过,40,普通行业：ROE、现金流、FCF、市值稳定性、毛利率和净利率,25,65,一致,20260804150000,待评,未完成护城河初评,待核验
,,300803,指南针,SZ,软件开发,保留,通过,普通行业,淘汰,当前 PE/PB 缺失、为负或超出本轮可比估值上限,83.16,113.99,17.7,507.10295651,1.11,2.54,18.043,87.20268,15.884427,17.262117,93.62081054,0.18461894,0.0,81.905922791,60,不通过,53,普通行业：ROE、现金流、FCF、市值稳定性、毛利率和净利率,0,53,一致,20260804150000,待评,未完成护城河初评,待核验
,,300809,华辰装备,SZ,通用设备,保留,通过,普通行业,淘汰,当前 PE/PB 缺失、为负或超出本轮可比估值上限,23.84,118.16,3.35,60.44374528,2.41,3.82,10.635,32.605015,0.974215,23.349739,1.0847710035,0.01794679,0.0,23.2151559595,60,通过,37,普通行业：ROE、现金流、FCF、市值稳定性、毛利率和净利率,7,44,一致,20260804150000,待评,未完成护城河初评,待核验
,744,300817,双飞集团,SZ,通用设备,保留,通过,普通行业,淘汰,综合得分未进入前50,15.57,51.09,3.31,33.98903597,0.71,1.73,10.987,26.435931,1.512205,10.385081,0.5398540007,0.01588318,0.0,20.0986651765,60,通过,41,普通行业：ROE、现金流、FCF、市值稳定性、毛利率和净利率,7,48,一致,20260804150000,待评,未完成护城河初评,待核验
,,300819,聚杰微纤,SZ,纺织制造,保留,通过,普通行业,淘汰,当前 PE/PB 缺失、为负或超出本轮可比估值上限,43.75,156.98,7.58,65.2771875,7.76,3.75,12.637,23.814724,1.736856,10.608683,0.048006523899999994,0.00073543,0.0,14.5115576381,60,通过,41,普通行业：ROE、现金流、FCF、市值稳定性、毛利率和净利率,4,45,一致,20260804150000,待评,未完成护城河初评,待核验
,722,300820,英杰电气,SZ,其他电源设备Ⅱ,保留,通过,普通行业,淘汰,综合得分未进入前50,45.64,69.78,4.07,101.41396858,5.4,6.07,18.895,38.391526,0.842722,23.094735,7.7593629086,0.07651178,0.0,34.1353814684,60,通过,43,普通行业：ROE、现金流、FCF、市值稳定性、毛利率和净利率,7,50,一致,20260804150000,待评,未完成护城河初评,待核验
,458,300823,建科智能,SZ,专用设备,保留,通过,普通行业,淘汰,综合得分未进入前50,14.21,32.29,1.98,18.61264551,1.0,4.34,11.026,41.709815,1.984818,13.938309,0.9695465048999999,0.05209074,0.0,24.8381686524,60,通过,45,普通行业：ROE、现金流、FCF、市值稳定性、毛利率和净利率,18,63,一致,20260804150000,待评,未完成护城河初评,待核验
,233,300824,北鼎股份,SZ,小家电,保留,通过,普通行业,淘汰,综合得分未进入前50,7.8,19.42,3.41,25.4546512,-0.76,1.4,16.32,48.972756,1.764999,10.633684,5.3326442732,0.20949587,0.0,27.8446517558,60,通过,52,普通行业：ROE、现金流、FCF、市值稳定性、毛利率和净利率,19,71,一致,20260804150000,待评,未完成护城河初评,待核验
,,300826,测绘股份,SZ,工程咨询服务Ⅱ,保留,通过,普通行业,淘汰,当前 PE/PB 缺失、为负或超出本轮可比估值上限,13.08,106.92,2.0,29.85117979,4.14,2.64,10.082,33.436353,1.986251,11.17728,1.5433912269999999,0.05170286,0.0,42.1784488761,60,通过,45,普通行业：ROE、现金流、FCF、市值稳定性、毛利率和净利率,10,55,一致,20260804150000,待评,未完成护城河初评,待核验
,,300828,锐新科技,SZ,通用设备,保留,通过,普通行业,淘汰,当前 PE/PB 缺失、为负或超出本轮可比估值上限,15.03,97.33,3.21,25.0132266,1.83,5.49,12.532,20.733349,1.005332,13.877615,1.3360529408,0.05341386,0.0,9.7135101916,60,通过,40,普通行业：ROE、现金流、FCF、市值稳定性、毛利率和净利率,7,47,一致,20260804150000,待评,未完成护城河初评,待核验
,,300831,ST派瑞,SZ,半导体,保留,通过,普通行业,淘汰,当前 PE/PB 缺失、为负或超出本轮可比估值上限,15.84,81.29,5.21,50.688,4.42,3.02,9.221,51.83947,1.118838,24.206112,1.1800040548000001,0.02327975,0.0,9.1904714779,60,通过,38,普通行业：ROE、现金流、FCF、市值稳定性、毛利率和净利率,4,42,一致,20260804150000,待评,未完成护城河初评,待核验
,287,300832,新产业,SZ,医疗器械,保留,通过,普通行业,淘汰,综合得分未进入前50,46.89,20.84,4.31,368.42353829,-2.21,0.84,26.139,71.134054,0.811594,43.467472,42.137471995700004,0.11437237,0.0,8.0064873745,60,通过,50,普通行业：ROE、现金流、FCF、市值稳定性、毛利率和净利率,19,69,一致,20260804150000,待评,未完成护城河初评,待核验
,454,300833,浩洋股份,SZ,专用设备,保留,通过,普通行业,淘汰,综合得分未进入前50,34.45,26.2,1.82,43.57597725,2.32,0.88,17.845,49.394926,0.856942,20.702807,4.467097487699999,0.10251285,0.0,10.0153466791,60,通过,45,普通行业：ROE、现金流、FCF、市值稳定性、毛利率和净利率,18,63,一致,20260804150000,待评,未完成护城河初评,待核验
,,300840,酷特智能,SZ,服装家纺,保留,通过,普通行业,淘汰,当前 PE/PB 缺失、为负或超出本轮可比估值上限,18.07,87.39,3.44,43.368,3.79,5.04,9.077,40.664805,1.732745,10.327798,1.1905614176000001,0.02745253,0.0,16.2890381344,60,通过,40,普通行业：ROE、现金流、FCF、市值稳定性、毛利率和净利率,7,47,一致,20260804150000,待评,未完成护城河初评,待核验
,526,300841,康华生物,SZ,生物制品,保留,通过,普通行业,淘汰,综合得分未进入前50,46.82,55.59,1.74,60.84113811,1.36,1.36,41.24,93.354621,0.954508,32.060608,7.4472611926,0.12240503,0.0,11.7790540125,60,通过,50,普通行业：ROE、现金流、FCF、市值稳定性、毛利率和净利率,10,60,一致,20260804150000,待评,未完成护城河初评,待核验
,,300845,捷安高科,SZ,计算机设备,保留,通过,普通行业,淘汰,当前 PE/PB 缺失、为负或超出本轮可比估值上限,10.51,-38.78,2.77,21.61287961,3.75,4.52,14.599,50.746951,0.828506,18.522525,0.0215470624,0.00099695,0.0,25.3913430937,60,通过,37,普通行业：ROE、现金流、FCF、市值稳定性、毛利率和净利率,10,47,一致,20260804150000,待评,未完成护城河初评,待核验
,751,300847,中船汉光,SZ,计算机设备,保留,通过,普通行业,淘汰,综合得分未进入前50,14.49,41.82,2.89,42.891849,0.76,1.7,9.307,19.315626,1.199075,9.497954,2.9071186669999998,0.06777788,0.0,7.9238937402,60,通过,34,普通行业：ROE、现金流、FCF、市值稳定性、毛利率和净利率,14,48,一致,20260804150000,待评,未完成护城河初评,待核验
,515,300856,科思股份,SZ,化妆品,保留,通过,普通行业,淘汰,综合得分未进入前50,11.2,32.66,1.98,53.27696898,0.99,0.78,19.12,37.265698,1.419917,14.900679,0.22437895859999998,0.00421156,0.0,30.4350982793,60,通过,43,普通行业：ROE、现金流、FCF、市值稳定性、毛利率和净利率,18,61,一致,20260804150000,待评,未完成护城河初评,待核验
,,300859,西域旅游,SZ,旅游及景区,保留,通过,普通行业,淘汰,当前 PE/PB 缺失、为负或超出本轮可比估值上限,26.75,-38.83,5.85,41.4625,-0.19,1.81,9.734,47.010971,0.961176,11.06258,1.0339928593,0.02493802,0.0,28.9060783007,60,通过,34,普通行业：ROE、现金流、FCF、市值稳定性、毛利率和净利率,4,38,一致,20260804150000,待评,未完成护城河初评,待核验
9,9,300861,美畅股份,SZ,通用设备,保留,通过,普通行业,入选50家,综合得分靠前，且满足 PE/PB 可比、普通行业负债率门槛与行业分散上限,16.45,14.22,1.7,110.51775238,2.68,3.77,39.068,39.937599,2.524068,35.889447,23.6876476795,0.21433342,0.0,9.6959838309,60,通过,57,普通行业：ROE、现金流、FCF、市值稳定性、毛利率和净利率,25,82,一致,20260804150000,4/5,金刚石线技术、客户认证和制造规模,初评达到★★★
,57,300864,南大环境,SZ,环境治理,保留,通过,普通行业,淘汰,行业分散上限：同一细分行业最多入选3家,18.52,16.01,2.3,29.46609191,0.22,0.93,39.03,35.265281,1.011508,21.357566,5.0106673574,0.17004859,0.0,29.6791793369,60,通过,53,普通行业：ROE、现金流、FCF、市值稳定性、毛利率和净利率,25,78,一致,20260804150000,待评,未完成护城河初评,待核验
,694,300866,安克创新,SZ,消费电子,保留,通过,普通行业,淘汰,综合得分未进入前50,119.45,37.13,6.83,700.39831568,-1.63,1.16,37.603,41.345933,0.815093,8.752899,43.135563006400005,0.06158719,0.0,44.6576864895,60,通过,44,普通行业：ROE、现金流、FCF、市值稳定性、毛利率和净利率,8,52,一致,20260804150000,待评,未完成护城河初评,待核验
,,300873,海晨股份,SZ,物流,保留,通过,普通行业,淘汰,当前 PE/PB 缺失、为负或超出本轮可比估值上限,14.87,973.79,1.53,47.91814823,6.06,7.74,15.351,25.518299,1.479855,15.050625,6.730053764400001,0.14044895,0.0,37.8528839632,60,通过,47,普通行业：ROE、现金流、FCF、市值稳定性、毛利率和净利率,10,57,一致,20260804150000,待评,未完成护城河初评,待核验
,655,300880,迦南智能,SZ,电网设备,保留,通过,普通行业,淘汰,综合得分未进入前50,19.9,77.76,3.72,38.83231872,1.12,2.23,21.528,29.566334,1.156111,14.580427,4.9861363652,0.12840172,0.0,28.0256308187,60,通过,47,普通行业：ROE、现金流、FCF、市值稳定性、毛利率和净利率,7,54,一致,20260804150000,待评,未完成护城河初评,待核验
,558,300882,万胜智能,SZ,电网设备,保留,通过,普通行业,淘汰,综合得分未进入前50,15.31,49.12,3.55,43.81740188,0.72,1.25,16.022,31.540814,1.4714,12.769227,5.9858120401,0.1366081,0.0,35.9783052925,60,通过,48,普通行业：ROE、现金流、FCF、市值稳定性、毛利率和净利率,11,59,一致,20260804150000,待评,未完成护城河初评,待核验
,,300884,狄耐克,SZ,计算机设备,保留,通过,普通行业,淘汰,当前 PE/PB 缺失、为负或超出本轮可比估值上限,11.41,-371.1,2.31,28.96574776,1.69,2.47,18.915,39.947137,1.426945,11.370145,0.4122115047,0.014231,0.0,27.8652069808,60,通过,43,普通行业：ROE、现金流、FCF、市值稳定性、毛利率和净利率,10,53,一致,20260804150000,待评,未完成护城河初评,待核验
,763,300885,海昌新材,SZ,通用设备,保留,通过,普通行业,淘汰,综合得分未进入前50,20.57,52.98,5.7,51.04482526,1.03,2.27,14.129,33.891296,1.072387,26.340042,1.9394258856,0.03799456,0.0,19.5431564665,60,通过,42,普通行业：ROE、现金流、FCF、市值稳定性、毛利率和净利率,4,46,一致,20260804150000,待评,未完成护城河初评,待核验
39,41,300888,稳健医疗,SZ,个护用品,保留,通过,普通行业,入选50家,综合得分靠前，且满足 PE/PB 可比、普通行业负债率门槛与行业分散上限,29.88,17.32,1.5,174.19171329,-2.67,1.24,19.799,48.243538,1.666393,13.343343,36.0540676341,0.20697924,0.0,33.2101263117,60,通过,52,普通行业：ROE、现金流、FCF、市值稳定性、毛利率和净利率,27,79,一致,20260804150000,4/5,医疗耗材品牌、质量体系和渠道,初评达到★★★
,335,300896,爱美客,SZ,医疗美容,保留,通过,普通行业,淘汰,综合得分未进入前50,104.95,26.62,4.16,317.57036802,-0.94,2.71,28.223,94.194793,0.998131,54.336445,66.8984805607,0.21065719,0.0,8.3455707122,60,通过,52,普通行业：ROE、现金流、FCF、市值稳定性、毛利率和净利率,15,67,一致,20260804150000,待评,未完成护城河初评,待核验
,562,300898,熊猫乳品,SZ,饮料乳品,保留,通过,普通行业,淘汰,综合得分未进入前50,20.35,37.35,2.61,25.234,0.1,3.75,16.996,23.964777,1.194838,12.91555,3.7284277577,0.14775413,0.0,8.8609008337,60,通过,45,普通行业：ROE、现金流、FCF、市值稳定性、毛利率和净利率,14,59,一致,20260804150000,待评,未完成护城河初评,待核验
,571,300906,日月明,SZ,通用设备,保留,通过,普通行业,淘汰,综合得分未进入前50,25.94,34.45,2.24,20.752,1.29,2.29,13.849,56.225118,0.754366,36.935142,1.8563999079,0.08945643,0.0,9.3875937529,60,通过,41,普通行业：ROE、现金流、FCF、市值稳定性、毛利率和净利率,18,59,一致,20260804150000,待评,未完成护城河初评,待核验
,387,300908,仲景食品,SZ,调味发酵品Ⅱ,保留,通过,普通行业,淘汰,综合得分未进入前50,24.06,16.35,2.06,35.1276,-0.25,1.19,15.524,40.680691,1.155106,15.889796,0.6725617359999999,0.01914625,0.0,11.81774987,60,通过,41,普通行业：ROE、现金流、FCF、市值稳定性、毛利率和净利率,25,66,一致,20260804150000,待评,未完成护城河初评,待核验
,462,300910,瑞丰新材,SZ,化学制品,周期,通过,周期行业（本次保留）,淘汰,综合得分未进入前50,29.6,20.26,3.22,113.38051399,-1.1,1.22,17.637,33.20388,0.816028,17.061756,9.538732555700001,0.08413026,0.0,24.4733556946,60,通过,44,普通行业：ROE、现金流、FCF、市值稳定性、毛利率和净利率,19,63,一致,20260804150000,待评,未完成护城河初评,待核验
,781,300913,兆龙互连,SZ,通信设备,保留,通过,普通行业,淘汰,综合得分未进入前50,35.1,61.96,4.64,120.31617312,3.08,2.87,17.726,16.756984,1.109067,7.020509,1.0846197867,0.00901475,0.0,12.6381571146,60,通过,36,普通行业：ROE、现金流、FCF、市值稳定性、毛利率和净利率,7,43,一致,20260804150000,待评,未完成护城河初评,待核验
,,300916,朗特智能,SZ,消费电子,保留,通过,普通行业,淘汰,当前 PE/PB 缺失、为负或超出本轮可比估值上限,20.1,606.99,2.19,29.07344541,1.82,2.6,19.377,18.572518,1.347202,10.209861,4.9271948816,0.16947406,0.0,40.6635993881,60,通过,47,普通行业：ROE、现金流、FCF、市值稳定性、毛利率和净利率,10,57,一致,20260804150000,待评,未完成护城河初评,待核验
,,300921,南凌科技,SZ,通信服务,保留,通过,普通行业,淘汰,当前 PE/PB 缺失、为负或超出本轮可比估值上限,14.99,80.9,4.74,38.48614161,5.05,8.55,20.796,33.334909,1.512039,9.15148,1.1479800529000002,0.0298284,0.0,12.8702759028,60,通过,45,普通行业：ROE、现金流、FCF、市值稳定性、毛利率和净利率,7,52,一致,20260804150000,待评,未完成护城河初评,待核验
,618,300938,信测标准,SZ,专业服务,保留,通过,普通行业,淘汰,综合得分未进入前50,25.25,48.01,4.66,86.06766333,8.04,5.32,16.44,58.606613,1.28398,22.350719,2.1997027912,0.02555783,0.0,14.2380792926,60,通过,45,普通行业：ROE、现金流、FCF、市值稳定性、毛利率和净利率,11,56,一致,20260804150000,待评,未完成护城河初评,待核验
,,300939,秋田微,SZ,光学光电子,保留,通过,普通行业,淘汰,当前 PE/PB 缺失、为负或超出本轮可比估值上限,54.99,114.0,4.64,65.988,6.18,4.43,15.678,25.591908,1.040149,9.034737,2.1559851407,0.03267238,0.0,24.9622002448,60,通过,41,普通行业：ROE、现金流、FCF、市值稳定性、毛利率和净利率,7,48,一致,20260804150000,待评,未完成护城河初评,待核验
,,300943,春晖智控,SZ,通用设备,保留,通过,普通行业,淘汰,当前 PE/PB 缺失、为负或超出本轮可比估值上限,25.1,134.6,5.14,51.15882,12.3,12.36,13.15,26.133478,0.898297,13.069238,1.9323739874,0.03777206,0.0,20.452202483,60,通过,38,普通行业：ROE、现金流、FCF、市值稳定性、毛利率和净利率,4,42,一致,20260804150000,待评,未完成护城河初评,待核验
,,300950,德固特,SZ,专用设备,保留,通过,普通行业,淘汰,当前 PE/PB 缺失、为负或超出本轮可比估值上限,16.63,117.94,3.2,25.5509972,2.28,1.85,12.8,36.852444,1.202862,18.827049,0.1614566798,0.006319,0.0,36.7685344067,60,通过,40,普通行业：ROE、现金流、FCF、市值稳定性、毛利率和净利率,7,47,一致,20260804150000,待评,未完成护城河初评,待核验
,,300960,通业科技,SZ,轨交设备Ⅱ,保留,通过,普通行业,淘汰,当前 PE/PB 缺失、为负或超出本轮可比估值上限,15.74,-47.5,3.56,22.84588596,-0.32,1.07,13.737,44.146416,0.905081,13.300734,0.09840589179999999,0.00430738,0.0,41.9947245619,60,通过,36,普通行业：ROE、现金流、FCF、市值稳定性、毛利率和净利率,7,43,一致,20260804150000,待评,未完成护城河初评,待核验
,582,300962,中金辐照,SZ,专业服务,保留,通过,普通行业,淘汰,综合得分未进入前50,13.1,36.59,3.36,34.58424851,0.92,1.55,10.22916,62.071554,1.819125,25.634164,2.2361175607,0.06465711,0.0,18.391031842,60,通过,47,普通行业：ROE、现金流、FCF、市值稳定性、毛利率和净利率,11,58,一致,20260804150000,待评,未完成护城河初评,待核验
,648,300971,博亚精工,SZ,专用设备,保留,通过,普通行业,淘汰,综合得分未进入前50,18.4,44.31,2.05,21.6384,0.71,2.31,11.625,42.989087,0.967606,18.416447,2.3794103078999997,0.1099624,0.0,28.6432134485,60,通过,41,普通行业：ROE、现金流、FCF、市值稳定性、毛利率和净利率,14,55,一致,20260804150000,待评,未完成护城河初评,待核验
,429,300978,东箭科技,SZ,汽车零部件,周期,通过,周期行业（本次保留）,淘汰,综合得分未进入前50,8.48,28.04,2.32,35.84519227,-0.7,1.09,14.444,28.844631,2.111318,8.845315,5.7964972736,0.1617092,0.0,35.3104487624,60,通过,46,普通行业：ROE、现金流、FCF、市值稳定性、毛利率和净利率,18,64,一致,20260804150000,待评,未完成护城河初评,待核验
,,300987,川网传媒,SZ,数字媒体,保留,通过,普通行业,淘汰,当前 PE/PB 缺失、为负或超出本轮可比估值上限,13.72,273.93,3.02,23.7860896,1.93,2.68,9.308,38.013825,2.449033,23.16124,2.4112790923,0.1013735,0.0,27.7567425414,60,通过,46,普通行业：ROE、现金流、FCF、市值稳定性、毛利率和净利率,7,53,一致,20260804150000,待评,未完成护城河初评,待核验
,,301001,凯淳股份,SZ,互联网电商,保留,通过,普通行业,淘汰,当前 PE/PB 缺失、为负或超出本轮可比估值上限,23.82,1076.49,2.48,19.056,2.58,2.89,18.263,27.904619,1.870291,5.371578,0.18989857629999998,0.00996529,0.0,7.1975850775,60,通过,42,普通行业：ROE、现金流、FCF、市值稳定性、毛利率和净利率,10,52,一致,20260804150000,待评,未完成护城河初评,待核验
,,301007,德迈仕,SZ,汽车零部件,周期,通过,周期行业（本次保留）,淘汰,当前 PE/PB 缺失、为负或超出本轮可比估值上限,27.44,118.68,6.5,42.076496,1.89,1.1,13.501,21.930412,1.735104,10.050276,1.2921819414,0.0307103,0.0,36.5640565237,60,通过,44,普通行业：ROE、现金流、FCF、市值稳定性、毛利率和净利率,4,48,一致,20260804150000,待评,未完成护城河初评,待核验
,,301011,华立科技,SZ,文娱用品,保留,通过,普通行业,淘汰,当前 PE/PB 缺失、为负或超出本轮可比估值上限,15.13,-55.74,2.52,23.36936316,0.46,1.86,10.907,27.899542,1.887563,6.664817,1.4475126926,0.06194061,0.0,41.4302347452,60,通过,42,普通行业：ROE、现金流、FCF、市值稳定性、毛利率和净利率,10,52,一致,20260804150000,待评,未完成护城河初评,待核验
,,301015,百洋医药,SZ,医药商业,保留,通过,普通行业,淘汰,2025年报资产负债率超过普通行业门槛（公用事业放宽至70%）,23.6,25.02,5.67,124.04728217,4.61,1.47,23.651,31.831521,1.060333,6.548683,21.236289056700002,0.17119512,0.0,66.2011356178,60,不通过,48,普通行业：ROE、现金流、FCF、市值稳定性、毛利率和净利率,12,60,一致,20260804150000,待评,未完成护城河初评,待核验
,345,301020,密封科技,SZ,汽车零部件,周期,通过,周期行业（本次保留）,淘汰,综合得分未进入前50,20.42,24.92,3.04,29.89488,5.2,3.48,20.567,32.423806,1.045654,17.40001,3.1016333573000003,0.10375132,0.0,21.8495598714,60,通过,48,普通行业：ROE、现金流、FCF、市值稳定性、毛利率和净利率,19,67,一致,20260804150000,待评,未完成护城河初评,待核验
,,301025,读客文化,SZ,出版,保留,通过,普通行业,淘汰,当前 PE/PB 缺失、为负或超出本轮可比估值上限,8.95,294.19,5.8,35.8276913,3.35,3.91,10.668,34.629656,3.084771,10.120597,2.0314852021000003,0.05670154,0.0,12.3322245612,60,通过,45,普通行业：ROE、现金流、FCF、市值稳定性、毛利率和净利率,4,49,一致,20260804150000,待评,未完成护城河初评,待核验
,793,301033,迈普医学,SZ,医疗器械,保留,豁免A通过,普通行业,淘汰,综合得分未进入前50,58.56,47.41,5.08,39.28363439,-1.06,2.84,3.896667,81.59054,1.63602,,0.930190275,0.02367882,0.0,10.8748532363,60,通过,29,普通行业：ROE、现金流、FCF、市值稳定性、毛利率和净利率,8,37,一致,20260804150000,待评,未完成护城河初评,待核验
,703,301035,润丰股份,SZ,农化制品,保留,通过,普通行业,淘汰,综合得分未进入前50,54.72,30.16,2.71,199.45728156,-2.7,0.43,16.161,20.598164,0.785836,6.392868,0.8204096895,0.00411321,0.0,51.3906973763,60,通过,34,普通行业：ROE、现金流、FCF、市值稳定性、毛利率和净利率,18,52,一致,20260804150000,待评,未完成护城河初评,待核验
,713,301076,新瀚新材,SZ,化学制品,周期,通过,周期行业（本次保留）,淘汰,综合得分未进入前50,21.81,79.03,4.18,49.76375377,0.18,2.77,15.688,30.014137,1.249843,21.177541,0.9875033590000001,0.01984383,0.0,8.3758065986,60,通过,44,普通行业：ROE、现金流、FCF、市值稳定性、毛利率和净利率,7,51,一致,20260804150000,待评,未完成护城河初评,待核验
,403,301077,星华新材,SZ,化学制品,周期,通过,周期行业（本次保留）,淘汰,综合得分未进入前50,19.69,25.54,2.92,33.52177548,2.18,1.84,26.215,28.968611,1.002449,13.379103,2.3175443909999998,0.06913549,0.0,34.9438287456,60,通过,47,普通行业：ROE、现金流、FCF、市值稳定性、毛利率和净利率,18,65,一致,20260804150000,待评,未完成护城河初评,待核验
,,301083,百胜智能,SZ,专用设备,保留,通过,普通行业,淘汰,当前 PE/PB 缺失、为负或超出本轮可比估值上限,13.39,132.87,2.87,23.81634671,2.53,3.62,14.083,22.318961,0.770096,10.578042,0.7753069415999999,0.03255356,0.0,20.4739876306,60,通过,36,普通行业：ROE、现金流、FCF、市值稳定性、毛利率和净利率,10,46,一致,20260804150000,待评,未完成护城河初评,待核验
,577,301103,何氏眼科,SZ,医疗服务,保留,豁免A通过,普通行业,淘汰,综合得分未进入前50,16.23,19.62,1.35,25.64769624,-0.25,1.47,5.573333,40.011546,1.971013,,3.9201269585,0.15284519,0.0,13.6343178808,60,通过,35,普通行业：ROE、现金流、FCF、市值稳定性、毛利率和净利率,24,59,一致,20260804150000,待评,未完成护城河初评,待核验
,697,301107,瑜欣电子,SZ,通用设备,保留,通过,普通行业,淘汰,综合得分未进入前50,18.22,57.28,2.78,25.90679717,3.05,1.97,14.493,24.753132,1.262785,12.591503,1.9075458838,0.0736311,0.0,21.6512337757,60,通过,42,普通行业：ROE、现金流、FCF、市值稳定性、毛利率和净利率,10,52,一致,20260804150000,待评,未完成护城河初评,待核验
,76,301109,军信股份,SZ,环境治理,保留,通过,普通行业,淘汰,行业分散上限：同一细分行业最多入选3家,13.76,12.36,1.5,108.58027586,-2.41,1.08,14.55863,48.757572,1.875808,26.083337,17.425230829500002,0.16048247,0.0,34.5338474554,60,通过,50,普通行业：ROE、现金流、FCF、市值稳定性、毛利率和净利率,27,77,一致,20260804150000,待评,未完成护城河初评,待核验
,,301171,易点天下,SZ,广告营销,保留,通过,普通行业,淘汰,当前 PE/PB 缺失、为负或超出本轮可比估值上限,37.6,-91.5,6.3,232.56389299,16.26,25.77,16.834,18.900924,0.733717,9.552308,6.997567211000001,0.03008879,0.0,42.8814287334,60,通过,35,普通行业：ROE、现金流、FCF、市值稳定性、毛利率和净利率,4,39,一致,20260804150000,待评,未完成护城河初评,待核验
,,301185,鸥玛软件,SZ,IT服务Ⅱ,保留,通过,普通行业,淘汰,当前 PE/PB 缺失、为负或超出本轮可比估值上限,16.83,168.69,2.44,25.82018208,0.42,2.0,18.354,63.127967,1.076713,34.744616,1.6251007984,0.06293917,0.0,3.7559517813,60,通过,46,普通行业：ROE、现金流、FCF、市值稳定性、毛利率和净利率,10,56,一致,20260804150000,待评,未完成护城河初评,待核验
,775,301186,超达装备,SZ,汽车零部件,周期,通过,周期行业（本次保留）,淘汰,综合得分未进入前50,32.97,59.28,2.34,37.83093327,6.01,2.34,12.549,33.427148,0.762635,15.67924,0.0658972696,0.00174189,0.0,30.2960831259,60,通过,34,普通行业：ROE、现金流、FCF、市值稳定性、毛利率和净利率,10,44,一致,20260804150000,待评,未完成护城河初评,待核验
,499,301192,泰祥股份,SZ,汽车零部件,周期,通过,周期行业（本次保留）,淘汰,综合得分未进入前50,19.01,50.14,2.96,19.2461042,-1.14,4.84,22.567,39.304639,1.464085,34.01432,1.9764505696,0.10269354,0.0,28.0200196458,60,通过,51,普通行业：ROE、现金流、FCF、市值稳定性、毛利率和净利率,10,61,一致,20260804150000,待评,未完成护城河初评,待核验
,570,301222,浙江恒威,SZ,电池,保留,通过,普通行业,淘汰,综合得分未进入前50,23.69,32.23,2.34,33.24612906,3.68,1.76,17.059,24.910918,0.830751,18.87164,1.3781525397999999,0.04145302,0.0,9.3356346599,60,通过,41,普通行业：ROE、现金流、FCF、市值稳定性、毛利率和净利率,18,59,一致,20260804150000,待评,未完成护城河初评,待核验
,271,301223,中荣股份,SZ,包装印刷,保留,通过,普通行业,淘汰,综合得分未进入前50,16.41,18.54,1.07,31.6922326,-1.08,0.69,13.473,20.745425,1.734028,7.14803,4.8186753505,0.15204594,0.0,32.7089392597,60,通过,46,普通行业：ROE、现金流、FCF、市值稳定性、毛利率和净利率,24,70,一致,20260804150000,待评,未完成护城河初评,待核验
,,301226,祥明智能,SZ,电机Ⅱ,保留,通过,普通行业,淘汰,当前 PE/PB 缺失、为负或超出本轮可比估值上限,28.44,802.1,3.43,30.94272,2.56,1.51,11.219,19.982995,1.869584,7.904071,0.4146898341,0.01340185,0.0,13.0901423729,60,通过,37,普通行业：ROE、现金流、FCF、市值稳定性、毛利率和净利率,7,44,一致,20260804150000,待评,未完成护城河初评,待核验
,,301258,富士莱,SZ,化学制药,保留,通过,普通行业,淘汰,当前 PE/PB 缺失、为负或超出本轮可比估值上限,24.93,-206.43,1.24,22.853331,1.55,1.75,15.73,32.048884,1.452781,22.131882,1.3506049588999998,0.05909882,0.0,12.0444869224,60,通过,47,普通行业：ROE、现金流、FCF、市值稳定性、毛利率和净利率,12,59,一致,20260804150000,待评,未完成护城河初评,待核验
,278,301276,嘉曼服饰,SZ,服装家纺,保留,通过,普通行业,淘汰,综合得分未进入前50,19.68,12.68,1.21,25.50528,1.29,3.53,17.332,60.780814,0.852222,12.08855,1.3616576388,0.05338728,0.0,19.280108299,60,通过,43,普通行业：ROE、现金流、FCF、市值稳定性、毛利率和净利率,27,70,一致,20260804150000,待评,未完成护城河初评,待核验
,783,301286,侨源股份,SZ,化学制品,周期,通过,周期行业（本次保留）,淘汰,综合得分未进入前50,38.34,62.89,8.31,153.39834,5.04,0.89,22.437,34.830881,0.947112,22.078739,2.195943148,0.0143153,0.0,6.7592488382,60,通过,42,普通行业：ROE、现金流、FCF、市值稳定性、毛利率和净利率,0,42,一致,20260804150000,待评,未完成护城河初评,待核验
,393,301299,卓创资讯,SZ,数字媒体,保留,通过,普通行业,淘汰,综合得分未进入前50,44.05,35.85,4.72,26.72188411,2.18,3.26,31.575,63.818976,1.382648,20.640446,2.8664860913,0.10727111,0.0,40.8191096696,60,通过,54,普通行业：ROE、现金流、FCF、市值稳定性、毛利率和净利率,11,65,一致,20260804150000,待评,未完成护城河初评,待核验
,505,301300,远翔新材,SZ,橡胶,保留,通过,普通行业,淘汰,综合得分未进入前50,29.99,38.71,2.39,19.6221571,2.01,2.44,20.639,25.619538,1.049002,14.619391,1.8009173131,0.09177978,0.0,16.211477239,60,通过,47,普通行业：ROE、现金流、FCF、市值稳定性、毛利率和净利率,14,61,一致,20260804150000,待评,未完成护城河初评,待核验
,,301318,维海德,SZ,计算机设备,保留,通过,普通行业,淘汰,当前 PE/PB 缺失、为负或超出本轮可比估值上限,20.5,176.97,1.51,27.73627143,1.28,1.89,27.579,45.079452,1.010367,19.621175,4.4588750920999995,0.16075972,0.0,7.8163035841,60,通过,52,普通行业：ROE、现金流、FCF、市值稳定性、毛利率和净利率,10,62,一致,20260804150000,待评,未完成护城河初评,待核验
,481,301329,信音电子,SZ,消费电子,保留,通过,普通行业,淘汰,综合得分未进入前50,19.25,28.7,2.1,32.7635,2.34,4.93,12.381,26.711313,1.671798,8.493157,4.1407191187,0.12638208,0.0,24.18893436,60,通过,44,普通行业：ROE、现金流、FCF、市值稳定性、毛利率和净利率,18,62,一致,20260804150000,待评,未完成护城河初评,待核验
,,301359,东南电子,SZ,其他电子Ⅱ,保留,通过,普通行业,淘汰,当前 PE/PB 缺失、为负或超出本轮可比估值上限,15.9,92.62,2.32,19.107984,2.25,3.82,15.432,30.754347,1.142095,18.039967,1.5577865715,0.08152543,0.0,8.9940080765,60,通过,46,普通行业：ROE、现金流、FCF、市值稳定性、毛利率和净利率,10,56,一致,20260804150000,待评,未完成护城河初评,待核验
,536,301361,众智科技,SZ,电网设备,保留,通过,普通行业,淘汰,综合得分未进入前50,29.5,41.38,2.78,34.31912,1.13,2.43,20.244,55.989297,0.889852,30.826195,1.8349637517,0.05346768,0.0,7.1816341489,60,通过,46,普通行业：ROE、现金流、FCF、市值稳定性、毛利率和净利率,14,60,一致,20260804150000,待评,未完成护城河初评,待核验
,762,301373,凌玮科技,SZ,化学制品,周期,通过,周期行业（本次保留）,淘汰,综合得分未进入前50,78.2,55.4,5.09,84.82517516,10.03,12.86,18.791,40.745946,1.021786,21.040088,0.8865844102,0.0104519,0.0,11.2363763036,60,通过,42,普通行业：ROE、现金流、FCF、市值稳定性、毛利率和净利率,4,46,一致,20260804150000,待评,未完成护城河初评,待核验
,709,301381,赛维时代,SZ,互联网电商,保留,豁免B通过,普通行业,淘汰,综合得分未进入前50,23.62,56.41,3.51,96.01174236,3.51,1.86,15.732,47.973374,1.371448,2.900449,16.4451407262,0.1712826,0.0,43.1546957388,60,通过,44,普通行业：ROE、现金流、FCF、市值稳定性、毛利率和净利率,7,51,一致,20260804150000,待评,未完成护城河初评,待核验
,443,301386,未来电器,SZ,电网设备,保留,通过,普通行业,淘汰,综合得分未进入前50,20.05,46.54,1.93,28.07,1.88,2.45,16.083,29.366011,1.361631,16.903135,5.2585599597,0.18733737,0.0,12.6508589276,60,通过,49,普通行业：ROE、现金流、FCF、市值稳定性、毛利率和净利率,14,63,一致,20260804150000,待评,未完成护城河初评,待核验
,,301419,阿莱德,SZ,通信设备,保留,通过,普通行业,淘汰,当前 PE/PB 缺失、为负或超出本轮可比估值上限,29.27,88.7,4.75,43.905,7.37,5.1,23.653,38.602301,1.495581,19.06356,1.9479946900999998,0.0443684,0.0,9.9962027561,60,通过,48,普通行业：ROE、现金流、FCF、市值稳定性、毛利率和净利率,7,55,一致,20260804150000,待评,未完成护城河初评,待核验
,,301550,斯菱智驱,SZ,汽车零部件,周期,通过,周期行业（本次保留）,淘汰,当前 PE/PB 缺失、为负或超出本轮可比估值上限,70.62,150.91,13.17,236.82328725,0.67,2.85,18.169,29.754488,1.127499,13.755801,5.1731576504,0.02184396,0.0,27.1835467711,60,通过,40,普通行业：ROE、现金流、FCF、市值稳定性、毛利率和净利率,0,40,一致,20260804150000,待评,未完成护城河初评,待核验
,735,301568,思泰克,SZ,自动化设备,保留,通过,普通行业,淘汰,综合得分未进入前50,59.84,58.44,6.13,61.78982656,9.3,10.63,39.004,51.641117,0.86334,27.928723,1.7436012533,0.02821826,0.0,12.8274202549,60,通过,45,普通行业：ROE、现金流、FCF、市值稳定性、毛利率和净利率,4,49,一致,20260804150000,待评,未完成护城河初评,待核验
,641,301580,爱迪特,SZ,医疗器械,保留,通过,普通行业,淘汰,综合得分未进入前50,50.42,49.16,3.55,75.22177497,2.86,5.82,17.924,47.633072,1.139223,18.034984,5.520375291000001,0.073388,0.0,12.6977250099,60,通过,44,普通行业：ROE、现金流、FCF、市值稳定性、毛利率和净利率,11,55,一致,20260804150000,待评,未完成护城河初评,待核验
,,301586,佳力奇,SZ,航空装备Ⅱ,保留,通过,普通行业,淘汰,当前 PE/PB 缺失、为负或超出本轮可比估值上限,31.5,174.26,2.03,26.13728345,0.25,1.72,16.478,33.893405,1.184943,15.903866,0.6654837015999999,0.02546109,0.0,21.0339777139,60,通过,41,普通行业：ROE、现金流、FCF、市值稳定性、毛利率和净利率,10,51,一致,20260804150000,待评,未完成护城河初评,待核验
,754,301600,慧翰股份,SZ,计算机设备,保留,通过,普通行业,淘汰,综合得分未进入前50,90.9,57.93,7.8,95.0118615,1.89,2.84,20.132,28.300174,0.8222,11.304825,4.3230085656,0.04549967,0.0,27.8178165157,60,通过,43,普通行业：ROE、现金流、FCF、市值稳定性、毛利率和净利率,4,47,一致,20260804150000,待评,未完成护城河初评,待核验
,202,600000,浦发银行,SH,银行Ⅱ,金融,金融特殊口径通过,金融行业（特殊口径）,淘汰,综合得分未进入前50,9.4,4.38,0.42,3130.7488002,-2.39,0.25,10.202,,2.601332,28.981892,4653.1,1.48625786,0.0,91.822547404,,金融特殊口径,41.33,金融特殊口径：ROE 40分、股本稳定性20分,30,71.33,一致,20260804150024,待评,未完成护城河初评,待核验
,54,600007,中国国贸,SH,房地产开发,周期,通过,周期行业（本次保留）,淘汰,综合得分未进入前50,18.6,15.33,2.09,187.35455132,-2.05,0.32,12.227,57.222956,1.52608,28.775771,84.68599118,0.45200926,0.0,14.848968985,60,通过,53,普通行业：ROE、现金流、FCF、市值稳定性、毛利率和净利率,25,78,一致,20260804150012,待评,未完成护城河初评,待核验
,110,600012,皖通高速,SH,铁路公路,周期,通过,周期行业（本次保留）,淘汰,行业分散上限：同一细分行业最多入选3家,16.64,13.25,2.32,284.30969033,-1.94,0.63,11.682,44.609479,1.560695,32.432669,48.421268090299996,0.1703117,0.0,53.2856130545,70,通过,50,普通行业：ROE、现金流、FCF、市值稳定性、毛利率和净利率,25,75,一致,20260804150018,待评,未完成护城河初评,待核验
,208,600015,华夏银行,SH,银行Ⅱ,金融,金融特殊口径通过,金融行业（特殊口径）,淘汰,综合得分未进入前50,6.89,5.5,0.35,1096.53857145,-1.85,0.5,10.512,,3.970006,27.524234,4246.45,3.87259519,0.0,91.561161841,,金融特殊口径,41.33,金融特殊口径：ROE 40分、股本稳定性20分,30,71.33,一致,20260804150025,待评,未完成护城河初评,待核验
,149,600018,上港集团,SH,航运港口,周期,通过,周期行业（本次保留）,淘汰,行业分散上限：同一细分行业最多入选3家,5.19,7.54,0.85,1208.22995016,-1.89,0.25,12.96293,37.509145,0.844822,33.453028,305.5148920618,0.25286155,0.0,29.676796384,70,通过,44,普通行业：ROE、现金流、FCF、市值稳定性、毛利率和净利率,30,74,一致,20260804150024,待评,未完成护城河初评,待核验
,397,600025,华能水电,SH,电力,保留,通过,普通行业,淘汰,综合得分未进入前50,9.94,30.0,2.76,1851.93076915,-1.78,0.14,9.7,55.962557,2.373985,26.805317,171.29028458620002,0.09249281,0.0,61.1344654068,70,通过,47,普通行业：ROE、现金流、FCF、市值稳定性、毛利率和净利率,18,65,一致,20260804150024,待评,未完成护城河初评,待核验
,388,600030,中信证券,SH,证券Ⅱ,金融,金融特殊口径通过,金融行业（特殊口径）,淘汰,综合得分未进入前50,28.0,10.15,1.45,4149.75311212,-0.96,1.04,8.48,,2.651888,30.794325,3064.1977219798,0.73840483,0.0,84.3497776909,,金融特殊口径,36.0,金融特殊口径：ROE 40分、股本稳定性20分,30,66.0,一致,20260804150024,待评,未完成护城河初评,待核验
,318,600031,三一重工,SH,工程机械,周期,通过,周期行业（本次保留）,淘汰,综合得分未进入前50,19.53,18.1,2.02,1795.78436655,-3.32,1.09,14.091,26.008814,1.613818,8.722689,303.0093,0.16873368,0.0,48.3947825522,60,通过,46,普通行业：ROE、现金流、FCF、市值稳定性、毛利率和净利率,22,68,一致,20260804150026,待评,未完成护城河初评,待核验
,31,600035,楚天高速,SH,铁路公路,周期,通过,周期行业（本次保留）,淘汰,行业分散上限：同一细分行业最多入选3家,3.5,5.89,0.64,56.35405654,-2.23,1.48,8.998,39.554991,2.344734,20.444497,31.409464876599998,0.55735943,0.0,55.3858448376,70,通过,50,普通行业：ROE、现金流、FCF、市值稳定性、毛利率和净利率,30,80,一致,20260804150019,待评,未完成护城河初评,待核验
30,32,600036,招商银行,SH,银行Ⅱ,金融,金融特殊口径通过,金融行业（特殊口径）,入选50家,综合得分靠前，且满足 PE/PB 可比、普通行业负债率门槛与行业分散上限,39.28,6.54,0.89,9906.35535207,-2.68,0.54,16.012,,2.821604,36.96377,18561.4,1.87368607,0.0,90.2000937529,,金融特殊口径,49.33,金融特殊口径：ROE 40分、股本稳定性20分,30,79.33,一致,20260804150023,待评,未完成护城河初评,待核验
,,600048,保利发展,SH,房地产开发,周期,通过,周期行业（本次保留）,淘汰,2025年报资产负债率超过普通行业门槛（公用事业放宽至70%）,5.11,15.87,0.31,611.68965866,-2.67,1.29,11.934,18.290282,3.575146,7.369746,520.45982679,0.85085602,0.0,72.2325418468,60,不通过,46,普通行业：ROE、现金流、FCF、市值稳定性、毛利率和净利率,27,73,一致,20260804150022,待评,未完成护城河初评,待核验
,,600053,*ST九鼎,SH,多元金融,金融,金融特殊口径通过,金融行业（特殊口径）,淘汰,当前 PE/PB 缺失、为负或超出本轮可比估值上限,7.53,-23.86,1.47,32.64562224,-1.95,0.36,8.857,81.150801,0.415466,1.755058,1.065745546,0.03264589,0.0,16.479210292,,金融特殊口径,36.0,金融特殊口径：ROE 40分、股本稳定性20分,12,48.0,一致,20260804150012,待评,未完成护城河初评,待核验
,105,600062,华润双鹤,SH,化学制药,保留,通过,普通行业,淘汰,综合得分未进入前50,16.3,8.73,1.44,169.28894929,-0.06,0.83,12.676,56.689702,1.15436,12.774994,50.4106208137,0.29777857,0.0,26.5091631753,60,通过,46,普通行业：ROE、现金流、FCF、市值稳定性、毛利率和净利率,30,76,一致,20260804150017,待评,未完成护城河初评,待核验
,501,600066,宇通客车,SH,商用车,保留,通过,普通行业,淘汰,综合得分未进入前50,31.8,26.7,5.97,704.03267291,-1.52,0.84,17.33,22.303084,2.075163,7.400708,154.3403874835,0.21922333,0.0,51.9727589199,60,通过,49,普通行业：ROE、现金流、FCF、市值稳定性、毛利率和净利率,12,61,一致,20260804150025,待评,未完成护城河初评,待核验
,384,600079,ST人福,SH,化学制药,保留,通过,普通行业,淘汰,综合得分未进入前50,17.55,12.18,1.54,286.45565686,-0.79,0.54,8.012,44.968973,1.308731,5.54226,27.418292739699996,0.09571566,0.0,40.1115200835,60,通过,41,普通行业：ROE、现金流、FCF、市值稳定性、毛利率和净利率,25,66,一致,20260804150025,待评,未完成护城河初评,待核验
,291,600085,同仁堂,SH,中药Ⅱ,保留,通过,普通行业,淘汰,综合得分未进入前50,25.77,18.75,2.64,353.42788652,-1.3,0.61,11.755,46.111719,1.768497,8.090391,98.4145845098,0.27845733,0.0,30.1839641848,60,通过,47,普通行业：ROE、现金流、FCF、市值稳定性、毛利率和净利率,22,69,一致,20260804150023,待评,未完成护城河初评,待核验
,784,600111,北方稀土,SH,小金属,周期,通过,周期行业（本次保留）,淘汰,综合得分未进入前50,40.47,39.85,5.83,1463.01714626,1.1,1.31,12.463,18.53982,0.814448,6.580858,76.5126183494,0.05229783,0.0,35.8850556694,60,通过,34,普通行业：ROE、现金流、FCF、市值稳定性、毛利率和净利率,8,42,一致,20260804150024,待评,未完成护城河初评,待核验
,,600113,浙江东日,SH,一般零售,保留,通过,普通行业,淘汰,当前 PE/PB 缺失、为负或超出本轮可比估值上限,30.63,148.53,5.04,129.00641096,2.54,1.81,12.723,39.101294,0.747007,29.305361,2.8404650791000003,0.02201801,0.0,24.214944847,60,通过,35,普通行业：ROE、现金流、FCF、市值稳定性、毛利率和净利率,4,39,一致,20260804150015,待评,未完成护城河初评,待核验
,747,600114,东睦股份,SH,通用设备,保留,通过,普通行业,淘汰,综合得分未进入前50,28.2,35.36,5.28,178.05014051,3.56,3.12,9.793,23.11324,3.220764,8.947093,8.3495911164,0.04689461,0.0,47.7437034443,60,通过,40,普通行业：ROE、现金流、FCF、市值稳定性、毛利率和净利率,8,48,一致,20260804150025,待评,未完成护城河初评,待核验
,621,600131,国网信通,SH,IT服务Ⅱ,保留,通过,普通行业,淘汰,综合得分未进入前50,16.17,41.83,2.95,193.55258268,0.68,0.77,13.904,19.626079,1.461448,8.972945,30.1554146318,0.1557996,0.0,52.9908925347,60,通过,42,普通行业：ROE、现金流、FCF、市值稳定性、毛利率和净利率,14,56,一致,20260804150025,待评,未完成护城河初评,待核验
,,600132,重庆啤酒,SH,非白酒,保留,通过,普通行业,淘汰,当前 PE/PB 缺失、为负或超出本轮可比估值上限,45.84,12.67,17.78,221.85239716,-2.61,0.97,53.929,50.002252,2.551214,9.062727,115.3029001129,0.51972799,0.0,73.2434349009,60,不通过,57,普通行业：ROE、现金流、FCF、市值稳定性、毛利率和净利率,15,72,一致,20260804150025,待评,未完成护城河初评,待核验
,593,600141,兴发集团,SH,农化制品,保留,通过,普通行业,淘汰,综合得分未进入前50,30.35,35.53,1.49,364.7280466,5.09,3.61,11.651,24.558596,1.091176,6.294454,67.0129477086,0.18373401,0.0,53.1064495907,60,通过,42,普通行业：ROE、现金流、FCF、市值稳定性、毛利率和净利率,16,58,一致,20260804150026,待评,未完成护城河初评,待核验
,741,600161,天坛生物,SH,生物制品,保留,通过,普通行业,淘汰,综合得分未进入前50,12.78,50.19,2.15,252.7080708,-1.16,0.5,14.567,49.183893,1.112887,21.775238,4.222559597,0.01670924,0.0,7.6389596213,60,通过,39,普通行业：ROE、现金流、FCF、市值稳定性、毛利率和净利率,10,49,一致,20260804150023,待评,未完成护城河初评,待核验
25,25,600163,中闽能源,SH,电力,保留,通过,普通行业,入选50家,综合得分靠前，且满足 PE/PB 可比、普通行业负债率门槛与行业分散上限,5.37,13.01,1.4,102.19089288,-0.74,0.86,10.53359,59.179549,1.903024,34.101709,48.0255477722,0.46995918,0.0,33.8995983912,70,通过,53,普通行业：ROE、现金流、FCF、市值稳定性、毛利率和净利率,27,80,一致,20260804150022,3/5,发电资产、项目资源与电力运营经验,初评达到★★★
4,4,600167,联美控股,SH,电力,保留,通过,普通行业,入选50家,综合得分靠前，且满足 PE/PB 可比、普通行业负债率门槛与行业分散上限,5.99,6.36,1.16,135.54414373,-0.5,0.29,15.541,36.664538,1.733482,33.255699,59.30831929,0.43755722,0.0,29.1403439604,70,通过,55,普通行业：ROE、现金流、FCF、市值稳定性、毛利率和净利率,30,85,一致,20260804150025,4/5,区域供热管网、特许经营和长期客户关系,初评达到★★★
,650,600176,中国巨石,SH,玻璃玻纤,周期,通过,周期行业（本次保留）,淘汰,综合得分未进入前50,36.19,28.58,4.59,1448.73518186,6.25,7.28,16.678,33.411423,0.802141,22.65492,38.7138649982,0.02672253,0.0,40.4135881889,60,通过,40,普通行业：ROE、现金流、FCF、市值稳定性、毛利率和净利率,15,55,一致,20260804150024,待评,未完成护城河初评,待核验
,,600183,生益科技,SH,元件,保留,通过,普通行业,淘汰,当前 PE/PB 缺失、为负或超出本轮可比估值上限,112.23,58.85,17.05,2726.07081884,10.0,2.53,16.815,23.309401,1.449128,9.92202,63.3718281793,0.02324658,0.0,42.2937205234,60,通过,40,普通行业：ROE、现金流、FCF、市值稳定性、毛利率和净利率,0,40,一致,20260804150024,待评,未完成护城河初评,待核验
,,600188,兖矿能源,SH,煤炭开采,周期,通过,周期行业（本次保留）,淘汰,2025年报资产负债率超过普通行业门槛（公用事业放宽至70%）,18.96,12.03,2.55,1902.98714299,0.05,0.87,17.745,35.549413,1.77162,7.359169,703.02689,0.36943334,0.0,62.2256327767,60,不通过,52,普通行业：ROE、现金流、FCF、市值稳定性、毛利率和净利率,25,77,一致,20260804150027,待评,未完成护城河初评,待核验
,635,600201,生物股份,SH,动物保健Ⅱ,保留,通过,普通行业,淘汰,综合得分未进入前50,13.37,71.18,2.74,148.19926042,4.37,2.88,9.53,56.68486,2.061508,24.223051,8.5118865691,0.05743542,0.0,16.0432492313,60,通过,45,普通行业：ROE、现金流、FCF、市值稳定性、毛利率和净利率,10,55,一致,20260804150018,待评,未完成护城河初评,待核验
,107,600210,紫江企业,SH,包装印刷,保留,通过,普通行业,淘汰,综合得分未进入前50,6.27,10.89,1.49,95.09935711,-1.72,1.11,11.046,22.032729,2.064951,6.270976,20.299352868099998,0.21345415,0.0,47.4085326482,60,通过,46,普通行业：ROE、现金流、FCF、市值稳定性、毛利率和净利率,30,76,一致,20260804150025,待评,未完成护城河初评,待核验
,71,600211,西藏药业,SH,生物制品,保留,通过,普通行业,淘汰,综合得分未进入前50,39.1,10.55,3.48,126.02680564,0.13,1.01,18.998,93.460972,1.472736,24.497135,36.6408708358,0.29073871,0.0,33.9839537094,60,通过,52,普通行业：ROE、现金流、FCF、市值稳定性、毛利率和净利率,25,77,一致,20260804150023,待评,未完成护城河初评,待核验
,546,600229,城市传媒,SH,出版,保留,通过,普通行业,淘汰,综合得分未进入前50,5.12,31.59,1.22,33.82823854,-0.19,0.6,8.893,29.222736,0.929739,9.892756,12.3346819458,0.36462679,0.0,26.7643240632,60,通过,40,普通行业：ROE、现金流、FCF、市值稳定性、毛利率和净利率,20,60,一致,20260804150016,待评,未完成护城河初评,待核验
,258,600236,桂冠电力,SH,电力,保留,通过,普通行业,淘汰,综合得分未进入前50,11.08,24.83,4.83,873.36746046,0.27,0.43,15.182,43.598053,2.546179,24.708022,103.94615423549999,0.11901766,0.0,54.217396325,70,通过,51,普通行业：ROE、现金流、FCF、市值稳定性、毛利率和净利率,19,70,一致,20260804150026,待评,未完成护城河初评,待核验
,366,600256,广汇能源,SH,煤炭开采,周期,通过,周期行业（本次保留）,淘汰,行业分散上限：同一细分行业最多入选3家,5.39,36.44,1.44,344.52895976,-0.37,1.45,14.409,24.752155,1.794223,10.676779,233.44736735970002,0.67758416,0.0,54.5598821822,60,通过,50,普通行业：ROE、现金流、FCF、市值稳定性、毛利率和净利率,16,66,一致,20260804150022,待评,未完成护城河初评,待核验
,,600261,阳光照明,SH,照明设备Ⅱ,保留,通过,普通行业,淘汰,当前 PE/PB 缺失、为负或超出本轮可比估值上限,3.06,141.04,1.22,40.85262076,-1.29,0.67,9.512,31.558225,1.329778,7.705927,12.2760645962,0.30049638,0.0,30.6283905286,60,通过,45,普通行业：ROE、现金流、FCF、市值稳定性、毛利率和净利率,12,57,一致,20260804150011,待评,未完成护城河初评,待核验
,243,600273,嘉化能源,SH,化学制品,周期,通过,周期行业（本次保留）,淘汰,综合得分未进入前50,6.95,22.04,0.93,91.13598398,-1.84,1.28,16.151,20.556774,0.804889,16.773779,31.6383871046,0.34715582,0.0,23.6209584799,60,通过,47,普通行业：ROE、现金流、FCF、市值稳定性、毛利率和净利率,24,71,一致,20260804150022,待评,未完成护城河初评,待核验
,657,600276,恒瑞医药,SH,化学制药,保留,通过,普通行业,淘汰,综合得分未进入前50,53.42,38.84,5.69,3545.59217269,0.79,1.14,18.148,85.235094,1.132044,21.734842,217.1416846794,0.06124271,0.0,11.5511699142,60,通过,46,普通行业：ROE、现金流、FCF、市值稳定性、毛利率和净利率,8,54,一致,20260804150026,待评,未完成护城河初评,待核验
,109,600285,羚锐制药,SH,中药Ⅱ,保留,通过,普通行业,淘汰,综合得分未进入前50,22.82,13.13,4.28,129.41575391,-1.17,1.4,17.125,75.138507,1.501341,16.165556,36.267321226,0.28023884,0.0,39.0309652366,60,通过,53,普通行业：ROE、现金流、FCF、市值稳定性、毛利率和净利率,22,75,一致,20260804150026,待评,未完成护城河初评,待核验
,158,600295,鄂尔多斯,SH,冶钢原料,保留,通过,普通行业,淘汰,综合得分未进入前50,12.35,13.18,1.68,345.64886737,-1.04,0.42,13.933,26.66044,2.037887,7.514848,284.8788417077,0.82418567,0.0,41.6665437565,60,通过,48,普通行业：ROE、现金流、FCF、市值稳定性、毛利率和净利率,25,73,一致,20260804150019,待评,未完成护城河初评,待核验
,304,600299,安迪苏,SH,化学制品,周期,通过,周期行业（本次保留）,淘汰,综合得分未进入前50,8.44,14.36,1.32,259.93336929,-1.4,1.05,8.602,28.312309,12.294804,9.341556,27.41749305,0.10547893,0.0,28.4212702741,60,通过,42,普通行业：ROE、现金流、FCF、市值稳定性、毛利率和净利率,27,69,一致,20260804150023,待评,未完成护城河初评,待核验
,715,600301,华锡有色,SH,小金属,周期,通过,周期行业（本次保留）,淘汰,综合得分未进入前50,45.0,39.12,6.01,284.65536555,8.1,5.7,9.13,33.871018,1.507702,7.791016,36.8633507615,0.12950169,0.0,34.9228207833,60,通过,43,普通行业：ROE、现金流、FCF、市值稳定性、毛利率和净利率,8,51,一致,20260804150025,待评,未完成护城河初评,待核验
,513,600305,恒顺醋业,SH,调味发酵品Ⅱ,保留,通过,普通行业,淘汰,综合得分未进入前50,7.02,29.09,2.35,77.54781069,-1.82,0.76,9.464,34.409647,2.511637,11.024604,3.1658458202,0.04082444,0.0,22.3314721244,60,通过,43,普通行业：ROE、现金流、FCF、市值稳定性、毛利率和净利率,18,61,一致,20260804150023,待评,未完成护城河初评,待核验
,,600323,瀚蓝环境,SH,环境治理,保留,通过,普通行业,淘汰,2025年报资产负债率超过普通行业门槛（公用事业放宽至70%）,30.72,10.39,1.65,250.47464325,-1.54,0.92,13.264,26.14991,1.372872,13.456538,14.1803635104,0.05661397,0.0,70.1466648925,60,不通过,42,普通行业：ROE、现金流、FCF、市值稳定性、毛利率和净利率,28,70,一致,20260804150024,待评,未完成护城河初评,待核验
,192,600332,白云山,SH,中药Ⅱ,保留,通过,普通行业,淘汰,综合得分未进入前50,21.89,4.99,0.92,355.88563874,-1.35,0.73,12.102,17.930583,1.087533,5.913605,133.5085233927,0.37514445,0.0,52.5709052588,60,通过,42,普通行业：ROE、现金流、FCF、市值稳定性、毛利率和净利率,30,72,一致,20260804150024,待评,未完成护城河初评,待核验
,134,600338,西藏珠峰,SH,工业金属,周期,通过,周期行业（本次保留）,淘汰,综合得分未进入前50,13.27,16.87,2.7,121.31568929,0.99,3.52,26.219,50.236701,1.207784,23.748349,2.119955385,0.0174747,0.0,34.0191677806,60,通过,49,普通行业：ROE、现金流、FCF、市值稳定性、毛利率和净利率,25,74,一致,20260804150025,待评,未完成护城河初评,待核验
,123,600352,浙江龙盛,SH,化学制品,周期,通过,周期行业（本次保留）,淘汰,综合得分未进入前50,13.01,19.7,1.34,423.25847499,-1.21,1.26,12.688,29.620015,2.25081,17.557426,216.4174581052,0.51131276,0.0,56.2582350453,60,通过,50,普通行业：ROE、现金流、FCF、市值稳定性、毛利率和净利率,24,74,一致,20260804150025,待评,未完成护城河初评,待核验
7,7,600368,五洲交通,SH,铁路公路,周期,通过,周期行业（本次保留）,入选50家,综合得分靠前，且满足 PE/PB 可比、普通行业负债率门槛与行业分散上限,3.9,7.96,0.87,62.77650046,-1.52,1.57,12.019,56.813029,2.06216,33.867593,29.281403923400003,0.46643893,0.0,39.0290252824,70,通过,53,普通行业：ROE、现金流、FCF、市值稳定性、毛利率和净利率,30,83,一致,20260804150020,待评,未完成护城河初评,待核验
,353,600373,中文传媒,SH,出版,保留,通过,普通行业,淘汰,综合得分未进入前50,7.62,23.61,0.58,102.66873439,-0.91,0.93,10.418,38.310398,0.742123,13.773145,52.8885650924,0.51513799,0.0,36.8056597779,60,通过,43,普通行业：ROE、现金流、FCF、市值稳定性、毛利率和净利率,24,67,一致,20260804150020,待评,未完成护城河初评,待核验
,254,600377,宁沪高速,SH,铁路公路,周期,通过,周期行业（本次保留）,淘汰,行业分散上限：同一细分行业最多入选3家,12.0,11.06,1.48,604.5297,-3.15,0.42,13.763,32.697808,1.448112,32.168375,6.5162361296,0.01077902,0.0,42.9592926366,70,通过,41,普通行业：ROE、现金流、FCF、市值稳定性、毛利率和净利率,30,71,一致,20260804150023,待评,未完成护城河初评,待核验
27,28,600380,健康元,SH,化学制药,保留,通过,普通行业,入选50家,综合得分靠前，且满足 PE/PB 可比、普通行业负债率门槛与行业分散上限,10.19,11.23,1.23,186.42130003,-0.68,0.85,12.487,62.976267,2.567188,8.986739,124.52137271790001,0.66795679,0.0,31.1912171107,60,通过,50,普通行业：ROE、现金流、FCF、市值稳定性、毛利率和净利率,30,80,一致,20260804150024,3/5,药品注册、成熟产品和医药商业化能力,初评达到★★★
,182,600389,江山股份,SH,农化制品,保留,通过,普通行业,淘汰,综合得分未进入前50,20.59,12.14,2.14,88.670835,-2.46,2.14,20.076,20.271789,1.400467,8.429226,8.3395819503,0.09405101,0.0,55.620717399,60,通过,47,普通行业：ROE、现金流、FCF、市值稳定性、毛利率和净利率,25,72,一致,20260804150023,待评,未完成护城河初评,待核验
5,5,600398,海澜之家,SH,服装家纺,保留,通过,普通行业,入选50家,综合得分靠前，且满足 PE/PB 可比、普通行业负债率门槛与行业分散上限,6.13,7.75,1.7,294.40981914,-3.31,0.91,20.916,43.478591,1.624214,13.72877,170.7945050452,0.58012503,0.0,45.4858792458,60,通过,56,普通行业：ROE、现金流、FCF、市值稳定性、毛利率和净利率,28,84,一致,20260804150021,3/5,大众服饰品牌、渠道与供应链规模,初评达到★★★
,612,600406,国电南瑞,SH,电网设备,保留,通过,普通行业,淘汰,综合得分未进入前50,24.97,69.51,4.04,2005.52951215,-0.4,0.93,15.922,26.626679,1.351542,13.178319,372.2018561601,0.18558782,0.0,42.7305696423,60,通过,49,普通行业：ROE、现金流、FCF、市值稳定性、毛利率和净利率,7,56,一致,20260804150024,待评,未完成护城河初评,待核验
,347,600415,小商品城,SH,一般零售,保留,通过,普通行业,淘汰,综合得分未进入前50,12.4,17.16,3.22,679.96134402,-1.43,1.39,11.718,27.578151,1.489363,21.659793,78.3128968322,0.11517257,0.0,48.1399278682,60,通过,45,普通行业：ROE、现金流、FCF、市值稳定性、毛利率和净利率,22,67,一致,20260804150025,待评,未完成护城河初评,待核验
,242,600420,国药现代,SH,化学制药,保留,通过,普通行业,淘汰,综合得分未进入前50,8.77,21.25,0.86,117.62084509,-1.68,0.57,8.168,38.358899,2.775235,6.267719,85.40061539930001,0.72606701,0.0,17.590628075,60,通过,47,普通行业：ROE、现金流、FCF、市值稳定性、毛利率和净利率,24,71,一致,20260804150022,待评,未完成护城河初评,待核验
,,600422,昆药集团,SH,中药Ⅱ,保留,通过,普通行业,淘汰,当前 PE/PB 缺失、为负或超出本轮可比估值上限,9.06,-12.09,1.35,68.58200358,-1.2,1.02,9.534,42.281834,0.925342,6.009213,17.3960182199,0.25365281,0.0,41.0424545546,60,通过,39,普通行业：ROE、现金流、FCF、市值稳定性、毛利率和净利率,12,51,一致,20260804150013,待评,未完成护城河初评,待核验
,560,600436,片仔癀,SH,中药Ⅱ,保留,通过,普通行业,淘汰,综合得分未进入前50,137.5,27.89,5.82,829.56116375,-0.44,0.92,21.907,44.456691,0.84717,25.676251,91.1516605515,0.10987937,0.0,14.0771827838,60,通过,47,普通行业：ROE、现金流、FCF、市值稳定性、毛利率和净利率,12,59,一致,20260804150026,待评,未完成护城河初评,待核验
,766,600444,国机通用,SH,专用设备,保留,通过,普通行业,淘汰,综合得分未进入前50,13.35,51.71,2.64,19.54732792,-0.15,2.05,10.263,15.194977,0.851028,7.92675,2.3042332454,0.1178797,0.0,50.5152068884,60,通过,36,普通行业：ROE、现金流、FCF、市值稳定性、毛利率和净利率,10,46,一致,20260804150018,待评,未完成护城河初评,待核验
,285,600452,涪陵电力,SH,电力,保留,通过,普通行业,淘汰,综合得分未进入前50,9.93,29.73,2.7,152.57858624,-0.5,1.92,17.578,21.197339,2.6083,14.372286,23.8979176344,0.15662694,0.0,12.2215274489,70,通过,51,普通行业：ROE、现金流、FCF、市值稳定性、毛利率和净利率,18,69,一致,20260804150023,待评,未完成护城河初评,待核验
,80,600461,洪城环境,SH,环境治理,保留,通过,普通行业,淘汰,行业分散上限：同一细分行业最多入选3家,9.06,9.2,1.2,116.34460717,-1.95,1.09,12.308,30.499748,1.794044,10.946425,9.4185237087,0.08095368,0.0,55.4310609096,60,通过,47,普通行业：ROE、现金流、FCF、市值稳定性、毛利率和净利率,30,77,一致,20260804150011,待评,未完成护城河初评,待核验
,689,600475,华光环能,SH,电力,保留,通过,普通行业,淘汰,综合得分未进入前50,15.55,32.0,1.76,148.65267086,1.37,1.45,9.12204,19.003499,1.577806,7.698278,0.5158119431,0.00346991,0.0,61.3820878346,70,通过,35,普通行业：ROE、现金流、FCF、市值稳定性、毛利率和净利率,18,53,一致,20260804150025,待评,未完成护城河初评,待核验
,139,600479,千金药业,SH,中药Ⅱ,保留,通过,普通行业,淘汰,综合得分未进入前50,9.8,16.08,1.65,48.23658157,-0.61,0.99,12.261,45.7864,1.764135,7.43941,22.193816574099998,0.46010343,0.0,32.506464636,60,通过,49,普通行业：ROE、现金流、FCF、市值稳定性、毛利率和净利率,25,74,一致,20260804150015,待评,未完成护城河初评,待核验
,103,600483,福能股份,SH,电力,保留,通过,普通行业,淘汰,综合得分未进入前50,10.86,11.62,1.12,301.92392174,-1.9,0.44,10.476,24.14042,1.636853,15.557707,29.532308140100003,0.09781374,0.0,41.8152032045,70,通过,46,普通行业：ROE、现金流、FCF、市值稳定性、毛利率和净利率,30,76,一致,20260804150022,待评,未完成护城河初评,待核验
,131,600486,扬农化工,SH,农化制品,保留,通过,普通行业,淘汰,综合得分未进入前50,55.48,13.77,1.94,224.2013032,-2.26,0.96,18.592,23.889938,1.484143,12.276957,35.3144992125,0.15751246,0.0,36.908816094,60,通过,49,普通行业：ROE、现金流、FCF、市值稳定性、毛利率和净利率,25,74,一致,20260804150019,待评,未完成护城河初评,待核验
,,600516,方大炭素,SH,冶钢原料,保留,通过,普通行业,淘汰,当前 PE/PB 缺失、为负或超出本轮可比估值上限,5.25,596.46,1.3,211.36344432,-0.76,1.18,12.693,20.929789,0.718705,19.416548,8.6727324057,0.04103232,0.0,15.7078309349,60,通过,36,普通行业：ROE、现金流、FCF、市值稳定性、毛利率和净利率,12,48,一致,20260804150027,待评,未完成护城河初评,待核验
,228,600519,贵州茅台,SH,白酒Ⅱ,保留,通过,普通行业,淘汰,行业分散上限：同一细分行业最多入选3家,1328.36,15.24,7.04,16605.58395504,-2.25,0.3,31.924,91.69653,0.90328,46.970299,3021.6502304896003,0.18196591,0.0,16.4153621922,60,通过,52,普通行业：ROE、现金流、FCF、市值稳定性、毛利率和净利率,19,71,一致,20260804150025,待评,未完成护城河初评,待核验
,386,600529,山东药玻,SH,医疗器械,保留,通过,普通行业,淘汰,综合得分未进入前50,19.62,16.18,1.55,130.20108897,-2.14,1.68,11.045,30.438969,1.020157,14.70675,7.2169027154,0.0554289,0.0,17.4150504913,60,通过,41,普通行业：ROE、现金流、FCF、市值稳定性、毛利率和净利率,25,66,一致,20260804150022,待评,未完成护城河初评,待核验
,70,600546,山煤国际,SH,煤炭开采,周期,通过,周期行业（本次保留）,淘汰,行业分散上限：同一细分行业最多入选3家,12.31,14.24,1.53,244.04035083,-0.16,1.08,19.304,37.937898,2.255755,5.764567,362.3483877428,1.48478883,0.0,51.2137538699,60,通过,52,普通行业：ROE、现金流、FCF、市值稳定性、毛利率和净利率,25,77,一致,20260804150026,待评,未完成护城河初评,待核验
,27,600548,深高速,SH,铁路公路,周期,通过,周期行业（本次保留）,淘汰,行业分散上限：同一细分行业最多入选3家,8.57,10.68,0.95,217.49427008,-2.28,0.23,11.53,32.971744,2.427527,27.266423,62.3970974004,0.28689076,0.0,55.0387656125,70,通过,50,普通行业：ROE、现金流、FCF、市值稳定性、毛利率和净利率,30,80,一致,20260804150013,待评,未完成护城河初评,待核验
,127,600557,康缘药业,SH,中药Ⅱ,保留,通过,普通行业,淘汰,综合得分未进入前50,12.82,22.89,1.48,72.58155893,0.08,1.08,9.391,72.58812,2.204483,10.207097,24.9727027821,0.34406402,0.0,26.9606534406,60,通过,50,普通行业：ROE、现金流、FCF、市值稳定性、毛利率和净利率,24,74,一致,20260804150025,待评,未完成护城河初评,待核验
,358,600559,老白干酒,SH,白酒Ⅱ,保留,通过,普通行业,淘汰,行业分散上限：同一细分行业最多入选3家,12.26,16.95,2.12,112.14803663,-2.0,1.35,12.068,66.955696,0.992585,10.215421,15.7407883978,0.14035724,0.0,38.293755369,60,通过,42,普通行业：ROE、现金流、FCF、市值稳定性、毛利率和净利率,25,67,一致,20260804150026,待评,未完成护城河初评,待核验
,502,600563,法拉电子,SH,元件,保留,通过,普通行业,淘汰,综合得分未进入前50,139.53,29.31,5.43,313.9425,2.34,2.21,21.744,36.899675,1.100752,25.967963,33.0970417593,0.1054239,0.0,30.9091583149,60,通过,49,普通行业：ROE、现金流、FCF、市值稳定性、毛利率和净利率,12,61,一致,20260804150025,待评,未完成护城河初评,待核验
36,38,600566,济川药业,SH,中药Ⅱ,保留,通过,普通行业,入选50家,综合得分靠前，且满足 PE/PB 可比、普通行业负债率门槛与行业分散上限,26.38,15.19,1.82,243.15270639,-1.75,0.59,24.061,81.1814,1.01402,24.523813,102.90038481370001,0.42319243,0.0,17.3308185932,60,通过,54,普通行业：ROE、现金流、FCF、市值稳定性、毛利率和净利率,25,79,一致,20260804150026,3/5,核心产品品牌、注册壁垒和渠道,初评达到★★★
,706,600570,恒生电子,SH,软件开发,保留,通过,普通行业,淘汰,综合得分未进入前50,23.08,78.74,4.56,437.05394501,-0.43,2.44,19.942,72.896851,0.856113,20.665545,27.534411269499998,0.06300003,0.0,32.4742955834,60,通过,44,普通行业：ROE、现金流、FCF、市值稳定性、毛利率和净利率,7,51,一致,20260804150026,待评,未完成护城河初评,待核验
,111,600572,康恩贝,SH,中药Ⅱ,保留,通过,普通行业,淘汰,综合得分未进入前50,4.37,13.98,1.61,110.93384975,-0.23,1.54,10.48,57.085584,1.760245,9.729031,33.8028378953,0.30471166,0.0,28.3663701834,60,通过,50,普通行业：ROE、现金流、FCF、市值稳定性、毛利率和净利率,25,75,一致,20260804150024,待评,未完成护城河初评,待核验
,761,600580,卧龙电驱,SH,电机Ⅱ,保留,通过,普通行业,淘汰,综合得分未进入前50,35.67,50.48,5.12,557.20731617,3.36,6.76,10.118,24.432816,1.919237,5.822982,24.428332086300003,0.04384065,0.0,54.304541941,60,通过,42,普通行业：ROE、现金流、FCF、市值稳定性、毛利率和净利率,4,46,一致,20260804150024,待评,未完成护城河初评,待核验
,104,600582,天地科技,SH,专用设备,保留,通过,普通行业,淘汰,综合得分未进入前50,4.91,11.73,0.82,203.2047146,-1.21,0.59,8.466,29.387934,1.841465,6.986948,165.7531309766,0.8156953,0.0,46.1542617418,60,通过,46,普通行业：ROE、现金流、FCF、市值稳定性、毛利率和净利率,30,76,一致,20260804150023,待评,未完成护城河初评,待核验
,58,600585,海螺水泥,SH,水泥,周期,通过,周期行业（本次保留）,淘汰,综合得分未进入前50,17.8,16.0,0.49,939.31668783,-2.79,1.45,15.275,22.678359,1.602467,15.819868,217.77273462,0.23184165,0.0,20.4249564235,60,通过,51,普通行业：ROE、现金流、FCF、市值稳定性、毛利率和净利率,27,78,一致,20260804150024,待评,未完成护城河初评,待核验
,628,600596,新安股份,SH,农化制品,保留,通过,普通行业,淘汰,综合得分未进入前50,10.63,37.25,1.16,143.46216631,1.63,2.66,12.034,17.038497,4.211838,5.798452,7.5949230562,0.05294025,0.0,38.2416663184,60,通过,40,普通行业：ROE、现金流、FCF、市值稳定性、毛利率和净利率,16,56,一致,20260804150027,待评,未完成护城河初评,待核验
,98,600598,北大荒,SH,种植业,保留,通过,普通行业,淘汰,综合得分未进入前50,12.28,9.4,2.87,218.29909283,-1.21,1.02,13.806,37.388481,1.348971,24.540968,49.2997251484,0.22583568,0.0,12.9273793058,60,通过,48,普通行业：ROE、现金流、FCF、市值稳定性、毛利率和净利率,28,76,一致,20260804150016,待评,未完成护城河初评,待核验
,168,600600,青岛啤酒,SH,非白酒,保留,通过,普通行业,淘汰,综合得分未进入前50,54.68,10.36,2.55,745.94189216,-2.69,1.2,11.995,38.858009,1.213612,9.09221,140.19495968,0.18794354,0.0,39.5525851457,60,通过,45,普通行业：ROE、现金流、FCF、市值稳定性、毛利率和净利率,28,73,一致,20260804150023,待评,未完成护城河初评,待核验
,296,600633,浙数文化,SH,游戏Ⅱ,保留,通过,普通行业,淘汰,综合得分未进入前50,11.36,22.5,1.41,144.05326002,2.62,2.51,8.447,61.908715,1.380567,25.903194,21.024399368599997,0.14594879,0.0,13.6099181411,60,通过,45,普通行业：ROE、现金流、FCF、市值稳定性、毛利率和净利率,24,69,一致,20260804150027,待评,未完成护城河初评,待核验
,303,600642,申能股份,SH,电力,保留,通过,普通行业,淘汰,综合得分未进入前50,8.33,12.94,1.14,407.67681202,-1.65,0.56,8.153,16.667323,2.523352,8.659142,86.1937910774,0.21142677,0.0,54.7705837102,70,通过,42,普通行业：ROE、现金流、FCF、市值稳定性、毛利率和净利率,27,69,一致,20260804150026,待评,未完成护城河初评,待核验
,341,600660,福耀玻璃,SH,汽车零部件,周期,通过,周期行业（本次保留）,淘汰,综合得分未进入前50,56.93,21.7,4.13,1485.72699277,-1.52,0.73,18.062,35.765913,1.366905,16.958563,182.33479342,0.12272429,0.0,46.4018008554,60,通过,48,普通行业：ROE、现金流、FCF、市值稳定性、毛利率和净利率,19,67,一致,20260804150024,待评,未完成护城河初评,待核验
23,23,600681,百川能源,SH,燃气Ⅱ,保留,通过,普通行业,入选50家,综合得分靠前，且满足 PE/PB 可比、普通行业负债率门槛与行业分散上限,3.46,10.33,1.29,46.39357643,-1.98,1.7,16.638,16.810234,1.838417,14.612878,22.34396978,0.48161775,0.0,53.2332838362,70,通过,51,普通行业：ROE、现金流、FCF、市值稳定性、毛利率和净利率,30,81,一致,20260804150021,待评,未完成护城河初评,待核验
,77,600690,海尔智家,SH,白色家电,保留,通过,普通行业,淘汰,综合得分未进入前50,22.49,11.33,1.68,2109.02890829,-1.88,0.84,18.684,28.926216,1.497447,5.171427,772.9334333127999,0.36648783,0.0,57.4107161708,60,通过,49,普通行业：ROE、现金流、FCF、市值稳定性、毛利率和净利率,28,77,一致,20260804150026,待评,未完成护城河初评,待核验
,82,600694,大商股份,SH,一般零售,保留,通过,普通行业,淘汰,综合得分未进入前50,14.68,5.06,0.63,55.60690209,-2.0,1.41,8.514,39.422904,1.672305,6.001306,42.629667915700004,0.76662548,0.0,46.5296635629,60,通过,47,普通行业：ROE、现金流、FCF、市值稳定性、毛利率和净利率,30,77,一致,20260804150025,待评,未完成护城河初评,待核验
,576,600731,湖南海利,SH,农化制品,保留,通过,普通行业,淘汰,综合得分未进入前50,5.83,18.09,1.0,32.28959585,0.0,1.44,10.564,26.395576,1.010574,8.394672,0.5669921018,0.01755959,0.0,28.7781408693,60,通过,35,普通行业：ROE、现金流、FCF、市值稳定性、毛利率和净利率,24,59,一致,20260804150012,待评,未完成护城河初评,待核验
,61,600738,丽尚国潮,SH,一般零售,保留,通过,普通行业,淘汰,综合得分未进入前50,4.02,12.46,1.47,30.60567649,0.5,1.44,12.597,60.353958,2.257749,24.75862,5.9916511199,0.19576928,0.0,38.2018073717,60,通过,51,普通行业：ROE、现金流、FCF、市值稳定性、毛利率和净利率,27,78,一致,20260804150012,待评,未完成护城河初评,待核验
,666,600746,江苏索普,SH,化学原料,周期,通过,周期行业（本次保留）,淘汰,综合得分未进入前50,6.66,57.03,1.43,77.77833607,-0.6,1.41,9.416,15.634432,10.413313,6.127745,17.351384077,0.22308762,0.0,27.2343527818,60,通过,42,普通行业：ROE、现金流、FCF、市值稳定性、毛利率和净利率,12,54,一致,20260804150026,待评,未完成护城河初评,待核验
,121,600750,华润江中,SH,中药Ⅱ,保留,通过,普通行业,淘汰,综合得分未进入前50,25.98,14.33,4.4,165.12583748,-1.44,0.68,15.906,64.325445,1.407214,20.139237,34.1865913828,0.20703357,0.0,31.6495339355,60,通过,52,普通行业：ROE、现金流、FCF、市值稳定性、毛利率和净利率,22,74,一致,20260804150013,待评,未完成护城河初评,待核验
,81,600757,长江传媒,SH,出版,保留,通过,普通行业,淘汰,综合得分未进入前50,8.14,7.38,1.0,98.79113222,-1.09,0.79,10.489,34.636616,1.061023,10.462401,38.2689616452,0.38737244,0.0,29.0425974,60,通过,47,普通行业：ROE、现金流、FCF、市值稳定性、毛利率和净利率,30,77,一致,20260804150025,待评,未完成护城河初评,待核验
,418,600761,安徽合力,SH,工程机械,周期,通过,周期行业（本次保留）,淘汰,综合得分未进入前50,17.86,12.21,1.49,159.07772711,-3.72,1.59,12.825,20.290092,0.92847,6.087195,14.6361687261,0.0920064,0.0,40.1139993478,60,通过,38,普通行业：ROE、现金流、FCF、市值稳定性、毛利率和净利率,27,65,一致,20260804150027,待评,未完成护城河初评,待核验
,259,600763,通策医疗,SH,医疗服务,保留,通过,普通行业,淘汰,综合得分未进入前50,36.5,21.84,3.69,163.26052771,-0.79,1.88,20.851,40.506413,1.475483,20.075265,21.4812990029,0.13157681,0.0,24.3754974421,60,通过,51,普通行业：ROE、现金流、FCF、市值稳定性、毛利率和净利率,19,70,一致,20260804150024,待评,未完成护城河初评,待核验
,,600764,中国海防,SH,航海装备Ⅱ,保留,通过,普通行业,淘汰,当前 PE/PB 缺失、为负或超出本轮可比估值上限,18.76,128.78,1.63,133.31407281,-1.21,0.87,9.438,29.747197,1.190564,13.190982,9.0309118239,0.06774162,0.0,28.6732761302,60,通过,38,普通行业：ROE、现金流、FCF、市值稳定性、毛利率和净利率,10,48,一致,20260804150024,待评,未完成护城河初评,待核验
,,600769,祥龙电业,SH,环境治理,保留,通过,普通行业,淘汰,当前 PE/PB 缺失、为负或超出本轮可比估值上限,14.14,279.04,41.83,53.02177608,7.45,3.73,11.039,30.973391,4.145499,15.339169,2.0172496565,0.03804568,0.0,70.7675736185,60,不通过,45,普通行业：ROE、现金流、FCF、市值稳定性、毛利率和净利率,0,45,一致,20260804150014,待评,未完成护城河初评,待核验
,90,600801,华新建材,SH,水泥,周期,通过,周期行业（本次保留）,淘汰,综合得分未进入前50,21.46,17.7,1.38,446.15246628,1.23,1.24,17.688,28.386793,2.037165,12.020022,51.17112225,0.11469425,0.0,53.8697250128,60,通过,49,普通行业：ROE、现金流、FCF、市值稳定性、毛利率和净利率,27,76,一致,20260804150026,待评,未完成护城河初评,待核验
35,37,600809,山西汾酒,SH,白酒Ⅱ,保留,通过,普通行业,入选50家,综合得分靠前，且满足 PE/PB 可比、普通行业负债率门槛与行业分散上限,121.85,6.9,4.02,1486.52640451,-1.54,1.02,32.223,75.325782,1.026946,23.904203,430.67391053050005,0.28971831,0.0,28.7429091315,60,通过,54,普通行业：ROE、现金流、FCF、市值稳定性、毛利率和净利率,25,79,一致,20260804150027,4/5,白酒品牌、产品升级和经销商网络,初评达到★★★
,114,600814,杭州解百,SH,一般零售,保留,通过,普通行业,淘汰,综合得分未进入前50,6.68,13.58,1.3,49.10325035,-0.89,0.55,8.336,78.534031,3.161406,9.653619,38.5968317428,0.78603415,0.0,43.5731276403,60,通过,48,普通行业：ROE、现金流、FCF、市值稳定性、毛利率和净利率,27,75,一致,20260804150011,待评,未完成护城河初评,待核验
,631,600835,上海机电,SH,专用设备,保留,通过,普通行业,淘汰,综合得分未进入前50,19.29,27.22,1.39,194.30715631,-0.52,0.66,9.801,15.825164,0.965137,5.122978,36.936694996599996,0.19009436,0.0,49.4047419996,60,通过,36,普通行业：ROE、现金流、FCF、市值稳定性、毛利率和净利率,20,56,一致,20260804150026,待评,未完成护城河初评,待核验
,658,600845,宝信软件,SH,IT服务Ⅱ,保留,通过,普通行业,淘汰,综合得分未进入前50,19.01,35.62,5.05,543.28757644,1.93,1.03,15.47,33.787621,1.123571,13.122763,77.4793613337,0.14261206,0.0,46.470071662,60,通过,46,普通行业：ROE、现金流、FCF、市值稳定性、毛利率和净利率,8,54,一致,20260804150023,待评,未完成护城河初评,待核验
,297,600863,华能蒙电,SH,电力,保留,通过,普通行业,淘汰,综合得分未进入前50,4.85,13.68,1.98,380.00669366,-1.42,1.86,8.864,18.935048,3.357894,7.032828,142.1097716635,0.3739665,0.0,52.7299097188,70,通过,44,普通行业：ROE、现金流、FCF、市值稳定性、毛利率和净利率,25,69,一致,20260804150027,待评,未完成护城河初评,待核验
,339,600873,梅花生物,SH,化学制品,周期,通过,周期行业（本次保留）,淘汰,综合得分未进入前50,8.0,47.56,1.47,224.339332,-2.2,0.93,18.457,20.658557,1.478413,10.253632,154.055228149,0.68670628,0.0,36.9208786194,60,通过,51,普通行业：ROE、现金流、FCF、市值稳定性、毛利率和净利率,16,67,一致,20260804150025,待评,未完成护城河初评,待核验
45,48,600874,创业环保,SH,环境治理,保留,通过,普通行业,入选50家,综合得分靠前，且满足 PE/PB 可比、普通行业负债率门槛与行业分散上限,5.58,7.93,0.86,87.62932914,-1.24,0.77,9.34,36.151772,1.850711,18.677076,27.386557468699998,0.3125273,0.0,56.0981973096,60,通过,49,普通行业：ROE、现金流、FCF、市值稳定性、毛利率和净利率,30,79,一致,20260804150027,待评,未完成护城河初评,待核验
,342,600885,宏发股份,SH,电网设备,保留,通过,普通行业,淘汰,综合得分未进入前50,36.31,24.31,4.25,561.93149505,1.57,1.15,17.303,35.38684,1.424824,10.745914,45.7047956739,0.08133517,0.0,31.4740671658,60,通过,48,普通行业：ROE、现金流、FCF、市值稳定性、毛利率和净利率,19,67,一致,20260804150025,待评,未完成护城河初评,待核验
,128,600886,国投电力,SH,电力,保留,通过,普通行业,淘汰,综合得分未进入前50,15.03,14.2,1.85,1203.07548758,-1.25,0.5,11.253,35.204266,4.498775,11.042197,261.4956575572,0.21735598,0.0,60.5241320532,70,通过,49,普通行业：ROE、现金流、FCF、市值稳定性、毛利率和净利率,25,74,一致,20260804150025,待评,未完成护城河初评,待核验
,,600887,伊利股份,SH,饮料乳品,保留,通过,普通行业,淘汰,2025年报资产负债率超过普通行业门槛（公用事业放宽至70%）,26.37,7.73,3.09,1667.99760789,-2.77,1.13,22.939,32.78242,1.754556,8.231393,560.2245694083999,0.33586653,0.0,61.5089759096,60,不通过,54,普通行业：ROE、现金流、FCF、市值稳定性、毛利率和净利率,25,79,一致,20260804150025,4/5,乳品品牌、冷链渠道和规模采购,初评达到★★★
,94,600897,厦门空港,SH,航空机场,周期,通过,周期行业（本次保留）,淘汰,综合得分未进入前50,14.81,13.15,1.28,61.7479254,-1.46,0.44,9.251,24.4107,2.790719,20.558462,23.678189578,0.38346535,0.0,16.2196508985,70,通过,49,普通行业：ROE、现金流、FCF、市值稳定性、毛利率和净利率,27,76,一致,20260804150027,待评,未完成护城河初评,待核验
,284,600900,长江电力,SH,电力,保留,通过,普通行业,淘汰,综合得分未进入前50,28.3,25.6,3.32,6924.50561363,-2.58,0.62,15.095,59.562129,1.831989,41.471321,2026.8655268538,0.29270906,0.0,58.2694597691,70,通过,54,普通行业：ROE、现金流、FCF、市值稳定性、毛利率和净利率,15,69,一致,20260804150024,待评,未完成护城河初评,待核验
33,35,600901,江苏金租,SH,多元金融,金融,金融特殊口径通过,金融行业（特殊口径）,入选50家,综合得分靠前，且满足 PE/PB 可比、普通行业负债率门槛与行业分散上限,6.29,11.08,1.46,364.30839851,-2.33,0.98,15.045,,0.324008,52.300978,25.614022295300003,0.07030862,0.0,84.136551297,,金融特殊口径,49.33,金融特殊口径：ROE 40分、股本稳定性20分,30,79.33,一致,20260804150026,待评,未完成护城河初评,待核验
,221,600908,无锡银行,SH,银行Ⅱ,金融,金融特殊口径通过,金融行业（特殊口径）,淘汰,综合得分未进入前50,5.59,4.83,0.54,122.68270675,-2.95,0.94,11.187,,3.312432,39.866735,333.45179,2.71800157,0.0,91.7998495162,,金融特殊口径,41.33,金融特殊口径：ROE 40分、股本稳定性20分,30,71.33,一致,20260804150022,待评,未完成护城河初评,待核验
,205,600919,江苏银行,SH,银行Ⅱ,金融,金融特殊口径通过,金融行业（特殊口径）,淘汰,综合得分未进入前50,11.46,4.97,0.81,2103.06178346,-1.97,0.55,13.382,,5.597253,35.15652,8639.81829,4.10820945,0.0,92.9109782918,,金融特殊口径,41.33,金融特殊口径：ROE 40分、股本稳定性20分,30,71.33,一致,20260804150026,待评,未完成护城河初评,待核验
,207,600926,杭州银行,SH,银行Ⅱ,金融,金融特殊口径通过,金融行业（特殊口径）,淘汰,综合得分未进入前50,16.14,4.41,0.85,1169.98901125,-1.65,0.56,13.011,,3.804212,35.422299,3278.93498,2.80253485,0.0,93.0934324652,,金融特殊口径,41.33,金融特殊口径：ROE 40分、股本稳定性20分,30,71.33,一致,20260804150013,待评,未完成护城河初评,待核验
,497,600927,永安期货,SH,多元金融,金融,金融特殊口径通过,金融行业（特殊口径）,淘汰,综合得分未进入前50,13.41,25.07,1.47,194.50462837,-1.4,0.45,11.392,,-0.698196,11.256649,12.9939123692,0.06680516,0.0,84.0134795141,,金融特殊口径,41.33,金融特殊口径：ROE 40分、股本稳定性20分,20,61.33,一致,20260804150006,待评,未完成护城河初评,待核验
,220,600928,西安银行,SH,银行Ⅱ,金融,金融特殊口径通过,金融行业（特殊口径）,淘汰,综合得分未进入前50,3.6,5.29,0.45,160.00000002,-3.74,0.78,10.487,,4.336674,37.284512,525.97827,3.28736419,0.0,92.5359380635,,金融特殊口径,41.33,金融特殊口径：ROE 40分、股本稳定性20分,30,71.33,一致,20260804150021,待评,未完成护城河初评,待核验
,,600970,中材国际,SH,专业工程,周期,通过,周期行业（本次保留）,淘汰,2025年报资产负债率超过普通行业门槛（公用事业放宽至70%）,7.9,11.39,0.94,207.123221,-2.59,0.93,14.202,18.431286,0.848801,5.505842,71.1166880559,0.34335449,0.0,60.240187735,60,不通过,40,普通行业：ROE、现金流、FCF、市值稳定性、毛利率和净利率,30,70,一致,20260804150020,待评,未完成护城河初评,待核验
,154,600985,淮北矿业,SH,煤炭开采,周期,通过,周期行业（本次保留）,淘汰,行业分散上限：同一细分行业最多入选3家,14.79,20.28,0.96,398.33296306,1.09,0.91,16.547,19.741431,2.438768,7.247257,187.0141180757,0.46949195,0.0,48.7860913734,60,通过,49,普通行业：ROE、现金流、FCF、市值稳定性、毛利率和净利率,24,73,一致,20260804150026,待评,未完成护城河初评,待核验
,511,600988,赤峰黄金,SH,贵金属,周期,通过,周期行业（本次保留）,淘汰,综合得分未进入前50,37.75,18.15,5.24,717.4052197,-2.86,3.82,14.168,38.156489,2.021603,12.161644,40.2359030999,0.05608532,0.0,33.9065858486,60,通过,45,普通行业：ROE、现金流、FCF、市值稳定性、毛利率和净利率,16,61,一致,20260804150026,待评,未完成护城河初评,待核验
,245,600989,宝丰能源,SH,化学原料,周期,通过,周期行业（本次保留）,淘汰,综合得分未进入前50,23.09,11.56,3.45,1693.272824,0.79,0.59,21.421,34.907912,1.279174,24.528216,12.066748766500002,0.00712629,0.0,46.3243664871,60,通过,46,普通行业：ROE、现金流、FCF、市值稳定性、毛利率和净利率,25,71,一致,20260804150027,待评,未完成护城河初评,待核验
,275,600993,马应龙,SH,中药Ⅱ,保留,通过,普通行业,淘汰,综合得分未进入前50,24.64,12.49,2.48,106.21167874,-1.95,1.49,13.664,44.092378,1.06747,13.712661,19.2943971388,0.18165985,0.0,16.9507864943,60,通过,45,普通行业：ROE、现金流、FCF、市值稳定性、毛利率和净利率,25,70,一致,20260804150022,待评,未完成护城河初评,待核验
,390,600999,招商证券,SH,证券Ⅱ,金融,金融特殊口径通过,金融行业（特殊口径）,淘汰,综合得分未进入前50,17.75,11.8,1.28,1543.63350807,0.45,0.72,9.064,,2.005894,43.158105,687.0477600947,0.44508477,0.0,81.6786957205,,金融特殊口径,36.0,金融特殊口径：ROE 40分、股本稳定性20分,30,66.0,一致,20260804150024,待评,未完成护城河初评,待核验
,166,601000,唐山港,SH,航运港口,周期,通过,周期行业（本次保留）,淘汰,行业分散上限：同一细分行业最多入选3家,4.79,15.07,1.37,283.85198061,-3.23,0.93,10.342,43.981825,1.142702,26.1721,79.404270318,0.2797383,0.0,9.013308009,70,通过,46,普通行业：ROE、现金流、FCF、市值稳定性、毛利率和净利率,27,73,一致,20260804150023,待评,未完成护城河初评,待核验
48,51,601001,晋控煤业,SH,煤炭开采,周期,通过,周期行业（本次保留）,入选50家,综合得分靠前，且满足 PE/PB 可比、普通行业负债率门槛与行业分散上限,16.17,19.98,1.45,270.63729,1.25,1.28,17.35,49.179436,1.63239,12.946888,219.90193295240002,0.81253375,0.0,23.1718985128,60,通过,54,普通行业：ROE、现金流、FCF、市值稳定性、毛利率和净利率,24,78,一致,20260804150022,待评,未完成护城河初评,待核验
,191,601006,大秦铁路,SH,铁路公路,周期,通过,周期行业（本次保留）,淘汰,行业分散上限：同一细分行业最多入选3家,4.89,10.18,0.59,971.29545684,-2.2,0.83,9.46,17.274829,1.262206,15.43188,168.12084664,0.1730893,0.0,15.2391537619,70,通过,42,普通行业：ROE、现金流、FCF、市值稳定性、毛利率和净利率,30,72,一致,20260804150024,待评,未完成护城河初评,待核验
,206,601009,南京银行,SH,银行Ⅱ,金融,金融特殊口径通过,金融行业（特殊口径）,淘汰,综合得分未进入前50,11.37,5.32,0.76,1405.73759576,-2.32,0.41,14.911,,4.26082,38.714606,3926.41154,2.79313262,0.0,93.0404584037,,金融特殊口径,41.33,金融特殊口径：ROE 40分、股本稳定性20分,30,71.33,一致,20260804150016,待评,未完成护城河初评,待核验
43,46,601019,山东出版,SH,出版,保留,通过,普通行业,入选50家,综合得分靠前，且满足 PE/PB 可比、普通行业负债率门槛与行业分散上限,7.45,11.84,1.02,155.47405,-1.72,0.44,14.871,37.407934,1.201523,14.438542,71.5388346205,0.4601336,0.0,30.8323988717,60,通过,49,普通行业：ROE、现金流、FCF、市值稳定性、毛利率和净利率,30,79,一致,20260804150017,3/5,出版发行资质、内容版权和渠道,初评达到★★★
,,601020,华钰矿业,SH,工业金属,周期,通过,周期行业（本次保留）,淘汰,当前 PE/PB 缺失、为负或超出本轮可比估值上限,20.19,135.44,3.91,165.55087253,1.82,2.43,9.119,44.054095,1.962248,19.564182,9.586904540199999,0.05790912,0.0,37.7269185682,60,通过,43,普通行业：ROE、现金流、FCF、市值稳定性、毛利率和净利率,7,50,一致,20260804150021,待评,未完成护城河初评,待核验
,362,601066,中信建投,SH,证券Ⅱ,金融,金融特殊口径通过,金融行业（特殊口径）,淘汰,综合得分未进入前50,25.85,13.67,2.32,2005.10560502,1.13,0.34,11.761,,3.287093,35.460493,1402.9094925053,0.69966863,0.0,82.395459199,,金融特殊口径,41.33,金融特殊口径：ROE 40分、股本稳定性20分,25,66.33,一致,20260804150027,待评,未完成护城河初评,待核验
,212,601077,渝农商行,SH,银行Ⅱ,金融,金融特殊口径通过,金融行业（特殊口径）,淘汰,综合得分未进入前50,6.49,4.51,0.51,737.0693,-3.57,1.08,11.519,,3.052425,36.350683,1518.08818,2.05962747,0.0,91.6376233256,,金融特殊口径,41.33,金融特殊口径：ROE 40分、股本稳定性20分,30,71.33,一致,20260804150022,待评,未完成护城河初评,待核验
,152,601088,中国神华,SH,煤炭开采,周期,通过,周期行业（本次保留）,淘汰,行业分散上限：同一细分行业最多入选3家,43.15,21.93,2.04,9358.99090218,-1.33,0.23,13.236,35.407712,1.602861,16.867188,2844.04,0.30388319,0.0,23.3066405846,60,通过,51,普通行业：ROE、现金流、FCF、市值稳定性、毛利率和净利率,22,73,一致,20260804150025,待评,未完成护城河初评,待核验
,779,601100,恒立液压,SH,工程机械,周期,通过,周期行业（本次保留）,淘汰,综合得分未进入前50,106.3,54.63,8.32,1425.2927145,-3.22,0.48,19.896,42.143128,0.928131,22.833636,71.03702363010001,0.04984031,0.0,19.9943585953,60,通过,43,普通行业：ROE、现金流、FCF、市值稳定性、毛利率和净利率,0,43,一致,20260804150025,待评,未完成护城河初评,待核验
,75,601101,昊华能源,SH,煤炭开采,周期,通过,周期行业（本次保留）,淘汰,行业分散上限：同一细分行业最多入选3家,11.16,12.56,1.34,160.70376854,0.54,1.96,8.513,50.354833,3.177781,10.004627,97.4459370866,0.60636996,0.0,47.5830298131,60,通过,50,普通行业：ROE、现金流、FCF、市值稳定性、毛利率和净利率,27,77,一致,20260804150027,待评,未完成护城河初评,待核验
,470,601108,财通证券,SH,证券Ⅱ,金融,金融特殊口径通过,金融行业（特殊口径）,淘汰,综合得分未进入前50,8.52,16.03,1.04,395.64911795,0.24,0.89,8.201,,0.482434,35.94656,63.6320113419,0.1608294,0.0,76.5537424306,,金融特殊口径,36.0,金融特殊口径：ROE 40分、股本稳定性20分,27,63.0,一致,20260804150026,待评,未完成护城河初评,待核验
,,601126,四方股份,SH,电网设备,保留,通过,普通行业,淘汰,2025年报资产负债率超过普通行业门槛（公用事业放宽至70%）,42.13,32.42,7.68,350.98734715,10.0,2.52,10.814,33.036021,1.596185,8.959075,44.6709003194,0.12727211,0.0,61.4629871516,60,不通过,45,普通行业：ROE、现金流、FCF、市值稳定性、毛利率和净利率,12,57,一致,20260804150021,待评,未完成护城河初评,待核验
,218,601128,常熟银行,SH,银行Ⅱ,金融,金融特殊口径通过,金融行业（特殊口径）,淘汰,综合得分未进入前50,6.29,4.76,0.73,229.47047445,-2.63,1.64,12.548,,3.625044,29.340944,621.02465,2.70633794,0.0,91.6985387189,,金融特殊口径,41.33,金融特殊口径：ROE 40分、股本稳定性20分,30,71.33,一致,20260804150023,待评,未完成护城河初评,待核验
1,1,601156,东航物流,SH,物流,保留,通过,普通行业,入选50家,综合得分靠前，且满足 PE/PB 可比、普通行业负债率门槛与行业分散上限,17.03,11.69,1.41,270.36071119,-0.76,0.81,33.781,23.221311,1.781076,11.256817,196.8406306073,0.7280667,0.0,30.6489873265,60,通过,57,普通行业：ROE、现金流、FCF、市值稳定性、毛利率和净利率,30,87,一致,20260804150023,4/5,航空货运网络、机场资源与客户认证形成规模/网络壁垒,初评达到★★★
,359,601163,三角轮胎,SH,汽车零部件,周期,通过,周期行业（本次保留）,淘汰,综合得分未进入前50,13.32,12.23,0.77,106.56,-1.26,0.44,8.848,17.692009,1.184376,9.627592,49.0579903695,0.46037904,0.0,28.3452009919,60,通过,40,普通行业：ROE、现金流、FCF、市值稳定性、毛利率和净利率,27,67,一致,20260804150024,待评,未完成护城河初评,待核验
,200,601166,兴业银行,SH,银行Ⅱ,金融,金融特殊口径通过,金融行业（特殊口径）,淘汰,综合得分未进入前50,18.56,4.12,0.48,3927.82672561,-2.83,0.51,13.101,,0.500443,37.04042,806.29,0.20527637,0.0,91.7646933693,,金融特殊口径,41.33,金融特殊口径：ROE 40分、股本稳定性20分,30,71.33,一致,20260804150025,待评,未完成护城河初评,待核验
,209,601169,北京银行,SH,银行Ⅱ,金融,金融特殊口径通过,金融行业（特殊口径）,淘汰,综合得分未进入前50,5.1,3.33,0.39,1078.29219787,-2.49,0.8,10.588,,5.746969,35.43635,6275.24,5.81960995,0.0,92.3324409161,,金融特殊口径,41.33,金融特殊口径：ROE 40分、股本稳定性20分,30,71.33,一致,20260804150022,待评,未完成护城河初评,待核验
,253,601199,江南水务,SH,环境治理,保留,通过,普通行业,淘汰,行业分散上限：同一细分行业最多入选3家,5.61,15.21,1.14,52.46529738,-0.36,1.39,9.102,41.647876,1.324922,24.488875,6.896600939500001,0.13145072,0.0,36.1254088236,60,通过,44,普通行业：ROE、现金流、FCF、市值稳定性、毛利率和净利率,27,71,一致,20260804150027,待评,未完成护城河初评,待核验
,468,601211,国泰海通,SH,证券Ⅱ,金融,金融特殊口径通过,金融行业（特殊口径）,淘汰,综合得分未进入前50,17.96,12.39,0.98,3166.14040341,-1.86,0.8,8.327,,2.618503,34.586015,1989.36812142,0.62832593,0.0,83.6259404854,,金融特殊口径,36.0,金融特殊口径：ROE 40分、股本稳定性20分,27,63.0,一致,20260804150025,待评,未完成护城河初评,待核验
,113,601216,君正集团,SH,化学原料,周期,通过,周期行业（本次保留）,淘汰,综合得分未进入前50,4.71,13.85,1.49,397.43061907,-0.84,0.58,15.041,24.713177,1.040731,22.176513,115.18387495639999,0.28982134,0.0,28.5940591741,60,通过,48,普通行业：ROE、现金流、FCF、市值稳定性、毛利率和净利率,27,75,一致,20260804150026,待评,未完成护城河初评,待核验
12,12,601225,陕西煤业,SH,煤炭开采,周期,通过,周期行业（本次保留）,入选50家,综合得分靠前，且满足 PE/PB 可比、普通行业负债率门槛与行业分散上限,23.92,13.77,2.49,2319.044,-1.08,0.49,21.23,36.181803,1.973154,15.009496,1658.4558144417,0.71514633,0.0,41.8428735173,60,通过,56,普通行业：ROE、现金流、FCF、市值稳定性、毛利率和净利率,25,81,一致,20260804150026,待评,未完成护城河初评,待核验
,195,601288,农业银行,SH,银行Ⅱ,金融,金融特殊口径通过,金融行业（特殊口径）,淘汰,综合得分未进入前50,6.61,7.69,0.83,23133.87853901,-4.06,0.19,12.154,,4.985219,36.21999,67243.26,2.90670066,0.0,93.3516599906,,金融特殊口径,41.33,金融特殊口径：ROE 40分、股本稳定性20分,30,71.33,一致,20260804150025,待评,未完成护城河初评,待核验
,102,601298,青岛港,SH,航运港口,周期,通过,周期行业（本次保留）,淘汰,行业分散上限：同一细分行业最多入选3家,8.94,10.56,1.27,580.30434,-1.43,0.2,13.237,34.179108,1.079243,27.597219,132.71102798,0.22869212,0.0,24.7260116084,70,通过,46,普通行业：ROE、现金流、FCF、市值稳定性、毛利率和净利率,30,76,一致,20260804150022,待评,未完成护城河初评,待核验
,471,601311,骆驼股份,SH,电池,保留,通过,普通行业,淘汰,综合得分未进入前50,8.0,14.73,0.96,93.85168944,-1.11,1.27,8.694,15.290193,0.929536,5.7935,17.6853774951,0.18843963,0.0,34.7092882093,60,通过,36,普通行业：ROE、现金流、FCF、市值稳定性、毛利率和净利率,27,63,一致,20260804150021,待评,未完成护城河初评,待核验
31,33,601318,中国平安,SH,保险Ⅱ,金融,金融特殊口径通过,金融行业（特殊口径）,入选50家,综合得分靠前，且满足 PE/PB 可比、普通行业负债率门槛与行业分散上限,53.93,9.76,0.99,9765.4513279,-2.92,0.86,16.71,,3.45933,11.000782,19245.01,1.97072407,0.0,89.8119152819,,金融特殊口径,49.33,金融特殊口径：ROE 40分、股本稳定性20分,30,79.33,一致,20260804150025,待评,未完成护城河初评,待核验
,201,601319,中国人保,SH,保险Ⅱ,金融,金融特殊口径通过,金融行业（特殊口径）,淘汰,综合得分未进入前50,7.15,8.97,1.01,3162.01532668,-2.59,0.3,12.21,,2.771928,4.316605,3980.95,1.25899137,0.0,79.2773821154,,金融特殊口径,41.33,金融特殊口径：ROE 40分、股本稳定性20分,30,71.33,一致,20260804150024,待评,未完成护城河初评,待核验
,197,601328,交通银行,SH,银行Ⅱ,金融,金融特殊口径通过,金融行业（特殊口径）,淘汰,综合得分未进入前50,7.04,5.94,0.54,6220.8104093,-2.9,0.68,10.477,,1.170819,34.674233,3582.97,0.57596515,0.0,91.7658216402,,金融特殊口径,41.33,金融特殊口径：ROE 40分、股本稳定性20分,30,71.33,一致,20260804150025,待评,未完成护城河初评,待核验
,,601330,绿色动力,SH,环境治理,保留,通过,普通行业,淘汰,2025年报资产负债率超过普通行业门槛（公用事业放宽至70%）,7.29,12.62,1.31,104.28963177,-1.35,1.22,10.379,39.849141,1.872717,21.970199,18.0625747536,0.17319627,0.0,60.4486087752,60,不通过,50,普通行业：ROE、现金流、FCF、市值稳定性、毛利率和净利率,27,77,一致,20260804150024,待评,未完成护城河初评,待核验
,67,601336,新华保险,SH,保险Ⅱ,金融,金融特殊口径通过,金融行业（特殊口径）,淘汰,综合得分未进入前50,62.29,7.47,1.66,1943.16557714,-0.92,0.75,15.625,,5.258858,10.910064,4514.04,2.32303415,0.0,94.1258783964,,金融特殊口径,49.33,金融特殊口径：ROE 40分、股本稳定性20分,28,77.33,一致,20260804150022,待评,未完成护城河初评,待核验
,436,601369,陕鼓动力,SH,专用设备,保留,通过,普通行业,淘汰,综合得分未进入前50,9.56,21.49,1.86,164.76416144,-0.62,0.72,8.984,20.913573,1.217018,8.183575,30.684229769,0.18623121,0.0,59.7944145401,60,通过,42,普通行业：ROE、现金流、FCF、市值稳定性、毛利率和净利率,22,64,一致,20260804150024,待评,未完成护城河初评,待核验
,193,601398,工商银行,SH,银行Ⅱ,金融,金融特殊口径通过,金融行业（特殊口径）,淘汰,综合得分未进入前50,7.66,7.85,0.7,27300.71929302,-3.77,0.21,12.197,,3.106222,40.114783,55283.72,2.02499133,0.0,92.0115895626,,金融特殊口径,41.33,金融特殊口径：ROE 40分、股本稳定性20分,30,71.33,一致,20260804150026,待评,未完成护城河初评,待核验
,241,601512,中新集团,SH,房地产开发,周期,通过,周期行业（本次保留）,淘汰,综合得分未进入前50,7.88,24.88,0.78,118.112532,-0.76,0.22,11.051,52.568245,1.067202,28.319672,18.842266563800003,0.15952809,0.0,44.5152088996,60,通过,47,普通行业：ROE、现金流、FCF、市值稳定性、毛利率和净利率,24,71,一致,20260804150020,待评,未完成护城河初评,待核验
22,22,601518,吉林高速,SH,铁路公路,周期,通过,周期行业（本次保留）,入选50家,综合得分靠前，且满足 PE/PB 可比、普通行业负债率门槛与行业分散上限,2.79,11.45,0.94,52.74643342,-2.45,0.98,8.174,51.23677,1.814685,28.17432,39.1477557786,0.74218773,0.0,8.1304310904,70,通过,51,普通行业：ROE、现金流、FCF、市值稳定性、毛利率和净利率,30,81,一致,20260804150012,待评,未完成护城河初评,待核验
,224,601528,瑞丰银行,SH,银行Ⅱ,金融,金融特殊口径通过,金融行业（特殊口径）,淘汰,综合得分未进入前50,5.05,5.87,0.5,99.08915045,-3.44,1.26,10.626667,,3.831971,39.200924,327.3557,3.30364827,0.0,91.7330594692,,金融特殊口径,41.33,金融特殊口径：ROE 40分、股本稳定性20分,30,71.33,一致,20260804150026,待评,未完成护城河初评,待核验
,512,601567,三星电气,SH,电网设备,保留,通过,普通行业,淘汰,综合得分未进入前50,16.17,33.95,1.98,227.22235998,-3.0,2.32,12.485,30.169584,0.955933,13.082235,36.9134266774,0.16245508,0.0,54.3342445657,60,通过,43,普通行业：ROE、现金流、FCF、市值稳定性、毛利率和净利率,18,61,一致,20260804150025,待评,未完成护城河初评,待核验
,,601568,北元化工,SH,化学原料,周期,通过,周期行业（本次保留）,淘汰,当前 PE/PB 缺失、为负或超出本轮可比估值上限,3.73,180.82,1.33,148.16388896,-0.8,0.36,15.94,16.415666,3.646928,11.377258,61.6495242318,0.41609008,0.0,20.0789949388,60,通过,51,普通行业：ROE、现金流、FCF、市值稳定性、毛利率和净利率,12,63,一致,20260804150013,待评,未完成护城河初评,待核验
,215,601577,长沙银行,SH,银行Ⅱ,金融,金融特殊口径通过,金融行业（特殊口径）,淘汰,综合得分未进入前50,9.44,4.13,0.52,379.63467438,-2.78,0.55,14.291,,3.341963,30.78786,1219.25955,3.2116654,0.0,93.5071968887,,金融特殊口径,41.33,金融特殊口径：ROE 40分、股本稳定性20分,30,71.33,一致,20260804150021,待评,未完成护城河初评,待核验
,203,601601,中国太保,SH,保险Ⅱ,金融,金融特殊口径通过,金融行业（特殊口径）,淘汰,综合得分未进入前50,31.78,7.61,0.99,3057.3445144,-3.64,0.92,13.95,,4.032669,7.638427,7199.26,2.35474281,0.0,89.3720584069,,金融特殊口径,41.33,金融特殊口径：ROE 40分、股本稳定性20分,30,71.33,一致,20260804150024,待评,未完成护城河初评,待核验
,361,601628,中国人寿,SH,保险Ⅱ,金融,金融特殊口径通过,金融行业（特殊口径）,淘汰,综合得分未进入前50,37.66,13.64,1.83,10644.487903,-2.21,0.22,14.08,,4.9715,10.505486,18349.51,1.7238509,0.0,91.9853421234,,金融特殊口径,41.33,金融特殊口径：ROE 40分、股本稳定性20分,25,66.33,一致,20260804150026,待评,未完成护城河初评,待核验
,,601633,长城汽车,SH,乘用车,保留,通过,普通行业,淘汰,2025年报资产负债率超过普通行业门槛（公用事业放宽至70%）,16.07,36.35,1.6,1374.53405903,-3.71,0.38,12.693,18.244895,3.110544,5.647294,640.1527887651,0.46572348,0.0,60.9867853283,60,不通过,46,普通行业：ROE、现金流、FCF、市值稳定性、毛利率和净利率,14,60,一致,20260804150025,待评,未完成护城河初评,待核验
,198,601658,邮储银行,SH,银行Ⅱ,金融,金融特殊口径通过,金融行业（特殊口径）,淘汰,综合得分未进入前50,5.02,5.86,0.59,6028.7716853,-2.33,0.31,11.687,,3.874331,23.069204,15838.16,2.62709567,0.0,93.7782848118,,金融特殊口径,41.33,金融特殊口径：ROE 40分、股本稳定性20分,30,71.33,一致,20260804150027,待评,未完成护城河初评,待核验
,214,601665,齐鲁银行,SH,银行Ⅱ,金融,金融特殊口径通过,金融行业（特殊口径）,淘汰,综合得分未进入前50,6.17,6.07,0.76,379.69208379,-2.83,0.85,12.865,,7.093549,34.70155,1468.43607,3.86743926,0.0,93.3285137014,,金融特殊口径,41.33,金融特殊口径：ROE 40分、股本稳定性20分,30,71.33,一致,20260804150025,待评,未完成护城河初评,待核验
,389,601688,华泰证券,SH,证券Ⅱ,金融,金融特殊口径通过,金融行业（特殊口径）,淘汰,综合得分未进入前50,19.6,9.21,0.99,1769.26530206,0.0,0.7,8.405,,0.787057,37.898723,375.410080215,0.21218416,0.0,80.7864970756,,金融特殊口径,36.0,金融特殊口径：ROE 40分、股本稳定性20分,30,66.0,一致,20260804150021,待评,未完成护城河初评,待核验
,59,601699,潞安环能,SH,煤炭开采,周期,通过,周期行业（本次保留）,淘汰,行业分散上限：同一细分行业最多入选3家,14.74,15.33,0.96,440.93371608,0.41,0.81,12.795,44.418686,2.241431,11.31447,438.5797123254,0.99466132,0.0,41.5632463294,60,通过,51,普通行业：ROE、现金流、FCF、市值稳定性、毛利率和净利率,27,78,一致,20260804150024,待评,未完成护城河初评,待核验
,281,601717,中创智领,SH,专用设备,保留,通过,普通行业,淘汰,综合得分未进入前50,15.99,8.0,1.25,285.48544881,-2.26,1.38,11.358,22.103938,0.980412,6.194191,80.1403146921,0.28071594,0.0,51.4834317653,60,通过,40,普通行业：ROE、现金流、FCF、市值稳定性、毛利率和净利率,30,70,一致,20260804150027,待评,未完成护城河初评,待核验
,547,601799,星宇股份,SH,汽车零部件,周期,通过,周期行业（本次保留）,淘汰,综合得分未进入前50,95.02,19.11,2.45,271.45258393,-2.4,1.15,14.734,20.83216,0.964336,11.777707,10.993415603599999,0.04049847,0.0,41.0797807339,60,通过,38,普通行业：ROE、现金流、FCF、市值稳定性、毛利率和净利率,22,60,一致,20260804150023,待评,未完成护城河初评,待核验
,106,601801,皖新传媒,SH,出版,保留,通过,普通行业,淘汰,综合得分未进入前50,5.59,8.18,0.93,109.44835615,-1.76,0.64,8.567,21.493104,1.596216,8.848859,49.4040236961,0.45139119,0.0,37.6432764605,60,通过,46,普通行业：ROE、现金流、FCF、市值稳定性、毛利率和净利率,30,76,一致,20260804150025,待评,未完成护城河初评,待核验
,93,601811,新华文轩,SH,出版,保留,通过,普通行业,淘汰,综合得分未进入前50,12.38,14.85,1.02,152.7495158,-2.21,0.32,11.481,36.713092,1.323258,12.55175,87.04567307379999,0.56985891,0.0,33.2427727834,60,通过,49,普通行业：ROE、现金流、FCF、市值稳定性、毛利率和净利率,27,76,一致,20260804150008,待评,未完成护城河初评,待核验
,210,601825,沪农商行,SH,银行Ⅱ,金融,金融特殊口径通过,金融行业（特殊口径）,淘汰,综合得分未进入前50,8.57,5.76,0.64,826.52888894,-2.17,0.28,11.87,,3.548739,41.29077,1981.11383,2.39690815,0.0,91.6682556604,,金融特殊口径,41.33,金融特殊口径：ROE 40分、股本稳定性20分,30,71.33,一致,20260804150026,待评,未完成护城河初评,待核验
44,47,601827,三峰环境,SH,环境治理,保留,通过,普通行业,入选50家,综合得分靠前，且满足 PE/PB 可比、普通行业负债率门槛与行业分散上限,8.41,8.18,1.17,140.60959053,-0.47,0.59,12.296,33.020055,1.781918,17.088213,33.6038573331,0.23898695,0.0,48.9248112236,60,通过,49,普通行业：ROE、现金流、FCF、市值稳定性、毛利率和净利率,30,79,一致,20260804150023,3/5,垃圾焚烧项目特许经营、运营和规模,初评达到★★★
,,601858,中国科传,SH,出版,保留,通过,普通行业,淘汰,当前 PE/PB 缺失、为负或超出本轮可比估值上限,23.94,126.14,3.46,189.2457,10.02,2.79,11.028,27.591838,0.957888,17.439257,20.9980068341,0.11095632,0.0,25.0043619293,60,通过,40,普通行业：ROE、现金流、FCF、市值稳定性、毛利率和净利率,7,47,一致,20260804150027,待评,未完成护城河初评,待核验
,225,601860,紫金银行,SH,银行Ⅱ,金融,金融特殊口径通过,金融行业（特殊口径）,淘汰,综合得分未进入前50,2.63,5.62,0.48,96.28704249,-2.95,1.79,10.215,,1.857913,32.595873,106.43356,1.10537781,0.0,93.0079992028,,金融特殊口径,41.33,金融特殊口径：ROE 40分、股本稳定性20分,30,71.33,一致,20260804150008,待评,未完成护城河初评,待核验
,,601869,长飞光纤,SH,通信设备,保留,通过,普通行业,淘汰,当前 PE/PB 缺失、为负或超出本轮可比估值上限,284.0,118.72,16.52,2351.25050672,8.27,3.48,12.757,25.12393,2.080924,8.794619,6.99403347,0.0029746,0.0,51.123220113,60,通过,39,普通行业：ROE、现金流、FCF、市值稳定性、毛利率和净利率,0,39,一致,20260804150026,待评,未完成护城河初评,待核验
,319,601872,招商轮船,SH,航运港口,周期,通过,周期行业（本次保留）,淘汰,行业分散上限：同一细分行业最多入选3家,16.78,12.26,3.15,1354.90756064,-1.47,1.42,10.627,24.293906,1.637529,16.427276,149.90701851309998,0.11064003,0.0,46.6761838005,70,通过,46,普通行业：ROE、现金流、FCF、市值稳定性、毛利率和净利率,22,68,一致,20260804150027,待评,未完成护城河初评,待核验
,,601877,正泰电器,SH,电网设备,保留,通过,普通行业,淘汰,2025年报资产负债率超过普通行业门槛（公用事业放宽至70%）,25.88,10.97,1.26,556.15317099,0.0,0.98,14.579,23.748658,2.711933,10.525667,226.7598551247,0.40772914,0.0,66.1320072341,60,不通过,50,普通行业：ROE、现金流、FCF、市值稳定性、毛利率和净利率,30,80,一致,20260804150027,4/5,低压电器品牌、渠道和制造规模,初评达到★★★
,469,601878,浙商证券,SH,证券Ⅱ,金融,金融特殊口径通过,金融行业（特殊口径）,淘汰,综合得分未进入前50,9.58,14.58,1.18,438.16971802,-0.31,0.45,8.151,,1.272722,19.255987,96.2719240491,0.21971378,0.0,78.9473412591,,金融特殊口径,36.0,金融特殊口径：ROE 40分、股本稳定性20分,27,63.0,一致,20260804150020,待评,未完成护城河初评,待核验
,391,601881,中国银河,SH,证券Ⅱ,金融,金融特殊口径通过,金融行业（特殊口径）,淘汰,综合得分未进入前50,12.61,10.38,1.16,1378.82812448,0.32,0.44,8.335,,1.856207,32.80815,992.931603537,0.72012718,0.0,82.7289169808,,金融特殊口径,36.0,金融特殊口径：ROE 40分、股本稳定性20分,30,66.0,一致,20260804150027,待评,未完成护城河初评,待核验
,485,601882,海天精工,SH,通用设备,保留,通过,普通行业,淘汰,综合得分未进入前50,19.43,22.77,3.49,101.4246,-0.46,0.72,15.911,26.846171,0.877886,11.400218,11.6772806004,0.11513263,0.0,44.9078819386,60,通过,43,普通行业：ROE、现金流、FCF、市值稳定性、毛利率和净利率,19,62,一致,20260804150026,待评,未完成护城河初评,待核验
,320,601888,中国中免,SH,旅游零售Ⅱ,保留,通过,普通行业,淘汰,综合得分未进入前50,56.82,19.0,2.06,1180.60405312,-1.98,1.91,18.844,31.733062,1.197382,9.24898,246.9401522645,0.20916424,0.0,18.4806820019,60,通过,46,普通行业：ROE、现金流、FCF、市值稳定性、毛利率和净利率,22,68,一致,20260804150027,待评,未完成护城河初评,待核验
,101,601898,中煤能源,SH,煤炭开采,周期,通过,周期行业（本次保留）,淘汰,行业分散上限：同一细分行业最多入选3家,13.53,11.67,1.09,1793.89715802,0.3,0.38,8.676,24.060612,2.305234,6.430666,1210.03629,0.67452935,0.0,45.8167364605,60,通过,46,普通行业：ROE、现金流、FCF、市值稳定性、毛利率和净利率,30,76,一致,20260804150025,待评,未完成护城河初评,待核验
,272,601899,紫金矿业,SH,工业金属,周期,通过,周期行业（本次保留）,淘汰,综合得分未进入前50,32.12,10.63,4.51,8540.93753659,-1.32,1.0,18.265,19.016966,1.564208,6.381082,847.49004879,0.09922682,0.0,51.5585878245,60,通过,45,普通行业：ROE、现金流、FCF、市值稳定性、毛利率和净利率,25,70,一致,20260804150025,待评,未完成护城河初评,待核验
20,20,601900,南方传媒,SH,出版,保留,通过,普通行业,入选50家,综合得分靠前，且满足 PE/PB 可比、普通行业负债率门槛与行业分散上限,11.83,8.69,1.21,104.33706212,-1.74,0.85,13.031,32.969629,1.697973,11.075819,57.0906545355,0.54717522,0.0,46.0118427296,60,通过,51,普通行业：ROE、现金流、FCF、市值稳定性、毛利率和净利率,30,81,一致,20260804150012,3/5,出版发行资质、内容版权和区域渠道,初评达到★★★
,211,601916,浙商银行,SH,银行Ⅱ,金融,金融特殊口径通过,金融行业（特殊口径）,淘汰,综合得分未进入前50,2.99,3.43,0.46,821.19261529,-2.29,0.85,11.178,,2.676989,25.775492,1541.63,1.87730621,0.0,94.0439666633,,金融特殊口径,41.33,金融特殊口径：ROE 40分、股本稳定性20分,30,71.33,一致,20260804150025,待评,未完成护城河初评,待核验
3,3,601919,中远海控,SH,航运港口,周期,通过,周期行业（本次保留）,入选50家,综合得分靠前，且满足 PE/PB 可比、普通行业负债率门槛与行业分散上限,15.36,9.98,1.02,2345.18368742,-2.29,0.64,22.981,30.50165,1.508304,10.380041,4188.7118107113,1.78609114,0.0,41.4157469326,70,通过,56,普通行业：ROE、现金流、FCF、市值稳定性、毛利率和净利率,30,86,一致,20260804150026,待评,未完成护城河初评,待核验
,142,601928,凤凰传媒,SH,出版,保留,通过,普通行业,淘汰,综合得分未进入前50,9.76,14.68,1.22,248.38224,-1.51,0.45,11.4,38.389266,1.089016,13.955934,92.63794902209999,0.37296527,0.0,33.9251749277,60,通过,47,普通行业：ROE、现金流、FCF、市值稳定性、毛利率和净利率,27,74,一致,20260804150025,待评,未完成护城河初评,待核验
,194,601939,建设银行,SH,银行Ⅱ,金融,金融特殊口径通过,金融行业（特殊口径）,淘汰,综合得分未进入前50,10.1,7.65,0.76,26421.63852736,-3.35,2.32,12.672,,2.719308,40.033917,43744.37,1.65562669,0.0,91.9221342441,,金融特殊口径,41.33,金融特殊口径：ROE 40分、股本稳定性20分,30,71.33,一致,20260804150026,待评,未完成护城河初评,待核验
,,601949,中国出版,SH,出版,保留,通过,普通行业,淘汰,当前 PE/PB 缺失、为负或超出本轮可比估值上限,5.58,-26.46,1.09,106.24141741,0.0,0.8,10.038,32.339246,1.24187,12.095573,24.091388671,0.2267608,0.0,31.8219764016,60,通过,47,普通行业：ROE、现金流、FCF、市值稳定性、毛利率和净利率,12,59,一致,20260804150023,待评,未完成护城河初评,待核验
,433,601958,金钼股份,SH,小金属,周期,通过,周期行业（本次保留）,淘汰,综合得分未进入前50,21.95,20.35,3.43,708.2396658,3.54,1.52,8.22,37.301893,1.340152,10.641156,112.74048279549999,0.15918408,0.0,11.501886929,60,通过,45,普通行业：ROE、现金流、FCF、市值稳定性、毛利率和净利率,19,64,一致,20260804150026,待评,未完成护城河初评,待核验
,213,601963,重庆银行,SH,银行Ⅱ,金融,金融特殊口径通过,金融行业（特殊口径）,淘汰,综合得分未进入前50,11.14,5.74,0.6,403.91153463,-2.88,0.67,11.852,,1.554589,35.75823,404.41175,1.00123843,0.0,93.6154394524,,金融特殊口径,41.33,金融特殊口径：ROE 40分、股本稳定性20分,30,71.33,一致,20260804150022,待评,未完成护城河初评,待核验
,385,601965,中国汽研,SH,专业服务,保留,通过,普通行业,淘汰,综合得分未进入前50,14.45,16.88,1.8,144.88269192,-3.02,1.06,11.558,42.097425,0.993456,18.379771,11.7222621088,0.08090864,-0.000405,31.3357142516,60,通过,41,普通行业：ROE、现金流、FCF、市值稳定性、毛利率和净利率,25,66,一致,20260804150018,待评,未完成护城河初评,待核验
6,6,601975,招商南油,SH,航运港口,周期,通过,周期行业（本次保留）,入选50家,综合得分靠前，且满足 PE/PB 可比、普通行业负债率门槛与行业分散上限,3.7,10.02,1.46,173.17275309,-1.33,3.15,16.86,28.470929,1.740733,19.546579,54.3044367505,0.31358534,0.0,11.5442809225,70,通过,53,普通行业：ROE、现金流、FCF、市值稳定性、毛利率和净利率,30,83,一致,20260804150027,待评,未完成护城河初评,待核验
,196,601988,中国银行,SH,银行Ⅱ,金融,金融特殊口径通过,金融行业（特殊口径）,淘汰,综合得分未进入前50,5.82,8.28,0.7,18752.76236757,-3.48,0.19,10.955,,2.595193,36.000931,28352.77,1.51192499,0.0,91.6363792595,,金融特殊口径,41.33,金融特殊口径：ROE 40分、股本稳定性20分,30,71.33,一致,20260804150027,待评,未完成护城河初评,待核验
,440,601995,中金公司,SH,证券Ⅱ,金融,金融特殊口径通过,金融行业（特殊口径）,淘汰,综合得分未进入前50,35.18,11.87,1.65,1698.22896616,-0.2,0.77,9.518889,,4.486386,28.668418,1784.46346269,1.05077908,0.0,84.1103329475,,金融特殊口径,36.0,金融特殊口径：ROE 40分、股本稳定性20分,28,64.0,一致,20260804150027,待评,未完成护城河初评,待核验
,199,601998,中信银行,SH,银行Ⅱ,金融,金融特殊口径通过,金融行业（特殊口径）,淘汰,综合得分未进入前50,7.74,5.36,0.59,4306.93555923,-2.03,0.14,10.833,,1.081355,28.643369,2993.97,0.69515087,0.0,91.633326845,,金融特殊口径,41.33,金融特殊口径：ROE 40分、股本稳定性20分,30,71.33,一致,20260804150027,待评,未完成护城河初评,待核验
,430,603006,联明股份,SH,汽车零部件,周期,通过,周期行业（本次保留）,淘汰,综合得分未进入前50,10.64,30.65,2.12,27.0526522,-0.09,0.99,9.718,24.181993,1.712017,10.571494,6.8333798944,0.25259556,0.0,25.7071422132,60,通过,46,普通行业：ROE、现金流、FCF、市值稳定性、毛利率和净利率,18,64,一致,20260804150017,待评,未完成护城河初评,待核验
,644,603012,创力集团,SH,专用设备,保留,通过,普通行业,淘汰,综合得分未进入前50,8.5,59.05,1.45,54.9525,6.25,4.48,8.628,42.718986,1.156665,11.617353,8.30459199,0.1511231,0.0,51.5620229906,60,通过,43,普通行业：ROE、现金流、FCF、市值稳定性、毛利率和净利率,12,55,一致,20260804150027,待评,未完成护城河初评,待核验
,247,603013,亚普股份,SH,汽车零部件,周期,通过,周期行业（本次保留）,淘汰,综合得分未进入前50,17.14,13.45,1.96,87.10883327,-2.28,0.62,14.089,15.366407,1.559539,5.416509,27.9911691386,0.3213356,0.0,32.6505049017,60,通过,46,普通行业：ROE、现金流、FCF、市值稳定性、毛利率和净利率,25,71,一致,20260804150010,待评,未完成护城河初评,待核验
,185,603018,华设集团,SH,工程咨询服务Ⅱ,保留,通过,普通行业,淘汰,综合得分未进入前50,5.41,16.27,0.83,44.31589203,-0.73,0.86,14.402,35.64719,0.845713,10.326977,17.3685496411,0.39192599,0.0,57.2122996951,60,通过,45,普通行业：ROE、现金流、FCF、市值稳定性、毛利率和净利率,27,72,一致,20260804150027,待评,未完成护城河初评,待核验
,466,603027,千禾味业,SH,调味发酵品Ⅱ,保留,通过,普通行业,淘汰,综合得分未进入前50,7.76,17.43,3.15,103.26531629,-2.39,1.11,14.322,37.820196,1.174392,14.989059,6.6641211708000005,0.06453397,0.0,21.60699601,60,通过,41,普通行业：ROE、现金流、FCF、市值稳定性、毛利率和净利率,22,63,一致,20260804150019,待评,未完成护城河初评,待核验
,642,603032,德新科技,SH,电池,保留,通过,普通行业,淘汰,综合得分未进入前50,17.65,40.99,3.55,41.1646361,2.5,3.18,10.905,47.383779,1.143662,21.537562,5.8951354314,0.14320873,0.0,23.2969551716,60,通过,44,普通行业：ROE、现金流、FCF、市值稳定性、毛利率和净利率,11,55,一致,20260804150015,待评,未完成护城河初评,待核验
,677,603037,凯众股份,SH,汽车零部件,周期,通过,周期行业（本次保留）,淘汰,综合得分未进入前50,10.05,70.31,2.85,26.7870688,-0.2,1.2,11.946,33.022153,1.419821,16.975168,1.7987679943000001,0.06715061,0.0,38.8515566788,60,通过,43,普通行业：ROE、现金流、FCF、市值稳定性、毛利率和净利率,10,53,一致,20260804150022,待评,未完成护城河初评,待核验
,653,603039,泛微网络,SH,软件开发,保留,通过,普通行业,淘汰,综合得分未进入前50,41.48,51.35,4.85,127.60871776,4.51,18.65,15.884,93.924418,1.20376,11.792135,9.166265215900001,0.07183103,0.0,42.4197999913,60,通过,47,普通行业：ROE、现金流、FCF、市值稳定性、毛利率和净利率,7,54,一致,20260804150026,待评,未完成护城河初评,待核验
,614,603040,新坐标,SH,汽车零部件,周期,通过,周期行业（本次保留）,淘汰,综合得分未进入前50,53.31,39.77,7.24,105.21126832,2.46,0.65,17.59,54.896811,1.178255,34.437699,8.4209129799,0.08003813,0.0,12.7515832029,60,通过,48,普通行业：ROE、现金流、FCF、市值稳定性、毛利率和净利率,8,56,一致,20260804150027,待评,未完成护城河初评,待核验
,365,603043,广州酒家,SH,休闲食品,保留,通过,普通行业,淘汰,综合得分未进入前50,13.97,37.56,2.1,79.24725159,-1.9,0.57,19.173,34.482547,1.623792,12.823851,20.9638814369,0.26453765,0.0,39.7538694166,60,通过,52,普通行业：ROE、现金流、FCF、市值稳定性、毛利率和净利率,14,66,一致,20260804150021,待评,未完成护城河初评,待核验
,87,603053,成都燃气,SH,燃气Ⅱ,保留,通过,普通行业,淘汰,综合得分未进入前50,9.02,12.01,1.68,80.177878,-0.44,0.26,15.07,18.518753,1.594358,10.300623,30.6698755504,0.38252291,0.0,37.6948132907,70,通过,51,普通行业：ROE、现金流、FCF、市值稳定性、毛利率和净利率,25,76,一致,20260804150018,待评,未完成护城河初评,待核验
,630,603059,倍加洁,SH,个护用品,保留,通过,普通行业,淘汰,综合得分未进入前50,23.87,30.63,2.2,24.01744499,0.04,1.16,11.953,23.474387,0.808405,8.580424,3.3056030505000003,0.13763342,0.0,49.3952045043,60,通过,38,普通行业：ROE、现金流、FCF、市值稳定性、毛利率和净利率,18,56,一致,20260804150007,待评,未完成护城河初评,待核验
,,603060,国检集团,SH,专业服务,保留,通过,普通行业,淘汰,当前 PE/PB 缺失、为负或超出本轮可比估值上限,5.51,-41.67,2.25,44.29841943,0.0,0.83,15.582,43.17054,1.617357,13.544849,0.7129241045999999,0.01609367,0.0,49.9637637402,60,通过,45,普通行业：ROE、现金流、FCF、市值稳定性、毛利率和净利率,10,55,一致,20260804150027,待评,未完成护城河初评,待核验
,774,603063,禾望电气,SH,风电设备,保留,通过,普通行业,淘汰,综合得分未进入前50,29.9,67.87,2.68,138.77882697,5.99,5.26,10.152,35.155641,0.753817,13.934446,1.8203874518,0.01311718,0.0,43.3101812052,60,通过,34,普通行业：ROE、现金流、FCF、市值稳定性、毛利率和净利率,10,44,一致,20260804150020,待评,未完成护城河初评,待核验
,334,603066,音飞储存,SH,物流,保留,通过,普通行业,淘汰,综合得分未进入前50,9.0,5.31,1.75,26.47620666,-0.22,1.72,8.788,22.24211,1.353181,10.567093,0.9340436059999999,0.0352786,0.0,50.1724988903,60,通过,40,普通行业：ROE、现金流、FCF、市值稳定性、毛利率和净利率,28,68,一致,20260804150020,待评,未完成护城河初评,待核验
,791,603067,振华股份,SH,化学原料,周期,通过,周期行业（本次保留）,淘汰,综合得分未进入前50,32.94,51.16,6.02,248.87006808,5.92,3.89,13.566,25.74266,0.95289,10.763898,3.8067343421,0.01529607,0.0,38.8473374334,60,通过,35,普通行业：ROE、现金流、FCF、市值稳定性、毛利率和净利率,4,39,一致,20260804150027,待评,未完成护城河初评,待核验
,112,603080,新疆火炬,SH,燃气Ⅱ,保留,通过,普通行业,淘汰,综合得分未进入前50,18.51,14.52,1.69,26.19165,-0.54,1.03,12.127,27.246471,1.975873,17.008592,8.9688477877,0.34243157,0.0,26.9902990228,70,通过,50,普通行业：ROE、现金流、FCF、市值稳定性、毛利率和净利率,25,75,一致,20260804150020,待评,未完成护城河初评,待核验
,,603088,宁波精达,SH,通用设备,保留,通过,普通行业,淘汰,当前 PE/PB 缺失、为负或超出本轮可比估值上限,9.27,145.11,4.38,46.57136445,0.54,0.99,14.213,39.75309,1.300753,15.785184,6.9807383654,0.14989336,0.0,40.8231530806,60,通过,45,普通行业：ROE、现金流、FCF、市值稳定性、毛利率和净利率,7,52,一致,20260804150018,待评,未完成护城河初评,待核验
,522,603093,南华期货,SH,多元金融,金融,金融特殊口径通过,金融行业（特殊口径）,淘汰,综合得分未进入前50,17.81,16.66,2.39,136.455134,-0.34,1.31,8.351,,15.018968,11.424054,286.5246490898,2.09977185,0.0,91.4379073177,,金融特殊口径,36.0,金融特殊口径：ROE 40分、股本稳定性20分,25,61.0,一致,20260804150013,待评,未完成护城河初评,待核验
,519,603096,新经典,SH,出版,保留,通过,普通行业,淘汰,综合得分未进入前50,14.79,27.63,1.27,22.81130089,0.61,1.49,11.626,48.343344,0.750863,19.341694,4.1828593594,0.18336786,0.0,4.7119041211,60,通过,41,普通行业：ROE、现金流、FCF、市值稳定性、毛利率和净利率,20,61,一致,20260804150014,待评,未完成护城河初评,待核验
,329,603100,川仪股份,SH,通用设备,保留,通过,普通行业,淘汰,综合得分未进入前50,18.68,16.96,1.98,95.86074928,-1.32,0.88,14.735,34.236837,1.064979,8.341456,27.6770645577,0.28872155,0.0,48.7960216421,60,通过,43,普通行业：ROE、现金流、FCF、市值稳定性、毛利率和净利率,25,68,一致,20260804150016,待评,未完成护城河初评,待核验
,177,603102,百合股份,SH,食品加工,保留,通过,普通行业,淘汰,综合得分未进入前50,34.13,18.9,1.3,21.8432,0.23,1.02,16.219,37.441527,1.152635,17.571693,4.0638699487,0.18604737,0.0,13.7806922023,60,通过,48,普通行业：ROE、现金流、FCF、市值稳定性、毛利率和净利率,24,72,一致,20260804150025,待评,未完成护城河初评,待核验
,,603105,芯能科技,SH,电力,保留,通过,普通行业,淘汰,当前 PE/PB 缺失、为负或超出本轮可比估值上限,7.31,399.26,1.78,36.55083151,-1.22,1.81,8.496,56.383743,2.41497,20.780568,1.2429692965999999,0.03400659,0.0,49.6696335008,70,通过,45,普通行业：ROE、现金流、FCF、市值稳定性、毛利率和净利率,10,55,一致,20260804150025,待评,未完成护城河初评,待核验
,759,603109,神驰机电,SH,通用设备,保留,通过,普通行业,淘汰,综合得分未进入前50,17.0,38.23,1.85,35.5042212,-0.87,0.79,14.103,24.478888,0.979535,7.759537,0.3930873246,0.01107157,0.0,45.498915964,60,通过,33,普通行业：ROE、现金流、FCF、市值稳定性、毛利率和净利率,14,47,一致,20260804150025,待评,未完成护城河初评,待核验
,723,603120,肯特催化,SH,化学制品,周期,通过,周期行业（本次保留）,淘汰,综合得分未进入前50,44.79,52.28,3.4,40.49016,0.7,8.7,19.409,27.196947,1.16415,12.317181,1.4118713371,0.03486949,0.0,14.3301024261,60,通过,43,普通行业：ROE、现金流、FCF、市值稳定性、毛利率和净利率,7,50,一致,20260804150027,待评,未完成护城河初评,待核验
,507,603127,昭衍新药,SH,医疗服务,保留,通过,普通行业,淘汰,综合得分未进入前50,44.35,34.86,3.92,332.33593557,8.04,9.81,14.971,37.677388,1.954196,25.420797,19.4529163728,0.05853389,0.0,14.0112607258,60,通过,46,普通行业：ROE、现金流、FCF、市值稳定性、毛利率和净利率,15,61,一致,20260804150027,待评,未完成护城河初评,待核验
,442,603129,春风动力,SH,摩托车及其他,保留,通过,普通行业,淘汰,综合得分未进入前50,300.5,27.28,6.27,461.21570282,-1.93,1.08,21.195,27.326057,1.764623,6.80199,77.0096048589,0.16697091,0.0,59.8486838545,60,通过,51,普通行业：ROE、现金流、FCF、市值稳定性、毛利率和净利率,12,63,一致,20260804150023,待评,未完成护城河初评,待核验
,556,603136,天目湖,SH,旅游及景区,保留,通过,普通行业,淘汰,综合得分未进入前50,8.93,57.67,1.82,24.1223152,-1.54,1.27,10.983,48.670757,2.846421,17.453365,4.7801380198,0.19816249,0.0,11.920393764,60,通过,49,普通行业：ROE、现金流、FCF、市值稳定性、毛利率和净利率,10,59,一致,20260804150007,待评,未完成护城河初评,待核验
,534,603155,新亚强,SH,化学制品,周期,通过,周期行业（本次保留）,淘汰,综合得分未进入前50,12.63,40.03,2.71,57.83161562,4.81,2.39,19.641,27.86309,1.016321,25.517382,4.6690394828,0.08073507,0.0,9.161250236,60,通过,46,普通行业：ROE、现金流、FCF、市值稳定性、毛利率和净利率,14,60,一致,20260804150018,待评,未完成护城河初评,待核验
,313,603156,养元饮品,SH,饮料乳品,保留,通过,普通行业,淘汰,综合得分未进入前50,44.8,17.48,6.53,564.60434957,5.16,1.35,22.141,45.768485,1.151289,29.855214,83.76797532100001,0.1483658,0.0,31.6467154131,60,通过,49,普通行业：ROE、现金流、FCF、市值稳定性、毛利率和净利率,19,68,一致,20260804150019,待评,未完成护城河初评,待核验
,520,603158,腾龙股份,SH,汽车零部件,周期,通过,周期行业（本次保留）,淘汰,综合得分未进入前50,9.95,22.99,2.18,48.83162973,6.65,5.97,10.242,21.647615,2.571551,8.405309,0.1151863434,0.00235885,0.0,52.9707288024,60,通过,39,普通行业：ROE、现金流、FCF、市值稳定性、毛利率和净利率,22,61,一致,20260804150027,待评,未完成护城河初评,待核验
,579,603160,汇顶科技,SH,半导体,保留,通过,普通行业,淘汰,综合得分未进入前50,52.69,52.38,2.66,245.52631361,0.63,1.01,18.23,43.767863,3.096196,16.065744,14.185042966300001,0.05777402,0.0,15.2389969021,60,通过,48,普通行业：ROE、现金流、FCF、市值稳定性、毛利率和净利率,10,58,一致,20260804150017,待评,未完成护城河初评,待核验
,,603171,税友股份,SH,IT服务Ⅱ,保留,通过,普通行业,淘汰,当前 PE/PB 缺失、为负或超出本轮可比估值上限,48.27,156.78,7.86,196.1427315,4.75,4.46,16.124,57.199082,1.698659,12.647964,1.6807918902,0.00856923,0.0,39.1574529231,60,通过,46,普通行业：ROE、现金流、FCF、市值稳定性、毛利率和净利率,4,50,一致,20260804150027,待评,未完成护城河初评,待核验
,117,603187,海容冷链,SH,通用设备,保留,通过,普通行业,淘汰,综合得分未进入前50,12.08,11.17,1.11,46.67682295,-2.03,2.4,15.457,25.714879,1.027299,12.266687,4.6942674943,0.10056956,0.0,29.2414377376,60,通过,45,普通行业：ROE、现金流、FCF、市值稳定性、毛利率和净利率,30,75,一致,20260804150023,待评,未完成护城河初评,待核验
,170,603195,公牛集团,SH,家居用品,保留,通过,普通行业,淘汰,综合得分未进入前50,41.85,17.83,5.25,754.74215477,-0.85,0.27,41.921,40.907974,1.065792,22.897687,157.8550167695,0.20915092,0.0,25.4815158794,60,通过,53,普通行业：ROE、现金流、FCF、市值稳定性、毛利率和净利率,19,72,一致,20260804150016,待评,未完成护城河初评,待核验
,64,603198,迎驾贡酒,SH,白酒Ⅱ,保留,通过,普通行业,淘汰,行业分散上限：同一细分行业最多入选3家,37.1,8.89,2.89,296.8,-1.22,0.67,22.026,70.607678,0.899243,28.134482,57.812672507399995,0.19478663,0.0,22.8445344685,60,通过,50,普通行业：ROE、现金流、FCF、市值稳定性、毛利率和净利率,28,78,一致,20260804150006,待评,未完成护城河初评,待核验
,734,603203,快克智能,SH,自动化设备,保留,通过,普通行业,淘汰,综合得分未进入前50,39.05,41.8,9.38,128.8695505,10.0,3.03,19.415,49.419231,1.08514,30.356062,8.1134869386,0.06295891,0.0,35.3107329249,60,通过,45,普通行业：ROE、现金流、FCF、市值稳定性、毛利率和净利率,4,49,一致,20260804150025,待评,未完成护城河初评,待核验
,533,603227,雪峰科技,SH,化学制品,周期,通过,周期行业（本次保留）,淘汰,综合得分未进入前50,7.75,45.45,1.64,83.0561834,-2.02,0.6,11.129,25.970215,1.475829,6.074442,35.4658654057,0.42701054,0.0,28.7108793403,60,通过,46,普通行业：ROE、现金流、FCF、市值稳定性、毛利率和净利率,14,60,一致,20260804150023,待评,未完成护城河初评,待核验
,,603233,大参林,SH,医药商业,保留,通过,普通行业,淘汰,2025年报资产负债率超过普通行业门槛（公用事业放宽至70%）,18.59,10.35,2.97,211.71305527,0.49,0.6,20.466,36.098721,3.208034,5.514308,108.5486407097,0.51271586,0.0,67.2993936805,60,不通过,54,普通行业：ROE、现金流、FCF、市值稳定性、毛利率和净利率,28,82,一致,20260804150024,4/5,连锁药房规模、选址网络和经营资质,初评达到★★★
,306,603238,诺邦股份,SH,个护用品,保留,通过,普通行业,淘汰,综合得分未进入前50,11.83,16.91,1.46,20.9993147,-0.59,2.01,9.966,16.609338,3.251418,6.771891,3.4182475742,0.16277901,0.0,48.9368335182,60,通过,42,普通行业：ROE、现金流、FCF、市值稳定性、毛利率和净利率,27,69,一致,20260804150013,待评,未完成护城河初评,待核验
,,603258,电魂网络,SH,游戏Ⅱ,保留,通过,普通行业,淘汰,当前 PE/PB 缺失、为负或超出本轮可比估值上限,13.46,-36.21,1.68,32.67613535,-0.74,2.32,10.319,74.87338,1.865824,20.27197,5.2476291393,0.16059516,0.0,13.4511751294,60,通过,51,普通行业：ROE、现金流、FCF、市值稳定性、毛利率和净利率,10,61,一致,20260804150022,待评,未完成护城河初评,待核验
,510,603259,药明康德,SH,医疗服务,保留,通过,普通行业,淘汰,综合得分未进入前50,141.35,19.03,5.06,4217.54073859,10.0,3.02,19.67,40.775455,1.141894,22.224463,262.4193011477,0.06222093,0.0,22.1809931508,60,通过,45,普通行业：ROE、现金流、FCF、市值稳定性、毛利率和净利率,16,61,一致,20260804150027,待评,未完成护城河初评,待核验
,482,603266,天龙股份,SH,汽车零部件,周期,通过,周期行业（本次保留）,淘汰,综合得分未进入前50,15.51,25.87,1.93,30.84733493,0.19,0.79,9.718,22.094788,1.681678,8.568629,5.7939137849,0.18782542,0.0,27.599423546,60,通过,44,普通行业：ROE、现金流、FCF、市值稳定性、毛利率和净利率,18,62,一致,20260804150019,待评,未完成护城河初评,待核验
,340,603267,鸿远电子,SH,军工电子Ⅱ,保留,通过,普通行业,淘汰,综合得分未进入前50,50.75,30.44,2.63,117.27355269,2.44,4.79,16.182,44.168363,1.28116,22.035525,12.4058154918,0.10578528,0.0,17.4976303657,60,通过,49,普通行业：ROE、现金流、FCF、市值稳定性、毛利率和净利率,18,67,一致,20260804150025,待评,未完成护城河初评,待核验
,423,603277,银都股份,SH,通用设备,保留,通过,普通行业,淘汰,综合得分未进入前50,10.83,40.14,2.52,66.46363473,-1.01,0.26,20.928,40.694502,1.036463,17.919527,16.9191779923,0.25456294,0.0,32.9064651505,60,通过,50,普通行业：ROE、现金流、FCF、市值稳定性、毛利率和净利率,14,64,一致,20260804150019,待评,未完成护城河初评,待核验
,138,603279,景津装备,SH,通用设备,保留,通过,普通行业,淘汰,综合得分未进入前50,13.06,15.24,1.68,75.2743138,-2.9,1.52,16.813,28.739182,1.143787,12.34781,30.548110824000002,0.40582384,0.0,47.8251365312,60,通过,49,普通行业：ROE、现金流、FCF、市值稳定性、毛利率和净利率,25,74,一致,20260804150027,待评,未完成护城河初评,待核验
,639,603283,赛腾股份,SH,自动化设备,保留,通过,普通行业,淘汰,综合得分未进入前50,39.24,37.98,4.05,138.33129775,7.18,6.0,19.845,42.784456,1.104469,11.975131,7.7832015317,0.05626494,0.0,42.8070977875,60,通过,44,普通行业：ROE、现金流、FCF、市值稳定性、毛利率和净利率,11,55,一致,20260804150026,待评,未完成护城河初评,待核验
,337,603288,海天味业,SH,调味发酵品Ⅱ,保留,通过,普通行业,淘汰,综合得分未进入前50,37.33,22.35,5.85,2184.4862516,-1.81,0.36,28.448,37.2552,1.010411,24.953645,247.6301136189,0.11335851,0.0,19.8227018196,60,通过,51,普通行业：ROE、现金流、FCF、市值稳定性、毛利率和净利率,16,67,一致,20260804150024,待评,未完成护城河初评,待核验
,753,603297,永新光学,SH,光学光电子,保留,通过,普通行业,淘汰,综合得分未进入前50,92.93,55.76,5.13,102.90055263,4.17,1.28,16.949,40.31849,0.933066,25.380204,5.1565227582999995,0.05011171,0.0,19.5767504359,60,通过,43,普通行业：ROE、现金流、FCF、市值稳定性、毛利率和净利率,4,47,一致,20260804150014,待评,未完成护城河初评,待核验
,354,603299,苏盐井神,SH,化学原料,周期,通过,周期行业（本次保留）,淘汰,综合得分未进入前50,9.24,20.18,1.11,88.21981827,-1.81,0.69,8.722,32.913892,1.480113,8.215308,17.3429841268,0.1965883,0.0,36.9661023215,60,通过,43,普通行业：ROE、现金流、FCF、市值稳定性、毛利率和净利率,24,67,一致,20260804150015,待评,未完成护城河初评,待核验
,441,603300,海南华铁,SH,多元金融,金融,金融特殊口径通过,金融行业（特殊口径）,淘汰,综合得分未进入前50,5.14,23.59,1.53,102.75827435,-0.19,2.29,10.167,45.943408,3.505629,13.494173,44.1276352837,0.42943146,0.0,75.358605075,,金融特殊口径,41.33,金融特殊口径：ROE 40分、股本稳定性20分,22,63.33,一致,20260804150022,待评,未完成护城河初评,待核验
,,603301,振德医疗,SH,医疗器械,保留,通过,普通行业,淘汰,当前 PE/PB 缺失、为负或超出本轮可比估值上限,86.8,105.17,4.06,229.0445633,-1.65,1.11,21.294,34.485131,1.749114,10.200011,1.4668699433,0.0064043,0.0,29.0281971155,60,通过,47,普通行业：ROE、现金流、FCF、市值稳定性、毛利率和净利率,7,54,一致,20260804150027,待评,未完成护城河初评,待核验
,710,603303,得邦照明,SH,照明设备Ⅱ,保留,通过,普通行业,淘汰,综合得分未进入前50,19.4,52.19,3.01,92.52724755,3.52,0.58,12.89142,17.201245,1.671227,7.164526,21.6847344933,0.23436053,0.0,44.6061267636,60,通过,44,普通行业：ROE、现金流、FCF、市值稳定性、毛利率和净利率,7,51,一致,20260804150026,待评,未完成护城河初评,待核验
,,603306,华懋科技,SH,汽车零部件,周期,通过,周期行业（本次保留）,淘汰,当前 PE/PB 缺失、为负或超出本轮可比估值上限,61.33,431.93,6.34,202.07971097,10.01,3.77,10.572,32.126188,1.328466,19.065289,0.2809603301,0.00139034,0.0,39.8876427159,60,通过,40,普通行业：ROE、现金流、FCF、市值稳定性、毛利率和净利率,4,44,一致,20260804150024,待评,未完成护城河初评,待核验
,331,603309,维力医疗,SH,医疗器械,保留,通过,普通行业,淘汰,综合得分未进入前50,11.47,16.41,1.88,33.47765164,0.79,2.63,9.689,44.142242,2.198419,11.491317,2.67013348,0.07975869,0.0,37.892613406,60,通过,43,普通行业：ROE、现金流、FCF、市值稳定性、毛利率和净利率,25,68,一致,20260804150022,待评,未完成护城河初评,待核验
,684,603311,金海高科,SH,家电零部件Ⅱ,保留,通过,普通行业,淘汰,综合得分未进入前50,27.25,45.42,4.87,64.27836466,6.36,2.42,8.449,24.049023,1.689247,11.044876,2.392067898,0.0372142,0.0,24.1313646418,60,通过,42,普通行业：ROE、现金流、FCF、市值稳定性、毛利率和净利率,11,53,一致,20260804150009,待评,未完成护城河初评,待核验
,262,603317,天味食品,SH,调味发酵品Ⅱ,保留,通过,普通行业,淘汰,综合得分未进入前50,14.93,15.85,3.8,158.56811297,0.81,1.17,15.676,36.955548,1.313131,16.018533,18.9665953312,0.11961166,0.0,16.7039757641,60,通过,48,普通行业：ROE、现金流、FCF、市值稳定性、毛利率和净利率,22,70,一致,20260804150026,待评,未完成护城河初评,待核验
,472,603323,苏农银行,SH,银行Ⅱ,金融,金融特殊口径通过,金融行业（特殊口径）,淘汰,综合得分未进入前50,4.36,5.24,0.51,96.80924733,-2.9,1.47,9.854,,2.26899,33.740862,200.81777,2.07436557,0.1,91.8186553259,,金融特殊口径,32.67,金融特殊口径：ROE 40分、股本稳定性20分,30,62.67,一致,20260804150026,待评,未完成护城河初评,待核验
,557,603326,我乐家居,SH,家居用品,保留,通过,普通行业,淘汰,综合得分未进入前50,6.56,58.1,1.88,20.93800661,0.15,2.17,13.066,44.958165,1.721063,8.278774,7.4083643088999995,0.35382376,0.0,42.6670584561,60,通过,49,普通行业：ROE、现金流、FCF、市值稳定性、毛利率和净利率,10,59,一致,20260804150025,待评,未完成护城河初评,待核验
,663,603328,依顿电子,SH,元件,保留,通过,普通行业,淘汰,综合得分未进入前50,9.8,64.94,2.35,97.84737588,3.59,1.69,10.121,19.037543,1.744292,13.161643,8.4806912283,0.08667265,0.0,31.6072636195,60,通过,44,普通行业：ROE、现金流、FCF、市值稳定性、毛利率和净利率,10,54,一致,20260804150027,待评,未完成护城河初评,待核验
,372,603337,杰克科技,SH,专用设备,保留,通过,普通行业,淘汰,综合得分未进入前50,45.91,21.3,4.23,218.70977258,-0.86,2.09,16.04,29.376516,1.396557,10.48737,24.3516818489,0.11134245,0.0,37.7105746187,60,通过,47,普通行业：ROE、现金流、FCF、市值稳定性、毛利率和净利率,19,66,一致,20260804150026,待评,未完成护城河初评,待核验
,179,603338,浙江鼎力,SH,工程机械,周期,通过,周期行业（本次保留）,淘汰,综合得分未进入前50,56.85,15.89,2.56,287.85876921,-2.05,1.41,20.135,33.293695,0.845639,24.327355,42.1562313016,0.14644762,0.0,34.2549754478,60,通过,47,普通行业：ROE、现金流、FCF、市值稳定性、毛利率和净利率,25,72,一致,20260804150025,待评,未完成护城河初评,待核验
,270,603339,四方科技,SH,通用设备,保留,通过,普通行业,淘汰,综合得分未进入前50,13.18,23.63,1.46,40.78434687,0.69,2.72,10.231,23.321369,1.221664,13.311464,7.8519557209,0.19252376,0.0,28.4410108525,60,通过,46,普通行业：ROE、现金流、FCF、市值稳定性、毛利率和净利率,24,70,一致,20260804150027,待评,未完成护城河初评,待核验
,356,603345,安井食品,SH,食品加工,保留,通过,普通行业,淘汰,综合得分未进入前50,85.8,12.69,1.83,285.96190366,-0.84,2.76,14.08,22.436796,1.30227,7.896391,31.1748120635,0.10901736,0.0,23.4178109761,60,通过,42,普通行业：ROE、现金流、FCF、市值稳定性、毛利率和净利率,25,67,一致,20260804150012,待评,未完成护城河初评,待核验
,575,603351,威尔药业,SH,化学制药,保留,通过,普通行业,淘汰,综合得分未进入前50,23.95,21.55,1.85,32.43767211,0.97,1.04,12.373,27.943095,1.039532,12.139931,0.3150312484,0.00971189,0.0,30.4954284884,60,通过,37,普通行业：ROE、现金流、FCF、市值稳定性、毛利率和净利率,22,59,一致,20260804150010,待评,未完成护城河初评,待核验
,,603355,莱克电气,SH,小家电,保留,通过,普通行业,淘汰,当前 PE/PB 缺失、为负或超出本轮可比估值上限,28.57,235.95,2.9,163.81948919,0.78,0.62,17.35,23.142329,1.137608,8.919956,30.770193491399997,0.18782987,0.0,66.6772008409,60,不通过,45,普通行业：ROE、现金流、FCF、市值稳定性、毛利率和净利率,10,55,一致,20260804150014,待评,未完成护城河初评,待核验
,,603360,百傲化学,SH,农化制品,保留,通过,普通行业,淘汰,当前 PE/PB 缺失、为负或超出本轮可比估值上限,13.4,119.32,6.71,94.63396964,4.28,1.53,22.662,46.476214,1.193584,27.26692,12.164571168699998,0.12854339,0.0,47.6561864712,60,通过,49,普通行业：ROE、现金流、FCF、市值稳定性、毛利率和净利率,4,53,一致,20260804150025,待评,未完成护城河初评,待核验
,99,603365,水星家纺,SH,服装家纺,保留,通过,普通行业,淘汰,综合得分未进入前50,17.8,11.11,1.54,46.7243414,-2.57,1.21,15.299,40.610518,1.117917,9.497678,16.806523831099998,0.35969525,0.0,22.1144041712,60,通过,48,普通行业：ROE、现金流、FCF、市值稳定性、毛利率和净利率,28,76,一致,20260804150021,待评,未完成护城河初评,待核验
,305,603367,辰欣药业,SH,化学制药,保留,通过,普通行业,淘汰,综合得分未进入前50,14.68,12.71,1.06,66.46430614,0.69,3.22,9.686,55.741174,0.906338,11.383261,17.099194698199998,0.25726884,0.0,17.9897277909,60,通过,42,普通行业：ROE、现金流、FCF、市值稳定性、毛利率和净利率,27,69,一致,20260804150026,待评,未完成护城河初评,待核验
,63,603369,今世缘,SH,白酒Ⅱ,保留,通过,普通行业,淘汰,行业分散上限：同一细分行业最多入选3家,27.6,6.21,2.09,344.11681021,-2.4,1.21,21.15,75.707273,0.982679,30.071042,54.1273223784,0.15729346,0.0,36.049310442,60,通过,50,普通行业：ROE、现金流、FCF、市值稳定性、毛利率和净利率,28,78,一致,20260804150026,待评,未完成护城河初评,待核验
,460,603379,三美股份,SH,化学制品,周期,通过,周期行业（本次保留）,淘汰,综合得分未进入前50,61.63,18.6,4.77,376.2382305,2.17,1.44,26.432,26.607093,1.087588,17.371706,9.1171840282,0.02423248,0.0,16.5146643585,60,通过,44,普通行业：ROE、现金流、FCF、市值稳定性、毛利率和净利率,19,63,一致,20260804150027,待评,未完成护城河初评,待核验
,665,603380,易德龙,SH,消费电子,保留,通过,普通行业,淘汰,综合得分未进入前50,31.37,41.22,3.32,50.33040444,5.69,1.89,18.544,24.678234,1.187428,10.595556,2.6611927695,0.05287446,0.0,26.9195954057,60,通过,43,普通行业：ROE、现金流、FCF、市值稳定性、毛利率和净利率,11,54,一致,20260804150019,待评,未完成护城河初评,待核验
,539,603383,顶点软件,SH,软件开发,保留,通过,普通行业,淘汰,综合得分未进入前50,30.44,33.65,4.39,62.51656368,-0.65,2.75,12.896,68.741252,1.100217,33.032235,9.2856048874,0.14853031,0.0,20.4361017835,60,通过,45,普通行业：ROE、现金流、FCF、市值稳定性、毛利率和净利率,15,60,一致,20260804150027,待评,未完成护城河初评,待核验
38,40,603387,基蛋生物,SH,医疗器械,保留,通过,普通行业,入选50家,综合得分靠前，且满足 PE/PB 可比、普通行业负债率门槛与行业分散上限,9.04,15.02,1.67,45.84667794,1.57,1.95,20.331,67.207356,1.382667,29.223821,11.0198184698,0.24036242,0.0,23.8702812667,60,通过,54,普通行业：ROE、现金流、FCF、市值稳定性、毛利率和净利率,25,79,一致,20260804150013,3/5,体外诊断产品注册、渠道和客户验证,初评达到★★★
,,603392,万泰生物,SH,医疗器械,保留,通过,普通行业,淘汰,当前 PE/PB 缺失、为负或超出本轮可比估值上限,30.53,-224.51,3.27,386.01912306,-1.26,0.39,22.967,74.997357,1.210852,19.259054,29.6731291493,0.07686958,0.0,14.3191100687,60,通过,49,普通行业：ROE、现金流、FCF、市值稳定性、毛利率和净利率,7,56,一致,20260804150024,待评,未完成护城河初评,待核验
,155,603393,新天然气,SH,燃气Ⅱ,保留,通过,普通行业,淘汰,综合得分未进入前50,25.57,18.67,1.15,108.39668331,-2.59,1.45,17.766,48.228928,2.022998,25.215022,8.5723780778,0.0790834,0.0,48.3663262874,70,通过,49,普通行业：ROE、现金流、FCF、市值稳定性、毛利率和净利率,24,73,一致,20260804150027,待评,未完成护城河初评,待核验
,307,603402,陕西旅游,SH,旅游及景区,保留,通过,普通行业,淘汰,综合得分未进入前50,65.6,40.04,2.37,65.9498671,-0.67,5.7,27.459,48.684718,1.324912,18.041413,14.268971009500001,0.21636088,0.0,17.3724964548,60,通过,54,普通行业：ROE、现金流、FCF、市值稳定性、毛利率和净利率,14,68,一致,20260804150021,待评,未完成护城河初评,待核验
,95,603408,建霖家居,SH,家居用品,保留,通过,普通行业,淘汰,综合得分未进入前50,10.37,12.3,1.4,46.4133201,-2.26,1.03,22.428,24.940592,1.304972,9.355742,9.592634182000001,0.20667847,0.0,39.9994786903,60,通过,49,普通行业：ROE、现金流、FCF、市值稳定性、毛利率和净利率,27,76,一致,20260804150023,待评,未完成护城河初评,待核验
,521,603409,汇通控股,SH,汽车零部件,周期,通过,周期行业（本次保留）,淘汰,综合得分未进入前50,17.4,19.64,2.16,32.67335338,0.46,3.88,24.023,31.126671,0.771934,14.017683,0.0199288378,0.00060994,0.0,27.9530028986,60,通过,39,普通行业：ROE、现金流、FCF、市值稳定性、毛利率和净利率,22,61,一致,20260804150025,待评,未完成护城河初评,待核验
,,603429,*ST集友,SH,包装印刷,保留,通过,普通行业,淘汰,当前 PE/PB 缺失、为负或超出本轮可比估值上限,7.8,-230.97,3.24,40.90986627,2.09,0.55,12.546,31.175528,2.159702,17.204492,4.743765670899999,0.11595652,0.0,6.7279839154,60,通过,47,普通行业：ROE、现金流、FCF、市值稳定性、毛利率和净利率,7,54,一致,20260804150027,待评,未完成护城河初评,待核验
,153,603439,三力制药,SH,中药Ⅱ,保留,通过,普通行业,淘汰,综合得分未进入前50,10.53,23.94,2.89,42.52437474,-0.85,1.89,17.617,71.040671,1.473866,13.991057,6.7092015898,0.15777308,0.0,46.900561997,60,通过,51,普通行业：ROE、现金流、FCF、市值稳定性、毛利率和净利率,22,73,一致,20260804150027,待评,未完成护城河初评,待核验
,68,603444,吉比特,SH,游戏Ⅱ,保留,通过,普通行业,淘汰,综合得分未进入前50,392.49,13.66,5.14,282.75411731,1.94,3.16,34.326,88.782591,1.356028,34.774723,92.5545550202,0.3273323,0.0,24.1583554445,60,通过,58,普通行业：ROE、现金流、FCF、市值稳定性、毛利率和净利率,19,77,一致,20260804150018,待评,未完成护城河初评,待核验
,181,603456,九洲药业,SH,医疗服务,保留,通过,普通行业,淘汰,综合得分未进入前50,15.73,17.9,1.56,138.6929874,6.72,4.94,9.971,35.255762,1.570176,12.616694,23.0736054848,0.16636462,-0.008698,17.0931910962,60,通过,47,普通行业：ROE、现金流、FCF、市值稳定性、毛利率和净利率,25,72,一致,20260804150027,待评,未完成护城河初评,待核验
,288,603486,科沃斯,SH,小家电,保留,通过,普通行业,淘汰,综合得分未进入前50,59.94,21.42,3.97,346.81182701,-1.59,0.85,22.046,48.588687,1.331512,7.396835,54.689049516800004,0.15769084,0.0,48.123704078,60,通过,50,普通行业：ROE、现金流、FCF、市值稳定性、毛利率和净利率,19,69,一致,20260804150028,待评,未完成护城河初评,待核验
,286,603489,八方股份,SH,电机Ⅱ,保留,通过,普通行业,淘汰,综合得分未进入前50,26.23,34.38,2.25,61.54029589,-1.72,1.46,27.884,28.253506,1.760643,17.303233,4.6325645178,0.07527693,0.0,16.7558080807,60,通过,51,普通行业：ROE、现金流、FCF、市值稳定性、毛利率和净利率,18,69,一致,20260804150022,待评,未完成护城河初评,待核验
,,603496,恒为科技,SH,计算机设备,保留,通过,普通行业,淘汰,当前 PE/PB 缺失、为负或超出本轮可比估值上限,25.69,353.54,5.93,82.26175453,7.09,7.86,9.262,37.119621,0.901241,12.957493,0.0547735824,0.00066585,0.0,23.0376906062,60,通过,34,普通行业：ROE、现金流、FCF、市值稳定性、毛利率和净利率,4,38,一致,20260804150026,待评,未完成护城河初评,待核验
,736,603501,豪威集团,SH,半导体,保留,通过,普通行业,淘汰,综合得分未进入前50,87.95,54.97,3.38,1105.97390873,-0.31,1.91,14.915,29.417329,2.899117,8.390079,86.1211194017,0.07786903,0.0,35.4276824526,60,通过,42,普通行业：ROE、现金流、FCF、市值稳定性、毛利率和净利率,7,49,一致,20260804150026,待评,未完成护城河初评,待核验
,79,603506,南都物业,SH,房地产服务,周期,通过,周期行业（本次保留）,淘汰,综合得分未进入前50,9.99,9.83,1.56,18.75900012,-0.1,1.73,18.009,18.013573,2.490655,8.228716,7.6636009549,0.40852929,0.0,53.5325484419,60,通过,49,普通行业：ROE、现金流、FCF、市值稳定性、毛利率和净利率,28,77,一致,20260804150025,待评,未完成护城河初评,待核验
,321,603515,欧普照明,SH,照明设备Ⅱ,保留,通过,普通行业,淘汰,综合得分未进入前50,17.54,24.84,2.0,130.19586797,-1.29,0.21,17.08,37.320405,0.954763,10.979533,28.341228864899996,0.21768148,0.0,27.0733682311,60,通过,46,普通行业：ROE、现金流、FCF、市值稳定性、毛利率和净利率,22,68,一致,20260804150015,待评,未完成护城河初评,待核验
,,603516,淳中科技,SH,计算机设备,保留,通过,普通行业,淘汰,当前 PE/PB 缺失、为负或超出本轮可比估值上限,94.56,2810.36,11.42,192.21048462,3.6,2.55,15.54,50.147345,2.011942,29.300221,2.4882925782,0.01294567,0.0,11.3698886468,60,通过,47,普通行业：ROE、现金流、FCF、市值稳定性、毛利率和净利率,0,47,一致,20260804150025,待评,未完成护城河初评,待核验
,176,603517,ST绝味,SH,休闲食品,保留,通过,普通行业,淘汰,综合得分未进入前50,10.74,22.8,1.08,65.08460793,-0.56,0.61,14.047,28.447538,1.650449,8.998356,21.4271911021,0.32922056,0.0,27.9498016815,60,通过,48,普通行业：ROE、现金流、FCF、市值稳定性、毛利率和净利率,24,72,一致,20260804150016,待评,未完成护城河初评,待核验
,,603529,爱玛科技,SH,摩托车及其他,保留,通过,普通行业,淘汰,2025年报资产负债率超过普通行业门槛（公用事业放宽至70%）,21.41,23.59,1.97,185.03551564,-3.3,1.17,28.328,16.141663,2.058857,6.431474,63.890031200799996,0.34528523,0.0,60.5670126715,60,不通过,53,普通行业：ROE、现金流、FCF、市值稳定性、毛利率和净利率,22,75,一致,20260804150028,待评,未完成护城河初评,待核验
47,50,603551,奥普科技,SH,厨卫电器,保留,通过,普通行业,入选50家,综合得分靠前，且满足 PE/PB 可比、普通行业负债率门槛与行业分散上限,9.41,22.02,2.92,36.19873147,-0.74,0.53,22.203,45.015775,2.682965,14.221744,15.7967057694,0.43638838,0.0,36.8410976317,60,通过,56,普通行业：ROE、现金流、FCF、市值稳定性、毛利率和净利率,22,78,一致,20260804150004,待评,未完成护城河初评,待核验
,603,603556,海兴电力,SH,电网设备,保留,通过,普通行业,淘汰,综合得分未进入前50,26.75,35.76,1.84,130.07566548,0.45,2.87,13.17,39.035731,0.841824,18.074961,24.386257879400002,0.18747748,0.0,25.5352155957,60,通过,43,普通行业：ROE、现金流、FCF、市值稳定性、毛利率和净利率,14,57,一致,20260804150028,待评,未完成护城河初评,待核验
17,17,603565,中谷物流,SH,航运港口,周期,通过,周期行业（本次保留）,入选50家,综合得分靠前，且满足 PE/PB 可比、普通行业负债率门槛与行业分散上限,10.58,10.54,2.12,222.1866763,-3.47,0.76,31.231,19.35097,1.382149,13.098349,75.1648916461,0.33829613,0.0,57.9200497927,70,通过,53,普通行业：ROE、现金流、FCF、市值稳定性、毛利率和净利率,28,81,一致,20260804150024,待评,未完成护城河初评,待核验
,326,603566,普莱柯,SH,动物保健Ⅱ,保留,通过,普通行业,淘汰,综合得分未进入前50,10.42,22.13,1.44,36.05968885,-0.67,0.67,8.883,62.003203,1.734808,19.276732,1.7301507496000001,0.04798019,0.0,15.4471511248,60,通过,44,普通行业：ROE、现金流、FCF、市值稳定性、毛利率和净利率,24,68,一致,20260804150011,待评,未完成护城河初评,待核验
,97,603579,荣泰健康,SH,其他家电Ⅱ,保留,通过,普通行业,淘汰,综合得分未进入前50,18.0,12.97,1.31,36.18942552,0.39,1.18,17.254,29.262887,1.321169,11.030165,6.6724963774,0.18437696,0.0,21.9858114229,60,通过,49,普通行业：ROE、现金流、FCF、市值稳定性、毛利率和净利率,27,76,一致,20260804150020,待评,未完成护城河初评,待核验
14,14,603587,地素时尚,SH,服装家纺,保留,通过,普通行业,入选50家,综合得分靠前，且满足 PE/PB 可比、普通行业负债率门槛与行业分散上限,11.65,13.68,1.55,55.06987469,-1.44,0.41,22.082,75.230783,1.432359,21.591775,27.6082467282,0.50133121,0.0,15.5692701639,60,通过,56,普通行业：ROE、现金流、FCF、市值稳定性、毛利率和净利率,25,81,一致,20260804150008,3/5,中高端女装品牌、设计与渠道,初评达到★★★
,402,603590,康辰药业,SH,生物制品,保留,通过,普通行业,淘汰,综合得分未进入前50,30.4,25.6,1.53,48.33918501,1.88,1.76,11.925,88.177109,1.552114,27.947697,1.5853462364,0.0327963,0.0,14.6156643979,60,通过,47,普通行业：ROE、现金流、FCF、市值稳定性、毛利率和净利率,18,65,一致,20260804150017,待评,未完成护城河初评,待核验
,572,603596,伯特利,SH,汽车零部件,周期,通过,周期行业（本次保留）,淘汰,综合得分未进入前50,26.69,22.3,3.06,239.58059642,-1.33,1.7,21.6,21.859342,0.855819,12.282205,3.8012051983,0.01586608,0.0,51.2915386027,60,通过,40,普通行业：ROE、现金流、FCF、市值稳定性、毛利率和净利率,19,59,一致,20260804150026,待评,未完成护城河初评,待核验
,184,603599,广信股份,SH,农化制品,保留,通过,普通行业,淘汰,综合得分未进入前50,10.49,15.17,0.95,95.48725429,-2.78,1.51,13.541,36.939546,0.801891,18.857046,42.7498081035,0.44770172,0.0,28.65187318,60,通过,45,普通行业：ROE、现金流、FCF、市值稳定性、毛利率和净利率,27,72,一致,20260804150024,待评,未完成护城河初评,待核验
,118,603600,永艺股份,SH,家居用品,保留,通过,普通行业,淘汰,综合得分未进入前50,9.63,11.04,1.42,31.82071427,-1.63,1.42,15.232,19.787339,1.38767,6.408178,5.116074363,0.16077811,0.0,46.4066981002,60,通过,45,普通行业：ROE、现金流、FCF、市值稳定性、毛利率和净利率,30,75,一致,20260804150025,待评,未完成护城河初评,待核验
,,603601,再升科技,SH,专业工程,周期,通过,周期行业（本次保留）,淘汰,当前 PE/PB 缺失、为负或超出本轮可比估值上限,8.79,175.46,3.73,100.41177135,3.41,8.06,9.579,24.05453,2.053702,12.80649,4.827602432,0.04807805,0.0,20.6713468799,60,通过,42,普通行业：ROE、现金流、FCF、市值稳定性、毛利率和净利率,7,49,一致,20260804150028,待评,未完成护城河初评,待核验
,69,603605,珀莱雅,SH,化妆品,保留,通过,普通行业,淘汰,综合得分未进入前50,58.99,15.93,3.97,233.58627131,-2.98,1.49,25.75,70.148018,1.241461,12.531931,56.9596447167,0.24384843,0.0,26.1669046033,60,通过,55,普通行业：ROE、现金流、FCF、市值稳定性、毛利率和净利率,22,77,一致,20260804150025,待评,未完成护城河初评,待核验
,484,603606,东方电缆,SH,电网设备,保留,通过,普通行业,淘汰,综合得分未进入前50,41.07,22.79,4.17,338.74884602,-3.05,3.38,17.772,22.773444,1.02025,10.438749,22.829644765100003,0.06739401,0.0,46.6867100587,60,通过,43,普通行业：ROE、现金流、FCF、市值稳定性、毛利率和净利率,19,62,一致,20260804150028,待评,未完成护城河初评,待核验
,591,603607,京华激光,SH,包装印刷,保留,通过,普通行业,淘汰,综合得分未进入前50,20.42,34.11,3.72,36.45313056,0.64,1.47,14.011,30.334258,1.094418,14.217012,4.2620137294,0.11691763,0.0,40.8769614599,60,通过,43,普通行业：ROE、现金流、FCF、市值稳定性、毛利率和净利率,15,58,一致,20260804150022,待评,未完成护城河初评,待核验
,604,603610,麒盛科技,SH,家居用品,保留,通过,普通行业,淘汰,综合得分未进入前50,15.0,39.26,1.73,52.94874315,3.45,4.3,15.654,34.357952,5.538307,7.86202,0.5622500810000001,0.01061876,0.0,36.7899922641,60,通过,43,普通行业：ROE、现金流、FCF、市值稳定性、毛利率和净利率,14,57,一致,20260804150027,待评,未完成护城河初评,待核验
,,603611,诺力股份,SH,工程机械,周期,通过,周期行业（本次保留）,淘汰,2025年报资产负债率超过普通行业门槛（公用事业放宽至70%）,17.27,14.89,1.47,44.48765661,-1.65,1.29,14.872,21.353121,1.178448,7.046683,13.1572236697,0.29574998,0.0,66.3309349299,60,不通过,42,普通行业：ROE、现金流、FCF、市值稳定性、毛利率和净利率,27,69,一致,20260804150028,待评,未完成护城河初评,待核验
,,603619,中曼石油,SH,油服工程,保留,通过,普通行业,淘汰,2025年报资产负债率超过普通行业门槛（公用事业放宽至70%）,21.66,79.09,2.33,100.14251065,2.27,7.98,12.798,42.947705,2.969074,9.070878,1.9805000783000002,0.01977682,0.0,63.0776897238,60,不通过,40,普通行业：ROE、现金流、FCF、市值稳定性、毛利率和净利率,10,50,一致,20260804150027,待评,未完成护城河初评,待核验
,,603637,镇海股份,SH,专业工程,周期,通过,周期行业（本次保留）,淘汰,当前 PE/PB 缺失、为负或超出本轮可比估值上限,12.53,-397.12,2.93,29.90734039,3.38,3.72,9.51,23.94961,1.056543,13.008956,4.1296180155,0.13808042,0.0,22.5890702768,60,通过,40,普通行业：ROE、现金流、FCF、市值稳定性、毛利率和净利率,10,50,一致,20260804150026,待评,未完成护城河初评,待核验
,96,603639,海利尔,SH,农化制品,保留,通过,普通行业,淘汰,综合得分未进入前50,10.56,12.26,1.08,36.92285372,-0.94,0.7,15.244,27.218432,1.670112,11.645669,5.0364103911,0.13640361,0.0,48.8896184185,60,通过,49,普通行业：ROE、现金流、FCF、市值稳定性、毛利率和净利率,27,76,一致,20260804150020,待评,未完成护城河初评,待核验
,438,603648,畅联股份,SH,物流,保留,通过,普通行业,淘汰,综合得分未进入前50,9.11,24.81,1.74,33.01580608,-0.44,0.57,9.174,19.940347,2.021039,9.63259,9.3843615187,0.28423845,0.0,27.9447634574,60,通过,42,普通行业：ROE、现金流、FCF、市值稳定性、毛利率和净利率,22,64,一致,20260804150016,待评,未完成护城河初评,待核验
,85,603658,安图生物,SH,医疗器械,保留,通过,普通行业,淘汰,综合得分未进入前50,33.56,20.28,2.28,191.77015214,-1.79,0.49,21.993,63.055776,1.279075,28.225184,29.671891835700002,0.15472633,0.0,26.6359379159,60,通过,54,普通行业：ROE、现金流、FCF、市值稳定性、毛利率和净利率,22,76,一致,20260804150023,待评,未完成护城河初评,待核验
,,603661,恒林股份,SH,家居用品,保留,通过,普通行业,淘汰,2025年报资产负债率超过普通行业门槛（公用事业放宽至70%）,31.49,18.56,1.19,43.79220806,9.99,2.17,14.54,21.04998,2.622039,6.581096,13.802708559700001,0.3151864,0.0,65.5561872221,60,不通过,48,普通行业：ROE、现金流、FCF、市值稳定性、毛利率和净利率,24,72,一致,20260804150014,待评,未完成护城河初评,待核验
,,603662,柯力传感,SH,通用设备,保留,通过,普通行业,淘汰,当前 PE/PB 缺失、为负或超出本轮可比估值上限,53.14,90.73,5.55,149.23299186,2.45,2.78,12.104,41.908356,0.776553,22.080351,4.5151935555,0.030256,0.0,31.2811393976,60,通过,38,普通行业：ROE、现金流、FCF、市值稳定性、毛利率和净利率,4,42,一致,20260804150026,待评,未完成护城河初评,待核验
,,603663,三祥新材,SH,化学原料,周期,通过,周期行业（本次保留）,淘汰,当前 PE/PB 缺失、为负或超出本轮可比估值上限,33.87,136.25,14.92,201.04220201,5.98,3.21,11.34,28.837234,1.235253,11.23742,1.6950189656999999,0.00843116,0.0,28.4509760561,60,通过,39,普通行业：ROE、现金流、FCF、市值稳定性、毛利率和净利率,0,39,一致,20260804150026,待评,未完成护城河初评,待核验
,164,603676,卫信康,SH,化学制药,保留,通过,普通行业,淘汰,综合得分未进入前50,8.81,14.02,2.61,38.33772815,-0.56,0.53,13.74,54.140062,1.321681,15.41839,8.7007316624,0.22694959,0.0,20.9169558404,60,通过,48,普通行业：ROE、现金流、FCF、市值稳定性、毛利率和净利率,25,73,一致,20260804150013,待评,未完成护城河初评,待核验
,,603678,火炬电子,SH,军工电子Ⅱ,保留,通过,普通行业,淘汰,当前 PE/PB 缺失、为负或超出本轮可比估值上限,44.64,133.81,3.47,212.29294408,6.69,6.95,11.911,33.370388,1.425596,13.989303,6.2913443509,0.0296352,0.0,30.8978617899,60,通过,40,普通行业：ROE、现金流、FCF、市值稳定性、毛利率和净利率,7,47,一致,20260804150027,待评,未完成护城河初评,待核验
,150,603680,今创集团,SH,轨交设备Ⅱ,保留,通过,普通行业,淘汰,综合得分未进入前50,10.08,10.46,1.37,78.99885171,-2.42,1.09,13.072,26.346593,1.031846,12.302425,12.9807311362,0.16431544,0.0,33.6709867419,60,通过,44,普通行业：ROE、现金流、FCF、市值稳定性、毛利率和净利率,30,74,一致,20260804150025,待评,未完成护城河初评,待核验
,,603687,大胜达,SH,包装印刷,保留,通过,普通行业,淘汰,当前 PE/PB 缺失、为负或超出本轮可比估值上限,13.27,82.7,2.25,72.98922835,6.24,3.88,9.068,16.514614,2.575329,8.189664,2.0362024676,0.0278973,0.0,22.1866188966,60,通过,35,普通行业：ROE、现金流、FCF、市值稳定性、毛利率和净利率,10,45,一致,20260804150026,待评,未完成护城河初评,待核验
,140,603697,有友食品,SH,休闲食品,保留,通过,普通行业,淘汰,综合得分未进入前50,9.68,15.74,2.36,41.40059509,-2.32,1.27,15.055,29.452464,1.200734,15.868278,8.6294876061,0.20843873,0.0,25.69488261,60,通过,49,普通行业：ROE、现金流、FCF、市值稳定性、毛利率和净利率,25,74,一致,20260804150022,待评,未完成护城河初评,待核验
,613,603699,纽威股份,SH,通用设备,保留,通过,普通行业,淘汰,综合得分未进入前50,50.4,28.3,9.3,390.7425811,3.79,1.43,17.602,33.364569,1.250869,13.190869,40.757877450100004,0.10430877,0.0,55.5992930452,60,通过,48,普通行业：ROE、现金流、FCF、市值稳定性、毛利率和净利率,8,56,一致,20260804150018,待评,未完成护城河初评,待核验
,645,603700,宁水集团,SH,通用设备,保留,通过,普通行业,淘汰,综合得分未进入前50,11.13,51.55,1.41,22.25576325,0.09,2.4,18.249,24.79194,1.135695,11.47364,1.0141388211,0.04556747,0.0,34.9873965883,60,通过,43,普通行业：ROE、现金流、FCF、市值稳定性、毛利率和净利率,12,55,一致,20260804150015,待评,未完成护城河初评,待核验
41,44,603706,东方环宇,SH,燃气Ⅱ,保留,通过,普通行业,入选50家,综合得分靠前，且满足 PE/PB 可比、普通行业负债率门槛与行业分散上限,18.87,8.7,2.13,35.73651813,-2.73,0.93,14.021,26.754511,1.943779,20.113942,12.6493872647,0.3539625,0.0,32.8779229257,70,通过,51,普通行业：ROE、现金流、FCF、市值稳定性、毛利率和净利率,28,79,一致,20260804150009,待评,未完成护城河初评,待核验
,144,603711,香飘飘,SH,饮料乳品,保留,通过,普通行业,淘汰,综合得分未进入前50,11.34,12.53,1.32,46.81992294,0.09,1.24,11.985,36.079384,2.03155,8.116631,12.6760231112,0.27073994,0.0,33.7334105321,60,通过,47,普通行业：ROE、现金流、FCF、市值稳定性、毛利率和净利率,27,74,一致,20260804150013,待评,未完成护城河初评,待核验
,333,603726,朗迪集团,SH,家电零部件Ⅱ,保留,通过,普通行业,淘汰,综合得分未进入前50,22.41,11.89,2.98,41.58383913,4.57,3.16,12.082,20.821209,1.054251,7.803419,5.8097596231,0.13971196,0.0,45.0810215705,60,通过,40,普通行业：ROE、现金流、FCF、市值稳定性、毛利率和净利率,28,68,一致,20260804150028,待评,未完成护城河初评,待核验
,624,603730,岱美股份,SH,汽车零部件,周期,通过,周期行业（本次保留）,淘汰,综合得分未进入前50,9.87,28.44,4.78,212.06619631,4.78,0.58,17.601,25.548696,0.949032,12.508255,16.1464554583,0.07613875,0.0,35.5599858354,60,通过,41,普通行业：ROE、现金流、FCF、市值稳定性、毛利率和净利率,15,56,一致,20260804150025,待评,未完成护城河初评,待核验
,,603737,三棵树,SH,装修建材,保留,豁免B通过,普通行业,淘汰,2025年报资产负债率超过普通行业门槛（公用事业放宽至70%）,23.7,49.17,7.11,209.83528942,-0.34,0.93,14.407,29.9684,3.060355,4.228313,3.5658161885000004,0.01699341,0.0,75.8311132528,60,不通过,35,普通行业：ROE、现金流、FCF、市值稳定性、毛利率和净利率,8,43,一致,20260804150028,待评,未完成护城河初评,待核验
,,603738,泰晶科技,SH,元件,保留,通过,普通行业,淘汰,当前 PE/PB 缺失、为负或超出本轮可比估值上限,31.81,133.17,6.81,122.75081121,9.99,7.36,8.644,29.246736,1.900681,11.120188,4.6383881826,0.03778703,0.0,17.8225566487,60,通过,42,普通行业：ROE、现金流、FCF、市值稳定性、毛利率和净利率,4,46,一致,20260804150020,待评,未完成护城河初评,待核验
,,603757,大元泵业,SH,通用设备,保留,通过,普通行业,淘汰,当前 PE/PB 缺失、为负或超出本轮可比估值上限,55.72,226.77,4.99,103.94413271,10.01,5.14,19.867,28.295135,1.174013,13.869698,2.0277519705000002,0.01950809,0.0,26.2705965476,60,通过,40,普通行业：ROE、现金流、FCF、市值稳定性、毛利率和净利率,7,47,一致,20260804150016,待评,未完成护城河初评,待核验
,379,603766,隆鑫通用,SH,摩托车及其他,保留,通过,普通行业,淘汰,综合得分未进入前50,14.38,15.66,3.42,295.29931803,-2.57,0.81,11.161,17.249261,2.660108,6.491576,70.5697410963,0.23897699,0.0,42.5754798217,60,通过,44,普通行业：ROE、现金流、FCF、市值稳定性、毛利率和净利率,22,66,一致,20260804150023,待评,未完成护城河初评,待核验
,550,603788,宁波高发,SH,汽车零部件,周期,通过,周期行业（本次保留）,淘汰,综合得分未进入前50,13.9,16.52,1.55,31.00604445,-1.14,0.67,11.235,23.668376,0.803128,15.934578,0.565680173,0.01824419,0.0,21.4533447294,60,通过,35,普通行业：ROE、现金流、FCF、市值稳定性、毛利率和净利率,25,60,一致,20260804150020,待评,未完成护城河初评,待核验
,688,603790,雅运股份,SH,化学制品,周期,通过,周期行业（本次保留）,淘汰,综合得分未进入前50,20.8,27.18,3.11,39.80288,1.56,1.53,9.78,30.347341,1.852815,9.070984,0.4997292364,0.0125551,0.0,24.8754245879,60,通过,38,普通行业：ROE、现金流、FCF、市值稳定性、毛利率和净利率,15,53,一致,20260804150025,待评,未完成护城河初评,待核验
,437,603798,康普顿,SH,炼化及贸易,保留,通过,普通行业,淘汰,综合得分未进入前50,13.23,18.26,2.79,33.9282887,6.35,6.05,8.92,21.309796,1.636768,8.523827,4.2019776803,0.1238488,0.0,11.99724799,60,通过,42,普通行业：ROE、现金流、FCF、市值稳定性、毛利率和净利率,22,64,一致,20260804150028,待评,未完成护城河初评,待核验
,,603801,志邦家居,SH,家居用品,保留,通过,普通行业,淘汰,当前 PE/PB 缺失、为负或超出本轮可比估值上限,5.87,-6.76,0.86,25.49643205,-1.68,1.83,18.066,36.096049,1.005677,9.635719,6.9933229273,0.27428634,0.0,47.9566757159,60,通过,46,普通行业：ROE、现金流、FCF、市值稳定性、毛利率和净利率,12,58,一致,20260804150026,待评,未完成护城河初评,待核验
,629,603806,福斯特,SH,光伏设备,保留,通过,普通行业,淘汰,综合得分未进入前50,15.24,31.88,2.52,397.57284498,2.01,1.18,14.113,16.202536,1.03835,12.892113,27.691678459699997,0.06965184,0.0,19.5197480423,60,通过,38,普通行业：ROE、现金流、FCF、市值稳定性、毛利率和净利率,18,56,一致,20260804150028,待评,未完成护城河初评,待核验
,115,603808,歌力思,SH,服装家纺,保留,通过,普通行业,淘汰,综合得分未进入前50,7.92,17.57,1.13,28.80767205,-1.0,1.21,9.269,66.578044,4.606668,9.643686,16.0506035689,0.5571642,0.0,32.2454553467,60,通过,48,普通行业：ROE、现金流、FCF、市值稳定性、毛利率和净利率,27,75,一致,20260804150018,待评,未完成护城河初评,待核验
,266,603811,诚意药业,SH,化学制药,保留,通过,普通行业,淘汰,综合得分未进入前50,7.24,18.73,2.45,33.17556588,1.4,0.93,17.402,68.561645,1.104963,22.60099,4.2720541963,0.1287711,0.0,17.8901937163,60,通过,48,普通行业：ROE、现金流、FCF、市值稳定性、毛利率和净利率,22,70,一致,20260804150023,待评,未完成护城河初评,待核验
,65,603816,顾家家居,SH,家居用品,保留,通过,普通行业,淘汰,综合得分未进入前50,25.26,10.45,2.09,207.4986537,-4.14,1.26,21.727,31.571498,1.443105,9.842877,52.713882293400005,0.25404445,0.0,42.7465409524,60,通过,50,普通行业：ROE、现金流、FCF、市值稳定性、毛利率和净利率,28,78,一致,20260804150028,待评,未完成护城河初评,待核验
,,603823,百合花,SH,化学制品,周期,通过,周期行业（本次保留）,淘汰,当前 PE/PB 缺失、为负或超出本轮可比估值上限,55.21,133.84,9.38,229.87660938,7.25,6.41,12.362,21.008597,1.477287,9.567672,7.182638935,0.03124563,0.0,21.4444625937,60,通过,40,普通行业：ROE、现金流、FCF、市值稳定性、毛利率和净利率,0,40,一致,20260804150028,待评,未完成护城河初评,待核验
,,603829,洛凯股份,SH,电网设备,保留,通过,普通行业,淘汰,当前 PE/PB 缺失、为负或超出本轮可比估值上限,14.78,212.72,1.88,27.5301383,1.37,1.96,10.666,21.275353,1.03778,7.415475,1.1467905148,0.04165582,0.0,47.7384903883,60,通过,38,普通行业：ROE、现金流、FCF、市值稳定性、毛利率和净利率,10,48,一致,20260804150015,待评,未完成护城河初评,待核验
,84,603833,欧派家居,SH,家居用品,保留,通过,普通行业,淘汰,综合得分未进入前50,33.05,32.52,1.13,201.32502254,-2.1,1.35,20.845,33.906266,1.567647,13.158814,125.9131039611,0.62542203,0.0,46.7491722351,60,通过,56,普通行业：ROE、现金流、FCF、市值稳定性、毛利率和净利率,20,76,一致,20260804150028,待评,未完成护城河初评,待核验
,249,603855,华荣股份,SH,专用设备,保留,通过,普通行业,淘汰,综合得分未进入前50,16.85,15.07,2.97,56.8706035,0.78,0.58,17.351,49.664397,0.951403,11.043793,14.9347256147,0.26260888,0.0,55.3704697009,60,通过,46,普通行业：ROE、现金流、FCF、市值稳定性、毛利率和净利率,25,71,一致,20260804150020,待评,未完成护城河初评,待核验
,,603860,中公高科,SH,工程咨询服务Ⅱ,保留,通过,普通行业,淘汰,当前 PE/PB 缺失、为负或超出本轮可比估值上限,25.87,632.21,2.09,17.250116,0.51,2.19,8.255,49.992422,1.19897,21.286485,1.2174653082,0.07057722,0.0,17.2891322958,60,通过,40,普通行业：ROE、现金流、FCF、市值稳定性、毛利率和净利率,10,50,一致,20260804150010,待评,未完成护城河初评,待核验
,290,603866,桃李面包,SH,休闲食品,保留,通过,普通行业,淘汰,综合得分未进入前50,4.33,33.41,1.4,69.26783941,-2.04,0.81,16.244,23.793029,1.802004,10.98559,7.8192542265,0.11288434,0.0,27.9559635695,60,通过,49,普通行业：ROE、现金流、FCF、市值稳定性、毛利率和净利率,20,69,一致,20260804150024,待评,未完成护城河初评,待核验
,171,603868,飞科电器,SH,小家电,保留,通过,普通行业,淘汰,综合得分未进入前50,31.38,18.12,4.15,136.69128,-1.13,0.2,26.659,53.685882,1.157964,17.552492,35.2577614066,0.25793717,0.0,16.4477868569,60,通过,53,普通行业：ROE、现金流、FCF、市值稳定性、毛利率和净利率,19,72,一致,20260804150022,待评,未完成护城河初评,待核验
,261,603877,太平鸟,SH,服装家纺,保留,通过,普通行业,淘汰,综合得分未进入前50,13.17,30.42,1.41,61.88646256,1.0,0.61,13.088,53.446341,2.953584,5.531857,30.2838694044,0.48934562,-0.002486,41.3961953209,60,通过,50,普通行业：ROE、现金流、FCF、市值稳定性、毛利率和净利率,20,70,一致,20260804150026,待评,未完成护城河初评,待核验
,,603881,数据港,SH,通信服务,保留,通过,普通行业,淘汰,当前 PE/PB 缺失、为负或超出本轮可比估值上限,26.24,126.29,6.77,226.2025495,3.31,6.27,9.106,32.050695,8.840628,12.878575,18.6766192536,0.08256591,0.0,57.2965409153,60,通过,45,普通行业：ROE、现金流、FCF、市值稳定性、毛利率和净利率,4,49,一致,20260804150028,待评,未完成护城河初评,待核验
,,603886,元祖股份,SH,休闲食品,保留,通过,普通行业,淘汰,当前 PE/PB 缺失、为负或超出本轮可比估值上限,10.55,-9.01,1.89,25.32,-0.75,1.2,18.248,61.930811,2.030743,10.764251,20.4032988441,0.80581749,0.0,46.3733320173,60,通过,55,普通行业：ROE、现金流、FCF、市值稳定性、毛利率和净利率,10,65,一致,20260804150009,待评,未完成护城河初评,待核验
,,603888,新华网,SH,数字媒体,保留,通过,普通行业,淘汰,当前 PE/PB 缺失、为负或超出本轮可比估值上限,17.27,81.39,3.46,128.18000981,2.07,1.88,9.474,34.508297,1.765089,15.099581,10.2975961678,0.08033699,0.0,26.9004712239,60,通过,45,普通行业：ROE、现金流、FCF、市值稳定性、毛利率和净利率,7,52,一致,20260804150026,待评,未完成护城河初评,待核验
,,603893,瑞芯微,SH,半导体,保留,通过,普通行业,淘汰,当前 PE/PB 缺失、为负或超出本轮可比估值上限,189.27,60.79,16.95,800.51263862,2.84,4.4,14.974,38.293764,1.357365,14.793674,19.3148334155,0.02412808,0.0,21.5285781442,60,通过,40,普通行业：ROE、现金流、FCF、市值稳定性、毛利率和净利率,0,40,一致,20260804150028,待评,未完成护城河初评,待核验
,133,603899,晨光股份,SH,文娱用品,保留,通过,普通行业,淘汰,综合得分未进入前50,23.21,15.77,2.44,212.556107,-1.53,0.42,22.609,19.737913,1.435588,8.163232,86.5198987729,0.40704499,0.0,45.3553759873,60,通过,49,普通行业：ROE、现金流、FCF、市值稳定性、毛利率和净利率,25,74,一致,20260804150027,待评,未完成护城河初评,待核验
,532,603915,国茂股份,SH,通用设备,保留,通过,普通行业,淘汰,综合得分未进入前50,13.63,41.37,2.39,91.03238202,1.04,0.92,13.748,24.255512,1.226549,12.731765,13.752188788,0.1510692,0.0,29.7202059292,60,通过,46,普通行业：ROE、现金流、FCF、市值稳定性、毛利率和净利率,14,60,一致,20260804150015,待评,未完成护城河初评,待核验
,568,603916,苏博特,SH,水泥,周期,通过,周期行业（本次保留）,淘汰,综合得分未进入前50,10.27,35.75,1.03,43.16766414,0.59,1.5,9.959,34.126103,2.563289,8.257521,4.9047737202,0.11362148,0.0,41.3791771523,60,通过,43,普通行业：ROE、现金流、FCF、市值稳定性、毛利率和净利率,16,59,一致,20260804150023,待评,未完成护城河初评,待核验
,,603917,合力科技,SH,汽车零部件,周期,通过,周期行业（本次保留）,淘汰,当前 PE/PB 缺失、为负或超出本轮可比估值上限,11.5,-106.99,1.42,23.4416,0.35,1.5,8.339,22.392603,1.685186,9.873935,0.7497813940000001,0.03198508,0.0,16.9256172123,60,通过,40,普通行业：ROE、现金流、FCF、市值稳定性、毛利率和净利率,12,52,一致,20260804150008,待评,未完成护城河初评,待核验
,147,603919,金徽酒,SH,白酒Ⅱ,保留,通过,普通行业,淘汰,行业分散上限：同一细分行业最多入选3家,16.43,10.19,2.46,83.34281751,-0.73,2.12,12.176,62.610389,1.232028,15.972773,11.787990685699999,0.14143979,0.0,35.5369656542,60,通过,46,普通行业：ROE、现金流、FCF、市值稳定性、毛利率和净利率,28,74,一致,20260804150028,待评,未完成护城河初评,待核验
,,603920,世运电路,SH,元件,保留,通过,普通行业,淘汰,当前 PE/PB 缺失、为负或超出本轮可比估值上限,33.06,162.58,3.78,238.22782,4.65,3.42,14.046,19.950724,1.880389,11.333214,17.5735372719,0.07376778,0.0,31.1978174746,60,通过,42,普通行业：ROE、现金流、FCF、市值稳定性、毛利率和净利率,7,49,一致,20260804150028,待评,未完成护城河初评,待核验
,479,603926,铁流股份,SH,汽车零部件,周期,通过,周期行业（本次保留）,淘汰,综合得分未进入前50,15.47,30.39,2.1,36.04302872,0.45,1.72,10.443,18.377926,2.62697,8.042421,6.5293123399,0.18115327,0.0,42.5025306119,60,通过,44,普通行业：ROE、现金流、FCF、市值稳定性、毛利率和净利率,18,62,一致,20260804150019,待评,未完成护城河初评,待核验
,,603927,中科软,SH,软件开发,保留,通过,普通行业,淘汰,当前 PE/PB 缺失、为负或超出本轮可比估值上限,14.25,-186.88,3.99,118.4232,0.28,1.65,21.536,28.639746,1.107289,7.093198,20.3674347921,0.17198855,0.0,60.065744197,60,不通过,47,普通行业：ROE、现金流、FCF、市值稳定性、毛利率和净利率,7,54,一致,20260804150015,待评,未完成护城河初评,待核验
,711,603931,格林达,SH,电子化学品Ⅱ,保留,通过,普通行业,淘汰,综合得分未进入前50,32.23,54.85,3.28,64.31766587,10.0,4.01,15.569,32.40684,1.156261,19.271583,4.4162167471,0.06866258,0.0,9.0491526492,60,通过,44,普通行业：ROE、现金流、FCF、市值稳定性、毛利率和净利率,7,51,一致,20260804150026,待评,未完成护城河初评,待核验
,,603938,三孚股份,SH,化学原料,周期,通过,周期行业（本次保留）,淘汰,当前 PE/PB 缺失、为负或超出本轮可比估值上限,37.39,92.06,5.65,143.06329943,10.0,3.68,14.103,25.252964,1.393337,11.856721,5.1495265404,0.03599474,0.0,23.5441133105,60,通过,42,普通行业：ROE、现金流、FCF、市值稳定性、毛利率和净利率,4,46,一致,20260804150025,待评,未完成护城河初评,待核验
,130,603939,益丰药房,SH,医药商业,保留,通过,普通行业,淘汰,综合得分未进入前50,22.44,13.62,2.38,272.06087386,-1.19,1.41,13.537,39.511783,2.713065,6.110174,151.1313314307,0.55550557,0.0,54.9080484783,60,通过,49,普通行业：ROE、现金流、FCF、市值稳定性、毛利率和净利率,25,74,一致,20260804150025,待评,未完成护城河初评,待核验
,276,603948,建业股份,SH,化学制品,周期,通过,周期行业（本次保留）,淘汰,综合得分未进入前50,19.82,15.21,1.57,32.2053529,0.0,0.71,19.35,18.178784,1.186635,9.550416,13.3650433779,0.41499447,0.0,18.015817329,60,通过,45,普通行业：ROE、现金流、FCF、市值稳定性、毛利率和净利率,25,70,一致,20260804150019,待评,未完成护城河初评,待核验
,404,603949,雪龙集团,SH,汽车零部件,周期,通过,周期行业（本次保留）,淘汰,综合得分未进入前50,13.65,30.66,2.72,28.76556037,0.22,1.24,19.239,36.581065,1.458815,23.106652,2.2960411356,0.0798191,0.0,11.0700157905,60,通过,47,普通行业：ROE、现金流、FCF、市值稳定性、毛利率和净利率,18,65,一致,20260804150022,待评,未完成护城河初评,待核验
,,603960,克来机电,SH,汽车零部件,周期,通过,周期行业（本次保留）,淘汰,当前 PE/PB 缺失、为负或超出本轮可比估值上限,15.92,369.27,3.72,41.74190568,-1.61,1.74,10.749,23.20289,1.156164,12.551238,1.6347429838,0.03916311,0.0,10.3507639954,60,通过,40,普通行业：ROE、现金流、FCF、市值稳定性、毛利率和净利率,7,47,一致,20260804150023,待评,未完成护城河初评,待核验
,491,603966,法兰泰克,SH,专用设备,保留,通过,普通行业,淘汰,综合得分未进入前50,7.89,18.92,2.03,41.05915729,-0.38,0.94,11.638,25.002662,1.185248,9.896679,3.975511309,0.09682399,0.0,52.1520066303,60,通过,40,普通行业：ROE、现金流、FCF、市值稳定性、毛利率和净利率,22,62,一致,20260804150012,待评,未完成护城河初评,待核验
,701,603977,国泰集团,SH,化学制品,周期,通过,周期行业（本次保留）,淘汰,综合得分未进入前50,11.59,45.08,2.13,72.00192787,0.35,1.22,8.484,36.083401,1.356233,11.168596,0.1469523135,0.00204095,0.0,42.7225474118,60,通过,38,普通行业：ROE、现金流、FCF、市值稳定性、毛利率和净利率,14,52,一致,20260804150016,待评,未完成护城河初评,待核验
,517,603979,金诚信,SH,工业金属,周期,通过,周期行业（本次保留）,淘汰,综合得分未进入前50,71.53,18.55,4.04,446.19883247,-0.04,1.15,11.167,29.857133,1.449614,11.195543,33.666692115100005,0.07545222,0.0,49.832909974,60,通过,42,普通行业：ROE、现金流、FCF、市值稳定性、毛利率和净利率,19,61,一致,20260804150025,待评,未完成护城河初评,待核验
,760,603986,兆易创新,SH,半导体,保留,通过,普通行业,淘汰,综合得分未进入前50,356.02,42.74,10.08,2498.35267005,4.48,9.46,14.842,41.368085,2.386012,17.639841,54.906134081400005,0.02197693,0.0,10.1593019242,60,通过,42,普通行业：ROE、现金流、FCF、市值稳定性、毛利率和净利率,4,46,一致,20260804150026,待评,未完成护城河初评,待核验
,145,603987,康德莱,SH,医疗器械,保留,通过,普通行业,淘汰,综合得分未进入前50,7.37,14.88,1.16,32.19148786,-0.41,0.95,11.75,34.030349,1.568584,9.433334,5.417612086799999,0.16829331,0.0,27.1021648545,60,通过,47,普通行业：ROE、现金流、FCF、市值稳定性、毛利率和净利率,27,74,一致,20260804150028,待评,未完成护城河初评,待核验
,445,603992,松霖科技,SH,家居用品,保留,通过,普通行业,淘汰,综合得分未进入前50,24.4,28.33,3.05,108.10220408,0.74,0.52,15.519,32.736769,1.48346,11.639995,10.3147002523,0.09541619,0.0,25.5657764559,60,通过,48,普通行业：ROE、现金流、FCF、市值稳定性、毛利率和净利率,15,63,一致,20260804150026,待评,未完成护城河初评,待核验
,148,603998,方盛制药,SH,中药Ⅱ,保留,通过,普通行业,淘汰,综合得分未进入前50,9.54,11.85,2.51,41.88836174,-0.21,1.52,10.658,68.6507,1.238648,10.427963,3.8233026145999998,0.09127362,0.0,41.0026774905,60,通过,46,普通行业：ROE、现金流、FCF、市值稳定性、毛利率和净利率,28,74,一致,20260804150020,待评,未完成护城河初评,待核验
,514,605005,合兴股份,SH,汽车零部件,周期,通过,周期行业（本次保留）,淘汰,综合得分未进入前50,15.03,33.79,2.94,60.2703,0.07,0.2,16.456,31.363587,1.377295,13.355869,1.3788472923,0.02287772,0.0,20.2749409684,60,通过,43,普通行业：ROE、现金流、FCF、市值稳定性、毛利率和净利率,18,61,一致,20260804150024,待评,未完成护城河初评,待核验
,89,605009,豪悦护理,SH,个护用品,保留,通过,普通行业,淘汰,综合得分未进入前50,24.23,15.59,1.58,52.08419086,-0.78,0.66,32.494,27.164646,1.476992,13.085396,6.6088384977,0.12688761,0.0,33.1360877522,60,通过,51,普通行业：ROE、现金流、FCF、市值稳定性、毛利率和净利率,25,76,一致,20260804150020,待评,未完成护城河初评,待核验
,,605028,世茂能源,SH,电力,保留,通过,普通行业,淘汰,当前 PE/PB 缺失、为负或超出本轮可比估值上限,26.33,351.29,3.29,42.128,1.39,1.01,23.558,61.920799,1.255,39.851236,3.4611016713,0.0821568,0.0,10.762530115,70,通过,52,普通行业：ROE、现金流、FCF、市值稳定性、毛利率和净利率,7,59,一致,20260804150019,待评,未完成护城河初评,待核验
,480,605058,澳弘电子,SH,元件,保留,通过,普通行业,淘汰,综合得分未进入前50,24.72,26.69,2.02,35.33108966,3.56,1.73,13.10875,23.394324,1.769333,12.519147,2.6610437034,0.07531734,0.0,50.4922880965,60,通过,44,普通行业：ROE、现金流、FCF、市值稳定性、毛利率和净利率,18,62,一致,20260804150027,待评,未完成护城河初评,待核验
,640,605060,联德股份,SH,通用设备,保留,通过,普通行业,淘汰,综合得分未进入前50,37.68,36.35,3.71,90.6550656,7.66,2.39,16.6,35.756509,1.235487,20.349631,1.4849013146,0.01637968,0.0,17.1722493665,60,通过,44,普通行业：ROE、现金流、FCF、市值稳定性、毛利率和净利率,11,55,一致,20260804150027,待评,未完成护城河初评,待核验
,504,605066,天正电气,SH,电网设备,保留,通过,普通行业,淘汰,综合得分未进入前50,6.78,44.07,1.96,34.06496588,2.11,1.49,15.68,25.030446,1.705014,5.394361,2.9083541673,0.08537669,0.0,43.2423264342,60,通过,47,普通行业：ROE、现金流、FCF、市值稳定性、毛利率和净利率,14,61,一致,20260804150026,待评,未完成护城河初评,待核验
,83,605080,浙江自然,SH,文娱用品,保留,通过,普通行业,淘汰,综合得分未进入前50,20.23,9.94,1.26,28.50593521,0.65,0.96,20.889,35.044977,1.093435,20.959824,1.4471838447999998,0.05076781,0.0,12.9933931159,60,通过,47,普通行业：ROE、现金流、FCF、市值稳定性、毛利率和净利率,30,77,一致,20260804150024,待评,未完成护城河初评,待核验
,599,605086,龙高股份,SH,非金属材料Ⅱ,保留,通过,普通行业,淘汰,综合得分未进入前50,23.19,55.08,2.6,41.55648,1.8,0.73,13.438889,62.256681,1.222048,34.109977,4.9118599942,0.11819721,0.0,5.0720916878,60,通过,47,普通行业：ROE、现金流、FCF、市值稳定性、毛利率和净利率,10,57,一致,20260804150012,待评,未完成护城河初评,待核验
,496,605088,冠盛股份,SH,汽车零部件,周期,通过,周期行业（本次保留）,淘汰,综合得分未进入前50,21.12,13.76,1.51,42.81574239,-0.47,2.21,14.175,23.929344,1.253739,6.448261,0.7162844957,0.01672947,0.0,57.4482035779,60,通过,37,普通行业：ROE、现金流、FCF、市值稳定性、毛利率和净利率,25,62,一致,20260804150008,待评,未完成护城河初评,待核验
,227,605089,味知香,SH,食品加工,保留,通过,普通行业,淘汰,综合得分未进入前50,20.11,30.53,2.28,27.7518,-0.89,1.05,28.996,24.244509,1.397789,15.500245,4.4662481693,0.16093544,0.0,16.0794656111,60,通过,53,普通行业：ROE、现金流、FCF、市值稳定性、毛利率和净利率,18,71,一致,20260804150023,待评,未完成护城河初评,待核验
,364,605098,行动教育,SH,教育,保留,通过,普通行业,淘汰,综合得分未进入前50,60.1,45.86,7.91,71.6699111,5.01,2.39,33.775,77.480417,1.541689,29.665193,16.8102319684,0.23455076,0.0,57.43936262,60,通过,58,普通行业：ROE、现金流、FCF、市值稳定性、毛利率和净利率,8,66,一致,20260804150026,待评,未完成护城河初评,待核验
,263,605099,共创草坪,SH,家居用品,保留,通过,普通行业,淘汰,综合得分未进入前50,32.66,16.37,4.38,131.4057039,-1.42,0.44,30.632,30.39058,0.952794,18.698686,15.3765596939,0.11701592,0.0,24.8129213376,60,通过,48,普通行业：ROE、现金流、FCF、市值稳定性、毛利率和净利率,22,70,一致,20260804150025,待评,未完成护城河初评,待核验
,,605100,华丰股份,SH,通用设备,保留,通过,普通行业,淘汰,当前 PE/PB 缺失、为负或超出本轮可比估值上限,29.96,138.85,3.97,71.6109912,2.25,1.6,10.39,15.953937,3.759506,9.132,1.1684890664,0.01631717,0.0,19.0264870575,60,通过,37,普通行业：ROE、现金流、FCF、市值稳定性、毛利率和净利率,7,44,一致,20260804150015,待评,未完成护城河初评,待核验
,738,605111,新洁能,SH,半导体,保留,通过,普通行业,淘汰,综合得分未进入前50,49.48,54.34,4.82,205.50655415,7.96,5.24,19.432,35.197994,0.968504,18.411521,13.265069575899998,0.06454816,0.0,9.5551562406,60,通过,42,普通行业：ROE、现金流、FCF、市值稳定性、毛利率和净利率,7,49,一致,20260804150026,待评,未完成护城河初评,待核验
,420,605117,德业股份,SH,光伏设备,保留,通过,普通行业,淘汰,综合得分未进入前50,82.48,22.1,10.55,1050.16095849,1.9,0.77,41.527,35.541334,1.277102,16.035591,85.1837765896,0.08111497,0.0,48.1115024195,60,通过,52,普通行业：ROE、现金流、FCF、市值稳定性、毛利率和净利率,12,64,一致,20260804150027,待评,未完成护城河初评,待核验
,633,605118,力鼎光电,SH,计算机设备,保留,通过,普通行业,淘汰,综合得分未进入前50,29.23,42.66,8.05,120.2127595,3.29,1.09,32.604,43.197538,1.220565,31.971591,5.3036208406,0.04411862,0.0,17.3825616502,60,通过,51,普通行业：ROE、现金流、FCF、市值稳定性、毛利率和净利率,4,55,一致,20260804150027,待评,未完成护城河初评,待核验
,369,605155,西大门,SH,家居用品,保留,通过,普通行业,淘汰,综合得分未进入前50,13.47,31.99,1.93,25.66295941,-0.37,2.22,15.319,39.211937,1.238546,17.427173,2.5696547622,0.10013088,0.0,8.5349366206,60,通过,48,普通行业：ROE、现金流、FCF、市值稳定性、毛利率和净利率,18,66,一致,20260804150014,待评,未完成护城河初评,待核验
,555,605162,新中港,SH,电力,保留,通过,普通行业,淘汰,综合得分未进入前50,8.55,77.96,2.38,37.86335959,1.3,4.92,22.074,25.680995,1.776261,17.810618,1.1502409965,0.03037874,0.0,28.442675783,70,通过,49,普通行业：ROE、现金流、FCF、市值稳定性、毛利率和净利率,10,59,一致,20260804150027,待评,未完成护城河初评,待核验
,,605168,三人行,SH,广告营销,保留,通过,普通行业,淘汰,当前 PE/PB 缺失、为负或超出本轮可比估值上限,37.57,180.04,3.07,79.20394164,6.16,3.96,36.384,18.109424,0.893903,11.391542,6.6897028433,0.08446174,0.0,34.3143940709,60,通过,45,普通行业：ROE、现金流、FCF、市值稳定性、毛利率和净利率,7,52,一致,20260804150026,待评,未完成护城河初评,待核验
,,605169,洪通燃气,SH,燃气Ⅱ,保留,通过,普通行业,淘汰,当前 PE/PB 缺失、为负或超出本轮可比估值上限,10.12,163.11,1.46,28.627456,-0.3,1.03,14.378,21.235383,1.566269,12.241948,1.0723933781000001,0.03746031,0.0,17.6978143126,70,通过,44,普通行业：ROE、现金流、FCF、市值稳定性、毛利率和净利率,12,56,一致,20260804150026,待评,未完成护城河初评,待核验
,293,605183,确成股份,SH,橡胶,保留,通过,普通行业,淘汰,综合得分未进入前50,14.57,19.14,1.67,60.49236781,-1.35,0.34,15.78,31.963499,1.042487,21.663759,8.1112604967,0.13408734,0.0,14.355178739,60,通过,47,普通行业：ROE、现金流、FCF、市值稳定性、毛利率和净利率,22,69,一致,20260804150016,待评,未完成护城河初评,待核验
,610,605228,神通科技,SH,汽车零部件,周期,通过,周期行业（本次保留）,淘汰,综合得分未进入前50,10.53,27.26,2.21,50.44452509,0.86,1.17,12.96,20.584046,1.926344,5.962469,1.1218283601999999,0.02223885,-0.000209,44.910377381,60,通过,39,普通行业：ROE、现金流、FCF、市值稳定性、毛利率和净利率,18,57,一致,20260804150024,待评,未完成护城河初评,待核验
,,605255,天普股份,SH,汽车零部件,周期,通过,周期行业（本次保留）,淘汰,当前 PE/PB 缺失、为负或超出本轮可比估值上限,68.0,-957.74,11.26,91.1744,3.41,0.67,10.51,36.280807,2.780089,16.31779,0.4695877934,0.00515043,0.0,52.4776356354,60,通过,42,普通行业：ROE、现金流、FCF、市值稳定性、毛利率和净利率,0,42,一致,20260804150021,待评,未完成护城河初评,待核验
,540,605277,新亚电子,SH,消费电子,保留,通过,普通行业,淘汰,综合得分未进入前50,15.05,32.89,3.49,58.51220556,1.76,1.28,23.365,17.519279,1.313214,8.394434,4.7187844148,0.08064616,0.0,51.3891558433,60,通过,45,普通行业：ROE、现金流、FCF、市值稳定性、毛利率和净利率,15,60,一致,20260804150016,待评,未完成护城河初评,待核验
,739,605299,舒华体育,SH,文娱用品,保留,通过,普通行业,淘汰,综合得分未进入前50,12.19,51.07,4.13,49.69366965,2.96,3.38,13.163,29.778777,1.425574,9.066373,5.4253989624,0.10917686,0.0,37.4065293847,60,通过,42,普通行业：ROE、现金流、FCF、市值稳定性、毛利率和净利率,7,49,一致,20260804150019,待评,未完成护城河初评,待核验
,330,605305,中际联合,SH,工程机械,周期,通过,周期行业（本次保留）,淘汰,综合得分未进入前50,39.65,16.35,2.82,84.26418,1.88,1.59,15.705,45.803675,0.780252,24.751064,7.219202926,0.08567345,0.0,22.3295486388,60,通过,43,普通行业：ROE、现金流、FCF、市值稳定性、毛利率和净利率,25,68,一致,20260804150018,待评,未完成护城河初评,待核验
,,605336,*ST帅电,SH,厨卫电器,保留,通过,普通行业,淘汰,当前 PE/PB 缺失、为负或超出本轮可比估值上限,10.45,-66.54,1.06,19.16660103,0.0,0.46,26.001,44.430666,1.089827,17.473033,4.1307740504,0.21551938,0.0,7.8780285998,60,通过,52,普通行业：ROE、现金流、FCF、市值稳定性、毛利率和净利率,12,64,一致,20260804150013,待评,未完成护城河初评,待核验
,74,605337,李子园,SH,饮料乳品,保留,通过,普通行业,淘汰,综合得分未进入前50,9.48,17.28,2.34,36.9817315,-0.84,1.74,25.816,36.511832,1.357539,17.312534,4.5226880348,0.12229519,0.0,45.4879568411,60,通过,52,普通行业：ROE、现金流、FCF、市值稳定性、毛利率和净利率,25,77,一致,20260804150027,待评,未完成护城河初评,待核验
,410,605338,巴比食品,SH,食品加工,保留,通过,普通行业,淘汰,综合得分未进入前50,19.06,24.18,2.18,45.66140578,-1.5,0.77,17.079,26.99981,0.893555,14.700018,3.8711249632999998,0.08477893,0.0,18.5307127958,60,通过,43,普通行业：ROE、现金流、FCF、市值稳定性、毛利率和净利率,22,65,一致,20260804150023,待评,未完成护城河初评,待核验
,,605339,南侨食品,SH,休闲食品,保留,通过,普通行业,淘汰,当前 PE/PB 缺失、为负或超出本轮可比估值上限,13.4,470.7,1.67,56.85494254,1.52,1.07,12.708,23.99402,1.217518,9.749989,1.3745991826,0.0241773,0.0,19.3467860759,60,通过,37,普通行业：ROE、现金流、FCF、市值稳定性、毛利率和净利率,10,47,一致,20260804150020,待评,未完成护城河初评,待核验
,143,605368,蓝天燃气,SH,燃气Ⅱ,保留,通过,普通行业,淘汰,综合得分未进入前50,6.78,14.12,1.46,48.45231504,-1.31,0.59,15.967,19.454571,1.357548,9.634153,15.4507593007,0.31888588,0.0,43.406971146,70,通过,47,普通行业：ROE、现金流、FCF、市值稳定性、毛利率和净利率,27,74,一致,20260804150027,待评,未完成护城河初评,待核验
,257,605369,拱东医疗,SH,医疗器械,保留,通过,普通行业,淘汰,综合得分未进入前50,16.26,27.93,2.12,35.73997252,-0.91,0.81,20.637,35.434459,1.984348,17.128563,5.1468768265,0.14400898,0.0,19.4703194586,60,通过,52,普通行业：ROE、现金流、FCF、市值稳定性、毛利率和净利率,18,70,一致,20260804150007,待评,未完成护城河初评,待核验
,244,605377,华旺科技,SH,造纸,保留,通过,普通行业,淘汰,综合得分未进入前50,9.1,19.46,1.31,50.65699439,1.79,0.91,16.386,17.678944,1.270587,11.303729,14.1110406828,0.27856056,0.0,35.470564805,60,通过,47,普通行业：ROE、现金流、FCF、市值稳定性、毛利率和净利率,24,71,一致,20260804150025,待评,未完成护城河初评,待核验
,,605378,野马电池,SH,电池,保留,通过,普通行业,淘汰,当前 PE/PB 缺失、为负或超出本轮可比估值上限,13.9,-123.71,3.01,36.3271496,-0.36,0.89,18.017,17.571023,1.405978,9.624665,0.6880103986,0.01893929,0.0,15.4057579246,60,通过,38,普通行业：ROE、现金流、FCF、市值稳定性、毛利率和净利率,7,45,一致,20260804150020,待评,未完成护城河初评,待核验
,,605389,长龄液压,SH,工程机械,周期,通过,周期行业（本次保留）,淘汰,当前 PE/PB 缺失、为负或超出本轮可比估值上限,72.88,90.54,6.53,136.5138536,4.89,0.67,20.039,27.036497,1.056332,19.137831,0.7461073092,0.00546543,0.0,12.293316708,60,通过,42,普通行业：ROE、现金流、FCF、市值稳定性、毛利率和净利率,4,46,一致,20260804150027,待评,未完成护城河初评,待核验
,,605398,新炬网络,SH,IT服务Ⅱ,保留,通过,普通行业,淘汰,当前 PE/PB 缺失、为负或超出本轮可比估值上限,21.05,273.21,3.3,34.25179778,2.73,1.15,23.687,39.094848,1.677712,12.611243,2.4649164371000003,0.07196459,0.0,16.590028182,60,通过,50,普通行业：ROE、现金流、FCF、市值稳定性、毛利率和净利率,7,57,一致,20260804150017,待评,未完成护城河初评,待核验
,567,605580,恒盛能源,SH,电力,保留,通过,普通行业,淘汰,综合得分未进入前50,17.52,25.23,4.96,49.056,2.16,1.89,23.602,25.917542,1.212298,15.915111,0.8572203881,0.01747432,0.0,48.1480293579,70,通过,44,普通行业：ROE、现金流、FCF、市值稳定性、毛利率和净利率,15,59,一致,20260804150022,待评,未完成护城河初评,待核验
,714,688002,睿创微纳,SH,军工电子Ⅱ,保留,通过,普通行业,淘汰,综合得分未进入前50,141.56,34.78,9.34,666.05854962,2.86,1.83,15.257,51.319652,1.100939,23.963008,5.8255284714,0.00874627,0.0,36.863833363,60,通过,43,普通行业：ROE、现金流、FCF、市值稳定性、毛利率和净利率,8,51,一致,20260804150016,待评,未完成护城河初评,待核验
,309,688006,杭可科技,SH,电池,保留,通过,普通行业,淘汰,综合得分未进入前50,21.51,25.35,2.39,129.8498799,1.51,1.85,21.518,31.132567,1.499554,18.567416,13.892551595999999,0.10698933,0.0,50.606985537,60,通过,50,普通行业：ROE、现金流、FCF、市值稳定性、毛利率和净利率,18,68,一致,20260804150012,待评,未完成护城河初评,待核验
,,688008,澜起科技,SH,半导体,保留,通过,普通行业,淘汰,当前 PE/PB 缺失、为负或超出本轮可比估值上限,203.25,73.19,12.18,2480.74352768,7.01,4.31,17.424,54.758174,1.014992,36.261363,43.6457692035,0.01759383,0.0,6.3789795064,60,通过,43,普通行业：ROE、现金流、FCF、市值稳定性、毛利率和净利率,0,43,一致,20260804150027,待评,未完成护城河初评,待核验
,173,688016,心脉医疗,SH,医疗器械,保留,通过,普通行业,淘汰,综合得分未进入前50,93.46,18.6,2.81,115.20077455,-0.47,1.48,28.255,74.754635,0.956193,40.927529,10.4948585121,0.09110059,0.0,11.6917446276,60,通过,50,普通行业：ROE、现金流、FCF、市值稳定性、毛利率和净利率,22,72,一致,20260804150008,待评,未完成护城河初评,待核验
,789,688019,安集科技,SH,电子化学品Ⅱ,保留,通过,普通行业,淘汰,综合得分未进入前50,227.66,62.35,11.51,517.90991497,4.96,4.16,18.671,55.256589,0.720419,25.275207,1.713811002,0.00330909,0.0,29.9197109662,60,通过,39,普通行业：ROE、现金流、FCF、市值稳定性、毛利率和净利率,0,39,一致,20260804150025,待评,未完成护城河初评,待核验
,518,688029,南微医学,SH,医疗器械,保留,通过,普通行业,淘汰,综合得分未进入前50,71.95,23.07,3.33,135.15622013,-1.06,0.95,14.813,64.276521,0.945242,16.228722,11.1080027125,0.0821864,0.0,20.5282288314,60,通过,42,普通行业：ROE、现金流、FCF、市值稳定性、毛利率和净利率,19,61,一致,20260804150018,待评,未完成护城河初评,待核验
,370,688036,传音控股,SH,消费电子,保留,通过,普通行业,淘汰,综合得分未进入前50,57.83,23.76,3.29,665.73002237,-8.21,3.31,23.39,21.320113,1.008185,5.511636,181.49851418990002,0.27263081,0.0,53.4753773455,60,通过,47,普通行业：ROE、现金流、FCF、市值稳定性、毛利率和净利率,19,66,一致,20260804150026,待评,未完成护城河初评,待核验
,795,688049,炬芯科技,SH,半导体,保留,豁免A通过,普通行业,淘汰,综合得分未进入前50,41.05,36.91,3.51,71.90632033,3.17,4.97,7.058889,45.297741,0.719476,,3.1004142857,0.04311741,0.0,13.1901824045,60,通过,23,普通行业：ROE、现金流、FCF、市值稳定性、毛利率和净利率,11,34,一致,20260804150028,待评,未完成护城河初评,待核验
,,688056,莱伯泰科,SH,通用设备,保留,通过,普通行业,淘汰,当前 PE/PB 缺失、为负或超出本轮可比估值上限,37.55,95.76,3.15,25.32839873,7.01,2.62,12.431,46.156164,0.954607,14.014164,0.5144655394,0.02031181,0.0,13.3774137151,60,通过,36,普通行业：ROE、现金流、FCF、市值稳定性、毛利率和净利率,7,43,一致,20260804150021,待评,未完成护城河初评,待核验
,,688057,金达莱,SH,环境治理,保留,通过,普通行业,淘汰,当前 PE/PB 缺失、为负或超出本轮可比估值上限,17.76,90.86,1.57,49.0176,15.25,3.98,14.205,63.225908,1.312763,34.695682,8.9932018654,0.18346883,0.0,10.1152766346,60,通过,49,普通行业：ROE、现金流、FCF、市值稳定性、毛利率和净利率,10,59,一致,20260804150016,待评,未完成护城河初评,待核验
,586,688067,爱威科技,SH,医疗器械,保留,通过,普通行业,淘汰,综合得分未进入前50,21.45,49.1,2.83,14.586,1.42,2.0,10.641,57.782994,1.327806,16.274244,1.1042174292,0.07570392,0.0,11.3368364934,60,通过,44,普通行业：ROE、现金流、FCF、市值稳定性、毛利率和净利率,14,58,一致,20260804150011,待评,未完成护城河初评,待核验
,580,688080,映翰通,SH,通信设备,保留,通过,普通行业,淘汰,综合得分未进入前50,35.18,69.71,2.22,25.91222724,2.75,1.59,15.162,49.306786,1.014298,17.807338,5.1161816879,0.19744276,0.0,14.7205420809,60,通过,48,普通行业：ROE、现金流、FCF、市值稳定性、毛利率和净利率,10,58,一致,20260804150016,待评,未完成护城河初评,待核验
,,688085,三友医疗,SH,医疗器械,保留,通过,普通行业,淘汰,当前 PE/PB 缺失、为负或超出本轮可比估值上限,13.11,170.38,2.28,48.08862686,0.69,1.28,9.094,81.373449,1.285289,18.951639,3.2513649043,0.06761193,0.0,10.6076859614,60,通过,42,普通行业：ROE、现金流、FCF、市值稳定性、毛利率和净利率,10,52,一致,20260804150013,待评,未完成护城河初评,待核验
,752,688088,虹软科技,SH,IT服务Ⅱ,保留,通过,普通行业,淘汰,综合得分未进入前50,34.7,64.35,5.1,139.2061288,3.21,1.86,18.947,90.091982,1.176177,26.253589,2.7278420474000002,0.0195957,0.0,9.5116574233,60,通过,43,普通行业：ROE、现金流、FCF、市值稳定性、毛利率和净利率,4,47,一致,20260804150025,待评,未完成护城河初评,待核验
,786,688099,晶晨股份,SH,半导体,保留,通过,普通行业,淘汰,综合得分未进入前50,96.05,58.69,5.39,406.5988552,4.15,3.18,17.013,37.611882,0.870062,9.988114,10.7918153766,0.02654168,0.0,14.6708146855,60,通过,37,普通行业：ROE、现金流、FCF、市值稳定性、毛利率和净利率,4,41,一致,20260804150018,待评,未完成护城河初评,待核验
,607,688100,威胜信息,SH,通信设备,保留,通过,普通行业,淘汰,综合得分未进入前50,31.35,25.99,4.35,154.14330236,1.13,0.88,15.289,38.549285,0.736601,18.793878,14.9769072793,0.09716223,0.0,37.7942021011,60,通过,42,普通行业：ROE、现金流、FCF、市值稳定性、毛利率和净利率,15,57,一致,20260804150019,待评,未完成护城河初评,待核验
,360,688101,三达膜,SH,环境治理,保留,通过,普通行业,淘汰,行业分散上限：同一细分行业最多入选3家,15.4,12.98,1.14,51.12985816,0.46,1.14,10.353,34.53614,0.875743,25.232043,3.12154191,0.06105125,0.0,29.0116405293,60,通过,40,普通行业：ROE、现金流、FCF、市值稳定性、毛利率和净利率,27,67,一致,20260804150023,待评,未完成护城河初评,待核验
,,688109,品茗科技,SH,软件开发,保留,通过,普通行业,淘汰,当前 PE/PB 缺失、为负或超出本轮可比估值上限,71.47,-101.88,7.28,56.34859181,3.79,1.51,24.953,74.96354,1.552609,15.016792,0.0574083776,0.00101881,0.0,17.059722714,60,通过,48,普通行业：ROE、现金流、FCF、市值稳定性、毛利率和净利率,4,52,一致,20260804150021,待评,未完成护城河初评,待核验
,444,688111,金山办公,SH,软件开发,保留,通过,普通行业,淘汰,综合得分未进入前50,274.45,14.5,8.7,1273.48487236,0.16,3.84,17.889,85.658974,1.496593,29.663825,94.58314612790001,0.07427112,0.0,29.204739616,60,通过,48,普通行业：ROE、现金流、FCF、市值稳定性、毛利率和净利率,15,63,一致,20260804150022,待评,未完成护城河初评,待核验
,,688123,聚辰股份,SH,半导体,保留,通过,普通行业,淘汰,当前 PE/PB 缺失、为负或超出本轮可比估值上限,112.5,144.9,6.93,178.76539013,9.22,5.63,15.99,52.899285,0.899004,21.60615,7.889427083999999,0.04413286,0.0,6.3885215176,60,通过,44,普通行业：ROE、现金流、FCF、市值稳定性、毛利率和净利率,4,48,一致,20260804150027,待评,未完成护城河初评,待核验
,160,688128,中国电研,SH,专用设备,保留,通过,普通行业,淘汰,综合得分未进入前50,22.63,17.09,2.63,91.53835,-0.31,0.6,16.047,30.545669,1.33247,9.258264,18.7735322052,0.20508926,0.0,57.3030547455,60,通过,48,普通行业：ROE、现金流、FCF、市值稳定性、毛利率和净利率,25,73,一致,20260804150012,待评,未完成护城河初评,待核验
,569,688139,海尔生物,SH,医疗器械,保留,通过,普通行业,淘汰,综合得分未进入前50,28.81,28.69,2.1,91.18161083,0.17,0.91,13.506,48.335333,0.846162,19.932482,11.1098178525,0.12184275,0.0,20.1729615735,60,通过,41,普通行业：ROE、现金流、FCF、市值稳定性、毛利率和净利率,18,59,一致,20260804150019,待评,未完成护城河初评,待核验
,,688160,步科股份,SH,自动化设备,保留,通过,普通行业,淘汰,当前 PE/PB 缺失、为负或超出本轮可比估值上限,112.69,193.02,7.84,102.79041564,1.01,2.21,15.036,36.553961,0.984483,12.233588,1.2398246501999999,0.01206168,0.0,20.5114951128,60,通过,39,普通行业：ROE、现金流、FCF、市值稳定性、毛利率和净利率,4,43,一致,20260804150027,待评,未完成护城河初评,待核验
,,688163,赛伦生物,SH,生物制品,保留,通过,普通行业,淘汰,当前 PE/PB 缺失、为负或超出本轮可比估值上限,29.33,1399.08,2.93,31.740926,6.85,1.41,19.071,79.867635,1.082895,33.33241,1.0209331142,0.03216457,0.0,3.8500173945,60,通过,46,普通行业：ROE、现金流、FCF、市值稳定性、毛利率和净利率,10,56,一致,20260804150015,待评,未完成护城河初评,待核验
,172,688169,石头科技,SH,小家电,保留,通过,普通行业,淘汰,综合得分未进入前50,109.14,21.91,2.0,283.27409019,-1.52,1.76,25.692,48.757362,0.908011,14.819999,56.17598697,0.19830965,0.0,28.764186051,60,通过,50,普通行业：ROE、现金流、FCF、市值稳定性、毛利率和净利率,22,72,一致,20260804150024,待评,未完成护城河初评,待核验
,755,688179,阿拉丁,SH,化学制品,周期,通过,周期行业（本次保留）,淘汰,综合得分未进入前50,18.3,56.93,5.13,66.24710843,8.28,3.61,12.062,61.729333,1.162107,24.913568,2.7406252032,0.04136973,0.0,56.2189472899,60,通过,43,普通行业：ROE、现金流、FCF、市值稳定性、毛利率和净利率,4,47,一致,20260804150014,待评,未完成护城河初评,待核验
,421,688188,柏楚电子,SH,计算机设备,保留,通过,普通行业,淘汰,综合得分未进入前50,105.49,33.8,7.3,427.82244113,1.92,0.8,33.638,79.376131,1.090129,57.796631,34.7557274541,0.08123867,0.0,7.4454290644,60,通过,52,普通行业：ROE、现金流、FCF、市值稳定性、毛利率和净利率,12,64,一致,20260804150020,待评,未完成护城河初评,待核验
,767,688198,佰仁医疗,SH,医疗器械,保留,通过,普通行业,淘汰,综合得分未进入前50,82.39,68.57,9.02,113.49068678,-1.51,0.64,17.917,88.996641,1.205338,33.389834,0.753912822,0.00664295,0.0,19.0893373025,60,通过,45,普通行业：ROE、现金流、FCF、市值稳定性、毛利率和净利率,0,45,一致,20260804150012,待评,未完成护城河初评,待核验
,,688200,华峰测控,SH,半导体,保留,通过,普通行业,淘汰,当前 PE/PB 缺失、为负或超出本轮可比估值上限,344.98,183.78,17.15,692.55147941,7.85,2.97,21.953,75.07849,0.792874,41.62628,10.665648254199999,0.01540051,0.0,9.1620395292,60,通过,41,普通行业：ROE、现金流、FCF、市值稳定性、毛利率和净利率,0,41,一致,20260804150027,待评,未完成护城河初评,待核验
,794,688247,宣泰医药,SH,化学制药,保留,豁免A通过,普通行业,淘汰,综合得分未进入前50,8.6,58.85,2.99,38.98724,8.59,2.85,7.84875,59.259478,1.021506,,0.8967805181,0.0230019,0.0,10.1604726115,60,通过,25,普通行业：ROE、现金流、FCF、市值稳定性、毛利率和净利率,10,35,一致,20260804150026,待评,未完成护城河初评,待核验
,,688258,卓易信息,SH,IT服务Ⅱ,保留,通过,普通行业,淘汰,当前 PE/PB 缺失、为负或超出本轮可比估值上限,100.3,51.08,12.85,121.50566371,6.1,3.69,9.651,51.639028,1.533112,21.088775,1.2421374997,0.01022288,0.0,39.7323223265,60,通过,42,普通行业：ROE、现金流、FCF、市值稳定性、毛利率和净利率,0,42,一致,20260804150021,待评,未完成护城河初评,待核验
,716,688278,特宝生物,SH,生物制品,保留,通过,普通行业,淘汰,综合得分未进入前50,57.56,35.71,6.95,234.95386469,-1.59,0.7,18.323,91.529345,0.942111,15.764824,10.6399895415,0.04528544,0.0,21.12581712,60,通过,43,普通行业：ROE、现金流、FCF、市值稳定性、毛利率和净利率,8,51,一致,20260804150012,待评,未完成护城河初评,待核验
,,688283,坤恒顺维,SH,通信设备,保留,通过,普通行业,淘汰,当前 PE/PB 缺失、为负或超出本轮可比估值上限,26.66,184.53,3.39,32.47188,1.45,1.58,27.135,62.991679,1.080469,29.477495,0.7812955323,0.02406068,0.0,16.6845291095,60,通过,47,普通行业：ROE、现金流、FCF、市值稳定性、毛利率和净利率,7,54,一致,20260804150023,待评,未完成护城河初评,待核验
,,688298,东方生物,SH,医疗器械,保留,豁免B通过,普通行业,淘汰,当前 PE/PB 缺失、为负或超出本轮可比估值上限,19.05,-10.23,0.65,38.4048,0.79,0.59,36.537,48.025911,1.528403,3.005162,22.2434304224,0.5791836,0.0,14.7538678936,60,通过,52,普通行业：ROE、现金流、FCF、市值稳定性、毛利率和净利率,12,64,一致,20260804150027,待评,未完成护城河初评,待核验
,,688300,联瑞新材,SH,非金属材料Ⅱ,保留,通过,普通行业,淘汰,当前 PE/PB 缺失、为负或超出本轮可比估值上限,111.18,93.69,16.21,268.46544544,10.96,4.04,18.424,40.390788,1.094328,24.640159,5.475333845900001,0.02039493,0.0,24.5461604043,60,通过,42,普通行业：ROE、现金流、FCF、市值稳定性、毛利率和净利率,0,42,一致,20260804150022,待评,未完成护城河初评,待核验
,561,688315,诺禾致源,SH,医疗服务,保留,通过,普通行业,淘汰,综合得分未进入前50,13.26,46.85,2.08,55.18812,2.79,0.82,10.496,43.235261,1.630752,8.557739,8.0138930825,0.14521047,0.0,31.9911930858,60,通过,45,普通行业：ROE、现金流、FCF、市值稳定性、毛利率和净利率,14,59,一致,20260804150024,待评,未完成护城河初评,待核验
,,688318,财富趋势,SH,软件开发,保留,通过,普通行业,淘汰,当前 PE/PB 缺失、为负或超出本轮可比估值上限,76.33,198.11,7.25,273.69438956,-0.79,2.2,13.192,84.903605,0.830505,75.802044,9.1836494507,0.03355439,0.0,5.3022874446,60,通过,41,普通行业：ROE、现金流、FCF、市值稳定性、毛利率和净利率,4,45,一致,20260804150019,待评,未完成护城河初评,待核验
,,688329,艾隆科技,SH,自动化设备,保留,通过,普通行业,淘汰,当前 PE/PB 缺失、为负或超出本轮可比估值上限,18.65,-15.57,1.96,14.3978,5.25,3.2,10.321,51.563809,1.413037,14.796094,1.0476047879000001,0.07276145,0.0,42.2151863456,60,通过,44,普通行业：ROE、现金流、FCF、市值稳定性、毛利率和净利率,10,54,一致,20260804150008,待评,未完成护城河初评,待核验
,585,688338,赛科希德,SH,医疗器械,保留,通过,普通行业,淘汰,综合得分未进入前50,26.57,36.5,1.68,28.20203568,2.07,0.79,15.452,61.502042,0.996289,33.337538,1.8068439966,0.06406786,0.0,4.2967731399,60,通过,44,普通行业：ROE、现金流、FCF、市值稳定性、毛利率和净利率,14,58,一致,20260804150020,待评,未完成护城河初评,待核验
,643,688356,键凯科技,SH,化学制药,保留,通过,普通行业,淘汰,综合得分未进入前50,66.09,44.71,3.04,40.08404763,5.93,2.61,14.489,76.771455,1.603668,32.846073,0.7789663556,0.01943333,0.0,7.0866337088,60,通过,44,普通行业：ROE、现金流、FCF、市值稳定性、毛利率和净利率,11,55,一致,20260804150022,待评,未完成护城河初评,待核验
,691,688360,德马科技,SH,通用设备,保留,通过,普通行业,淘汰,综合得分未进入前50,15.26,27.15,2.76,40.24758878,0.99,2.05,13.046,24.182795,1.083188,6.486618,0.9790276038,0.02432512,0.0,56.3724913922,60,通过,35,普通行业：ROE、现金流、FCF、市值稳定性、毛利率和净利率,18,53,一致,20260804150024,待评,未完成护城河初评,待核验
,661,688363,华熙生物,SH,医疗美容,保留,通过,普通行业,淘汰,综合得分未进入前50,39.05,72.73,2.67,188.0953535,-0.1,0.87,14.69,74.555399,1.770742,20.409821,2.4483476739,0.01301652,0.0,18.1462062242,60,通过,44,普通行业：ROE、现金流、FCF、市值稳定性、毛利率和净利率,10,54,一致,20260804150020,待评,未完成护城河初评,待核验
,,688367,工大高科,SH,轨交设备Ⅱ,保留,通过,普通行业,淘汰,当前 PE/PB 缺失、为负或超出本轮可比估值上限,29.69,2148.77,4.44,26.01574374,4.54,1.96,8.417,32.466292,1.697918,13.739028,0.6514061225,0.02503892,0.0,19.2598920961,60,通过,40,普通行业：ROE、现金流、FCF、市值稳定性、毛利率和净利率,7,47,一致,20260804150009,待评,未完成护城河初评,待核验
,503,688389,普门科技,SH,医疗器械,保留,通过,普通行业,淘汰,综合得分未进入前50,10.93,36.04,2.31,46.83349029,-1.0,0.56,14.067,62.705427,1.069022,22.606466,8.3576857215,0.17845532,0.0,24.9432956133,60,通过,47,普通行业：ROE、现金流、FCF、市值稳定性、毛利率和净利率,14,61,一致,20260804150013,待评,未完成护城河初评,待核验
,,688390,固德威,SH,光伏设备,保留,通过,普通行业,淘汰,2025年报资产负债率超过普通行业门槛（公用事业放宽至70%）,64.95,38.9,5.55,157.90847358,2.61,3.06,26.511,27.468117,4.245363,8.274962,0.6475419202,0.00410074,0.0,69.496958588,60,不通过,46,普通行业：ROE、现金流、FCF、市值稳定性、毛利率和净利率,8,54,一致,20260804150024,待评,未完成护城河初评,待核验
,605,688395,正弦电气,SH,自动化设备,保留,通过,普通行业,淘汰,综合得分未进入前50,21.91,39.57,2.44,18.97356045,4.53,1.96,14.058,31.979267,1.233323,14.402856,1.5118847181,0.07968376,0.0,20.9070545354,60,通过,43,普通行业：ROE、现金流、FCF、市值稳定性、毛利率和净利率,14,57,一致,20260804150013,待评,未完成护城河初评,待核验
,727,688401,路维光电,SH,半导体,保留,通过,普通行业,淘汰,综合得分未进入前50,65.65,49.41,5.21,134.82520805,10.48,3.88,10.867,32.740275,1.797306,13.245338,1.1309622219,0.00838836,0.0,45.1202273947,60,通过,42,普通行业：ROE、现金流、FCF、市值稳定性、毛利率和净利率,8,50,一致,20260804150015,待评,未完成护城河初评,待核验
,,688459,哈铁科技,SH,轨交设备Ⅱ,保留,豁免A通过,普通行业,淘汰,当前 PE/PB 缺失、为负或超出本轮可比估值上限,8.18,-57.06,1.16,39.264,-0.12,0.21,6.66,36.951066,1.139912,,2.5794158718999998,0.06569417,0.0,18.7697744525,60,通过,27,普通行业：ROE、现金流、FCF、市值稳定性、毛利率和净利率,12,39,一致,20260804150016,待评,未完成护城河初评,待核验
,785,688468,科美诊断,SH,医疗器械,保留,豁免A通过,普通行业,淘汰,综合得分未进入前50,6.16,68.93,1.74,24.7082528,-0.16,0.75,-6.361111,73.150397,1.511884,,1.9173733244,0.07760052,0.0,19.8784261345,60,通过,32,普通行业：ROE、现金流、FCF、市值稳定性、毛利率和净利率,10,42,一致,20260804150008,待评,未完成护城河初评,待核验
,,688479,友车科技,SH,软件开发,保留,通过,普通行业,淘汰,当前 PE/PB 缺失、为负或超出本轮可比估值上限,30.79,144.75,3.36,61.98777044,9.42,4.92,16.909,37.027403,0.718079,17.049548,1.5983623877000002,0.02578512,0.0,10.7371851896,60,通过,37,普通行业：ROE、现金流、FCF、市值稳定性、毛利率和净利率,7,44,一致,20260804150020,待评,未完成护城河初评,待核验
,718,688513,苑东生物,SH,化学制药,保留,通过,普通行业,淘汰,综合得分未进入前50,44.31,38.47,2.7,78.22144263,-0.69,1.82,14.433,79.886852,0.900777,18.183498,1.2838814654000001,0.01641342,0.0,19.9823042767,60,通过,37,普通行业：ROE、现金流、FCF、市值稳定性、毛利率和净利率,14,51,一致,20260804150024,待评,未完成护城河初评,待核验
49,52,688526,科前生物,SH,动物保健Ⅱ,保留,通过,普通行业,入选50家,综合得分靠前，且满足 PE/PB 可比、普通行业负债率门槛与行业分散上限,12.9,18.97,1.5,60.13051922,-0.62,0.29,28.175,71.247554,1.094077,46.664937,15.416137923800001,0.25637793,0.0,11.4847229454,60,通过,54,普通行业：ROE、现金流、FCF、市值稳定性、毛利率和净利率,24,78,一致,20260804150023,待评,未完成护城河初评,待核验
,622,688550,瑞联新材,SH,电子化学品Ⅱ,保留,通过,普通行业,淘汰,综合得分未进入前50,36.13,36.43,1.98,63.61341031,4.12,2.21,12.436,39.664964,1.532001,14.28967,1.4604669435,0.02295848,0.0,10.8046414012,60,通过,42,普通行业：ROE、现金流、FCF、市值稳定性、毛利率和净利率,14,56,一致,20260804150025,待评,未完成护城河初评,待核验
,492,688558,国盛智科,SH,通用设备,保留,通过,普通行业,淘汰,综合得分未进入前50,29.41,23.64,2.34,38.8212,2.44,1.16,14.645,25.9609,0.974756,14.315172,4.8664653383,0.12535587,0.0,26.3673692708,60,通过,40,普通行业：ROE、现金流、FCF、市值稳定性、毛利率和净利率,22,62,一致,20260804150008,待评,未完成护城河初评,待核验
,450,688569,铁科轨道,SH,轨交设备Ⅱ,保留,通过,普通行业,淘汰,综合得分未进入前50,16.67,49.1,1.21,35.11813889,-1.24,0.57,11.385,38.322251,1.217484,13.497903,6.9060194104,0.19665106,0.0,14.3462383278,60,通过,47,普通行业：ROE、现金流、FCF、市值稳定性、毛利率和净利率,16,63,一致,20260804150023,待评,未完成护城河初评,待核验
,778,688578,艾力斯,SH,化学制药,保留,豁免A通过,普通行业,淘汰,综合得分未进入前50,108.62,19.21,6.54,488.79,2.59,1.49,-3.847778,96.772188,1.101671,,38.2393153768,0.07823261,0.0,10.3923227749,60,通过,28,普通行业：ROE、现金流、FCF、市值稳定性、毛利率和净利率,16,44,一致,20260804150022,待评,未完成护城河初评,待核验
,,688579,地纬智能,SH,软件开发,保留,通过,普通行业,淘汰,当前 PE/PB 缺失、为负或超出本轮可比估值上限,8.09,-40.65,2.37,32.360809,1.89,1.32,9.472,52.581793,0.890073,16.010235,0.3542055317,0.01094551,0.0,16.8764100209,60,通过,35,普通行业：ROE、现金流、FCF、市值稳定性、毛利率和净利率,10,45,一致,20260804150019,待评,未完成护城河初评,待核验
,409,688580,伟思医疗,SH,医疗器械,保留,通过,普通行业,淘汰,综合得分未进入前50,48.8,18.98,2.83,46.73638854,4.43,1.95,19.913,69.324929,1.045682,30.711581,1.2513091896,0.02677377,0.0,11.3146482655,60,通过,43,普通行业：ROE、现金流、FCF、市值稳定性、毛利率和净利率,22,65,一致,20260804150007,待评,未完成护城河初评,待核验
,,688588,凌志软件,SH,软件开发,保留,通过,普通行业,淘汰,当前 PE/PB 缺失、为负或超出本轮可比估值上限,9.75,-479.51,3.3,38.02597529,0.31,1.12,13.565,38.077727,1.230811,19.102818,5.460204410299999,0.14359144,0.0,28.5823876573,60,通过,45,普通行业：ROE、现金流、FCF、市值稳定性、毛利率和净利率,7,52,一致,20260804150014,待评,未完成护城河初评,待核验
,,688591,泰凌微,SH,半导体,保留,豁免A通过,普通行业,淘汰,当前 PE/PB 缺失、为负或超出本轮可比估值上限,27.78,202.42,2.81,67.10645948,2.43,2.3,4.065714,45.876193,1.327222,,3.0502207782,0.04545346,0.0,6.8579161638,60,通过,29,普通行业：ROE、现金流、FCF、市值稳定性、毛利率和净利率,10,39,一致,20260804150017,待评,未完成护城河初评,待核验
,,688597,煜邦电力,SH,电网设备,保留,通过,普通行业,淘汰,当前 PE/PB 缺失、为负或超出本轮可比估值上限,6.54,-24.48,2.76,21.97834205,3.48,1.52,10.085,35.89312,1.540092,9.509411,1.5885690912000001,0.07227884,0.0,55.521475678,60,通过,43,普通行业：ROE、现金流、FCF、市值稳定性、毛利率和净利率,10,53,一致,20260804150010,待评,未完成护城河初评,待核验
,255,688606,奥泰生物,SH,医疗器械,保留,通过,普通行业,淘汰,综合得分未进入前50,45.08,46.07,0.94,35.73980943,-0.46,0.52,37.197,54.109179,0.903945,32.836798,14.6183110731,0.4090204,0.0,6.9791692203,60,通过,54,普通行业：ROE、现金流、FCF、市值稳定性、毛利率和净利率,16,70,一致,20260804150018,待评,未完成护城河初评,待核验
,373,688612,威迈斯,SH,汽车零部件,周期,通过,周期行业（本次保留）,淘汰,综合得分未进入前50,30.06,24.03,3.62,126.0065625,1.35,1.17,20.102,19.722208,1.578191,6.626963,11.2829873476,0.08954285,0.0,55.4933859466,60,通过,47,普通行业：ROE、现金流、FCF、市值稳定性、毛利率和净利率,19,66,一致,20260804150009,待评,未完成护城河初评,待核验
,792,688615,合合信息,SH,软件开发,保留,豁免A通过,普通行业,淘汰,综合得分未进入前50,116.28,36.7,7.96,227.9088,1.91,5.82,-62.1375,84.47412,1.437561,,18.0909444642,0.079378,0.0,24.4084565268,60,通过,30,普通行业：ROE、现金流、FCF、市值稳定性、毛利率和净利率,8,38,一致,20260804150020,待评,未完成护城河初评,待核验
,457,688616,西力科技,SH,电网设备,保留,通过,普通行业,淘汰,综合得分未进入前50,10.5,25.24,2.2,18.83471783,1.65,1.1,12.818,30.096081,1.209094,13.383315,2.0578019714,0.10925579,0.0,19.4652616258,60,通过,45,普通行业：ROE、现金流、FCF、市值稳定性、毛利率和净利率,18,63,一致,20260804150009,待评,未完成护城河初评,待核验
,671,688625,呈和科技,SH,化学制品,周期,通过,周期行业（本次保留）,淘汰,综合得分未进入前50,51.04,36.74,8.35,132.53400618,5.19,1.39,30.317,43.522865,1.189576,24.162804,8.052065705599999,0.06075471,0.0,50.9424089469,60,通过,49,普通行业：ROE、现金流、FCF、市值稳定性、毛利率和净利率,4,53,一致,20260804150006,待评,未完成护城河初评,待核验
,,688657,浩辰软件,SH,软件开发,保留,通过,普通行业,淘汰,当前 PE/PB 缺失、为负或超出本轮可比估值上限,30.84,172.89,2.13,29.42764272,2.97,4.11,22.541,92.056233,1.151234,22.147254,3.0029098992,0.10204385,0.0,8.0485924418,60,通过,50,普通行业：ROE、现金流、FCF、市值稳定性、毛利率和净利率,10,60,一致,20260804150007,待评,未完成护城河初评,待核验
,,688663,新风光,SH,电网设备,保留,通过,普通行业,淘汰,当前 PE/PB 缺失、为负或超出本轮可比估值上限,52.81,622.21,7.68,104.16666035,5.6,2.48,15.734,25.294463,1.481807,11.294046,8.0954461143,0.07771629,0.0,61.0523147665,60,不通过,45,普通行业：ROE、现金流、FCF、市值稳定性、毛利率和净利率,4,49,一致,20260804150022,待评,未完成护城河初评,待核验
,660,688677,海泰新光,SH,医疗器械,保留,通过,普通行业,淘汰,综合得分未进入前50,69.49,44.12,6.34,83.3025273,8.16,3.73,21.756,64.341988,0.861187,30.852569,2.7786411538999998,0.03335602,0.0,17.7353154915,60,通过,46,普通行业：ROE、现金流、FCF、市值稳定性、毛利率和净利率,8,54,一致,20260804150022,待评,未完成护城河初评,待核验
,,688681,科汇股份,SH,电网设备,保留,通过,普通行业,淘汰,当前 PE/PB 缺失、为负或超出本轮可比估值上限,16.19,165.77,2.82,16.946073,2.08,2.23,9.487,43.086808,1.202279,9.69036,0.0593062001,0.0034997,0.0,30.7338723423,60,通过,36,普通行业：ROE、现金流、FCF、市值稳定性、毛利率和净利率,10,46,一致,20260804150029,待评,未完成护城河初评,待核验
,,688739,成大生物,SH,生物制品,保留,通过,普通行业,淘汰,当前 PE/PB 缺失、为负或超出本轮可比估值上限,20.26,-1105.68,0.91,84.37277,0.3,0.42,14.901,84.584388,1.366699,35.750833,3.2919237014999996,0.03901642,0.0,4.0225810745,60,通过,45,普通行业：ROE、现金流、FCF、市值稳定性、毛利率和净利率,12,57,一致,20260804150013,待评,未完成护城河初评,待核验
,,688750,金天钛业,SH,小金属,周期,豁免A通过,周期行业（本次保留）,淘汰,当前 PE/PB 缺失、为负或超出本轮可比估值上限,14.57,174.21,2.74,67.38625,0.41,1.12,7.958333,35.032192,1.539977,,2.4632112856,0.03655362,0.0,33.4334666674,60,通过,31,普通行业：ROE、现金流、FCF、市值稳定性、毛利率和净利率,10,41,一致,20260804150026,待评,未完成护城河初评,待核验
,771,688755,汉邦科技,SH,专用设备,保留,豁免A通过,普通行业,淘汰,综合得分未进入前50,24.92,38.62,2.27,28.50848,1.3,1.12,7.816667,38.337708,2.533512,,0.9926711457999999,0.03482021,0.0,35.8913790117,60,通过,31,普通行业：ROE、现金流、FCF、市值稳定性、毛利率和净利率,14,45,一致,20260804150026,待评,未完成护城河初评,待核验
,,688808,联讯仪器,SH,通用设备,保留,豁免A通过,普通行业,淘汰,当前 PE/PB 缺失、为负或超出本轮可比估值上限,1948.8,420.67,68.21,2000.7680065,20.0,11.55,2.85,,,,,,,51.0269988297,60,通过,0,普通行业：ROE、现金流、FCF、市值稳定性、毛利率和净利率,0,0,一致,20260804150018,待评,未完成护城河初评,待核验
,,688820,盛合晶微,SH,半导体,保留,豁免A通过,普通行业,淘汰,当前 PE/PB 缺失、为负或超出本轮可比估值上限,126.33,307.49,12.23,2353.24251674,8.51,8.77,0.085,,,,,,,36.169799739,60,通过,0,普通行业：ROE、现金流、FCF、市值稳定性、毛利率和净利率,0,0,一致,20260804150026,待评,未完成护城河初评,待核验
,,688825,长鑫科技,SH,半导体,保留,豁免A通过,普通行业,淘汰,当前 PE/PB 缺失、为负或超出本轮可比估值上限,55.0,37.14,26.39,36784.48734235,0.02,11.29,-16.945,,,,,,,57.0550769923,60,通过,0,普通行业：ROE、现金流、FCF、市值稳定性、毛利率和净利率,4,4,一致,20260804150029,待评,未完成护城河初评,待核验
,431,920000,安徽凤凰,BJ,汽车零部件,周期,通过,周期行业（本次保留）,淘汰,综合得分未进入前50,14.39,25.37,1.98,13.192752,1.41,2.85,12.601,23.757532,1.266959,12.867413,2.216264205,0.16799105,0.0,18.6595050949,60,通过,46,普通行业：ROE、现金流、FCF、市值稳定性、毛利率和净利率,18,64,一致,20260804150003,待评,未完成护城河初评,待核验
26,26,920003,中诚咨询,BJ,工程咨询服务Ⅱ,保留,通过,普通行业,入选50家,综合得分靠前，且满足 PE/PB 可比、普通行业负债率门槛与行业分散上限,16.7,9.0,2.56,15.1302,0.36,0.77,40.811,45.488566,1.092722,18.211231,3.9920113714,0.26384393,0.0,24.9378217362,60,通过,52,普通行业：ROE、现金流、FCF、市值稳定性、毛利率和净利率,28,80,一致,20260804150003,3/5,工程咨询资质、专业经验和客户关系；小市值需复核,初评达到★★★
,,920006,晟楠科技,BJ,航空装备Ⅱ,保留,通过,普通行业,淘汰,当前 PE/PB 缺失、为负或超出本轮可比估值上限,16.29,-74.18,4.83,14.70778488,1.05,3.45,10.718,49.492077,1.147946,14.391448,0.0649484646,0.00441592,0.0,38.8811853236,60,通过,38,普通行业：ROE、现金流、FCF、市值稳定性、毛利率和净利率,7,45,一致,20260804150003,待评,未完成护城河初评,待核验
,,920021,流金科技,BJ,电视广播Ⅱ,保留,通过,普通行业,淘汰,当前 PE/PB 缺失、为负或超出本轮可比估值上限,7.65,102.29,3.67,23.6384987,7.44,14.77,10.043,19.462037,2.395151,5.756951,0.7429026059,0.03142766,0.0,36.5734527945,60,通过,40,普通行业：ROE、现金流、FCF、市值稳定性、毛利率和净利率,7,47,一致,20260804150003,待评,未完成护城河初评,待核验
,758,920058,华洋赛车,BJ,摩托车及其他,保留,通过,普通行业,淘汰,综合得分未进入前50,27.8,50.8,4.63,15.58359858,1.09,3.27,34.269,21.212662,0.928157,8.520923,0.1070881034,0.00687185,0.0,49.1391120153,60,通过,40,普通行业：ROE、现金流、FCF、市值稳定性、毛利率和净利率,7,47,一致,20260804150003,待评,未完成护城河初评,待核验
,,920061,西磁科技,BJ,专用设备,保留,通过,普通行业,淘汰,当前 PE/PB 缺失、为负或超出本轮可比估值上限,16.68,233.14,4.29,11.807772,0.42,1.74,22.308,32.773971,1.405786,16.406019,0.8262838211,0.06997796,0.0,8.4627900194,60,通过,48,普通行业：ROE、现金流、FCF、市值稳定性、毛利率和净利率,7,55,一致,20260804150003,待评,未完成护城河初评,待核验
,,920068,天工股份,BJ,小金属,周期,通过,周期行业（本次保留）,淘汰,当前 PE/PB 缺失、为负或超出本轮可比估值上限,14.46,23817.59,7.43,94.79976217,0.77,0.58,8.995,23.953008,1.220039,13.992398,4.236741109,0.04469147,0.0,,60,数据不足,40,普通行业：ROE、现金流、FCF、市值稳定性、毛利率和净利率,4,44,一致,20260804150003,待评,未完成护城河初评,待核验
,,920072,科莱瑞迪,BJ,医疗器械,保留,通过,普通行业,淘汰,缺少2025年报资产负债率，未满足本层硬门槛,27.08,35.27,2.88,20.74328,2.97,9.16,20.461,63.158744,1.053687,24.33677,0.8092017333,0.03901031,0.0,,60,数据不足,48,普通行业：ROE、现金流、FCF、市值稳定性、毛利率和净利率,14,62,一致,20260804150003,待评,未完成护城河初评,待核验
,289,920080,奥美森,BJ,专用设备,保留,通过,普通行业,淘汰,综合得分未进入前50,21.16,19.84,3.24,17.5628,0.91,1.02,17.423,43.082015,1.609971,13.29115,1.6462430983,0.09373466,0.0,45.2248225069,60,通过,50,普通行业：ROE、现金流、FCF、市值稳定性、毛利率和净利率,19,69,一致,20260804150003,待评,未完成护城河初评,待核验
,439,920086,科马材料,BJ,汽车零部件,周期,通过,周期行业（本次保留）,淘汰,综合得分未进入前50,21.21,18.2,2.12,17.748528,-0.42,3.02,14.854,43.731946,1.173702,26.312559,0.9144653115000001,0.05152345,0.0,11.1602005811,60,通过,42,普通行业：ROE、现金流、FCF、市值稳定性、毛利率和净利率,22,64,一致,20260804150003,待评,未完成护城河初评,待核验
,,920087,秋乐种业,BJ,种植业,保留,通过,普通行业,淘汰,当前 PE/PB 缺失、为负或超出本轮可比估值上限,9.57,-49.7,2.99,15.80964,-0.73,2.56,10.359,30.186261,1.403093,8.477514,2.1578133471000003,0.13648719,0.0,23.4174433133,60,通过,43,普通行业：ROE、现金流、FCF、市值稳定性、毛利率和净利率,10,53,一致,20260804150003,待评,未完成护城河初评,待核验
,295,920101,志高机械,BJ,工程机械,周期,通过,周期行业（本次保留）,淘汰,综合得分未进入前50,16.85,23.38,1.99,21.03005415,0.24,0.98,23.109,25.523081,1.148424,8.936822,3.4882492379000003,0.16586972,0.0,23.1424441441,60,通过,47,普通行业：ROE、现金流、FCF、市值稳定性、毛利率和净利率,22,69,一致,20260804150003,待评,未完成护城河初评,待核验
,649,920110,雷特科技,BJ,其他电源设备Ⅱ,保留,通过,普通行业,淘汰,综合得分未进入前50,25.89,45.39,2.84,10.0971,0.04,1.26,17.267,47.163161,0.763824,23.37399,0.6538109047,0.06475235,0.0,7.4942727127,60,通过,41,普通行业：ROE、现金流、FCF、市值稳定性、毛利率和净利率,14,55,一致,20260804150003,待评,未完成护城河初评,待核验
,,920122,中纺标,BJ,专业服务,保留,通过,普通行业,淘汰,当前 PE/PB 缺失、为负或超出本轮可比估值上限,22.18,492.59,6.16,20.45929955,1.14,2.06,13.953,49.594329,1.846451,15.833626,1.1800110012,0.05767602,0.0,12.6445478473,60,通过,45,普通行业：ROE、现金流、FCF、市值稳定性、毛利率和净利率,4,49,一致,20260804150003,待评,未完成护城河初评,待核验
,317,920132,泰鹏智能,BJ,家居用品,保留,通过,普通行业,淘汰,综合得分未进入前50,8.45,24.89,3.46,9.0982164,-0.24,1.79,43.454,22.571302,1.91132,7.031583,0.4125998564,0.04534953,0.0,37.7343619638,60,通过,49,普通行业：ROE、现金流、FCF、市值稳定性、毛利率和净利率,19,68,一致,20260804150003,待评,未完成护城河初评,待核验
,732,920168,通宝光电,BJ,汽车零部件,周期,通过,周期行业（本次保留）,淘汰,综合得分未进入前50,15.94,47.37,1.54,11.98263996,0.19,0.67,13.991,21.231105,0.716027,11.684054,0.49654662899999996,0.04143883,0.0,52.4706256439,60,通过,36,普通行业：ROE、现金流、FCF、市值稳定性、毛利率和净利率,14,50,一致,20260804150003,待评,未完成护城河初评,待核验
,381,920174,五新智能,BJ,基础建设,周期,通过,周期行业（本次保留）,淘汰,综合得分未进入前50,26.97,24.88,2.25,58.4992491,-0.66,1.68,20.513,33.031653,0.785847,15.004584,5.186397674,0.08865751,0.0,48.0641654245,60,通过,44,普通行业：ROE、现金流、FCF、市值稳定性、毛利率和净利率,22,66,一致,20260804150003,待评,未完成护城河初评,待核验
,187,920187,通领科技,BJ,汽车零部件,周期,通过,周期行业（本次保留）,淘汰,综合得分未进入前50,20.08,17.21,1.46,18.168384,0.0,2.04,16.392,26.289067,1.034023,8.452144,3.3119466162999998,0.18229176,0.0,31.3516468534,60,通过,45,普通行业：ROE、现金流、FCF、市值稳定性、毛利率和净利率,27,72,一致,20260804150003,待评,未完成护城河初评,待核验
,312,920208,青矩技术,BJ,工程咨询服务Ⅱ,保留,通过,普通行业,淘汰,综合得分未进入前50,12.24,32.3,2.3,22.79607282,0.25,1.07,30.618,46.212988,0.815627,17.52408,6.3705496976,0.27945821,0.0,30.5161103051,60,通过,50,普通行业：ROE、现金流、FCF、市值稳定性、毛利率和净利率,18,68,一致,20260804150003,待评,未完成护城河初评,待核验
,563,920225,利通科技,BJ,橡胶,保留,通过,普通行业,淘汰,综合得分未进入前50,14.66,48.98,2.56,18.60630986,-0.27,2.65,14.522,39.183906,1.310946,15.408836,2.7464337132,0.14760765,0.0,20.9597472533,60,通过,45,普通行业：ROE、现金流、FCF、市值稳定性、毛利率和净利率,14,59,一致,20260804150003,待评,未完成护城河初评,待核验
,525,920227,美登科技,BJ,IT服务Ⅱ,保留,通过,普通行业,淘汰,综合得分未进入前50,51.15,42.91,5.12,19.91857725,6.12,5.85,28.087,68.548286,1.085823,42.150934,2.3413549107,0.11754629,0.0,6.3194441774,60,通过,52,普通行业：ROE、现金流、FCF、市值稳定性、毛利率和净利率,8,60,一致,20260804150003,待评,未完成护城河初评,待核验
,587,920237,力佳科技,BJ,电池,保留,通过,普通行业,淘汰,综合得分未进入前50,12.7,43.14,2.32,12.06907416,-1.47,1.12,14.079,29.593342,1.385016,12.455695,1.1945497227,0.09897609,0.0,23.2080003092,60,通过,44,普通行业：ROE、现金流、FCF、市值稳定性、毛利率和净利率,14,58,一致,20260804150003,待评,未完成护城河初评,待核验
,240,920242,建邦科技,BJ,汽车零部件,周期,通过,周期行业（本次保留）,淘汰,综合得分未进入前50,13.74,18.27,1.93,12.94496238,-1.51,0.53,26.33,27.557213,1.005714,11.515627,1.2083633492,0.09334622,0.0,28.809504787,60,通过,49,普通行业：ROE、现金流、FCF、市值稳定性、毛利率和净利率,22,71,一致,20260804150003,待评,未完成护城河初评,待核验
,680,920260,中寰股份,BJ,通用设备,保留,通过,普通行业,淘汰,综合得分未进入前50,7.89,64.35,1.89,8.170095,0.64,0.51,13.836,34.235056,0.901611,18.46502,1.4566108109,0.17828566,0.0,28.451757815,60,通过,43,普通行业：ROE、现金流、FCF、市值稳定性、毛利率和净利率,10,53,一致,20260804150003,待评,未完成护城河初评,待核验
,494,920262,太湖雪,BJ,服装家纺,保留,通过,普通行业,淘汰,综合得分未进入前50,13.56,20.78,2.96,11.24626018,0.0,2.62,17.991,40.861071,0.922966,7.771574,0.8807866451999999,0.07831818,0.0,32.0556561563,60,通过,40,普通行业：ROE、现金流、FCF、市值稳定性、毛利率和净利率,22,62,一致,20260804150003,待评,未完成护城河初评,待核验
,745,920270,天铭科技,BJ,汽车零部件,周期,通过,周期行业（本次保留）,淘汰,综合得分未进入前50,12.03,52.59,3.09,12.5853048,-0.91,1.08,15.085,40.137016,1.059656,16.216971,0.11143694529999999,0.00885453,0.0,18.9080562256,60,通过,41,普通行业：ROE、现金流、FCF、市值稳定性、毛利率和净利率,7,48,一致,20260804150003,待评,未完成护城河初评,待核验
,352,920271,邦德股份,BJ,汽车零部件,周期,通过,周期行业（本次保留）,淘汰,综合得分未进入前50,9.38,18.84,1.96,12.2711974,0.0,1.56,23.002,37.28827,0.974333,22.308811,0.4004169496,0.03263063,0.0,20.2495349888,60,通过,45,普通行业：ROE、现金流、FCF、市值稳定性、毛利率和净利率,22,67,一致,20260804150003,待评,未完成护城河初评,待核验
,606,920273,一致魔芋,BJ,农产品加工,保留,通过,普通行业,淘汰,综合得分未进入前50,16.56,36.7,2.71,17.0630769,0.12,2.13,18.542,22.651814,1.147106,11.086984,1.0630419677,0.06230072,0.0,13.209239495,60,通过,43,普通行业：ROE、现金流、FCF、市值稳定性、毛利率和净利率,14,57,一致,20260804150003,待评,未完成护城河初评,待核验
,,920275,驱动力,BJ,动物保健Ⅱ,保留,通过,普通行业,淘汰,当前 PE/PB 缺失、为负或超出本轮可比估值上限,6.29,661.94,4.36,10.02485104,-0.32,0.25,17.118,34.748918,1.447551,18.669557,0.7568174543,0.07549413,0.0,3.3789744404,60,通过,46,普通行业：ROE、现金流、FCF、市值稳定性、毛利率和净利率,7,53,一致,20260804150003,待评,未完成护城河初评,待核验
,,920278,鹿得医疗,BJ,医疗器械,保留,通过,普通行业,淘汰,当前 PE/PB 缺失、为负或超出本轮可比估值上限,6.26,401.33,2.84,10.9237,0.32,1.62,10.972,25.392154,2.281737,8.695596,1.2862795573999999,0.11775127,0.0,36.4055519558,60,通过,44,普通行业：ROE、现金流、FCF、市值稳定性、毛利率和净利率,10,54,一致,20260804150003,待评,未完成护城河初评,待核验
,,920299,灿能电力,BJ,电网设备,保留,通过,普通行业,淘汰,当前 PE/PB 缺失、为负或超出本轮可比估值上限,16.92,123.56,5.49,15.2464895,1.5,6.66,21.641,55.645266,1.092478,29.058401,1.1204038257,0.07348602,0.0,15.6571322695,60,通过,48,普通行业：ROE、现金流、FCF、市值稳定性、毛利率和净利率,4,52,一致,20260804150003,待评,未完成护城河初评,待核验
,432,920346,威贸电子,BJ,消费电子,保留,通过,普通行业,淘汰,综合得分未进入前50,14.97,31.8,2.63,12.07376952,1.29,0.92,16.228,30.517557,1.193726,17.400334,1.6510533471000002,0.13674713,0.0,16.5271226269,60,通过,46,普通行业：ROE、现金流、FCF、市值稳定性、毛利率和净利率,18,64,一致,20260804150003,待评,未完成护城河初评,待核验
,,920367,新赣江,BJ,化学制药,保留,通过,普通行业,淘汰,当前 PE/PB 缺失、为负或超出本轮可比估值上限,20.91,119.19,3.07,14.81708738,7.84,15.78,36.9,45.033198,1.435382,25.993925,0.4908869789,0.03312979,0.0,15.9546773826,60,通过,51,普通行业：ROE、现金流、FCF、市值稳定性、毛利率和净利率,7,58,一致,20260804150003,待评,未完成护城河初评,待核验
,,920374,云里物里,BJ,通信设备,保留,通过,普通行业,淘汰,当前 PE/PB 缺失、为负或超出本轮可比估值上限,15.24,163.75,5.1,13.04451036,2.35,2.59,36.628,43.537777,1.409727,14.312268,1.5718543841,0.1204993,0.0,23.9560969963,60,通过,52,普通行业：ROE、现金流、FCF、市值稳定性、毛利率和净利率,4,56,一致,20260804150003,待评,未完成护城河初评,待核验
,,920392,佳合科技,BJ,包装印刷,保留,通过,普通行业,淘汰,当前 PE/PB 缺失、为负或超出本轮可比估值上限,13.76,95.33,3.09,10.55046624,0.88,0.78,21.172,15.945351,1.383502,8.250958,0.264994571,0.02511686,0.0,36.2242538277,60,通过,40,普通行业：ROE、现金流、FCF、市值稳定性、毛利率和净利率,7,47,一致,20260804150003,待评,未完成护城河初评,待核验
,336,920395,朗鸿科技,BJ,专用设备,保留,通过,普通行业,淘汰,综合得分未进入前50,7.12,27.37,4.94,10.86410212,0.14,0.55,27.312,55.593631,1.068486,23.97377,1.4280958643000001,0.13145089,0.0,19.3528600115,60,通过,52,普通行业：ROE、现金流、FCF、市值稳定性、毛利率和净利率,15,67,一致,20260804150003,待评,未完成护城河初评,待核验
,725,920396,常辅股份,BJ,自动化设备,保留,通过,普通行业,淘汰,综合得分未进入前50,21.68,55.45,4.41,15.65754228,-1.99,11.71,14.033,39.419789,1.432857,13.146165,0.7277362884999999,0.04647832,0.0,41.949062818,60,通过,43,普通行业：ROE、现金流、FCF、市值稳定性、毛利率和净利率,7,50,一致,20260804150003,待评,未完成护城河初评,待核验
,724,920403,康农种业,BJ,种植业,保留,通过,普通行业,淘汰,综合得分未进入前50,18.47,67.37,3.71,20.18719062,-2.02,2.49,20.285,34.958432,0.753887,25.182229,0.8177563198000001,0.04050867,0.0,42.5180528066,60,通过,43,普通行业：ROE、现金流、FCF、市值稳定性、毛利率和净利率,7,50,一致,20260804150006,待评,未完成护城河初评,待核验
,,920407,驰诚股份,BJ,通用设备,保留,通过,普通行业,淘汰,当前 PE/PB 缺失、为负或超出本轮可比估值上限,10.48,329.1,4.38,11.63271616,-0.1,1.35,16.335,44.779506,0.847341,17.194315,0.4355889789,0.03744517,0.0,23.4351353261,60,通过,42,普通行业：ROE、现金流、FCF、市值稳定性、毛利率和净利率,7,49,一致,20260804150006,待评,未完成护城河初评,待核验
,508,920418,苏轴股份,BJ,汽车零部件,周期,通过,周期行业（本次保留）,淘汰,综合得分未进入前50,18.82,25.49,3.42,30.58054272,0.8,0.99,19.177,34.533122,1.007314,16.723908,3.9641046329000003,0.12962833,0.0,15.412169495,60,通过,46,普通行业：ROE、现金流、FCF、市值稳定性、毛利率和净利率,15,61,一致,20260804150006,待评,未完成护城河初评,待核验
,464,920425,乐创技术,BJ,自动化设备,保留,通过,普通行业,淘汰,综合得分未进入前50,14.4,17.11,5.16,14.50240805,0.0,2.14,16.317,66.419698,0.852575,21.42411,0.6575403593,0.04534008,0.0,5.0852719139,60,通过,44,普通行业：ROE、现金流、FCF、市值稳定性、毛利率和净利率,19,63,一致,20260804150006,待评,未完成护城河初评,待核验
,,920429,康比特,BJ,食品加工,保留,通过,普通行业,淘汰,当前 PE/PB 缺失、为负或超出本轮可比估值上限,8.94,-34.99,1.35,11.1281544,1.13,0.86,10.546,39.680456,1.182724,12.113583,2.1498679801,0.19319178,0.0,30.4556444143,60,通过,45,普通行业：ROE、现金流、FCF、市值稳定性、毛利率和净利率,12,57,一致,20260804150006,待评,未完成护城河初评,待核验
,656,920445,龙竹科技,BJ,家居用品,保留,通过,普通行业,淘汰,综合得分未进入前50,6.68,51.04,3.19,9.89675567,0.6,5.27,19.098,25.325609,2.236805,13.743826,0.6182795123,0.06247295,0.0,25.5089229322,60,通过,47,普通行业：ROE、现金流、FCF、市值稳定性、毛利率和净利率,7,54,一致,20260804150006,待评,未完成护城河初评,待核验
,717,920454,同心传动,BJ,汽车零部件,周期,通过,周期行业（本次保留）,淘汰,综合得分未进入前50,10.98,40.72,3.54,11.53998,-0.99,2.11,10.568,27.973779,1.186768,15.009432,0.9102654794,0.07887929,0.0,20.655001762,60,通过,40,普通行业：ROE、现金流、FCF、市值稳定性、毛利率和净利率,11,51,一致,20260804150006,待评,未完成护城河初评,待核验
,627,920455,汇隆活塞,BJ,专用设备,保留,通过,普通行业,淘汰,综合得分未进入前50,5.83,31.59,3.15,10.345335,-0.51,0.59,15.517,40.312157,0.782705,23.055094,0.7036588071,0.06801702,0.0,11.2434192278,60,通过,41,普通行业：ROE、现金流、FCF、市值稳定性、毛利率和净利率,15,56,一致,20260804150006,待评,未完成护城河初评,待核验
,,920476,海能技术,BJ,通用设备,保留,通过,普通行业,淘汰,当前 PE/PB 缺失、为负或超出本轮可比估值上限,20.95,-1564.88,4.06,17.8451681,1.7,0.86,9.102222,66.554042,1.345972,13.15066,1.4638792226,0.08203225,0.0,22.899436163,60,通过,44,普通行业：ROE、现金流、FCF、市值稳定性、毛利率和净利率,7,51,一致,20260804150006,待评,未完成护城河初评,待核验
,,920478,峆一药业,BJ,化学制药,保留,通过,普通行业,淘汰,当前 PE/PB 缺失、为负或超出本轮可比估值上限,10.31,88.16,2.24,11.36081376,5.31,6.05,15.304,36.155843,1.042378,19.312622,0.2689937758,0.02367733,0.0,17.7570914579,60,通过,41,普通行业：ROE、现金流、FCF、市值稳定性、毛利率和净利率,10,51,一致,20260804150006,待评,未完成护城河初评,待核验
,764,920491,奥迪威,BJ,元件,保留,通过,普通行业,淘汰,综合得分未进入前50,23.18,62.0,3.14,32.71698912,1.44,1.66,8.132,35.444815,1.047539,12.645696,1.6517538912,0.05048612,0.0,13.5346865113,60,通过,39,普通行业：ROE、现金流、FCF、市值稳定性、毛利率和净利率,7,46,一致,20260804150006,待评,未完成护城河初评,待核验
,,920496,许昌智能,BJ,电网设备,保留,通过,普通行业,淘汰,当前 PE/PB 缺失、为负或超出本轮可比估值上限,6.49,364.7,1.91,10.7458175,-0.61,2.46,8.457,25.038307,1.352418,7.192232,0.0869767565,0.00809401,0.0,45.5522978235,60,通过,35,普通行业：ROE、现金流、FCF、市值稳定性、毛利率和净利率,10,45,一致,20260804150006,待评,未完成护城河初评,待核验
,,920504,博迅生物,BJ,医疗器械,保留,通过,普通行业,淘汰,当前 PE/PB 缺失、为负或超出本轮可比估值上限,16.95,122.77,3.69,7.34496045,0.83,1.79,16.624,40.184735,1.127951,13.73666,0.7641908621,0.10404288,0.0,23.9363008565,60,通过,46,普通行业：ROE、现金流、FCF、市值稳定性、毛利率和净利率,7,53,一致,20260804150006,待评,未完成护城河初评,待核验
,742,920509,同惠电子,BJ,通用设备,保留,通过,普通行业,淘汰,综合得分未进入前50,19.6,68.58,9.42,31.41991642,3.32,2.92,21.793,56.641405,1.008108,30.115626,1.4044768911,0.04470021,0.0,13.1441059758,60,通过,48,普通行业：ROE、现金流、FCF、市值稳定性、毛利率和净利率,0,48,一致,20260804150006,待评,未完成护城河初评,待核验
,495,920519,万德股份,BJ,化学制品,周期,通过,周期行业（本次保留）,淘汰,综合得分未进入前50,9.98,20.14,1.72,8.90795878,-0.1,0.83,10.591,18.999944,1.696925,6.788243,0.6572042306,0.0737772,0.0,10.7632005982,60,通过,40,普通行业：ROE、现金流、FCF、市值稳定性、毛利率和净利率,22,62,一致,20260804150006,待评,未完成护城河初评,待核验
,,920522,纳科诺尔,BJ,电池,保留,通过,普通行业,淘汰,当前 PE/PB 缺失、为负或超出本轮可比估值上限,20.88,98.74,4.27,45.82137047,-2.29,4.17,14.445,22.081888,0.993861,5.778494,0.8378876505,0.01828596,0.0,56.5338641238,60,通过,33,普通行业：ROE、现金流、FCF、市值稳定性、毛利率和净利率,7,40,一致,20260804150006,待评,未完成护城河初评,待核验
,141,920523,德瑞锂电,BJ,电池,保留,通过,普通行业,淘汰,综合得分未进入前50,15.24,15.2,2.19,15.43832864,0.46,1.04,25.759,35.785941,1.168579,21.430178,0.7006465103,0.04538357,0.0,30.5459297243,60,通过,49,普通行业：ROE、现金流、FCF、市值稳定性、毛利率和净利率,25,74,一致,20260804150006,待评,未完成护城河初评,待核验
,668,920527,夜光明,BJ,纺织制造,保留,通过,普通行业,淘汰,综合得分未进入前50,13.62,37.15,2.13,8.17781574,1.49,1.4,13.131,19.5918,1.686795,7.644401,0.3337253067,0.04080861,0.0,31.8577865787,60,通过,40,普通行业：ROE、现金流、FCF、市值稳定性、毛利率和净利率,14,54,一致,20260804150006,待评,未完成护城河初评,待核验
,252,920547,无锡晶海,BJ,生物制品,保留,通过,普通行业,淘汰,综合得分未进入前50,17.9,17.58,1.95,13.906152,0.62,0.76,15.771,31.897375,1.378242,12.876124,1.0470801848,0.07529618,0.0,20.3991321815,60,通过,46,普通行业：ROE、现金流、FCF、市值稳定性、毛利率和净利率,25,71,一致,20260804150006,待评,未完成护城河初评,待核验
,679,920556,雅达股份,BJ,电网设备,保留,通过,普通行业,淘汰,综合得分未进入前50,6.83,54.56,2.13,10.9717859,0.29,1.83,10.322,33.688234,1.299522,13.848083,0.8232507814,0.07503343,0.0,16.2548352108,60,通过,43,普通行业：ROE、现金流、FCF、市值稳定性、毛利率和净利率,10,53,一致,20260804150006,待评,未完成护城河初评,待核验
,,920564,天润科技,BJ,IT服务Ⅱ,保留,通过,普通行业,淘汰,当前 PE/PB 缺失、为负或超出本轮可比估值上限,14.34,-21.19,5.07,15.33295107,2.43,2.42,16.897,33.163071,1.490077,13.142154,0.0631352164,0.00411762,0.0,25.9112550698,60,通过,43,普通行业：ROE、现金流、FCF、市值稳定性、毛利率和净利率,4,47,一致,20260804150006,待评,未完成护城河初评,待核验
,251,920566,梓橦宫,BJ,化学制药,保留,通过,普通行业,淘汰,综合得分未进入前50,9.77,14.59,1.7,14.11392568,0.72,1.53,14.267,79.341836,1.026919,18.387796,3.1080545137,0.22021191,0.0,13.6013486346,60,通过,46,普通行业：ROE、现金流、FCF、市值稳定性、毛利率和净利率,25,71,一致,20260804150006,待评,未完成护城河初评,待核验
,169,920599,同力股份,BJ,工程机械,周期,通过,周期行业（本次保留）,淘汰,综合得分未进入前50,17.09,10.46,2.26,79.0455225,-0.06,0.52,24.862,20.193722,0.8814,9.190205,22.4953836954,0.2845877,0.0,53.4571874477,60,通过,45,普通行业：ROE、现金流、FCF、市值稳定性、毛利率和净利率,28,73,一致,20260804150006,待评,未完成护城河初评,待核验
,516,920627,力王股份,BJ,电池,保留,通过,普通行业,淘汰,综合得分未进入前50,13.99,33.81,2.82,13.213555,0.0,2.38,16.31,15.892,1.887847,8.133344,0.6762980370999999,0.05118214,0.0,41.0650753797,60,通过,43,普通行业：ROE、现金流、FCF、市值稳定性、毛利率和净利率,18,61,一致,20260804150006,待评,未完成护城河初评,待核验
,,920640,富士达,BJ,通信设备,保留,通过,普通行业,淘汰,当前 PE/PB 缺失、为负或超出本轮可比估值上限,27.09,100.55,5.58,50.8555152,2.0,1.75,13.208,36.882382,0.963549,10.509603,1.295427412,0.0254727,0.0,39.3942286179,60,通过,36,普通行业：ROE、现金流、FCF、市值稳定性、毛利率和净利率,4,40,一致,20260804150006,待评,未完成护城河初评,待核验
,459,920651,天罡股份,BJ,通用设备,保留,通过,普通行业,淘汰,综合得分未进入前50,24.09,33.61,2.89,14.6949,8.27,2.94,17.272,49.830508,0.91831,23.532801,1.8335185064,0.12477244,0.0,27.7079688159,60,通过,45,普通行业：ROE、现金流、FCF、市值稳定性、毛利率和净利率,18,63,一致,20260804150006,待评,未完成护城河初评,待核验
,,920662,方盛股份,BJ,通用设备,保留,通过,普通行业,淘汰,当前 PE/PB 缺失、为负或超出本轮可比估值上限,18.84,117.75,3.65,16.49442038,3.52,5.7,21.977,25.386553,1.195292,12.579221,0.372964632,0.02261156,0.0,25.4707641141,60,通过,42,普通行业：ROE、现金流、FCF、市值稳定性、毛利率和净利率,7,49,一致,20260804150006,待评,未完成护城河初评,待核验
,315,920663,明阳科技,BJ,汽车零部件,周期,通过,周期行业（本次保留）,淘汰,综合得分未进入前50,12.23,18.58,4.27,16.33347197,-0.41,1.16,27.039,43.771608,0.914322,24.854511,1.7042907196000001,0.10434344,0.0,21.7951419162,60,通过,49,普通行业：ROE、现金流、FCF、市值稳定性、毛利率和净利率,19,68,一致,20260804150006,待评,未完成护城河初评,待核验
,414,920675,秉扬科技,BJ,非金属材料Ⅱ,保留,通过,普通行业,淘汰,综合得分未进入前50,7.26,23.53,2.09,12.4991064,0.0,1.36,16.186,22.828854,0.914522,14.159369,1.3460140272999999,0.10768882,0.0,37.0603396832,60,通过,43,普通行业：ROE、现金流、FCF、市值稳定性、毛利率和净利率,22,65,一致,20260804150006,待评,未完成护城河初评,待核验
,424,920685,新芝生物,BJ,通用设备,保留,通过,普通行业,淘汰,综合得分未进入前50,13.37,43.96,2.21,12.23568131,10.68,15.37,19.244,64.157055,1.343749,24.615537,1.1152020356999999,0.09114344,0.0,9.5416828833,60,通过,50,普通行业：ROE、现金流、FCF、市值稳定性、毛利率和净利率,14,64,一致,20260804150006,待评,未完成护城河初评,待核验
,733,920689,克莱特,BJ,通用设备,保留,通过,普通行业,淘汰,综合得分未进入前50,20.3,29.55,3.18,14.9002,0.1,3.4,12.413,28.644562,0.926018,10.436006,0.2559489353,0.01717755,0.0,42.9209641675,60,通过,35,普通行业：ROE、现金流、FCF、市值稳定性、毛利率和净利率,15,50,一致,20260804150006,待评,未完成护城河初评,待核验
,,920699,海达尔,BJ,家电零部件Ⅱ,保留,通过,普通行业,淘汰,当前 PE/PB 缺失、为负或超出本轮可比估值上限,67.1,106.15,12.82,42.86040682,8.05,4.21,31.37,25.640936,0.700396,13.057719,0.9099223465,0.0212299,0.0,36.2386821943,60,通过,40,普通行业：ROE、现金流、FCF、市值稳定性、毛利率和净利率,0,40,一致,20260804150006,待评,未完成护城河初评,待核验
,,920703,广厦环能,BJ,专用设备,保留,通过,普通行业,淘汰,当前 PE/PB 缺失、为负或超出本轮可比估值上限,9.45,164.28,1.26,14.243418,-1.05,1.18,20.694,44.317872,0.914508,18.407807,4.6030078374,0.32316736,0.0,15.2523857387,60,通过,50,普通行业：ROE、现金流、FCF、市值稳定性、毛利率和净利率,12,62,一致,20260804150006,待评,未完成护城河初评,待核验
,463,920726,朱老六,BJ,调味发酵品Ⅱ,保留,通过,普通行业,淘汰,综合得分未进入前50,15.87,21.1,3.53,16.077897,-1.55,5.38,13.609,27.36209,2.141182,13.866715,1.1735758615,0.07299312,0.0,9.4335542595,60,通过,44,普通行业：ROE、现金流、FCF、市值稳定性、毛利率和净利率,19,63,一致,20260804150006,待评,未完成护城河初评,待核验
,,920729,永顺生物,BJ,动物保健Ⅱ,保留,通过,普通行业,淘汰,当前 PE/PB 缺失、为负或超出本轮可比估值上限,6.56,88.18,2.78,17.92848,-0.15,0.54,12.518,60.876255,1.334284,21.439118,2.7043035139,0.15083842,0.0,14.9883163387,60,通过,49,普通行业：ROE、现金流、FCF、市值稳定性、毛利率和净利率,10,59,一致,20260804150006,待评,未完成护城河初评,待核验
,277,920735,德源药业,BJ,化学制药,保留,通过,普通行业,淘汰,综合得分未进入前50,23.84,13.85,2.34,30.76494522,1.23,1.8,17.426,81.759139,0.855783,16.96698,3.7773000894999997,0.12277935,0.0,16.8164948779,60,通过,45,普通行业：ROE、现金流、FCF、市值稳定性、毛利率和净利率,25,70,一致,20260804150006,待评,未完成护城河初评,待核验
,542,920751,惠同新材,BJ,金属新材料,保留,通过,普通行业,淘汰,综合得分未进入前50,16.71,30.99,3.62,14.500938,0.78,0.77,11.859,38.616385,1.233871,15.705352,1.6836444382,0.1161059,0.0,9.4439684222,60,通过,45,普通行业：ROE、现金流、FCF、市值稳定性、毛利率和净利率,15,60,一致,20260804150000,待评,未完成护城河初评,待核验
,553,920753,天纺标,BJ,专业服务,保留,通过,普通行业,淘汰,综合得分未进入前50,15.15,53.21,3.2,12.33276175,0.53,1.51,16.455,51.430388,1.678003,20.261345,1.6693091858000002,0.13535567,0.0,14.5177068883,60,通过,52,普通行业：ROE、现金流、FCF、市值稳定性、毛利率和净利率,7,59,一致,20260804150000,待评,未完成护城河初评,待核验
,,920770,艾能聚,BJ,光伏设备,保留,通过,普通行业,淘汰,当前 PE/PB 缺失、为负或超出本轮可比估值上限,10.62,108.14,2.31,13.82003699,-0.84,4.98,12.453,34.634526,1.299502,12.943782,0.5237044838,0.03789458,0.0,32.0605993072,60,通过,43,普通行业：ROE、现金流、FCF、市值稳定性、毛利率和净利率,10,53,一致,20260804150000,待评,未完成护城河初评,待核验
,552,920779,武汉蓝电,BJ,电池,保留,通过,普通行业,淘汰,综合得分未进入前50,23.58,52.97,4.25,18.87850642,0.34,6.45,34.535,62.15254,0.926093,46.552883,2.8369294475,0.15027298,0.0,16.0348614302,60,通过,52,普通行业：ROE、现金流、FCF、市值稳定性、毛利率和净利率,7,59,一致,20260804150000,待评,未完成护城河初评,待核验
,,920799,艾融软件,BJ,软件开发,保留,通过,普通行业,淘汰,当前 PE/PB 缺失、为负或超出本轮可比估值上限,30.68,400.42,16.53,64.16580872,2.23,3.76,23.019,32.267493,0.701185,17.502359,2.0394323159,0.03178379,0.0,61.6326915271,60,不通过,42,普通行业：ROE、现金流、FCF、市值稳定性、毛利率和净利率,0,42,一致,20260804150000,待评,未完成护城河初评,待核验
,564,920802,保丽洁,BJ,环境治理,保留,通过,普通行业,淘汰,行业分散上限：同一细分行业最多入选3家,10.5,45.7,1.97,8.61087045,0.38,1.41,13.324,35.392392,1.423123,19.298275,1.1542396897,0.13404448,0.0,19.6886849156,60,通过,45,普通行业：ROE、现金流、FCF、市值稳定性、毛利率和净利率,14,59,一致,20260804150000,待评,未完成护城河初评,待核验
,559,920834,三维装备,BJ,橡胶,保留,通过,普通行业,淘汰,综合得分未进入前50,8.25,35.53,3.35,9.90000041,-0.24,1.09,16.981,31.892577,1.127008,12.81213,1.6607871025,0.16775627,0.0,19.7452737648,60,通过,48,普通行业：ROE、现金流、FCF、市值稳定性、毛利率和净利率,11,59,一致,20260804150000,待评,未完成护城河初评,待核验
,302,920837,华原股份,BJ,汽车零部件,周期,通过,周期行业（本次保留）,淘汰,综合得分未进入前50,9.63,16.59,2.62,14.70757996,0.1,0.72,10.532,25.761093,1.394053,8.718606,2.6691164606999997,0.18147897,0.0,38.3241910397,60,通过,44,普通行业：ROE、现金流、FCF、市值稳定性、毛利率和净利率,25,69,一致,20260804150000,待评,未完成护城河初评,待核验
,592,920839,万通液压,BJ,工程机械,周期,通过,周期行业（本次保留）,淘汰,综合得分未进入前50,24.55,27.97,4.73,29.02054788,1.11,0.76,15.273,25.506168,0.853993,11.37067,2.4971190063,0.08604658,0.0,35.7338297518,60,通过,43,普通行业：ROE、现金流、FCF、市值稳定性、毛利率和净利率,15,58,一致,20260804150000,待评,未完成护城河初评,待核验
,506,920855,浙江大农,BJ,专用设备,保留,通过,普通行业,淘汰,综合得分未进入前50,12.23,35.78,1.6,9.13988663,0.99,0.2,12.152,32.044109,1.472519,15.809487,2.2553206182,0.24675586,0.0,16.0440440332,60,通过,47,普通行业：ROE、现金流、FCF、市值稳定性、毛利率和净利率,14,61,一致,20260804150000,待评,未完成护城河初评,待核验
,376,920866,绿亨科技,BJ,农化制品,保留,通过,普通行业,淘汰,综合得分未进入前50,5.83,34.15,1.38,10.50600397,-0.68,1.07,15.798,41.925345,1.400506,14.602044,0.7025276415999999,0.06686916,0.0,19.7832204975,60,通过,46,普通行业：ROE、现金流、FCF、市值稳定性、毛利率和净利率,20,66,一致,20260804150000,待评,未完成护城河初评,待核验
,578,920870,恒进感应,BJ,通用设备,保留,通过,普通行业,淘汰,综合得分未进入前50,11.06,60.27,3.33,14.8204,0.64,1.23,20.358,48.0724,1.207219,29.888399,1.3784910597,0.09301308,0.0,14.0140905432,60,通过,51,普通行业：ROE、现金流、FCF、市值稳定性、毛利率和净利率,7,58,一致,20260804150000,待评,未完成护城河初评,待核验
,740,920871,派特尔,BJ,汽车零部件,周期,通过,周期行业（本次保留）,淘汰,综合得分未进入前50,10.7,52.75,3.61,9.07972479,0.85,1.01,18.612,29.461832,1.45175,15.458662,0.1261186538,0.01389014,0.0,13.2505653124,60,通过,42,普通行业：ROE、现金流、FCF、市值稳定性、毛利率和净利率,7,49,一致,20260804150000,待评,未完成护城河初评,待核验
,524,920892,广咨国际,BJ,工程咨询服务Ⅱ,保留,通过,普通行业,淘汰,综合得分未进入前50,10.5,60.89,5.19,17.88689207,0.67,0.23,29.313,37.400529,1.35391,16.101306,5.7545682953999995,0.32171985,0.0,51.6841123197,60,通过,56,普通行业：ROE、现金流、FCF、市值稳定性、毛利率和净利率,4,60,一致,20260804150000,待评,未完成护城河初评,待核验
,268,920896,旺成科技,BJ,汽车零部件,周期,通过,周期行业（本次保留）,淘汰,综合得分未进入前50,12.15,22.0,2.87,12.29874516,1.17,1.69,13.981,23.569515,1.896966,11.681464,2.0408916836,0.16594308,0.0,28.0260492513,60,通过,48,普通行业：ROE、现金流、FCF、市值稳定性、毛利率和净利率,22,70,一致,20260804150003,待评,未完成护城河初评,待核验
,,920926,鸿智科技,BJ,小家电,保留,通过,普通行业,淘汰,当前 PE/PB 缺失、为负或超出本轮可比估值上限,10.29,513.33,3.57,9.09242274,0.29,0.87,23.687,17.544126,0.933207,6.925794,0.6578888964,0.07235573,0.0,28.8519254623,60,通过,39,普通行业：ROE、现金流、FCF、市值稳定性、毛利率和净利率,7,46,一致,20260804150003,待评,未完成护城河初评,待核验
,343,920946,森萱医药,BJ,化学制药,保留,通过,普通行业,淘汰,综合得分未进入前50,9.27,21.03,3.18,39.57533012,0.87,0.48,14.905,44.58151,1.361918,20.440236,8.0914446762,0.20445678,0.0,7.0739472353,60,通过,48,普通行业：ROE、现金流、FCF、市值稳定性、毛利率和净利率,19,67,一致,20260804150003,待评,未完成护城河初评,待核验
,316,920950,迅安科技,BJ,通用设备,保留,通过,普通行业,淘汰,综合得分未进入前50,12.74,23.5,3.09,9.340968,0.24,0.47,32.486,40.136652,0.941597,21.587669,0.9441296502,0.10107407,0.0,19.837604828,60,通过,49,普通行业：ROE、现金流、FCF、市值稳定性、毛利率和净利率,19,68,一致,20260804150003,待评,未完成护城河初评,待核验
,509,920976,视声智能,BJ,计算机设备,保留,通过,普通行业,淘汰,综合得分未进入前50,18.3,25.25,4.79,12.9844722,1.05,5.16,18.89,47.472936,1.166203,10.648112,1.6594538547,0.12780295,0.0,31.6391903251,60,通过,46,普通行业：ROE、现金流、FCF、市值稳定性、毛利率和净利率,15,61,一致,20260804150003,待评,未完成护城河初评,待核验
,475,920982,锦波生物,BJ,医疗美容,保留,通过,普通行业,淘汰,综合得分未进入前50,129.49,26.52,7.53,148.99810877,0.4,1.49,26.895,87.822762,1.02573,33.713667,9.919168218400001,0.06657244,0.0,26.7091508414,60,通过,50,普通行业：ROE、现金流、FCF、市值稳定性、毛利率和净利率,12,62,一致,20260804150003,待评,未完成护城河初评,待核验
