code,name,exchange,industry,scope,scope_reason,result,roe_avg_10,fcf_5_total,interest_coverage_latest,gross_margin_avg_5,ocf_ni_avg_5,net_margin_avg_10,share_inflation_5,missing_fields,failed_fields,financial_window_years,cashflow_window_years
000001,平安银行,SZ,银行Ⅱ,金融,金融行业,行业排除,,,,,,,,,,,
000002,万 科Ａ,SZ,房地产开发,周期,周期性行业,行业排除,,,,,,,,,,,
000006,深振业Ａ,SZ,房地产开发,周期,周期性行业,行业排除,,,,,,,,,,,
000007,全新好,SZ,一般零售,保留,,排除,-0.279,837523179.42,2.813809,18.351174,33.054755,-38.376441,0.0,,"roe,net_margin","2016,2017,2018,2019,2020,2021,2022,2023,2024,2025","2021,2022,2023,2024,2025"
000008,神州高铁,SZ,轨交设备Ⅱ,保留,,排除,-9.515,787854835.04,-6.198111,28.29974,-0.385022,-16.442606,0.0,,"roe,interest_coverage,ocf_ni,net_margin","2016,2017,2018,2019,2020,2021,2022,2023,2024,2025","2021,2022,2023,2024,2025"
000009,中国宝安,SZ,综合Ⅱ,保留,,排除,6.76,-6202597575.86,2.530563,24.512304,4.642671,2.972599,0.0,,"roe,fcf,net_margin","2016,2017,2018,2019,2020,2021,2022,2023,2024,2025","2021,2022,2023,2024,2025"
000010,*ST美丽,SZ,基础建设,周期,周期性行业,行业排除,,,,,,,,,,,
000011,深物业A,SZ,房地产开发,周期,周期性行业,行业排除,,,,,,,,,,,
000012,南 玻Ａ,SZ,玻璃玻纤,周期,周期性行业,行业排除,,,,,,,,,,,
000014,沙河股份,SZ,房地产开发,周期,周期性行业,行业排除,,,,,,,,,,,
000016,*ST康佳A,SZ,白色家电,保留,,排除,-7.927778,-13245536237.99,-13.066019,3.108756,0.207265,-15.918586,0.0,,"roe,fcf,interest_coverage,gross_margin,ocf_ni,net_margin","2016,2017,2018,2019,2020,2021,2022,2023,2024,2025","2021,2022,2023,2024,2025"
000017,深中华A,SZ,饰品,保留,,排除,-0.369,-253821135.25,75.450706,7.385498,5.32307,0.410584,0.0,,"roe,fcf,gross_margin,net_margin","2016,2017,2018,2019,2020,2021,2022,2023,2024,2025","2021,2022,2023,2024,2025"
000019,深粮控股,SZ,农产品加工,保留,,排除,8.237,1883064202.61,12.876244,14.911241,1.69064,7.360885,0.0,,gross_margin,"2016,2017,2018,2019,2020,2021,2022,2023,2024,2025","2021,2022,2023,2024,2025"
000020,深华发Ａ,SZ,光学光电子,保留,,排除,3.341,270288227.01,,10.688687,3.647779,1.618735,0.0,,"roe,gross_margin,net_margin","2016,2017,2018,2019,2020,2021,2022,2023,2024,2025","2021,2022,2023,2024,2025"
000021,深科技,SZ,消费电子,保留,,排除,7.807,-494991599.74,,14.721499,1.949632,4.399726,0.0,,"roe,fcf,gross_margin,net_margin","2016,2017,2018,2019,2020,2021,2022,2023,2024,2025","2021,2022,2023,2024,2025"
000025,特 力Ａ,SZ,综合Ⅱ,保留,,通过,8.142,299068900.17,38.404525,16.775653,0.997214,15.781768,0.0,,,"2016,2017,2018,2019,2020,2021,2022,2023,2024,2025","2021,2022,2023,2024,2025"
000026,飞亚达,SZ,饰品,保留,,排除,7.832,2168221060.6,10.521453,36.707858,2.747284,5.494591,0.0,,roe,"2016,2017,2018,2019,2020,2021,2022,2023,2024,2025","2021,2022,2023,2024,2025"
000027,深圳能源,SZ,电力,保留,,排除,6.026,-14859993116.85,1.633677,20.029123,4.509319,7.611888,0.0,,"roe,fcf,interest_coverage","2016,2017,2018,2019,2020,2021,2022,2023,2024,2025","2021,2022,2023,2024,2025"
000028,国药一致,SZ,医药商业,保留,,排除,9.754,10547932386.18,8.268617,11.529531,2.266327,2.150924,0.0,,"gross_margin,net_margin","2016,2017,2018,2019,2020,2021,2022,2023,2024,2025","2021,2022,2023,2024,2025"
000029,深深房Ａ,SZ,房地产开发,周期,周期性行业,行业排除,,,,,,,,,,,
000030,富奥股份,SZ,汽车零部件,周期,周期性行业,行业排除,,,,,,,,,,,
000031,大悦城,SZ,房地产开发,周期,周期性行业,行业排除,,,,,,,,,,,
000032,深桑达Ａ,SZ,专业工程,周期,周期性行业,行业排除,,,,,,,,,,,
000034,神州数码,SZ,IT服务Ⅱ,保留,,排除,13.661,-1475574061.15,1.715534,3.768266,-0.246818,0.727112,0.4,,"fcf,interest_coverage,gross_margin,ocf_ni,net_margin,share_inflation","2016,2017,2018,2019,2020,2021,2022,2023,2024,2025","2021,2022,2023,2024,2025"
000035,中国天楹,SZ,环境治理,保留,,排除,5.578,-7613134005.93,0.777709,23.967847,2.867772,7.596197,0.0,,"roe,fcf,interest_coverage","2016,2017,2018,2019,2020,2021,2022,2023,2024,2025","2021,2022,2023,2024,2025"
000036,华联控股,SZ,房地产开发,周期,周期性行业,行业排除,,,,,,,,,,,
000037,深南电A,SZ,电力,保留,,排除,5.113,-261122845.03,76.866663,0.188749,-5.432235,5.798009,0.0,,"roe,fcf,gross_margin,ocf_ni","2016,2017,2018,2019,2020,2021,2022,2023,2024,2025","2021,2022,2023,2024,2025"
000039,中集集团,SZ,通用设备,保留,,排除,6.729,41666191000.0,1.397527,14.373931,20.201067,2.392849,0.0,,"roe,interest_coverage,gross_margin,net_margin","2016,2017,2018,2019,2020,2021,2022,2023,2024,2025","2021,2022,2023,2024,2025"
000042,中洲控股,SZ,房地产开发,周期,周期性行业,行业排除,,,,,,,,,,,
000045,深纺织Ａ,SZ,光学光电子,保留,,排除,1.201,346312232.83,7.776926,16.492754,3.321914,0.950543,0.0,,"roe,net_margin","2016,2017,2018,2019,2020,2021,2022,2023,2024,2025","2021,2022,2023,2024,2025"
000048,京基智农,SZ,养殖业,保留,,排除,26.06,-1111339446.99,2.131755,32.954527,2.634465,10.089054,0.0,,fcf,"2016,2017,2018,2019,2020,2021,2022,2023,2024,2025","2021,2022,2023,2024,2025"
000049,德赛电池,SZ,电池,保留,,排除,19.851,-838084043.75,1.579807,9.547203,2.260306,2.79496,0.0,,"fcf,interest_coverage,gross_margin,net_margin","2016,2017,2018,2019,2020,2021,2022,2023,2024,2025","2021,2022,2023,2024,2025"
000050,深天马Ａ,SZ,光学光电子,保留,,排除,0.723,7083304459.37,0.366409,12.262144,-5.866197,1.308465,0.0,,"roe,interest_coverage,gross_margin,ocf_ni,net_margin","2016,2017,2018,2019,2020,2021,2022,2023,2024,2025","2021,2022,2023,2024,2025"
000055,方大集团,SZ,装修建材,保留,,排除,15.528,226697063.31,-7.773587,19.887475,0.620471,16.161815,0.0,,"interest_coverage,ocf_ni","2016,2017,2018,2019,2020,2021,2022,2023,2024,2025","2021,2022,2023,2024,2025"
000056,*ST皇庭,SZ,房地产服务,周期,周期性行业,行业排除,,,,,,,,,,,
000058,深 赛 格,SZ,一般零售,保留,,排除,4.38,1293284433.63,4.328587,22.593531,8.865537,5.099924,0.0,,roe,"2016,2017,2018,2019,2020,2021,2022,2023,2024,2025","2021,2022,2023,2024,2025"
000059,华锦股份,SZ,炼化及贸易,保留,,排除,2.654,877621078.21,-6.01162,14.395797,4.306497,0.970066,0.0,,"roe,interest_coverage,gross_margin,net_margin","2016,2017,2018,2019,2020,2021,2022,2023,2024,2025","2021,2022,2023,2024,2025"
000060,中金岭南,SZ,工业金属,周期,周期性行业,行业排除,,,,,,,,,,,
000061,农 产 品,SZ,一般零售,保留,,排除,4.442,649510921.47,5.098225,27.367198,2.709408,6.198364,0.0,,roe,"2016,2017,2018,2019,2020,2021,2022,2023,2024,2025","2021,2022,2023,2024,2025"
000062,深圳华强,SZ,其他电子Ⅱ,保留,,排除,10.687,695423779.79,3.156105,9.668282,1.16159,3.955938,0.0,,"gross_margin,net_margin","2016,2017,2018,2019,2020,2021,2022,2023,2024,2025","2021,2022,2023,2024,2025"
000063,中兴通讯,SZ,通信设备,保留,,排除,7.527,33554830000.0,,36.416893,1.434459,3.474242,0.0,,"roe,net_margin","2016,2017,2018,2019,2020,2021,2022,2023,2024,2025","2021,2022,2023,2024,2025"
000065,北方国际,SZ,专业工程,周期,周期性行业,行业排除,,,,,,,,,,,
000066,中国长城,SZ,计算机设备,保留,,排除,3.8905,-4020413057.58,0.638478,19.781118,0.304197,2.047294,0.0,,"roe,fcf,interest_coverage,ocf_ni,net_margin","2016,2017,2018,2019,2020,2021,2022,2023,2024,2025","2021,2022,2023,2024,2025"
000068,华控赛格,SZ,环境治理,保留,,排除,-6.7,887939087.86,-1.937838,7.923674,1.996216,-9.335499,0.0,,"roe,interest_coverage,gross_margin,net_margin","2016,2017,2018,2019,2020,2021,2022,2023,2024,2025","2021,2022,2023,2024,2025"
000069,华侨城Ａ,SZ,房地产开发,周期,周期性行业,行业排除,,,,,,,,,,,
000070,特发信息,SZ,通信设备,保留,,排除,-4.847,-747213624.51,-4.007885,15.206626,1.678579,-1.791035,0.0,,"roe,fcf,interest_coverage,net_margin","2016,2017,2018,2019,2020,2021,2022,2023,2024,2025","2021,2022,2023,2024,2025"
000078,ST海王,SZ,医药商业,保留,,排除,-11.963,-3776423.27,-0.822803,9.835835,1.874095,-0.659288,0.0,,"roe,fcf,interest_coverage,gross_margin,net_margin","2016,2017,2018,2019,2020,2021,2022,2023,2024,2025","2021,2022,2023,2024,2025"
000088,盐 田 港,SZ,航运港口,周期,周期性行业,行业排除,,,,,,,,,,,
000089,深圳机场,SZ,航空机场,周期,周期性行业,行业排除,,,,,,,,,,,
000090,天健集团,SZ,房地产开发,周期,周期性行业,行业排除,,,,,,,,,,,
000096,广聚能源,SZ,炼化及贸易,保留,,排除,4.936,-48683764.09,,9.50948,0.492694,9.279399,0.0,,"roe,fcf,gross_margin,ocf_ni","2016,2017,2018,2019,2020,2021,2022,2023,2024,2025","2021,2022,2023,2024,2025"
000099,中信海直,SZ,航空机场,周期,周期性行业,行业排除,,,,,,,,,,,
000100,TCL科技,SZ,光学光电子,保留,,排除,9.505,9004908000.0,0.102391,13.517126,22.766544,2.711332,0.0,,"interest_coverage,gross_margin,net_margin","2016,2017,2018,2019,2020,2021,2022,2023,2024,2025","2021,2022,2023,2024,2025"
000151,中成股份,SZ,贸易Ⅱ,保留,,排除,-7.525,372591909.37,15.188556,5.055493,-1.079458,-0.768481,0.0,,"roe,gross_margin,ocf_ni,net_margin","2016,2017,2018,2019,2020,2021,2022,2023,2024,2025","2021,2022,2023,2024,2025"
000153,丰原药业,SZ,化学制药,保留,,排除,6.618,446552410.73,3.901847,24.764453,1.717014,2.971275,0.0,,"roe,net_margin","2016,2017,2018,2019,2020,2021,2022,2023,2024,2025","2021,2022,2023,2024,2025"
000155,川能动力,SZ,电力,保留,,排除,-10.7,1100610047.09,3.849405,47.044197,3.443653,16.202297,0.0,,roe,"2016,2017,2018,2019,2020,2021,2022,2023,2024,2025","2021,2022,2023,2024,2025"
000156,华数传媒,SZ,电视广播Ⅱ,保留,,排除,5.571,2778511248.24,,30.683273,3.10125,11.757889,0.0,,roe,"2016,2017,2018,2019,2020,2021,2022,2023,2024,2025","2021,2022,2023,2024,2025"
000157,中联重科,SZ,工程机械,周期,周期性行业,行业排除,,,,,,,,,,,
000158,常山北明,SZ,IT服务Ⅱ,保留,,排除,0.656,-881518265.13,0.048995,10.910611,1.438732,0.18433,0.0,,"roe,fcf,interest_coverage,gross_margin,net_margin","2016,2017,2018,2019,2020,2021,2022,2023,2024,2025","2021,2022,2023,2024,2025"
000159,国际实业,SZ,炼化及贸易,保留,,排除,2.782,-580532592.73,1.133706,9.357337,-0.956762,2.970685,0.0,,"roe,fcf,interest_coverage,gross_margin,ocf_ni,net_margin","2016,2017,2018,2019,2020,2021,2022,2023,2024,2025","2021,2022,2023,2024,2025"
000166,申万宏源,SZ,证券Ⅱ,金融,金融行业,行业排除,,,,,,,,,,,
000301,东方盛虹,SZ,炼化及贸易,保留,,排除,8.256,-77382995840.07,-0.058177,10.961074,26.223303,4.884739,0.0,,"fcf,interest_coverage,gross_margin,net_margin","2016,2017,2018,2019,2020,2021,2022,2023,2024,2025","2021,2022,2023,2024,2025"
000333,美的集团,SZ,白色家电,保留,,通过,23.932,202036597000.0,,25.047411,1.380423,8.715082,0.0,,,"2016,2017,2018,2019,2020,2021,2022,2023,2024,2025","2021,2022,2023,2024,2025"
000338,潍柴动力,SZ,汽车零部件,周期,周期性行业,行业排除,,,,,,,,,,,
000400,许继电气,SZ,电网设备,保留,,通过,8.365,8650251277.61,,20.412519,2.044147,5.963025,0.0,,,"2016,2017,2018,2019,2020,2021,2022,2023,2024,2025","2021,2022,2023,2024,2025"
000401,金隅冀东,SZ,水泥,周期,周期性行业,行业排除,,,,,,,,,,,
000402,金 融 街,SZ,房地产开发,周期,周期性行业,行业排除,,,,,,,,,,,
000403,派林生物,SZ,生物制品,保留,,排除,10.781,-218938997.77,,48.069167,0.592517,17.11444,0.0,,"fcf,ocf_ni","2016,2017,2018,2019,2020,2021,2022,2023,2024,2025","2021,2022,2023,2024,2025"
000404,长虹华意,SZ,家电零部件Ⅱ,保留,,排除,6.669,3576100258.66,67.195246,11.678203,3.612005,2.124149,0.0,,"roe,gross_margin,net_margin","2016,2017,2018,2019,2020,2021,2022,2023,2024,2025","2021,2022,2023,2024,2025"
000407,胜利股份,SZ,燃气Ⅱ,保留,,排除,2.953,860726727.29,4.610305,15.546279,2.452485,1.386754,0.0,,"roe,net_margin","2016,2017,2018,2019,2020,2021,2022,2023,2024,2025","2021,2022,2023,2024,2025"
000408,藏格矿业,SZ,农化制品,保留,,通过,19.748,12719850816.72,667.937679,62.043675,0.832043,49.324127,0.0,,,"2016,2017,2018,2019,2020,2021,2022,2023,2024,2025","2021,2022,2023,2024,2025"
000409,云鼎科技,SZ,IT服务Ⅱ,保留,,排除,-6.288,343622077.74,,35.453024,1.407815,-1.459479,0.0,,"roe,net_margin","2016,2017,2018,2019,2020,2021,2022,2023,2024,2025","2021,2022,2023,2024,2025"
000410,沈阳机床,SZ,通用设备,保留,,排除,-69.53875,961359.78,4.940959,11.019393,-10.98832,-43.242827,0.0,,"roe,gross_margin,ocf_ni,net_margin","2016,2017,2018,2019,2020,2021,2022,2023,2024,2025","2021,2022,2023,2024,2025"
000411,英特集团,SZ,医药商业,保留,,排除,11.148,926625899.05,6.404931,6.745135,1.228998,0.855405,0.0,,"gross_margin,net_margin","2016,2017,2018,2019,2020,2021,2022,2023,2024,2025","2021,2022,2023,2024,2025"
000415,渤海租赁,SZ,多元金融,金融,金融行业,行业排除,,,,,,,,,,,
000417,合百集团,SZ,一般零售,保留,,排除,4.961,1520557657.45,5.030612,27.80393,2.944654,2.530348,0.0,,"roe,net_margin","2016,2017,2018,2019,2020,2021,2022,2023,2024,2025","2021,2022,2023,2024,2025"
000419,通程控股,SZ,一般零售,保留,,排除,5.191,784247623.87,7.382007,24.315186,1.24381,5.436564,0.0,,roe,"2016,2017,2018,2019,2020,2021,2022,2023,2024,2025","2021,2022,2023,2024,2025"
000420,吉林化纤,SZ,化学纤维,保留,,排除,-0.065,-950848108.72,0.192689,10.909694,3.364813,0.133153,0.0,,"roe,fcf,interest_coverage,gross_margin,net_margin","2016,2017,2018,2019,2020,2021,2022,2023,2024,2025","2021,2022,2023,2024,2025"
000421,南京公用,SZ,综合Ⅱ,保留,,排除,3.812,3315379426.16,3.745376,15.225157,1.131559,2.22798,0.0,,"roe,net_margin","2016,2017,2018,2019,2020,2021,2022,2023,2024,2025","2021,2022,2023,2024,2025"
000422,湖北宜化,SZ,农化制品,保留,,排除,13.247,1456148769.43,3.037705,19.395331,3.263172,-1.783349,0.0,,net_margin,"2016,2017,2018,2019,2020,2021,2022,2023,2024,2025","2021,2022,2023,2024,2025"
000423,东阿阿胶,SZ,中药Ⅱ,保留,,通过,11.686,11734350909.43,,68.80156,2.790772,17.78111,0.0,,,"2016,2017,2018,2019,2020,2021,2022,2023,2024,2025","2021,2022,2023,2024,2025"
000425,徐工机械,SZ,工程机械,周期,周期性行业,行业排除,,,,,,,,,,,
000426,兴业银锡,SZ,贵金属,周期,周期性行业,行业排除,,,,,,,,,,,
000428,华天酒店,SZ,酒店餐饮,保留,,排除,-8.706,-1238282.7,-2.78846,14.320618,-0.230199,-30.235734,0.0,,"roe,fcf,interest_coverage,gross_margin,ocf_ni,net_margin","2016,2017,2018,2019,2020,2021,2022,2023,2024,2025","2021,2022,2023,2024,2025"
000429,粤高速Ａ,SZ,铁路公路,周期,周期性行业,行业排除,,,,,,,,,,,
000430,张家界,SZ,旅游及景区,保留,,排除,-481.971,-264929571.1,-15.250078,-15.929268,-0.076949,-59.945692,0.0,,"roe,fcf,interest_coverage,gross_margin,ocf_ni,net_margin","2016,2017,2018,2019,2020,2021,2022,2023,2024,2025","2021,2022,2023,2024,2025"
000488,ST晨鸣,SZ,造纸,保留,,排除,-17.467,17382984188.5,-5.587528,1.947123,3.714085,-12.302178,0.0,,"roe,interest_coverage,gross_margin,net_margin","2016,2017,2018,2019,2020,2021,2022,2023,2024,2025","2021,2022,2023,2024,2025"
000498,山东路桥,SZ,基础建设,周期,周期性行业,行业排除,,,,,,,,,,,
000501,武商集团,SZ,一般零售,保留,,排除,8.59,-1234518117.04,1.275428,47.425172,5.850554,5.687374,0.0,,"fcf,interest_coverage","2016,2017,2018,2019,2020,2021,2022,2023,2024,2025","2021,2022,2023,2024,2025"
000503,国新健康,SZ,软件开发,保留,,排除,-10.793,-727523369.44,-42.884724,19.084068,2.385918,-51.733148,0.0,,"roe,fcf,interest_coverage,net_margin","2016,2017,2018,2019,2020,2021,2022,2023,2024,2025","2021,2022,2023,2024,2025"
000504,南华生物,SZ,医疗服务,保留,,排除,-343.38,120609559.14,11.772484,58.634519,-4.899889,-8.781344,0.0,,"roe,ocf_ni,net_margin","2016,2017,2018,2019,2020,2021,2022,2023,2024,2025","2021,2022,2023,2024,2025"
000505,京粮控股,SZ,农产品加工,保留,,排除,3.975,385746237.68,-5.11739,4.601402,-1.243682,1.062649,0.0,,"roe,interest_coverage,gross_margin,ocf_ni,net_margin","2016,2017,2018,2019,2020,2021,2022,2023,2024,2025","2021,2022,2023,2024,2025"
000506,招金黄金,SZ,贵金属,周期,周期性行业,行业排除,,,,,,,,,,,
000507,珠海港,SZ,电力,保留,,排除,4.942,3401091301.27,2.288085,23.898857,3.666903,6.276691,0.0,,roe,"2016,2017,2018,2019,2020,2021,2022,2023,2024,2025","2021,2022,2023,2024,2025"
000509,华塑控股,SZ,光学光电子,保留,,排除,-50.556667,-156038397.4,-0.607202,8.756331,3.240954,-26.727872,0.0,,"roe,fcf,interest_coverage,gross_margin,net_margin","2016,2017,2018,2019,2020,2021,2022,2023,2024,2025","2021,2022,2023,2024,2025"
000510,新金路,SZ,化学原料,周期,周期性行业,行业排除,,,,,,,,,,,
000513,丽珠集团,SZ,化学制药,保留,,通过,17.541,9833828810.44,,64.968751,1.437233,18.439595,0.0,,,"2016,2017,2018,2019,2020,2021,2022,2023,2024,2025","2021,2022,2023,2024,2025"
000514,渝 开 发,SZ,房地产开发,周期,周期性行业,行业排除,,,,,,,,,,,
000516,国际医学,SZ,医疗服务,保留,,排除,-1.3,-129945586.12,-2.779603,4.43465,-2.389406,-1.339902,0.0,,"roe,fcf,interest_coverage,gross_margin,ocf_ni,net_margin","2016,2017,2018,2019,2020,2021,2022,2023,2024,2025","2021,2022,2023,2024,2025"
000517,荣安地产,SZ,房地产开发,周期,周期性行业,行业排除,,,,,,,,,,,
000518,四环生物,SZ,生物制品,保留,,排除,-6.1,52717509.36,-23.788717,62.039682,-0.449032,-11.990444,0.0,,"roe,interest_coverage,ocf_ni,net_margin","2016,2017,2018,2019,2020,2021,2022,2023,2024,2025","2021,2022,2023,2024,2025"
000519,中兵红箭,SZ,地面兵装Ⅱ,保留,,排除,3.516,-27793596.9,,22.287338,2.948183,4.828756,0.0,,"roe,fcf,net_margin","2016,2017,2018,2019,2020,2021,2022,2023,2024,2025","2021,2022,2023,2024,2025"
000520,凤凰航运,SZ,航运港口,周期,周期性行业,行业排除,,,,,,,,,,,
000521,长虹美菱,SZ,白色家电,保留,,排除,4.334,6967666359.17,,12.132377,3.936551,1.026773,0.0,,"roe,gross_margin,net_margin","2016,2017,2018,2019,2020,2021,2022,2023,2024,2025","2021,2022,2023,2024,2025"
000523,红棉股份,SZ,综合Ⅱ,保留,,排除,2.652222,233914254.05,8.270021,13.264157,3.39557,-6.081286,0.0,,"roe,gross_margin,net_margin","2016,2017,2018,2019,2020,2021,2022,2023,2024,2025","2021,2022,2023,2024,2025"
000524,岭南控股,SZ,旅游及景区,保留,,排除,2.603,311982919.85,,18.475965,2.592981,-2.005647,0.0,,"roe,net_margin","2016,2017,2018,2019,2020,2021,2022,2023,2024,2025","2021,2022,2023,2024,2025"
000525,红太阳,SZ,农化制品,保留,,排除,-12.84,1660789789.02,-3.561747,15.214572,0.104749,-6.277375,0.0,,"roe,interest_coverage,ocf_ni,net_margin","2016,2017,2018,2019,2020,2021,2022,2023,2024,2025","2021,2022,2023,2024,2025"
000526,学大教育,SZ,教育,保留,,排除,-0.866,1496608179.41,4.491801,31.748815,5.517343,-0.496688,0.0,,"roe,net_margin","2016,2017,2018,2019,2020,2021,2022,2023,2024,2025","2021,2022,2023,2024,2025"
000528,柳 工,SZ,工程机械,周期,周期性行业,行业排除,,,,,,,,,,,
000529,广弘控股,SZ,食品加工,保留,,排除,13.325,-1033026741.27,60.675076,8.206978,0.382846,9.068772,0.0,,"fcf,gross_margin,ocf_ni","2016,2017,2018,2019,2020,2021,2022,2023,2024,2025","2021,2022,2023,2024,2025"
000530,冰山冷热,SZ,通用设备,保留,,排除,1.787,-162250909.44,3.840076,14.875841,0.123189,2.363941,0.0,,"roe,fcf,gross_margin,ocf_ni,net_margin","2016,2017,2018,2019,2020,2021,2022,2023,2024,2025","2021,2022,2023,2024,2025"
000531,穗恒运Ａ,SZ,电力,保留,,排除,6.307,-5697434553.29,2.139379,9.746556,2.200679,8.559462,0.0,,"roe,fcf,gross_margin","2016,2017,2018,2019,2020,2021,2022,2023,2024,2025","2021,2022,2023,2024,2025"
000532,华金资本,SZ,多元金融,金融,金融行业,行业排除,,,,,,,,,,,
000533,顺钠股份,SZ,电网设备,保留,,排除,-2.296,718788940.81,44.739049,21.301373,1.335175,1.404733,0.0,,"roe,net_margin","2016,2017,2018,2019,2020,2021,2022,2023,2024,2025","2021,2022,2023,2024,2025"
000534,万泽股份,SZ,生物制品,保留,,排除,9.555,-1312373123.87,5.008486,75.444933,1.010821,19.994455,0.0,,fcf,"2016,2017,2018,2019,2020,2021,2022,2023,2024,2025","2021,2022,2023,2024,2025"
000536,华映科技,SZ,光学光电子,保留,,排除,-34.391,1197621638.49,-4.904028,-22.817582,-0.836301,-55.393281,0.0,,"roe,interest_coverage,gross_margin,ocf_ni,net_margin","2016,2017,2018,2019,2020,2021,2022,2023,2024,2025","2021,2022,2023,2024,2025"
000537,绿发电力,SZ,电力,保留,,排除,10.689,-57396961622.72,2.168846,48.388378,-3.626159,13.452229,0.0,,"fcf,ocf_ni","2016,2017,2018,2019,2020,2021,2022,2023,2024,2025","2021,2022,2023,2024,2025"
000538,云南白药,SZ,中药Ⅱ,保留,,通过,11.275,18120949857.98,,27.477298,1.1169,12.062469,0.0,,,"2016,2017,2018,2019,2020,2021,2022,2023,2024,2025","2021,2022,2023,2024,2025"
000539,粤电力Ａ,SZ,电力,保留,,排除,0.715,-43288216598.0,0.644468,6.722015,7.317334,1.090497,0.0,,"roe,fcf,interest_coverage,gross_margin,net_margin","2016,2017,2018,2019,2020,2021,2022,2023,2024,2025","2021,2022,2023,2024,2025"
000541,佛山照明,SZ,照明设备Ⅱ,保留,,通过,8.003,1101625251.17,,17.882514,2.567701,9.524229,0.0,,,"2016,2017,2018,2019,2020,2021,2022,2023,2024,2025","2021,2022,2023,2024,2025"
000543,皖能电力,SZ,电力,保留,,排除,6.114,-10304228327.51,4.732963,6.608833,2.714154,3.992707,0.0,,"roe,fcf,gross_margin,net_margin","2016,2017,2018,2019,2020,2021,2022,2023,2024,2025","2021,2022,2023,2024,2025"
000544,中原环保,SZ,环境治理,保留,,排除,8.196,-13333554852.06,1.550119,32.449972,-2.216196,22.165417,0.0,,"fcf,interest_coverage,ocf_ni","2016,2017,2018,2019,2020,2021,2022,2023,2024,2025","2021,2022,2023,2024,2025"
000545,金浦钛业,SZ,化学原料,周期,周期性行业,行业排除,,,,,,,,,,,
000546,金圆股份,SZ,环境治理,保留,,排除,4.034,-1487192438.04,,1.751332,-2.673552,0.861205,0.0,,"roe,fcf,gross_margin,ocf_ni,net_margin","2016,2017,2018,2019,2020,2021,2022,2023,2024,2025","2021,2022,2023,2024,2025"
000547,航天发展,SZ,军工电子Ⅱ,保留,,排除,-3.661,-1300925231.62,-90.102886,6.057916,-3.285867,-15.933777,0.0,,"roe,fcf,interest_coverage,gross_margin,ocf_ni,net_margin","2016,2017,2018,2019,2020,2021,2022,2023,2024,2025","2021,2022,2023,2024,2025"
000548,湖南投资,SZ,铁路公路,周期,周期性行业,行业排除,,,,,,,,,,,
000550,江铃汽车,SZ,商用车,保留,,排除,7.938,3108994942.0,,14.165954,1.649159,2.580494,0.0,,"roe,gross_margin,net_margin","2016,2017,2018,2019,2020,2021,2022,2023,2024,2025","2021,2022,2023,2024,2025"
000551,创元科技,SZ,环保设备Ⅱ,保留,,排除,6.665,1456746764.55,,22.755691,2.090175,3.818586,0.0,,"roe,net_margin","2016,2017,2018,2019,2020,2021,2022,2023,2024,2025","2021,2022,2023,2024,2025"
000552,甘肃能化,SZ,煤炭开采,周期,周期性行业,行业排除,,,,,,,,,,,
000553,安道麦A,SZ,农化制品,保留,,排除,0.261,5666177000.0,-0.401921,23.925445,4.745958,0.329847,0.0,,"roe,interest_coverage,net_margin","2016,2017,2018,2019,2020,2021,2022,2023,2024,2025","2021,2022,2023,2024,2025"
000554,泰山石油,SZ,炼化及贸易,保留,,排除,3.198,396652520.04,43.73016,12.657376,1.280008,1.033974,0.0,,"roe,gross_margin,net_margin","2016,2017,2018,2019,2020,2021,2022,2023,2024,2025","2021,2022,2023,2024,2025"
000555,神州信息,SZ,IT服务Ⅱ,保留,,排除,3.627,460147431.13,0.154257,15.01107,0.446764,1.727459,0.0,,"roe,interest_coverage,ocf_ni,net_margin","2016,2017,2018,2019,2020,2021,2022,2023,2024,2025","2021,2022,2023,2024,2025"
000557,西部创业,SZ,铁路公路,周期,周期性行业,行业排除,,,,,,,,,,,
000558,天府文旅,SZ,旅游及景区,保留,,排除,-1.132,-438781847.46,-0.748595,23.948074,2.010111,-9.924329,0.0,,"roe,fcf,interest_coverage,net_margin","2016,2017,2018,2019,2020,2021,2022,2023,2024,2025","2021,2022,2023,2024,2025"
000559,万向钱潮,SZ,汽车零部件,周期,周期性行业,行业排除,,,,,,,,,,,
000560,我爱我家,SZ,房地产服务,周期,周期性行业,行业排除,,,,,,,,,,,
000561,烽火电子,SZ,航空装备Ⅱ,保留,,排除,3.66,-1449707565.7,-10.641277,37.125239,0.600884,2.802388,0.0,,"roe,fcf,interest_coverage,ocf_ni,net_margin","2016,2017,2018,2019,2020,2021,2022,2023,2024,2025","2021,2022,2023,2024,2025"
000563,陕国投Ａ,SZ,多元金融,金融,金融行业,行业排除,,,,,,,,,,,
000564,供销大集,SZ,一般零售,保留,,排除,-6.072,-2110304929.77,-7.241626,35.114024,0.335452,-64.621458,0.0,,"roe,fcf,interest_coverage,ocf_ni,net_margin","2016,2017,2018,2019,2020,2021,2022,2023,2024,2025","2021,2022,2023,2024,2025"
000565,渝三峡Ａ,SZ,化学制品,周期,周期性行业,行业排除,,,,,,,,,,,
000566,海南海药,SZ,化学制药,保留,,排除,-32.591,-792184991.78,-2.120669,36.426388,2.463055,-30.046478,0.0,,"roe,fcf,interest_coverage,net_margin","2016,2017,2018,2019,2020,2021,2022,2023,2024,2025","2021,2022,2023,2024,2025"
000567,海德股份,SZ,多元金融,金融,金融行业,行业排除,,,,,,,,,,,
000568,泸州老窖,SZ,白酒Ⅱ,保留,,通过,26.664,45277324085.54,,86.949303,0.930025,34.829815,0.0,,,"2016,2017,2018,2019,2020,2021,2022,2023,2024,2025","2021,2022,2023,2024,2025"
000570,苏常柴Ａ,SZ,汽车零部件,周期,周期性行业,行业排除,,,,,,,,,,,
000571,新大洲A,SZ,煤炭开采,周期,周期性行业,行业排除,,,,,,,,,,,
000572,海马汽车,SZ,乘用车,保留,,排除,-14.727,-958231696.86,-11.365486,11.039548,1.11858,-21.214409,0.0,,"roe,fcf,interest_coverage,gross_margin,net_margin","2016,2017,2018,2019,2020,2021,2022,2023,2024,2025","2021,2022,2023,2024,2025"
000573,粤宏远Ａ,SZ,房地产开发,周期,周期性行业,行业排除,,,,,,,,,,,
000576,甘化科工,SZ,地面兵装Ⅱ,保留,,排除,4.959,39375885.6,136.660379,50.092188,0.295921,11.832643,0.0,,"roe,ocf_ni","2016,2017,2018,2019,2020,2021,2022,2023,2024,2025","2021,2022,2023,2024,2025"
000581,威孚高科,SZ,汽车零部件,周期,周期性行业,行业排除,,,,,,,,,,,
000582,北部湾港,SZ,航运港口,周期,周期性行业,行业排除,,,,,,,,,,,
000586,汇源通信,SZ,通信设备,保留,,排除,3.138,-22939496.68,5.733326,30.316656,-3.355213,1.848539,0.0,,"roe,fcf,ocf_ni,net_margin","2016,2017,2018,2019,2020,2021,2022,2023,2024,2025","2021,2022,2023,2024,2025"
000589,贵州轮胎,SZ,汽车零部件,周期,周期性行业,行业排除,,,,,,,,,,,
000590,古汉医药,SZ,中药Ⅱ,保留,,排除,1.307,-50886265.13,-18.152089,50.077308,0.368613,-0.418215,0.0,,"roe,fcf,interest_coverage,ocf_ni,net_margin","2016,2017,2018,2019,2020,2021,2022,2023,2024,2025","2021,2022,2023,2024,2025"
000591,太阳能,SZ,电力,保留,,排除,6.704,1916543217.1,1.829984,40.252204,2.69491,17.058502,0.0,,"roe,interest_coverage","2016,2017,2018,2019,2020,2021,2022,2023,2024,2025","2021,2022,2023,2024,2025"
000592,平潭发展,SZ,林业Ⅱ,保留,,排除,-5.395,82805302.41,-33.861727,8.128962,-0.403281,-9.429274,0.0,,"roe,interest_coverage,gross_margin,ocf_ni,net_margin","2016,2017,2018,2019,2020,2021,2022,2023,2024,2025","2021,2022,2023,2024,2025"
000593,德龙汇能,SZ,燃气Ⅱ,保留,,排除,-2.517,581135521.57,2.090802,14.925869,4.078863,-3.538547,0.0,,"roe,gross_margin,net_margin","2016,2017,2018,2019,2020,2021,2022,2023,2024,2025","2021,2022,2023,2024,2025"
000595,新能股份,SZ,电力,保留,,排除,-12.767,-4580219442.49,0.543827,8.991318,1.399963,-33.438644,0.0,,"roe,fcf,interest_coverage,gross_margin,net_margin","2016,2017,2018,2019,2020,2021,2022,2023,2024,2025","2021,2022,2023,2024,2025"
000596,古井贡酒,SZ,白酒Ⅱ,保留,,通过,20.435,10903352398.4,,78.098709,1.132129,18.897248,0.0,,,"2016,2017,2018,2019,2020,2021,2022,2023,2024,2025","2021,2022,2023,2024,2025"
000597,东北制药,SZ,化学制药,保留,,排除,4.819,3450393445.68,17.730388,39.025324,3.689165,2.616644,0.0,,"roe,net_margin","2016,2017,2018,2019,2020,2021,2022,2023,2024,2025","2021,2022,2023,2024,2025"
000598,兴蓉环境,SZ,环境治理,保留,,排除,10.769,-3574612520.11,6.089473,40.821095,1.881078,23.315202,0.0,,fcf,"2016,2017,2018,2019,2020,2021,2022,2023,2024,2025","2021,2022,2023,2024,2025"
000599,青岛双星,SZ,汽车零部件,周期,周期性行业,行业排除,,,,,,,,,,,
000600,建投能源,SZ,电力,保留,,排除,3.714,-161732013.94,6.319073,11.921246,7.853454,2.821235,0.0,,"roe,fcf,gross_margin,net_margin","2016,2017,2018,2019,2020,2021,2022,2023,2024,2025","2021,2022,2023,2024,2025"
000601,韶能股份,SZ,电力,保留,,排除,3.814,738999479.92,0.911551,14.706234,4.887394,4.487335,0.0,,"roe,interest_coverage,gross_margin,net_margin","2016,2017,2018,2019,2020,2021,2022,2023,2024,2025","2021,2022,2023,2024,2025"
000603,盛达资源,SZ,贵金属,周期,周期性行业,行业排除,,,,,,,,,,,
000605,渤海股份,SZ,环境治理,保留,,排除,1.956,-429666571.89,0.383764,24.215611,11.616799,2.330328,0.0,,"roe,fcf,interest_coverage,net_margin","2016,2017,2018,2019,2020,2021,2022,2023,2024,2025","2021,2022,2023,2024,2025"
000607,华媒控股,SZ,广告营销,保留,,排除,0.145,804774029.03,-11.035404,20.711102,-0.608837,-0.67728,0.0,,"roe,interest_coverage,ocf_ni,net_margin","2016,2017,2018,2019,2020,2021,2022,2023,2024,2025","2021,2022,2023,2024,2025"
000608,阳光股份,SZ,房地产开发,周期,周期性行业,行业排除,,,,,,,,,,,
000609,*ST中迪,SZ,房地产开发,周期,周期性行业,行业排除,,,,,,,,,,,
000610,*ST西旅,SZ,旅游及景区,保留,,排除,-13.065556,-720703357.87,-5.852452,0.011007,0.606733,-16.162157,0.0,,"roe,fcf,interest_coverage,gross_margin,ocf_ni,net_margin","2016,2017,2018,2019,2020,2021,2022,2023,2024,2025","2021,2022,2023,2024,2025"
000612,焦作万方,SZ,工业金属,周期,周期性行业,行业排除,,,,,,,,,,,
000615,*ST美谷,SZ,医疗美容,保留,,排除,-18.918571,70305812.41,-5.616547,22.876887,-0.130601,-22.880814,0.0,,"roe,interest_coverage,ocf_ni,net_margin","2016,2017,2018,2019,2020,2021,2022,2023,2024,2025","2021,2022,2023,2024,2025"
000617,中油资本,SZ,多元金融,金融,金融行业,行业排除,,,,,,,,,,,
000619,海螺新材,SZ,装修建材,保留,,排除,-1.27,-26738290.09,-4.6667,8.01094,-3.585484,-0.470637,0.0,,"roe,fcf,interest_coverage,gross_margin,ocf_ni,net_margin","2016,2017,2018,2019,2020,2021,2022,2023,2024,2025","2021,2022,2023,2024,2025"
000620,盈新发展,SZ,房地产开发,周期,周期性行业,行业排除,,,,,,,,,,,
000623,吉林敖东,SZ,中药Ⅱ,保留,,排除,7.088,-257714726.98,53.541305,48.229191,0.123818,61.667081,0.0,,"roe,fcf,ocf_ni","2016,2017,2018,2019,2020,2021,2022,2023,2024,2025","2021,2022,2023,2024,2025"
000625,长安汽车,SZ,乘用车,保留,,排除,9.632,39398673771.91,,16.972429,2.011838,4.758981,0.0,,net_margin,"2016,2017,2018,2019,2020,2021,2022,2023,2024,2025","2021,2022,2023,2024,2025"
000626,远大控股,SZ,物流,保留,,排除,-0.348,471128023.72,-1.249696,0.775604,-0.85947,-0.015849,0.0,,"roe,interest_coverage,gross_margin,ocf_ni,net_margin","2016,2017,2018,2019,2020,2021,2022,2023,2024,2025","2021,2022,2023,2024,2025"
000628,高新发展,SZ,房屋建设Ⅱ,保留,,排除,9.584,-900040848.2,2.569797,9.116902,-1.323231,3.327556,0.0,,"fcf,gross_margin,ocf_ni,net_margin","2016,2017,2018,2019,2020,2021,2022,2023,2024,2025","2021,2022,2023,2024,2025"
000629,钒钛股份,SZ,冶钢原料,保留,,排除,14.624,3693709291.33,,13.443167,0.137882,1.431215,0.0,,"gross_margin,ocf_ni,net_margin","2016,2017,2018,2019,2020,2021,2022,2023,2024,2025","2021,2022,2023,2024,2025"
000630,铜陵有色,SZ,工业金属,周期,周期性行业,行业排除,,,,,,,,,,,
000631,顺发恒能,SZ,电力,保留,,排除,6.378,1976006894.1,,35.170479,4.114366,27.057324,0.0,,roe,"2016,2017,2018,2019,2020,2021,2022,2023,2024,2025","2021,2022,2023,2024,2025"
000632,ST三木,SZ,综合Ⅱ,保留,,排除,-20.879,-27162766.51,-2.989151,3.498027,6.349514,-1.976135,0.0,,"roe,fcf,interest_coverage,gross_margin,net_margin","2016,2017,2018,2019,2020,2021,2022,2023,2024,2025","2021,2022,2023,2024,2025"
000633,合金投资,SZ,金属新材料,保留,,排除,2.521,24036806.74,1.33594,12.027606,0.495252,3.391639,0.0,,"roe,interest_coverage,gross_margin,ocf_ni,net_margin","2016,2017,2018,2019,2020,2021,2022,2023,2024,2025","2021,2022,2023,2024,2025"
000635,英 力 特,SZ,化学原料,周期,周期性行业,行业排除,,,,,,,,,,,
000636,风华高科,SZ,元件,保留,,排除,6.461,-1607848076.6,,20.030984,1.427527,9.420468,0.0,,"roe,fcf","2016,2017,2018,2019,2020,2021,2022,2023,2024,2025","2021,2022,2023,2024,2025"
000637,茂化实华,SZ,炼化及贸易,保留,,排除,-2.491,173411337.28,-4.874774,3.792723,-1.157476,-0.25896,0.0,,"roe,interest_coverage,gross_margin,ocf_ni,net_margin","2016,2017,2018,2019,2020,2021,2022,2023,2024,2025","2021,2022,2023,2024,2025"
000639,ST西王,SZ,食品加工,保留,,排除,-5.084,576975010.42,-10.351357,20.45662,-5.404993,-3.386341,0.0,,"roe,interest_coverage,ocf_ni,net_margin","2016,2017,2018,2019,2020,2021,2022,2023,2024,2025","2021,2022,2023,2024,2025"
000650,仁和药业,SZ,中药Ⅱ,保留,,通过,11.966,2688009590.91,1693.267886,37.323483,1.516439,11.5974,0.0,,,"2016,2017,2018,2019,2020,2021,2022,2023,2024,2025","2021,2022,2023,2024,2025"
000651,格力电器,SZ,白色家电,保留,,通过,26.362,140507547030.41,,27.795968,1.141468,14.048562,0.0,,,"2016,2017,2018,2019,2020,2021,2022,2023,2024,2025","2021,2022,2023,2024,2025"
000652,泰达股份,SZ,环境治理,保留,,排除,4.351,-4266400537.64,-0.338384,5.433825,-0.009007,0.946971,0.0,,"roe,fcf,interest_coverage,gross_margin,ocf_ni,net_margin","2016,2017,2018,2019,2020,2021,2022,2023,2024,2025","2021,2022,2023,2024,2025"
000655,金岭矿业,SZ,冶钢原料,保留,,排除,2.122,1056020158.58,,22.482407,1.502039,-1.371478,0.0,,"roe,net_margin","2016,2017,2018,2019,2020,2021,2022,2023,2024,2025","2021,2022,2023,2024,2025"
000656,金科股份,SZ,房地产开发,周期,周期性行业,行业排除,,,,,,,,,,,
000657,中钨高新,SZ,小金属,周期,周期性行业,行业排除,,,,,,,,,,,
000659,珠海中富,SZ,包装印刷,保留,,排除,-24.808,251111932.1,-1.038013,17.214206,0.908224,-8.320603,0.0,,"roe,interest_coverage,net_margin","2016,2017,2018,2019,2020,2021,2022,2023,2024,2025","2021,2022,2023,2024,2025"
000661,长春高新,SZ,生物制品,保留,,通过,20.168,4365359105.69,,85.882616,1.814567,23.052615,0.0,,,"2016,2017,2018,2019,2020,2021,2022,2023,2024,2025","2021,2022,2023,2024,2025"
000663,永安林业,SZ,林业Ⅱ,保留,,排除,-6.616,492636852.08,-478.013103,28.17719,1.060064,-17.40052,0.0,,"roe,interest_coverage,net_margin","2016,2017,2018,2019,2020,2021,2022,2023,2024,2025","2021,2022,2023,2024,2025"
000665,湖北广电,SZ,电视广播Ⅱ,保留,,排除,-6.853,-1664825798.97,-9.769189,1.671843,-0.111607,-19.641873,0.0,,"roe,fcf,interest_coverage,gross_margin,ocf_ni,net_margin","2016,2017,2018,2019,2020,2021,2022,2023,2024,2025","2021,2022,2023,2024,2025"
000668,荣丰控股,SZ,房地产开发,周期,周期性行业,行业排除,,,,,,,,,,,
000669,ST金鸿,SZ,燃气Ⅱ,保留,,排除,-28.008,771720399.19,0.91349,11.893908,1.055969,-13.242377,0.0,,"roe,interest_coverage,gross_margin,net_margin","2016,2017,2018,2019,2020,2021,2022,2023,2024,2025","2021,2022,2023,2024,2025"
000670,盈方微,SZ,其他电子Ⅱ,保留,,排除,-123.593333,-74843173.56,-0.897966,5.388652,-10.641152,-529.20014,0.0,,"roe,fcf,interest_coverage,gross_margin,ocf_ni,net_margin","2016,2017,2018,2019,2020,2021,2022,2023,2024,2025","2021,2022,2023,2024,2025"
000672,上峰材料,SZ,水泥,周期,周期性行业,行业排除,,,,,,,,,,,
000676,智度股份,SZ,广告营销,保留,,排除,0.055,497656363.48,,17.427275,-0.435919,1.925573,0.0,,"roe,ocf_ni,net_margin","2016,2017,2018,2019,2020,2021,2022,2023,2024,2025","2021,2022,2023,2024,2025"
000677,ST海龙,SZ,化学纤维,保留,,排除,6.469,398246116.95,,23.415793,7.621521,2.45828,0.0,,"roe,net_margin","2016,2017,2018,2019,2020,2021,2022,2023,2024,2025","2021,2022,2023,2024,2025"
000678,襄阳轴承,SZ,汽车零部件,周期,周期性行业,行业排除,,,,,,,,,,,
000679,大连友谊,SZ,一般零售,保留,,排除,-20.131,-340471485.01,-2.576437,21.354122,0.806168,-28.063418,0.0,,"roe,fcf,interest_coverage,net_margin","2016,2017,2018,2019,2020,2021,2022,2023,2024,2025","2021,2022,2023,2024,2025"
000680,山推股份,SZ,工程机械,周期,周期性行业,行业排除,,,,,,,,,,,
000681,视觉中国,SZ,数字媒体,保留,,排除,6.326,492591217.91,18.103696,49.895616,1.154053,23.389706,0.0,,roe,"2016,2017,2018,2019,2020,2021,2022,2023,2024,2025","2021,2022,2023,2024,2025"
000682,东方电子,SZ,电网设备,保留,,通过,9.38,2855858315.42,,32.91999,1.250974,6.932261,0.0,,,"2016,2017,2018,2019,2020,2021,2022,2023,2024,2025","2021,2022,2023,2024,2025"
000683,博源化工,SZ,化学原料,周期,周期性行业,行业排除,,,,,,,,,,,
000685,中山公用,SZ,环境治理,保留,,排除,8.259,-2944471499.01,10.652048,22.877224,0.242705,44.304586,0.0,,"fcf,ocf_ni","2016,2017,2018,2019,2020,2021,2022,2023,2024,2025","2021,2022,2023,2024,2025"
000686,东北证券,SZ,证券Ⅱ,金融,金融行业,行业排除,,,,,,,,,,,
000688,国城矿业,SZ,小金属,周期,周期性行业,行业排除,,,,,,,,,,,
000690,宝新能源,SZ,电力,保留,,排除,7.433,3159147870.4,19.933996,13.752212,2.928197,11.646211,0.0,,"roe,gross_margin","2016,2017,2018,2019,2020,2021,2022,2023,2024,2025","2021,2022,2023,2024,2025"
000691,亚太实业,SZ,化学原料,周期,周期性行业,行业排除,,,,,,,,,,,
000692,惠天热电,SZ,电力,保留,,排除,-242.362222,-581930696.94,-0.705938,-20.597557,-1.664951,-13.478353,0.0,,"roe,fcf,interest_coverage,gross_margin,ocf_ni,net_margin","2016,2017,2018,2019,2020,2021,2022,2023,2024,2025","2021,2022,2023,2024,2025"
000695,滨海能源,SZ,电池,保留,,排除,-15.576,-992836112.94,-4.308962,-0.237895,1.188173,-5.912641,0.0,,"roe,fcf,interest_coverage,gross_margin,net_margin","2016,2017,2018,2019,2020,2021,2022,2023,2024,2025","2021,2022,2023,2024,2025"
000697,炼石航空,SZ,航空装备Ⅱ,保留,,排除,-40.84,-1398251489.07,-5.98262,9.858208,0.374585,-59.301794,0.0,,"roe,fcf,interest_coverage,gross_margin,ocf_ni,net_margin","2016,2017,2018,2019,2020,2021,2022,2023,2024,2025","2021,2022,2023,2024,2025"
000698,ST沈化,SZ,炼化及贸易,保留,,排除,-9.01,1321234926.34,0.322603,6.517508,-2.682822,-3.628599,0.0,,"roe,interest_coverage,gross_margin,ocf_ni,net_margin","2016,2017,2018,2019,2020,2021,2022,2023,2024,2025","2021,2022,2023,2024,2025"
000700,模塑科技,SZ,汽车零部件,周期,周期性行业,行业排除,,,,,,,,,,,
000701,厦门信达,SZ,贸易Ⅱ,保留,,排除,-151.992,4274191904.99,-0.531069,1.994939,18.559302,-0.488912,0.0,,"roe,interest_coverage,gross_margin,net_margin","2016,2017,2018,2019,2020,2021,2022,2023,2024,2025","2021,2022,2023,2024,2025"
000702,正虹科技,SZ,饲料,保留,,排除,-13.256,-388495591.25,-3.302519,4.071906,0.573024,-3.466049,0.0,,"roe,fcf,interest_coverage,gross_margin,ocf_ni,net_margin","2016,2017,2018,2019,2020,2021,2022,2023,2024,2025","2021,2022,2023,2024,2025"
000703,恒逸石化,SZ,炼化及贸易,保留,,排除,7.822,1780081905.46,0.158791,3.983589,10.745223,1.743173,0.0,,"roe,interest_coverage,gross_margin,net_margin","2016,2017,2018,2019,2020,2021,2022,2023,2024,2025","2021,2022,2023,2024,2025"
000705,浙江震元,SZ,医药商业,保留,,排除,4.734,-624212744.82,,20.052736,1.161764,2.376063,0.0,,"roe,fcf,net_margin","2016,2017,2018,2019,2020,2021,2022,2023,2024,2025","2021,2022,2023,2024,2025"
000707,双环科技,SZ,化学原料,周期,周期性行业,行业排除,,,,,,,,,,,
000708,中信特钢,SZ,特钢Ⅱ,保留,,排除,17.193,54782812220.23,10.26977,14.47023,1.991158,5.907024,0.0,,gross_margin,"2016,2017,2018,2019,2020,2021,2022,2023,2024,2025","2021,2022,2023,2024,2025"
000709,河钢股份,SZ,普钢,保留,,排除,3.223,-29479074723.77,0.181309,10.158604,9.200004,1.550625,0.0,,"roe,fcf,interest_coverage,gross_margin,net_margin","2016,2017,2018,2019,2020,2021,2022,2023,2024,2025","2021,2022,2023,2024,2025"
000710,贝瑞基因,SZ,医疗服务,保留,,排除,1.722,-212746491.95,-28.990866,44.441548,-0.393352,-0.981744,0.0,,"roe,fcf,interest_coverage,ocf_ni,net_margin","2016,2017,2018,2019,2020,2021,2022,2023,2024,2025","2021,2022,2023,2024,2025"
000711,ST京蓝,SZ,环境治理,保留,,排除,-79.524444,-448846016.2,-66.508817,-6.745355,0.542192,-53.502797,0.0,,"roe,fcf,interest_coverage,gross_margin,ocf_ni,net_margin","2016,2017,2018,2019,2020,2021,2022,2023,2024,2025","2021,2022,2023,2024,2025"
000712,锦龙股份,SZ,证券Ⅱ,金融,金融行业,行业排除,,,,,,,,,,,
000713,国投丰乐,SZ,种植业,保留,,排除,3.49,251259582.29,11.687276,14.295095,3.059018,2.465579,0.0,,"roe,gross_margin,net_margin","2016,2017,2018,2019,2020,2021,2022,2023,2024,2025","2021,2022,2023,2024,2025"
000715,中兴商业,SZ,一般零售,保留,,排除,7.066,643710659.93,,55.882673,1.162548,10.067931,0.0,,roe,"2016,2017,2018,2019,2020,2021,2022,2023,2024,2025","2021,2022,2023,2024,2025"
000716,黑芝麻,SZ,休闲食品,保留,,排除,0.441,725394346.31,-0.989122,21.786523,0.083002,0.249783,0.0,,"roe,interest_coverage,ocf_ni,net_margin","2016,2017,2018,2019,2020,2021,2022,2023,2024,2025","2021,2022,2023,2024,2025"
000717,中南股份,SZ,普钢,保留,,排除,20.2,1981540824.37,-17.674033,2.613817,5.211438,2.816142,0.0,,"interest_coverage,gross_margin,net_margin","2016,2017,2018,2019,2020,2021,2022,2023,2024,2025","2021,2022,2023,2024,2025"
000718,苏宁环球,SZ,房地产开发,周期,周期性行业,行业排除,,,,,,,,,,,
000719,中原传媒,SZ,出版,保留,,通过,10.668,6252380780.22,,38.423975,1.519459,10.416524,0.0,,,"2016,2017,2018,2019,2020,2021,2022,2023,2024,2025","2021,2022,2023,2024,2025"
000720,新能泰山,SZ,电网设备,保留,,排除,-0.461,-530956731.02,-215.578712,3.563406,1.833997,-1.472503,0.0,,"roe,fcf,interest_coverage,gross_margin,net_margin","2016,2017,2018,2019,2020,2021,2022,2023,2024,2025","2021,2022,2023,2024,2025"
000721,西安饮食,SZ,酒店餐饮,保留,,排除,-19.468,-315817954.38,-5.293178,10.571172,-0.341402,-14.35314,0.0,,"roe,fcf,interest_coverage,gross_margin,ocf_ni,net_margin","2016,2017,2018,2019,2020,2021,2022,2023,2024,2025","2021,2022,2023,2024,2025"
000722,湖南发展,SZ,电力,保留,,排除,3.209,250071944.91,,35.390471,2.91791,30.913467,0.0,,roe,"2016,2017,2018,2019,2020,2021,2022,2023,2024,2025","2021,2022,2023,2024,2025"
000723,美锦能源,SZ,焦炭Ⅱ,保留,,排除,8.608,-3962129197.25,-3.03396,14.789996,0.86754,5.219227,0.0,,"fcf,interest_coverage,gross_margin","2016,2017,2018,2019,2020,2021,2022,2023,2024,2025","2021,2022,2023,2024,2025"
000725,京东方Ａ,SZ,光学光电子,保留,,排除,6.267,76148316932.0,3.693067,16.575316,8.091847,4.268338,0.0,,"roe,net_margin","2016,2017,2018,2019,2020,2021,2022,2023,2024,2025","2021,2022,2023,2024,2025"
000726,鲁 泰Ａ,SZ,纺织制造,保留,,排除,7.973,2394562479.1,11.819783,23.234854,1.765736,9.855849,0.0,,roe,"2016,2017,2018,2019,2020,2021,2022,2023,2024,2025","2021,2022,2023,2024,2025"
000727,冠捷科技,SZ,光学光电子,保留,,排除,-2.637,-4289224298.65,-1.987004,11.171404,10.457673,-2.260673,0.0,,"roe,fcf,interest_coverage,gross_margin,net_margin","2016,2017,2018,2019,2020,2021,2022,2023,2024,2025","2021,2022,2023,2024,2025"
000728,国元证券,SZ,证券Ⅱ,金融,金融行业,行业排除,,,,,,,,,,,
000729,燕京啤酒,SZ,非白酒,保留,,排除,3.591,6349074277.28,,39.557386,3.644659,3.678766,0.0,,"roe,net_margin","2016,2017,2018,2019,2020,2021,2022,2023,2024,2025","2021,2022,2023,2024,2025"
000731,四川美丰,SZ,农化制品,保留,,排除,5.833,1996403458.21,-38.130427,20.515335,0.966822,4.884712,0.0,,"roe,interest_coverage,net_margin","2016,2017,2018,2019,2020,2021,2022,2023,2024,2025","2021,2022,2023,2024,2025"
000733,振华科技,SZ,军工电子Ⅱ,保留,,通过,12.057,4180835049.7,,55.705793,0.941868,16.445685,0.0,,,"2016,2017,2018,2019,2020,2021,2022,2023,2024,2025","2021,2022,2023,2024,2025"
000735,罗 牛 山,SZ,养殖业,保留,,排除,1.013,369938832.94,7.160247,17.304366,0.756939,4.210092,0.0,,"roe,net_margin","2016,2017,2018,2019,2020,2021,2022,2023,2024,2025","2021,2022,2023,2024,2025"
000736,中交发展,SZ,房地产服务,周期,周期性行业,行业排除,,,,,,,,,,,
000737,北方铜业,SZ,工业金属,周期,周期性行业,行业排除,,,,,,,,,,,
000738,航发控制,SZ,航空装备Ⅱ,保留,,排除,5.276,-820629654.79,,26.766044,1.361728,10.548079,0.0,,"roe,fcf","2016,2017,2018,2019,2020,2021,2022,2023,2024,2025","2021,2022,2023,2024,2025"
000739,普洛药业,SZ,化学制药,保留,,通过,15.422,2709715039.47,,25.300025,1.100069,8.092663,0.0,,,"2016,2017,2018,2019,2020,2021,2022,2023,2024,2025","2021,2022,2023,2024,2025"
000750,国海证券,SZ,证券Ⅱ,金融,金融行业,行业排除,,,,,,,,,,,
000751,锌业股份,SZ,工业金属,周期,周期性行业,行业排除,,,,,,,,,,,
000752,*ST西发,SZ,非白酒,保留,,排除,-24.15625,282092366.18,,29.911117,-0.484726,-22.820024,0.0,,"roe,ocf_ni,net_margin","2016,2017,2018,2019,2020,2021,2022,2023,2024,2025","2021,2022,2023,2024,2025"
000753,漳州发展,SZ,综合Ⅱ,保留,,排除,4.777,-2018341761.22,,17.597246,-0.20435,3.400987,0.0,,"roe,fcf,ocf_ni,net_margin","2016,2017,2018,2019,2020,2021,2022,2023,2024,2025","2021,2022,2023,2024,2025"
000755,山西高速,SZ,铁路公路,周期,周期性行业,行业排除,,,,,,,,,,,
000756,新华制药,SZ,化学制药,保留,,排除,9.501,1036833860.57,10.528056,25.322687,1.149109,4.909886,0.0,,net_margin,"2016,2017,2018,2019,2020,2021,2022,2023,2024,2025","2021,2022,2023,2024,2025"
000757,浩物股份,SZ,汽车服务,周期,周期性行业,行业排除,,,,,,,,,,,
000758,中色股份,SZ,工业金属,周期,周期性行业,行业排除,,,,,,,,,,,
000759,中百集团,SZ,一般零售,保留,,排除,-10.819,1563734392.92,-8.208773,23.581918,-5.051325,-1.897056,0.0,,"roe,interest_coverage,ocf_ni,net_margin","2016,2017,2018,2019,2020,2021,2022,2023,2024,2025","2021,2022,2023,2024,2025"
000761,本钢板材,SZ,普钢,保留,,排除,-4.878,-1850665173.59,-8.767051,-0.730885,-0.632023,-0.954767,0.0,,"roe,fcf,interest_coverage,gross_margin,ocf_ni,net_margin","2016,2017,2018,2019,2020,2021,2022,2023,2024,2025","2021,2022,2023,2024,2025"
000762,西藏矿业,SZ,能源金属,周期,周期性行业,行业排除,,,,,,,,,,,
000766,通化金马,SZ,化学制药,保留,,排除,-4.485,527953849.29,0.536976,74.806188,3.801736,-6.319185,0.0,,"roe,interest_coverage,net_margin","2016,2017,2018,2019,2020,2021,2022,2023,2024,2025","2021,2022,2023,2024,2025"
000767,晋控电力,SZ,电力,保留,,排除,-3.638,-7473948272.91,0.256488,10.500219,102.816216,-1.428962,0.0,,"roe,fcf,interest_coverage,gross_margin,net_margin","2016,2017,2018,2019,2020,2021,2022,2023,2024,2025","2021,2022,2023,2024,2025"
000768,中航西飞,SZ,航空装备Ⅱ,保留,,排除,4.537,-4619630166.02,,6.600896,3.860629,2.113555,0.0,,"roe,fcf,gross_margin,net_margin","2016,2017,2018,2019,2020,2021,2022,2023,2024,2025","2021,2022,2023,2024,2025"
000776,广发证券,SZ,证券Ⅱ,金融,金融行业,行业排除,,,,,,,,,,,
000777,中核科技,SZ,通用设备,保留,,排除,8.417,253877165.55,30.273981,20.47777,0.49573,9.778726,0.0,,ocf_ni,"2016,2017,2018,2019,2020,2021,2022,2023,2024,2025","2021,2022,2023,2024,2025"
000778,新兴铸管,SZ,普钢,保留,,排除,5.967,3716837814.68,4.551361,7.372131,2.583468,2.995949,0.0,,"roe,gross_margin,net_margin","2016,2017,2018,2019,2020,2021,2022,2023,2024,2025","2021,2022,2023,2024,2025"
000779,甘咨询,SZ,工程咨询服务Ⅱ,保留,,排除,12.391,61784639.51,,33.361663,0.474139,10.783663,0.0,,ocf_ni,"2016,2017,2018,2019,2020,2021,2022,2023,2024,2025","2021,2022,2023,2024,2025"
000782,恒申新材,SZ,化学纤维,保留,,排除,-2.136,-2269524133.8,-65.968593,4.637948,2.959017,-1.297671,0.0,,"roe,fcf,interest_coverage,gross_margin,net_margin","2016,2017,2018,2019,2020,2021,2022,2023,2024,2025","2021,2022,2023,2024,2025"
000783,长江证券,SZ,证券Ⅱ,金融,金融行业,行业排除,,,,,,,,,,,
000785,居然智家,SZ,一般零售,保留,,排除,11.048,12777691316.37,-1.491539,34.923311,1.838494,11.832583,0.0,,interest_coverage,"2016,2017,2018,2019,2020,2021,2022,2023,2024,2025","2021,2022,2023,2024,2025"
000786,北新建材,SZ,装修建材,保留,,通过,15.272,14950820168.93,115.320914,29.901635,1.291542,14.886508,0.0,,,"2016,2017,2018,2019,2020,2021,2022,2023,2024,2025","2021,2022,2023,2024,2025"
000788,北大医药,SZ,化学制药,保留,,排除,4.026,962869053.45,,33.11338,3.265248,2.705316,0.0,,"roe,net_margin","2016,2017,2018,2019,2020,2021,2022,2023,2024,2025","2021,2022,2023,2024,2025"
000789,万年青,SZ,水泥,周期,周期性行业,行业排除,,,,,,,,,,,
000790,华神科技,SZ,中药Ⅱ,保留,,排除,2.6,-384336026.52,-18.923233,43.579906,-1.102803,1.531303,0.0,,"roe,fcf,interest_coverage,ocf_ni,net_margin","2016,2017,2018,2019,2020,2021,2022,2023,2024,2025","2021,2022,2023,2024,2025"
000791,甘肃能源,SZ,电力,保留,,排除,7.633,1355875209.77,7.773908,36.649909,3.413639,15.168728,0.0,,roe,"2016,2017,2018,2019,2020,2021,2022,2023,2024,2025","2021,2022,2023,2024,2025"
000792,盐湖股份,SZ,农化制品,保留,,豁免B通过,10.933333,47024969827.42,,60.892146,1.318697,-9.079138,0.0,,net_margin,"2016,2017,2018,2019,2020,2021,2022,2023,2024,2025","2021,2022,2023,2024,2025"
000793,ST华闻,SZ,出版,保留,,排除,-44.008,-256488730.3,-2.002915,21.187211,-1.678038,-73.810169,0.0,,"roe,fcf,interest_coverage,ocf_ni,net_margin","2016,2017,2018,2019,2020,2021,2022,2023,2024,2025","2021,2022,2023,2024,2025"
000795,英洛华,SZ,金属新材料,保留,,排除,5.922,461555071.46,,18.505967,1.465192,4.613607,0.0,,"roe,net_margin","2016,2017,2018,2019,2020,2021,2022,2023,2024,2025","2021,2022,2023,2024,2025"
000796,凯撒旅业,SZ,旅游及景区,保留,,排除,-25.302222,-414273744.25,28.647268,18.955471,-0.102045,-35.18868,0.0,,"roe,fcf,ocf_ni,net_margin","2016,2017,2018,2019,2020,2021,2022,2023,2024,2025","2021,2022,2023,2024,2025"
000797,中国武夷,SZ,房地产开发,周期,周期性行业,行业排除,,,,,,,,,,,
000798,中水渔业,SZ,渔业,保留,,排除,-0.385,-70316441.89,1.699609,2.380325,0.413081,-2.378874,0.0,,"roe,fcf,interest_coverage,gross_margin,ocf_ni,net_margin","2016,2017,2018,2019,2020,2021,2022,2023,2024,2025","2021,2022,2023,2024,2025"
000799,酒鬼酒,SZ,白酒Ⅱ,保留,,排除,12.489,69419000.18,,74.843138,-4.32144,17.135819,0.0,,ocf_ni,"2016,2017,2018,2019,2020,2021,2022,2023,2024,2025","2021,2022,2023,2024,2025"
000800,一汽解放,SZ,商用车,保留,,排除,4.305,864379454.45,,7.814178,-2.139418,0.983636,0.0,,"roe,gross_margin,ocf_ni,net_margin","2016,2017,2018,2019,2020,2021,2022,2023,2024,2025","2021,2022,2023,2024,2025"
000801,四川九洲,SZ,黑色家电,保留,,排除,4.868,-75562489.87,21.802315,21.553976,1.216907,3.443,0.0,,"roe,fcf,net_margin","2016,2017,2018,2019,2020,2021,2022,2023,2024,2025","2021,2022,2023,2024,2025"
000802,北京文化,SZ,影视院线,保留,,排除,-16.464,,-10.468295,-0.571423,-0.111761,-67.352081,0.0,fcf,"roe,interest_coverage,gross_margin,ocf_ni,net_margin","2016,2017,2018,2019,2020,2021,2022,2023,2024,2025","2021,2022,2023,2024,2025"
000803,山高环能,SZ,电力,保留,,排除,0.675556,-79255697.34,0.495777,21.484925,25.427927,-77.698474,0.0,,"roe,fcf,interest_coverage,net_margin","2016,2017,2018,2019,2020,2021,2022,2023,2024,2025","2021,2022,2023,2024,2025"
000807,云铝股份,SZ,工业金属,周期,周期性行业,行业排除,,,,,,,,,,,
000809,和展能源,SZ,风电设备,保留,,排除,-1.824,-336258517.93,,12.915635,-0.019611,-172.124295,0.0,,"roe,fcf,gross_margin,ocf_ni,net_margin","2016,2017,2018,2019,2020,2021,2022,2023,2024,2025","2021,2022,2023,2024,2025"
000810,创维数字,SZ,黑色家电,保留,,排除,10.469,602996880.47,,15.613081,0.619922,4.645666,0.0,,"ocf_ni,net_margin","2016,2017,2018,2019,2020,2021,2022,2023,2024,2025","2021,2022,2023,2024,2025"
000811,冰轮环境,SZ,通用设备,保留,,通过,10.56,2051004940.86,,24.895036,1.22981,8.316496,0.0,,,"2016,2017,2018,2019,2020,2021,2022,2023,2024,2025","2021,2022,2023,2024,2025"
000812,陕西金叶,SZ,包装印刷,保留,,排除,0.84,-417566259.79,-2.067094,25.333497,4.920645,1.162052,0.0,,"roe,fcf,interest_coverage,net_margin","2016,2017,2018,2019,2020,2021,2022,2023,2024,2025","2021,2022,2023,2024,2025"
000813,德展健康,SZ,化学制药,保留,,排除,7.712,-434618442.81,,60.296016,-0.389018,6.780505,0.0,,"roe,fcf,ocf_ni","2016,2017,2018,2019,2020,2021,2022,2023,2024,2025","2021,2022,2023,2024,2025"
000815,美利云,SZ,IT服务Ⅱ,保留,,排除,-3.438,-273255005.17,6.043642,14.784068,-0.2195,-4.797349,0.0,,"roe,fcf,gross_margin,ocf_ni,net_margin","2016,2017,2018,2019,2020,2021,2022,2023,2024,2025","2021,2022,2023,2024,2025"
000816,智慧农业,SZ,汽车零部件,周期,周期性行业,行业排除,,,,,,,,,,,
000818,航锦科技,SZ,化学原料,周期,周期性行业,行业排除,,,,,,,,,,,
000819,岳阳兴长,SZ,炼化及贸易,保留,,排除,4.746,-2111470111.07,-2.774474,14.17975,1.426077,1.880757,0.0,,"roe,fcf,interest_coverage,gross_margin,net_margin","2016,2017,2018,2019,2020,2021,2022,2023,2024,2025","2021,2022,2023,2024,2025"
000820,神雾节能,SZ,环保设备Ⅱ,保留,,排除,-51.565,-189977161.82,-98.383803,16.641413,0.445089,-3829.365434,0.0,,"roe,fcf,interest_coverage,ocf_ni,net_margin","2016,2017,2018,2019,2020,2021,2022,2023,2024,2025","2021,2022,2023,2024,2025"
000821,ST京机,SZ,光伏设备,保留,,排除,3.929,691054483.13,3.767404,20.177706,1.769178,2.172808,0.0,,"roe,net_margin","2016,2017,2018,2019,2020,2021,2022,2023,2024,2025","2021,2022,2023,2024,2025"
000822,山东海化,SZ,化学原料,周期,周期性行业,行业排除,,,,,,,,,,,
000823,超声电子,SZ,元件,保留,,排除,7.092,949792591.27,8.910302,18.451403,2.452489,5.012807,0.0,,roe,"2016,2017,2018,2019,2020,2021,2022,2023,2024,2025","2021,2022,2023,2024,2025"
000825,太钢不锈,SZ,特钢Ⅱ,保留,,排除,6.58,15223508071.18,1.463742,3.526651,18.272583,2.56835,0.0,,"roe,interest_coverage,gross_margin,net_margin","2016,2017,2018,2019,2020,2021,2022,2023,2024,2025","2021,2022,2023,2024,2025"
000826,*ST启环,SZ,环境治理,保留,,排除,-16.751111,2300292737.72,-3.097679,17.602809,-0.526799,-19.918232,0.0,,"roe,interest_coverage,ocf_ni,net_margin","2016,2017,2018,2019,2020,2021,2022,2023,2024,2025","2021,2022,2023,2024,2025"
000828,东莞控股,SZ,铁路公路,周期,周期性行业,行业排除,,,,,,,,,,,
000829,天音控股,SZ,专业连锁Ⅱ,保留,,排除,3.727,-5524528935.55,0.105956,3.155972,-7.355764,0.165295,0.0,,"roe,fcf,interest_coverage,gross_margin,ocf_ni,net_margin","2016,2017,2018,2019,2020,2021,2022,2023,2024,2025","2021,2022,2023,2024,2025"
000830,鲁西化工,SZ,化学原料,周期,周期性行业,行业排除,,,,,,,,,,,
000831,中国稀土,SZ,小金属,周期,周期性行业,行业排除,,,,,,,,,,,
000833,粤桂股份,SZ,综合Ⅱ,保留,,排除,3.859,-157844204.29,19.121078,26.104239,2.597527,6.269231,0.0,,"roe,fcf","2016,2017,2018,2019,2020,2021,2022,2023,2024,2025","2021,2022,2023,2024,2025"
000837,秦川机床,SZ,通用设备,保留,,排除,0.822,-217271032.27,14.387662,17.739714,2.712352,0.299858,0.0,,"roe,fcf,net_margin","2016,2017,2018,2019,2020,2021,2022,2023,2024,2025","2021,2022,2023,2024,2025"
000838,*ST发展,SZ,房地产开发,周期,周期性行业,行业排除,,,,,,,,,,,
000839,国安股份,SZ,通信服务,保留,,排除,-9.972,-704266013.79,1.745215,14.511043,1.140057,-15.844026,0.0,,"roe,fcf,interest_coverage,gross_margin,net_margin","2016,2017,2018,2019,2020,2021,2022,2023,2024,2025","2021,2022,2023,2024,2025"
000848,承德露露,SZ,饮料乳品,保留,,通过,22.368,2942328282.13,,43.756567,1.154963,20.730144,0.0,,,"2016,2017,2018,2019,2020,2021,2022,2023,2024,2025","2021,2022,2023,2024,2025"
000850,华茂股份,SZ,纺织制造,保留,,排除,3.808,-212336139.65,6.09046,14.524707,0.094808,5.418052,0.0,,"roe,fcf,gross_margin,ocf_ni","2016,2017,2018,2019,2020,2021,2022,2023,2024,2025","2021,2022,2023,2024,2025"
000852,石化机械,SZ,专用设备,保留,,排除,-2.471,806444060.34,0.496478,15.778579,14.644585,-1.929391,0.0,,"roe,interest_coverage,net_margin","2016,2017,2018,2019,2020,2021,2022,2023,2024,2025","2021,2022,2023,2024,2025"
000856,冀东装备,SZ,专用设备,保留,,排除,6.248,108973476.85,8.01911,7.218769,2.140332,0.956124,0.0,,"roe,gross_margin,net_margin","2016,2017,2018,2019,2020,2021,2022,2023,2024,2025","2021,2022,2023,2024,2025"
000858,五 粮 液,SZ,白酒Ⅱ,保留,,通过,21.328,145683954301.36,,76.233413,1.565099,32.814251,0.0,,,"2016,2017,2018,2019,2020,2021,2022,2023,2024,2025","2021,2022,2023,2024,2025"
000859,国风新材,SZ,塑料,保留,,排除,3.737,-1750637565.64,-74.838313,9.132789,-1.019535,4.54043,0.0,,"roe,fcf,interest_coverage,gross_margin,ocf_ni,net_margin","2016,2017,2018,2019,2020,2021,2022,2023,2024,2025","2021,2022,2023,2024,2025"
000860,顺鑫农业,SZ,白酒Ⅱ,保留,,排除,2.957,-372256881.77,,31.952224,-0.158422,1.427984,0.0,,"roe,fcf,ocf_ni,net_margin","2016,2017,2018,2019,2020,2021,2022,2023,2024,2025","2021,2022,2023,2024,2025"
000862,银星能源,SZ,电力,保留,,排除,1.898,2864854537.44,0.3408,33.837876,11.670728,3.649533,0.0,,"roe,interest_coverage,net_margin","2016,2017,2018,2019,2020,2021,2022,2023,2024,2025","2021,2022,2023,2024,2025"
000863,三湘印象,SZ,房地产开发,周期,周期性行业,行业排除,,,,,,,,,,,
000868,安凯客车,SZ,商用车,保留,,排除,-22.326,526004170.33,,7.364373,-1.899526,-6.764727,0.0,,"roe,gross_margin,ocf_ni,net_margin","2016,2017,2018,2019,2020,2021,2022,2023,2024,2025","2021,2022,2023,2024,2025"
000869,张 裕Ａ,SZ,非白酒,保留,,排除,6.931,3238556594.0,,57.536911,2.554939,14.581023,0.0,,roe,"2016,2017,2018,2019,2020,2021,2022,2023,2024,2025","2021,2022,2023,2024,2025"
000875,电投绿能,SZ,电力,保留,,排除,3.691,-4513814174.11,1.209667,24.406802,8.475569,2.849658,0.0,,"roe,fcf,interest_coverage,net_margin","2016,2017,2018,2019,2020,2021,2022,2023,2024,2025","2021,2022,2023,2024,2025"
000876,新 希 望,SZ,饲料,保留,,排除,2.705,9908312577.5,-0.475225,4.796941,12.686125,1.115264,0.0,,"roe,interest_coverage,gross_margin,net_margin","2016,2017,2018,2019,2020,2021,2022,2023,2024,2025","2021,2022,2023,2024,2025"
000877,天山股份,SZ,水泥,周期,周期性行业,行业排除,,,,,,,,,,,
000878,云南铜业,SZ,工业金属,周期,周期性行业,行业排除,,,,,,,,,,,
000880,潍柴重机,SZ,通用设备,保留,,排除,5.676,1746307318.25,,12.009453,2.293353,3.04371,0.0,,"roe,gross_margin,net_margin","2016,2017,2018,2019,2020,2021,2022,2023,2024,2025","2021,2022,2023,2024,2025"
000881,中广核技,SZ,化学制品,周期,周期性行业,行业排除,,,,,,,,,,,
000882,华联股份,SZ,一般零售,保留,,排除,-0.558,2489192495.62,-1.140077,53.169509,11.189995,-3.021582,0.0,,"roe,interest_coverage,net_margin","2016,2017,2018,2019,2020,2021,2022,2023,2024,2025","2021,2022,2023,2024,2025"
000883,湖北能源,SZ,电力,保留,,排除,6.665,-12238292615.94,3.37768,19.500702,3.083355,12.310562,0.0,,"roe,fcf","2016,2017,2018,2019,2020,2021,2022,2023,2024,2025","2021,2022,2023,2024,2025"
000885,城发环境,SZ,环境治理,保留,,排除,16.554,-4286022057.5,3.173279,38.826358,1.379479,18.406327,0.0,,fcf,"2016,2017,2018,2019,2020,2021,2022,2023,2024,2025","2021,2022,2023,2024,2025"
000886,海南高速,SZ,铁路公路,周期,周期性行业,行业排除,,,,,,,,,,,
000887,中鼎股份,SZ,汽车零部件,周期,周期性行业,行业排除,,,,,,,,,,,
000888,峨眉山Ａ,SZ,旅游及景区,保留,,排除,5.705,894817168.11,,37.358357,3.22958,10.585949,0.0,,roe,"2016,2017,2018,2019,2020,2021,2022,2023,2024,2025","2021,2022,2023,2024,2025"
000889,中嘉博创,SZ,通信服务,保留,,排除,-31.387,-262318973.93,-6.139606,8.843926,0.137267,-12.794333,0.0,,"roe,fcf,interest_coverage,gross_margin,ocf_ni,net_margin","2016,2017,2018,2019,2020,2021,2022,2023,2024,2025","2021,2022,2023,2024,2025"
000890,法尔胜,SZ,环保设备Ⅱ,保留,,排除,-274.80625,-139451550.23,-2.843718,11.538845,-1.902744,-11.691453,0.0,,"roe,fcf,interest_coverage,gross_margin,ocf_ni,net_margin","2016,2017,2018,2019,2020,2021,2022,2023,2024,2025","2021,2022,2023,2024,2025"
000892,欢瑞世纪,SZ,影视院线,保留,,排除,-10.977,-347331596.55,-20.936627,25.044094,-0.126057,-75.672401,0.0,,"roe,fcf,interest_coverage,ocf_ni,net_margin","2016,2017,2018,2019,2020,2021,2022,2023,2024,2025","2021,2022,2023,2024,2025"
000893,亚钾国际,SZ,农化制品,保留,,排除,6.903,-2983636314.13,21.475716,60.957233,1.126159,23.583697,0.0,,"roe,fcf","2016,2017,2018,2019,2020,2021,2022,2023,2024,2025","2021,2022,2023,2024,2025"
000895,双汇发展,SZ,食品加工,保留,,通过,29.206,20573644323.82,77.133409,16.907703,1.276737,8.614681,0.0,,,"2016,2017,2018,2019,2020,2021,2022,2023,2024,2025","2021,2022,2023,2024,2025"
000897,津滨发展,SZ,房地产开发,周期,周期性行业,行业排除,,,,,,,,,,,
000898,鞍钢股份,SZ,普钢,保留,,排除,2.391,1936000000.0,-12.777049,1.378343,11.573612,1.26173,0.0,,"roe,interest_coverage,gross_margin,net_margin","2016,2017,2018,2019,2020,2021,2022,2023,2024,2025","2021,2022,2023,2024,2025"
000899,赣能股份,SZ,电力,保留,,排除,5.886,-8645526839.32,5.718667,10.73969,1.501515,6.829812,0.0,,"roe,fcf,gross_margin","2016,2017,2018,2019,2020,2021,2022,2023,2024,2025","2021,2022,2023,2024,2025"
000900,现代投资,SZ,铁路公路,周期,周期性行业,行业排除,,,,,,,,,,,
000901,航天科技,SZ,汽车零部件,周期,周期性行业,行业排除,,,,,,,,,,,
000902,新洋丰,SZ,农化制品,保留,,排除,13.396,-255445347.03,39.116288,16.012723,1.101863,8.286171,0.0,,fcf,"2016,2017,2018,2019,2020,2021,2022,2023,2024,2025","2021,2022,2023,2024,2025"
000903,ST云动,SZ,汽车零部件,周期,周期性行业,行业排除,,,,,,,,,,,
000905,厦门港务,SZ,航运港口,周期,周期性行业,行业排除,,,,,,,,,,,
000906,浙商中拓,SZ,物流,保留,,排除,14.574,-4754599131.07,1.979388,1.32885,-0.390294,0.405128,0.0,,"fcf,interest_coverage,gross_margin,ocf_ni,net_margin","2016,2017,2018,2019,2020,2021,2022,2023,2024,2025","2021,2022,2023,2024,2025"
000908,石药景峰,SZ,化学制药,保留,,排除,255.518889,267934343.38,-1.933124,67.164597,-0.546972,-20.527648,0.0,,"interest_coverage,ocf_ni,net_margin","2016,2017,2018,2019,2020,2021,2022,2023,2024,2025","2021,2022,2023,2024,2025"
000909,*ST数源,SZ,房地产开发,周期,周期性行业,行业排除,,,,,,,,,,,
000910,大亚圣象,SZ,家居用品,保留,,通过,11.224,1765667995.73,,25.583472,1.445407,6.658438,0.0,,,"2016,2017,2018,2019,2020,2021,2022,2023,2024,2025","2021,2022,2023,2024,2025"
000911,*ST广糖,SZ,农产品加工,保留,,排除,-26.802222,592019637.22,-1.415292,11.608997,25.297116,-6.411125,0.0,,"roe,interest_coverage,gross_margin,net_margin","2016,2017,2018,2019,2020,2021,2022,2023,2024,2025","2021,2022,2023,2024,2025"
000912,泸天化,SZ,农化制品,保留,,排除,40.06,1491414618.48,,13.88381,6.779037,-2.581545,0.0,,"gross_margin,net_margin","2016,2017,2018,2019,2020,2021,2022,2023,2024,2025","2021,2022,2023,2024,2025"
000913,钱江摩托,SZ,摩托车及其他,保留,,通过,10.515,452514176.96,,26.405885,1.182665,8.352959,0.0,,,"2016,2017,2018,2019,2020,2021,2022,2023,2024,2025","2021,2022,2023,2024,2025"
000915,华特达因,SZ,化学制药,保留,,通过,14.685,4975482020.6,,80.563872,2.088984,17.539875,0.0,,,"2016,2017,2018,2019,2020,2021,2022,2023,2024,2025","2021,2022,2023,2024,2025"
000917,电广传媒,SZ,电视广播Ⅱ,保留,,排除,0.963,1088168536.32,5.604987,28.790898,1.880732,0.015841,0.0,,"roe,net_margin","2016,2017,2018,2019,2020,2021,2022,2023,2024,2025","2021,2022,2023,2024,2025"
000919,金陵药业,SZ,化学制药,保留,,排除,4.264,23264789.26,,20.295988,2.787912,4.04835,0.0,,"roe,net_margin","2016,2017,2018,2019,2020,2021,2022,2023,2024,2025","2021,2022,2023,2024,2025"
000920,沃顿科技,SZ,塑料,保留,,通过,10.436,884603209.35,,36.331355,1.575082,9.550435,0.0,,,"2016,2017,2018,2019,2020,2021,2022,2023,2024,2025","2021,2022,2023,2024,2025"
000921,海信家电,SZ,白色家电,保留,,排除,20.607,23402384882.16,25.728169,20.735915,2.867485,3.58343,0.0,,net_margin,"2016,2017,2018,2019,2020,2021,2022,2023,2024,2025","2021,2022,2023,2024,2025"
000922,佳电股份,SZ,电机Ⅱ,保留,,排除,7.317,993741872.96,27.893027,22.588951,1.20279,5.43002,0.0,,roe,"2016,2017,2018,2019,2020,2021,2022,2023,2024,2025","2021,2022,2023,2024,2025"
000923,河钢资源,SZ,冶钢原料,保留,,通过,8.366,2247371875.27,,64.509351,1.791506,10.755366,0.0,,,"2016,2017,2018,2019,2020,2021,2022,2023,2024,2025","2021,2022,2023,2024,2025"
000925,众合科技,SZ,轨交设备Ⅱ,保留,,排除,1.424,-931852410.28,-0.196638,30.394401,3.205717,1.19662,0.0,,"roe,fcf,interest_coverage,net_margin","2016,2017,2018,2019,2020,2021,2022,2023,2024,2025","2021,2022,2023,2024,2025"
000926,福星股份,SZ,房地产开发,周期,周期性行业,行业排除,,,,,,,,,,,
000927,中国铁物,SZ,轨交设备Ⅱ,保留,,排除,-33.134,481396066.92,78.743178,5.070049,0.825155,-9.030015,0.0,,"roe,gross_margin,net_margin","2016,2017,2018,2019,2020,2021,2022,2023,2024,2025","2021,2022,2023,2024,2025"
000928,中钢国际,SZ,专业工程,周期,周期性行业,行业排除,,,,,,,,,,,
000929,兰州黄河,SZ,非白酒,保留,,排除,-6.145,-610706431.1,,15.963601,-1.685315,-11.680354,0.0,,"roe,fcf,ocf_ni,net_margin","2016,2017,2018,2019,2020,2021,2022,2023,2024,2025","2021,2022,2023,2024,2025"
000930,中粮科技,SZ,农产品加工,保留,,排除,6.671,6043980879.69,-0.058968,8.81828,11.21057,2.43688,0.0,,"roe,interest_coverage,gross_margin,net_margin","2016,2017,2018,2019,2020,2021,2022,2023,2024,2025","2021,2022,2023,2024,2025"
000931,中 关 村,SZ,化学制药,保留,,排除,1.747,421178220.94,2.161706,56.967148,0.157809,1.226653,0.0,,"roe,ocf_ni,net_margin","2016,2017,2018,2019,2020,2021,2022,2023,2024,2025","2021,2022,2023,2024,2025"
000932,华菱钢铁,SZ,普钢,保留,,排除,16.194,5864762921.72,159.405628,9.82607,1.711171,3.617667,0.0,,"gross_margin,net_margin","2016,2017,2018,2019,2020,2021,2022,2023,2024,2025","2021,2022,2023,2024,2025"
000933,神火股份,SZ,工业金属,周期,周期性行业,行业排除,,,,,,,,,,,
000935,四川双马,SZ,多元金融,金融,金融行业,行业排除,,,,,,,,,,,
000936,华西股份,SZ,化学纤维,保留,,排除,4.831,-150730313.86,5.038797,7.766464,0.45703,7.928734,0.0,,"roe,fcf,gross_margin,ocf_ni","2016,2017,2018,2019,2020,2021,2022,2023,2024,2025","2021,2022,2023,2024,2025"
000937,冀中能源,SZ,煤炭开采,周期,周期性行业,行业排除,,,,,,,,,,,
000938,紫光股份,SZ,IT服务Ⅱ,保留,,排除,6.887,2811793912.5,2.186316,18.337158,0.716963,2.943961,0.0,,"roe,net_margin","2016,2017,2018,2019,2020,2021,2022,2023,2024,2025","2021,2022,2023,2024,2025"
000948,南天信息,SZ,软件开发,保留,,排除,3.872,-475697343.24,1.028166,13.467834,-1.966056,1.512027,0.0,,"roe,fcf,interest_coverage,gross_margin,ocf_ni,net_margin","2016,2017,2018,2019,2020,2021,2022,2023,2024,2025","2021,2022,2023,2024,2025"
000949,新乡化纤,SZ,化学纤维,保留,,排除,3.671,-1434325926.15,1.386304,13.226384,-2.313464,2.592914,0.0,,"roe,fcf,interest_coverage,gross_margin,ocf_ni,net_margin","2016,2017,2018,2019,2020,2021,2022,2023,2024,2025","2021,2022,2023,2024,2025"
000950,重药控股,SZ,医药商业,保留,,排除,8.449,60371810.44,0.925196,8.078194,0.530944,1.751974,0.0,,"interest_coverage,gross_margin,ocf_ni,net_margin","2016,2017,2018,2019,2020,2021,2022,2023,2024,2025","2021,2022,2023,2024,2025"
000951,中国重汽,SZ,商用车,保留,,排除,12.05,15003250607.66,,7.534429,8.148577,2.417239,0.0,,"gross_margin,net_margin","2016,2017,2018,2019,2020,2021,2022,2023,2024,2025","2021,2022,2023,2024,2025"
000952,广济药业,SZ,化学制药,保留,,排除,0.512,-1023912084.98,-8.750101,29.612082,0.499109,-3.367551,0.0,,"roe,fcf,interest_coverage,ocf_ni,net_margin","2016,2017,2018,2019,2020,2021,2022,2023,2024,2025","2021,2022,2023,2024,2025"
000953,中哲精化,SZ,化学制药,保留,,排除,2.458333,-22450281.94,16.946509,15.146104,1.291223,-19.337163,0.0,,"roe,fcf,net_margin","2016,2017,2018,2019,2020,2021,2022,2023,2024,2025","2021,2022,2023,2024,2025"
000955,欣龙控股,SZ,纺织制造,保留,,排除,-2.538,100867638.34,-0.604746,8.739986,3.070003,-0.767031,0.0,,"roe,interest_coverage,gross_margin,net_margin","2016,2017,2018,2019,2020,2021,2022,2023,2024,2025","2021,2022,2023,2024,2025"
000957,中通客车,SZ,商用车,保留,,排除,5.345,4986067267.89,,17.432165,4.573044,1.836563,0.0,,"roe,net_margin","2016,2017,2018,2019,2020,2021,2022,2023,2024,2025","2021,2022,2023,2024,2025"
000958,电投产融,SZ,电力,保留,,排除,7.619,-18338600743.87,4.709859,26.239128,0.60938,14.933056,0.0,,"roe,fcf,ocf_ni","2016,2017,2018,2019,2020,2021,2022,2023,2024,2025","2021,2022,2023,2024,2025"
000959,首钢股份,SZ,普钢,保留,,排除,5.688,37808352505.57,1.896115,6.295548,8.354247,2.052721,0.0,,"roe,interest_coverage,gross_margin,net_margin","2016,2017,2018,2019,2020,2021,2022,2023,2024,2025","2021,2022,2023,2024,2025"
000960,锡业股份,SZ,小金属,周期,周期性行业,行业排除,,,,,,,,,,,
000962,东方钽业,SZ,小金属,周期,周期性行业,行业排除,,,,,,,,,,,
000963,华东医药,SZ,化学制药,保留,,通过,18.945,10554089310.48,218.817792,32.111667,1.205039,7.227955,0.0,,,"2016,2017,2018,2019,2020,2021,2022,2023,2024,2025","2021,2022,2023,2024,2025"
000965,天保基建,SZ,房地产开发,周期,周期性行业,行业排除,,,,,,,,,,,
000966,长源电力,SZ,电力,保留,,排除,4.763,-15174868334.41,-0.057651,6.078603,-10.731379,3.275892,0.0,,"roe,fcf,interest_coverage,gross_margin,ocf_ni,net_margin","2016,2017,2018,2019,2020,2021,2022,2023,2024,2025","2021,2022,2023,2024,2025"
000967,盈峰环境,SZ,环保设备Ⅱ,保留,,排除,5.61,242439704.5,4.503053,22.271143,2.3678,6.269372,0.0,,roe,"2016,2017,2018,2019,2020,2021,2022,2023,2024,2025","2021,2022,2023,2024,2025"
000968,蓝焰控股,SZ,油气开采Ⅱ,保留,,通过,11.097,1122515287.04,4.127003,35.201008,2.371231,21.939979,0.0,,,"2016,2017,2018,2019,2020,2021,2022,2023,2024,2025","2021,2022,2023,2024,2025"
000969,安泰科技,SZ,金属新材料,保留,,排除,3.064,2165502163.56,,17.171019,2.824877,2.265372,0.0,,"roe,net_margin","2016,2017,2018,2019,2020,2021,2022,2023,2024,2025","2021,2022,2023,2024,2025"
000970,中科三环,SZ,金属新材料,保留,,排除,5.709,-56987814.35,,13.734939,22.535122,4.906681,0.0,,"roe,fcf,gross_margin,net_margin","2016,2017,2018,2019,2020,2021,2022,2023,2024,2025","2021,2022,2023,2024,2025"
000972,中基健康,SZ,农产品加工,保留,,排除,-19.45625,-357794090.51,-1.068441,9.3082,0.550113,-138.613093,0.0,,"roe,fcf,interest_coverage,gross_margin,ocf_ni,net_margin","2016,2017,2018,2019,2020,2021,2022,2023,2024,2025","2021,2022,2023,2024,2025"
000973,佛塑科技,SZ,塑料,保留,,排除,4.713,146891446.38,3.51927,22.276845,1.721125,4.802549,0.0,,"roe,net_margin","2016,2017,2018,2019,2020,2021,2022,2023,2024,2025","2021,2022,2023,2024,2025"
000975,山金国际,SZ,贵金属,周期,周期性行业,行业排除,,,,,,,,,,,
000977,浪潮信息,SZ,计算机设备,保留,,排除,10.625,-2536388404.16,922.394557,8.885642,-0.137076,2.161831,0.0,,"fcf,gross_margin,ocf_ni,net_margin","2016,2017,2018,2019,2020,2021,2022,2023,2024,2025","2021,2022,2023,2024,2025"
000978,桂林旅游,SZ,旅游及景区,保留,,排除,-6.339,-54373674.95,0.707569,1.111039,4.40765,-42.613198,0.0,,"roe,fcf,interest_coverage,gross_margin,net_margin","2016,2017,2018,2019,2020,2021,2022,2023,2024,2025","2021,2022,2023,2024,2025"
000980,众泰汽车,SZ,汽车零部件,周期,周期性行业,行业排除,,,,,,,,,,,
000981,山子高科,SZ,汽车零部件,周期,周期性行业,行业排除,,,,,,,,,,,
000983,山西焦煤,SZ,煤炭开采,周期,周期性行业,行业排除,,,,,,,,,,,
000985,大庆华科,SZ,炼化及贸易,保留,,排除,3.462,139223904.31,,5.516387,7.076457,1.161541,0.0,,"roe,gross_margin,net_margin","2016,2017,2018,2019,2020,2021,2022,2023,2024,2025","2021,2022,2023,2024,2025"
000987,越秀资本,SZ,多元金融,金融,金融行业,行业排除,,,,,,,,,,,
000988,华工科技,SZ,自动化设备,保留,,通过,9.888,1329871710.16,,20.294763,0.73195,8.32385,0.0,,,"2016,2017,2018,2019,2020,2021,2022,2023,2024,2025","2021,2022,2023,2024,2025"
000989,九芝堂,SZ,中药Ⅱ,保留,,通过,8.743,1109742803.62,,59.463594,1.189296,11.556374,0.0,,,"2016,2017,2018,2019,2020,2021,2022,2023,2024,2025","2021,2022,2023,2024,2025"
000990,诚志股份,SZ,化学原料,周期,周期性行业,行业排除,,,,,,,,,,,
000993,闽东电力,SZ,电力,保留,,排除,1.924,1257138913.82,4.349038,44.405513,2.628964,3.17552,0.0,,"roe,net_margin","2016,2017,2018,2019,2020,2021,2022,2023,2024,2025","2021,2022,2023,2024,2025"
000995,皇台酒业,SZ,白酒Ⅱ,保留,,排除,-43.0125,57494856.83,2.43703,63.455122,0.822454,-60.965993,0.0,,"roe,net_margin","2016,2017,2018,2019,2020,2021,2022,2023,2024,2025","2021,2022,2023,2024,2025"
000997,新 大 陆,SZ,计算机设备,保留,,排除,12.177,5137888886.88,,31.395059,0.445533,9.448951,0.0,,ocf_ni,"2016,2017,2018,2019,2020,2021,2022,2023,2024,2025","2021,2022,2023,2024,2025"
000998,隆平高科,SZ,种植业,保留,,排除,2.938,613656917.67,3.31625,37.749209,6.52721,5.838928,0.0,,roe,"2016,2017,2018,2019,2020,2021,2022,2023,2024,2025","2021,2022,2023,2024,2025"
000999,华润三九,SZ,中药Ⅱ,保留,,通过,15.12,14255154429.68,138.632023,54.454191,1.306536,12.292693,0.0,,,"2016,2017,2018,2019,2020,2021,2022,2023,2024,2025","2021,2022,2023,2024,2025"
001201,东瑞股份,SZ,养殖业,保留,,排除,18.398,-3937760227.02,-1.981683,19.326839,-0.12996,6.636066,0.0,,"fcf,interest_coverage,ocf_ni","2016,2017,2018,2019,2020,2021,2022,2023,2024,2025","2021,2022,2023,2024,2025"
001202,炬申股份,SZ,物流,保留,,排除,20.208,-814693821.56,3.830265,13.794423,1.512474,6.666176,0.0,,"fcf,gross_margin","2016,2017,2018,2019,2020,2021,2022,2023,2024,2025","2021,2022,2023,2024,2025"
001203,大中矿业,SZ,冶钢原料,保留,,排除,19.967778,-2116152539.79,3.775764,49.847552,1.46441,,0.0,net_margin,fcf,"2017,2018,2019,2020,2021,2022,2023,2024,2025","2021,2022,2023,2024,2025"
001205,盛航股份,SZ,航运港口,周期,周期性行业,行业排除,,,,,,,,,,,
001206,依依股份,SZ,个护用品,保留,,通过,16.5,453464429.27,,17.408224,1.210965,8.807326,0.0,,,"2016,2017,2018,2019,2020,2021,2022,2023,2024,2025","2021,2022,2023,2024,2025"
001207,联科科技,SZ,橡胶,保留,,数据不足,18.267778,494060908.34,,16.944208,0.724606,,0.0,net_margin,,"2017,2018,2019,2020,2021,2022,2023,2024,2025","2021,2022,2023,2024,2025"
001208,华菱线缆,SZ,电网设备,保留,,排除,8.944444,325362381.67,8.104004,13.540913,1.493723,,0.0,net_margin,gross_margin,"2017,2018,2019,2020,2021,2022,2023,2024,2025","2021,2022,2023,2024,2025"
001209,洪兴股份,SZ,服装家纺,保留,,排除,17.517778,-471287929.36,9.437998,35.494159,1.059741,,0.0,net_margin,fcf,"2017,2018,2019,2020,2021,2022,2023,2024,2025","2021,2022,2023,2024,2025"
001210,金房能源,SZ,电力,保留,,通过,15.144,407040816.48,,23.91124,5.374659,11.201346,0.0,,,"2016,2017,2018,2019,2020,2021,2022,2023,2024,2025","2021,2022,2023,2024,2025"
001211,双枪科技,SZ,家居用品,保留,,排除,9.237778,-581373906.01,0.209152,33.325087,11.070059,,0.0,net_margin,"fcf,interest_coverage","2017,2018,2019,2020,2021,2022,2023,2024,2025","2021,2022,2023,2024,2025"
001212,中旗新材,SZ,装修建材,保留,,排除,14.855556,-261407763.14,-3.614948,19.981968,1.171235,,0.0,net_margin,"fcf,interest_coverage","2017,2018,2019,2020,2021,2022,2023,2024,2025","2021,2022,2023,2024,2025"
001213,中铁特货,SZ,铁路公路,周期,周期性行业,行业排除,,,,,,,,,,,
001215,千味央厨,SZ,食品加工,保留,,排除,13.875556,-356206511.29,103.874419,23.168055,1.909294,,0.0,net_margin,fcf,"2017,2018,2019,2020,2021,2022,2023,2024,2025","2021,2022,2023,2024,2025"
001216,华瓷股份,SZ,家居用品,保留,,通过,15.793,429469529.25,,32.286803,1.374862,12.098342,0.0,,,"2016,2017,2018,2019,2020,2021,2022,2023,2024,2025","2021,2022,2023,2024,2025"
001217,华尔泰,SZ,化学原料,周期,周期性行业,行业排除,,,,,,,,,,,
001218,丽臣实业,SZ,化学制品,周期,周期性行业,行业排除,,,,,,,,,,,
001219,青岛食品,SZ,休闲食品,保留,,通过,13.535,407754666.89,,33.990679,0.951488,15.616544,0.0,,,"2016,2017,2018,2019,2020,2021,2022,2023,2024,2025","2021,2022,2023,2024,2025"
001220,世盟股份,SZ,物流,保留,,数据不足,23.481429,461096260.04,966.350233,22.176904,1.082737,,0.0,net_margin,,"2019,2020,2021,2022,2023,2024,2025","2021,2022,2023,2024,2025"
001221,悍高集团,SZ,家居用品,保留,,数据不足,32.112857,1429733659.92,,34.044175,1.404843,,0.0,net_margin,,"2019,2020,2021,2022,2023,2024,2025","2021,2022,2023,2024,2025"
001222,源飞宠物,SZ,文娱用品,保留,,数据不足,22.67625,55102443.91,,22.7669,0.703405,,0.0,net_margin,,"2018,2019,2020,2021,2022,2023,2024,2025","2021,2022,2023,2024,2025"
001223,欧克科技,SZ,自动化设备,保留,,排除,36.95,-367382606.06,60.575783,36.792597,0.594374,,0.0,net_margin,"fcf,ocf_ni","2018,2019,2020,2021,2022,2023,2024,2025","2021,2022,2023,2024,2025"
001225,和泰机电,SZ,专用设备,保留,,数据不足,23.09875,291510951.76,,39.620079,1.092996,,0.0,net_margin,,"2018,2019,2020,2021,2022,2023,2024,2025","2021,2022,2023,2024,2025"
001226,拓山重工,SZ,工程机械,周期,周期性行业,行业排除,,,,,,,,,,,
001227,兰州银行,SZ,银行Ⅱ,金融,金融行业,行业排除,,,,,,,,,,,
001228,永泰运,SZ,物流,保留,,排除,20.155556,-1471203634.73,4.992285,13.313376,-2.404104,,0.0,net_margin,"fcf,gross_margin,ocf_ni","2017,2018,2019,2020,2021,2022,2023,2024,2025","2021,2022,2023,2024,2025"
001229,魅视科技,SZ,计算机设备,保留,,排除,32.3975,-8410652.52,,73.989937,1.123081,,0.0,net_margin,fcf,"2018,2019,2020,2021,2022,2023,2024,2025","2021,2022,2023,2024,2025"
001230,劲旅环境,SZ,环境治理,保留,,数据不足,25.6625,101958727.43,8.750593,26.388602,1.010621,,0.0,net_margin,,"2018,2019,2020,2021,2022,2023,2024,2025","2021,2022,2023,2024,2025"
001231,农心科技,SZ,农化制品,保留,,排除,14.645,-40858427.11,407.081468,32.578258,1.364668,,0.0,net_margin,fcf,"2018,2019,2020,2021,2022,2023,2024,2025","2021,2022,2023,2024,2025"
001232,N嘉立创,SZ,元件,保留,,数据不足,26.706667,2038677754.87,17.328688,26.528973,1.493946,,0.0,net_margin,,"2020,2021,2022,2023,2024,2025","2021,2022,2023,2024,2025"
001233,海安集团,SZ,汽车零部件,周期,周期性行业,行业排除,,,,,,,,,,,
001234,泰慕士,SZ,服装家纺,保留,,数据不足,20.237778,3909305.16,,19.755529,1.113349,,0.0,net_margin,,"2017,2018,2019,2020,2021,2022,2023,2024,2025","2021,2022,2023,2024,2025"
001236,弘业期货,SZ,多元金融,金融,金融行业,行业排除,,,,,,,,,,,
001237,惠康科技,SZ,通用设备,保留,,数据不足,58.4475,,,,,,,"fcf,gross_margin,ocf_ni,net_margin,share_inflation",,"2022,2023,2024,2025","2022,2023,2024,2025"
001238,浙江正特,SZ,文娱用品,保留,,排除,9.878889,-354637787.03,3.164865,23.22613,0.780567,,0.0,net_margin,fcf,"2016,2018,2019,2020,2021,2022,2023,2024,2025","2021,2022,2023,2024,2025"
001239,永达股份,SZ,工程机械,周期,周期性行业,行业排除,,,,,,,,,,,
001248,华润新能,SZ,电力,保留,,排除,15.008,-60147685068.51,4.244916,57.958795,2.23696,,,"net_margin,share_inflation",fcf,"2021,2022,2023,2024,2025","2021,2022,2023,2024,2025"
001255,博菲电气,SZ,塑料,保留,,排除,17.985,-406770860.95,1.916773,31.392173,1.133304,,0.0,net_margin,"fcf,interest_coverage","2018,2019,2020,2021,2022,2023,2024,2025","2021,2022,2023,2024,2025"
001256,炜冈科技,SZ,专用设备,保留,,数据不足,16.5425,292976275.39,192.617578,32.805625,1.166711,,0.0,net_margin,,"2018,2019,2020,2021,2022,2023,2024,2025","2021,2022,2023,2024,2025"
001257,盛龙股份,SZ,小金属,周期,周期性行业,行业排除,,,,,,,,,,,
001258,立新能源,SZ,电力,保留,,排除,5.9425,-6785589837.42,0.5685,55.095036,5.008148,,0.0,net_margin,"roe,fcf,interest_coverage","2018,2019,2020,2021,2022,2023,2024,2025","2021,2022,2023,2024,2025"
001259,利仁科技,SZ,小家电,保留,,排除,13.047,-152885938.41,,27.357203,2.671695,5.559186,0.0,,fcf,"2016,2017,2018,2019,2020,2021,2022,2023,2024,2025","2021,2022,2023,2024,2025"
001260,坤泰股份,SZ,汽车零部件,周期,周期性行业,行业排除,,,,,,,,,,,
001266,宏英智能,SZ,自动化设备,保留,,数据不足,31.4475,82231464.96,2.049736,32.500578,6.1097,,0.0,net_margin,,"2018,2019,2020,2021,2022,2023,2024,2025","2021,2022,2023,2024,2025"
001267,汇绿生态,SZ,通信设备,保留,,排除,8.105,-68861133.81,5.925333,25.226499,0.533238,10.542137,0.0,,"fcf,ocf_ni","2016,2017,2018,2019,2020,2021,2022,2023,2024,2025","2021,2022,2023,2024,2025"
001268,联合精密,SZ,家电零部件Ⅱ,保留,,排除,14.68375,-214973808.96,7.295892,24.296144,1.153276,,0.0,net_margin,fcf,"2018,2019,2020,2021,2022,2023,2024,2025","2021,2022,2023,2024,2025"
001269,欧晶科技,SZ,光伏设备,保留,,排除,18.349,-328885827.5,-9.304821,20.089019,0.129177,1.257522,0.0,,"fcf,interest_coverage,ocf_ni,net_margin","2016,2017,2018,2019,2020,2021,2022,2023,2024,2025","2021,2022,2023,2024,2025"
001270,铖昌科技,SZ,军工电子Ⅱ,保留,,排除,19.31375,-467839820.98,,69.425063,0.20831,,0.0,net_margin,"fcf,ocf_ni","2018,2019,2020,2021,2022,2023,2024,2025","2021,2022,2023,2024,2025"
001277,速达股份,SZ,专用设备,保留,,通过,18.641,70780040.79,,24.942984,0.788995,12.176279,0.0,,,"2016,2017,2018,2019,2020,2021,2022,2023,2024,2025","2021,2022,2023,2024,2025"
001278,一彬科技,SZ,汽车零部件,周期,周期性行业,行业排除,,,,,,,,,,,
001279,强邦新材,SZ,包装印刷,保留,,排除,19.158571,547501032.28,,11.810518,2.070459,,0.0,net_margin,gross_margin,"2019,2020,2021,2022,2023,2024,2025","2021,2022,2023,2024,2025"
001280,中国铀业,SZ,小金属,周期,周期性行业,行业排除,,,,,,,,,,,
001282,三联锻造,SZ,汽车零部件,周期,周期性行业,行业排除,,,,,,,,,,,
001283,豪鹏科技,SZ,电池,保留,,排除,14.0,-2453257925.5,2.290179,19.839355,3.241664,,0.0,net_margin,fcf,"2018,2019,2020,2021,2022,2023,2024,2025","2021,2022,2023,2024,2025"
001285,瑞立科密,SZ,汽车零部件,周期,周期性行业,行业排除,,,,,,,,,,,
001286,陕西能源,SZ,电力,保留,,数据不足,8.7725,11518205020.91,9.618601,36.519434,4.987075,,0.0,net_margin,,"2018,2019,2020,2021,2022,2023,2024,2025","2021,2022,2023,2024,2025"
001287,中电港,SZ,其他电子Ⅱ,保留,,排除,8.6625,-10799671202.06,0.65964,3.502495,-7.124199,,0.0,net_margin,"fcf,interest_coverage,gross_margin,ocf_ni","2018,2019,2020,2021,2022,2023,2024,2025","2021,2022,2023,2024,2025"
001288,运机集团,SZ,专用设备,保留,,排除,8.103333,-684331050.63,,25.99262,0.384735,,0.0,net_margin,"fcf,ocf_ni","2017,2018,2019,2020,2021,2022,2023,2024,2025","2021,2022,2023,2024,2025"
001289,龙源电力,SZ,电力,保留,,排除,8.651429,-12120615005.8,2.024416,35.944829,3.60496,16.193234,0.0,,fcf,"2016,2017,2018,2019,2020,2021,2022,2023,2024,2025","2021,2022,2023,2024,2025"
001296,长江材料,SZ,非金属材料Ⅱ,保留,,排除,10.166667,-6625158.47,,23.512261,0.944039,,0.0,net_margin,fcf,"2016,2018,2019,2020,2021,2022,2023,2024,2025","2021,2022,2023,2024,2025"
001298,好上好,SZ,其他电子Ⅱ,保留,,排除,24.34625,-808711263.06,1.861676,4.891637,-3.454569,,0.0,net_margin,"fcf,interest_coverage,gross_margin,ocf_ni","2018,2019,2020,2021,2022,2023,2024,2025","2021,2022,2023,2024,2025"
001299,美能能源,SZ,燃气Ⅱ,保留,,通过,15.712,256943058.02,,21.724,1.141209,18.302766,0.0,,,"2016,2017,2018,2019,2020,2021,2022,2023,2024,2025","2021,2022,2023,2024,2025"
001300,三柏硕,SZ,文娱用品,保留,,排除,15.18625,107006374.51,-12.337038,20.378264,0.539427,,0.0,net_margin,"interest_coverage,ocf_ni","2018,2019,2020,2021,2022,2023,2024,2025","2021,2022,2023,2024,2025"
001301,尚太科技,SZ,电池,保留,,排除,21.93125,-4107906597.39,11.432319,30.704669,-0.131433,,0.0,net_margin,"fcf,ocf_ni","2018,2019,2020,2021,2022,2023,2024,2025","2021,2022,2023,2024,2025"
001306,夏厦精密,SZ,通用设备,保留,,排除,12.65,-854629861.14,-2.549499,26.013579,0.969406,,0.0,net_margin,"fcf,interest_coverage","2019,2020,2021,2022,2023,2024,2025","2021,2022,2023,2024,2025"
001308,康冠科技,SZ,光学光电子,保留,,排除,24.12,742130821.09,,16.151405,0.345696,,0.0,net_margin,ocf_ni,"2018,2019,2020,2021,2022,2023,2024,2025","2021,2022,2023,2024,2025"
001309,德明利,SZ,半导体,保留,,排除,23.321111,-5738782606.27,3.556001,17.339341,-10.45402,,0.0,net_margin,"fcf,ocf_ni","2017,2018,2019,2020,2021,2022,2023,2024,2025","2021,2022,2023,2024,2025"
001311,多利科技,SZ,汽车零部件,周期,周期性行业,行业排除,,,,,,,,,,,
001312,福恩股份,SZ,纺织制造,保留,,数据不足,31.37,,430.00834,,,,,"fcf,gross_margin,ocf_ni,net_margin,share_inflation",,"2022,2023,2024,2025","2022,2023,2024,2025"
001313,粤海饲料,SZ,饲料,保留,,排除,6.847,1027945804.52,0.817755,10.6955,4.372418,2.497446,0.0,,"roe,interest_coverage,gross_margin,net_margin","2016,2017,2018,2019,2020,2021,2022,2023,2024,2025","2021,2022,2023,2024,2025"
001314,亿道信息,SZ,消费电子,保留,,排除,23.97,-931031136.71,,16.568969,-1.579602,,0.0,net_margin,"fcf,ocf_ni","2016,2018,2019,2020,2021,2022,2023,2024,2025","2021,2022,2023,2024,2025"
001316,润贝航科,SZ,炼化及贸易,保留,,排除,23.91375,167370049.56,,28.265509,0.449502,,0.0,net_margin,ocf_ni,"2018,2019,2020,2021,2022,2023,2024,2025","2021,2022,2023,2024,2025"
001317,三羊马,SZ,铁路公路,周期,周期性行业,行业排除,,,,,,,,,,,
001318,阳光乳业,SZ,饮料乳品,保留,,数据不足,14.2525,590384214.28,,37.310779,1.350122,,0.0,net_margin,,"2018,2019,2020,2021,2022,2023,2024,2025","2021,2022,2023,2024,2025"
001319,铭科精技,SZ,汽车零部件,周期,周期性行业,行业排除,,,,,,,,,,,
001322,箭牌家居,SZ,家居用品,保留,,排除,19.69625,-1040167907.12,0.50991,28.502836,2.673374,,0.0,net_margin,"fcf,interest_coverage","2018,2019,2020,2021,2022,2023,2024,2025","2021,2022,2023,2024,2025"
001323,慕思股份,SZ,家居用品,保留,,数据不足,28.20375,2663014247.1,56.31137,48.633148,1.382941,,0.0,net_margin,,"2018,2019,2020,2021,2022,2023,2024,2025","2021,2022,2023,2024,2025"
001324,长青科技,SZ,轨交设备Ⅱ,保留,,排除,13.26,-116317487.76,,30.237971,0.409084,,0.0,net_margin,"fcf,ocf_ni","2018,2019,2020,2021,2022,2023,2024,2025","2021,2022,2023,2024,2025"
001325,元创股份,SZ,橡胶,保留,,数据不足,16.4775,488315648.13,,20.620258,1.078426,,0.0,net_margin,,"2018,2019,2020,2021,2022,2023,2024,2025","2021,2022,2023,2024,2025"
001326,联域股份,SZ,照明设备Ⅱ,保留,,数据不足,29.43,122542061.91,,21.821624,1.090398,,0.0,net_margin,,"2019,2020,2021,2022,2023,2024,2025","2021,2022,2023,2024,2025"
001328,登康口腔,SZ,个护用品,保留,,数据不足,17.204286,483784413.6,,45.662397,0.921628,,0.0,net_margin,,"2019,2020,2021,2022,2023,2024,2025","2021,2022,2023,2024,2025"
001330,博纳影业,SZ,影视院线,保留,,排除,-2.548,1133098532.3,-9.737125,8.878417,-1.952324,-15.595866,0.0,,"roe,interest_coverage,gross_margin,ocf_ni,net_margin","2016,2017,2018,2019,2020,2021,2022,2023,2024,2025","2021,2022,2023,2024,2025"
001331,胜通能源,SZ,燃气Ⅱ,保留,,排除,10.07,121172934.65,,1.805227,6.659414,,0.0,net_margin,gross_margin,"2018,2019,2020,2021,2022,2023,2024,2025","2021,2022,2023,2024,2025"
001332,锡装股份,SZ,专用设备,保留,,通过,16.2,634270031.92,,31.989348,1.04142,17.187729,0.0,,,"2016,2017,2018,2019,2020,2021,2022,2023,2024,2025","2021,2022,2023,2024,2025"
001333,光华股份,SZ,塑料,保留,,排除,15.213333,-609822291.95,17.690049,15.839787,-0.450866,,0.0,net_margin,"fcf,ocf_ni","2017,2018,2019,2020,2021,2022,2023,2024,2025","2021,2022,2023,2024,2025"
001335,信凯科技,SZ,化学制品,周期,周期性行业,行业排除,,,,,,,,,,,
001336,楚环科技,SZ,环保设备Ⅱ,保留,,排除,26.335,-174207768.64,62.750603,34.975463,0.590864,,0.0,net_margin,"fcf,ocf_ni","2018,2019,2020,2021,2022,2023,2024,2025","2021,2022,2023,2024,2025"
001337,四川黄金,SZ,贵金属,周期,周期性行业,行业排除,,,,,,,,,,,
001338,永顺泰,SZ,农产品加工,保留,,排除,7.1275,10006582704.79,32.861524,10.320636,11.465577,,0.0,net_margin,"roe,gross_margin","2018,2019,2020,2021,2022,2023,2024,2025","2021,2022,2023,2024,2025"
001339,智微智能,SZ,计算机设备,保留,,排除,14.82375,-306934423.86,16.64303,16.16354,1.111644,,0.0,net_margin,fcf,"2018,2019,2020,2021,2022,2023,2024,2025","2021,2022,2023,2024,2025"
001356,富岭股份,SZ,家居用品,保留,,排除,19.378571,-195481617.62,6.271437,20.861412,1.188334,,0.0,net_margin,fcf,"2019,2020,2021,2022,2023,2024,2025","2021,2022,2023,2024,2025"
001358,兴欣新材,SZ,化学制品,周期,周期性行业,行业排除,,,,,,,,,,,
001359,平安电工,SZ,塑料,保留,,数据不足,17.724286,127902218.09,,33.250151,0.761896,,0.0,net_margin,,"2019,2020,2021,2022,2023,2024,2025","2021,2022,2023,2024,2025"
001360,南矿集团,SZ,专用设备,保留,,排除,15.711429,-251925029.19,,34.320336,0.292558,,0.0,net_margin,"fcf,ocf_ni","2019,2020,2021,2022,2023,2024,2025","2021,2022,2023,2024,2025"
001365,天海电子,SZ,汽车零部件,周期,周期性行业,行业排除,,,,,,,,,,,
001366,播恩集团,SZ,饲料,保留,,排除,12.575,-425466526.43,-4.170196,13.838016,0.911498,,0.0,net_margin,"fcf,interest_coverage,gross_margin","2018,2019,2020,2021,2022,2023,2024,2025","2021,2022,2023,2024,2025"
001367,海森药业,SZ,化学制药,保留,,数据不足,21.13375,279252458.66,,41.097621,1.055081,,0.0,net_margin,,"2018,2019,2020,2021,2022,2023,2024,2025","2021,2022,2023,2024,2025"
001368,通达创智,SZ,文娱用品,保留,,数据不足,22.5225,190472548.17,,25.57492,1.362738,,0.0,net_margin,,"2018,2019,2020,2021,2022,2023,2024,2025","2021,2022,2023,2024,2025"
001369,双欣材料,SZ,化学纤维,保留,,数据不足,19.545714,829284083.86,,23.996803,0.845275,,0.0,net_margin,,"2019,2020,2021,2022,2023,2024,2025","2021,2022,2023,2024,2025"
001373,翔腾新材,SZ,光学光电子,保留,,排除,14.23875,69492050.79,-20.368831,13.551287,2.185211,,0.0,net_margin,"interest_coverage,gross_margin","2018,2019,2020,2021,2022,2023,2024,2025","2021,2022,2023,2024,2025"
001376,百通能源,SZ,电力,保留,,通过,15.031,692281559.35,41.718275,26.466489,2.24582,13.361927,0.0,,,"2016,2017,2018,2019,2020,2021,2022,2023,2024,2025","2021,2022,2023,2024,2025"
001378,德冠新材,SZ,塑料,保留,,排除,15.433333,-220316895.32,33.727471,18.980635,1.523062,,0.0,net_margin,fcf,"2017,2018,2019,2020,2021,2022,2023,2024,2025","2021,2022,2023,2024,2025"
001379,腾达科技,SZ,通用设备,保留,,排除,12.954286,-6694227.6,,10.098243,0.700075,,0.0,net_margin,"fcf,gross_margin","2019,2020,2021,2022,2023,2024,2025","2021,2022,2023,2024,2025"
001380,华纬科技,SZ,汽车零部件,周期,周期性行业,行业排除,,,,,,,,,,,
001382,新亚电缆,SZ,电网设备,保留,,排除,13.223333,-648411056.88,66.30463,10.038361,-1.020142,,0.0,net_margin,"fcf,gross_margin,ocf_ni","2020,2021,2022,2023,2024,2025","2021,2022,2023,2024,2025"
001386,马可波罗,SZ,家居用品,保留,,数据不足,36.301429,9170771574.25,,38.350797,1.627875,,0.0,net_margin,,"2019,2020,2021,2022,2023,2024,2025","2021,2022,2023,2024,2025"
001387,雪祺电气,SZ,白色家电,保留,,排除,19.011429,366313535.77,,12.584137,1.353019,,0.0,net_margin,gross_margin,"2019,2020,2021,2022,2023,2024,2025","2021,2022,2023,2024,2025"
001388,信通电子,SZ,电网设备,保留,,数据不足,22.117778,416047407.63,,34.858703,0.85123,,0.0,net_margin,,"2016,2018,2019,2020,2021,2022,2023,2024,2025","2021,2022,2023,2024,2025"
001389,广合科技,SZ,元件,保留,,排除,21.388889,-480111975.27,39.190323,29.292008,1.43535,,0.0,net_margin,fcf,"2017,2018,2019,2020,2021,2022,2023,2024,2025","2021,2022,2023,2024,2025"
001390,古麒绒材,SZ,纺织制造,保留,,排除,14.45625,-81283991.4,15.587125,23.196688,0.151088,,0.0,net_margin,"fcf,ocf_ni","2016,2019,2020,2021,2022,2023,2024,2025","2021,2022,2023,2024,2025"
001391,国货航,SZ,物流,保留,,数据不足,18.401429,1765221153.0,,18.297021,1.521994,,0.0,net_margin,,"2019,2020,2021,2022,2023,2024,2025","2021,2022,2023,2024,2025"
001393,维通利,SZ,电网设备,保留,,数据不足,16.9175,,,,,,,"fcf,gross_margin,ocf_ni,net_margin,share_inflation",,"2022,2023,2024,2025","2022,2023,2024,2025"
001395,亚联机械,SZ,专用设备,保留,,排除,23.182857,500285192.63,,32.741059,1.220215,,0.3,net_margin,share_inflation,"2019,2020,2021,2022,2023,2024,2025","2021,2022,2023,2024,2025"
001396,誉帆科技,SZ,基础建设,周期,周期性行业,行业排除,,,,,,,,,,,
001399,惠科股份,SZ,光学光电子,保留,,排除,-21.136667,13200982363.7,65.896111,18.361847,1.297318,,0.0,net_margin,roe,"2019,2020,2021,2022,2023,2024,2025","2021,2022,2023,2024,2025"
001400,江顺科技,SZ,专用设备,保留,,排除,39.6175,-86207438.16,33.157631,34.892112,0.888437,,0.0,net_margin,fcf,"2018,2019,2020,2021,2022,2023,2024,2025","2021,2022,2023,2024,2025"
001696,宗申动力,SZ,通用设备,保留,,排除,9.723,2413310210.42,14.423442,13.157313,1.786688,5.646791,0.0,,gross_margin,"2016,2017,2018,2019,2020,2021,2022,2023,2024,2025","2021,2022,2023,2024,2025"
001872,招商港口,SZ,航运港口,周期,周期性行业,行业排除,,,,,,,,,,,
001896,豫能控股,SZ,电力,保留,,排除,-8.123,-3260121556.7,0.87479,0.379079,-2.34702,-3.002218,0.0,,"roe,fcf,interest_coverage,gross_margin,ocf_ni,net_margin","2016,2017,2018,2019,2020,2021,2022,2023,2024,2025","2021,2022,2023,2024,2025"
001914,招商积余,SZ,房地产服务,周期,周期性行业,行业排除,,,,,,,,,,,
001965,招商公路,SZ,铁路公路,周期,周期性行业,行业排除,,,,,,,,,,,
001979,招商蛇口,SZ,房地产开发,周期,周期性行业,行业排除,,,,,,,,,,,
002001,新 和 成,SZ,化学制品,周期,周期性行业,行业排除,,,,,,,,,,,
002003,伟星股份,SZ,纺织制造,保留,,通过,15.455,849128506.44,11.833422,40.343272,1.517816,13.497347,0.0,,,"2016,2017,2018,2019,2020,2021,2022,2023,2024,2025","2021,2022,2023,2024,2025"
002004,华邦健康,SZ,化学制药,保留,,排除,4.976,3722012341.37,3.788666,37.771951,2.043983,4.531346,0.0,,"roe,net_margin","2016,2017,2018,2019,2020,2021,2022,2023,2024,2025","2021,2022,2023,2024,2025"
002005,德豪润达,SZ,小家电,保留,,排除,-28.174,-565434476.21,,10.894852,-0.18112,-24.702063,0.0,,"roe,fcf,gross_margin,ocf_ni,net_margin","2016,2017,2018,2019,2020,2021,2022,2023,2024,2025","2021,2022,2023,2024,2025"
002006,精工科技,SZ,专用设备,保留,,排除,7.369,66894644.14,57.781296,28.61467,0.874154,5.853089,0.0,,roe,"2016,2017,2018,2019,2020,2021,2022,2023,2024,2025","2021,2022,2023,2024,2025"
002007,华兰生物,SZ,生物制品,保留,,通过,16.288,3261508131.64,2684.828466,64.673835,0.961621,30.336661,0.0,,,"2016,2017,2018,2019,2020,2021,2022,2023,2024,2025","2021,2022,2023,2024,2025"
002008,大族激光,SZ,自动化设备,保留,,通过,13.328,708789943.08,156.699424,34.137952,0.95082,9.969733,0.0,,,"2016,2017,2018,2019,2020,2021,2022,2023,2024,2025","2021,2022,2023,2024,2025"
002009,天奇股份,SZ,专用设备,保留,,排除,0.983,-508075886.94,2.01561,14.538139,0.41685,0.60619,0.0,,"roe,fcf,gross_margin,ocf_ni,net_margin","2016,2017,2018,2019,2020,2021,2022,2023,2024,2025","2021,2022,2023,2024,2025"
002010,传化智联,SZ,物流,保留,,排除,6.529,-795645246.97,2.273142,11.559412,3.720069,4.275922,0.0,,"roe,fcf,gross_margin,net_margin","2016,2017,2018,2019,2020,2021,2022,2023,2024,2025","2021,2022,2023,2024,2025"
002011,盾安环境,SZ,家电零部件Ⅱ,保留,,排除,1.167,3518085924.54,145.435135,17.782075,1.268964,0.26693,0.0,,"roe,net_margin","2016,2017,2018,2019,2020,2021,2022,2023,2024,2025","2021,2022,2023,2024,2025"
002012,凯恩股份,SZ,造纸,保留,,排除,3.188,395887910.55,,19.950711,3.823334,3.684921,0.0,,"roe,net_margin","2016,2017,2018,2019,2020,2021,2022,2023,2024,2025","2021,2022,2023,2024,2025"
002014,永新股份,SZ,包装印刷,保留,,通过,15.576,1170723281.84,17.951388,23.177215,1.093647,11.050068,0.0,,,"2016,2017,2018,2019,2020,2021,2022,2023,2024,2025","2021,2022,2023,2024,2025"
002015,协鑫能科,SZ,电力,保留,,排除,6.552,-4639353955.61,1.601782,23.512091,3.855834,4.033988,0.0,,"roe,fcf,interest_coverage,net_margin","2016,2017,2018,2019,2020,2021,2022,2023,2024,2025","2021,2022,2023,2024,2025"
002016,世荣兆业,SZ,房地产开发,周期,周期性行业,行业排除,,,,,,,,,,,
002017,东信和平,SZ,通信设备,保留,,排除,6.367,1027254137.59,,30.739467,2.38002,6.841339,0.0,,roe,"2016,2017,2018,2019,2020,2021,2022,2023,2024,2025","2021,2022,2023,2024,2025"
002019,亿帆医药,SZ,化学制药,保留,,排除,9.43,-584510946.02,8.21201,46.448493,1.14368,11.428826,0.0,,fcf,"2016,2017,2018,2019,2020,2021,2022,2023,2024,2025","2021,2022,2023,2024,2025"
002020,京新药业,SZ,化学制药,保留,,通过,12.426,1634169485.0,,51.888144,1.046747,15.583868,0.0,,,"2016,2017,2018,2019,2020,2021,2022,2023,2024,2025","2021,2022,2023,2024,2025"
002021,中捷资源,SZ,专用设备,保留,,排除,20.714444,-43115754.41,-1.33169,16.660545,-6.616679,-5.774241,0.0,,"fcf,interest_coverage,ocf_ni,net_margin","2016,2017,2018,2019,2020,2021,2022,2023,2024,2025","2021,2022,2023,2024,2025"
002022,科华生物,SZ,医疗器械,保留,,排除,6.798,1361305858.53,-45.594665,44.347273,1.112529,0.620885,0.0,,"roe,interest_coverage,net_margin","2016,2017,2018,2019,2020,2021,2022,2023,2024,2025","2021,2022,2023,2024,2025"
002023,海特高新,SZ,航空装备Ⅱ,保留,,排除,1.652,809882025.31,-9.700048,35.457856,9.874885,10.548865,0.0,,"roe,interest_coverage","2016,2017,2018,2019,2020,2021,2022,2023,2024,2025","2021,2022,2023,2024,2025"
002024,ST易购,SZ,互联网电商,保留,,排除,-14.05,-1733677000.0,0.112091,14.795734,9.509959,-4.909096,0.0,,"roe,fcf,interest_coverage,gross_margin,net_margin","2016,2017,2018,2019,2020,2021,2022,2023,2024,2025","2021,2022,2023,2024,2025"
002025,航天电器,SZ,军工电子Ⅱ,保留,,排除,11.108,-282091917.7,,34.351629,0.023015,9.868017,0.0,,"fcf,ocf_ni","2016,2017,2018,2019,2020,2021,2022,2023,2024,2025","2021,2022,2023,2024,2025"
002026,山东威达,SZ,通用设备,保留,,排除,6.263,908595007.39,,22.035032,1.275381,8.435312,0.0,,roe,"2016,2017,2018,2019,2020,2021,2022,2023,2024,2025","2021,2022,2023,2024,2025"
002027,分众传媒,SZ,广告营销,保留,,通过,34.978,36724221808.25,,65.893699,1.861697,35.828833,0.0,,,"2016,2017,2018,2019,2020,2021,2022,2023,2024,2025","2021,2022,2023,2024,2025"
002028,思源电气,SZ,电网设备,保留,,通过,13.55,4946979584.41,,29.665048,0.910537,10.680337,0.0,,,"2016,2017,2018,2019,2020,2021,2022,2023,2024,2025","2021,2022,2023,2024,2025"
002029,七 匹 狼,SZ,服装家纺,保留,,排除,4.704,1171645173.46,,49.47356,1.486591,8.531518,0.0,,roe,"2016,2017,2018,2019,2020,2021,2022,2023,2024,2025","2021,2022,2023,2024,2025"
002030,达安基因,SZ,医疗器械,保留,,豁免B通过,20.569,5711754924.82,,53.60437,1.676189,-3.236611,0.0,,net_margin,"2016,2017,2018,2019,2020,2021,2022,2023,2024,2025","2021,2022,2023,2024,2025"
002031,巨轮智能,SZ,专用设备,保留,,排除,-3.848,-1315231172.64,-3.372754,12.83633,0.777573,-6.672982,0.0,,"roe,fcf,interest_coverage,gross_margin,net_margin","2016,2017,2018,2019,2020,2021,2022,2023,2024,2025","2021,2022,2023,2024,2025"
002032,苏 泊 尔,SZ,小家电,保留,,通过,29.758,11533927202.47,,24.716265,1.185847,9.579339,0.0,,,"2016,2017,2018,2019,2020,2021,2022,2023,2024,2025","2021,2022,2023,2024,2025"
002033,丽江股份,SZ,旅游及景区,保留,,排除,6.055,446659177.3,250.860253,50.469946,7.250337,20.117423,0.0,,roe,"2016,2017,2018,2019,2020,2021,2022,2023,2024,2025","2021,2022,2023,2024,2025"
002034,旺能环境,SZ,环境治理,保留,,通过,10.196,1946416184.51,4.435732,38.255299,2.280277,23.170396,0.0,,,"2016,2017,2018,2019,2020,2021,2022,2023,2024,2025","2021,2022,2023,2024,2025"
002035,华帝股份,SZ,厨卫电器,保留,,通过,15.942,1943268195.16,,40.924405,2.132438,7.609461,0.0,,,"2016,2017,2018,2019,2020,2021,2022,2023,2024,2025","2021,2022,2023,2024,2025"
002036,联创电子,SZ,光学光电子,保留,,排除,-5.306,-4229301320.47,-2.972599,9.991777,2.378056,-0.254256,0.0,,"roe,fcf,interest_coverage,gross_margin,net_margin","2016,2017,2018,2019,2020,2021,2022,2023,2024,2025","2021,2022,2023,2024,2025"
002037,保利联合,SZ,化学制品,周期,周期性行业,行业排除,,,,,,,,,,,
002038,双鹭药业,SZ,化学制药,保留,,排除,6.823,638687253.54,,76.323268,0.014345,20.226546,0.0,,"roe,ocf_ni","2016,2017,2018,2019,2020,2021,2022,2023,2024,2025","2021,2022,2023,2024,2025"
002039,黔源电力,SZ,电力,保留,,通过,10.76,6762008017.22,6.257092,53.549808,5.307625,13.631067,0.0,,,"2016,2017,2018,2019,2020,2021,2022,2023,2024,2025","2021,2022,2023,2024,2025"
002040,南 京 港,SZ,航运港口,周期,周期性行业,行业排除,,,,,,,,,,,
002041,登海种业,SZ,种植业,保留,,排除,5.746,411079499.95,,30.931903,1.475004,13.857017,0.0,,roe,"2016,2017,2018,2019,2020,2021,2022,2023,2024,2025","2021,2022,2023,2024,2025"
002042,华孚时尚,SZ,纺织制造,保留,,排除,3.579,990482462.34,0.44892,6.734182,7.167821,1.568991,0.0,,"roe,interest_coverage,gross_margin,net_margin","2016,2017,2018,2019,2020,2021,2022,2023,2024,2025","2021,2022,2023,2024,2025"
002043,兔 宝 宝,SZ,装修建材,保留,,通过,22.394,4856520654.66,,17.976686,1.854456,7.541822,0.0,,,"2016,2017,2018,2019,2020,2021,2022,2023,2024,2025","2021,2022,2023,2024,2025"
002044,美年健康,SZ,医疗服务,保留,,排除,3.13,6963771900.91,1.979067,40.164678,9.433384,3.053749,0.0,,"roe,interest_coverage,net_margin","2016,2017,2018,2019,2020,2021,2022,2023,2024,2025","2021,2022,2023,2024,2025"
002045,国光电器,SZ,消费电子,保留,,排除,5.729,-981125385.95,-2.231736,12.608892,-0.31095,2.415654,0.0,,"roe,fcf,interest_coverage,gross_margin,ocf_ni,net_margin","2016,2017,2018,2019,2020,2021,2022,2023,2024,2025","2021,2022,2023,2024,2025"
002046,国机精工,SZ,通用设备,保留,,排除,4.491,-801650302.3,45.85503,29.469095,0.832747,5.213641,0.0,,"roe,fcf","2016,2017,2018,2019,2020,2021,2022,2023,2024,2025","2021,2022,2023,2024,2025"
002047,宝鹰股份,SZ,装修装饰Ⅱ,保留,,排除,-3.36,-1180846215.8,2.54782,11.043,0.066625,-12.459999,0.0,,"roe,fcf,gross_margin,ocf_ni,net_margin","2016,2017,2018,2019,2020,2021,2022,2023,2024,2025","2021,2022,2023,2024,2025"
002048,宁波华翔,SZ,汽车零部件,周期,周期性行业,行业排除,,,,,,,,,,,
002049,紫光国微,SZ,半导体,保留,,通过,16.468,5245282403.6,,59.132097,0.748537,24.13862,0.0,,,"2016,2017,2018,2019,2020,2021,2022,2023,2024,2025","2021,2022,2023,2024,2025"
002050,三花智控,SZ,家电零部件Ⅱ,保留,,通过,17.279,3165033847.02,48.00735,27.124669,1.167194,12.108511,0.0,,,"2016,2017,2018,2019,2020,2021,2022,2023,2024,2025","2021,2022,2023,2024,2025"
002051,中工国际,SZ,专业工程,周期,周期性行业,行业排除,,,,,,,,,,,
002052,同洲电子,SZ,其他电源设备Ⅱ,保留,,排除,-31.846,184365783.85,21.690202,16.030937,1.142646,-36.9432,0.0,,"roe,net_margin","2016,2017,2018,2019,2020,2021,2022,2023,2024,2025","2021,2022,2023,2024,2025"
002053,云南能投,SZ,电力,保留,,排除,7.01,-5519623490.94,1.752782,38.735693,3.040617,13.448276,0.0,,"roe,fcf,interest_coverage","2016,2017,2018,2019,2020,2021,2022,2023,2024,2025","2021,2022,2023,2024,2025"
002054,德美化工,SZ,化学制品,周期,周期性行业,行业排除,,,,,,,,,,,
002055,ST得润,SZ,消费电子,保留,,排除,-11.763,-2422626181.02,0.908088,15.82312,2.524494,-4.287366,0.0,,"roe,fcf,interest_coverage,net_margin","2016,2017,2018,2019,2020,2021,2022,2023,2024,2025","2021,2022,2023,2024,2025"
002056,横店东磁,SZ,光伏设备,保留,,通过,17.216,8077660557.64,,18.821532,1.74187,9.740051,0.0,,,"2016,2017,2018,2019,2020,2021,2022,2023,2024,2025","2021,2022,2023,2024,2025"
002057,中钢天源,SZ,专业服务,保留,,通过,9.395,593696033.17,,23.848683,1.243997,9.360182,0.0,,,"2016,2017,2018,2019,2020,2021,2022,2023,2024,2025","2021,2022,2023,2024,2025"
002058,威尔泰,SZ,电池,保留,,排除,45.046,54469476.99,34.996806,28.629185,-9.90601,0.254659,0.0,,"ocf_ni,net_margin","2016,2017,2018,2019,2020,2021,2022,2023,2024,2025","2021,2022,2023,2024,2025"
002059,云南旅游,SZ,旅游及景区,保留,,排除,-2.911,-859481369.39,-13.473532,3.09431,1.247331,-19.319455,0.0,,"roe,fcf,interest_coverage,gross_margin,net_margin","2016,2017,2018,2019,2020,2021,2022,2023,2024,2025","2021,2022,2023,2024,2025"
002060,广东建工,SZ,基础建设,周期,周期性行业,行业排除,,,,,,,,,,,
002061,浙江交科,SZ,基础建设,周期,周期性行业,行业排除,,,,,,,,,,,
002062,宏润建设,SZ,基础建设,周期,周期性行业,行业排除,,,,,,,,,,,
002063,远光软件,SZ,软件开发,保留,,排除,9.401,220805898.43,243.080183,55.541313,0.333263,14.119569,0.0,,ocf_ni,"2016,2017,2018,2019,2020,2021,2022,2023,2024,2025","2021,2022,2023,2024,2025"
002064,华峰化学,SZ,化学纤维,保留,,通过,17.828,8490243657.38,,19.80135,1.209761,10.455686,0.0,,,"2016,2017,2018,2019,2020,2021,2022,2023,2024,2025","2021,2022,2023,2024,2025"
002065,东华软件,SZ,IT服务Ⅱ,保留,,排除,5.837,3915844398.56,3.562344,22.34778,2.078161,6.396316,0.0,,roe,"2016,2017,2018,2019,2020,2021,2022,2023,2024,2025","2021,2022,2023,2024,2025"
002066,瑞泰科技,SZ,装修建材,保留,,排除,5.802,847204453.45,-0.180889,15.596558,3.328608,0.772568,0.0,,"roe,interest_coverage,net_margin","2016,2017,2018,2019,2020,2021,2022,2023,2024,2025","2021,2022,2023,2024,2025"
002067,景兴纸业,SZ,造纸,保留,,排除,6.246,-1065232805.45,1.005212,7.933663,2.025179,4.908247,0.0,,"roe,fcf,interest_coverage,gross_margin,net_margin","2016,2017,2018,2019,2020,2021,2022,2023,2024,2025","2021,2022,2023,2024,2025"
002068,黑猫股份,SZ,橡胶,保留,,排除,0.649,-936148732.86,-5.443717,5.245275,-3.244756,0.954643,0.0,,"roe,fcf,interest_coverage,gross_margin,ocf_ni,net_margin","2016,2017,2018,2019,2020,2021,2022,2023,2024,2025","2021,2022,2023,2024,2025"
002069,獐子岛,SZ,渔业,保留,,排除,-13.034,387252095.44,0.194196,15.145026,10.980885,-3.356062,0.0,,"roe,interest_coverage,net_margin","2016,2017,2018,2019,2020,2021,2022,2023,2024,2025","2021,2022,2023,2024,2025"
002072,凯瑞德,SZ,贸易Ⅱ,保留,,排除,-15.15,-157910301.76,-204.227951,7.478072,-0.259317,-171.047509,0.0,,"roe,fcf,interest_coverage,gross_margin,ocf_ni,net_margin","2016,2017,2018,2019,2020,2021,2022,2023,2024,2025","2021,2022,2023,2024,2025"
002073,软控股份,SZ,专用设备,保留,,排除,1.044,-70303784.31,31.845566,21.347262,1.416384,-1.812813,0.0,,"roe,fcf,net_margin","2016,2017,2018,2019,2020,2021,2022,2023,2024,2025","2021,2022,2023,2024,2025"
002074,国轩高科,SZ,电池,保留,,排除,7.654,-39619884037.31,1.625428,17.270186,3.861693,6.756987,0.0,,"roe,fcf,interest_coverage","2016,2017,2018,2019,2020,2021,2022,2023,2024,2025","2021,2022,2023,2024,2025"
002075,沙钢股份,SZ,特钢Ⅱ,保留,,排除,12.239,2424948819.96,,9.342962,2.448992,3.812149,0.0,,"gross_margin,net_margin","2016,2017,2018,2019,2020,2021,2022,2023,2024,2025","2021,2022,2023,2024,2025"
002076,星光股份,SZ,照明设备Ⅱ,保留,,排除,-21.5075,-311021159.13,-2.311885,33.988735,0.842973,-41.540672,0.0,,"roe,fcf,interest_coverage,net_margin","2016,2017,2018,2019,2020,2021,2022,2023,2024,2025","2021,2022,2023,2024,2025"
002077,大港股份,SZ,半导体,保留,,排除,-1.483,395788414.37,2.754008,19.784782,3.240082,0.483279,0.0,,"roe,net_margin","2016,2017,2018,2019,2020,2021,2022,2023,2024,2025","2021,2022,2023,2024,2025"
002078,太阳纸业,SZ,造纸,保留,,排除,15.038,-1419272570.24,7.998111,15.96869,1.888684,8.680314,0.0,,fcf,"2016,2017,2018,2019,2020,2021,2022,2023,2024,2025","2021,2022,2023,2024,2025"
002079,苏州固锝,SZ,光伏设备,保留,,排除,6.691,369462213.76,9.915062,14.358056,2.120474,5.711492,0.0,,"roe,gross_margin","2016,2017,2018,2019,2020,2021,2022,2023,2024,2025","2021,2022,2023,2024,2025"
002080,中材科技,SZ,玻璃玻纤,周期,周期性行业,行业排除,,,,,,,,,,,
002081,金 螳 螂,SZ,装修装饰Ⅱ,保留,,排除,7.523,2011378523.22,9.934988,14.631447,0.445685,3.834183,0.0,,"roe,gross_margin,ocf_ni,net_margin","2016,2017,2018,2019,2020,2021,2022,2023,2024,2025","2021,2022,2023,2024,2025"
002082,ST万邦,SZ,化学制药,保留,,排除,5.24,-517326042.05,-5.760156,43.928007,-1.072183,1.177109,0.0,,"roe,fcf,interest_coverage,ocf_ni,net_margin","2016,2017,2018,2019,2020,2021,2022,2023,2024,2025","2021,2022,2023,2024,2025"
002083,孚日股份,SZ,纺织制造,保留,,通过,9.175,1003751000.44,15.372547,16.990605,2.339644,6.67218,0.0,,,"2016,2017,2018,2019,2020,2021,2022,2023,2024,2025","2021,2022,2023,2024,2025"
002084,海鸥住工,SZ,家居用品,保留,,排除,1.242,393511297.3,-3.199966,15.527254,0.690481,0.739626,0.0,,"roe,interest_coverage,ocf_ni,net_margin","2016,2017,2018,2019,2020,2021,2022,2023,2024,2025","2021,2022,2023,2024,2025"
002085,万丰奥威,SZ,汽车零部件,周期,周期性行业,行业排除,,,,,,,,,,,
002086,东方海洋,SZ,农产品加工,保留,,排除,-27.45375,-477840845.79,-33.772369,7.657356,0.360778,-53.798119,0.0,,"roe,fcf,interest_coverage,gross_margin,ocf_ni,net_margin","2016,2017,2018,2019,2020,2021,2022,2023,2024,2025","2021,2022,2023,2024,2025"
002088,鲁阳节能,SZ,装修建材,保留,,通过,14.395,1856973524.62,,30.437462,2.070133,13.310904,0.0,,,"2016,2017,2018,2019,2020,2021,2022,2023,2024,2025","2021,2022,2023,2024,2025"
002090,金智科技,SZ,电网设备,保留,,排除,5.848,714291116.19,,25.061842,2.905159,4.92075,0.0,,"roe,net_margin","2016,2017,2018,2019,2020,2021,2022,2023,2024,2025","2021,2022,2023,2024,2025"
002091,江苏国泰,SZ,贸易Ⅱ,保留,,排除,11.975,4187241288.09,11.304127,14.934263,1.354017,3.005702,0.0,,"gross_margin,net_margin","2016,2017,2018,2019,2020,2021,2022,2023,2024,2025","2021,2022,2023,2024,2025"
002092,中泰化学,SZ,化学原料,周期,周期性行业,行业排除,,,,,,,,,,,
002093,国脉科技,SZ,教育,保留,,排除,3.813,10986584.11,,49.022416,1.077651,18.376649,0.0,,roe,"2016,2017,2018,2019,2020,2021,2022,2023,2024,2025","2021,2022,2023,2024,2025"
002094,青岛金王,SZ,家居用品,保留,,排除,-1.735,-535593515.4,0.357992,13.983987,-3.356545,-1.524349,0.0,,"roe,fcf,interest_coverage,gross_margin,ocf_ni,net_margin","2016,2017,2018,2019,2020,2021,2022,2023,2024,2025","2021,2022,2023,2024,2025"
002095,生 意 宝,SZ,数字媒体,保留,,排除,1.98,-241330454.58,,15.530521,-3.700659,4.415901,0.0,,"roe,fcf,ocf_ni,net_margin","2016,2017,2018,2019,2020,2021,2022,2023,2024,2025","2021,2022,2023,2024,2025"
002096,易普力,SZ,化学制品,周期,周期性行业,行业排除,,,,,,,,,,,
002097,山河智能,SZ,工程机械,周期,周期性行业,行业排除,,,,,,,,,,,
002098,浔兴股份,SZ,纺织制造,保留,,排除,4.905,669789356.78,23.083351,32.565135,1.899362,3.351748,0.0,,"roe,net_margin","2016,2017,2018,2019,2020,2021,2022,2023,2024,2025","2021,2022,2023,2024,2025"
002099,海翔药业,SZ,化学制药,保留,,排除,3.177,-184485083.31,-18.843587,25.816904,0.389433,5.127651,0.0,,"roe,fcf,interest_coverage,ocf_ni","2016,2017,2018,2019,2020,2021,2022,2023,2024,2025","2021,2022,2023,2024,2025"
002100,天康生物,SZ,养殖业,保留,,排除,7.368,-33689628.01,2.328908,8.928599,0.286071,4.132595,0.0,,"roe,fcf,gross_margin,ocf_ni,net_margin","2016,2017,2018,2019,2020,2021,2022,2023,2024,2025","2021,2022,2023,2024,2025"
002101,广东鸿图,SZ,汽车零部件,周期,周期性行业,行业排除,,,,,,,,,,,
002102,ST能特,SZ,化学制药,保留,,排除,-1.356,-534072244.52,11.93737,2.722535,0.542402,2.128721,0.0,,"roe,fcf,gross_margin,ocf_ni,net_margin","2016,2017,2018,2019,2020,2021,2022,2023,2024,2025","2021,2022,2023,2024,2025"
002103,广博股份,SZ,文娱用品,保留,,排除,-1.261,832692146.33,19.634261,14.685573,0.045662,-1.267467,0.0,,"roe,gross_margin,ocf_ni,net_margin","2016,2017,2018,2019,2020,2021,2022,2023,2024,2025","2021,2022,2023,2024,2025"
002104,恒宝股份,SZ,通信设备,保留,,排除,5.307,312640013.94,,29.188492,1.17876,9.068615,0.0,,roe,"2016,2017,2018,2019,2020,2021,2022,2023,2024,2025","2021,2022,2023,2024,2025"
002105,信隆健康,SZ,摩托车及其他,保留,,排除,10.205,490525727.64,-7.491953,18.44223,2.170113,3.237223,0.0,,"interest_coverage,net_margin","2016,2017,2018,2019,2020,2021,2022,2023,2024,2025","2021,2022,2023,2024,2025"
002106,莱宝高科,SZ,光学光电子,保留,,排除,7.071,-3861016089.28,4.385182,14.669991,1.545793,5.682934,0.0,,"roe,fcf,gross_margin","2016,2017,2018,2019,2020,2021,2022,2023,2024,2025","2021,2022,2023,2024,2025"
002107,沃华医药,SZ,中药Ⅱ,保留,,通过,12.903,701415208.22,,75.028562,1.801164,10.218965,0.0,,,"2016,2017,2018,2019,2020,2021,2022,2023,2024,2025","2021,2022,2023,2024,2025"
002108,沧州明珠,SZ,塑料,保留,,排除,9.415,-2131798713.97,4.59506,15.149922,1.002307,10.249978,0.0,,fcf,"2016,2017,2018,2019,2020,2021,2022,2023,2024,2025","2021,2022,2023,2024,2025"
002109,ST兴化,SZ,化学原料,周期,周期性行业,行业排除,,,,,,,,,,,
002110,三钢闽光,SZ,普钢,保留,,排除,16.019,-7361639746.52,0.44064,6.813542,17.152509,5.785721,0.0,,"fcf,interest_coverage,gross_margin","2016,2017,2018,2019,2020,2021,2022,2023,2024,2025","2021,2022,2023,2024,2025"
002111,威海广泰,SZ,航空装备Ⅱ,保留,,排除,6.526,-556862370.05,3.170002,28.131267,-0.229472,7.766356,0.0,,"roe,fcf,ocf_ni","2016,2017,2018,2019,2020,2021,2022,2023,2024,2025","2021,2022,2023,2024,2025"
002112,三变科技,SZ,电网设备,保留,,排除,3.186,-236969077.12,0.984647,17.530028,0.025367,0.0046,0.0,,"roe,fcf,interest_coverage,ocf_ni,net_margin","2016,2017,2018,2019,2020,2021,2022,2023,2024,2025","2021,2022,2023,2024,2025"
002114,罗平锌电,SZ,工业金属,周期,周期性行业,行业排除,,,,,,,,,,,
002115,三维通信,SZ,通信服务,保留,,排除,-1.169,-654660249.31,1.629415,4.717866,2.988957,0.820799,0.0,,"roe,fcf,interest_coverage,gross_margin,net_margin","2016,2017,2018,2019,2020,2021,2022,2023,2024,2025","2021,2022,2023,2024,2025"
002116,中国海诚,SZ,专业工程,周期,周期性行业,行业排除,,,,,,,,,,,
002117,东港股份,SZ,包装印刷,保留,,通过,12.65,789663117.22,277.324861,35.186812,1.33919,14.653798,0.0,,,"2016,2017,2018,2019,2020,2021,2022,2023,2024,2025","2021,2022,2023,2024,2025"
002119,康强电子,SZ,半导体,保留,,排除,9.29,381027909.1,9.269674,14.712099,0.966614,5.447504,0.0,,gross_margin,"2016,2017,2018,2019,2020,2021,2022,2023,2024,2025","2021,2022,2023,2024,2025"
002120,韵达股份,SZ,物流,保留,,排除,17.631,1071950388.96,8.767729,8.942155,2.719162,7.974676,0.0,,gross_margin,"2016,2017,2018,2019,2020,2021,2022,2023,2024,2025","2021,2022,2023,2024,2025"
002121,科陆电子,SZ,电网设备,保留,,排除,-33.073,481493033.27,1.35816,27.137082,-1.66507,-13.26165,0.0,,"roe,interest_coverage,ocf_ni,net_margin","2016,2017,2018,2019,2020,2021,2022,2023,2024,2025","2021,2022,2023,2024,2025"
002122,ST汇洲,SZ,通用设备,保留,,排除,-14.222,-152558902.68,,23.901961,-0.277573,-26.305002,0.0,,"roe,fcf,ocf_ni,net_margin","2016,2017,2018,2019,2020,2021,2022,2023,2024,2025","2021,2022,2023,2024,2025"
002123,梦网科技,SZ,通信服务,保留,,排除,-9.997,-508877020.56,-6.043486,10.038355,3.069733,-5.069583,0.0,,"roe,fcf,interest_coverage,gross_margin,net_margin","2016,2017,2018,2019,2020,2021,2022,2023,2024,2025","2021,2022,2023,2024,2025"
002124,天邦食品,SZ,养殖业,保留,,排除,-8.657,-4324714995.16,-3.517008,2.53119,0.004185,-2.20218,0.0,,"roe,fcf,interest_coverage,gross_margin,ocf_ni,net_margin","2016,2017,2018,2019,2020,2021,2022,2023,2024,2025","2021,2022,2023,2024,2025"
002125,湘潭电化,SZ,电池,保留,,通过,8.271,635794654.25,6.988788,23.358944,0.892919,9.99387,0.0,,,"2016,2017,2018,2019,2020,2021,2022,2023,2024,2025","2021,2022,2023,2024,2025"
002126,银轮股份,SZ,汽车零部件,周期,周期性行业,行业排除,,,,,,,,,,,
002127,南极电商,SZ,互联网电商,保留,,排除,11.873,852143054.64,,16.650167,0.625576,18.733782,0.0,,ocf_ni,"2016,2017,2018,2019,2020,2021,2022,2023,2024,2025","2021,2022,2023,2024,2025"
002128,电投能源,SZ,煤炭开采,周期,周期性行业,行业排除,,,,,,,,,,,
002129,TCL中环,SZ,光伏设备,保留,,排除,1.253,-23306099961.13,-6.42172,8.926672,0.581644,-1.303411,0.0,,"roe,fcf,interest_coverage,gross_margin,ocf_ni,net_margin","2016,2017,2018,2019,2020,2021,2022,2023,2024,2025","2021,2022,2023,2024,2025"
002130,沃尔核材,SZ,其他电子Ⅱ,保留,,通过,11.434,1946095719.21,28.272312,32.006733,1.155064,8.752588,0.0,,,"2016,2017,2018,2019,2020,2021,2022,2023,2024,2025","2021,2022,2023,2024,2025"
002131,利欧股份,SZ,通用设备,保留,,排除,3.935,-2194927963.22,1.206304,8.426185,2.87604,3.075424,0.0,,"roe,fcf,interest_coverage,gross_margin,net_margin","2016,2017,2018,2019,2020,2021,2022,2023,2024,2025","2021,2022,2023,2024,2025"
002132,恒星科技,SZ,通用设备,保留,,排除,2.225,-718524923.94,-0.174499,11.28369,15.324068,1.939958,0.0,,"roe,fcf,interest_coverage,gross_margin,net_margin","2016,2017,2018,2019,2020,2021,2022,2023,2024,2025","2021,2022,2023,2024,2025"
002133,广宇集团,SZ,房地产开发,周期,周期性行业,行业排除,,,,,,,,,,,
002134,天津普林,SZ,元件,保留,,排除,-0.287,-449721285.91,0.915595,16.932778,6.873278,-2.010693,0.0,,"roe,fcf,interest_coverage,net_margin","2016,2017,2018,2019,2020,2021,2022,2023,2024,2025","2021,2022,2023,2024,2025"
002135,东南网架,SZ,专业工程,周期,周期性行业,行业排除,,,,,,,,,,,
002136,安 纳 达,SZ,化学原料,周期,周期性行业,行业排除,,,,,,,,,,,
002137,实益达,SZ,光学光电子,保留,,排除,0.485,-53609722.01,45.41641,20.325356,0.093903,2.350063,0.0,,"roe,fcf,ocf_ni,net_margin","2016,2017,2018,2019,2020,2021,2022,2023,2024,2025","2021,2022,2023,2024,2025"
002138,顺络电子,SZ,元件,保留,,通过,12.242,1008201117.67,14.950556,35.306677,1.795615,15.926749,0.0,,,"2016,2017,2018,2019,2020,2021,2022,2023,2024,2025","2021,2022,2023,2024,2025"
002139,拓邦股份,SZ,消费电子,保留,,排除,11.33,-358099821.79,,21.647235,1.355809,6.914362,0.0,,fcf,"2016,2017,2018,2019,2020,2021,2022,2023,2024,2025","2021,2022,2023,2024,2025"
002140,东华科技,SZ,专业工程,周期,周期性行业,行业排除,,,,,,,,,,,
002141,贤丰控股,SZ,元件,保留,,排除,-3.865,-563296348.53,,16.067508,1.731223,-18.577662,0.0,,"roe,fcf,net_margin","2016,2017,2018,2019,2020,2021,2022,2023,2024,2025","2021,2022,2023,2024,2025"
002142,宁波银行,SZ,银行Ⅱ,金融,金融行业,行业排除,,,,,,,,,,,
002144,宏达高科,SZ,纺织制造,保留,,排除,4.099,115228470.89,,30.014623,1.779918,12.937153,0.0,,roe,"2016,2017,2018,2019,2020,2021,2022,2023,2024,2025","2021,2022,2023,2024,2025"
002145,钛能化学,SZ,化学原料,周期,周期性行业,行业排除,,,,,,,,,,,
002146,荣盛发展,SZ,房地产开发,周期,周期性行业,行业排除,,,,,,,,,,,
002148,北纬科技,SZ,通信服务,保留,,排除,2.91,74879183.2,-25.851313,41.756351,1.695546,10.314918,0.0,,"roe,interest_coverage","2016,2017,2018,2019,2020,2021,2022,2023,2024,2025","2021,2022,2023,2024,2025"
002149,西部材料,SZ,小金属,周期,周期性行业,行业排除,,,,,,,,,,,
002150,正泰电源,SZ,光伏设备,保留,,通过,10.373,294098167.16,58.081038,25.927127,1.58646,7.640227,0.0,,,"2016,2017,2018,2019,2020,2021,2022,2023,2024,2025","2021,2022,2023,2024,2025"
002151,北斗星通,SZ,军工电子Ⅱ,保留,,排除,-0.773,-1361841151.06,,29.968425,-0.553158,-2.825648,0.0,,"roe,fcf,ocf_ni,net_margin","2016,2017,2018,2019,2020,2021,2022,2023,2024,2025","2021,2022,2023,2024,2025"
002152,广电运通,SZ,计算机设备,保留,,通过,8.342,6495815569.07,,34.574588,1.783274,12.405168,0.0,,,"2016,2017,2018,2019,2020,2021,2022,2023,2024,2025","2021,2022,2023,2024,2025"
002153,石基信息,SZ,软件开发,保留,,排除,0.471,-1708079135.07,,36.733341,-0.604669,-0.967973,0.0,,"roe,fcf,ocf_ni,net_margin","2016,2017,2018,2019,2020,2021,2022,2023,2024,2025","2021,2022,2023,2024,2025"
002154,报 喜 鸟,SZ,服装家纺,保留,,排除,6.883,1976881122.47,,64.179248,1.478312,5.007245,0.0,,roe,"2016,2017,2018,2019,2020,2021,2022,2023,2024,2025","2021,2022,2023,2024,2025"
002155,湖南黄金,SZ,贵金属,周期,周期性行业,行业排除,,,,,,,,,,,
002156,通富微电,SZ,半导体,保留,,排除,4.326,-8215443489.47,3.211867,14.433064,9.229119,2.72981,0.0,,"roe,fcf,gross_margin,net_margin","2016,2017,2018,2019,2020,2021,2022,2023,2024,2025","2021,2022,2023,2024,2025"
002157,正邦科技,SZ,养殖业,保留,,排除,-417.96,-18097439981.35,-2.070707,-8.848737,-0.06986,1.574839,0.0,,"roe,fcf,interest_coverage,gross_margin,ocf_ni,net_margin","2016,2017,2018,2019,2020,2021,2022,2023,2024,2025","2021,2022,2023,2024,2025"
002158,汉钟精机,SZ,通用设备,保留,,通过,16.307,2075663692.35,26.280087,36.511974,0.952112,17.008791,0.0,,,"2016,2017,2018,2019,2020,2021,2022,2023,2024,2025","2021,2022,2023,2024,2025"
002159,三特索道,SZ,旅游及景区,保留,,排除,2.578,697184090.55,212.138068,51.985541,0.756385,0.889513,0.0,,"roe,net_margin","2016,2017,2018,2019,2020,2021,2022,2023,2024,2025","2021,2022,2023,2024,2025"
002160,常铝股份,SZ,工业金属,周期,周期性行业,行业排除,,,,,,,,,,,
002161,远 望 谷,SZ,其他电子Ⅱ,保留,,排除,0.339,-219462400.81,0.308964,40.625752,-0.189664,-1.367956,0.0,,"roe,fcf,interest_coverage,ocf_ni,net_margin","2016,2017,2018,2019,2020,2021,2022,2023,2024,2025","2021,2022,2023,2024,2025"
002162,悦心健康,SZ,家居用品,保留,,排除,-1.4,262330736.15,0.435002,23.136359,3.228784,-1.294925,0.0,,"roe,interest_coverage,net_margin","2016,2017,2018,2019,2020,2021,2022,2023,2024,2025","2021,2022,2023,2024,2025"
002163,海南发展,SZ,装修装饰Ⅱ,保留,,排除,-5.116,-252899393.99,-15.710653,9.809288,0.531342,-1.754409,0.0,,"roe,fcf,interest_coverage,gross_margin,ocf_ni,net_margin","2016,2017,2018,2019,2020,2021,2022,2023,2024,2025","2021,2022,2023,2024,2025"
002164,宁波东力,SZ,通用设备,保留,,通过,20.307,133095028.06,25.389712,22.984409,1.490262,16.197047,0.0,,,"2016,2017,2018,2019,2020,2021,2022,2023,2024,2025","2021,2022,2023,2024,2025"
002165,红 宝 丽,SZ,化学制品,周期,周期性行业,行业排除,,,,,,,,,,,
002166,莱茵生物,SZ,化学制品,周期,周期性行业,行业排除,,,,,,,,,,,
002167,东方锆业,SZ,小金属,周期,周期性行业,行业排除,,,,,,,,,,,
002168,ST惠程,SZ,电网设备,保留,,排除,-57.54125,143170675.7,-2.245737,30.779585,2.714472,-32.788595,0.0,,"roe,interest_coverage,net_margin","2016,2017,2018,2019,2020,2021,2022,2023,2024,2025","2021,2022,2023,2024,2025"
002169,智光电气,SZ,电网设备,保留,,排除,2.728,-2195995206.38,2.037318,12.786318,1.561743,3.812194,0.0,,"roe,fcf,gross_margin,net_margin","2016,2017,2018,2019,2020,2021,2022,2023,2024,2025","2021,2022,2023,2024,2025"
002170,芭田股份,SZ,农化制品,保留,,排除,6.251,130439880.17,38.738589,23.473668,1.266663,4.94173,0.0,,"roe,net_margin","2016,2017,2018,2019,2020,2021,2022,2023,2024,2025","2021,2022,2023,2024,2025"
002171,楚江新材,SZ,工业金属,周期,周期性行业,行业排除,,,,,,,,,,,
002172,澳洋健康,SZ,医疗服务,保留,,排除,-16.412,-539006241.32,1.820822,12.404153,0.728315,-4.922034,0.0,,"roe,fcf,interest_coverage,gross_margin,net_margin","2016,2017,2018,2019,2020,2021,2022,2023,2024,2025","2021,2022,2023,2024,2025"
002173,创新医疗,SZ,医疗服务,保留,,排除,-6.085,-363070378.18,-51.157782,7.441106,-0.501656,-18.700301,0.0,,"roe,fcf,interest_coverage,gross_margin,ocf_ni,net_margin","2016,2017,2018,2019,2020,2021,2022,2023,2024,2025","2021,2022,2023,2024,2025"
002174,游族网络,SZ,游戏Ⅱ,保留,,排除,4.599,237572512.34,-11.734174,41.3598,-0.254559,0.277411,0.0,,"roe,interest_coverage,ocf_ni,net_margin","2016,2017,2018,2019,2020,2021,2022,2023,2024,2025","2021,2022,2023,2024,2025"
002175,*ST东智,SZ,通用设备,保留,,排除,-2.04375,14750181.47,,31.840732,0.707967,-68.552616,0.0,,"roe,net_margin","2016,2017,2018,2019,2020,2021,2022,2023,2024,2025","2021,2022,2023,2024,2025"
002176,江特电机,SZ,电机Ⅱ,保留,,排除,-5.499,1391742700.19,-10.917536,17.664197,0.237737,-12.237157,0.0,,"roe,interest_coverage,ocf_ni,net_margin","2016,2017,2018,2019,2020,2021,2022,2023,2024,2025","2021,2022,2023,2024,2025"
002177,御银股份,SZ,一般零售,保留,,排除,0.675,-30243479.45,,54.718962,1.796849,11.776523,0.0,,"roe,fcf","2016,2017,2018,2019,2020,2021,2022,2023,2024,2025","2021,2022,2023,2024,2025"
002178,延华智能,SZ,软件开发,保留,,排除,-8.281,-88316759.07,2.868741,22.580814,1.810971,-7.836766,0.0,,"roe,fcf,net_margin","2016,2017,2018,2019,2020,2021,2022,2023,2024,2025","2021,2022,2023,2024,2025"
002179,中航光电,SZ,军工电子Ⅱ,保留,,通过,16.514,2824783842.8,,35.449059,0.820614,13.89321,0.0,,,"2016,2017,2018,2019,2020,2021,2022,2023,2024,2025","2021,2022,2023,2024,2025"
002180,奔图科技,SZ,计算机设备,保留,,排除,5.815,6103666772.12,-1.00444,31.981909,0.915759,-0.118577,0.0,,"roe,interest_coverage,net_margin","2016,2017,2018,2019,2020,2021,2022,2023,2024,2025","2021,2022,2023,2024,2025"
002181,粤 传 媒,SZ,出版,保留,,排除,2.413,-1466747434.32,3.029007,30.65559,-3.936288,15.332268,0.0,,"roe,fcf,ocf_ni","2016,2017,2018,2019,2020,2021,2022,2023,2024,2025","2021,2022,2023,2024,2025"
002182,宝武镁业,SZ,小金属,周期,周期性行业,行业排除,,,,,,,,,,,
002183,怡 亚 通,SZ,贸易Ⅱ,保留,,排除,3.509,1096504761.0,-0.370184,4.744155,1.368034,0.318885,0.0,,"roe,interest_coverage,gross_margin,net_margin","2016,2017,2018,2019,2020,2021,2022,2023,2024,2025","2021,2022,2023,2024,2025"
002184,海得控制,SZ,自动化设备,保留,,排除,1.195,-16295450.09,-26.053615,17.051583,1.844604,0.140919,0.0,,"roe,fcf,interest_coverage,net_margin","2016,2017,2018,2019,2020,2021,2022,2023,2024,2025","2021,2022,2023,2024,2025"
002185,华天科技,SZ,半导体,保留,,排除,6.622,-10472288544.62,4.733768,15.138442,5.363369,6.001583,0.0,,"roe,fcf","2016,2017,2018,2019,2020,2021,2022,2023,2024,2025","2021,2022,2023,2024,2025"
002186,全 聚 德,SZ,酒店餐饮,保留,,排除,-2.481,-221298930.99,1.360069,8.468017,3.741746,-5.946428,0.0,,"roe,fcf,interest_coverage,gross_margin,net_margin","2016,2017,2018,2019,2020,2021,2022,2023,2024,2025","2021,2022,2023,2024,2025"
002187,广百股份,SZ,一般零售,保留,,排除,3.349,891244052.63,-3.228192,24.84775,4.981177,1.523172,0.0,,"roe,interest_coverage,net_margin","2016,2017,2018,2019,2020,2021,2022,2023,2024,2025","2021,2022,2023,2024,2025"
002188,中天服务,SZ,房地产服务,周期,周期性行业,行业排除,,,,,,,,,,,
002189,中光学,SZ,军工电子Ⅱ,保留,,排除,-6.697,-793125933.55,-8.700198,8.183648,0.911371,-2.970502,0.0,,"roe,fcf,interest_coverage,gross_margin,net_margin","2016,2017,2018,2019,2020,2021,2022,2023,2024,2025","2021,2022,2023,2024,2025"
002190,成飞集成,SZ,汽车零部件,周期,周期性行业,行业排除,,,,,,,,,,,
002191,劲嘉股份,SZ,包装印刷,保留,,排除,6.848,1096562837.08,-59.550331,26.183155,2.01306,12.105238,0.0,,"roe,interest_coverage","2016,2017,2018,2019,2020,2021,2022,2023,2024,2025","2021,2022,2023,2024,2025"
002192,融捷股份,SZ,能源金属,周期,周期性行业,行业排除,,,,,,,,,,,
002193,ST如意,SZ,服装家纺,保留,,排除,-20.031,-236205681.36,-5.100804,15.513735,-52.880885,-51.113514,0.0,,"roe,fcf,interest_coverage,ocf_ni,net_margin","2016,2017,2018,2019,2020,2021,2022,2023,2024,2025","2021,2022,2023,2024,2025"
002194,武汉凡谷,SZ,通信设备,保留,,排除,2.478,661190027.28,,23.091394,-0.943614,3.165514,0.0,,"roe,ocf_ni,net_margin","2016,2017,2018,2019,2020,2021,2022,2023,2024,2025","2021,2022,2023,2024,2025"
002195,岩山科技,SZ,IT服务Ⅱ,保留,,排除,4.986,658417087.56,,46.22444,-0.744507,21.101769,0.0,,"roe,ocf_ni","2016,2017,2018,2019,2020,2021,2022,2023,2024,2025","2021,2022,2023,2024,2025"
002196,方正电机,SZ,电机Ⅱ,保留,,排除,-4.555,-1250928732.54,1.101591,12.454926,0.204822,-7.735635,0.0,,"roe,fcf,interest_coverage,gross_margin,ocf_ni,net_margin","2016,2017,2018,2019,2020,2021,2022,2023,2024,2025","2021,2022,2023,2024,2025"
002197,证通电子,SZ,计算机设备,保留,,排除,-5.951,546419244.09,-3.93729,23.520135,2.068098,-13.598388,0.0,,"roe,interest_coverage,net_margin","2016,2017,2018,2019,2020,2021,2022,2023,2024,2025","2021,2022,2023,2024,2025"
002198,ST嘉应,SZ,中药Ⅱ,保留,,排除,-3.005,88485882.42,,65.144461,8.359812,-2.092891,0.0,,"roe,net_margin","2016,2017,2018,2019,2020,2021,2022,2023,2024,2025","2021,2022,2023,2024,2025"
002199,东晶电子,SZ,元件,保留,,排除,-9.071,-213751516.79,-10.779184,9.880363,0.562478,-14.173629,0.0,,"roe,fcf,interest_coverage,gross_margin,ocf_ni,net_margin","2016,2017,2018,2019,2020,2021,2022,2023,2024,2025","2021,2022,2023,2024,2025"
002200,交投生态,SZ,基础建设,周期,周期性行业,行业排除,,,,,,,,,,,
002201,九鼎新材,SZ,玻璃玻纤,周期,周期性行业,行业排除,,,,,,,,,,,
002202,金风科技,SZ,风电设备,保留,,排除,9.682,-23076630610.8,5.582186,16.335793,1.542774,6.795515,0.0,,fcf,"2016,2017,2018,2019,2020,2021,2022,2023,2024,2025","2021,2022,2023,2024,2025"
002203,海亮股份,SZ,工业金属,周期,周期性行业,行业排除,,,,,,,,,,,
002204,大连重工,SZ,专用设备,保留,,排除,2.835,1008284821.54,,19.053545,2.977492,1.664767,0.0,,"roe,net_margin","2016,2017,2018,2019,2020,2021,2022,2023,2024,2025","2021,2022,2023,2024,2025"
002205,国统股份,SZ,水泥,周期,周期性行业,行业排除,,,,,,,,,,,
002206,海 利 得,SZ,化学纤维,保留,,通过,11.647,1746506071.7,,17.913457,1.60628,8.42942,0.0,,,"2016,2017,2018,2019,2020,2021,2022,2023,2024,2025","2021,2022,2023,2024,2025"
002207,*ST准油,SZ,油服工程,保留,,排除,-23.036,-40851140.06,-6.449841,-3.345862,-1.652023,-17.984898,0.0,,"roe,fcf,interest_coverage,gross_margin,ocf_ni,net_margin","2016,2017,2018,2019,2020,2021,2022,2023,2024,2025","2021,2022,2023,2024,2025"
002208,合肥城建,SZ,房地产开发,周期,周期性行业,行业排除,,,,,,,,,,,
002209,达 意 隆,SZ,专用设备,保留,,排除,2.352,571214467.9,29.130493,22.684406,2.68798,0.611668,0.0,,"roe,net_margin","2016,2017,2018,2019,2020,2021,2022,2023,2024,2025","2021,2022,2023,2024,2025"
002210,飞马国际,SZ,环境治理,保留,,排除,4.61375,-258845130.52,2.163083,24.043667,-0.641155,-51.85983,0.0,,"roe,fcf,ocf_ni,net_margin","2016,2017,2018,2019,2020,2021,2022,2023,2024,2025","2021,2022,2023,2024,2025"
002211,ST宏达,SZ,化学制品,周期,周期性行业,行业排除,,,,,,,,,,,
002212,天融信,SZ,软件开发,保留,,排除,2.664,-1164098881.09,10.455809,61.330281,0.668267,3.769318,0.0,,"roe,fcf,ocf_ni,net_margin","2016,2017,2018,2019,2020,2021,2022,2023,2024,2025","2021,2022,2023,2024,2025"
002213,大为股份,SZ,半导体,保留,,排除,-0.476,-345220806.5,-32.605959,7.240232,2.371136,0.605679,0.0,,"roe,fcf,interest_coverage,gross_margin,net_margin","2016,2017,2018,2019,2020,2021,2022,2023,2024,2025","2021,2022,2023,2024,2025"
002214,*ST大立,SZ,军工电子Ⅱ,保留,,排除,0.339,-907000950.02,-26.746843,35.415423,0.366187,-24.125597,0.0,,"roe,fcf,interest_coverage,ocf_ni,net_margin","2016,2017,2018,2019,2020,2021,2022,2023,2024,2025","2021,2022,2023,2024,2025"
002215,诺 普 信,SZ,农化制品,保留,,排除,9.443,-802124710.81,6.574201,31.717079,1.82594,5.744095,0.0,,fcf,"2016,2017,2018,2019,2020,2021,2022,2023,2024,2025","2021,2022,2023,2024,2025"
002216,三全食品,SZ,食品加工,保留,,通过,13.7,2959057737.96,66.723297,25.868531,1.343556,6.593947,0.0,,,"2016,2017,2018,2019,2020,2021,2022,2023,2024,2025","2021,2022,2023,2024,2025"
002217,ST合力泰,SZ,光学光电子,保留,,排除,-5.692222,5224597.72,4.068791,-2.769232,3.019938,-16.353888,0.0,,"roe,gross_margin,net_margin","2016,2017,2018,2019,2020,2021,2022,2023,2024,2025","2021,2022,2023,2024,2025"
002218,拓日新能,SZ,电力,保留,,排除,2.503,232889084.12,-4.10155,23.719684,4.650962,5.171787,0.0,,"roe,interest_coverage","2016,2017,2018,2019,2020,2021,2022,2023,2024,2025","2021,2022,2023,2024,2025"
002219,新里程,SZ,医疗服务,保留,,排除,-58.94,404126120.47,0.705634,29.567944,5.23299,-8.531181,0.0,,"roe,interest_coverage,net_margin","2016,2017,2018,2019,2020,2021,2022,2023,2024,2025","2021,2022,2023,2024,2025"
002221,东华能源,SZ,炼化及贸易,保留,,排除,7.348,-7722642768.27,-0.289571,5.484162,-0.58117,1.763644,0.0,,"roe,fcf,interest_coverage,gross_margin,ocf_ni,net_margin","2016,2017,2018,2019,2020,2021,2022,2023,2024,2025","2021,2022,2023,2024,2025"
002222,福晶科技,SZ,光学光电子,保留,,通过,15.656,290718351.98,6913.923206,54.732278,1.096151,26.971819,0.0,,,"2016,2017,2018,2019,2020,2021,2022,2023,2024,2025","2021,2022,2023,2024,2025"
002223,鱼跃医疗,SZ,医疗器械,保留,,通过,16.405,7898609454.18,,49.703396,1.032648,21.192767,0.0,,,"2016,2017,2018,2019,2020,2021,2022,2023,2024,2025","2021,2022,2023,2024,2025"
002224,三 力 士,SZ,橡胶,保留,,排除,5.419,-479889086.91,,22.874856,2.899725,11.828675,0.0,,"roe,fcf","2016,2017,2018,2019,2020,2021,2022,2023,2024,2025","2021,2022,2023,2024,2025"
002225,濮耐股份,SZ,装修建材,保留,,排除,4.662,-91638412.42,2.128705,19.06726,0.90856,2.713114,0.0,,"roe,fcf,net_margin","2016,2017,2018,2019,2020,2021,2022,2023,2024,2025","2021,2022,2023,2024,2025"
002226,江南化工,SZ,化学制品,周期,周期性行业,行业排除,,,,,,,,,,,
002227,*ST特迅,SZ,其他电源设备Ⅱ,保留,,排除,-1.71,-271297694.76,-5.372139,24.478377,0.373693,-6.336103,0.0,,"roe,fcf,interest_coverage,ocf_ni,net_margin","2016,2017,2018,2019,2020,2021,2022,2023,2024,2025","2021,2022,2023,2024,2025"
002228,合兴包装,SZ,包装印刷,保留,,排除,7.756,531268934.12,3.828435,10.759525,3.937409,2.225878,0.0,,"roe,gross_margin,net_margin","2016,2017,2018,2019,2020,2021,2022,2023,2024,2025","2021,2022,2023,2024,2025"
002229,鸿博股份,SZ,IT服务Ⅱ,保留,,排除,-3.504,-389880768.87,-4.622151,19.645474,0.158305,-7.806841,0.0,,"roe,fcf,interest_coverage,ocf_ni,net_margin","2016,2017,2018,2019,2020,2021,2022,2023,2024,2025","2021,2022,2023,2024,2025"
002230,科大讯飞,SZ,软件开发,保留,,排除,6.54,-7225693289.45,3.407357,41.923464,2.101224,6.834039,0.0,,"roe,fcf","2016,2017,2018,2019,2020,2021,2022,2023,2024,2025","2021,2022,2023,2024,2025"
002232,启明信息,SZ,IT服务Ⅱ,保留,,排除,4.75,-71841454.58,,20.648466,3.658658,4.100258,0.0,,"roe,fcf,net_margin","2016,2017,2018,2019,2020,2021,2022,2023,2024,2025","2021,2022,2023,2024,2025"
002233,塔牌集团,SZ,水泥,周期,周期性行业,行业排除,,,,,,,,,,,
002234,民和股份,SZ,养殖业,保留,,排除,7.046,-1489891192.78,-6.458146,5.365459,0.282002,-1.025657,0.0,,"roe,fcf,interest_coverage,gross_margin,ocf_ni,net_margin","2016,2017,2018,2019,2020,2021,2022,2023,2024,2025","2021,2022,2023,2024,2025"
002235,安妮股份,SZ,造纸,保留,,排除,-9.194,-59838696.3,,19.066719,0.367172,-32.660627,0.0,,"roe,fcf,ocf_ni,net_margin","2016,2017,2018,2019,2020,2021,2022,2023,2024,2025","2021,2022,2023,2024,2025"
002236,大华股份,SZ,计算机设备,保留,,通过,18.337,8448419574.43,,39.57638,0.706992,12.549786,0.0,,,"2016,2017,2018,2019,2020,2021,2022,2023,2024,2025","2021,2022,2023,2024,2025"
002237,恒邦股份,SZ,贵金属,周期,周期性行业,行业排除,,,,,,,,,,,
002238,天威视讯,SZ,电视广播Ⅱ,保留,,排除,4.976,380455631.55,,29.595001,38.124708,7.599879,0.0,,roe,"2016,2017,2018,2019,2020,2021,2022,2023,2024,2025","2021,2022,2023,2024,2025"
002239,奥特佳,SZ,汽车零部件,周期,周期性行业,行业排除,,,,,,,,,,,
002240,盛新锂能,SZ,能源金属,周期,周期性行业,行业排除,,,,,,,,,,,
002241,歌尔股份,SZ,消费电子,保留,,排除,11.032,5351451365.6,6.916616,11.417446,3.664619,4.412588,0.0,,"gross_margin,net_margin","2016,2017,2018,2019,2020,2021,2022,2023,2024,2025","2021,2022,2023,2024,2025"
002242,九阳股份,SZ,小家电,保留,,通过,15.52,1989314348.62,,26.797828,2.119246,6.460955,0.0,,,"2016,2017,2018,2019,2020,2021,2022,2023,2024,2025","2021,2022,2023,2024,2025"
002243,力合科创,SZ,化妆品,保留,,排除,6.811,-2657312078.97,1.222079,27.219677,-0.652365,14.09707,0.0,,"roe,fcf,interest_coverage,ocf_ni","2016,2017,2018,2019,2020,2021,2022,2023,2024,2025","2021,2022,2023,2024,2025"
002244,滨江集团,SZ,房地产开发,周期,周期性行业,行业排除,,,,,,,,,,,
002245,蔚蓝锂芯,SZ,电池,保留,,通过,10.229,722404396.53,44.600719,17.308377,2.089141,6.993358,0.0,,,"2016,2017,2018,2019,2020,2021,2022,2023,2024,2025","2021,2022,2023,2024,2025"
002246,北化股份,SZ,化学制品,周期,周期性行业,行业排除,,,,,,,,,,,
002247,聚力文化,SZ,装修建材,保留,,排除,-14.381,332999467.12,,20.73859,0.856471,-10.740716,0.0,,"roe,net_margin","2016,2017,2018,2019,2020,2021,2022,2023,2024,2025","2021,2022,2023,2024,2025"
002248,华东数控,SZ,通用设备,保留,,排除,-18.648,160755869.2,13.77558,22.098571,1.524886,-80.545838,0.0,,"roe,net_margin","2016,2017,2018,2019,2020,2021,2022,2023,2024,2025","2021,2022,2023,2024,2025"
002249,大洋电机,SZ,电机Ⅱ,保留,,排除,1.957,6435484722.58,,21.185452,2.805212,1.500091,0.0,,"roe,net_margin","2016,2017,2018,2019,2020,2021,2022,2023,2024,2025","2021,2022,2023,2024,2025"
002250,联化科技,SZ,农化制品,保留,,排除,3.083,-607762972.43,25.086972,24.991023,3.214519,3.394548,0.0,,"roe,fcf,net_margin","2016,2017,2018,2019,2020,2021,2022,2023,2024,2025","2021,2022,2023,2024,2025"
002251,步步高,SZ,一般零售,保留,,排除,-4.644,-2339134624.49,0.369223,34.27032,-2.318711,-4.919029,0.0,,"roe,fcf,interest_coverage,ocf_ni,net_margin","2016,2017,2018,2019,2020,2021,2022,2023,2024,2025","2021,2022,2023,2024,2025"
002252,上海莱士,SZ,生物制品,保留,,排除,4.94,2819447897.44,,42.943635,0.553863,22.944317,0.0,,"roe,ocf_ni","2016,2017,2018,2019,2020,2021,2022,2023,2024,2025","2021,2022,2023,2024,2025"
002253,川大智胜,SZ,软件开发,保留,,排除,-2.675,-179746680.77,-70.845525,18.065227,0.042005,-14.975352,0.0,,"roe,fcf,interest_coverage,ocf_ni,net_margin","2016,2017,2018,2019,2020,2021,2022,2023,2024,2025","2021,2022,2023,2024,2025"
002254,泰和新材,SZ,化学纤维,保留,,排除,7.794,-3817756984.36,1.057118,23.43102,0.095916,8.272856,0.0,,"roe,fcf,interest_coverage,ocf_ni","2016,2017,2018,2019,2020,2021,2022,2023,2024,2025","2021,2022,2023,2024,2025"
002255,海陆重工,SZ,其他电源设备Ⅱ,保留,,排除,2.29,1900638750.25,,26.232898,1.148604,2.599824,0.0,,"roe,net_margin","2016,2017,2018,2019,2020,2021,2022,2023,2024,2025","2021,2022,2023,2024,2025"
002256,兆新股份,SZ,电力,保留,,排除,-6.219,-176007812.36,2.695668,28.683808,-0.078155,-26.267715,0.0,,"roe,fcf,ocf_ni,net_margin","2016,2017,2018,2019,2020,2021,2022,2023,2024,2025","2021,2022,2023,2024,2025"
002258,利尔化学,SZ,农化制品,保留,,排除,14.95,-787309424.51,8.562319,24.461086,1.674936,10.803543,0.0,,fcf,"2016,2017,2018,2019,2020,2021,2022,2023,2024,2025","2021,2022,2023,2024,2025"
002259,升达林业,SZ,燃气Ⅱ,保留,,排除,-33.097,474141154.47,2.371207,12.113661,-20.256627,-9.998827,0.0,,"roe,gross_margin,ocf_ni,net_margin","2016,2017,2018,2019,2020,2021,2022,2023,2024,2025","2021,2022,2023,2024,2025"
002261,拓维信息,SZ,软件开发,保留,,排除,-6.324,-341273323.29,6.841258,21.130106,-3.831298,-12.440165,0.0,,"roe,fcf,ocf_ni,net_margin","2016,2017,2018,2019,2020,2021,2022,2023,2024,2025","2021,2022,2023,2024,2025"
002262,恩华药业,SZ,化学制药,保留,,通过,17.422,2769646750.24,,74.394901,0.925642,17.291359,0.0,,,"2016,2017,2018,2019,2020,2021,2022,2023,2024,2025","2021,2022,2023,2024,2025"
002263,大东南,SZ,塑料,保留,,排除,-0.31,341731831.4,,12.792752,2.942715,-3.214662,0.0,,"roe,gross_margin,net_margin","2016,2017,2018,2019,2020,2021,2022,2023,2024,2025","2021,2022,2023,2024,2025"
002264,新 华 都,SZ,广告营销,保留,,排除,1.686,708501235.37,,25.250646,3.195024,1.787738,0.0,,"roe,net_margin","2016,2017,2018,2019,2020,2021,2022,2023,2024,2025","2021,2022,2023,2024,2025"
002265,建设工业,SZ,汽车零部件,周期,周期性行业,行业排除,,,,,,,,,,,
002266,浙富控股,SZ,环境治理,保留,,排除,10.743,-506154795.81,21.274888,15.498811,0.624188,8.703799,0.0,,"fcf,ocf_ni","2016,2017,2018,2019,2020,2021,2022,2023,2024,2025","2021,2022,2023,2024,2025"
002267,陕天然气,SZ,燃气Ⅱ,保留,,排除,7.816,2038430337.98,7.513517,13.253014,1.883878,5.992059,0.0,,"roe,gross_margin","2016,2017,2018,2019,2020,2021,2022,2023,2024,2025","2021,2022,2023,2024,2025"
002268,电科网安,SZ,计算机设备,保留,,排除,4.693,1008379367.08,,38.857657,1.595315,7.469734,0.0,,roe,"2016,2017,2018,2019,2020,2021,2022,2023,2024,2025","2021,2022,2023,2024,2025"
002269,美邦服饰,SZ,服装家纺,保留,,排除,-40.804,-1080677972.12,-8.973526,33.997446,-0.760888,-19.504447,0.0,,"roe,fcf,interest_coverage,ocf_ni,net_margin","2016,2017,2018,2019,2020,2021,2022,2023,2024,2025","2021,2022,2023,2024,2025"
002270,华明装备,SZ,电网设备,保留,,通过,13.681,2426912994.14,,50.587736,1.10027,21.907341,0.0,,,"2016,2017,2018,2019,2020,2021,2022,2023,2024,2025","2021,2022,2023,2024,2025"
002271,东方雨虹,SZ,装修建材,保留,,排除,15.184,1104566140.25,1.67634,26.920229,13.110594,9.212941,0.0,,interest_coverage,"2016,2017,2018,2019,2020,2021,2022,2023,2024,2025","2021,2022,2023,2024,2025"
002272,川润股份,SZ,通用设备,保留,,排除,0.63,-486945958.34,-0.591924,18.955435,-3.012777,1.431926,0.0,,"roe,fcf,interest_coverage,ocf_ni,net_margin","2016,2017,2018,2019,2020,2021,2022,2023,2024,2025","2021,2022,2023,2024,2025"
002273,水晶光电,SZ,光学光电子,保留,,通过,9.914,1251502481.47,,28.17822,1.599373,15.188699,0.0,,,"2016,2017,2018,2019,2020,2021,2022,2023,2024,2025","2021,2022,2023,2024,2025"
002274,华昌化工,SZ,化学原料,周期,周期性行业,行业排除,,,,,,,,,,,
002275,桂林三金,SZ,中药Ⅱ,保留,,通过,14.592,2332735364.12,486.959878,73.547156,1.372903,22.311953,0.0,,,"2016,2017,2018,2019,2020,2021,2022,2023,2024,2025","2021,2022,2023,2024,2025"
002276,万马股份,SZ,电网设备,保留,,排除,6.142,948359962.74,3.835822,12.828549,1.63162,2.318911,0.0,,"roe,gross_margin,net_margin","2016,2017,2018,2019,2020,2021,2022,2023,2024,2025","2021,2022,2023,2024,2025"
002277,友阿股份,SZ,一般零售,保留,,排除,3.097,1440022481.69,-1.142299,57.758163,6.744688,0.911426,0.0,,"roe,interest_coverage,net_margin","2016,2017,2018,2019,2020,2021,2022,2023,2024,2025","2021,2022,2023,2024,2025"
002278,神开股份,SZ,专用设备,保留,,排除,0.896,-18803057.44,17.795789,34.225362,1.387807,0.424367,0.0,,"roe,fcf,net_margin","2016,2017,2018,2019,2020,2021,2022,2023,2024,2025","2021,2022,2023,2024,2025"
002279,久其软件,SZ,软件开发,保留,,排除,-3.836,405445655.26,,31.094671,0.500447,-0.411422,0.0,,"roe,ocf_ni,net_margin","2016,2017,2018,2019,2020,2021,2022,2023,2024,2025","2021,2022,2023,2024,2025"
002281,光迅科技,SZ,通信设备,保留,,通过,9.697,371973915.55,,23.257712,0.936947,7.956558,0.0,,,"2016,2017,2018,2019,2020,2021,2022,2023,2024,2025","2021,2022,2023,2024,2025"
002282,博深股份,SZ,通用设备,保留,,排除,4.523,604944442.3,36.745288,25.73817,1.056584,8.873648,0.0,,roe,"2016,2017,2018,2019,2020,2021,2022,2023,2024,2025","2021,2022,2023,2024,2025"
002283,天润工业,SZ,汽车零部件,周期,周期性行业,行业排除,,,,,,,,,,,
002284,亚太股份,SZ,汽车零部件,周期,周期性行业,行业排除,,,,,,,,,,,
002285,世联行,SZ,房地产服务,周期,周期性行业,行业排除,,,,,,,,,,,
002286,保龄宝,SZ,农产品加工,保留,,排除,4.906,148605572.66,28.202992,11.632714,2.088916,3.800009,0.0,,"roe,gross_margin,net_margin","2016,2017,2018,2019,2020,2021,2022,2023,2024,2025","2021,2022,2023,2024,2025"
002287,奇正藏药,SZ,中药Ⅱ,保留,,通过,16.878,2159160346.84,21.720645,83.701819,1.030613,28.165018,0.0,,,"2016,2017,2018,2019,2020,2021,2022,2023,2024,2025","2021,2022,2023,2024,2025"
002289,宇顺电子,SZ,光学光电子,保留,,排除,-9.627,27195713.3,-0.112376,17.085613,-2.488442,-13.814765,0.0,,"roe,interest_coverage,ocf_ni,net_margin","2016,2017,2018,2019,2020,2021,2022,2023,2024,2025","2021,2022,2023,2024,2025"
002290,禾盛新材,SZ,家电零部件Ⅱ,保留,,排除,-9.449,805108887.71,61.161623,11.888489,2.022561,-3.942954,0.0,,"roe,gross_margin,net_margin","2016,2017,2018,2019,2020,2021,2022,2023,2024,2025","2021,2022,2023,2024,2025"
002291,遥望科技,SZ,广告营销,保留,,排除,-10.509,-1525301376.64,-8.712724,9.270938,0.105568,-10.759018,0.0,,"roe,fcf,interest_coverage,gross_margin,ocf_ni,net_margin","2016,2017,2018,2019,2020,2021,2022,2023,2024,2025","2021,2022,2023,2024,2025"
002292,奥飞娱乐,SZ,文娱用品,保留,,排除,-5.59,397000190.67,30.025885,36.141135,0.475785,-8.111347,0.0,,"roe,ocf_ni,net_margin","2016,2017,2018,2019,2020,2021,2022,2023,2024,2025","2021,2022,2023,2024,2025"
002293,罗莱生活,SZ,服装家纺,保留,,通过,13.599,2859685149.24,,47.351866,1.458573,10.781811,0.0,,,"2016,2017,2018,2019,2020,2021,2022,2023,2024,2025","2021,2022,2023,2024,2025"
002294,信立泰,SZ,化学制药,保留,,通过,12.794,1882548281.93,,72.300588,1.755698,20.389366,0.0,,,"2016,2017,2018,2019,2020,2021,2022,2023,2024,2025","2021,2022,2023,2024,2025"
002295,精艺股份,SZ,工业金属,周期,周期性行业,行业排除,,,,,,,,,,,
002296,辉煌科技,SZ,通信设备,保留,,排除,5.053,737934413.02,,48.656832,1.160271,11.803354,0.0,,roe,"2016,2017,2018,2019,2020,2021,2022,2023,2024,2025","2021,2022,2023,2024,2025"
002297,博云新材,SZ,航空装备Ⅱ,保留,,排除,-0.795,-497103096.99,17.906236,27.205789,1.38666,-3.464663,0.0,,"roe,fcf,net_margin","2016,2017,2018,2019,2020,2021,2022,2023,2024,2025","2021,2022,2023,2024,2025"
002298,中电鑫龙,SZ,电网设备,保留,,排除,-8.111,-336440658.19,-9.617481,27.410745,-0.091128,-11.131734,0.0,,"roe,fcf,interest_coverage,ocf_ni,net_margin","2016,2017,2018,2019,2020,2021,2022,2023,2024,2025","2021,2022,2023,2024,2025"
002299,圣农发展,SZ,养殖业,保留,,排除,14.058,4550497690.3,11.803104,10.309034,3.594419,8.732586,0.0,,gross_margin,"2016,2017,2018,2019,2020,2021,2022,2023,2024,2025","2021,2022,2023,2024,2025"
002300,太阳电缆,SZ,电网设备,保留,,排除,9.465,-431909755.12,2.814887,4.246106,2.366054,2.003359,0.0,,"fcf,gross_margin,net_margin","2016,2017,2018,2019,2020,2021,2022,2023,2024,2025","2021,2022,2023,2024,2025"
002301,齐心集团,SZ,文娱用品,保留,,排除,3.08,1633774695.35,,9.320014,3.901085,1.55048,0.0,,"roe,gross_margin,net_margin","2016,2017,2018,2019,2020,2021,2022,2023,2024,2025","2021,2022,2023,2024,2025"
002302,西部建设,SZ,水泥,周期,周期性行业,行业排除,,,,,,,,,,,
002303,美盈森,SZ,包装印刷,保留,,排除,6.176,1104248711.36,,23.884111,2.378935,8.133283,0.0,,roe,"2016,2017,2018,2019,2020,2021,2022,2023,2024,2025","2021,2022,2023,2024,2025"
002304,洋河股份,SZ,白酒Ⅱ,保留,,排除,19.206,24754872816.97,,73.986513,0.677813,29.375258,0.0,,ocf_ni,"2016,2017,2018,2019,2020,2021,2022,2023,2024,2025","2021,2022,2023,2024,2025"
002305,*ST南置,SZ,房地产开发,周期,周期性行业,行业排除,,,,,,,,,,,
002306,ST云网,SZ,酒店餐饮,保留,,排除,-118.32375,-426476182.08,-5.462044,21.075696,-1.458663,-18.054705,0.0,,"roe,fcf,interest_coverage,ocf_ni,net_margin","2016,2017,2018,2019,2020,2021,2022,2023,2024,2025","2021,2022,2023,2024,2025"
002307,北新路桥,SZ,基础建设,周期,周期性行业,行业排除,,,,,,,,,,,
002309,中利集团,SZ,电网设备,保留,,排除,-23.6575,-220602937.16,-2.76798,11.272351,-2.080245,-16.669257,0.0,,"roe,fcf,interest_coverage,gross_margin,ocf_ni,net_margin","2016,2017,2018,2019,2020,2021,2022,2023,2024,2025","2021,2022,2023,2024,2025"
002310,东方新能,SZ,电力,保留,,排除,-27.51,-1308271096.5,-1.441082,-89.792282,-0.346446,-147.183422,0.0,,"roe,fcf,interest_coverage,gross_margin,ocf_ni,net_margin","2016,2017,2018,2019,2020,2021,2022,2023,2024,2025","2021,2022,2023,2024,2025"
002311,海大集团,SZ,饲料,保留,,排除,18.287,17423108817.69,20.562322,9.573455,2.418697,3.225784,0.0,,"gross_margin,net_margin","2016,2017,2018,2019,2020,2021,2022,2023,2024,2025","2021,2022,2023,2024,2025"
002312,川发龙蟒,SZ,农化制品,保留,,排除,2.884,106664989.53,6.225276,16.72112,1.240518,-6.251381,0.0,,"roe,net_margin","2016,2017,2018,2019,2020,2021,2022,2023,2024,2025","2021,2022,2023,2024,2025"
002313,日海智能,SZ,通信设备,保留,,排除,17.654,414468438.08,-2.860641,16.191316,-0.732319,-7.767505,0.0,,"interest_coverage,ocf_ni,net_margin","2016,2017,2018,2019,2020,2021,2022,2023,2024,2025","2021,2022,2023,2024,2025"
002314,南山控股,SZ,房地产开发,周期,周期性行业,行业排除,,,,,,,,,,,
002315,焦点科技,SZ,互联网电商,保留,,通过,11.067,2993198905.23,,78.912211,1.746367,17.34078,0.0,,,"2016,2017,2018,2019,2020,2021,2022,2023,2024,2025","2021,2022,2023,2024,2025"
002316,亚联发展,SZ,综合Ⅱ,保留,,排除,-6.017778,-85703469.37,7.894688,14.324839,1.610674,-3.870851,0.0,,"roe,fcf,gross_margin,net_margin","2016,2017,2018,2019,2020,2021,2022,2023,2024,2025","2021,2022,2023,2024,2025"
002317,众生药业,SZ,中药Ⅱ,保留,,排除,5.89,130279108.1,,60.48031,0.628096,8.672274,0.0,,"roe,ocf_ni","2016,2017,2018,2019,2020,2021,2022,2023,2024,2025","2021,2022,2023,2024,2025"
002318,久立特材,SZ,特钢Ⅱ,保留,,通过,15.854,3306046958.14,,25.735608,0.944179,12.178699,0.0,,,"2016,2017,2018,2019,2020,2021,2022,2023,2024,2025","2021,2022,2023,2024,2025"
002319,乐通股份,SZ,化学制品,周期,周期性行业,行业排除,,,,,,,,,,,
002320,海峡股份,SZ,航运港口,周期,周期性行业,行业排除,,,,,,,,,,,
002321,华英农业,SZ,养殖业,保留,,排除,-185.865,-835857248.04,0.041598,6.342867,1.071715,-13.157072,0.0,,"roe,fcf,interest_coverage,gross_margin,net_margin","2016,2017,2018,2019,2020,2021,2022,2023,2024,2025","2021,2022,2023,2024,2025"
002322,理工能科,SZ,软件开发,保留,,排除,7.471,1419139053.35,,62.169887,1.951843,22.889299,0.0,,roe,"2016,2017,2018,2019,2020,2021,2022,2023,2024,2025","2021,2022,2023,2024,2025"
002323,*ST雅博,SZ,专业工程,周期,周期性行业,行业排除,,,,,,,,,,,
002324,普利特,SZ,塑料,保留,,排除,8.107,-1184966499.17,3.319802,14.063456,-0.563256,4.36457,0.0,,"fcf,gross_margin,ocf_ni,net_margin","2016,2017,2018,2019,2020,2021,2022,2023,2024,2025","2021,2022,2023,2024,2025"
002326,永太科技,SZ,化学制品,周期,周期性行业,行业排除,,,,,,,,,,,
002327,富安娜,SZ,服装家纺,保留,,通过,14.39,2757973508.76,,54.02424,1.284327,17.70532,0.0,,,"2016,2017,2018,2019,2020,2021,2022,2023,2024,2025","2021,2022,2023,2024,2025"
002328,新朋股份,SZ,汽车零部件,周期,周期性行业,行业排除,,,,,,,,,,,
002329,皇氏集团,SZ,饮料乳品,保留,,排除,-15.334,-679696458.05,-4.120589,20.556291,1.69741,-8.985015,0.0,,"roe,fcf,interest_coverage,net_margin","2016,2017,2018,2019,2020,2021,2022,2023,2024,2025","2021,2022,2023,2024,2025"
002330,得利斯,SZ,食品加工,保留,,排除,0.591,-1180899064.05,-0.250395,6.516181,-0.660041,0.252266,0.0,,"roe,fcf,interest_coverage,gross_margin,ocf_ni,net_margin","2016,2017,2018,2019,2020,2021,2022,2023,2024,2025","2021,2022,2023,2024,2025"
002331,皖通科技,SZ,IT服务Ⅱ,保留,,排除,-1.591,-227668536.77,-82.229388,21.547314,1.163055,-2.473496,0.0,,"roe,fcf,interest_coverage,net_margin","2016,2017,2018,2019,2020,2021,2022,2023,2024,2025","2021,2022,2023,2024,2025"
002332,仙琚制药,SZ,化学制药,保留,,通过,11.004,1326375299.17,,57.550642,0.897388,11.189155,0.0,,,"2016,2017,2018,2019,2020,2021,2022,2023,2024,2025","2021,2022,2023,2024,2025"
002333,罗普斯金,SZ,装修建材,保留,,排除,0.91,-1281372373.79,5.002282,13.055545,-1.300796,1.52868,0.0,,"roe,fcf,gross_margin,ocf_ni,net_margin","2016,2017,2018,2019,2020,2021,2022,2023,2024,2025","2021,2022,2023,2024,2025"
002334,英威腾,SZ,自动化设备,保留,,排除,7.706,156268714.76,6.297912,30.885417,1.370043,5.06535,0.0,,roe,"2016,2017,2018,2019,2020,2021,2022,2023,2024,2025","2021,2022,2023,2024,2025"
002335,科华数据,SZ,其他电源设备Ⅱ,保留,,通过,8.703,4367922718.64,53.644694,26.927474,3.730549,7.293131,0.0,,,"2016,2017,2018,2019,2020,2021,2022,2023,2024,2025","2021,2022,2023,2024,2025"
002337,赛象科技,SZ,专用设备,保留,,排除,1.511,-379896288.49,,31.656712,-1.725338,1.884224,0.0,,"roe,fcf,ocf_ni,net_margin","2016,2017,2018,2019,2020,2021,2022,2023,2024,2025","2021,2022,2023,2024,2025"
002338,奥普光电,SZ,军工电子Ⅱ,保留,,排除,5.963,167236552.53,11.272737,32.521362,0.94496,11.133084,0.0,,roe,"2016,2017,2018,2019,2020,2021,2022,2023,2024,2025","2021,2022,2023,2024,2025"
002339,积成电子,SZ,电网设备,保留,,排除,2.053,287256543.4,4.098063,27.17873,1.558421,1.901801,0.0,,"roe,net_margin","2016,2017,2018,2019,2020,2021,2022,2023,2024,2025","2021,2022,2023,2024,2025"
002340,格林美,SZ,电池,保留,,排除,5.814,-24083420779.88,1.834046,14.799666,1.69872,4.231992,0.0,,"roe,fcf,interest_coverage,gross_margin,net_margin","2016,2017,2018,2019,2020,2021,2022,2023,2024,2025","2021,2022,2023,2024,2025"
002342,巨力索具,SZ,通用设备,保留,,排除,0.27,-407189053.23,0.433551,19.035624,2.453452,0.32822,0.0,,"roe,fcf,interest_coverage,net_margin","2016,2017,2018,2019,2020,2021,2022,2023,2024,2025","2021,2022,2023,2024,2025"
002343,慈文传媒,SZ,影视院线,保留,,排除,-3.785,57560634.35,-2.361348,14.373437,0.038016,-11.138374,0.0,,"roe,interest_coverage,gross_margin,ocf_ni,net_margin","2016,2017,2018,2019,2020,2021,2022,2023,2024,2025","2021,2022,2023,2024,2025"
002344,海宁皮城,SZ,一般零售,保留,,排除,3.661,203844276.81,14.026294,36.790008,1.421356,16.619167,0.0,,roe,"2016,2017,2018,2019,2020,2021,2022,2023,2024,2025","2021,2022,2023,2024,2025"
002345,潮宏基,SZ,饰品,保留,,排除,6.996,941322399.19,19.120548,27.060456,1.30109,5.127004,0.0,,roe,"2016,2017,2018,2019,2020,2021,2022,2023,2024,2025","2021,2022,2023,2024,2025"
002346,柘中股份,SZ,电网设备,保留,,排除,9.582,-626214555.13,11.941701,22.857886,0.678102,33.12792,0.0,,"fcf,ocf_ni","2016,2017,2018,2019,2020,2021,2022,2023,2024,2025","2021,2022,2023,2024,2025"
002347,泰尔股份,SZ,通用设备,保留,,排除,-1.104,68177762.97,-36.826501,17.504922,-0.416688,-1.826587,0.0,,"roe,interest_coverage,ocf_ni,net_margin","2016,2017,2018,2019,2020,2021,2022,2023,2024,2025","2021,2022,2023,2024,2025"
002348,高乐股份,SZ,文娱用品,保留,,排除,-10.474,-7186274.91,-3.764749,22.964259,-0.076786,-16.949415,0.0,,"roe,fcf,interest_coverage,ocf_ni,net_margin","2016,2017,2018,2019,2020,2021,2022,2023,2024,2025","2021,2022,2023,2024,2025"
002349,精华制药,SZ,中药Ⅱ,保留,,排除,5.548,1385399932.06,,48.709859,1.556657,9.786637,0.0,,roe,"2016,2017,2018,2019,2020,2021,2022,2023,2024,2025","2021,2022,2023,2024,2025"
002350,北京科锐,SZ,电网设备,保留,,排除,2.88,593510227.46,13.936938,18.917545,4.581754,1.877053,0.0,,"roe,net_margin","2016,2017,2018,2019,2020,2021,2022,2023,2024,2025","2021,2022,2023,2024,2025"
002351,漫步者,SZ,消费电子,保留,,通过,11.032,1912134780.32,,36.746152,1.127724,12.620056,0.0,,,"2016,2017,2018,2019,2020,2021,2022,2023,2024,2025","2021,2022,2023,2024,2025"
002352,顺丰控股,SZ,物流,保留,,排除,12.96,69670493000.0,8.253501,12.986953,3.552887,4.36425,0.0,,"gross_margin,net_margin","2016,2017,2018,2019,2020,2021,2022,2023,2024,2025","2021,2022,2023,2024,2025"
002353,杰瑞股份,SZ,专用设备,保留,,通过,10.831,5284545909.14,,33.244971,0.875966,15.138041,0.0,,,"2016,2017,2018,2019,2020,2021,2022,2023,2024,2025","2021,2022,2023,2024,2025"
002354,天娱数科,SZ,广告营销,保留,,排除,-25.196,-203032474.02,-3.357895,21.245749,-0.50801,-36.942421,0.0,,"roe,fcf,interest_coverage,ocf_ni,net_margin","2016,2017,2018,2019,2020,2021,2022,2023,2024,2025","2021,2022,2023,2024,2025"
002355,兴民智通,SZ,汽车零部件,周期,周期性行业,行业排除,,,,,,,,,,,
002356,鹏飞绿能,SZ,一般零售,保留,,排除,-24.855714,-341915819.24,,32.149677,0.743699,-20.341123,0.0,,"roe,fcf,net_margin","2016,2017,2018,2019,2020,2021,2022,2023,2024,2025","2021,2022,2023,2024,2025"
002357,富临运业,SZ,铁路公路,周期,周期性行业,行业排除,,,,,,,,,,,
002358,森源电气,SZ,电网设备,保留,,排除,-0.386,674109746.69,1.038483,26.813341,-0.508259,-4.281514,0.0,,"roe,interest_coverage,ocf_ni,net_margin","2016,2017,2018,2019,2020,2021,2022,2023,2024,2025","2021,2022,2023,2024,2025"
002360,ST同德,SZ,化学制品,周期,周期性行业,行业排除,,,,,,,,,,,
002361,神剑股份,SZ,塑料,保留,,排除,4.034,-206542085.51,-0.212871,13.506504,4.1245,4.050697,0.0,,"roe,fcf,interest_coverage,gross_margin,net_margin","2016,2017,2018,2019,2020,2021,2022,2023,2024,2025","2021,2022,2023,2024,2025"
002362,汉王科技,SZ,软件开发,保留,,排除,-1.786,-672422143.72,-21.029602,42.633439,-0.12981,-0.757413,0.0,,"roe,fcf,interest_coverage,ocf_ni,net_margin","2016,2017,2018,2019,2020,2021,2022,2023,2024,2025","2021,2022,2023,2024,2025"
002363,隆基机械,SZ,汽车零部件,周期,周期性行业,行业排除,,,,,,,,,,,
002364,中恒电气,SZ,其他电源设备Ⅱ,保留,,排除,3.671,872966904.51,,24.961568,1.90949,6.085242,0.0,,roe,"2016,2017,2018,2019,2020,2021,2022,2023,2024,2025","2021,2022,2023,2024,2025"
002365,永安药业,SZ,化学制药,保留,,排除,5.695,441900490.33,,23.723313,-1.279418,8.462302,0.0,,"roe,ocf_ni","2016,2017,2018,2019,2020,2021,2022,2023,2024,2025","2021,2022,2023,2024,2025"
002366,融发核电,SZ,其他电源设备Ⅱ,保留,,排除,-2.106667,-2740799130.04,-5.48551,6.507497,5.117905,-47.68535,0.0,,"roe,fcf,interest_coverage,gross_margin,net_margin","2016,2017,2018,2019,2020,2021,2022,2023,2024,2025","2021,2022,2023,2024,2025"
002367,康力电梯,SZ,专用设备,保留,,通过,10.152,2291423456.35,,27.067882,1.448581,7.808147,0.0,,,"2016,2017,2018,2019,2020,2021,2022,2023,2024,2025","2021,2022,2023,2024,2025"
002368,太极股份,SZ,IT服务Ⅱ,保留,,排除,7.221,-1150274591.25,-12.952219,22.079904,0.380364,2.655345,0.0,,"roe,fcf,interest_coverage,ocf_ni,net_margin","2016,2017,2018,2019,2020,2021,2022,2023,2024,2025","2021,2022,2023,2024,2025"
002369,卓翼科技,SZ,消费电子,保留,,排除,-21.93,-85967941.52,-6.487478,3.794433,-0.414958,-8.767376,0.0,,"roe,fcf,interest_coverage,gross_margin,ocf_ni,net_margin","2016,2017,2018,2019,2020,2021,2022,2023,2024,2025","2021,2022,2023,2024,2025"
002370,亚太药业,SZ,化学制药,保留,,排除,-16.14,16917027.7,3.478552,34.00623,-0.059248,-29.661984,0.0,,"roe,ocf_ni,net_margin","2016,2017,2018,2019,2020,2021,2022,2023,2024,2025","2021,2022,2023,2024,2025"
002371,北方华创,SZ,半导体,保留,,排除,11.064,-3633621841.32,25.362919,41.412882,0.047701,11.241663,0.0,,"fcf,ocf_ni","2016,2017,2018,2019,2020,2021,2022,2023,2024,2025","2021,2022,2023,2024,2025"
002372,伟星新材,SZ,装修建材,保留,,通过,25.279,5389124599.95,,41.314746,1.24735,19.632432,0.0,,,"2016,2017,2018,2019,2020,2021,2022,2023,2024,2025","2021,2022,2023,2024,2025"
002373,千方科技,SZ,IT服务Ⅱ,保留,,排除,5.356,1064415713.05,,30.925641,0.742223,5.055188,0.0,,roe,"2016,2017,2018,2019,2020,2021,2022,2023,2024,2025","2021,2022,2023,2024,2025"
002374,中锐股份,SZ,包装印刷,保留,,排除,-16.149,246605995.37,-2.674565,12.868081,-0.193269,-36.335157,0.0,,"roe,interest_coverage,gross_margin,ocf_ni,net_margin","2016,2017,2018,2019,2020,2021,2022,2023,2024,2025","2021,2022,2023,2024,2025"
002375,亚厦股份,SZ,装修装饰Ⅱ,保留,,排除,2.578,650747228.83,9.275211,11.913541,0.441679,2.068669,0.0,,"roe,gross_margin,ocf_ni,net_margin","2016,2017,2018,2019,2020,2021,2022,2023,2024,2025","2021,2022,2023,2024,2025"
002376,新北洋,SZ,计算机设备,保留,,排除,5.715,126926767.68,,27.532534,4.073307,7.461315,0.0,,roe,"2016,2017,2018,2019,2020,2021,2022,2023,2024,2025","2021,2022,2023,2024,2025"
002377,国创高新,SZ,炼化及贸易,保留,,排除,-22.21,-205319413.2,2.000752,3.649259,0.148131,-12.851749,0.0,,"roe,fcf,gross_margin,ocf_ni,net_margin","2016,2017,2018,2019,2020,2021,2022,2023,2024,2025","2021,2022,2023,2024,2025"
002378,章源钨业,SZ,小金属,周期,周期性行业,行业排除,,,,,,,,,,,
002379,宏桥控股,SZ,工业金属,周期,周期性行业,行业排除,,,,,,,,,,,
002380,科远智慧,SZ,IT服务Ⅱ,保留,,排除,2.799,429448523.19,,37.978247,-0.764914,8.486092,0.0,,"roe,ocf_ni","2016,2017,2018,2019,2020,2021,2022,2023,2024,2025","2021,2022,2023,2024,2025"
002381,双箭股份,SZ,橡胶,保留,,排除,8.637,-369688874.44,3.940084,17.941958,1.490692,9.021456,0.0,,fcf,"2016,2017,2018,2019,2020,2021,2022,2023,2024,2025","2021,2022,2023,2024,2025"
002382,蓝帆医疗,SZ,医疗器械,保留,,排除,4.856,-2319364273.68,-2.58736,20.326435,-0.032963,5.108708,0.0,,"roe,fcf,interest_coverage,ocf_ni","2016,2017,2018,2019,2020,2021,2022,2023,2024,2025","2021,2022,2023,2024,2025"
002383,合众思壮,SZ,军工电子Ⅱ,保留,,排除,-7.933,398478633.92,-4.781098,38.610832,-0.062528,-12.704996,0.0,,"roe,interest_coverage,ocf_ni,net_margin","2016,2017,2018,2019,2020,2021,2022,2023,2024,2025","2021,2022,2023,2024,2025"
002384,东山精密,SZ,元件,保留,,排除,10.03,5238508988.43,4.834514,15.11337,2.946538,4.325859,0.0,,net_margin,"2016,2017,2018,2019,2020,2021,2022,2023,2024,2025","2021,2022,2023,2024,2025"
002385,大北农,SZ,饲料,保留,,排除,2.163,-509191788.66,-0.692097,12.207045,6.174982,1.752741,0.0,,"roe,fcf,interest_coverage,gross_margin,net_margin","2016,2017,2018,2019,2020,2021,2022,2023,2024,2025","2021,2022,2023,2024,2025"
002386,天原股份,SZ,化学原料,周期,周期性行业,行业排除,,,,,,,,,,,
002387,维信诺,SZ,光学光电子,保留,,排除,-14.841,4749321870.16,-3.504788,-9.305847,-0.914654,-10.088988,0.0,,"roe,interest_coverage,gross_margin,ocf_ni,net_margin","2016,2017,2018,2019,2020,2021,2022,2023,2024,2025","2021,2022,2023,2024,2025"
002388,新亚制程,SZ,其他电子Ⅱ,保留,,排除,-1.783,-822574592.67,-0.408896,11.940109,0.871777,-0.1382,0.0,,"roe,fcf,interest_coverage,gross_margin,net_margin","2016,2017,2018,2019,2020,2021,2022,2023,2024,2025","2021,2022,2023,2024,2025"
002389,航天彩虹,SZ,航空装备Ⅱ,保留,,排除,3.977,-832775909.87,2.251724,22.003403,-1.301084,7.653187,0.0,,"roe,fcf,ocf_ni","2016,2017,2018,2019,2020,2021,2022,2023,2024,2025","2021,2022,2023,2024,2025"
002390,信邦制药,SZ,医药商业,保留,,排除,1.066,2448271239.74,19.058245,18.779759,3.883411,1.292255,0.0,,"roe,net_margin","2016,2017,2018,2019,2020,2021,2022,2023,2024,2025","2021,2022,2023,2024,2025"
002391,长青股份,SZ,农化制品,保留,,排除,5.021,-2562916373.67,0.485771,14.357239,3.196424,5.963359,0.0,,"roe,fcf,interest_coverage,gross_margin","2016,2017,2018,2019,2020,2021,2022,2023,2024,2025","2021,2022,2023,2024,2025"
002392,北京利尔,SZ,装修建材,保留,,排除,7.872,275896488.77,28.555121,16.529371,0.416273,7.830954,0.0,,"roe,ocf_ni","2016,2017,2018,2019,2020,2021,2022,2023,2024,2025","2021,2022,2023,2024,2025"
002393,力生制药,SZ,化学制药,保留,,排除,4.3,781403073.35,,57.13874,1.354739,14.41462,0.0,,roe,"2016,2017,2018,2019,2020,2021,2022,2023,2024,2025","2021,2022,2023,2024,2025"
002394,联发股份,SZ,纺织制造,保留,,排除,8.507,-457882614.22,15.982464,16.478707,0.88611,7.545261,0.0,,fcf,"2016,2017,2018,2019,2020,2021,2022,2023,2024,2025","2021,2022,2023,2024,2025"
002395,双象股份,SZ,塑料,保留,,排除,7.872,-305335143.63,,10.775238,0.792116,4.355837,0.0,,"roe,fcf,gross_margin,net_margin","2016,2017,2018,2019,2020,2021,2022,2023,2024,2025","2021,2022,2023,2024,2025"
002396,星网锐捷,SZ,通信设备,保留,,排除,11.181,2499141187.03,52.291137,34.55477,2.185202,4.35989,0.0,,net_margin,"2016,2017,2018,2019,2020,2021,2022,2023,2024,2025","2021,2022,2023,2024,2025"
002397,梦洁股份,SZ,服装家纺,保留,,排除,-1.245,106098610.45,4.120035,38.340676,3.287015,-0.393539,0.0,,"roe,net_margin","2016,2017,2018,2019,2020,2021,2022,2023,2024,2025","2021,2022,2023,2024,2025"
002398,垒知集团,SZ,水泥,周期,周期性行业,行业排除,,,,,,,,,,,
002399,海普瑞,SZ,化学制药,保留,,排除,5.321,2357025642.13,,32.534868,1.343575,9.705552,0.0,,roe,"2016,2017,2018,2019,2020,2021,2022,2023,2024,2025","2021,2022,2023,2024,2025"
002400,省广集团,SZ,广告营销,保留,,排除,1.739,-129144744.68,7.893454,8.307086,-0.588473,0.448695,0.0,,"roe,fcf,gross_margin,ocf_ni,net_margin","2016,2017,2018,2019,2020,2021,2022,2023,2024,2025","2021,2022,2023,2024,2025"
002401,中远海科,SZ,IT服务Ⅱ,保留,,通过,10.203,495525147.85,,18.02999,1.044383,8.34828,0.0,,,"2016,2017,2018,2019,2020,2021,2022,2023,2024,2025","2021,2022,2023,2024,2025"
002402,和而泰,SZ,家电零部件Ⅱ,保留,,排除,12.96,-918659363.49,67.905241,19.800637,0.778835,7.395468,0.0,,fcf,"2016,2017,2018,2019,2020,2021,2022,2023,2024,2025","2021,2022,2023,2024,2025"
002403,爱仕达,SZ,小家电,保留,,排除,-0.881,-41954463.49,-3.014019,27.82194,1.742495,-0.542451,0.0,,"roe,fcf,interest_coverage,net_margin","2016,2017,2018,2019,2020,2021,2022,2023,2024,2025","2021,2022,2023,2024,2025"
002404,嘉欣丝绸,SZ,服装家纺,保留,,排除,9.275,1150973778.14,92.175514,13.658348,1.424824,4.624916,0.0,,"gross_margin,net_margin","2016,2017,2018,2019,2020,2021,2022,2023,2024,2025","2021,2022,2023,2024,2025"
002405,四维图新,SZ,软件开发,保留,,排除,-0.572,-3121822119.53,,40.442782,-0.11254,-3.18409,0.0,,"roe,fcf,ocf_ni,net_margin","2016,2017,2018,2019,2020,2021,2022,2023,2024,2025","2021,2022,2023,2024,2025"
002406,远东传动,SZ,汽车零部件,周期,周期性行业,行业排除,,,,,,,,,,,
002407,多氟多,SZ,化学制品,周期,周期性行业,行业排除,,,,,,,,,,,
002408,齐翔腾达,SZ,炼化及贸易,保留,,排除,7.267,-7296218481.33,-2.726803,7.269366,7.681903,2.668763,0.0,,"roe,fcf,interest_coverage,gross_margin,net_margin","2016,2017,2018,2019,2020,2021,2022,2023,2024,2025","2021,2022,2023,2024,2025"
002409,雅克科技,SZ,半导体,保留,,排除,7.296,-3369254883.1,15.182881,30.169443,0.997295,11.108785,0.0,,"roe,fcf","2016,2017,2018,2019,2020,2021,2022,2023,2024,2025","2021,2022,2023,2024,2025"
002410,广联达,SZ,软件开发,保留,,通过,9.924,3206406820.08,,83.906375,3.400178,10.965106,0.0,,,"2016,2017,2018,2019,2020,2021,2022,2023,2024,2025","2021,2022,2023,2024,2025"
002412,汉森制药,SZ,中药Ⅱ,保留,,通过,9.283,610401996.37,330.682638,74.1871,1.010293,16.455781,0.0,,,"2016,2017,2018,2019,2020,2021,2022,2023,2024,2025","2021,2022,2023,2024,2025"
002413,雷科防务,SZ,军工电子Ⅱ,保留,,排除,-3.101,-70442445.98,-13.816181,31.493531,-0.620586,-8.03045,0.0,,"roe,fcf,interest_coverage,ocf_ni,net_margin","2016,2017,2018,2019,2020,2021,2022,2023,2024,2025","2021,2022,2023,2024,2025"
002414,高德红外,SZ,军工电子Ⅱ,保留,,排除,6.899,761411907.15,48.638147,48.654729,1.589383,12.270444,0.0,,roe,"2016,2017,2018,2019,2020,2021,2022,2023,2024,2025","2021,2022,2023,2024,2025"
002415,海康威视,SZ,计算机设备,保留,,通过,26.267,58908776248.2,,44.131551,1.123779,19.124758,0.0,,,"2016,2017,2018,2019,2020,2021,2022,2023,2024,2025","2021,2022,2023,2024,2025"
002416,爱施德,SZ,专业连锁Ⅱ,保留,,排除,8.547,6207711267.6,9.474656,3.742584,3.201246,0.663901,0.0,,"gross_margin,net_margin","2016,2017,2018,2019,2020,2021,2022,2023,2024,2025","2021,2022,2023,2024,2025"
002418,康盛股份,SZ,家电零部件Ⅱ,保留,,排除,-4.367,77843125.76,1.813876,9.19368,2.232922,-5.656757,0.0,,"roe,interest_coverage,gross_margin,net_margin","2016,2017,2018,2019,2020,2021,2022,2023,2024,2025","2021,2022,2023,2024,2025"
002419,天虹股份,SZ,一般零售,保留,,排除,7.095,8605818853.92,4.468811,37.573419,17.857591,2.434187,0.0,,"roe,net_margin","2016,2017,2018,2019,2020,2021,2022,2023,2024,2025","2021,2022,2023,2024,2025"
002420,毅昌科技,SZ,综合Ⅱ,保留,,排除,-6.462,-297141832.75,11.703001,10.89716,0.365809,-1.460065,0.0,,"roe,fcf,gross_margin,ocf_ni,net_margin","2016,2017,2018,2019,2020,2021,2022,2023,2024,2025","2021,2022,2023,2024,2025"
002421,达实智能,SZ,IT服务Ⅱ,保留,,排除,0.076,-1132681093.22,-15.353825,25.941114,1.188516,-1.216702,0.0,,"roe,fcf,interest_coverage,net_margin","2016,2017,2018,2019,2020,2021,2022,2023,2024,2025","2021,2022,2023,2024,2025"
002422,科伦药业,SZ,化学制药,保留,,通过,8.952,11488880442.0,35.259689,52.029875,1.934325,8.058447,0.0,,,"2016,2017,2018,2019,2020,2021,2022,2023,2024,2025","2021,2022,2023,2024,2025"
002423,中粮资本,SZ,多元金融,金融,金融行业,行业排除,,,,,,,,,,,
002424,ST百灵,SZ,中药Ⅱ,保留,,排除,6.47,945021410.49,1.282969,56.061412,-0.168078,5.327538,0.0,,"roe,interest_coverage,ocf_ni","2016,2017,2018,2019,2020,2021,2022,2023,2024,2025","2021,2022,2023,2024,2025"
002425,凯撒文化,SZ,游戏Ⅱ,保留,,排除,-4.202,-477277842.53,-137.806666,14.765745,0.720555,-35.572225,0.0,,"roe,fcf,interest_coverage,gross_margin,net_margin","2016,2017,2018,2019,2020,2021,2022,2023,2024,2025","2021,2022,2023,2024,2025"
002426,胜利精密,SZ,消费电子,保留,,排除,-13.859,-377706102.25,-6.960478,9.172342,-1.428226,-9.557821,0.0,,"roe,fcf,interest_coverage,gross_margin,ocf_ni,net_margin","2016,2017,2018,2019,2020,2021,2022,2023,2024,2025","2021,2022,2023,2024,2025"
002427,尤夫股份,SZ,化学纤维,保留,,排除,-63.782222,-238668584.53,1.126281,6.053903,-0.526296,-7.324799,0.0,,"roe,fcf,interest_coverage,gross_margin,ocf_ni,net_margin","2016,2017,2018,2019,2020,2021,2022,2023,2024,2025","2021,2022,2023,2024,2025"
002428,云南锗业,SZ,小金属,周期,周期性行业,行业排除,,,,,,,,,,,
002429,兆驰股份,SZ,黑色家电,保留,,通过,9.017,7216344326.73,11.937721,17.310393,3.023558,6.500401,0.0,,,"2016,2017,2018,2019,2020,2021,2022,2023,2024,2025","2021,2022,2023,2024,2025"
002430,杭氧股份,SZ,化学制品,周期,周期性行业,行业排除,,,,,,,,,,,
002431,ST棕榈,SZ,基础建设,周期,周期性行业,行业排除,,,,,,,,,,,
002432,九安医疗,SZ,医疗器械,保留,,排除,20.125,20271622794.6,,68.23321,0.678261,36.735843,0.0,,ocf_ni,"2016,2017,2018,2019,2020,2021,2022,2023,2024,2025","2021,2022,2023,2024,2025"
002434,万里扬,SZ,汽车零部件,周期,周期性行业,行业排除,,,,,,,,,,,
002436,兴森科技,SZ,元件,保留,,排除,8.281,-5560147019.92,-0.452137,23.919521,0.110099,6.291004,0.0,,"fcf,interest_coverage,ocf_ni","2016,2017,2018,2019,2020,2021,2022,2023,2024,2025","2021,2022,2023,2024,2025"
002437,誉衡药业,SZ,化学制药,保留,,排除,-1.303,1310405552.55,,57.548541,1.991685,2.074977,0.0,,"roe,net_margin","2016,2017,2018,2019,2020,2021,2022,2023,2024,2025","2021,2022,2023,2024,2025"
002438,江苏神通,SZ,通用设备,保留,,排除,7.069,-378011682.45,13.800734,32.235987,1.075911,11.741278,0.0,,"roe,fcf","2016,2017,2018,2019,2020,2021,2022,2023,2024,2025","2021,2022,2023,2024,2025"
002439,启明星辰,SZ,软件开发,保留,,排除,10.209,-1408834817.15,,60.662064,0.142264,11.936809,0.0,,"fcf,ocf_ni","2016,2017,2018,2019,2020,2021,2022,2023,2024,2025","2021,2022,2023,2024,2025"
002440,闰土股份,SZ,化学制品,周期,周期性行业,行业排除,,,,,,,,,,,
002441,众业达,SZ,电网设备,保留,,排除,5.842,1409287905.59,,9.184741,1.798236,2.300347,0.0,,"roe,gross_margin,net_margin","2016,2017,2018,2019,2020,2021,2022,2023,2024,2025","2021,2022,2023,2024,2025"
002442,龙星科技,SZ,橡胶,保留,,排除,6.201,-720508128.81,0.621572,10.324976,1.520937,2.599267,0.0,,"roe,fcf,interest_coverage,gross_margin,net_margin","2016,2017,2018,2019,2020,2021,2022,2023,2024,2025","2021,2022,2023,2024,2025"
002443,金洲管道,SZ,特钢Ⅱ,保留,,排除,9.313,1459186290.86,58.593892,11.328175,1.351896,4.933045,0.0,,"gross_margin,net_margin","2016,2017,2018,2019,2020,2021,2022,2023,2024,2025","2021,2022,2023,2024,2025"
002444,巨星科技,SZ,通用设备,保留,,通过,12.735,4953548723.38,,29.634339,0.819301,14.25092,0.0,,,"2016,2017,2018,2019,2020,2021,2022,2023,2024,2025","2021,2022,2023,2024,2025"
002445,中南文化,SZ,通用设备,保留,,排除,-11.505,-159884460.99,26.654027,20.794402,0.586006,-36.960065,0.0,,"roe,fcf,ocf_ni,net_margin","2016,2017,2018,2019,2020,2021,2022,2023,2024,2025","2021,2022,2023,2024,2025"
002446,盛路通信,SZ,军工电子Ⅱ,保留,,排除,-2.418,-189729133.79,,35.732629,1.115815,-7.190978,0.0,,"roe,fcf,net_margin","2016,2017,2018,2019,2020,2021,2022,2023,2024,2025","2021,2022,2023,2024,2025"
002448,中原内配,SZ,汽车零部件,周期,周期性行业,行业排除,,,,,,,,,,,
002449,国星光电,SZ,光学光电子,保留,,排除,5.941,638569748.1,,12.755011,-0.328389,5.508754,0.0,,"roe,gross_margin,ocf_ni","2016,2017,2018,2019,2020,2021,2022,2023,2024,2025","2021,2022,2023,2024,2025"
002451,摩恩电气,SZ,电网设备,保留,,排除,2.758,-587751157.17,1.010837,10.708661,-5.748372,3.340475,0.0,,"roe,fcf,interest_coverage,gross_margin,ocf_ni,net_margin","2016,2017,2018,2019,2020,2021,2022,2023,2024,2025","2021,2022,2023,2024,2025"
002452,长高电气,SZ,电网设备,保留,,排除,7.193,1172935046.95,,35.268744,1.941558,8.338535,0.0,,roe,"2016,2017,2018,2019,2020,2021,2022,2023,2024,2025","2021,2022,2023,2024,2025"
002453,华软科技,SZ,化学制品,周期,周期性行业,行业排除,,,,,,,,,,,
002454,松芝股份,SZ,汽车零部件,周期,周期性行业,行业排除,,,,,,,,,,,
002455,百川股份,SZ,化学制品,周期,周期性行业,行业排除,,,,,,,,,,,
002456,欧菲光,SZ,光学光电子,保留,,排除,-12.166,753336534.21,0.401136,8.079277,0.087255,-4.463808,0.0,,"roe,interest_coverage,gross_margin,ocf_ni,net_margin","2016,2017,2018,2019,2020,2021,2022,2023,2024,2025","2021,2022,2023,2024,2025"
002457,青龙管业,SZ,装修建材,保留,,排除,5.449,230450494.7,10.698537,29.321334,3.456108,5.326713,0.0,,roe,"2016,2017,2018,2019,2020,2021,2022,2023,2024,2025","2021,2022,2023,2024,2025"
002458,益生股份,SZ,养殖业,保留,,排除,15.905,-60546171.07,12.953367,18.754841,1.988769,10.067602,0.0,,fcf,"2016,2017,2018,2019,2020,2021,2022,2023,2024,2025","2021,2022,2023,2024,2025"
002459,晶澳科技,SZ,光伏设备,保留,,排除,8.293,-15964043713.64,-12.716021,9.886057,0.686839,3.297823,0.0,,"fcf,interest_coverage,gross_margin,ocf_ni,net_margin","2016,2017,2018,2019,2020,2021,2022,2023,2024,2025","2021,2022,2023,2024,2025"
002460,赣锋锂业,SZ,能源金属,周期,周期性行业,行业排除,,,,,,,,,,,
002461,珠江啤酒,SZ,非白酒,保留,,排除,5.883,1536624204.31,,44.96829,1.170589,10.904911,0.0,,roe,"2016,2017,2018,2019,2020,2021,2022,2023,2024,2025","2021,2022,2023,2024,2025"
002462,嘉事堂,SZ,医药商业,保留,,排除,9.005,3244667398.48,3.788076,7.197985,4.410058,1.334527,0.0,,"gross_margin,net_margin","2016,2017,2018,2019,2020,2021,2022,2023,2024,2025","2021,2022,2023,2024,2025"
002463,沪电股份,SZ,元件,保留,,通过,17.923,3879551957.0,,31.695917,1.174207,14.029614,0.0,,,"2016,2017,2018,2019,2020,2021,2022,2023,2024,2025","2021,2022,2023,2024,2025"
002465,海格通信,SZ,军工电子Ⅱ,保留,,排除,4.224,-3569290141.97,-50.229805,31.451517,-2.577751,7.273739,0.0,,"roe,fcf,interest_coverage,ocf_ni","2016,2017,2018,2019,2020,2021,2022,2023,2024,2025","2021,2022,2023,2024,2025"
002466,天齐锂业,SZ,能源金属,周期,周期性行业,行业排除,,,,,,,,,,,
002467,二六三,SZ,通信服务,保留,,排除,-1.071,34333642.97,,46.5542,1.752573,-2.831022,0.0,,"roe,net_margin","2016,2017,2018,2019,2020,2021,2022,2023,2024,2025","2021,2022,2023,2024,2025"
002468,申通快递,SZ,物流,保留,,排除,17.658,-105533232.04,7.169022,4.659331,4.670297,4.558975,0.0,,"fcf,gross_margin,net_margin","2016,2017,2018,2019,2020,2021,2022,2023,2024,2025","2021,2022,2023,2024,2025"
002469,三维化学,SZ,化学原料,周期,周期性行业,行业排除,,,,,,,,,,,
002470,金正大,SZ,农化制品,保留,,排除,-11.342,822701836.04,0.808796,11.179323,4.105016,-6.023969,0.0,,"roe,interest_coverage,gross_margin,net_margin","2016,2017,2018,2019,2020,2021,2022,2023,2024,2025","2021,2022,2023,2024,2025"
002471,中超控股,SZ,电网设备,保留,,排除,0.166,255170133.32,-0.136876,10.727537,-4.802517,0.09126,0.0,,"roe,interest_coverage,gross_margin,ocf_ni,net_margin","2016,2017,2018,2019,2020,2021,2022,2023,2024,2025","2021,2022,2023,2024,2025"
002472,双环传动,SZ,汽车零部件,周期,周期性行业,行业排除,,,,,,,,,,,
002474,榕基软件,SZ,IT服务Ⅱ,保留,,排除,-0.496,-274775402.59,-4.752216,30.590548,1.212507,-3.921113,0.0,,"roe,fcf,interest_coverage,net_margin","2016,2017,2018,2019,2020,2021,2022,2023,2024,2025","2021,2022,2023,2024,2025"
002475,立讯精密,SZ,消费电子,保留,,排除,21.437,24505826513.39,17.607738,11.675479,1.602453,6.231981,0.0,,gross_margin,"2016,2017,2018,2019,2020,2021,2022,2023,2024,2025","2021,2022,2023,2024,2025"
002476,新叶股份,SZ,炼化及贸易,保留,,排除,0.072,-3925468.66,,17.957655,3.986408,-0.543874,0.0,,"roe,fcf,net_margin","2016,2017,2018,2019,2020,2021,2022,2023,2024,2025","2021,2022,2023,2024,2025"
002478,常宝股份,SZ,特钢Ⅱ,保留,,排除,8.805,1363371919.14,,15.05289,0.280316,7.438668,0.0,,ocf_ni,"2016,2017,2018,2019,2020,2021,2022,2023,2024,2025","2021,2022,2023,2024,2025"
002479,富春环保,SZ,电力,保留,,排除,6.911,633228685.37,5.83835,17.411619,2.741092,6.17268,0.0,,roe,"2016,2017,2018,2019,2020,2021,2022,2023,2024,2025","2021,2022,2023,2024,2025"
002480,新筑股份,SZ,电力,保留,,排除,-10.542,-941166847.63,-0.435027,28.231778,-1.530285,-9.324827,0.0,,"roe,fcf,interest_coverage,ocf_ni,net_margin","2016,2017,2018,2019,2020,2021,2022,2023,2024,2025","2021,2022,2023,2024,2025"
002481,双塔食品,SZ,农产品加工,保留,,排除,3.237,-466124230.7,2.49858,16.322959,1.836963,4.350362,0.0,,"roe,fcf,net_margin","2016,2017,2018,2019,2020,2021,2022,2023,2024,2025","2021,2022,2023,2024,2025"
002482,广田集团,SZ,装修装饰Ⅱ,保留,,排除,-22.7,-2086617543.4,-6.807405,-11.779198,0.037884,-3.501805,0.0,,"roe,fcf,interest_coverage,gross_margin,ocf_ni,net_margin","2016,2017,2018,2019,2020,2021,2022,2023,2024,2025","2021,2022,2023,2024,2025"
002483,润邦股份,SZ,专用设备,保留,,排除,5.314,4511872785.88,,22.337941,11.614482,4.611849,0.0,,"roe,net_margin","2016,2017,2018,2019,2020,2021,2022,2023,2024,2025","2021,2022,2023,2024,2025"
002484,江海股份,SZ,元件,保留,,通过,9.966,1072021522.14,189.192948,25.477318,0.885519,12.886918,0.0,,,"2016,2017,2018,2019,2020,2021,2022,2023,2024,2025","2021,2022,2023,2024,2025"
002485,ST雪发,SZ,服装家纺,保留,,排除,-6.922,-907220946.42,-9.592456,-1.950151,3.446729,-8.343055,0.0,,"roe,fcf,interest_coverage,gross_margin,net_margin","2016,2017,2018,2019,2020,2021,2022,2023,2024,2025","2021,2022,2023,2024,2025"
002486,嘉麟杰,SZ,服装家纺,保留,,排除,2.914,45352421.01,31.794415,21.435451,0.575566,2.554479,0.0,,"roe,ocf_ni,net_margin","2016,2017,2018,2019,2020,2021,2022,2023,2024,2025","2021,2022,2023,2024,2025"
002487,大金重工,SZ,风电设备,保留,,排除,10.178,-1110208482.66,,24.798622,1.117321,10.444657,0.0,,fcf,"2016,2017,2018,2019,2020,2021,2022,2023,2024,2025","2021,2022,2023,2024,2025"
002488,金固股份,SZ,汽车零部件,周期,周期性行业,行业排除,,,,,,,,,,,
002489,浙江永强,SZ,家居用品,保留,,排除,6.313,738906210.09,,18.7955,3.744583,4.382904,0.0,,"roe,net_margin","2016,2017,2018,2019,2020,2021,2022,2023,2024,2025","2021,2022,2023,2024,2025"
002490,山东墨龙,SZ,专用设备,保留,,排除,-17.945,452552017.27,-0.02544,6.179459,12.176303,-11.122115,0.0,,"roe,interest_coverage,gross_margin,net_margin","2016,2017,2018,2019,2020,2021,2022,2023,2024,2025","2021,2022,2023,2024,2025"
002491,通鼎互联,SZ,通信设备,保留,,排除,-1.654,368783480.49,-0.917634,19.159562,0.583358,-2.855116,0.0,,"roe,interest_coverage,ocf_ni,net_margin","2016,2017,2018,2019,2020,2021,2022,2023,2024,2025","2021,2022,2023,2024,2025"
002492,恒基达鑫,SZ,物流,保留,,排除,4.941,244148436.38,-7.195608,46.740777,0.912428,20.795504,0.0,,"roe,interest_coverage","2016,2017,2018,2019,2020,2021,2022,2023,2024,2025","2021,2022,2023,2024,2025"
002493,荣盛石化,SZ,炼化及贸易,保留,,排除,11.762,-33893865509.3,0.594719,14.441801,26.75637,2.750574,0.0,,"fcf,interest_coverage,gross_margin,net_margin","2016,2017,2018,2019,2020,2021,2022,2023,2024,2025","2021,2022,2023,2024,2025"
002494,华斯股份,SZ,服装家纺,保留,,排除,-4.009,-14587255.67,5.138725,20.114294,1.519607,-19.383446,0.0,,"roe,fcf,net_margin","2016,2017,2018,2019,2020,2021,2022,2023,2024,2025","2021,2022,2023,2024,2025"
002495,佳隆股份,SZ,调味发酵品Ⅱ,保留,,排除,0.874,118296648.63,,29.076488,1.289595,2.583207,0.0,,"roe,net_margin","2016,2017,2018,2019,2020,2021,2022,2023,2024,2025","2021,2022,2023,2024,2025"
002496,辉丰股份,SZ,农化制品,保留,,排除,-9.155,-312216526.69,-10.090552,19.952269,0.145768,-52.854089,0.0,,"roe,fcf,interest_coverage,ocf_ni,net_margin","2016,2017,2018,2019,2020,2021,2022,2023,2024,2025","2021,2022,2023,2024,2025"
002497,雅化集团,SZ,化学制品,周期,周期性行业,行业排除,,,,,,,,,,,
002498,汉缆股份,SZ,电网设备,保留,,通过,9.022,1095758336.54,30.486282,18.255007,0.753222,7.16556,0.0,,,"2016,2017,2018,2019,2020,2021,2022,2023,2024,2025","2021,2022,2023,2024,2025"
002500,山西证券,SZ,证券Ⅱ,金融,金融行业,行业排除,,,,,,,,,,,
002501,*ST利源,SZ,工业金属,周期,周期性行业,行业排除,,,,,,,,,,,
002506,协鑫集成,SZ,光伏设备,保留,,排除,-19.801,-254663604.76,-4.121538,6.762012,4.278147,-9.089748,0.0,,"roe,fcf,interest_coverage,gross_margin,net_margin","2016,2017,2018,2019,2020,2021,2022,2023,2024,2025","2021,2022,2023,2024,2025"
002507,涪陵榨菜,SZ,调味发酵品Ⅱ,保留,,通过,17.208,2673551436.33,,51.766839,0.921987,31.290241,0.0,,,"2016,2017,2018,2019,2020,2021,2022,2023,2024,2025","2021,2022,2023,2024,2025"
002508,老板电器,SZ,厨卫电器,保留,,通过,21.378,7189242087.27,,50.568043,1.193458,17.279485,0.0,,,"2016,2017,2018,2019,2020,2021,2022,2023,2024,2025","2021,2022,2023,2024,2025"
002510,天汽模,SZ,汽车零部件,周期,周期性行业,行业排除,,,,,,,,,,,
002511,中顺洁柔,SZ,个护用品,保留,,通过,10.369,1810472750.75,13.175535,33.146145,1.360497,6.061452,0.0,,,"2016,2017,2018,2019,2020,2021,2022,2023,2024,2025","2021,2022,2023,2024,2025"
002512,ST达华,SZ,计算机设备,保留,,排除,-16.24,-1787367678.03,-7.214394,10.624969,-0.027769,-11.797904,0.0,,"roe,fcf,interest_coverage,gross_margin,ocf_ni,net_margin","2016,2017,2018,2019,2020,2021,2022,2023,2024,2025","2021,2022,2023,2024,2025"
002513,蓝丰生化,SZ,农化制品,保留,,排除,-65.777778,-1716139909.97,-5.968462,-0.146501,0.576641,-18.051447,0.0,,"roe,fcf,interest_coverage,gross_margin,ocf_ni,net_margin","2016,2017,2018,2019,2020,2021,2022,2023,2024,2025","2021,2022,2023,2024,2025"
002514,*ST宝馨,SZ,通用设备,保留,,排除,-21.646667,-1080641897.08,-6.1028,16.132176,2.458607,-43.289503,0.0,,"roe,fcf,interest_coverage,net_margin","2016,2017,2018,2019,2020,2021,2022,2023,2024,2025","2021,2022,2023,2024,2025"
002515,金字火腿,SZ,食品加工,保留,,排除,2.77,218165432.85,,23.546687,3.288389,11.802237,0.0,,roe,"2016,2017,2018,2019,2020,2021,2022,2023,2024,2025","2021,2022,2023,2024,2025"
002516,旷达科技,SZ,汽车零部件,周期,周期性行业,行业排除,,,,,,,,,,,
002517,恺英网络,SZ,游戏Ⅱ,保留,,通过,17.055,6833829520.46,,78.276584,1.149533,15.79079,0.0,,,"2016,2017,2018,2019,2020,2021,2022,2023,2024,2025","2021,2022,2023,2024,2025"
002518,科士达,SZ,其他电源设备Ⅱ,保留,,通过,14.491,2330046847.56,,30.632503,1.172698,12.861483,0.0,,,"2016,2017,2018,2019,2020,2021,2022,2023,2024,2025","2021,2022,2023,2024,2025"
002519,银河电子,SZ,地面兵装Ⅱ,保留,,排除,-2.39,-180007318.32,,16.451743,0.927819,-13.779863,0.0,,"roe,fcf,net_margin","2016,2017,2018,2019,2020,2021,2022,2023,2024,2025","2021,2022,2023,2024,2025"
002520,日发精机,SZ,通用设备,保留,,排除,-21.168,621962612.47,-7.814055,20.965975,2.666634,-13.716067,0.0,,"roe,interest_coverage,net_margin","2016,2017,2018,2019,2020,2021,2022,2023,2024,2025","2021,2022,2023,2024,2025"
002521,齐峰新材,SZ,造纸,保留,,排除,3.765,175372300.78,15.632791,10.989362,-6.939525,4.033187,0.0,,"roe,gross_margin,ocf_ni,net_margin","2016,2017,2018,2019,2020,2021,2022,2023,2024,2025","2021,2022,2023,2024,2025"
002522,浙江众成,SZ,塑料,保留,,排除,5.293,361509916.87,6.121317,19.28268,2.046021,8.218672,0.0,,roe,"2016,2017,2018,2019,2020,2021,2022,2023,2024,2025","2021,2022,2023,2024,2025"
002523,天桥起重,SZ,专用设备,保留,,排除,3.705,1099179730.16,,23.049615,4.693974,5.227629,0.0,,roe,"2016,2017,2018,2019,2020,2021,2022,2023,2024,2025","2021,2022,2023,2024,2025"
002524,光正眼科,SZ,医疗服务,保留,,排除,-10.847,331009774.71,0.123298,33.054717,-0.048308,-2.169822,0.0,,"roe,interest_coverage,ocf_ni,net_margin","2016,2017,2018,2019,2020,2021,2022,2023,2024,2025","2021,2022,2023,2024,2025"
002526,山东矿机,SZ,专用设备,保留,,排除,4.224,-1160660867.1,3536.691957,22.652563,-0.256651,5.266508,0.0,,"roe,fcf,ocf_ni","2016,2017,2018,2019,2020,2021,2022,2023,2024,2025","2021,2022,2023,2024,2025"
002527,新时达,SZ,专用设备,保留,,排除,-7.265,7306122.72,0.547106,17.819183,4.135681,-4.360424,0.0,,"roe,interest_coverage,net_margin","2016,2017,2018,2019,2020,2021,2022,2023,2024,2025","2021,2022,2023,2024,2025"
002528,*ST英飞,SZ,计算机设备,保留,,排除,-35.458889,85525856.66,-10.559597,20.645548,-0.070277,-27.055564,0.0,,"roe,interest_coverage,ocf_ni,net_margin","2016,2017,2018,2019,2020,2021,2022,2023,2024,2025","2021,2022,2023,2024,2025"
002529,海源复材,SZ,专用设备,保留,,排除,-17.484,-223095681.49,-11.69313,-0.083748,-0.05048,-58.761037,0.0,,"roe,fcf,interest_coverage,gross_margin,ocf_ni,net_margin","2016,2017,2018,2019,2020,2021,2022,2023,2024,2025","2021,2022,2023,2024,2025"
002530,金财互联,SZ,通用设备,保留,,排除,-9.047,-331483712.93,44.714566,26.289923,-1.058001,-18.373221,0.0,,"roe,fcf,ocf_ni,net_margin","2016,2017,2018,2019,2020,2021,2022,2023,2024,2025","2021,2022,2023,2024,2025"
002531,天顺风能,SZ,风电设备,保留,,排除,9.91,-2316138699.04,-0.722795,20.31907,0.693072,10.511767,0.0,,"fcf,interest_coverage,ocf_ni","2016,2017,2018,2019,2020,2021,2022,2023,2024,2025","2021,2022,2023,2024,2025"
002532,天山铝业,SZ,工业金属,周期,周期性行业,行业排除,,,,,,,,,,,
002533,金杯电工,SZ,电网设备,保留,,排除,9.85,1291447647.09,13.523273,11.166902,1.043003,3.290482,0.0,,"gross_margin,net_margin","2016,2017,2018,2019,2020,2021,2022,2023,2024,2025","2021,2022,2023,2024,2025"
002534,西子洁能,SZ,其他电源设备Ⅱ,保留,,通过,9.764,33274464.35,18.130064,17.893773,2.021013,6.844793,0.0,,,"2016,2017,2018,2019,2020,2021,2022,2023,2024,2025","2021,2022,2023,2024,2025"
002535,林州重机,SZ,专用设备,保留,,排除,-14.334,1755561285.7,0.05547,22.353174,2.179661,-27.52152,0.0,,"roe,interest_coverage,net_margin","2016,2017,2018,2019,2020,2021,2022,2023,2024,2025","2021,2022,2023,2024,2025"
002536,飞龙股份,SZ,汽车零部件,周期,周期性行业,行业排除,,,,,,,,,,,
002537,海联金汇,SZ,汽车零部件,周期,周期性行业,行业排除,,,,,,,,,,,
002538,ST司特,SZ,农化制品,保留,,排除,7.022,799323316.09,,20.018478,0.911724,7.683503,0.0,,roe,"2016,2017,2018,2019,2020,2021,2022,2023,2024,2025","2021,2022,2023,2024,2025"
002539,云图控股,SZ,农化制品,保留,,排除,12.66,-5693338811.37,5.569702,13.299415,0.882401,4.130485,0.0,,"fcf,gross_margin,net_margin","2016,2017,2018,2019,2020,2021,2022,2023,2024,2025","2021,2022,2023,2024,2025"
002540,亚太科技,SZ,工业金属,周期,周期性行业,行业排除,,,,,,,,,,,
002541,鸿路钢构,SZ,专业工程,周期,周期性行业,行业排除,,,,,,,,,,,
002542,*ST中岩,SZ,专业工程,周期,周期性行业,行业排除,,,,,,,,,,,
002543,万和电气,SZ,厨卫电器,保留,,通过,12.964,2072603885.45,,26.481042,1.434686,7.576927,0.0,,,"2016,2017,2018,2019,2020,2021,2022,2023,2024,2025","2021,2022,2023,2024,2025"
002544,普天科技,SZ,通信服务,保留,,排除,3.886,194465785.63,3.225427,17.509839,5.325353,1.600434,0.0,,"roe,net_margin","2016,2017,2018,2019,2020,2021,2022,2023,2024,2025","2021,2022,2023,2024,2025"
002545,东方铁塔,SZ,农化制品,保留,,排除,6.401,4085029883.43,92.780454,31.316543,1.424667,15.548802,0.0,,roe,"2016,2017,2018,2019,2020,2021,2022,2023,2024,2025","2021,2022,2023,2024,2025"
002546,新联电子,SZ,电网设备,保留,,排除,5.902,456912373.53,9553.091446,35.000039,2.258563,28.935676,0.0,,roe,"2016,2017,2018,2019,2020,2021,2022,2023,2024,2025","2021,2022,2023,2024,2025"
002547,*ST春兴,SZ,汽车零部件,周期,周期性行业,行业排除,,,,,,,,,,,
002548,金新农,SZ,饲料,保留,,排除,-8.656,-1302279419.6,-2.064309,8.085144,3.854218,-3.491367,0.0,,"roe,fcf,interest_coverage,gross_margin,net_margin","2016,2017,2018,2019,2020,2021,2022,2023,2024,2025","2021,2022,2023,2024,2025"
002549,凯美特气,SZ,化学制品,周期,周期性行业,行业排除,,,,,,,,,,,
002550,千红制药,SZ,化学制药,保留,,通过,9.119,947547236.57,94.736683,47.905067,1.127068,15.302106,0.0,,,"2016,2017,2018,2019,2020,2021,2022,2023,2024,2025","2021,2022,2023,2024,2025"
002551,尚荣医疗,SZ,医疗器械,保留,,排除,1.71,-118861051.9,,16.392032,1.888061,-1.391742,0.0,,"roe,fcf,net_margin","2016,2017,2018,2019,2020,2021,2022,2023,2024,2025","2021,2022,2023,2024,2025"
002552,宝鼎科技,SZ,元件,保留,,排除,4.005,-321684479.3,2.189973,15.180775,1.980939,-9.708283,0.0,,"roe,fcf,net_margin","2016,2017,2018,2019,2020,2021,2022,2023,2024,2025","2021,2022,2023,2024,2025"
002553,南方精工,SZ,汽车零部件,周期,周期性行业,行业排除,,,,,,,,,,,
002554,惠博普,SZ,油服工程,保留,,排除,-3.588,-842056839.01,-3.819733,18.046908,1.003098,-2.991997,0.0,,"roe,fcf,interest_coverage,net_margin","2016,2017,2018,2019,2020,2021,2022,2023,2024,2025","2021,2022,2023,2024,2025"
002555,三七互娱,SZ,游戏Ⅱ,保留,,通过,25.756,13999205712.98,,80.041279,1.200342,18.025125,0.0,,,"2016,2017,2018,2019,2020,2021,2022,2023,2024,2025","2021,2022,2023,2024,2025"
002556,辉隆股份,SZ,农业综合Ⅱ,保留,,排除,7.243,507663089.08,3.462007,6.38413,0.684303,1.39137,0.0,,"roe,gross_margin,ocf_ni,net_margin","2016,2017,2018,2019,2020,2021,2022,2023,2024,2025","2021,2022,2023,2024,2025"
002557,洽洽食品,SZ,休闲食品,保留,,通过,14.928,3617331220.39,3.741566,28.57228,0.996854,11.544461,0.0,,,"2016,2017,2018,2019,2020,2021,2022,2023,2024,2025","2021,2022,2023,2024,2025"
002558,巨人网络,SZ,游戏Ⅱ,保留,,通过,11.962,5808727926.91,215.400223,87.237218,0.994026,40.64623,0.0,,,"2016,2017,2018,2019,2020,2021,2022,2023,2024,2025","2021,2022,2023,2024,2025"
002559,亚威股份,SZ,通用设备,保留,,排除,5.926,202283297.54,30.146973,23.595345,3.408804,5.902487,0.0,,roe,"2016,2017,2018,2019,2020,2021,2022,2023,2024,2025","2021,2022,2023,2024,2025"
002560,通达股份,SZ,电网设备,保留,,排除,3.516,-175913841.93,5.860401,8.478372,0.107344,2.430779,0.0,,"roe,fcf,gross_margin,ocf_ni,net_margin","2016,2017,2018,2019,2020,2021,2022,2023,2024,2025","2021,2022,2023,2024,2025"
002561,徐家汇,SZ,一般零售,保留,,排除,5.541,373942905.63,,56.116608,2.16895,9.015021,0.0,,roe,"2016,2017,2018,2019,2020,2021,2022,2023,2024,2025","2021,2022,2023,2024,2025"
002562,兄弟科技,SZ,化学制品,周期,周期性行业,行业排除,,,,,,,,,,,
002563,森马服饰,SZ,服装家纺,保留,,通过,10.899,6588455107.51,,43.365572,1.604436,8.323964,0.0,,,"2016,2017,2018,2019,2020,2021,2022,2023,2024,2025","2021,2022,2023,2024,2025"
002564,天沃科技,SZ,专用设备,保留,,排除,-12.89125,-757362426.06,0.869543,15.399417,2.801859,-10.093575,0.0,,"roe,fcf,interest_coverage,net_margin","2016,2017,2018,2019,2020,2021,2022,2023,2024,2025","2021,2022,2023,2024,2025"
002565,顺灏股份,SZ,包装印刷,保留,,排除,0.719,808752949.1,,23.694383,0.092638,0.840809,0.0,,"roe,ocf_ni,net_margin","2016,2017,2018,2019,2020,2021,2022,2023,2024,2025","2021,2022,2023,2024,2025"
002566,益盛药业,SZ,中药Ⅱ,保留,,排除,3.27,513986523.32,2.550939,74.198903,2.147912,7.572888,0.0,,roe,"2016,2017,2018,2019,2020,2021,2022,2023,2024,2025","2021,2022,2023,2024,2025"
002567,唐人神,SZ,饲料,保留,,排除,-0.475,-5302999355.96,-4.966389,5.794041,0.516073,-0.243081,0.0,,"roe,fcf,interest_coverage,gross_margin,ocf_ni,net_margin","2016,2017,2018,2019,2020,2021,2022,2023,2024,2025","2021,2022,2023,2024,2025"
002568,百润股份,SZ,非白酒,保留,,通过,12.359,449983302.93,35.790615,66.950875,1.20987,17.382673,0.0,,,"2016,2017,2018,2019,2020,2021,2022,2023,2024,2025","2021,2022,2023,2024,2025"
002569,*ST步森,SZ,服装家纺,保留,,排除,-23.392,-105472398.56,6.373467,36.844884,0.17297,-23.640569,0.0,,"roe,fcf,ocf_ni,net_margin","2016,2017,2018,2019,2020,2021,2022,2023,2024,2025","2021,2022,2023,2024,2025"
002570,贝因美,SZ,饮料乳品,保留,,排除,-7.994,1383637070.32,7.28282,46.136074,3.390621,-7.493496,0.0,,"roe,net_margin","2016,2017,2018,2019,2020,2021,2022,2023,2024,2025","2021,2022,2023,2024,2025"
002571,德力股份,SZ,家居用品,保留,,排除,-6.484,-1100180167.69,-4.067467,15.414201,-0.60083,-5.560419,0.0,,"roe,fcf,interest_coverage,ocf_ni,net_margin","2016,2017,2018,2019,2020,2021,2022,2023,2024,2025","2021,2022,2023,2024,2025"
002572,索菲亚,SZ,家居用品,保留,,通过,18.018,1966785144.32,,34.695796,3.117429,11.494405,0.0,,,"2016,2017,2018,2019,2020,2021,2022,2023,2024,2025","2021,2022,2023,2024,2025"
002573,清新环境,SZ,环境治理,保留,,排除,6.98,1714867395.3,-0.852623,19.207064,0.438203,7.559571,0.0,,"roe,interest_coverage,ocf_ni","2016,2017,2018,2019,2020,2021,2022,2023,2024,2025","2021,2022,2023,2024,2025"
002574,明牌珠宝,SZ,饰品,保留,,排除,-0.676,-2495450593.59,-4.249585,9.430672,0.801187,-0.997438,0.0,,"roe,fcf,interest_coverage,gross_margin,net_margin","2016,2017,2018,2019,2020,2021,2022,2023,2024,2025","2021,2022,2023,2024,2025"
002575,群兴玩具,SZ,综合Ⅱ,保留,,排除,-0.523,-6938964.84,-72.917078,21.558011,0.508607,-18.876704,0.0,,"roe,fcf,interest_coverage,ocf_ni,net_margin","2016,2017,2018,2019,2020,2021,2022,2023,2024,2025","2021,2022,2023,2024,2025"
002576,通达动力,SZ,电机Ⅱ,保留,,排除,5.231,153588933.14,,13.831839,1.063041,3.402721,0.0,,"roe,gross_margin,net_margin","2016,2017,2018,2019,2020,2021,2022,2023,2024,2025","2021,2022,2023,2024,2025"
002577,雷柏科技,SZ,计算机设备,保留,,排除,0.526,253307012.17,-0.926942,27.946367,0.678376,1.249594,0.0,,"roe,interest_coverage,ocf_ni,net_margin","2016,2017,2018,2019,2020,2021,2022,2023,2024,2025","2021,2022,2023,2024,2025"
002578,闽发铝业,SZ,工业金属,周期,周期性行业,行业排除,,,,,,,,,,,
002579,中京电子,SZ,元件,保留,,排除,4.498,-1606442999.08,-0.007718,13.426802,1.156487,2.666635,0.0,,"roe,fcf,interest_coverage,gross_margin,net_margin","2016,2017,2018,2019,2020,2021,2022,2023,2024,2025","2021,2022,2023,2024,2025"
002580,圣阳股份,SZ,电池,保留,,排除,4.946,-368081938.2,35.312179,17.675217,-0.056379,3.399265,0.0,,"roe,fcf,ocf_ni,net_margin","2016,2017,2018,2019,2020,2021,2022,2023,2024,2025","2021,2022,2023,2024,2025"
002581,*ST未名,SZ,生物制品,保留,,排除,0.559,-682630492.36,,74.11315,1.176227,-10.253606,0.0,,"roe,fcf,net_margin","2016,2017,2018,2019,2020,2021,2022,2023,2024,2025","2021,2022,2023,2024,2025"
002582,好想你,SZ,休闲食品,保留,,排除,8.026,-100188030.45,,25.360232,-1.496913,13.129585,0.0,,"fcf,ocf_ni","2016,2017,2018,2019,2020,2021,2022,2023,2024,2025","2021,2022,2023,2024,2025"
002583,海能达,SZ,通信设备,保留,,排除,-7.936,558168033.26,,47.74503,-0.388842,-4.650895,0.0,,"roe,ocf_ni,net_margin","2016,2017,2018,2019,2020,2021,2022,2023,2024,2025","2021,2022,2023,2024,2025"
002584,西陇科学,SZ,电子化学品Ⅱ,保留,,排除,3.341,-471812837.79,1.00299,7.569356,-0.942877,1.545981,0.0,,"roe,fcf,interest_coverage,gross_margin,ocf_ni,net_margin","2016,2017,2018,2019,2020,2021,2022,2023,2024,2025","2021,2022,2023,2024,2025"
002585,双星新材,SZ,塑料,保留,,排除,2.999,-2153628107.74,-12.952494,10.939764,-0.406249,4.877992,0.0,,"roe,fcf,interest_coverage,gross_margin,ocf_ni,net_margin","2016,2017,2018,2019,2020,2021,2022,2023,2024,2025","2021,2022,2023,2024,2025"
002586,ST围海,SZ,基础建设,周期,周期性行业,行业排除,,,,,,,,,,,
002587,奥拓电子,SZ,光学光电子,保留,,排除,4.581,-109149682.35,,34.885961,0.723168,4.292519,0.0,,"roe,fcf,net_margin","2016,2017,2018,2019,2020,2021,2022,2023,2024,2025","2021,2022,2023,2024,2025"
002588,史丹利,SZ,农化制品,保留,,通过,9.037,813613399.71,50.166983,17.260557,1.754358,5.821503,0.0,,,"2016,2017,2018,2019,2020,2021,2022,2023,2024,2025","2021,2022,2023,2024,2025"
002589,瑞康医药,SZ,医药商业,保留,,排除,0.175,154220849.18,0.144847,12.748437,4.217064,-0.490912,0.0,,"roe,interest_coverage,gross_margin,net_margin","2016,2017,2018,2019,2020,2021,2022,2023,2024,2025","2021,2022,2023,2024,2025"
002590,万安科技,SZ,汽车零部件,周期,周期性行业,行业排除,,,,,,,,,,,
002591,恒大高新,SZ,化学制品,周期,周期性行业,行业排除,,,,,,,,,,,
002592,ST八菱,SZ,汽车零部件,周期,周期性行业,行业排除,,,,,,,,,,,
002593,日上集团,SZ,专业工程,周期,周期性行业,行业排除,,,,,,,,,,,
002594,比亚迪,SZ,乘用车,保留,,排除,12.131,57557180000.0,,17.164349,8.149828,3.43812,0.0,,net_margin,"2016,2017,2018,2019,2020,2021,2022,2023,2024,2025","2021,2022,2023,2024,2025"
002595,豪迈科技,SZ,专用设备,保留,,排除,19.392,2286083944.22,,31.744816,0.513818,21.115363,0.0,,ocf_ni,"2016,2017,2018,2019,2020,2021,2022,2023,2024,2025","2021,2022,2023,2024,2025"
002596,海南瑞泽,SZ,水泥,周期,周期性行业,行业排除,,,,,,,,,,,
002597,金禾实业,SZ,化学制品,周期,周期性行业,行业排除,,,,,,,,,,,
002598,ST章鼓,SZ,通用设备,保留,,排除,8.851,-9671178.62,3.287726,27.912532,0.750435,6.901315,0.0,,fcf,"2016,2017,2018,2019,2020,2021,2022,2023,2024,2025","2021,2022,2023,2024,2025"
002599,盛通股份,SZ,包装印刷,保留,,排除,-0.169,321048753.14,40.371024,16.206447,25.859122,0.209446,0.0,,"roe,net_margin","2016,2017,2018,2019,2020,2021,2022,2023,2024,2025","2021,2022,2023,2024,2025"
002600,领益智造,SZ,消费电子,保留,,通过,15.529,499924324.69,4.823493,17.716144,2.057761,5.529201,0.0,,,"2016,2017,2018,2019,2020,2021,2022,2023,2024,2025","2021,2022,2023,2024,2025"
002601,龙佰集团,SZ,化学原料,周期,周期性行业,行业排除,,,,,,,,,,,
002602,世纪华通,SZ,游戏Ⅱ,保留,,排除,6.138,14677742143.23,51.615026,60.569935,2.348533,6.017553,0.0,,roe,"2016,2017,2018,2019,2020,2021,2022,2023,2024,2025","2021,2022,2023,2024,2025"
002603,以岭药业,SZ,中药Ⅱ,保留,,排除,10.532,4825027702.49,,59.826106,0.504413,11.436693,0.0,,ocf_ni,"2016,2017,2018,2019,2020,2021,2022,2023,2024,2025","2021,2022,2023,2024,2025"
002605,姚记科技,SZ,游戏Ⅱ,保留,,通过,18.918,1874211346.26,12.943222,44.127577,1.114914,18.139907,0.0,,,"2016,2017,2018,2019,2020,2021,2022,2023,2024,2025","2021,2022,2023,2024,2025"
002606,大连电瓷,SZ,电网设备,保留,,通过,8.531,166056162.12,42.365004,32.464508,1.490229,9.900479,0.0,,,"2016,2017,2018,2019,2020,2021,2022,2023,2024,2025","2021,2022,2023,2024,2025"
002607,中公教育,SZ,教育,保留,,排除,17.059,-4656119445.38,0.650504,47.895057,3.301938,1.803502,0.0,,"fcf,interest_coverage,net_margin","2016,2017,2018,2019,2020,2021,2022,2023,2024,2025","2021,2022,2023,2024,2025"
002608,江苏国信,SZ,电力,保留,,排除,7.83,-7529105148.27,7.229468,5.936081,17.667053,7.359084,0.0,,"roe,fcf,gross_margin","2016,2017,2018,2019,2020,2021,2022,2023,2024,2025","2021,2022,2023,2024,2025"
002609,捷顺科技,SZ,IT服务Ⅱ,保留,,排除,6.136,502466599.86,,41.750388,5.594957,10.408455,0.0,,roe,"2016,2017,2018,2019,2020,2021,2022,2023,2024,2025","2021,2022,2023,2024,2025"
002611,东方精工,SZ,专用设备,保留,,排除,4.863,1716890682.59,,27.94518,1.104352,4.816809,0.0,,"roe,net_margin","2016,2017,2018,2019,2020,2021,2022,2023,2024,2025","2021,2022,2023,2024,2025"
002612,朗姿股份,SZ,服装家纺,保留,,通过,8.082,1928723182.19,15.307177,57.908927,4.319792,6.536445,0.0,,,"2016,2017,2018,2019,2020,2021,2022,2023,2024,2025","2021,2022,2023,2024,2025"
002613,北玻股份,SZ,玻璃玻纤,周期,周期性行业,行业排除,,,,,,,,,,,
002614,奥佳华,SZ,其他家电Ⅱ,保留,,排除,7.368,360934749.43,,33.827918,4.247399,4.616965,0.0,,"roe,net_margin","2016,2017,2018,2019,2020,2021,2022,2023,2024,2025","2021,2022,2023,2024,2025"
002615,哈尔斯,SZ,家居用品,保留,,通过,12.104,246943818.29,8.167299,27.971391,2.251704,5.852286,0.0,,,"2016,2017,2018,2019,2020,2021,2022,2023,2024,2025","2021,2022,2023,2024,2025"
002616,长青集团,SZ,电力,保留,,排除,6.52,773224793.94,1.594067,18.301156,2.920975,5.828262,0.0,,"roe,interest_coverage","2016,2017,2018,2019,2020,2021,2022,2023,2024,2025","2021,2022,2023,2024,2025"
002617,露笑科技,SZ,电力,保留,,排除,-0.716,-1677392841.47,2.845924,18.627391,-0.76836,-0.276625,0.0,,"roe,fcf,ocf_ni,net_margin","2016,2017,2018,2019,2020,2021,2022,2023,2024,2025","2021,2022,2023,2024,2025"
002620,*ST瑞和,SZ,装修装饰Ⅱ,保留,,排除,-33.367778,,-0.823352,14.690416,2.213804,-10.184927,0.0,fcf,"roe,interest_coverage,gross_margin,net_margin","2016,2017,2018,2019,2020,2021,2022,2023,2024,2025","2021,2022,2023,2024,2025"
002622,皓宸医疗,SZ,医疗服务,保留,,排除,-12.418,246975396.57,-2.755537,46.449064,-0.964534,-32.671411,0.0,,"roe,interest_coverage,ocf_ni,net_margin","2016,2017,2018,2019,2020,2021,2022,2023,2024,2025","2021,2022,2023,2024,2025"
002623,亚玛顿,SZ,光伏设备,保留,,排除,0.467,-645566516.81,-2.642036,7.045461,-0.693048,0.249993,0.0,,"roe,fcf,interest_coverage,gross_margin,ocf_ni,net_margin","2016,2017,2018,2019,2020,2021,2022,2023,2024,2025","2021,2022,2023,2024,2025"
002624,完美世界,SZ,游戏Ⅱ,保留,,通过,11.627,2815412845.42,,61.551163,1.281998,10.944521,0.0,,,"2016,2017,2018,2019,2020,2021,2022,2023,2024,2025","2021,2022,2023,2024,2025"
002625,光启技术,SZ,航空装备Ⅱ,保留,,排除,4.671,-1684255411.3,,46.209786,0.209949,27.996486,0.0,,"roe,fcf,ocf_ni","2016,2017,2018,2019,2020,2021,2022,2023,2024,2025","2021,2022,2023,2024,2025"
002626,金达威,SZ,食品加工,保留,,通过,16.034,1926065516.6,11.973469,41.013081,1.862921,16.612761,0.0,,,"2016,2017,2018,2019,2020,2021,2022,2023,2024,2025","2021,2022,2023,2024,2025"
002627,三峡旅游,SZ,旅游及景区,保留,,排除,4.12,841304601.31,,20.273457,26.005298,5.822885,0.0,,roe,"2016,2017,2018,2019,2020,2021,2022,2023,2024,2025","2021,2022,2023,2024,2025"
002628,成都路桥,SZ,基础建设,周期,周期性行业,行业排除,,,,,,,,,,,
002629,仁智股份,SZ,油服工程,保留,,排除,-24.359,-230433613.2,12.674107,9.304789,-1.370691,-2.280575,0.0,,"roe,fcf,gross_margin,ocf_ni,net_margin","2016,2017,2018,2019,2020,2021,2022,2023,2024,2025","2021,2022,2023,2024,2025"
002630,*ST华西,SZ,其他电源设备Ⅱ,保留,,排除,-22.648889,590950938.75,-1.164251,12.905536,-0.456265,-18.646517,0.0,,"roe,interest_coverage,gross_margin,ocf_ni,net_margin","2016,2017,2018,2019,2020,2021,2022,2023,2024,2025","2021,2022,2023,2024,2025"
002631,德尔未来,SZ,家居用品,保留,,排除,1.774,371842093.16,-39.744824,21.894052,-0.388264,1.041748,0.0,,"roe,interest_coverage,ocf_ni,net_margin","2016,2017,2018,2019,2020,2021,2022,2023,2024,2025","2021,2022,2023,2024,2025"
002632,道明光学,SZ,塑料,保留,,通过,8.242,1232663579.56,,33.921289,3.103914,13.661594,0.0,,,"2016,2017,2018,2019,2020,2021,2022,2023,2024,2025","2021,2022,2023,2024,2025"
002633,申科股份,SZ,通用设备,保留,,排除,-2.823,-25249424.8,6.407178,23.210361,3.499104,-8.135142,0.0,,"roe,fcf,net_margin","2016,2017,2018,2019,2020,2021,2022,2023,2024,2025","2021,2022,2023,2024,2025"
002634,*ST棒杰,SZ,服装家纺,保留,,排除,-5.678889,-1832903704.46,-10.716984,14.5966,2.067057,-18.440552,0.0,,"roe,fcf,interest_coverage,gross_margin,net_margin","2016,2017,2018,2019,2020,2021,2022,2023,2024,2025","2021,2022,2023,2024,2025"
002635,安洁科技,SZ,消费电子,保留,,排除,4.878,569484457.03,146.477743,23.359053,3.45483,7.174987,0.0,,roe,"2016,2017,2018,2019,2020,2021,2022,2023,2024,2025","2021,2022,2023,2024,2025"
002636,金安国纪,SZ,元件,保留,,排除,10.757,123638510.64,,12.932203,0.477729,6.289509,0.0,,"gross_margin,ocf_ni","2016,2017,2018,2019,2020,2021,2022,2023,2024,2025","2021,2022,2023,2024,2025"
002637,赞宇科技,SZ,化学制品,周期,周期性行业,行业排除,,,,,,,,,,,
002638,勤上股份,SZ,照明设备Ⅱ,保留,,排除,-10.198,-320963133.07,,11.916679,0.353692,-40.998688,0.0,,"roe,fcf,gross_margin,ocf_ni,net_margin","2016,2017,2018,2019,2020,2021,2022,2023,2024,2025","2021,2022,2023,2024,2025"
002639,雪人集团,SZ,通用设备,保留,,排除,-1.73,-212852179.33,1.365552,19.290795,1.927062,-2.344395,0.0,,"roe,fcf,interest_coverage,net_margin","2016,2017,2018,2019,2020,2021,2022,2023,2024,2025","2021,2022,2023,2024,2025"
002640,跨境通,SZ,互联网电商,保留,,排除,-12.189,-39959184.86,-1.800138,12.53828,1.028383,-2.314182,0.0,,"roe,fcf,interest_coverage,gross_margin,net_margin","2016,2017,2018,2019,2020,2021,2022,2023,2024,2025","2021,2022,2023,2024,2025"
002641,公元股份,SZ,装修建材,保留,,排除,8.69,170781244.87,,19.257159,3.005753,4.982562,0.0,,net_margin,"2016,2017,2018,2019,2020,2021,2022,2023,2024,2025","2021,2022,2023,2024,2025"
002642,荣联科技,SZ,IT服务Ⅱ,保留,,排除,-11.585,-191089025.08,2.520236,12.047782,-3.705653,-10.301695,0.0,,"roe,fcf,gross_margin,ocf_ni,net_margin","2016,2017,2018,2019,2020,2021,2022,2023,2024,2025","2021,2022,2023,2024,2025"
002643,万润股份,SZ,电子化学品Ⅱ,保留,,通过,9.504,73533755.37,50.727426,39.618664,2.54654,14.539452,0.0,,,"2016,2017,2018,2019,2020,2021,2022,2023,2024,2025","2021,2022,2023,2024,2025"
002644,佛慈制药,SZ,中药Ⅱ,保留,,排除,4.923,258468807.39,,30.460202,1.257903,11.153304,0.0,,roe,"2016,2017,2018,2019,2020,2021,2022,2023,2024,2025","2021,2022,2023,2024,2025"
002645,华宏科技,SZ,环保设备Ⅱ,保留,,排除,5.754,-1145459717.73,4.427927,9.446423,-1.285211,4.552329,0.0,,"roe,fcf,gross_margin,ocf_ni,net_margin","2016,2017,2018,2019,2020,2021,2022,2023,2024,2025","2021,2022,2023,2024,2025"
002646,天佑德酒,SZ,白酒Ⅱ,保留,,排除,1.635,-221706917.63,7.108433,61.219698,1.259399,2.855745,0.0,,"roe,fcf,net_margin","2016,2017,2018,2019,2020,2021,2022,2023,2024,2025","2021,2022,2023,2024,2025"
002647,仁东控股,SZ,多元金融,金融,金融行业,行业排除,,,,,,,,,,,
002648,卫星化学,SZ,化学原料,周期,周期性行业,行业排除,,,,,,,,,,,
002649,博彦科技,SZ,IT服务Ⅱ,保留,,排除,7.422,1364811434.26,,24.566311,1.639184,5.650678,0.0,,roe,"2016,2017,2018,2019,2020,2021,2022,2023,2024,2025","2021,2022,2023,2024,2025"
002650,ST加加,SZ,调味发酵品Ⅱ,保留,,排除,0.051,-149002343.95,,21.741818,-0.600102,-1.395831,0.0,,"roe,fcf,ocf_ni,net_margin","2016,2017,2018,2019,2020,2021,2022,2023,2024,2025","2021,2022,2023,2024,2025"
002651,利君股份,SZ,航空装备Ⅱ,保留,,排除,6.288,832403873.9,,39.813785,1.994854,19.463376,0.0,,roe,"2016,2017,2018,2019,2020,2021,2022,2023,2024,2025","2021,2022,2023,2024,2025"
002652,扬子新材,SZ,装修建材,保留,,排除,-8.375,-69018714.91,-2.650823,6.598194,2.456663,-3.0227,0.0,,"roe,fcf,interest_coverage,gross_margin,net_margin","2016,2017,2018,2019,2020,2021,2022,2023,2024,2025","2021,2022,2023,2024,2025"
002653,海思科,SZ,化学制药,保留,,排除,14.221,-758773443.97,33.41909,69.82765,1.222842,13.199877,0.0,,fcf,"2016,2017,2018,2019,2020,2021,2022,2023,2024,2025","2021,2022,2023,2024,2025"
002654,万润科技,SZ,光学光电子,保留,,排除,-4.61,-250310059.77,0.1644,10.547936,0.358651,-1.772277,0.0,,"roe,fcf,interest_coverage,gross_margin,ocf_ni,net_margin","2016,2017,2018,2019,2020,2021,2022,2023,2024,2025","2021,2022,2023,2024,2025"
002655,共达电声,SZ,消费电子,保留,,排除,3.863,-113887777.61,4.774376,26.471998,0.943226,1.935803,0.0,,"roe,fcf,net_margin","2016,2017,2018,2019,2020,2021,2022,2023,2024,2025","2021,2022,2023,2024,2025"
002656,摩登大道,SZ,服装家纺,保留,,排除,-17.722,59264012.49,-71.958129,58.255685,-0.593785,-22.252362,0.0,,"roe,interest_coverage,ocf_ni,net_margin","2016,2017,2018,2019,2020,2021,2022,2023,2024,2025","2021,2022,2023,2024,2025"
002657,中科金财,SZ,IT服务Ⅱ,保留,,排除,-4.074,-662012585.99,,20.804862,0.994884,-7.122093,0.0,,"roe,fcf,net_margin","2016,2017,2018,2019,2020,2021,2022,2023,2024,2025","2021,2022,2023,2024,2025"
002658,雪迪龙,SZ,环保设备Ⅱ,保留,,通过,8.679,1059580417.69,,43.366548,1.365268,14.786805,0.0,,,"2016,2017,2018,2019,2020,2021,2022,2023,2024,2025","2021,2022,2023,2024,2025"
002659,凯文教育,SZ,教育,保留,,排除,-2.88,441609340.26,0.0355,18.421228,-2.677016,-23.675611,0.0,,"roe,interest_coverage,ocf_ni,net_margin","2016,2017,2018,2019,2020,2021,2022,2023,2024,2025","2021,2022,2023,2024,2025"
002660,茂硕电源,SZ,消费电子,保留,,排除,-0.165,987363.86,-37.359027,19.859063,0.263878,-0.659746,0.0,,"roe,interest_coverage,ocf_ni,net_margin","2016,2017,2018,2019,2020,2021,2022,2023,2024,2025","2021,2022,2023,2024,2025"
002661,克明食品,SZ,食品加工,保留,,排除,5.9,357315066.13,1.332568,16.613026,1.079494,4.041866,0.0,,"roe,interest_coverage,net_margin","2016,2017,2018,2019,2020,2021,2022,2023,2024,2025","2021,2022,2023,2024,2025"
002662,峰璟股份,SZ,汽车零部件,周期,周期性行业,行业排除,,,,,,,,,,,
002663,普邦股份,SZ,基础建设,周期,周期性行业,行业排除,,,,,,,,,,,
002664,信质集团,SZ,汽车零部件,周期,周期性行业,行业排除,,,,,,,,,,,
002666,德联集团,SZ,化学制品,周期,周期性行业,行业排除,,,,,,,,,,,
002667,*ST威领,SZ,专用设备,保留,,排除,-13.014444,-998348369.15,-9.367555,19.806002,0.429829,-24.099729,0.0,,"roe,fcf,interest_coverage,ocf_ni,net_margin","2016,2017,2018,2019,2020,2021,2022,2023,2024,2025","2021,2022,2023,2024,2025"
002668,TCL智家,SZ,白色家电,保留,,排除,8.925,6370809390.53,,22.562174,-0.51598,-0.398225,0.0,,"ocf_ni,net_margin","2016,2017,2018,2019,2020,2021,2022,2023,2024,2025","2021,2022,2023,2024,2025"
002669,康达新材,SZ,化学制品,周期,周期性行业,行业排除,,,,,,,,,,,
002670,国盛证券,SZ,证券Ⅱ,金融,金融行业,行业排除,,,,,,,,,,,
002671,龙泉股份,SZ,水泥,周期,周期性行业,行业排除,,,,,,,,,,,
002672,东江环保,SZ,环境治理,保留,,排除,-3.011,-1003966844.94,-6.848098,10.812077,0.278489,-1.671751,0.0,,"roe,fcf,interest_coverage,gross_margin,ocf_ni,net_margin","2016,2017,2018,2019,2020,2021,2022,2023,2024,2025","2021,2022,2023,2024,2025"
002673,西部证券,SZ,证券Ⅱ,金融,金融行业,行业排除,,,,,,,,,,,
002674,兴业科技,SZ,纺织制造,保留,,排除,5.058,-28375727.81,6.68781,21.544055,1.214667,5.952463,0.0,,"roe,fcf","2016,2017,2018,2019,2020,2021,2022,2023,2024,2025","2021,2022,2023,2024,2025"
002675,东诚药业,SZ,化学制药,保留,,排除,5.637,835437931.5,1.446579,45.373934,3.063054,8.3931,0.0,,"roe,interest_coverage","2016,2017,2018,2019,2020,2021,2022,2023,2024,2025","2021,2022,2023,2024,2025"
002676,顺威股份,SZ,家电零部件Ⅱ,保留,,排除,2.298,154542272.06,2.442551,18.334342,1.574654,1.169203,0.0,,"roe,net_margin","2016,2017,2018,2019,2020,2021,2022,2023,2024,2025","2021,2022,2023,2024,2025"
002677,浙江美大,SZ,厨卫电器,保留,,通过,23.199,1600578721.11,,44.195119,1.372002,24.339491,0.0,,,"2016,2017,2018,2019,2020,2021,2022,2023,2024,2025","2021,2022,2023,2024,2025"
002678,珠江钢琴,SZ,文娱用品,保留,,排除,2.143,-857526869.76,,16.386364,-10.002365,-3.650438,0.0,,"roe,fcf,ocf_ni,net_margin","2016,2017,2018,2019,2020,2021,2022,2023,2024,2025","2021,2022,2023,2024,2025"
002679,福建金森,SZ,林业Ⅱ,保留,,排除,2.503,179392753.63,0.215933,50.379816,5.168761,11.90293,0.0,,"roe,interest_coverage","2016,2017,2018,2019,2020,2021,2022,2023,2024,2025","2021,2022,2023,2024,2025"
002681,奋达科技,SZ,消费电子,保留,,排除,-2.271,248154236.58,-1.174778,18.932453,3.950207,-4.183666,0.0,,"roe,interest_coverage,net_margin","2016,2017,2018,2019,2020,2021,2022,2023,2024,2025","2021,2022,2023,2024,2025"
002682,龙洲股份,SZ,物流,保留,,排除,-9.685,1463512979.29,-2.584223,2.408282,11.684631,-6.241799,0.0,,"roe,interest_coverage,gross_margin,net_margin","2016,2017,2018,2019,2020,2021,2022,2023,2024,2025","2021,2022,2023,2024,2025"
002683,广东宏大,SZ,化学制品,周期,周期性行业,行业排除,,,,,,,,,,,
002685,华东重机,SZ,工程机械,周期,周期性行业,行业排除,,,,,,,,,,,
002686,亿利达,SZ,通用设备,保留,,排除,0.237,281717601.84,4.179113,21.272515,4.419817,0.463091,0.0,,"roe,net_margin","2016,2017,2018,2019,2020,2021,2022,2023,2024,2025","2021,2022,2023,2024,2025"
002687,乔治白,SZ,服装家纺,保留,,通过,10.057,949926866.49,,49.097081,1.857968,10.697368,0.0,,,"2016,2017,2018,2019,2020,2021,2022,2023,2024,2025","2021,2022,2023,2024,2025"
002688,金河生物,SZ,动物保健Ⅱ,保留,,排除,6.713,-482056074.64,0.459635,31.433414,5.512691,6.254412,0.0,,"roe,fcf,interest_coverage","2016,2017,2018,2019,2020,2021,2022,2023,2024,2025","2021,2022,2023,2024,2025"
002689,ST远智,SZ,专用设备,保留,,排除,-0.396,50310715.1,30.873367,24.274668,-0.015386,-0.933838,0.0,,"roe,ocf_ni,net_margin","2016,2017,2018,2019,2020,2021,2022,2023,2024,2025","2021,2022,2023,2024,2025"
002690,美亚光电,SZ,专用设备,保留,,通过,22.621,3133352554.94,,51.842125,1.032289,32.072176,0.0,,,"2016,2017,2018,2019,2020,2021,2022,2023,2024,2025","2021,2022,2023,2024,2025"
002691,*ST冀凯,SZ,专用设备,保留,,排除,-0.09148,-43318099.48,-28.280463,28.593339,-7.684251,-0.368912,0.0,,"roe,fcf,interest_coverage,ocf_ni,net_margin","2016,2017,2018,2019,2020,2021,2022,2023,2024,2025","2021,2022,2023,2024,2025"
002692,远程股份,SZ,电网设备,保留,,排除,-1.049,2815587.08,0.781883,10.549809,-0.760328,-0.494135,0.0,,"roe,interest_coverage,gross_margin,ocf_ni,net_margin","2016,2017,2018,2019,2020,2021,2022,2023,2024,2025","2021,2022,2023,2024,2025"
002693,双成药业,SZ,化学制药,保留,,排除,-9.6,-101464020.95,0.847356,64.302997,1.02637,-36.097625,0.0,,"roe,fcf,interest_coverage,net_margin","2016,2017,2018,2019,2020,2021,2022,2023,2024,2025","2021,2022,2023,2024,2025"
002694,*ST顾地,SZ,装修建材,保留,,排除,-30.125556,-175285588.05,-8.604053,12.550141,0.133684,-12.977819,0.0,,"roe,fcf,interest_coverage,gross_margin,ocf_ni,net_margin","2016,2017,2018,2019,2020,2021,2022,2023,2024,2025","2021,2022,2023,2024,2025"
002695,煌上煌,SZ,休闲食品,保留,,排除,6.155,547392219.13,,31.054081,5.57448,6.648108,0.0,,roe,"2016,2017,2018,2019,2020,2021,2022,2023,2024,2025","2021,2022,2023,2024,2025"
002696,百洋股份,SZ,饲料,保留,,排除,1.161,-513663602.07,0.848133,9.70607,-2.102032,0.335129,0.0,,"roe,fcf,interest_coverage,gross_margin,ocf_ni,net_margin","2016,2017,2018,2019,2020,2021,2022,2023,2024,2025","2021,2022,2023,2024,2025"
002697,红旗连锁,SZ,一般零售,保留,,排除,12.33,5824588161.99,18.106738,29.461353,2.428777,4.701475,0.0,,net_margin,"2016,2017,2018,2019,2020,2021,2022,2023,2024,2025","2021,2022,2023,2024,2025"
002698,博实股份,SZ,自动化设备,保留,,通过,13.112,1696136875.08,37.865463,36.131065,0.804763,19.99495,0.0,,,"2016,2017,2018,2019,2020,2021,2022,2023,2024,2025","2021,2022,2023,2024,2025"
002700,万憬能源,SZ,燃气Ⅱ,保留,,排除,2.81,151589397.06,,25.055815,0.958084,4.779117,0.0,,"roe,net_margin","2016,2017,2018,2019,2020,2021,2022,2023,2024,2025","2021,2022,2023,2024,2025"
002701,奥瑞金,SZ,包装印刷,保留,,排除,11.336,6014624757.0,3.547522,14.316101,2.114433,6.733652,0.0,,gross_margin,"2016,2017,2018,2019,2020,2021,2022,2023,2024,2025","2021,2022,2023,2024,2025"
002702,海欣食品,SZ,食品加工,保留,,排除,0.806,-748230186.08,-2.607314,20.046511,-1.599886,0.301438,0.0,,"roe,fcf,interest_coverage,ocf_ni,net_margin","2016,2017,2018,2019,2020,2021,2022,2023,2024,2025","2021,2022,2023,2024,2025"
002703,浙江世宝,SZ,汽车零部件,周期,周期性行业,行业排除,,,,,,,,,,,
002705,新宝股份,SZ,小家电,保留,,通过,14.871,786485658.54,26.599002,20.637449,1.421272,6.453346,0.0,,,"2016,2017,2018,2019,2020,2021,2022,2023,2024,2025","2021,2022,2023,2024,2025"
002706,良信股份,SZ,电网设备,保留,,通过,12.095,159388989.07,56.43226,31.567864,1.109537,11.261736,0.0,,,"2016,2017,2018,2019,2020,2021,2022,2023,2024,2025","2021,2022,2023,2024,2025"
002707,众信旅游,SZ,旅游及景区,保留,,排除,-19.941,119365549.82,,11.113981,7.617776,-19.388357,0.0,,"roe,gross_margin,net_margin","2016,2017,2018,2019,2020,2021,2022,2023,2024,2025","2021,2022,2023,2024,2025"
002708,光洋股份,SZ,汽车零部件,周期,周期性行业,行业排除,,,,,,,,,,,
002709,天赐材料,SZ,电池,保留,,通过,20.765,723910484.15,8.810594,27.999903,1.1096,14.168742,0.0,,,"2016,2017,2018,2019,2020,2021,2022,2023,2024,2025","2021,2022,2023,2024,2025"
002712,思美传媒,SZ,广告营销,保留,,排除,-5.774,-684268209.13,-1.636804,4.737386,1.696509,-2.994014,0.0,,"roe,fcf,interest_coverage,gross_margin,net_margin","2016,2017,2018,2019,2020,2021,2022,2023,2024,2025","2021,2022,2023,2024,2025"
002713,东易日盛,SZ,装修装饰Ⅱ,保留,,排除,-29.658889,-833794640.9,8.964294,33.098632,0.28035,-10.34018,0.0,,"roe,fcf,ocf_ni,net_margin","2016,2017,2018,2019,2020,2021,2022,2023,2024,2025","2021,2022,2023,2024,2025"
002714,牧原股份,SZ,养殖业,保留,,通过,26.462,26281013438.14,6.873694,15.183953,1.162938,18.711564,0.0,,,"2016,2017,2018,2019,2020,2021,2022,2023,2024,2025","2021,2022,2023,2024,2025"
002715,登云股份,SZ,汽车零部件,周期,周期性行业,行业排除,,,,,,,,,,,
002716,湖南白银,SZ,贵金属,周期,周期性行业,行业排除,,,,,,,,,,,
002717,*ST岭南,SZ,基础建设,周期,周期性行业,行业排除,,,,,,,,,,,
002718,友邦吊顶,SZ,装修建材,保留,,排除,2.773,106399302.62,,26.478939,1.134521,5.034676,0.0,,roe,"2016,2017,2018,2019,2020,2021,2022,2023,2024,2025","2021,2022,2023,2024,2025"
002719,ST麦趣,SZ,休闲食品,保留,,排除,-19.222,-339633248.52,-16.396587,18.08246,1.003419,-12.267376,0.0,,"roe,fcf,interest_coverage,net_margin","2016,2017,2018,2019,2020,2021,2022,2023,2024,2025","2021,2022,2023,2024,2025"
002721,金一文化,SZ,饰品,保留,,排除,-24.975556,389276620.76,,18.159692,-0.553496,-25.66491,0.0,,"roe,ocf_ni,net_margin","2016,2017,2018,2019,2020,2021,2022,2023,2024,2025","2021,2022,2023,2024,2025"
002722,物产金轮,SZ,专用设备,保留,,排除,5.366,852312291.77,15.347051,16.129325,1.766785,4.545006,0.0,,"roe,net_margin","2016,2017,2018,2019,2020,2021,2022,2023,2024,2025","2021,2022,2023,2024,2025"
002723,小崧股份,SZ,照明设备Ⅱ,保留,,排除,-4.731,-496759547.62,-6.777074,11.261379,-5.699077,-4.122174,0.0,,"roe,fcf,interest_coverage,gross_margin,ocf_ni,net_margin","2016,2017,2018,2019,2020,2021,2022,2023,2024,2025","2021,2022,2023,2024,2025"
002724,海洋王,SZ,照明设备Ⅱ,保留,,排除,7.141,757525923.12,,58.719258,0.621258,10.289227,0.0,,"roe,ocf_ni","2016,2017,2018,2019,2020,2021,2022,2023,2024,2025","2021,2022,2023,2024,2025"
002725,跃岭股份,SZ,汽车零部件,周期,周期性行业,行业排除,,,,,,,,,,,
002726,ST龙大,SZ,食品加工,保留,,排除,-9.493,-1931697512.64,-5.986261,1.780646,-40.944841,-0.780958,0.0,,"roe,fcf,interest_coverage,gross_margin,ocf_ni,net_margin","2016,2017,2018,2019,2020,2021,2022,2023,2024,2025","2021,2022,2023,2024,2025"
002727,一心堂,SZ,医药商业,保留,,豁免B通过,11.581,8230871854.23,3.642254,33.882599,5.908233,4.621801,0.0,,net_margin,"2016,2017,2018,2019,2020,2021,2022,2023,2024,2025","2021,2022,2023,2024,2025"
002728,特一药业,SZ,中药Ⅱ,保留,,通过,10.473,569577391.54,45.551251,51.352636,1.356345,14.545197,0.0,,,"2016,2017,2018,2019,2020,2021,2022,2023,2024,2025","2021,2022,2023,2024,2025"
002729,好利科技,SZ,其他电子Ⅱ,保留,,排除,5.556,7881517.33,,34.506291,0.226911,10.822241,0.0,,"roe,ocf_ni","2016,2017,2018,2019,2020,2021,2022,2023,2024,2025","2021,2022,2023,2024,2025"
002730,电光科技,SZ,专用设备,保留,,排除,6.016,-143457698.29,16.229391,37.702631,1.492061,6.952921,0.0,,"roe,fcf","2016,2017,2018,2019,2020,2021,2022,2023,2024,2025","2021,2022,2023,2024,2025"
002731,*ST萃华,SZ,,保留,,排除,5.523333,,2.837553,,,,0.0,"fcf,gross_margin,ocf_ni,net_margin",roe,"2016,2017,2018,2019,2020,2021,2022,2023,2024","2021,2022,2023,2024"
002732,燕塘乳业,SZ,饮料乳品,保留,,通过,10.154,282588695.25,182.177507,25.521978,2.10366,6.953779,0.0,,,"2016,2017,2018,2019,2020,2021,2022,2023,2024,2025","2021,2022,2023,2024,2025"
002733,雄韬股份,SZ,电池,保留,,排除,2.632,295362342.93,3.953363,15.982235,2.847632,1.740931,0.0,,"roe,net_margin","2016,2017,2018,2019,2020,2021,2022,2023,2024,2025","2021,2022,2023,2024,2025"
002734,利民股份,SZ,农化制品,保留,,排除,10.493,-120974713.29,10.516284,20.860464,3.285914,7.79448,0.0,,fcf,"2016,2017,2018,2019,2020,2021,2022,2023,2024,2025","2021,2022,2023,2024,2025"
002735,王子新材,SZ,包装印刷,保留,,排除,5.618,-465521927.32,-15.487553,17.777527,0.885338,3.103518,0.0,,"roe,fcf,interest_coverage,net_margin","2016,2017,2018,2019,2020,2021,2022,2023,2024,2025","2021,2022,2023,2024,2025"
002736,国信证券,SZ,证券Ⅱ,金融,金融行业,行业排除,,,,,,,,,,,
002737,葵花药业,SZ,中药Ⅱ,保留,,排除,15.323,3388473598.21,,51.270416,0.289109,11.832149,0.0,,ocf_ni,"2016,2017,2018,2019,2020,2021,2022,2023,2024,2025","2021,2022,2023,2024,2025"
002738,中矿资源,SZ,能源金属,周期,周期性行业,行业排除,,,,,,,,,,,
002739,儒意电影,SZ,影视院线,保留,,排除,-6.686,9122487186.34,1.098285,24.118519,7.205586,-11.628869,0.0,,"roe,interest_coverage,net_margin","2016,2017,2018,2019,2020,2021,2022,2023,2024,2025","2021,2022,2023,2024,2025"
002741,光华科技,SZ,电子化学品Ⅱ,保留,,排除,0.759,-363561354.55,5.740628,11.261346,0.163099,1.052246,0.0,,"roe,fcf,gross_margin,ocf_ni,net_margin","2016,2017,2018,2019,2020,2021,2022,2023,2024,2025","2021,2022,2023,2024,2025"
002742,冀衡医药,SZ,化学制药,保留,,排除,-17.943333,-192879737.76,-1.944544,16.907749,-0.065157,-12.402946,0.0,,"roe,fcf,interest_coverage,ocf_ni,net_margin","2016,2017,2018,2019,2020,2021,2022,2023,2024,2025","2021,2022,2023,2024,2025"
002743,富煌钢构,SZ,专业工程,周期,周期性行业,行业排除,,,,,,,,,,,
002745,木林森,SZ,光学光电子,保留,,排除,4.461,5386394360.18,-26.317372,28.651562,2.654931,2.869238,0.0,,"roe,interest_coverage,net_margin","2016,2017,2018,2019,2020,2021,2022,2023,2024,2025","2021,2022,2023,2024,2025"
002746,仙坛股份,SZ,养殖业,保留,,排除,10.615,-1062549018.22,,4.020813,1.33213,8.841266,0.0,,"fcf,gross_margin","2016,2017,2018,2019,2020,2021,2022,2023,2024,2025","2021,2022,2023,2024,2025"
002747,埃斯顿,SZ,自动化设备,保留,,排除,1.553,-669368943.12,0.454502,31.468172,2.858172,2.669238,0.0,,"roe,fcf,interest_coverage,net_margin","2016,2017,2018,2019,2020,2021,2022,2023,2024,2025","2021,2022,2023,2024,2025"
002748,世龙实业,SZ,化学原料,周期,周期性行业,行业排除,,,,,,,,,,,
002749,国光股份,SZ,农化制品,保留,,通过,17.767,1399182177.68,,42.968812,1.334795,18.142878,0.0,,,"2016,2017,2018,2019,2020,2021,2022,2023,2024,2025","2021,2022,2023,2024,2025"
002752,昇兴股份,SZ,包装印刷,保留,,排除,6.661,1093843447.57,10.51871,11.77666,2.085863,3.841772,0.0,,"roe,gross_margin,net_margin","2016,2017,2018,2019,2020,2021,2022,2023,2024,2025","2021,2022,2023,2024,2025"
002753,永东股份,SZ,橡胶,保留,,排除,9.321,-323636823.54,1.26094,6.351935,0.086527,5.488719,0.0,,"fcf,interest_coverage,gross_margin,ocf_ni","2016,2017,2018,2019,2020,2021,2022,2023,2024,2025","2021,2022,2023,2024,2025"
002755,奥赛康,SZ,化学制药,保留,,通过,19.583,763795258.27,,84.088759,1.445505,8.602317,0.0,,,"2016,2017,2018,2019,2020,2021,2022,2023,2024,2025","2021,2022,2023,2024,2025"
002756,永兴材料,SZ,能源金属,周期,周期性行业,行业排除,,,,,,,,,,,
002757,南兴股份,SZ,专用设备,保留,,通过,9.264,959882202.47,5.655181,20.022325,1.377259,9.063194,0.0,,,"2016,2017,2018,2019,2020,2021,2022,2023,2024,2025","2021,2022,2023,2024,2025"
002758,浙农股份,SZ,综合Ⅱ,保留,,排除,10.956,4260276260.13,24.336599,6.981052,2.326895,1.793914,0.0,,"gross_margin,net_margin","2016,2017,2018,2019,2020,2021,2022,2023,2024,2025","2021,2022,2023,2024,2025"
002759,ST天际,SZ,电池,保留,,排除,2.177,-659256630.46,6.821245,22.88357,0.512748,1.873708,0.0,,"roe,fcf,ocf_ni,net_margin","2016,2017,2018,2019,2020,2021,2022,2023,2024,2025","2021,2022,2023,2024,2025"
002760,凤形股份,SZ,通用设备,保留,,排除,2.219,245956935.11,,19.018217,1.152966,0.813566,0.0,,"roe,net_margin","2016,2017,2018,2019,2020,2021,2022,2023,2024,2025","2021,2022,2023,2024,2025"
002761,浙江建投,SZ,房屋建设Ⅱ,保留,,排除,14.545,8465268890.78,,4.973051,8.454069,1.331472,0.0,,"gross_margin,net_margin","2016,2017,2018,2019,2020,2021,2022,2023,2024,2025","2021,2022,2023,2024,2025"
002762,金发拉比,SZ,服装家纺,保留,,排除,0.42,-17880557.67,-1482.42548,49.681717,0.325357,0.195775,0.0,,"roe,fcf,interest_coverage,ocf_ni,net_margin","2016,2017,2018,2019,2020,2021,2022,2023,2024,2025","2021,2022,2023,2024,2025"
002763,汇洁股份,SZ,服装家纺,保留,,通过,9.286,1470558287.83,,67.125193,2.705509,6.859433,0.0,,,"2016,2017,2018,2019,2020,2021,2022,2023,2024,2025","2021,2022,2023,2024,2025"
002765,蓝黛科技,SZ,汽车零部件,周期,周期性行业,行业排除,,,,,,,,,,,
002766,索菱股份,SZ,汽车零部件,周期,周期性行业,行业排除,,,,,,,,,,,
002767,先锋电子,SZ,通用设备,保留,,排除,3.883,54114508.5,,33.047968,3.190166,7.400663,0.0,,roe,"2016,2017,2018,2019,2020,2021,2022,2023,2024,2025","2021,2022,2023,2024,2025"
002768,国恩股份,SZ,塑料,保留,,排除,17.935,-240548172.84,5.758371,11.444036,0.780615,6.807186,0.0,,"fcf,gross_margin","2016,2017,2018,2019,2020,2021,2022,2023,2024,2025","2021,2022,2023,2024,2025"
002769,普路通,SZ,物流,保留,,排除,2.506,-201819339.62,,27.416619,-2.077511,-0.800063,0.0,,"roe,fcf,ocf_ni,net_margin","2016,2017,2018,2019,2020,2021,2022,2023,2024,2025","2021,2022,2023,2024,2025"
002771,真视通,SZ,IT服务Ⅱ,保留,,排除,2.492,71982096.53,-31.182239,19.565477,2.908001,0.645172,0.0,,"roe,interest_coverage,net_margin","2016,2017,2018,2019,2020,2021,2022,2023,2024,2025","2021,2022,2023,2024,2025"
002772,众兴菌业,SZ,种植业,保留,,排除,5.586,136982085.71,12.25439,23.2792,0.816785,11.947954,0.0,,roe,"2016,2017,2018,2019,2020,2021,2022,2023,2024,2025","2021,2022,2023,2024,2025"
002773,康弘药业,SZ,生物制品,保留,,通过,13.07,4067832460.66,,89.40202,1.169914,19.700935,0.0,,,"2016,2017,2018,2019,2020,2021,2022,2023,2024,2025","2021,2022,2023,2024,2025"
002774,快意电梯,SZ,专用设备,保留,,通过,10.109,496067554.87,301.787243,28.004436,0.774517,7.787308,0.0,,,"2016,2017,2018,2019,2020,2021,2022,2023,2024,2025","2021,2022,2023,2024,2025"
002775,文科股份,SZ,基础建设,周期,周期性行业,行业排除,,,,,,,,,,,
002777,久远银海,SZ,IT服务Ⅱ,保留,,通过,12.843,457637005.0,,49.236084,1.937289,12.875281,0.0,,,"2016,2017,2018,2019,2020,2021,2022,2023,2024,2025","2021,2022,2023,2024,2025"
002778,中晟高科,SZ,环境治理,保留,,排除,-1.523,228800596.42,17.239136,16.954077,0.522276,0.573465,0.0,,"roe,ocf_ni,net_margin","2016,2017,2018,2019,2020,2021,2022,2023,2024,2025","2021,2022,2023,2024,2025"
002779,中坚科技,SZ,专用设备,保留,,排除,5.214,-268041807.27,,24.049047,-0.202837,5.114311,0.0,,"roe,fcf,ocf_ni","2016,2017,2018,2019,2020,2021,2022,2023,2024,2025","2021,2022,2023,2024,2025"
002780,三夫户外,SZ,服装家纺,保留,,排除,-0.944,-35201575.16,3.689083,54.479899,0.377778,-1.721125,0.0,,"roe,fcf,ocf_ni,net_margin","2016,2017,2018,2019,2020,2021,2022,2023,2024,2025","2021,2022,2023,2024,2025"
002782,可立克,SZ,其他电子Ⅱ,保留,,排除,8.91,619674292.42,311.076615,15.147143,0.389091,5.694423,0.0,,ocf_ni,"2016,2017,2018,2019,2020,2021,2022,2023,2024,2025","2021,2022,2023,2024,2025"
002783,凯龙股份,SZ,化学制品,周期,周期性行业,行业排除,,,,,,,,,,,
002785,万里石,SZ,装修建材,保留,,排除,-2.891,-118005361.57,-7.558703,12.59284,0.035189,-2.047977,0.0,,"roe,fcf,interest_coverage,gross_margin,ocf_ni,net_margin","2016,2017,2018,2019,2020,2021,2022,2023,2024,2025","2021,2022,2023,2024,2025"
002786,银宝山新,SZ,专用设备,保留,,排除,-26.27,-611153795.42,-0.96198,9.765333,-0.168589,-4.865925,0.0,,"roe,fcf,interest_coverage,gross_margin,ocf_ni,net_margin","2016,2017,2018,2019,2020,2021,2022,2023,2024,2025","2021,2022,2023,2024,2025"
002787,华源控股,SZ,包装印刷,保留,,排除,4.606,699647595.16,14.281737,15.056474,12.768879,3.870147,0.0,,"roe,net_margin","2016,2017,2018,2019,2020,2021,2022,2023,2024,2025","2021,2022,2023,2024,2025"
002788,鹭燕医药,SZ,医药商业,保留,,排除,11.912,740024203.21,2.057536,7.545557,1.435827,1.656854,0.0,,"gross_margin,net_margin","2016,2017,2018,2019,2020,2021,2022,2023,2024,2025","2021,2022,2023,2024,2025"
002789,*ST建艺,SZ,装修装饰Ⅱ,保留,,排除,-188.69375,-960209861.34,-3.313816,11.551334,-1.745335,-8.281091,0.0,,"roe,fcf,interest_coverage,gross_margin,ocf_ni,net_margin","2016,2017,2018,2019,2020,2021,2022,2023,2024,2025","2021,2022,2023,2024,2025"
002790,瑞尔特,SZ,家居用品,保留,,通过,9.613,780654107.34,,25.541656,3.964494,11.746862,0.0,,,"2016,2017,2018,2019,2020,2021,2022,2023,2024,2025","2021,2022,2023,2024,2025"
002791,坚朗五金,SZ,装修建材,保留,,排除,9.179,880597328.06,-8.40084,31.94243,3.630651,5.497017,0.0,,interest_coverage,"2016,2017,2018,2019,2020,2021,2022,2023,2024,2025","2021,2022,2023,2024,2025"
002792,通宇通讯,SZ,通信设备,保留,,排除,3.227,-10825669.78,,20.864679,1.033902,5.631545,0.0,,"roe,fcf","2016,2017,2018,2019,2020,2021,2022,2023,2024,2025","2021,2022,2023,2024,2025"
002793,罗欣药业,SZ,化学制药,保留,,排除,-4.482,-1150159227.81,-5.197099,43.000482,-0.07118,-5.340769,0.0,,"roe,fcf,interest_coverage,ocf_ni,net_margin","2016,2017,2018,2019,2020,2021,2022,2023,2024,2025","2021,2022,2023,2024,2025"
002795,永和智控,SZ,通用设备,保留,,排除,-4.692,-87016718.91,-10.142348,19.999163,-0.523665,-2.354779,0.0,,"roe,fcf,interest_coverage,ocf_ni,net_margin","2016,2017,2018,2019,2020,2021,2022,2023,2024,2025","2021,2022,2023,2024,2025"
002796,世嘉科技,SZ,通信设备,保留,,排除,-2.51,-265425084.43,-26.54212,8.349843,-1.672406,-2.656816,0.0,,"roe,fcf,interest_coverage,gross_margin,ocf_ni,net_margin","2016,2017,2018,2019,2020,2021,2022,2023,2024,2025","2021,2022,2023,2024,2025"
002797,第一创业,SZ,证券Ⅱ,金融,金融行业,行业排除,,,,,,,,,,,
002798,帝欧水华,SZ,家居用品,保留,,排除,-6.607,-449484101.16,-4.106707,22.134876,-0.708668,-4.580455,0.0,,"roe,fcf,interest_coverage,ocf_ni,net_margin","2016,2017,2018,2019,2020,2021,2022,2023,2024,2025","2021,2022,2023,2024,2025"
002799,环球印务,SZ,包装印刷,保留,,排除,4.818,-196564729.68,-2.88737,14.11375,-1.791225,1.56468,0.0,,"roe,fcf,interest_coverage,gross_margin,ocf_ni,net_margin","2016,2017,2018,2019,2020,2021,2022,2023,2024,2025","2021,2022,2023,2024,2025"
002800,天顺股份,SZ,物流,保留,,排除,2.888,-96546669.17,-1.872104,6.929649,-7.45524,1.263499,0.0,,"roe,fcf,interest_coverage,gross_margin,ocf_ni,net_margin","2016,2017,2018,2019,2020,2021,2022,2023,2024,2025","2021,2022,2023,2024,2025"
002801,微光股份,SZ,电机Ⅱ,保留,,通过,16.208,793903249.48,,31.843072,1.139947,20.002043,0.0,,,"2016,2017,2018,2019,2020,2021,2022,2023,2024,2025","2021,2022,2023,2024,2025"
002802,洪汇新材,SZ,化学制品,周期,周期性行业,行业排除,,,,,,,,,,,
002803,吉宏股份,SZ,互联网电商,保留,,通过,18.544,1130612947.24,13.963641,43.317695,1.666166,6.789138,0.0,,,"2016,2017,2018,2019,2020,2021,2022,2023,2024,2025","2021,2022,2023,2024,2025"
002805,丰元股份,SZ,电池,保留,,排除,-4.101,-5361994651.3,-4.559289,2.423796,-1.326801,-2.275935,0.0,,"roe,fcf,interest_coverage,gross_margin,ocf_ni,net_margin","2016,2017,2018,2019,2020,2021,2022,2023,2024,2025","2021,2022,2023,2024,2025"
002806,华锋股份,SZ,汽车零部件,周期,周期性行业,行业排除,,,,,,,,,,,
002807,江阴银行,SZ,银行Ⅱ,金融,金融行业,行业排除,,,,,,,,,,,
002809,红墙股份,SZ,化学制品,周期,周期性行业,行业排除,,,,,,,,,,,
002810,山东赫达,SZ,化学制品,周期,周期性行业,行业排除,,,,,,,,,,,
002811,郑中设计,SZ,装修装饰Ⅱ,保留,,排除,4.19,1309594623.69,15.193503,25.817087,2.576508,2.222454,0.0,,"roe,net_margin","2016,2017,2018,2019,2020,2021,2022,2023,2024,2025","2021,2022,2023,2024,2025"
002812,恩捷股份,SZ,电池,保留,,排除,13.897,-14779687327.83,1.41768,32.993149,1.528885,18.825781,0.0,,"fcf,interest_coverage","2016,2017,2018,2019,2020,2021,2022,2023,2024,2025","2021,2022,2023,2024,2025"
002813,路畅科技,SZ,汽车零部件,周期,周期性行业,行业排除,,,,,,,,,,,
002815,崇达技术,SZ,元件,保留,,排除,13.664,-984516615.11,10.806817,24.570999,1.958851,10.612538,0.0,,fcf,"2016,2017,2018,2019,2020,2021,2022,2023,2024,2025","2021,2022,2023,2024,2025"
002816,*ST和科,SZ,专用设备,保留,,排除,-6.497,-157578732.3,8.159405,13.492801,-0.996353,-40.524894,0.0,,"roe,fcf,gross_margin,ocf_ni,net_margin","2016,2017,2018,2019,2020,2021,2022,2023,2024,2025","2021,2022,2023,2024,2025"
002817,黄山胶囊,SZ,化学制药,保留,,排除,7.2,283374074.92,,28.787897,1.402582,14.078616,0.0,,roe,"2016,2017,2018,2019,2020,2021,2022,2023,2024,2025","2021,2022,2023,2024,2025"
002818,富森美,SZ,一般零售,保留,,通过,14.95,3787859368.52,20399.967148,67.882021,1.302941,51.680124,0.0,,,"2016,2017,2018,2019,2020,2021,2022,2023,2024,2025","2021,2022,2023,2024,2025"
002819,东方中科,SZ,通用设备,保留,,排除,7.33,-135900638.8,-30.40145,20.619812,0.673687,4.904101,0.0,,"roe,fcf,interest_coverage,ocf_ni,net_margin","2016,2017,2018,2019,2020,2021,2022,2023,2024,2025","2021,2022,2023,2024,2025"
002820,桂发祥,SZ,休闲食品,保留,,排除,4.841,18656407.27,-53.79457,41.697077,1.049395,6.857837,0.0,,"roe,interest_coverage","2016,2017,2018,2019,2020,2021,2022,2023,2024,2025","2021,2022,2023,2024,2025"
002821,凯莱英,SZ,医疗服务,保留,,通过,16.445,2159353597.71,,45.441939,1.046115,23.32413,0.0,,,"2016,2017,2018,2019,2020,2021,2022,2023,2024,2025","2021,2022,2023,2024,2025"
002822,ST中装,SZ,房地产服务,周期,周期性行业,行业排除,,,,,,,,,,,
002823,凯中精密,SZ,电机Ⅱ,保留,,通过,8.804,428270251.88,11.008655,16.496191,7.142501,5.449119,0.0,,,"2016,2017,2018,2019,2020,2021,2022,2023,2024,2025","2021,2022,2023,2024,2025"
002824,和胜股份,SZ,工业金属,周期,周期性行业,行业排除,,,,,,,,,,,
002825,纳尔股份,SZ,塑料,保留,,排除,10.242,-222759439.09,,18.070543,1.130511,8.290267,0.0,,fcf,"2016,2017,2018,2019,2020,2021,2022,2023,2024,2025","2021,2022,2023,2024,2025"
002826,易明医药,SZ,化学制药,保留,,排除,7.757,527836538.69,,56.326391,3.748189,8.179456,0.0,,roe,"2016,2017,2018,2019,2020,2021,2022,2023,2024,2025","2021,2022,2023,2024,2025"
002827,高争民爆,SZ,化学制品,周期,周期性行业,行业排除,,,,,,,,,,,
002828,贝肯能源,SZ,油服工程,保留,,排除,0.651,299903531.81,2.611715,14.896961,5.61289,-0.245447,0.0,,"roe,gross_margin,net_margin","2016,2017,2018,2019,2020,2021,2022,2023,2024,2025","2021,2022,2023,2024,2025"
002829,星网宇达,SZ,航天装备Ⅱ,保留,,排除,6.112,-250564253.19,-36.094614,34.346176,0.190717,3.066655,0.0,,"roe,fcf,interest_coverage,ocf_ni,net_margin","2016,2017,2018,2019,2020,2021,2022,2023,2024,2025","2021,2022,2023,2024,2025"
002830,名雕股份,SZ,装修装饰Ⅱ,保留,,排除,6.498,107247167.55,,30.716029,1.629855,4.822043,0.0,,"roe,net_margin","2016,2017,2018,2019,2020,2021,2022,2023,2024,2025","2021,2022,2023,2024,2025"
002831,裕同科技,SZ,包装印刷,保留,,通过,17.331,5695008984.14,19.482884,24.374511,1.717506,10.316877,0.0,,,"2016,2017,2018,2019,2020,2021,2022,2023,2024,2025","2021,2022,2023,2024,2025"
002832,比音勒芬,SZ,服装家纺,保留,,通过,18.812,1793648302.48,164.760925,76.958111,1.274241,20.277316,0.0,,,"2016,2017,2018,2019,2020,2021,2022,2023,2024,2025","2021,2022,2023,2024,2025"
002833,弘亚数控,SZ,专用设备,保留,,通过,24.384,1127056792.78,22.357044,32.002173,1.141621,22.657339,0.0,,,"2016,2017,2018,2019,2020,2021,2022,2023,2024,2025","2021,2022,2023,2024,2025"
002835,同为股份,SZ,计算机设备,保留,,通过,10.51,562848413.71,15.354588,38.306771,1.050273,9.455339,0.0,,,"2016,2017,2018,2019,2020,2021,2022,2023,2024,2025","2021,2022,2023,2024,2025"
002836,新宏泽,SZ,包装印刷,保留,,通过,11.58,67803842.34,,30.205105,1.408785,17.702654,0.0,,,"2016,2017,2018,2019,2020,2021,2022,2023,2024,2025","2021,2022,2023,2024,2025"
002837,英维克,SZ,专用设备,保留,,通过,15.736,165716387.94,36.481975,29.105427,0.725095,10.444501,0.0,,,"2016,2017,2018,2019,2020,2021,2022,2023,2024,2025","2021,2022,2023,2024,2025"
002838,道恩股份,SZ,塑料,保留,,排除,14.877,-1854412195.73,7.677559,11.729453,-0.765385,7.189053,0.0,,"fcf,gross_margin,ocf_ni","2016,2017,2018,2019,2020,2021,2022,2023,2024,2025","2021,2022,2023,2024,2025"
002839,张家港行,SZ,银行Ⅱ,金融,金融行业,行业排除,,,,,,,,,,,
002840,华统股份,SZ,食品加工,保留,,排除,1.904,-3786066957.81,-0.798575,3.795027,1.085468,0.168215,0.0,,"roe,fcf,interest_coverage,gross_margin,net_margin","2016,2017,2018,2019,2020,2021,2022,2023,2024,2025","2021,2022,2023,2024,2025"
002841,视源股份,SZ,消费电子,保留,,通过,27.999,3014302822.72,,23.885729,1.098277,7.49912,0.0,,,"2016,2017,2018,2019,2020,2021,2022,2023,2024,2025","2021,2022,2023,2024,2025"
002842,翔鹭钨业,SZ,小金属,周期,周期性行业,行业排除,,,,,,,,,,,
002843,泰嘉股份,SZ,通用设备,保留,,排除,9.4,119044302.11,-2.237979,24.955106,1.027457,10.927993,0.0,,interest_coverage,"2016,2017,2018,2019,2020,2021,2022,2023,2024,2025","2021,2022,2023,2024,2025"
002845,同兴达,SZ,光学光电子,保留,,排除,9.392,866922149.1,-0.221302,7.775143,1.637425,1.783315,0.0,,"interest_coverage,gross_margin,net_margin","2016,2017,2018,2019,2020,2021,2022,2023,2024,2025","2021,2022,2023,2024,2025"
002846,英联股份,SZ,包装印刷,保留,,排除,6.069,-1148702427.61,0.812481,11.391721,3.904035,4.413072,0.0,,"roe,fcf,interest_coverage,gross_margin,net_margin","2016,2017,2018,2019,2020,2021,2022,2023,2024,2025","2021,2022,2023,2024,2025"
002847,盐津铺子,SZ,休闲食品,保留,,通过,26.5,984847411.98,38.211772,33.090349,1.776238,10.347574,0.0,,,"2016,2017,2018,2019,2020,2021,2022,2023,2024,2025","2021,2022,2023,2024,2025"
002848,高斯贝尔,SZ,黑色家电,保留,,排除,-36.373,-185757750.75,-7.350047,5.346614,1.511826,-25.870431,0.0,,"roe,fcf,interest_coverage,gross_margin,net_margin","2016,2017,2018,2019,2020,2021,2022,2023,2024,2025","2021,2022,2023,2024,2025"
002849,威星智能,SZ,通用设备,保留,,通过,8.69,180938782.84,25.241697,29.531452,1.874216,6.441872,0.0,,,"2016,2017,2018,2019,2020,2021,2022,2023,2024,2025","2021,2022,2023,2024,2025"
002850,科达利,SZ,电池,保留,,排除,13.184,-2411919569.99,14.274268,24.352632,0.852939,10.895228,0.0,,fcf,"2016,2017,2018,2019,2020,2021,2022,2023,2024,2025","2021,2022,2023,2024,2025"
002851,麦格米特,SZ,其他电源设备Ⅱ,保留,,排除,13.277,-1632732757.86,6.266457,24.505918,-0.096659,8.204731,0.0,,"fcf,ocf_ni","2016,2017,2018,2019,2020,2021,2022,2023,2024,2025","2021,2022,2023,2024,2025"
002852,道道全,SZ,农产品加工,保留,,排除,5.553,7306321253.19,30.908644,5.172447,11.719197,1.958121,0.0,,"roe,gross_margin,net_margin","2016,2017,2018,2019,2020,2021,2022,2023,2024,2025","2021,2022,2023,2024,2025"
002853,皮阿诺,SZ,家居用品,保留,,排除,1.982,-746986648.75,,28.65431,1.0689,-0.77416,0.0,,"roe,fcf,net_margin","2016,2017,2018,2019,2020,2021,2022,2023,2024,2025","2021,2022,2023,2024,2025"
002855,捷荣技术,SZ,消费电子,保留,,排除,-19.945,-398050258.31,-10.96798,10.023133,-0.186445,-5.62605,0.0,,"roe,fcf,interest_coverage,gross_margin,ocf_ni,net_margin","2016,2017,2018,2019,2020,2021,2022,2023,2024,2025","2021,2022,2023,2024,2025"
002856,*ST美芝,SZ,装修装饰Ⅱ,保留,,排除,-18.883333,-349551097.33,-7.685642,-7.574031,0.345678,-14.081145,0.0,,"roe,fcf,interest_coverage,gross_margin,ocf_ni,net_margin","2016,2017,2018,2019,2020,2021,2022,2023,2024,2025","2021,2022,2023,2024,2025"
002857,三晖电气,SZ,电网设备,保留,,排除,5.024,110195021.54,,27.972609,3.979534,8.357493,0.0,,roe,"2016,2017,2018,2019,2020,2021,2022,2023,2024,2025","2021,2022,2023,2024,2025"
002858,力盛体育,SZ,体育Ⅱ,保留,,排除,-1.824,-22497428.94,1.889089,22.449465,0.823481,-6.83226,-0.121913,,"roe,fcf,interest_coverage,net_margin","2016,2017,2018,2019,2020,2021,2022,2023,2024,2025","2021,2022,2023,2024,2025"
002859,洁美科技,SZ,其他电子Ⅱ,保留,,排除,13.898,-2203635472.78,3.834264,34.228887,1.373545,16.324291,0.0,,fcf,"2016,2017,2018,2019,2020,2021,2022,2023,2024,2025","2021,2022,2023,2024,2025"
002860,星帅尔,SZ,家电零部件Ⅱ,保留,,通过,13.674,276390680.66,28.743171,17.064969,0.973103,14.357992,0.0,,,"2016,2017,2018,2019,2020,2021,2022,2023,2024,2025","2021,2022,2023,2024,2025"
002861,瀛通通讯,SZ,消费电子,保留,,排除,1.794,-428955763.44,-7.383063,18.585203,-1.19771,0.94846,0.0,,"roe,fcf,interest_coverage,ocf_ni,net_margin","2016,2017,2018,2019,2020,2021,2022,2023,2024,2025","2021,2022,2023,2024,2025"
002862,实丰文化,SZ,文娱用品,保留,,排除,-4.326,-250671966.78,-15.215107,22.517612,0.946931,-5.895897,0.0,,"roe,fcf,interest_coverage,net_margin","2016,2017,2018,2019,2020,2021,2022,2023,2024,2025","2021,2022,2023,2024,2025"
002863,今飞凯达,SZ,汽车零部件,周期,周期性行业,行业排除,,,,,,,,,,,
002864,盘龙药业,SZ,中药Ⅱ,保留,,通过,10.488,241566687.49,,57.403199,1.076652,11.424716,0.0,,,"2016,2017,2018,2019,2020,2021,2022,2023,2024,2025","2021,2022,2023,2024,2025"
002865,钧达股份,SZ,光伏设备,保留,,排除,5.317,-1223345039.48,-5.420222,7.561281,-0.274469,0.00063,0.0,,"roe,fcf,interest_coverage,gross_margin,ocf_ni,net_margin","2016,2017,2018,2019,2020,2021,2022,2023,2024,2025","2021,2022,2023,2024,2025"
002866,传艺科技,SZ,消费电子,保留,,排除,8.322,-589098188.11,1.537829,22.675353,2.657058,6.490391,0.0,,"fcf,interest_coverage","2016,2017,2018,2019,2020,2021,2022,2023,2024,2025","2021,2022,2023,2024,2025"
002867,周大生,SZ,饰品,保留,,排除,20.851,2876356139.02,101.420966,23.677775,0.691379,13.602404,0.0,,ocf_ni,"2016,2017,2018,2019,2020,2021,2022,2023,2024,2025","2021,2022,2023,2024,2025"
002868,绿康生化,SZ,动物保健Ⅱ,保留,,排除,-18.124444,-1257976220.36,-2.394032,0.593792,-0.114766,-8.298892,0.0,,"roe,fcf,interest_coverage,gross_margin,ocf_ni,net_margin","2016,2017,2018,2019,2020,2021,2022,2023,2024,2025","2021,2022,2023,2024,2025"
002869,金溢科技,SZ,计算机设备,保留,,排除,12.862,-20573699.95,,33.591832,0.983525,4.199429,0.0,,"fcf,net_margin","2016,2017,2018,2019,2020,2021,2022,2023,2024,2025","2021,2022,2023,2024,2025"
002870,香山股份,SZ,汽车零部件,周期,周期性行业,行业排除,,,,,,,,,,,
002871,伟隆股份,SZ,通用设备,保留,,通过,13.737,270879949.18,46.501258,38.10543,0.88815,19.769642,0.0,,,"2016,2017,2018,2019,2020,2021,2022,2023,2024,2025","2021,2022,2023,2024,2025"
002872,ST天圣,SZ,化学制药,保留,,排除,-2.09,-165020500.4,-15.369411,48.337571,-0.469941,-9.974952,0.0,,"roe,fcf,interest_coverage,ocf_ni,net_margin","2016,2017,2018,2019,2020,2021,2022,2023,2024,2025","2021,2022,2023,2024,2025"
002873,新天药业,SZ,中药Ⅱ,保留,,排除,10.33,122698.14,0.570554,75.724756,2.753123,8.413494,0.0,,interest_coverage,"2016,2017,2018,2019,2020,2021,2022,2023,2024,2025","2021,2022,2023,2024,2025"
002875,安奈儿,SZ,服装家纺,保留,,排除,-2.008,-235743607.27,,54.77934,-2.528945,-5.291703,0.0,,"roe,fcf,ocf_ni,net_margin","2016,2017,2018,2019,2020,2021,2022,2023,2024,2025","2021,2022,2023,2024,2025"
002876,三利谱,SZ,光学光电子,保留,,排除,7.943,-1048877110.69,0.564857,18.819753,1.632469,6.20759,0.0,,"roe,fcf,interest_coverage","2016,2017,2018,2019,2020,2021,2022,2023,2024,2025","2021,2022,2023,2024,2025"
002877,智能自控,SZ,通用设备,保留,,排除,8.508,-437039212.85,0.736393,31.438213,-0.375392,10.69038,0.0,,"fcf,interest_coverage,ocf_ni","2016,2017,2018,2019,2020,2021,2022,2023,2024,2025","2021,2022,2023,2024,2025"
002878,元隆雅图,SZ,广告营销,保留,,排除,11.0,601206510.92,-3.424769,16.284698,-1.328298,4.067678,0.0,,"interest_coverage,ocf_ni,net_margin","2016,2017,2018,2019,2020,2021,2022,2023,2024,2025","2021,2022,2023,2024,2025"
002879,长缆科技,SZ,电网设备,保留,,通过,8.563,69747209.44,41.271658,40.793785,1.523155,13.191894,0.0,,,"2016,2017,2018,2019,2020,2021,2022,2023,2024,2025","2021,2022,2023,2024,2025"
002880,卫光生物,SZ,生物制品,保留,,排除,14.314,-235272998.44,13.7949,39.900861,0.960318,21.816887,0.0,,fcf,"2016,2017,2018,2019,2020,2021,2022,2023,2024,2025","2021,2022,2023,2024,2025"
002881,美格智能,SZ,通信设备,保留,,排除,11.546,-538105475.76,63.395759,17.406745,-0.531293,5.124831,0.0,,"fcf,ocf_ni","2016,2017,2018,2019,2020,2021,2022,2023,2024,2025","2021,2022,2023,2024,2025"
002882,金龙羽,SZ,电网设备,保留,,排除,11.093,-1121427414.56,14.52263,12.460074,-3.108953,5.220834,0.0,,"fcf,gross_margin,ocf_ni","2016,2017,2018,2019,2020,2021,2022,2023,2024,2025","2021,2022,2023,2024,2025"
002883,*ST中设,SZ,工程咨询服务Ⅱ,保留,,排除,10.645,8217641.75,-7.616415,29.333256,-3.42691,10.972841,0.0,,"interest_coverage,ocf_ni","2016,2017,2018,2019,2020,2021,2022,2023,2024,2025","2021,2022,2023,2024,2025"
002884,凌霄泵业,SZ,通用设备,保留,,通过,20.641,1951745789.41,,35.487815,1.031602,24.197957,0.0,,,"2016,2017,2018,2019,2020,2021,2022,2023,2024,2025","2021,2022,2023,2024,2025"
002885,京泉华,SZ,其他电子Ⅱ,保留,,排除,8.251,-318662990.64,8.15496,12.816435,-0.390791,3.670238,0.0,,"fcf,gross_margin,ocf_ni,net_margin","2016,2017,2018,2019,2020,2021,2022,2023,2024,2025","2021,2022,2023,2024,2025"
002886,沃特股份,SZ,塑料,保留,,排除,5.856,-1077933967.08,1.27051,16.569515,4.546781,3.976705,0.0,,"roe,fcf,interest_coverage,net_margin","2016,2017,2018,2019,2020,2021,2022,2023,2024,2025","2021,2022,2023,2024,2025"
002887,绿茵生态,SZ,环境治理,保留,,排除,10.624,204127400.23,7.912451,43.181054,0.581421,27.303954,0.0,,ocf_ni,"2016,2017,2018,2019,2020,2021,2022,2023,2024,2025","2021,2022,2023,2024,2025"
002888,惠威科技,SZ,消费电子,保留,,排除,5.486,990505.11,116.247491,32.570614,-1.077066,7.098401,0.0,,"roe,ocf_ni","2016,2017,2018,2019,2020,2021,2022,2023,2024,2025","2021,2022,2023,2024,2025"
002889,东方嘉盛,SZ,物流,保留,,排除,9.674,-482260323.93,4.113963,12.19761,0.430718,3.995344,0.0,,"fcf,gross_margin,ocf_ni,net_margin","2016,2017,2018,2019,2020,2021,2022,2023,2024,2025","2021,2022,2023,2024,2025"
002890,弘宇股份,SZ,专用设备,保留,,排除,5.176,-17692157.06,,16.696464,0.008481,7.442748,0.0,,"roe,fcf,ocf_ni","2016,2017,2018,2019,2020,2021,2022,2023,2024,2025","2021,2022,2023,2024,2025"
002891,中宠股份,SZ,饲料,保留,,通过,12.21,109863371.52,19.959832,24.7615,1.521761,5.971198,0.0,,,"2016,2017,2018,2019,2020,2021,2022,2023,2024,2025","2021,2022,2023,2024,2025"
002892,科力尔,SZ,电机Ⅱ,保留,,排除,11.976,-608291589.1,2.214433,18.213027,1.880434,7.705609,0.0,,fcf,"2016,2017,2018,2019,2020,2021,2022,2023,2024,2025","2021,2022,2023,2024,2025"
002893,京能热力,SZ,电力,保留,,排除,7.41,765525514.19,7.921225,17.7596,5.558274,4.567705,0.0,,"roe,net_margin","2016,2017,2018,2019,2020,2021,2022,2023,2024,2025","2021,2022,2023,2024,2025"
002895,川恒股份,SZ,农化制品,保留,,排除,11.744,-2694147301.7,21.903633,35.146151,0.606505,13.24761,0.0,,"fcf,ocf_ni","2016,2017,2018,2019,2020,2021,2022,2023,2024,2025","2021,2022,2023,2024,2025"
002896,中大力德,SZ,通用设备,保留,,排除,10.468,-166464309.31,10.046455,24.874749,1.777682,8.993783,0.0,,fcf,"2016,2017,2018,2019,2020,2021,2022,2023,2024,2025","2021,2022,2023,2024,2025"
002897,意华股份,SZ,通信设备,保留,,排除,11.072,-884086307.74,3.881837,18.119137,0.593184,4.878397,0.0,,"fcf,ocf_ni,net_margin","2016,2017,2018,2019,2020,2021,2022,2023,2024,2025","2021,2022,2023,2024,2025"
002899,英派斯,SZ,文娱用品,保留,,排除,7.634,-677182701.94,5.4968,28.430541,2.45764,7.16714,0.0,,"roe,fcf","2016,2017,2018,2019,2020,2021,2022,2023,2024,2025","2021,2022,2023,2024,2025"
002900,哈三联,SZ,化学制药,保留,,排除,6.951,-894446758.06,-18.913761,56.106697,1.173378,6.72881,0.0,,"roe,fcf,interest_coverage","2016,2017,2018,2019,2020,2021,2022,2023,2024,2025","2021,2022,2023,2024,2025"
002901,大博医疗,SZ,医疗器械,保留,,通过,23.377,919372123.52,,73.653831,1.253394,30.42626,0.0,,,"2016,2017,2018,2019,2020,2021,2022,2023,2024,2025","2021,2022,2023,2024,2025"
002902,铭普光磁,SZ,通信设备,保留,,排除,-6.647,-712051913.27,-6.902604,13.283451,-0.329422,-3.09908,0.0,,"roe,fcf,interest_coverage,gross_margin,ocf_ni,net_margin","2016,2017,2018,2019,2020,2021,2022,2023,2024,2025","2021,2022,2023,2024,2025"
002903,宇环数控,SZ,通用设备,保留,,排除,8.938,22689878.51,,42.309003,-1.571523,13.9297,0.0,,ocf_ni,"2016,2017,2018,2019,2020,2021,2022,2023,2024,2025","2021,2022,2023,2024,2025"
002905,金逸影视,SZ,影视院线,保留,,排除,-15.639,1147795992.5,0.258781,12.643094,8.410381,-13.014803,0.0,,"roe,interest_coverage,gross_margin,net_margin","2016,2017,2018,2019,2020,2021,2022,2023,2024,2025","2021,2022,2023,2024,2025"
002906,华阳集团,SZ,汽车零部件,周期,周期性行业,行业排除,,,,,,,,,,,
002907,华森制药,SZ,中药Ⅱ,保留,,通过,11.562,298458095.23,,56.341817,2.16153,13.533559,0.0,,,"2016,2017,2018,2019,2020,2021,2022,2023,2024,2025","2021,2022,2023,2024,2025"
002908,德生科技,SZ,IT服务Ⅱ,保留,,通过,9.23,266860149.01,,43.185542,3.364077,11.243428,0.0,,,"2016,2017,2018,2019,2020,2021,2022,2023,2024,2025","2021,2022,2023,2024,2025"
002909,集泰股份,SZ,化学制品,周期,周期性行业,行业排除,,,,,,,,,,,
002910,庄园牧场,SZ,饮料乳品,保留,,排除,0.927,-186667815.58,-5.065731,20.292814,0.516251,1.542421,0.0,,"roe,fcf,interest_coverage,ocf_ni,net_margin","2016,2017,2018,2019,2020,2021,2022,2023,2024,2025","2021,2022,2023,2024,2025"
002911,佛燃能源,SZ,燃气Ⅱ,保留,,排除,17.481,2542016801.49,20.318662,8.382177,1.683921,5.368091,0.0,,gross_margin,"2016,2017,2018,2019,2020,2021,2022,2023,2024,2025","2021,2022,2023,2024,2025"
002912,中新赛克,SZ,计算机设备,保留,,排除,10.205,-110198391.38,,71.589082,0.6434,16.001104,0.0,,"fcf,ocf_ni","2016,2017,2018,2019,2020,2021,2022,2023,2024,2025","2021,2022,2023,2024,2025"
002913,奥士康,SZ,元件,保留,,排除,13.432,-589726691.81,14.245947,23.289272,2.010127,10.196776,0.0,,fcf,"2016,2017,2018,2019,2020,2021,2022,2023,2024,2025","2021,2022,2023,2024,2025"
002915,中欣氟材,SZ,化学制品,周期,周期性行业,行业排除,,,,,,,,,,,
002916,深南电路,SZ,元件,保留,,排除,19.63,-646161004.77,74.59328,25.162197,1.626232,10.407746,0.0,,fcf,"2016,2017,2018,2019,2020,2021,2022,2023,2024,2025","2021,2022,2023,2024,2025"
002917,金奥博,SZ,化学制品,周期,周期性行业,行业排除,,,,,,,,,,,
002918,蒙娜丽莎,SZ,家居用品,保留,,排除,12.655,577445453.14,1.984545,27.367616,3.858966,6.170653,0.0,,interest_coverage,"2016,2017,2018,2019,2020,2021,2022,2023,2024,2025","2021,2022,2023,2024,2025"
002919,名臣健康,SZ,游戏Ⅱ,保留,,通过,9.779,161525279.03,37.699097,53.954534,2.220514,7.06006,0.0,,,"2016,2017,2018,2019,2020,2021,2022,2023,2024,2025","2021,2022,2023,2024,2025"
002920,德赛西威,SZ,汽车零部件,周期,周期性行业,行业排除,,,,,,,,,,,
002921,联诚精密,SZ,汽车零部件,周期,周期性行业,行业排除,,,,,,,,,,,
002922,伊戈尔,SZ,其他电子Ⅱ,保留,,排除,9.734,-2876500808.08,4.377395,19.481864,1.053084,5.819095,0.0,,fcf,"2016,2017,2018,2019,2020,2021,2022,2023,2024,2025","2021,2022,2023,2024,2025"
002923,润都股份,SZ,化学制药,保留,,排除,11.482,-72800742.38,-3.581385,49.998343,1.714603,8.110517,0.0,,"fcf,interest_coverage","2016,2017,2018,2019,2020,2021,2022,2023,2024,2025","2021,2022,2023,2024,2025"
002925,盈趣科技,SZ,消费电子,保留,,通过,28.773,1233852446.13,34.386153,29.095754,1.356897,19.505524,0.0,,,"2016,2017,2018,2019,2020,2021,2022,2023,2024,2025","2021,2022,2023,2024,2025"
002926,华西证券,SZ,证券Ⅱ,金融,金融行业,行业排除,,,,,,,,,,,
002927,泰永长征,SZ,电网设备,保留,,排除,10.105,193563335.85,-11.4487,31.427181,1.230435,11.286458,0.0,,interest_coverage,"2016,2017,2018,2019,2020,2021,2022,2023,2024,2025","2021,2022,2023,2024,2025"
002928,华夏航空,SZ,航空机场,周期,周期性行业,行业排除,,,,,,,,,,,
002929,润建股份,SZ,通信服务,保留,,排除,10.923,16128459.72,-0.345363,17.023869,2.245678,5.322796,0.0,,interest_coverage,"2016,2017,2018,2019,2020,2021,2022,2023,2024,2025","2021,2022,2023,2024,2025"
002930,宏川智慧,SZ,物流,保留,,排除,6.296,2147632223.5,-1.504776,53.276494,2.843188,16.748731,0.0,,"roe,interest_coverage","2016,2017,2018,2019,2020,2021,2022,2023,2024,2025","2021,2022,2023,2024,2025"
002931,锋龙股份,SZ,通用设备,保留,,排除,11.284,-17035149.98,,22.561972,0.599223,9.798817,0.0,,"fcf,ocf_ni","2016,2017,2018,2019,2020,2021,2022,2023,2024,2025","2021,2022,2023,2024,2025"
002932,*ST明德,SZ,医疗器械,保留,,通过,31.742,4574673945.29,,57.239048,2.020799,30.362141,0.0,,,"2016,2017,2018,2019,2020,2021,2022,2023,2024,2025","2021,2022,2023,2024,2025"
002933,新兴装备,SZ,航空装备Ⅱ,保留,,排除,6.414,64814479.12,10.828785,35.076039,-12.882136,17.292857,0.0,,"roe,ocf_ni","2016,2017,2018,2019,2020,2021,2022,2023,2024,2025","2021,2022,2023,2024,2025"
002935,天奥电子,SZ,军工电子Ⅱ,保留,,排除,9.231,45001559.91,,26.088774,0.537839,9.922388,0.0,,ocf_ni,"2016,2017,2018,2019,2020,2021,2022,2023,2024,2025","2021,2022,2023,2024,2025"
002936,郑州银行,SZ,银行Ⅱ,金融,金融行业,行业排除,,,,,,,,,,,
002937,兴瑞科技,SZ,汽车零部件,周期,周期性行业,行业排除,,,,,,,,,,,
002938,鹏鼎控股,SZ,元件,保留,,通过,14.431,13297764162.53,,21.59706,1.962213,9.862152,0.0,,,"2016,2017,2018,2019,2020,2021,2022,2023,2024,2025","2021,2022,2023,2024,2025"
002939,长城证券,SZ,证券Ⅱ,金融,金融行业,行业排除,,,,,,,,,,,
002940,昂利康,SZ,化学制药,保留,,通过,14.994,731549256.39,,49.22707,2.040942,9.254842,0.0,,,"2016,2017,2018,2019,2020,2021,2022,2023,2024,2025","2021,2022,2023,2024,2025"
002941,新疆交建,SZ,基础建设,周期,周期性行业,行业排除,,,,,,,,,,,
002942,新农股份,SZ,农化制品,保留,,排除,14.75,337610418.96,91.965986,27.308572,0.663839,8.954663,0.0,,ocf_ni,"2016,2017,2018,2019,2020,2021,2022,2023,2024,2025","2021,2022,2023,2024,2025"
002943,宇晶股份,SZ,通用设备,保留,,排除,6.288,-902314618.75,0.382759,25.242246,4.428246,5.514796,0.0,,"roe,fcf,interest_coverage","2016,2017,2018,2019,2020,2021,2022,2023,2024,2025","2021,2022,2023,2024,2025"
002945,华林证券,SZ,证券Ⅱ,金融,金融行业,行业排除,,,,,,,,,,,
002946,新乳业,SZ,饮料乳品,保留,,排除,15.919,3153258721.1,10.961906,26.602547,2.925901,4.448784,0.0,,net_margin,"2016,2017,2018,2019,2020,2021,2022,2023,2024,2025","2021,2022,2023,2024,2025"
002947,恒铭达,SZ,消费电子,保留,,排除,17.201,603689183.72,690.125866,30.532349,0.386314,18.043415,0.0,,ocf_ni,"2016,2017,2018,2019,2020,2021,2022,2023,2024,2025","2021,2022,2023,2024,2025"
002948,青岛银行,SZ,银行Ⅱ,金融,金融行业,行业排除,,,,,,,,,,,
002949,华阳国际,SZ,工程咨询服务Ⅱ,保留,,通过,14.447,602024274.04,4.375891,29.010194,1.906433,10.964433,0.0,,,"2016,2017,2018,2019,2020,2021,2022,2023,2024,2025","2021,2022,2023,2024,2025"
002950,奥美医疗,SZ,医疗器械,保留,,通过,17.52,1984316157.93,21.99509,29.810597,2.468674,13.112509,0.0,,,"2016,2017,2018,2019,2020,2021,2022,2023,2024,2025","2021,2022,2023,2024,2025"
002951,金时科技,SZ,其他电源设备Ⅱ,保留,,排除,11.368,-771271568.13,,21.841956,10.839326,-3.558197,0.0,,"fcf,net_margin","2016,2017,2018,2019,2020,2021,2022,2023,2024,2025","2021,2022,2023,2024,2025"
002952,亚世光电,SZ,光学光电子,保留,,排除,14.879,-157303608.26,2.162208,14.898683,1.620617,11.713054,0.0,,"fcf,gross_margin","2016,2017,2018,2019,2020,2021,2022,2023,2024,2025","2021,2022,2023,2024,2025"
002953,日丰股份,SZ,电网设备,保留,,排除,13.204,-83383576.23,12.883836,12.036466,1.245887,4.936099,0.0,,"fcf,gross_margin,net_margin","2016,2017,2018,2019,2020,2021,2022,2023,2024,2025","2021,2022,2023,2024,2025"
002955,鸿合科技,SZ,光学光电子,保留,,通过,15.888,1373367308.53,,26.536934,1.833798,5.186418,0.0,,,"2016,2017,2018,2019,2020,2021,2022,2023,2024,2025","2021,2022,2023,2024,2025"
002956,西麦食品,SZ,休闲食品,保留,,通过,15.155,137765701.55,125.710946,43.527229,1.182899,11.346443,0.0,,,"2016,2017,2018,2019,2020,2021,2022,2023,2024,2025","2021,2022,2023,2024,2025"
002957,科瑞技术,SZ,自动化设备,保留,,通过,11.763,217650671.27,23.183206,34.367362,1.441288,10.454882,0.0,,,"2016,2017,2018,2019,2020,2021,2022,2023,2024,2025","2021,2022,2023,2024,2025"
002958,青农商行,SZ,银行Ⅱ,金融,金融行业,行业排除,,,,,,,,,,,
002959,小熊电器,SZ,小家电,保留,,通过,38.277,586430232.64,,35.50906,1.117198,8.669556,0.0,,,"2016,2017,2018,2019,2020,2021,2022,2023,2024,2025","2021,2022,2023,2024,2025"
002960,青鸟智控,SZ,专用设备,保留,,通过,18.647,897303501.16,,36.749374,0.956097,14.970626,0.0,,,"2016,2017,2018,2019,2020,2021,2022,2023,2024,2025","2021,2022,2023,2024,2025"
002961,瑞达期货,SZ,多元金融,金融,金融行业,行业排除,,,,,,,,,,,
002962,五方光电,SZ,光学光电子,保留,,通过,18.652,237629794.21,,15.874486,1.558073,16.08283,0.0,,,"2016,2017,2018,2019,2020,2021,2022,2023,2024,2025","2021,2022,2023,2024,2025"
002963,豪尔赛,SZ,装修装饰Ⅱ,保留,,排除,6.093,-125216424.48,-111.453668,28.290839,2.722994,-4.415782,0.0,,"roe,fcf,interest_coverage,net_margin","2016,2017,2018,2019,2020,2021,2022,2023,2024,2025","2021,2022,2023,2024,2025"
002965,祥鑫科技,SZ,汽车零部件,周期,周期性行业,行业排除,,,,,,,,,,,
002966,苏州银行,SZ,银行Ⅱ,金融,金融行业,行业排除,,,,,,,,,,,
002967,广电计量,SZ,专业服务,保留,,通过,12.329,461103895.09,11.111988,43.466955,2.727648,10.313168,0.0,,,"2016,2017,2018,2019,2020,2021,2022,2023,2024,2025","2021,2022,2023,2024,2025"
002968,新大正,SZ,房地产服务,周期,周期性行业,行业排除,,,,,,,,,,,
002969,嘉美包装,SZ,包装印刷,保留,,排除,7.596,345124407.7,2.647055,13.064019,6.201399,4.362366,0.0,,"roe,gross_margin,net_margin","2016,2017,2018,2019,2020,2021,2022,2023,2024,2025","2021,2022,2023,2024,2025"
002970,锐明技术,SZ,计算机设备,保留,,排除,20.384,603631984.28,42.00136,39.433993,-1.207761,8.570907,0.0,,ocf_ni,"2016,2017,2018,2019,2020,2021,2022,2023,2024,2025","2021,2022,2023,2024,2025"
002971,和远气体,SZ,化学制品,周期,周期性行业,行业排除,,,,,,,,,,,
002972,科安达,SZ,轨交设备Ⅱ,保留,,通过,13.758,341594421.83,,60.771319,0.915283,32.416857,0.0,,,"2016,2017,2018,2019,2020,2021,2022,2023,2024,2025","2021,2022,2023,2024,2025"
002973,侨银股份,SZ,环境治理,保留,,排除,17.984,-1322725020.18,1.36351,25.942541,1.139179,8.101456,0.0,,"fcf,interest_coverage","2016,2017,2018,2019,2020,2021,2022,2023,2024,2025","2021,2022,2023,2024,2025"
002975,博杰股份,SZ,自动化设备,保留,,排除,18.419,-394128813.83,15.364315,46.128191,-1.897556,12.609908,0.0,,"fcf,ocf_ni","2016,2017,2018,2019,2020,2021,2022,2023,2024,2025","2021,2022,2023,2024,2025"
002976,瑞玛精密,SZ,汽车零部件,周期,周期性行业,行业排除,,,,,,,,,,,
002977,*ST天箭,SZ,军工电子Ⅱ,保留,,数据不足,15.69,155033762.2,,,1.624292,39.870711,0.0,gross_margin,,"2016,2017,2018,2019,2020,2021,2022,2023,2024,2025","2021,2022,2023,2024,2025"
002978,安宁股份,SZ,小金属,周期,周期性行业,行业排除,,,,,,,,,,,
002979,雷赛智能,SZ,自动化设备,保留,,通过,18.244,394644568.76,46.20503,38.980789,0.887585,15.445251,0.0,,,"2016,2017,2018,2019,2020,2021,2022,2023,2024,2025","2021,2022,2023,2024,2025"
002980,华盛昌,SZ,电网设备,保留,,通过,20.066,119330068.59,,42.101182,0.944467,17.624714,0.0,,,"2016,2017,2018,2019,2020,2021,2022,2023,2024,2025","2021,2022,2023,2024,2025"
002981,朝阳科技,SZ,消费电子,保留,,排除,12.895,132791545.84,9.481016,18.690707,0.517588,6.794186,0.0,,ocf_ni,"2016,2017,2018,2019,2020,2021,2022,2023,2024,2025","2021,2022,2023,2024,2025"
002982,湘佳股份,SZ,养殖业,保留,,排除,10.229,-1367865353.55,0.845659,16.315787,3.954943,4.041912,0.0,,"fcf,interest_coverage,net_margin","2016,2017,2018,2019,2020,2021,2022,2023,2024,2025","2021,2022,2023,2024,2025"
002983,芯瑞达,SZ,光学光电子,保留,,排除,15.612,52095649.02,58.578856,20.546282,0.517422,12.841624,0.0,,ocf_ni,"2016,2017,2018,2019,2020,2021,2022,2023,2024,2025","2021,2022,2023,2024,2025"
002984,森麒麟,SZ,汽车零部件,周期,周期性行业,行业排除,,,,,,,,,,,
002985,北摩高科,SZ,航空装备Ⅱ,保留,,通过,14.143,210843175.44,42.121776,61.229967,2.825053,33.084151,0.0,,,"2016,2017,2018,2019,2020,2021,2022,2023,2024,2025","2021,2022,2023,2024,2025"
002986,宇新股份,SZ,炼化及贸易,保留,,排除,18.557,-4228769620.59,-0.494661,13.482959,-0.042885,4.952411,0.0,,"fcf,interest_coverage,gross_margin,ocf_ni,net_margin","2016,2017,2018,2019,2020,2021,2022,2023,2024,2025","2021,2022,2023,2024,2025"
002987,京北方,SZ,软件开发,保留,,排除,16.22,468694533.85,,22.942035,0.581153,7.576706,0.0,,ocf_ni,"2016,2017,2018,2019,2020,2021,2022,2023,2024,2025","2021,2022,2023,2024,2025"
002988,豪美新材,SZ,工业金属,周期,周期性行业,行业排除,,,,,,,,,,,
002989,中天精装,SZ,装修装饰Ⅱ,保留,,排除,7.365,256800015.24,-25.063974,9.79096,-0.810387,-11.730477,0.0,,"roe,interest_coverage,gross_margin,ocf_ni,net_margin","2016,2017,2018,2019,2020,2021,2022,2023,2024,2025","2021,2022,2023,2024,2025"
002990,盛视科技,SZ,计算机设备,保留,,排除,19.104,-21723975.06,195.568889,39.226477,0.379726,17.768552,0.0,,"fcf,ocf_ni","2016,2017,2018,2019,2020,2021,2022,2023,2024,2025","2021,2022,2023,2024,2025"
002991,甘源食品,SZ,休闲食品,保留,,通过,20.929,386581917.53,,35.163461,1.143447,12.564987,0.0,,,"2016,2017,2018,2019,2020,2021,2022,2023,2024,2025","2021,2022,2023,2024,2025"
002992,宝明科技,SZ,光学光电子,保留,,排除,1.39,-643675166.05,-0.256506,6.633597,1.607734,-3.001928,0.0,,"roe,fcf,interest_coverage,gross_margin,net_margin","2016,2017,2018,2019,2020,2021,2022,2023,2024,2025","2021,2022,2023,2024,2025"
002993,奥海科技,SZ,消费电子,保留,,通过,19.467,915064543.58,14.088634,20.212674,1.470738,8.733034,0.0,,,"2016,2017,2018,2019,2020,2021,2022,2023,2024,2025","2021,2022,2023,2024,2025"
002995,天地在线,SZ,广告营销,保留,,排除,17.615,-157632187.72,,5.92544,4.441622,0.37019,0.0,,"fcf,gross_margin,net_margin","2016,2017,2018,2019,2020,2021,2022,2023,2024,2025","2021,2022,2023,2024,2025"
002996,顺博合金,SZ,工业金属,周期,周期性行业,行业排除,,,,,,,,,,,
002997,瑞鹄模具,SZ,汽车零部件,周期,周期性行业,行业排除,,,,,,,,,,,
002998,优彩资源,SZ,化学纤维,保留,,排除,9.288,-70211462.22,1.362523,9.733015,1.051091,6.062925,0.0,,"fcf,interest_coverage,gross_margin","2016,2017,2018,2019,2020,2021,2022,2023,2024,2025","2021,2022,2023,2024,2025"
002999,天禾股份,SZ,农化制品,保留,,排除,8.691,-631153833.54,1.473847,6.741233,-2.295196,0.723506,0.0,,"fcf,interest_coverage,gross_margin,ocf_ni,net_margin","2016,2017,2018,2019,2020,2021,2022,2023,2024,2025","2021,2022,2023,2024,2025"
003000,劲仔食品,SZ,休闲食品,保留,,通过,17.441,363519347.39,,28.076018,1.428816,10.361356,0.0,,,"2016,2017,2018,2019,2020,2021,2022,2023,2024,2025","2021,2022,2023,2024,2025"
003001,中岩大地,SZ,专业工程,周期,周期性行业,行业排除,,,,,,,,,,,
003002,壶化股份,SZ,化学制品,周期,周期性行业,行业排除,,,,,,,,,,,
003003,天元股份,SZ,包装印刷,保留,,排除,7.959,206561662.23,15.735543,15.211365,0.012577,5.308794,0.0,,"roe,ocf_ni","2016,2017,2018,2019,2020,2021,2022,2023,2024,2025","2021,2022,2023,2024,2025"
003004,声迅股份,SZ,计算机设备,保留,,排除,16.687,-212392714.69,-0.287865,35.854608,1.161003,10.695588,0.0,,"fcf,interest_coverage","2016,2017,2018,2019,2020,2021,2022,2023,2024,2025","2021,2022,2023,2024,2025"
003005,竞业达,SZ,IT服务Ⅱ,保留,,排除,16.825,-210002241.6,,45.715318,1.791206,13.582243,0.0,,fcf,"2016,2017,2018,2019,2020,2021,2022,2023,2024,2025","2021,2022,2023,2024,2025"
003006,百亚股份,SZ,个护用品,保留,,通过,17.154,768656743.0,557.121487,49.525933,1.118503,10.586637,0.0,,,"2016,2017,2018,2019,2020,2021,2022,2023,2024,2025","2021,2022,2023,2024,2025"
003007,直真科技,SZ,软件开发,保留,,排除,9.822,-1206817551.9,0.29805,56.083365,0.158041,10.80007,0.0,,"fcf,interest_coverage,ocf_ni","2016,2017,2018,2019,2020,2021,2022,2023,2024,2025","2021,2022,2023,2024,2025"
003008,开普检测,SZ,专业服务,保留,,通过,25.149,235577054.65,,67.746375,1.485106,46.533782,0.0,,,"2016,2017,2018,2019,2020,2021,2022,2023,2024,2025","2021,2022,2023,2024,2025"
003009,中天火箭,SZ,航天装备Ⅱ,保留,,排除,8.313,-363888661.86,-6.150654,23.415881,1.052084,7.695475,0.0,,"fcf,interest_coverage","2016,2017,2018,2019,2020,2021,2022,2023,2024,2025","2021,2022,2023,2024,2025"
003010,若羽臣,SZ,互联网电商,保留,,通过,13.706,296026436.03,7.539746,41.966906,1.152711,6.236245,0.0,,,"2016,2017,2018,2019,2020,2021,2022,2023,2024,2025","2021,2022,2023,2024,2025"
003011,海象新材,SZ,家居用品,保留,,排除,21.259,-17661470.63,46.38581,24.735397,3.077848,8.350857,0.0,,fcf,"2016,2017,2018,2019,2020,2021,2022,2023,2024,2025","2021,2022,2023,2024,2025"
003012,东鹏控股,SZ,家居用品,保留,,通过,13.959,1842623016.96,,30.200778,3.081613,9.02473,0.0,,,"2016,2017,2018,2019,2020,2021,2022,2023,2024,2025","2021,2022,2023,2024,2025"
003013,地铁设计,SZ,工程咨询服务Ⅱ,保留,,排除,21.935,164578253.58,41.036376,36.265144,0.533102,15.23968,0.0,,ocf_ni,"2016,2017,2018,2019,2020,2021,2022,2023,2024,2025","2021,2022,2023,2024,2025"
003015,日久光电,SZ,光学光电子,保留,,排除,9.661,186304887.6,,29.148587,0.525997,12.21512,0.0,,ocf_ni,"2016,2017,2018,2019,2020,2021,2022,2023,2024,2025","2021,2022,2023,2024,2025"
003016,欣贺股份,SZ,服装家纺,保留,,排除,7.036,571225206.09,,68.779049,4.438285,8.105958,0.0,,roe,"2016,2017,2018,2019,2020,2021,2022,2023,2024,2025","2021,2022,2023,2024,2025"
003017,大洋生物,SZ,化学原料,周期,周期性行业,行业排除,,,,,,,,,,,
003018,金富科技,SZ,包装印刷,保留,,排除,13.109,-235268258.43,23.902062,27.078429,1.667527,15.491692,0.0,,fcf,"2016,2017,2018,2019,2020,2021,2022,2023,2024,2025","2021,2022,2023,2024,2025"
003019,宸展光电,SZ,光学光电子,保留,,通过,24.889,446320067.18,,24.926238,0.765297,9.581455,0.0,,,"2016,2017,2018,2019,2020,2021,2022,2023,2024,2025","2021,2022,2023,2024,2025"
003020,立方制药,SZ,化学制药,保留,,通过,17.348,69581518.35,310.583736,52.497063,1.059509,8.190755,0.0,,,"2016,2017,2018,2019,2020,2021,2022,2023,2024,2025","2021,2022,2023,2024,2025"
003021,兆威机电,SZ,电机Ⅱ,保留,,排除,26.405,-115858435.12,,30.710534,1.052321,15.388089,0.0,,fcf,"2016,2017,2018,2019,2020,2021,2022,2023,2024,2025","2021,2022,2023,2024,2025"
003022,联泓新科,SZ,光伏设备,保留,,排除,10.778,-8322214709.73,2.888108,19.346973,1.819279,7.014099,0.0,,fcf,"2016,2017,2018,2019,2020,2021,2022,2023,2024,2025","2021,2022,2023,2024,2025"
003023,彩虹集团,SZ,小家电,保留,,通过,11.003,287115935.3,,43.269356,0.910141,8.99143,0.0,,,"2016,2017,2018,2019,2020,2021,2022,2023,2024,2025","2021,2022,2023,2024,2025"
003025,思进智能,SZ,通用设备,保留,,通过,17.42,158807349.01,,38.895469,1.089887,23.320909,0.0,,,"2016,2017,2018,2019,2020,2021,2022,2023,2024,2025","2021,2022,2023,2024,2025"
003026,中晶科技,SZ,半导体,保留,,排除,14.011,-203040796.75,5.125498,37.514282,1.559196,17.047565,0.0,,fcf,"2016,2017,2018,2019,2020,2021,2022,2023,2024,2025","2021,2022,2023,2024,2025"
003027,同兴科技,SZ,环境治理,保留,,排除,16.249,-152964753.54,,27.223692,1.363662,13.88314,0.0,,fcf,"2016,2017,2018,2019,2020,2021,2022,2023,2024,2025","2021,2022,2023,2024,2025"
003028,振邦智能,SZ,家电零部件Ⅱ,保留,,通过,23.049,533417545.69,,24.211759,1.580847,16.222627,0.0,,,"2016,2017,2018,2019,2020,2021,2022,2023,2024,2025","2021,2022,2023,2024,2025"
003029,吉大正元,SZ,软件开发,保留,,排除,3.949,-886447650.99,-321.577576,56.98319,0.590144,-0.980901,0.0,,"roe,fcf,interest_coverage,ocf_ni,net_margin","2016,2017,2018,2019,2020,2021,2022,2023,2024,2025","2021,2022,2023,2024,2025"
003030,祖名股份,SZ,农产品加工,保留,,排除,9.123,-511560926.72,1.138082,25.117442,2.467387,4.204252,0.0,,"fcf,interest_coverage,net_margin","2016,2017,2018,2019,2020,2021,2022,2023,2024,2025","2021,2022,2023,2024,2025"
003031,中瓷电子,SZ,通信设备,保留,,通过,17.757,807018721.54,,35.028616,1.158267,15.299751,0.0,,,"2016,2017,2018,2019,2020,2021,2022,2023,2024,2025","2021,2022,2023,2024,2025"
003032,传智教育,SZ,教育,保留,,排除,24.386,-176878943.46,-22.873901,48.220231,0.751074,4.243723,0.0,,"fcf,interest_coverage,net_margin","2016,2017,2018,2019,2020,2021,2022,2023,2024,2025","2021,2022,2023,2024,2025"
003033,征和工业,SZ,摩托车及其他,保留,,排除,17.685,-173860232.15,22.91732,21.111364,1.353006,8.773822,0.0,,fcf,"2016,2017,2018,2019,2020,2021,2022,2023,2024,2025","2021,2022,2023,2024,2025"
003035,南网能源,SZ,电力,保留,,排除,8.166,-6820650645.26,1.183072,37.150024,-2.571606,13.654938,0.0,,"fcf,interest_coverage,ocf_ni","2016,2017,2018,2019,2020,2021,2022,2023,2024,2025","2021,2022,2023,2024,2025"
003036,泰坦股份,SZ,专用设备,保留,,通过,9.163,166782770.62,2.696692,17.852784,0.766836,7.954621,0.0,,,"2016,2017,2018,2019,2020,2021,2022,2023,2024,2025","2021,2022,2023,2024,2025"
003037,三和管桩,SZ,水泥,周期,周期性行业,行业排除,,,,,,,,,,,
003038,鑫铂股份,SZ,工业金属,周期,周期性行业,行业排除,,,,,,,,,,,
003039,顺控发展,SZ,环境治理,保留,,通过,12.489,574042777.81,8.385222,44.683416,2.188613,18.665286,0.0,,,"2016,2017,2018,2019,2020,2021,2022,2023,2024,2025","2021,2022,2023,2024,2025"
003040,楚天龙,SZ,通信设备,保留,,排除,7.818889,-18666745.91,,28.38502,6.864536,,0.0,net_margin,"roe,fcf","2017,2018,2019,2020,2021,2022,2023,2024,2025","2021,2022,2023,2024,2025"
003041,真爱美家,SZ,服装家纺,保留,,排除,13.336667,-777840661.93,15.410482,21.123146,1.256648,,0.0,net_margin,fcf,"2017,2018,2019,2020,2021,2022,2023,2024,2025","2021,2022,2023,2024,2025"
003042,中农联合,SZ,农化制品,保留,,排除,9.49,-593506353.34,-4.103182,15.454684,-0.282009,3.673815,0.0,,"fcf,interest_coverage,ocf_ni,net_margin","2016,2017,2018,2019,2020,2021,2022,2023,2024,2025","2021,2022,2023,2024,2025"
003043,华亚智能,SZ,半导体,保留,,通过,15.674,41994706.4,15.197082,33.40456,1.317301,18.265674,0.0,,,"2016,2017,2018,2019,2020,2021,2022,2023,2024,2025","2021,2022,2023,2024,2025"
003816,中国广核,SZ,电力,保留,,通过,11.16,60359518652.17,4.073342,34.36838,3.2683,15.322933,0.0,,,"2016,2017,2018,2019,2020,2021,2022,2023,2024,2025","2021,2022,2023,2024,2025"
300001,特锐德,SZ,电网设备,保留,,排除,7.8,2179762538.76,8.229126,24.629865,2.420717,3.834045,0.0,,"roe,net_margin","2016,2017,2018,2019,2020,2021,2022,2023,2024,2025","2021,2022,2023,2024,2025"
300002,神州泰岳,SZ,游戏Ⅱ,保留,,排除,6.123,4622305623.2,284.735789,60.821197,1.358336,2.492298,0.0,,"roe,net_margin","2016,2017,2018,2019,2020,2021,2022,2023,2024,2025","2021,2022,2023,2024,2025"
300003,乐普医疗,SZ,医疗器械,保留,,通过,14.47,5058468421.44,7.580606,62.518564,1.677245,17.467617,0.0,,,"2016,2017,2018,2019,2020,2021,2022,2023,2024,2025","2021,2022,2023,2024,2025"
300004,南风股份,SZ,专用设备,保留,,排除,-5.673,7846245.38,,23.603348,0.901079,-13.471909,0.0,,"roe,net_margin","2016,2017,2018,2019,2020,2021,2022,2023,2024,2025","2021,2022,2023,2024,2025"
300005,探路者,SZ,服装家纺,保留,,排除,0.822,750088227.93,10.717328,47.011084,2.358282,-0.072967,0.0,,"roe,net_margin","2016,2017,2018,2019,2020,2021,2022,2023,2024,2025","2021,2022,2023,2024,2025"
300006,莱美药业,SZ,化学制药,保留,,排除,-4.465,178194735.4,,66.889919,-2.668417,-6.304302,0.0,,"roe,ocf_ni,net_margin","2016,2017,2018,2019,2020,2021,2022,2023,2024,2025","2021,2022,2023,2024,2025"
300007,汉威科技,SZ,通用设备,保留,,排除,6.403,-388618867.71,8.87695,30.635122,0.761068,6.341762,0.0,,"roe,fcf","2016,2017,2018,2019,2020,2021,2022,2023,2024,2025","2021,2022,2023,2024,2025"
300008,天海防务,SZ,航海装备Ⅱ,保留,,排除,-11.764,-386474777.99,9.259461,13.808425,-1.185551,-19.689582,0.0,,"roe,fcf,gross_margin,ocf_ni,net_margin","2016,2017,2018,2019,2020,2021,2022,2023,2024,2025","2021,2022,2023,2024,2025"
300009,安科生物,SZ,生物制品,保留,,通过,15.987,2747691592.04,329.831444,77.982435,1.425641,21.985671,0.0,,,"2016,2017,2018,2019,2020,2021,2022,2023,2024,2025","2021,2022,2023,2024,2025"
300010,ST豆神,SZ,教育,保留,,排除,-30.151111,-307299470.07,,37.950459,-0.186591,-32.348902,0.0,,"roe,fcf,ocf_ni,net_margin","2016,2017,2018,2019,2020,2021,2022,2023,2024,2025","2021,2022,2023,2024,2025"
300011,鼎汉技术,SZ,轨交设备Ⅱ,保留,,排除,-5.475,46779546.03,-0.213139,29.752184,2.73775,-7.375184,0.0,,"roe,interest_coverage,net_margin","2016,2017,2018,2019,2020,2021,2022,2023,2024,2025","2021,2022,2023,2024,2025"
300012,华测检测,SZ,专业服务,保留,,通过,13.475,2523690550.54,61.194711,49.274418,1.278547,13.525572,0.0,,,"2016,2017,2018,2019,2020,2021,2022,2023,2024,2025","2021,2022,2023,2024,2025"
300013,新宁物流,SZ,物流,保留,,排除,-43.48625,-95331817.11,-3.010572,16.254929,-6.439557,-18.528904,0.0,,"roe,fcf,interest_coverage,ocf_ni,net_margin","2016,2017,2018,2019,2020,2021,2022,2023,2024,2025","2021,2022,2023,2024,2025"
300014,亿纬锂能,SZ,电池,保留,,排除,16.409,-15774791257.39,6.549095,17.646543,1.299692,13.16546,0.0,,fcf,"2016,2017,2018,2019,2020,2021,2022,2023,2024,2025","2021,2022,2023,2024,2025"
300015,爱尔眼科,SZ,医疗服务,保留,,通过,19.691,17036304647.9,26.154656,49.682058,1.700225,14.63395,0.0,,,"2016,2017,2018,2019,2020,2021,2022,2023,2024,2025","2021,2022,2023,2024,2025"
300016,北陆药业,SZ,化学制药,保留,,排除,7.38,-100819819.1,2.835837,51.629792,5.001662,13.033999,0.0,,"roe,fcf","2016,2017,2018,2019,2020,2021,2022,2023,2024,2025","2021,2022,2023,2024,2025"
300017,网宿科技,SZ,IT服务Ⅱ,保留,,排除,7.044,3581342075.34,,30.117619,2.751629,11.192905,0.0,,roe,"2016,2017,2018,2019,2020,2021,2022,2023,2024,2025","2021,2022,2023,2024,2025"
300018,中元股份,SZ,电网设备,保留,,排除,1.786,413419226.07,,47.367983,1.786576,3.152286,0.0,,"roe,net_margin","2016,2017,2018,2019,2020,2021,2022,2023,2024,2025","2021,2022,2023,2024,2025"
300019,硅宝科技,SZ,化学制品,周期,周期性行业,行业排除,,,,,,,,,,,
300020,ST银江,SZ,IT服务Ⅱ,保留,,排除,-8.477,-1376250841.99,-20.776816,10.591421,0.019682,-117.542315,0.0,,"roe,fcf,interest_coverage,gross_margin,ocf_ni,net_margin","2016,2017,2018,2019,2020,2021,2022,2023,2024,2025","2021,2022,2023,2024,2025"
300021,大禹节水,SZ,农业综合Ⅱ,保留,,排除,5.718,-99967460.59,1.157536,22.216222,0.99181,4.113597,0.0,,"roe,fcf,interest_coverage,net_margin","2016,2017,2018,2019,2020,2021,2022,2023,2024,2025","2021,2022,2023,2024,2025"
300022,吉峰科技,SZ,专业连锁Ⅱ,保留,,排除,-9.767,406360549.82,-0.004091,14.497271,2.658781,-0.821558,0.0,,"roe,interest_coverage,gross_margin,net_margin","2016,2017,2018,2019,2020,2021,2022,2023,2024,2025","2021,2022,2023,2024,2025"
300024,机器人,SZ,自动化设备,保留,,排除,-0.32,-999981508.53,-9.444109,11.414639,-2.80799,1.920227,0.0,,"roe,fcf,interest_coverage,gross_margin,ocf_ni,net_margin","2016,2017,2018,2019,2020,2021,2022,2023,2024,2025","2021,2022,2023,2024,2025"
300025,华星创业,SZ,通信服务,保留,,排除,-12.852,-67260715.76,-29.553341,11.539667,1.04609,-8.431069,0.0,,"roe,fcf,interest_coverage,gross_margin,net_margin","2016,2017,2018,2019,2020,2021,2022,2023,2024,2025","2021,2022,2023,2024,2025"
300026,红日药业,SZ,中药Ⅱ,保留,,排除,6.027,2212407977.63,6.449344,56.167201,17.670271,7.964872,0.0,,roe,"2016,2017,2018,2019,2020,2021,2022,2023,2024,2025","2021,2022,2023,2024,2025"
300027,ST华谊,SZ,影视院线,保留,,排除,-40.658,73923089.16,-3.79422,25.463954,-0.163891,-74.505076,0.0,,"roe,interest_coverage,ocf_ni,net_margin","2016,2017,2018,2019,2020,2021,2022,2023,2024,2025","2021,2022,2023,2024,2025"
300030,阳普医疗,SZ,医疗器械,保留,,排除,-3.43,237653309.94,4.653449,40.449859,2.927912,-4.742188,0.0,,"roe,net_margin","2016,2017,2018,2019,2020,2021,2022,2023,2024,2025","2021,2022,2023,2024,2025"
300031,宝通科技,SZ,游戏Ⅱ,保留,,排除,7.082,-195380977.93,,39.178899,1.435451,8.270558,0.0,,"roe,fcf","2016,2017,2018,2019,2020,2021,2022,2023,2024,2025","2021,2022,2023,2024,2025"
300032,金龙机电,SZ,消费电子,保留,,排除,-16.156,-347913996.37,0.077712,12.769778,3.955681,-11.555264,0.0,,"roe,fcf,interest_coverage,gross_margin,net_margin","2016,2017,2018,2019,2020,2021,2022,2023,2024,2025","2021,2022,2023,2024,2025"
300033,同花顺,SZ,软件开发,保留,,通过,30.049,10593810773.05,,90.213983,1.146116,51.724664,0.0,,,"2016,2017,2018,2019,2020,2021,2022,2023,2024,2025","2021,2022,2023,2024,2025"
300034,钢研高纳,SZ,航空装备Ⅱ,保留,,排除,7.957,310920266.61,14.583911,28.104185,1.562373,10.396674,0.0,,roe,"2016,2017,2018,2019,2020,2021,2022,2023,2024,2025","2021,2022,2023,2024,2025"
300035,中科电气,SZ,电池,保留,,排除,7.922,-6354994980.84,4.455778,20.261226,2.217732,11.47983,0.0,,"roe,fcf","2016,2017,2018,2019,2020,2021,2022,2023,2024,2025","2021,2022,2023,2024,2025"
300036,超图软件,SZ,软件开发,保留,,排除,5.492,-321975278.46,,53.960596,0.550712,6.270916,0.0,,"roe,fcf,ocf_ni","2016,2017,2018,2019,2020,2021,2022,2023,2024,2025","2021,2022,2023,2024,2025"
300037,新宙邦,SZ,电池,保留,,通过,13.816,1392114313.05,28.816346,29.447883,1.343375,15.167781,0.0,,,"2016,2017,2018,2019,2020,2021,2022,2023,2024,2025","2021,2022,2023,2024,2025"
300039,上海凯宝,SZ,中药Ⅱ,保留,,通过,10.836,1124050195.08,,79.829551,1.122147,18.07238,0.0,,,"2016,2017,2018,2019,2020,2021,2022,2023,2024,2025","2021,2022,2023,2024,2025"
300040,九洲集团,SZ,电力,保留,,排除,1.814,-353692187.12,0.623042,31.551566,4.120882,3.106629,0.0,,"roe,fcf,interest_coverage,net_margin","2016,2017,2018,2019,2020,2021,2022,2023,2024,2025","2021,2022,2023,2024,2025"
300041,回天新材,SZ,化学制品,周期,周期性行业,行业排除,,,,,,,,,,,
300042,朗科科技,SZ,计算机设备,保留,,排除,3.271,-273738869.25,,10.633667,-1.090653,2.430292,0.0,,"roe,fcf,gross_margin,ocf_ni,net_margin","2016,2017,2018,2019,2020,2021,2022,2023,2024,2025","2021,2022,2023,2024,2025"
300043,星辉娱乐,SZ,游戏Ⅱ,保留,,排除,0.01,29015444.05,,32.47348,1.658577,-3.666372,0.0,,"roe,net_margin","2016,2017,2018,2019,2020,2021,2022,2023,2024,2025","2021,2022,2023,2024,2025"
300044,*ST赛为,SZ,IT服务Ⅱ,保留,,排除,-24.722222,404548746.08,-4.84035,24.277906,-0.288498,-148.179845,0.0,,"roe,interest_coverage,ocf_ni,net_margin","2016,2017,2018,2019,2020,2021,2022,2023,2024,2025","2021,2022,2023,2024,2025"
300045,华力创通,SZ,军工电子Ⅱ,保留,,排除,-2.058,-89782942.93,-37.752691,33.687693,0.065761,-7.030725,0.0,,"roe,fcf,interest_coverage,ocf_ni,net_margin","2016,2017,2018,2019,2020,2021,2022,2023,2024,2025","2021,2022,2023,2024,2025"
300046,台基股份,SZ,半导体,保留,,排除,1.354,129613667.5,,27.548552,1.467717,3.042429,0.0,,"roe,net_margin","2016,2017,2018,2019,2020,2021,2022,2023,2024,2025","2021,2022,2023,2024,2025"
300047,天源迪科,SZ,软件开发,保留,,排除,3.416,-137055964.51,1.370671,10.553891,5.329751,2.313147,0.0,,"roe,fcf,interest_coverage,gross_margin,net_margin","2016,2017,2018,2019,2020,2021,2022,2023,2024,2025","2021,2022,2023,2024,2025"
300048,合康新能,SZ,自动化设备,保留,,排除,-2.872,839596033.9,,18.347894,8.829935,-4.897605,0.0,,"roe,net_margin","2016,2017,2018,2019,2020,2021,2022,2023,2024,2025","2021,2022,2023,2024,2025"
300049,福瑞医科,SZ,医疗器械,保留,,排除,5.784,522243607.62,22.244917,74.137415,2.300859,8.621564,0.0,,roe,"2016,2017,2018,2019,2020,2021,2022,2023,2024,2025","2021,2022,2023,2024,2025"
300050,世纪鼎利,SZ,通信服务,保留,,排除,-17.963,-49233625.53,,23.092774,0.5656,-53.088331,0.0,,"roe,fcf,ocf_ni,net_margin","2016,2017,2018,2019,2020,2021,2022,2023,2024,2025","2021,2022,2023,2024,2025"
300051,琏升科技,SZ,光伏设备,保留,,排除,-26.71,-1486395121.45,-6.67301,22.651311,-0.164161,-33.358027,0.0,,"roe,fcf,interest_coverage,ocf_ni,net_margin","2016,2017,2018,2019,2020,2021,2022,2023,2024,2025","2021,2022,2023,2024,2025"
300052,中青宝,SZ,IT服务Ⅱ,保留,,排除,-5.987,72686949.51,-3.22476,37.250249,-1.198466,-13.364743,0.0,,"roe,interest_coverage,ocf_ni,net_margin","2016,2017,2018,2019,2020,2021,2022,2023,2024,2025","2021,2022,2023,2024,2025"
300053,航宇微,SZ,半导体,保留,,排除,-6.326,-280782599.35,-39.044852,35.364115,0.554595,-48.390084,0.0,,"roe,fcf,interest_coverage,ocf_ni,net_margin","2016,2017,2018,2019,2020,2021,2022,2023,2024,2025","2021,2022,2023,2024,2025"
300054,鼎龙股份,SZ,电子化学品Ⅱ,保留,,排除,7.038,-535825909.68,18.259407,41.242877,1.412142,12.124632,0.0,,"roe,fcf","2016,2017,2018,2019,2020,2021,2022,2023,2024,2025","2021,2022,2023,2024,2025"
300055,万邦达,SZ,炼化及贸易,保留,,排除,0.165,-1614527268.86,-27.674699,10.520564,3.514927,-2.890561,0.0,,"roe,fcf,interest_coverage,gross_margin,net_margin","2016,2017,2018,2019,2020,2021,2022,2023,2024,2025","2021,2022,2023,2024,2025"
300056,中创环保,SZ,环境治理,保留,,排除,-28.978,-228003477.14,-7.179925,11.088094,0.185987,-19.213495,0.0,,"roe,fcf,interest_coverage,gross_margin,ocf_ni,net_margin","2016,2017,2018,2019,2020,2021,2022,2023,2024,2025","2021,2022,2023,2024,2025"
300057,万顺新材,SZ,工业金属,周期,周期性行业,行业排除,,,,,,,,,,,
300058,蓝色光标,SZ,广告营销,保留,,排除,2.055,3010217339.66,16.597527,3.931882,1.775299,0.809311,0.0,,"roe,gross_margin,net_margin","2016,2017,2018,2019,2020,2021,2022,2023,2024,2025","2021,2022,2023,2024,2025"
300059,东方财富,SZ,证券Ⅱ,金融,金融行业,行业排除,,,,,,,,,,,
300061,旗天科技,SZ,广告营销,保留,,排除,-15.917,76503623.48,-4.415931,31.322962,0.232445,-19.010467,0.0,,"roe,interest_coverage,ocf_ni,net_margin","2016,2017,2018,2019,2020,2021,2022,2023,2024,2025","2021,2022,2023,2024,2025"
300062,中能电气,SZ,电网设备,保留,,排除,0.515,9667736.98,-5.643015,19.936409,1.047045,-0.123073,0.0,,"roe,interest_coverage,net_margin","2016,2017,2018,2019,2020,2021,2022,2023,2024,2025","2021,2022,2023,2024,2025"
300063,天龙集团,SZ,广告营销,保留,,排除,-2.53,136872113.08,5.676426,6.264555,5.143523,-0.636454,0.0,,"roe,gross_margin,net_margin","2016,2017,2018,2019,2020,2021,2022,2023,2024,2025","2021,2022,2023,2024,2025"
300065,海兰信,SZ,航海装备Ⅱ,保留,,排除,-0.798,-339226400.84,7.402415,27.587822,2.559735,-5.507644,0.0,,"roe,fcf,net_margin","2016,2017,2018,2019,2020,2021,2022,2023,2024,2025","2021,2022,2023,2024,2025"
300066,三川智慧,SZ,通用设备,保留,,排除,8.236,115763454.04,34.887175,23.286459,0.648522,15.159962,0.0,,ocf_ni,"2016,2017,2018,2019,2020,2021,2022,2023,2024,2025","2021,2022,2023,2024,2025"
300067,安诺其,SZ,化学制品,周期,周期性行业,行业排除,,,,,,,,,,,
300068,ST南都,SZ,电池,保留,,排除,-10.347,-1683887770.11,-8.425082,5.27729,3.584336,-4.922638,0.0,,"roe,fcf,interest_coverage,gross_margin,net_margin","2016,2017,2018,2019,2020,2021,2022,2023,2024,2025","2021,2022,2023,2024,2025"
300069,金利华电,SZ,电网设备,保留,,排除,-5.737,-253360462.23,-3.598306,25.500792,0.58818,-14.844405,0.0,,"roe,fcf,interest_coverage,ocf_ni,net_margin","2016,2017,2018,2019,2020,2021,2022,2023,2024,2025","2021,2022,2023,2024,2025"
300070,碧水源,SZ,环境治理,保留,,排除,5.614,-7255218577.6,2.34507,28.305579,2.763512,9.723279,0.0,,"roe,fcf","2016,2017,2018,2019,2020,2021,2022,2023,2024,2025","2021,2022,2023,2024,2025"
300071,福石控股,SZ,广告营销,保留,,排除,-25.885556,110763201.79,-7.318606,26.729866,1.06278,-8.543056,0.0,,"roe,interest_coverage,net_margin","2016,2017,2018,2019,2020,2021,2022,2023,2024,2025","2021,2022,2023,2024,2025"
300072,海新能科,SZ,化学制品,周期,周期性行业,行业排除,,,,,,,,,,,
300073,当升科技,SZ,电池,保留,,通过,11.01,30345241.88,,15.76106,1.410281,8.047241,0.0,,,"2016,2017,2018,2019,2020,2021,2022,2023,2024,2025","2021,2022,2023,2024,2025"
300074,华平股份,SZ,软件开发,保留,,排除,-2.137,131589428.54,-58.175189,41.201437,4.026476,-5.953294,0.0,,"roe,interest_coverage,net_margin","2016,2017,2018,2019,2020,2021,2022,2023,2024,2025","2021,2022,2023,2024,2025"
300075,数字政通,SZ,软件开发,保留,,排除,3.204,-254385346.44,,30.958702,0.309172,-1.831645,0.0,,"roe,fcf,ocf_ni,net_margin","2016,2017,2018,2019,2020,2021,2022,2023,2024,2025","2021,2022,2023,2024,2025"
300076,*ST宁视,SZ,光学光电子,保留,,排除,-2.674,-292175259.1,,13.73425,2.238455,-22.31854,0.0,,"roe,fcf,gross_margin,net_margin","2016,2017,2018,2019,2020,2021,2022,2023,2024,2025","2021,2022,2023,2024,2025"
300077,国民技术,SZ,半导体,保留,,排除,-16.08,-1483096236.28,-1.660868,28.205569,3.878774,-35.948723,0.0,,"roe,fcf,interest_coverage,net_margin","2016,2017,2018,2019,2020,2021,2022,2023,2024,2025","2021,2022,2023,2024,2025"
300078,思创智联,SZ,IT服务Ⅱ,保留,,排除,-27.701,-336323940.26,-1.857266,16.159266,-0.108121,-27.061512,0.0,,"roe,fcf,interest_coverage,ocf_ni,net_margin","2016,2017,2018,2019,2020,2021,2022,2023,2024,2025","2021,2022,2023,2024,2025"
300079,数码视讯,SZ,IT服务Ⅱ,保留,,排除,1.868,597261335.36,,49.283029,4.210541,6.94642,0.0,,roe,"2016,2017,2018,2019,2020,2021,2022,2023,2024,2025","2021,2022,2023,2024,2025"
300080,易成新能,SZ,光伏设备,保留,,排除,2.482,-3680024459.49,-2.851313,6.851669,0.969027,-6.179032,0.0,,"roe,fcf,interest_coverage,gross_margin,net_margin","2016,2017,2018,2019,2020,2021,2022,2023,2024,2025","2021,2022,2023,2024,2025"
300081,ST恒信,SZ,通信服务,保留,,排除,-13.28,-758090899.73,-16.699377,17.174238,0.094956,-53.771347,0.0,,"roe,fcf,interest_coverage,ocf_ni,net_margin","2016,2017,2018,2019,2020,2021,2022,2023,2024,2025","2021,2022,2023,2024,2025"
300082,奥克股份,SZ,化学原料,周期,周期性行业,行业排除,,,,,,,,,,,
300083,创世纪,SZ,自动化设备,保留,,排除,-4.55,33833129.88,75.373173,25.207003,0.811811,-3.218249,0.0,,"roe,net_margin","2016,2017,2018,2019,2020,2021,2022,2023,2024,2025","2021,2022,2023,2024,2025"
300084,海默科技,SZ,专用设备,保留,,排除,-7.478,407629736.46,-1.022046,39.104396,0.818226,-17.943741,0.0,,"roe,interest_coverage,net_margin","2016,2017,2018,2019,2020,2021,2022,2023,2024,2025","2021,2022,2023,2024,2025"
300085,银之杰,SZ,软件开发,保留,,排除,-8.684,134084701.66,-16.010148,24.58473,-0.358794,-6.3548,0.0,,"roe,interest_coverage,ocf_ni,net_margin","2016,2017,2018,2019,2020,2021,2022,2023,2024,2025","2021,2022,2023,2024,2025"
300086,康芝药业,SZ,化学制药,保留,,排除,-5.039,-283210054.37,-14.389821,53.550489,-1.033359,-11.293324,0.0,,"roe,fcf,interest_coverage,ocf_ni,net_margin","2016,2017,2018,2019,2020,2021,2022,2023,2024,2025","2021,2022,2023,2024,2025"
300087,ST荃银,SZ,种植业,保留,,排除,10.111,452830641.09,-1.967931,25.817771,1.01474,5.196559,0.0,,interest_coverage,"2016,2017,2018,2019,2020,2021,2022,2023,2024,2025","2021,2022,2023,2024,2025"
300088,长信科技,SZ,光学光电子,保留,,排除,9.825,-1170066972.16,3.086414,14.732381,1.890778,7.343651,0.0,,"fcf,gross_margin","2016,2017,2018,2019,2020,2021,2022,2023,2024,2025","2021,2022,2023,2024,2025"
300091,*ST金灵,SZ,通用设备,保留,,排除,-12.453333,-1191202447.56,-11.769313,10.088981,0.583769,-33.514142,0.0,,"roe,fcf,interest_coverage,gross_margin,ocf_ni,net_margin","2016,2017,2018,2019,2020,2021,2022,2023,2024,2025","2021,2022,2023,2024,2025"
300092,科新机电,SZ,专用设备,保留,,排除,8.497,56109603.61,349.67921,24.558955,0.549837,8.154445,0.0,,ocf_ni,"2016,2017,2018,2019,2020,2021,2022,2023,2024,2025","2021,2022,2023,2024,2025"
300093,金刚光伏,SZ,光伏设备,保留,,排除,-3198.41625,-3403090696.28,0.913886,-54.052382,0.215908,-80.152569,0.0,,"roe,fcf,interest_coverage,gross_margin,ocf_ni,net_margin","2016,2017,2018,2019,2020,2021,2022,2023,2024,2025","2021,2022,2023,2024,2025"
300094,国联水产,SZ,渔业,保留,,排除,-22.078,366870248.9,-17.948513,7.984487,-6.788882,-8.88762,0.0,,"roe,interest_coverage,gross_margin,ocf_ni,net_margin","2016,2017,2018,2019,2020,2021,2022,2023,2024,2025","2021,2022,2023,2024,2025"
300095,华伍股份,SZ,专用设备,保留,,排除,0.744,354815268.02,-9.102271,27.018176,0.209883,0.497873,0.0,,"roe,interest_coverage,ocf_ni,net_margin","2016,2017,2018,2019,2020,2021,2022,2023,2024,2025","2021,2022,2023,2024,2025"
300096,ST易联众,SZ,IT服务Ⅱ,保留,,排除,-6.406,-233146400.46,,51.313861,0.387723,-5.591031,0.0,,"roe,fcf,ocf_ni,net_margin","2016,2017,2018,2019,2020,2021,2022,2023,2024,2025","2021,2022,2023,2024,2025"
300097,智云股份,SZ,自动化设备,保留,,排除,-20.474,-175984252.2,-100.619841,27.444266,-0.073606,-51.392839,0.0,,"roe,fcf,interest_coverage,ocf_ni,net_margin","2016,2017,2018,2019,2020,2021,2022,2023,2024,2025","2021,2022,2023,2024,2025"
300098,高新兴,SZ,通信设备,保留,,排除,-4.242,-152561131.35,,29.983146,-0.577598,-6.696234,0.0,,"roe,fcf,ocf_ni,net_margin","2016,2017,2018,2019,2020,2021,2022,2023,2024,2025","2021,2022,2023,2024,2025"
300099,尤洛卡,SZ,专用设备,保留,,排除,5.818,210026289.84,,46.832503,0.658567,20.15603,0.0,,"roe,ocf_ni","2016,2017,2018,2019,2020,2021,2022,2023,2024,2025","2021,2022,2023,2024,2025"
300100,双林股份,SZ,汽车零部件,周期,周期性行业,行业排除,,,,,,,,,,,
300101,振芯科技,SZ,军工电子Ⅱ,保留,,排除,6.282,-448214746.31,3.706697,54.719109,1.118798,9.564892,0.0,,"roe,fcf","2016,2017,2018,2019,2020,2021,2022,2023,2024,2025","2021,2022,2023,2024,2025"
300102,乾照光电,SZ,光学光电子,保留,,排除,0.838,1348602911.01,3.313275,16.518475,2.534158,1.023572,0.0,,"roe,net_margin","2016,2017,2018,2019,2020,2021,2022,2023,2024,2025","2021,2022,2023,2024,2025"
300103,达刚控股,SZ,专用设备,保留,,排除,-6.2,-74529630.28,-51.595631,15.147835,1.938549,-19.681276,0.0,,"roe,fcf,interest_coverage,net_margin","2016,2017,2018,2019,2020,2021,2022,2023,2024,2025","2021,2022,2023,2024,2025"
300105,龙源技术,SZ,其他电源设备Ⅱ,保留,,排除,0.756,147965938.92,,18.879538,1.087154,-0.05745,0.0,,"roe,net_margin","2016,2017,2018,2019,2020,2021,2022,2023,2024,2025","2021,2022,2023,2024,2025"
300106,西部牧业,SZ,饮料乳品,保留,,排除,-10.093,218169757.68,-6.070756,12.940695,2.685282,-8.690336,0.0,,"roe,interest_coverage,gross_margin,net_margin","2016,2017,2018,2019,2020,2021,2022,2023,2024,2025","2021,2022,2023,2024,2025"
300107,建新股份,SZ,化学制品,周期,周期性行业,行业排除,,,,,,,,,,,
300109,新开源,SZ,化学制品,周期,周期性行业,行业排除,,,,,,,,,,,
300110,华仁药业,SZ,化学制药,保留,,排除,-7.939,467933088.11,-10.773005,41.764623,-0.536828,-8.750436,0.0,,"roe,interest_coverage,ocf_ni,net_margin","2016,2017,2018,2019,2020,2021,2022,2023,2024,2025","2021,2022,2023,2024,2025"
300111,向日葵,SZ,化学制药,保留,,排除,-22.313,69951132.21,,26.774918,-3.233226,-9.093968,0.0,,"roe,ocf_ni,net_margin","2016,2017,2018,2019,2020,2021,2022,2023,2024,2025","2021,2022,2023,2024,2025"
300112,万讯自控,SZ,通用设备,保留,,排除,3.701,71569823.05,-3.503848,46.668352,1.341154,5.250202,0.0,,"roe,interest_coverage","2016,2017,2018,2019,2020,2021,2022,2023,2024,2025","2021,2022,2023,2024,2025"
300113,顺网科技,SZ,游戏Ⅱ,保留,,通过,8.331,1105283752.1,116.410787,49.722076,1.675386,10.786691,0.0,,,"2016,2017,2018,2019,2020,2021,2022,2023,2024,2025","2021,2022,2023,2024,2025"
300115,长盈精密,SZ,消费电子,保留,,排除,5.9,-4230446943.13,4.215024,18.411167,10.538707,2.864663,0.0,,"roe,fcf,net_margin","2016,2017,2018,2019,2020,2021,2022,2023,2024,2025","2021,2022,2023,2024,2025"
300118,东方日升,SZ,光伏设备,保留,,排除,1.67,-14751494342.19,-5.780929,7.726192,-2.280332,-0.695892,0.0,,"roe,fcf,interest_coverage,gross_margin,ocf_ni,net_margin","2016,2017,2018,2019,2020,2021,2022,2023,2024,2025","2021,2022,2023,2024,2025"
300119,瑞普生物,SZ,动物保健Ⅱ,保留,,通过,9.536,923912043.2,13.837704,45.308147,1.22867,14.23883,0.0,,,"2016,2017,2018,2019,2020,2021,2022,2023,2024,2025","2021,2022,2023,2024,2025"
300120,经纬辉开,SZ,光学光电子,保留,,排除,0.189,116443340.03,-6.772509,13.618269,1.320606,-0.012597,0.0,,"roe,interest_coverage,gross_margin,net_margin","2016,2017,2018,2019,2020,2021,2022,2023,2024,2025","2021,2022,2023,2024,2025"
300121,阳谷华泰,SZ,橡胶,保留,,通过,15.083,250574211.93,17.768945,21.669136,1.242369,10.362464,0.0,,,"2016,2017,2018,2019,2020,2021,2022,2023,2024,2025","2021,2022,2023,2024,2025"
300122,智飞生物,SZ,生物制品,保留,,排除,23.898,14096632115.17,-57.861474,28.971157,-0.057133,2.287214,0.0,,"interest_coverage,ocf_ni,net_margin","2016,2017,2018,2019,2020,2021,2022,2023,2024,2025","2021,2022,2023,2024,2025"
300123,ST亚光,SZ,军工电子Ⅱ,保留,,排除,-22.077,-828470474.11,-8.550573,17.47961,-0.111841,-38.007673,0.0,,"roe,fcf,interest_coverage,ocf_ni,net_margin","2016,2017,2018,2019,2020,2021,2022,2023,2024,2025","2021,2022,2023,2024,2025"
300124,汇川技术,SZ,自动化设备,保留,,通过,20.413,13132514849.68,,32.164118,0.989805,17.568166,0.0,,,"2016,2017,2018,2019,2020,2021,2022,2023,2024,2025","2021,2022,2023,2024,2025"
300125,*ST聆达,SZ,电力,保留,,排除,-10.802222,-139540155.63,-1.967858,-20.931954,-3.169946,-182.930507,0.0,,"roe,fcf,interest_coverage,gross_margin,ocf_ni,net_margin","2016,2017,2018,2019,2020,2021,2022,2023,2024,2025","2021,2022,2023,2024,2025"
300126,锐奇股份,SZ,通用设备,保留,,排除,-0.583,-216770872.73,,12.615142,-1.183557,-1.132174,0.0,,"roe,fcf,gross_margin,ocf_ni,net_margin","2016,2017,2018,2019,2020,2021,2022,2023,2024,2025","2021,2022,2023,2024,2025"
300127,银河磁体,SZ,金属新材料,保留,,通过,12.556,444669289.45,,32.292921,0.887901,23.807405,0.0,,,"2016,2017,2018,2019,2020,2021,2022,2023,2024,2025","2021,2022,2023,2024,2025"
300128,锦富技术,SZ,消费电子,保留,,排除,-21.983,-1628905876.84,-5.473163,15.577135,0.524773,-12.048787,0.0,,"roe,fcf,interest_coverage,ocf_ni,net_margin","2016,2017,2018,2019,2020,2021,2022,2023,2024,2025","2021,2022,2023,2024,2025"
300129,泰胜风能,SZ,风电设备,保留,,排除,7.262,-1617235968.53,8.442741,15.710767,-0.29891,7.100458,0.0,,"roe,fcf,ocf_ni","2016,2017,2018,2019,2020,2021,2022,2023,2024,2025","2021,2022,2023,2024,2025"
300130,新国都,SZ,计算机设备,保留,,通过,8.907,2618847888.13,,32.152504,2.450008,8.877747,0.0,,,"2016,2017,2018,2019,2020,2021,2022,2023,2024,2025","2021,2022,2023,2024,2025"
300131,英唐智控,SZ,其他电子Ⅱ,保留,,排除,5.678,368523557.14,0.601389,8.669831,4.988066,1.495818,0.0,,"roe,interest_coverage,gross_margin,net_margin","2016,2017,2018,2019,2020,2021,2022,2023,2024,2025","2021,2022,2023,2024,2025"
300132,青松股份,SZ,化妆品,保留,,排除,3.069,472495767.11,104.059335,13.736526,0.53564,2.934248,0.0,,"roe,gross_margin,ocf_ni,net_margin","2016,2017,2018,2019,2020,2021,2022,2023,2024,2025","2021,2022,2023,2024,2025"
300133,华策影视,SZ,影视院线,保留,,排除,2.775,1051426740.73,849.274264,27.902125,1.145865,4.436608,0.0,,"roe,net_margin","2016,2017,2018,2019,2020,2021,2022,2023,2024,2025","2021,2022,2023,2024,2025"
300134,大富科技,SZ,通信设备,保留,,排除,-3.625,-1454809897.51,-14.826616,16.81536,0.198612,-8.100845,0.0,,"roe,fcf,interest_coverage,ocf_ni,net_margin","2016,2017,2018,2019,2020,2021,2022,2023,2024,2025","2021,2022,2023,2024,2025"
300135,宝利国际,SZ,炼化及贸易,保留,,排除,-2.26,44714879.76,-15.399226,5.462656,2.262963,-1.043036,0.0,,"roe,interest_coverage,gross_margin,net_margin","2016,2017,2018,2019,2020,2021,2022,2023,2024,2025","2021,2022,2023,2024,2025"
300136,信维通信,SZ,消费电子,保留,,通过,18.918,2174134827.34,10.265108,21.331905,2.390712,14.061949,0.0,,,"2016,2017,2018,2019,2020,2021,2022,2023,2024,2025","2021,2022,2023,2024,2025"
300137,先河环保,SZ,环保设备Ⅱ,保留,,排除,3.817,-149858467.2,,39.208666,0.376511,4.569408,0.0,,"roe,fcf,ocf_ni,net_margin","2016,2017,2018,2019,2020,2021,2022,2023,2024,2025","2021,2022,2023,2024,2025"
300138,晨光生物,SZ,农产品加工,保留,,排除,10.578,-730506162.15,7.547252,12.274273,-0.228773,5.504148,0.0,,"fcf,gross_margin,ocf_ni","2016,2017,2018,2019,2020,2021,2022,2023,2024,2025","2021,2022,2023,2024,2025"
300139,晓程科技,SZ,贵金属,周期,周期性行业,行业排除,,,,,,,,,,,
300140,节能环境,SZ,环境治理,保留,,排除,1.679,3723515504.78,3.469291,30.355612,2.369677,1.004421,0.0,,"roe,net_margin","2016,2017,2018,2019,2020,2021,2022,2023,2024,2025","2021,2022,2023,2024,2025"
300141,和顺电气,SZ,电网设备,保留,,排除,-1.18,244838162.33,-25.650554,21.209164,0.446383,-1.798092,0.0,,"roe,interest_coverage,ocf_ni,net_margin","2016,2017,2018,2019,2020,2021,2022,2023,2024,2025","2021,2022,2023,2024,2025"
300142,沃森生物,SZ,生物制品,保留,,排除,5.485,368235617.22,,83.270738,3.210873,14.661717,0.0,,roe,"2016,2017,2018,2019,2020,2021,2022,2023,2024,2025","2021,2022,2023,2024,2025"
300143,盈康生命,SZ,医疗服务,保留,,排除,-5.8,311157147.8,14.760638,26.341113,1.699199,-11.554963,0.0,,"roe,net_margin","2016,2017,2018,2019,2020,2021,2022,2023,2024,2025","2021,2022,2023,2024,2025"
300144,宋城演艺,SZ,旅游及景区,保留,,排除,6.673,3561506348.1,,59.986442,-2.842107,5.67261,0.0,,"roe,ocf_ni","2016,2017,2018,2019,2020,2021,2022,2023,2024,2025","2021,2022,2023,2024,2025"
300145,南方泵业,SZ,通用设备,保留,,排除,-1.566,1508162914.46,,33.712176,2.463865,-0.260681,0.0,,"roe,net_margin","2016,2017,2018,2019,2020,2021,2022,2023,2024,2025","2021,2022,2023,2024,2025"
300146,汤臣倍健,SZ,食品加工,保留,,通过,12.516,4944555296.99,,67.564285,1.161846,17.091559,0.0,,,"2016,2017,2018,2019,2020,2021,2022,2023,2024,2025","2021,2022,2023,2024,2025"
300147,*ST香雪,SZ,中药Ⅱ,保留,,排除,-11.926667,-136608606.17,-3.335354,27.436709,-0.321682,-18.346857,0.0,,"roe,fcf,interest_coverage,ocf_ni,net_margin","2016,2017,2018,2019,2020,2021,2022,2023,2024,2025","2021,2022,2023,2024,2025"
300148,天舟文化,SZ,出版,保留,,排除,-10.292,188546747.18,,31.758068,-0.383376,-34.033052,0.0,,"roe,ocf_ni,net_margin","2016,2017,2018,2019,2020,2021,2022,2023,2024,2025","2021,2022,2023,2024,2025"
300149,睿智医药,SZ,医疗服务,保留,,排除,-3.296,195172396.3,2.432563,26.692531,2.615905,-1.598039,0.0,,"roe,net_margin","2016,2017,2018,2019,2020,2021,2022,2023,2024,2025","2021,2022,2023,2024,2025"
300150,世纪瑞尔,SZ,IT服务Ⅱ,保留,,排除,-0.314,140025135.22,113.679094,35.286297,1.71374,-0.374859,0.0,,"roe,net_margin","2016,2017,2018,2019,2020,2021,2022,2023,2024,2025","2021,2022,2023,2024,2025"
300151,昌红科技,SZ,专用设备,保留,,排除,6.992,-391997372.99,4.247456,27.337124,2.658946,8.315872,0.0,,"roe,fcf","2016,2017,2018,2019,2020,2021,2022,2023,2024,2025","2021,2022,2023,2024,2025"
300152,*ST动力,SZ,环境治理,保留,,排除,-18.853,-57000091.84,-8.191999,20.877829,-0.055009,-40.369354,0.0,,"roe,fcf,interest_coverage,ocf_ni,net_margin","2016,2017,2018,2019,2020,2021,2022,2023,2024,2025","2021,2022,2023,2024,2025"
300153,科泰电源,SZ,其他电源设备Ⅱ,保留,,排除,0.854,499632587.01,,14.155247,6.260539,-0.116353,0.0,,"roe,gross_margin,net_margin","2016,2017,2018,2019,2020,2021,2022,2023,2024,2025","2021,2022,2023,2024,2025"
300154,瑞凌股份,SZ,通用设备,保留,,排除,6.094,-116188155.26,53.122135,21.755153,0.862901,13.159148,0.0,,"roe,fcf","2016,2017,2018,2019,2020,2021,2022,2023,2024,2025","2021,2022,2023,2024,2025"
300155,安居宝,SZ,计算机设备,保留,,排除,0.657,313608977.19,,36.659892,-1.173172,-5.324502,0.0,,"roe,ocf_ni,net_margin","2016,2017,2018,2019,2020,2021,2022,2023,2024,2025","2021,2022,2023,2024,2025"
300157,新锦动力,SZ,通用设备,保留,,排除,-59.23875,-41986456.87,1.333083,22.883101,-0.458735,-53.962503,0.0,,"roe,fcf,interest_coverage,ocf_ni,net_margin","2016,2017,2018,2019,2020,2021,2022,2023,2024,2025","2021,2022,2023,2024,2025"
300158,振东制药,SZ,中药Ⅱ,保留,,排除,1.504,-1380004379.1,-187.003986,51.380813,1.146653,1.186768,0.0,,"roe,fcf,interest_coverage,net_margin","2016,2017,2018,2019,2020,2021,2022,2023,2024,2025","2021,2022,2023,2024,2025"
300159,新研股份,SZ,专用设备,保留,,排除,-36.165556,198743498.69,2.331366,21.792047,0.121679,-74.639902,0.0,,"roe,ocf_ni,net_margin","2016,2017,2018,2019,2020,2021,2022,2023,2024,2025","2021,2022,2023,2024,2025"
300160,秀强股份,SZ,家电零部件Ⅱ,保留,,排除,7.668,599878600.81,29.069518,27.070014,1.268617,8.263698,0.0,,roe,"2016,2017,2018,2019,2020,2021,2022,2023,2024,2025","2021,2022,2023,2024,2025"
300161,华中数控,SZ,通用设备,保留,,排除,1.223,-804883355.4,0.565911,33.784466,3.486994,1.305016,0.0,,"roe,fcf,interest_coverage,net_margin","2016,2017,2018,2019,2020,2021,2022,2023,2024,2025","2021,2022,2023,2024,2025"
300162,雷曼光电,SZ,光学光电子,保留,,排除,-5.095,9941965.35,-16.286994,24.244774,-0.0827,-4.231799,0.0,,"roe,interest_coverage,ocf_ni,net_margin","2016,2017,2018,2019,2020,2021,2022,2023,2024,2025","2021,2022,2023,2024,2025"
300163,先锋新材,SZ,化学制品,周期,周期性行业,行业排除,,,,,,,,,,,
300164,通源石油,SZ,油服工程,保留,,排除,-4.503,78521111.34,8.248765,31.11395,3.513777,-12.878056,0.0,,"roe,net_margin","2016,2017,2018,2019,2020,2021,2022,2023,2024,2025","2021,2022,2023,2024,2025"
300165,天瑞仪器,SZ,通用设备,保留,,排除,-3.002,-908263584.23,-9.189812,34.780696,2.744226,-3.591521,0.0,,"roe,fcf,interest_coverage,net_margin","2016,2017,2018,2019,2020,2021,2022,2023,2024,2025","2021,2022,2023,2024,2025"
300166,东方国信,SZ,IT服务Ⅱ,保留,,排除,3.651,-2327567798.32,-3.656012,30.201295,1.916376,9.09669,0.0,,"roe,fcf,interest_coverage","2016,2017,2018,2019,2020,2021,2022,2023,2024,2025","2021,2022,2023,2024,2025"
300167,ST迪威迅,SZ,IT服务Ⅱ,保留,,排除,-42.938889,-92055603.65,-0.976696,17.707416,0.371974,-28.002853,0.0,,"roe,fcf,interest_coverage,ocf_ni,net_margin","2016,2017,2018,2019,2020,2021,2022,2023,2024,2025","2021,2022,2023,2024,2025"
300168,万达信息,SZ,IT服务Ⅱ,保留,,排除,-20.788,-1324330073.4,-9.400953,23.004303,0.182955,-17.909114,0.0,,"roe,fcf,interest_coverage,ocf_ni,net_margin","2016,2017,2018,2019,2020,2021,2022,2023,2024,2025","2021,2022,2023,2024,2025"
300169,天晟新材,SZ,化学制品,周期,周期性行业,行业排除,,,,,,,,,,,
300170,汉得信息,SZ,IT服务Ⅱ,保留,,排除,7.161,-56280251.48,,30.145858,-0.728458,8.051474,0.0,,"roe,fcf,ocf_ni","2016,2017,2018,2019,2020,2021,2022,2023,2024,2025","2021,2022,2023,2024,2025"
300171,东富龙,SZ,医疗器械,保留,,通过,8.538,259453341.65,,35.761278,1.918047,10.559704,0.0,,,"2016,2017,2018,2019,2020,2021,2022,2023,2024,2025","2021,2022,2023,2024,2025"
300172,中电环保,SZ,环境治理,保留,,排除,7.569,820663482.47,,26.294276,2.311085,13.292993,0.0,,roe,"2016,2017,2018,2019,2020,2021,2022,2023,2024,2025","2021,2022,2023,2024,2025"
300173,ST福能,SZ,电池,保留,,排除,-13.152,-241479642.04,-4.592261,22.154731,-0.088241,-32.709085,0.0,,"roe,fcf,interest_coverage,ocf_ni,net_margin","2016,2017,2018,2019,2020,2021,2022,2023,2024,2025","2021,2022,2023,2024,2025"
300174,元力股份,SZ,化学制品,周期,周期性行业,行业排除,,,,,,,,,,,
300175,朗源股份,SZ,农产品加工,保留,,排除,-3.881,-42389748.13,-17.137426,13.28473,0.566613,-10.124873,0.0,,"roe,fcf,interest_coverage,gross_margin,ocf_ni,net_margin","2016,2017,2018,2019,2020,2021,2022,2023,2024,2025","2021,2022,2023,2024,2025"
300176,鸿特科技,SZ,汽车零部件,周期,周期性行业,行业排除,,,,,,,,,,,
300177,中海达,SZ,军工电子Ⅱ,保留,,排除,-3.551,-632002666.72,-14.843086,39.113432,-2.508952,-5.394247,0.0,,"roe,fcf,interest_coverage,ocf_ni,net_margin","2016,2017,2018,2019,2020,2021,2022,2023,2024,2025","2021,2022,2023,2024,2025"
300179,四方达,SZ,通用设备,保留,,排除,9.642,-298454034.04,30.597163,50.847695,0.636439,21.747037,0.0,,"fcf,ocf_ni","2016,2017,2018,2019,2020,2021,2022,2023,2024,2025","2021,2022,2023,2024,2025"
300180,华峰超纤,SZ,塑料,保留,,排除,0.253,1363603151.16,4.372946,15.306924,5.581643,0.774911,0.0,,"roe,net_margin","2016,2017,2018,2019,2020,2021,2022,2023,2024,2025","2021,2022,2023,2024,2025"
300181,佐力药业,SZ,中药Ⅱ,保留,,通过,9.784,559965102.75,77.990327,66.595767,0.912082,11.56776,0.0,,,"2016,2017,2018,2019,2020,2021,2022,2023,2024,2025","2021,2022,2023,2024,2025"
300182,捷成股份,SZ,影视院线,保留,,排除,0.367,1204748540.69,2.809471,25.299781,5.180869,0.615565,0.0,,"roe,net_margin","2016,2017,2018,2019,2020,2021,2022,2023,2024,2025","2021,2022,2023,2024,2025"
300183,东软载波,SZ,通信设备,保留,,排除,5.733,-102650783.69,,39.630815,2.63187,17.079626,0.0,,"roe,fcf","2016,2017,2018,2019,2020,2021,2022,2023,2024,2025","2021,2022,2023,2024,2025"
300184,力源信息,SZ,其他电子Ⅱ,保留,,排除,0.742,-62983543.51,7.04051,9.362932,0.080108,0.498042,0.0,,"roe,fcf,gross_margin,ocf_ni,net_margin","2016,2017,2018,2019,2020,2021,2022,2023,2024,2025","2021,2022,2023,2024,2025"
300185,通裕重工,SZ,风电设备,保留,,排除,3.668,-1692366846.33,0.978744,15.35066,4.121795,4.65519,0.0,,"roe,fcf,interest_coverage,net_margin","2016,2017,2018,2019,2020,2021,2022,2023,2024,2025","2021,2022,2023,2024,2025"
300187,永清环保,SZ,环境治理,保留,,排除,1.613,178999967.45,2.110071,24.814991,1.631306,0.849438,0.0,,"roe,net_margin","2016,2017,2018,2019,2020,2021,2022,2023,2024,2025","2021,2022,2023,2024,2025"
300188,国投智能,SZ,软件开发,保留,,排除,3.071,-408689078.94,,45.838422,-0.486089,1.679488,0.0,,"roe,fcf,ocf_ni,net_margin","2016,2017,2018,2019,2020,2021,2022,2023,2024,2025","2021,2022,2023,2024,2025"
300189,神农种业,SZ,种植业,保留,,排除,-5.065,-361879009.56,46.348959,34.232027,0.001203,-45.781124,0.0,,"roe,fcf,ocf_ni,net_margin","2016,2017,2018,2019,2020,2021,2022,2023,2024,2025","2021,2022,2023,2024,2025"
300190,维尔利,SZ,环境治理,保留,,排除,-1.678,96161596.57,-3.617776,16.959872,-0.145981,-2.600969,0.0,,"roe,interest_coverage,ocf_ni,net_margin","2016,2017,2018,2019,2020,2021,2022,2023,2024,2025","2021,2022,2023,2024,2025"
300191,潜能恒信,SZ,油服工程,保留,,排除,-0.036,-1805007828.97,0.555488,39.077123,1.557433,2.325088,0.0,,"roe,fcf,interest_coverage,net_margin","2016,2017,2018,2019,2020,2021,2022,2023,2024,2025","2021,2022,2023,2024,2025"
300192,科德教育,SZ,教育,保留,,排除,3.008,823755411.58,452.93102,32.583162,1.386287,4.324949,0.0,,"roe,net_margin","2016,2017,2018,2019,2020,2021,2022,2023,2024,2025","2021,2022,2023,2024,2025"
300193,佳士科技,SZ,通用设备,保留,,通过,8.253,570592613.14,,28.708562,0.930725,17.490557,0.0,,,"2016,2017,2018,2019,2020,2021,2022,2023,2024,2025","2021,2022,2023,2024,2025"
300194,福安药业,SZ,化学制药,保留,,排除,3.018,179476261.02,,52.900564,1.470651,5.785394,0.0,,roe,"2016,2017,2018,2019,2020,2021,2022,2023,2024,2025","2021,2022,2023,2024,2025"
300195,长荣股份,SZ,专用设备,保留,,排除,-1.036,62236780.7,0.44378,32.389251,3.847242,-2.285907,0.0,,"roe,interest_coverage,net_margin","2016,2017,2018,2019,2020,2021,2022,2023,2024,2025","2021,2022,2023,2024,2025"
300196,长海股份,SZ,玻璃玻纤,周期,周期性行业,行业排除,,,,,,,,,,,
300197,节能铁汉,SZ,基础建设,周期,周期性行业,行业排除,,,,,,,,,,,
300198,*ST纳川,SZ,装修建材,保留,,排除,-24.995556,86211598.21,,16.7116,0.130776,-77.692424,0.0,,"roe,ocf_ni,net_margin","2016,2017,2018,2019,2020,2021,2022,2023,2024,2025","2021,2022,2023,2024,2025"
300199,翰宇药业,SZ,化学制药,保留,,排除,-14.869,-253088913.67,0.612915,62.827878,2.100466,-38.803372,0.0,,"roe,fcf,interest_coverage,net_margin","2016,2017,2018,2019,2020,2021,2022,2023,2024,2025","2021,2022,2023,2024,2025"
300200,高盟新材,SZ,化学制品,周期,周期性行业,行业排除,,,,,,,,,,,
300201,海伦哲,SZ,工程机械,周期,周期性行业,行业排除,,,,,,,,,,,
300203,聚光科技,SZ,通用设备,保留,,排除,3.476,365752817.42,-2.133164,39.448634,0.514621,3.259454,0.0,,"roe,interest_coverage,ocf_ni,net_margin","2016,2017,2018,2019,2020,2021,2022,2023,2024,2025","2021,2022,2023,2024,2025"
300204,舒泰神,SZ,化学制药,保留,,排除,-5.363,-1000418169.17,-10.951343,80.547413,0.939833,-22.207656,0.0,,"roe,fcf,interest_coverage,net_margin","2016,2017,2018,2019,2020,2021,2022,2023,2024,2025","2021,2022,2023,2024,2025"
300205,*ST天喻,SZ,通信设备,保留,,排除,-9.457,-776374655.58,,26.222708,-1.456717,-39.289854,0.0,,"roe,fcf,ocf_ni,net_margin","2016,2017,2018,2019,2020,2021,2022,2023,2024,2025","2021,2022,2023,2024,2025"
300206,理邦仪器,SZ,医疗器械,保留,,通过,12.642,1118220722.61,,57.163702,1.318322,12.113213,0.0,,,"2016,2017,2018,2019,2020,2021,2022,2023,2024,2025","2021,2022,2023,2024,2025"
300207,欣旺达,SZ,电池,保留,,排除,11.742,-20720141092.47,-0.592595,14.34813,2.269256,2.96242,0.0,,"fcf,interest_coverage,gross_margin,net_margin","2016,2017,2018,2019,2020,2021,2022,2023,2024,2025","2021,2022,2023,2024,2025"
300209,行云科技,SZ,软件开发,保留,,排除,-33.667778,-363114356.41,,14.216921,0.299279,-33.520435,0.0,,"roe,fcf,gross_margin,ocf_ni,net_margin","2016,2017,2018,2019,2020,2021,2022,2023,2024,2025","2021,2022,2023,2024,2025"
300210,森远股份,SZ,环保设备Ⅱ,保留,,排除,-10.925,131125313.6,-1.51732,22.331081,-0.532552,-37.971292,0.0,,"roe,interest_coverage,ocf_ni,net_margin","2016,2017,2018,2019,2020,2021,2022,2023,2024,2025","2021,2022,2023,2024,2025"
300211,*ST亿通,SZ,通信服务,保留,,排除,0.263,-5888499.4,,31.21342,-13.019127,-0.995058,0.0,,"roe,fcf,ocf_ni,net_margin","2016,2017,2018,2019,2020,2021,2022,2023,2024,2025","2021,2022,2023,2024,2025"
300212,*ST易录,SZ,IT服务Ⅱ,保留,,排除,-16.76,-1517275781.48,-9.694375,5.259301,10.54156,-139.964437,0.0,,"roe,fcf,interest_coverage,gross_margin,net_margin","2016,2017,2018,2019,2020,2021,2022,2023,2024,2025","2021,2022,2023,2024,2025"
300213,佳讯飞鸿,SZ,通信设备,保留,,排除,4.325,275343950.95,-22.594862,42.2726,0.73994,6.403165,0.0,,"roe,interest_coverage","2016,2017,2018,2019,2020,2021,2022,2023,2024,2025","2021,2022,2023,2024,2025"
300214,日科化学,SZ,化学制品,周期,周期性行业,行业排除,,,,,,,,,,,
300215,电科院,SZ,专业服务,保留,,排除,4.423,1593319677.81,0.428966,37.438462,20.023011,11.865745,0.0,,"roe,interest_coverage","2016,2017,2018,2019,2020,2021,2022,2023,2024,2025","2021,2022,2023,2024,2025"
300217,东方电热,SZ,家电零部件Ⅱ,保留,,排除,6.004,177379117.8,1683.661098,20.603595,0.864915,5.750049,0.0,,roe,"2016,2017,2018,2019,2020,2021,2022,2023,2024,2025","2021,2022,2023,2024,2025"
300218,安利股份,SZ,塑料,保留,,排除,6.995,714575521.68,24.817696,21.449047,1.927123,4.312695,0.0,,"roe,net_margin","2016,2017,2018,2019,2020,2021,2022,2023,2024,2025","2021,2022,2023,2024,2025"
300219,鸿利智汇,SZ,光学光电子,保留,,排除,3.612,131321982.54,,19.951801,3.39666,2.071081,0.0,,"roe,net_margin","2016,2017,2018,2019,2020,2021,2022,2023,2024,2025","2021,2022,2023,2024,2025"
300220,金运激光,SZ,自动化设备,保留,,排除,-14.079,-71484158.52,13.060556,30.511278,-0.652465,-9.187947,0.0,,"roe,fcf,ocf_ni,net_margin","2016,2017,2018,2019,2020,2021,2022,2023,2024,2025","2021,2022,2023,2024,2025"
300221,银禧科技,SZ,塑料,保留,,排除,1.569,-260515394.57,6.424911,17.210396,-11.912412,0.255956,0.0,,"roe,fcf,ocf_ni,net_margin","2016,2017,2018,2019,2020,2021,2022,2023,2024,2025","2021,2022,2023,2024,2025"
300222,科大智能,SZ,电网设备,保留,,排除,-8.993,-53621897.69,20.890162,22.17846,0.896338,-9.555706,0.0,,"roe,fcf,net_margin","2016,2017,2018,2019,2020,2021,2022,2023,2024,2025","2021,2022,2023,2024,2025"
300223,北京君正,SZ,半导体,保留,,排除,3.763,1875924852.87,,36.685914,0.952032,9.633346,0.0,,roe,"2016,2017,2018,2019,2020,2021,2022,2023,2024,2025","2021,2022,2023,2024,2025"
300224,正海磁材,SZ,金属新材料,保留,,排除,6.302,234083117.79,14.191812,15.712712,1.492672,5.559358,0.0,,roe,"2016,2017,2018,2019,2020,2021,2022,2023,2024,2025","2021,2022,2023,2024,2025"
300225,金力泰,SZ,化学制品,周期,周期性行业,行业排除,,,,,,,,,,,
300226,上海钢联,SZ,软件开发,保留,,排除,11.853,3265026947.54,506.849283,1.629023,3.968811,0.212802,0.0,,"gross_margin,net_margin","2016,2017,2018,2019,2020,2021,2022,2023,2024,2025","2021,2022,2023,2024,2025"
300227,光韵达,SZ,自动化设备,保留,,排除,3.968,-173571558.24,-5.712138,34.786276,0.055413,5.610152,0.0,,"roe,fcf,interest_coverage,ocf_ni","2016,2017,2018,2019,2020,2021,2022,2023,2024,2025","2021,2022,2023,2024,2025"
300228,富瑞特装,SZ,通用设备,保留,,排除,-0.801,927786561.18,54.570772,20.325155,2.318809,-3.884574,0.0,,"roe,net_margin","2016,2017,2018,2019,2020,2021,2022,2023,2024,2025","2021,2022,2023,2024,2025"
300229,拓尔思,SZ,软件开发,保留,,排除,5.125,-780260599.24,,63.443763,0.41083,6.029995,0.0,,"roe,fcf,ocf_ni","2016,2017,2018,2019,2020,2021,2022,2023,2024,2025","2021,2022,2023,2024,2025"
300230,永利股份,SZ,塑料,保留,,排除,6.682,666362179.82,28.569256,30.450109,1.546302,7.38541,0.0,,roe,"2016,2017,2018,2019,2020,2021,2022,2023,2024,2025","2021,2022,2023,2024,2025"
300231,银信科技,SZ,IT服务Ⅱ,保留,,排除,9.777,473346026.06,6.379837,21.457571,0.564149,6.495539,0.0,,ocf_ni,"2016,2017,2018,2019,2020,2021,2022,2023,2024,2025","2021,2022,2023,2024,2025"
300232,洲明科技,SZ,光学光电子,保留,,排除,8.751,861189217.87,,26.823687,6.517777,4.729642,0.0,,net_margin,"2016,2017,2018,2019,2020,2021,2022,2023,2024,2025","2021,2022,2023,2024,2025"
300233,金城医药,SZ,化学制药,保留,,排除,4.138,636903883.74,15.235323,43.746884,3.505172,4.4656,0.0,,"roe,net_margin","2016,2017,2018,2019,2020,2021,2022,2023,2024,2025","2021,2022,2023,2024,2025"
300234,开尔新材,SZ,装修建材,保留,,排除,3.215,260911735.58,,25.053582,-0.704877,3.929233,0.0,,"roe,ocf_ni,net_margin","2016,2017,2018,2019,2020,2021,2022,2023,2024,2025","2021,2022,2023,2024,2025"
300235,方直科技,SZ,软件开发,保留,,排除,3.536,115473460.92,,75.509776,1.127581,20.326702,0.0,,roe,"2016,2017,2018,2019,2020,2021,2022,2023,2024,2025","2021,2022,2023,2024,2025"
300236,上海新阳,SZ,电子化学品Ⅱ,保留,,排除,5.122,-515291500.95,84.112378,36.44735,0.983683,15.563517,0.0,,"roe,fcf","2016,2017,2018,2019,2020,2021,2022,2023,2024,2025","2021,2022,2023,2024,2025"
300237,ST美晨,SZ,汽车零部件,周期,周期性行业,行业排除,,,,,,,,,,,
300238,冠昊生物,SZ,医疗器械,保留,,排除,-5.158,154377598.35,9.002335,77.41618,1.58401,-10.283978,0.0,,"roe,net_margin","2016,2017,2018,2019,2020,2021,2022,2023,2024,2025","2021,2022,2023,2024,2025"
300239,东宝生物,SZ,生物制品,保留,,排除,4.205,172675465.34,47.464564,22.412828,1.522589,7.753887,0.0,,roe,"2016,2017,2018,2019,2020,2021,2022,2023,2024,2025","2021,2022,2023,2024,2025"
300240,飞力达,SZ,物流,保留,,排除,4.099,463646850.22,0.561844,7.128717,6.586266,1.100273,0.0,,"roe,interest_coverage,gross_margin,net_margin","2016,2017,2018,2019,2020,2021,2022,2023,2024,2025","2021,2022,2023,2024,2025"
300241,瑞丰光电,SZ,光学光电子,保留,,排除,2.723,-760202694.33,17.193545,19.581593,0.855522,2.284003,0.0,,"roe,fcf,net_margin","2016,2017,2018,2019,2020,2021,2022,2023,2024,2025","2021,2022,2023,2024,2025"
300242,佳云科技,SZ,广告营销,保留,,排除,-19.403,231551056.81,-69.370194,6.789746,5.006155,-3.745804,0.0,,"roe,interest_coverage,gross_margin,net_margin","2016,2017,2018,2019,2020,2021,2022,2023,2024,2025","2021,2022,2023,2024,2025"
300243,瑞丰高材,SZ,塑料,保留,,排除,8.098,-395594085.1,0.867694,16.69076,1.103709,3.917594,0.0,,"fcf,interest_coverage,net_margin","2016,2017,2018,2019,2020,2021,2022,2023,2024,2025","2021,2022,2023,2024,2025"
300244,迪安诊断,SZ,医疗服务,保留,,排除,11.634,5226859629.1,1.796379,32.637148,10.237881,4.684346,0.0,,"interest_coverage,net_margin","2016,2017,2018,2019,2020,2021,2022,2023,2024,2025","2021,2022,2023,2024,2025"
300245,ST天玑,SZ,IT服务Ⅱ,保留,,排除,1.446,-348049400.45,,25.031473,6.151773,2.864312,0.0,,"roe,fcf,net_margin","2016,2017,2018,2019,2020,2021,2022,2023,2024,2025","2021,2022,2023,2024,2025"
300246,宝莱特,SZ,医疗器械,保留,,排除,9.086,-434630705.17,-2.82232,29.619861,0.892062,4.909111,0.0,,"fcf,interest_coverage,net_margin","2016,2017,2018,2019,2020,2021,2022,2023,2024,2025","2021,2022,2023,2024,2025"
300247,融捷健康,SZ,其他家电Ⅱ,保留,,排除,-6.794,186452742.41,,29.802108,1.235658,-11.447425,0.0,,"roe,net_margin","2016,2017,2018,2019,2020,2021,2022,2023,2024,2025","2021,2022,2023,2024,2025"
300248,新开普,SZ,计算机设备,保留,,排除,7.294,97406194.6,,58.036249,1.649873,13.081735,0.0,,roe,"2016,2017,2018,2019,2020,2021,2022,2023,2024,2025","2021,2022,2023,2024,2025"
300249,依米康,SZ,计算机设备,保留,,排除,-5.501,-9100474.58,1.441276,15.934091,0.159874,-3.153596,0.0,,"roe,fcf,interest_coverage,ocf_ni,net_margin","2016,2017,2018,2019,2020,2021,2022,2023,2024,2025","2021,2022,2023,2024,2025"
300250,初灵信息,SZ,IT服务Ⅱ,保留,,排除,-4.848,-12716733.79,,48.46097,0.45075,-11.758513,0.0,,"roe,fcf,ocf_ni,net_margin","2016,2017,2018,2019,2020,2021,2022,2023,2024,2025","2021,2022,2023,2024,2025"
300251,光线传媒,SZ,影视院线,保留,,排除,6.686,2868963487.83,,40.222283,0.512733,20.342552,0.0,,"roe,ocf_ni","2016,2017,2018,2019,2020,2021,2022,2023,2024,2025","2021,2022,2023,2024,2025"
300252,金信诺,SZ,军工电子Ⅱ,保留,,排除,-0.01,-906776316.36,-0.485157,15.384859,-0.944124,-1.144005,0.0,,"roe,fcf,interest_coverage,ocf_ni,net_margin","2016,2017,2018,2019,2020,2021,2022,2023,2024,2025","2021,2022,2023,2024,2025"
300253,卫宁健康,SZ,软件开发,保留,,排除,8.369,166765581.87,-6.727775,41.902877,1.113064,15.097876,0.0,,interest_coverage,"2016,2017,2018,2019,2020,2021,2022,2023,2024,2025","2021,2022,2023,2024,2025"
300254,仟源医药,SZ,化学制药,保留,,排除,-4.218,193876368.72,3.708345,68.296156,1.076899,-3.661802,0.0,,"roe,net_margin","2016,2017,2018,2019,2020,2021,2022,2023,2024,2025","2021,2022,2023,2024,2025"
300255,常山药业,SZ,化学制药,保留,,排除,-5.051,-1189953020.22,-3.794752,31.267566,-0.043473,-8.48105,0.0,,"roe,fcf,interest_coverage,ocf_ni,net_margin","2016,2017,2018,2019,2020,2021,2022,2023,2024,2025","2021,2022,2023,2024,2025"
300256,星星科技,SZ,消费电子,保留,,排除,-15.03375,-935601925.42,1.178282,6.308231,-1.183533,-24.951831,0.0,,"roe,fcf,interest_coverage,gross_margin,ocf_ni,net_margin","2016,2017,2018,2019,2020,2021,2022,2023,2024,2025","2021,2022,2023,2024,2025"
300257,开山股份,SZ,通用设备,保留,,排除,5.271,-1496892401.49,1.39564,32.891207,1.894426,7.46891,0.0,,"roe,fcf,interest_coverage","2016,2017,2018,2019,2020,2021,2022,2023,2024,2025","2021,2022,2023,2024,2025"
300258,精锻科技,SZ,汽车零部件,周期,周期性行业,行业排除,,,,,,,,,,,
300259,新天科技,SZ,通用设备,保留,,通过,10.264,539460803.46,,44.483157,0.865301,23.604668,0.0,,,"2016,2017,2018,2019,2020,2021,2022,2023,2024,2025","2021,2022,2023,2024,2025"
300260,新莱应材,SZ,通用设备,保留,,排除,9.935,-543108678.91,5.085477,26.043781,1.00308,6.380065,0.0,,fcf,"2016,2017,2018,2019,2020,2021,2022,2023,2024,2025","2021,2022,2023,2024,2025"
300261,雅本化学,SZ,农化制品,保留,,排除,2.293,-106397088.67,-5.432211,23.322279,0.450843,0.919195,0.0,,"roe,fcf,interest_coverage,ocf_ni,net_margin","2016,2017,2018,2019,2020,2021,2022,2023,2024,2025","2021,2022,2023,2024,2025"
300263,隆华科技,SZ,通用设备,保留,,排除,4.835,-288600300.21,5.460579,24.274735,0.806531,6.822438,0.0,,"roe,fcf","2016,2017,2018,2019,2020,2021,2022,2023,2024,2025","2021,2022,2023,2024,2025"
300264,佳创视讯,SZ,IT服务Ⅱ,保留,,排除,-64.868,-180564093.18,-8.083378,22.733643,0.483651,-40.505393,0.0,,"roe,fcf,interest_coverage,ocf_ni,net_margin","2016,2017,2018,2019,2020,2021,2022,2023,2024,2025","2021,2022,2023,2024,2025"
300265,通光线缆,SZ,电网设备,保留,,排除,4.919,-187456847.34,2.166561,16.29983,2.196019,3.300419,0.0,,"roe,fcf,net_margin","2016,2017,2018,2019,2020,2021,2022,2023,2024,2025","2021,2022,2023,2024,2025"
300266,兴源环境,SZ,环境治理,保留,,排除,54.998,-850668749.67,-1.107779,1.744151,2.711021,-28.354092,0.0,,"fcf,interest_coverage,gross_margin,net_margin","2016,2017,2018,2019,2020,2021,2022,2023,2024,2025","2021,2022,2023,2024,2025"
300267,尔康制药,SZ,化学制药,保留,,排除,0.266,-174089932.51,-147.47581,23.990314,0.822908,-3.831255,0.0,,"roe,fcf,interest_coverage,net_margin","2016,2017,2018,2019,2020,2021,2022,2023,2024,2025","2021,2022,2023,2024,2025"
300268,佳沃食品,SZ,农产品加工,保留,,排除,-87.45,-1174951792.4,-2.023407,0.294983,-0.051206,-3.686412,0.0,,"roe,fcf,interest_coverage,gross_margin,ocf_ni,net_margin","2016,2017,2018,2019,2020,2021,2022,2023,2024,2025","2021,2022,2023,2024,2025"
300269,联建光电,SZ,光学光电子,保留,,排除,-24.9,248721268.6,0.295912,27.956133,3.226538,-12.818261,0.0,,"roe,interest_coverage,net_margin","2016,2017,2018,2019,2020,2021,2022,2023,2024,2025","2021,2022,2023,2024,2025"
300270,中威电子,SZ,计算机设备,保留,,排除,-4.858,12264554.25,,27.53265,1.111456,-21.565527,0.0,,"roe,net_margin","2016,2017,2018,2019,2020,2021,2022,2023,2024,2025","2021,2022,2023,2024,2025"
300271,华宇软件,SZ,IT服务Ⅱ,保留,,排除,0.55,-745869051.05,,27.230859,-0.112622,-8.197649,0.0,,"roe,fcf,ocf_ni,net_margin","2016,2017,2018,2019,2020,2021,2022,2023,2024,2025","2021,2022,2023,2024,2025"
300272,开能健康,SZ,小家电,保留,,通过,10.496,787001448.06,2.918416,36.573742,3.157774,10.020427,0.0,,,"2016,2017,2018,2019,2020,2021,2022,2023,2024,2025","2021,2022,2023,2024,2025"
300274,阳光电源,SZ,光伏设备,保留,,排除,21.062,23812185128.39,411.987789,27.150867,0.47829,10.337023,0.0,,ocf_ni,"2016,2017,2018,2019,2020,2021,2022,2023,2024,2025","2021,2022,2023,2024,2025"
300275,梅安森,SZ,计算机设备,保留,,排除,1.756,1332260.63,18.398198,40.192182,0.856641,-0.811414,0.0,,"roe,net_margin","2016,2017,2018,2019,2020,2021,2022,2023,2024,2025","2021,2022,2023,2024,2025"
300276,三丰智能,SZ,自动化设备,保留,,排除,-4.466,234344823.18,-615.277413,16.545045,-0.070282,-10.934262,0.0,,"roe,interest_coverage,ocf_ni,net_margin","2016,2017,2018,2019,2020,2021,2022,2023,2024,2025","2021,2022,2023,2024,2025"
300277,汽轮科技,SZ,IT服务Ⅱ,保留,,排除,2.565,87824771.97,,23.284928,3.3132,4.512119,0.0,,"roe,net_margin","2016,2017,2018,2019,2020,2021,2022,2023,2024,2025","2021,2022,2023,2024,2025"
300278,华昌达,SZ,自动化设备,保留,,排除,-16.39375,-366139236.26,-17.477471,11.317167,-2.887753,-11.736163,0.0,,"roe,fcf,interest_coverage,gross_margin,ocf_ni,net_margin","2016,2017,2018,2019,2020,2021,2022,2023,2024,2025","2021,2022,2023,2024,2025"
300279,和晶科技,SZ,家电零部件Ⅱ,保留,,排除,-6.305,425577784.73,14.956572,15.258013,2.01168,-4.991212,0.0,,"roe,net_margin","2016,2017,2018,2019,2020,2021,2022,2023,2024,2025","2021,2022,2023,2024,2025"
300281,金明精机,SZ,专用设备,保留,,排除,1.904,56467744.75,,15.514233,0.034001,5.0545,0.0,,"roe,ocf_ni","2016,2017,2018,2019,2020,2021,2022,2023,2024,2025","2021,2022,2023,2024,2025"
300283,温州宏丰,SZ,电网设备,保留,,排除,2.634,-1054047709.45,0.188564,10.118959,0.062252,1.175353,0.0,,"roe,fcf,interest_coverage,gross_margin,ocf_ni,net_margin","2016,2017,2018,2019,2020,2021,2022,2023,2024,2025","2021,2022,2023,2024,2025"
300284,苏交科,SZ,工程咨询服务Ⅱ,保留,,排除,8.912,907149728.74,0.976389,35.595311,4.4013,7.594211,0.0,,interest_coverage,"2016,2017,2018,2019,2020,2021,2022,2023,2024,2025","2021,2022,2023,2024,2025"
300285,国瓷材料,SZ,电子化学品Ⅱ,保留,,通过,12.35,668842478.78,150.849849,39.163897,0.965098,19.906119,0.0,,,"2016,2017,2018,2019,2020,2021,2022,2023,2024,2025","2021,2022,2023,2024,2025"
300286,安科瑞,SZ,电网设备,保留,,通过,14.821,819104638.51,,45.82469,1.154792,19.077863,0.0,,,"2016,2017,2018,2019,2020,2021,2022,2023,2024,2025","2021,2022,2023,2024,2025"
300287,飞利信,SZ,IT服务Ⅱ,保留,,排除,-15.442,-349270034.35,,12.339068,0.040741,-40.613305,0.0,,"roe,fcf,gross_margin,ocf_ni,net_margin","2016,2017,2018,2019,2020,2021,2022,2023,2024,2025","2021,2022,2023,2024,2025"
300288,朗玛信息,SZ,IT服务Ⅱ,保留,,排除,0.966,153321896.23,,36.075394,1.101384,1.176928,0.0,,"roe,net_margin","2016,2017,2018,2019,2020,2021,2022,2023,2024,2025","2021,2022,2023,2024,2025"
300289,利德曼,SZ,医疗器械,保留,,排除,0.455,301233236.91,,50.925216,1.960555,-0.566572,0.0,,"roe,net_margin","2016,2017,2018,2019,2020,2021,2022,2023,2024,2025","2021,2022,2023,2024,2025"
300290,ST荣科,SZ,IT服务Ⅱ,保留,,排除,-4.128,-171927293.03,-52.942777,36.637256,2.299678,-5.413803,0.0,,"roe,fcf,interest_coverage,net_margin","2016,2017,2018,2019,2020,2021,2022,2023,2024,2025","2021,2022,2023,2024,2025"
300291,百纳千成,SZ,影视院线,保留,,排除,-11.253,-571355885.52,-301.349943,12.175383,-1.471032,-90.585533,0.0,,"roe,fcf,interest_coverage,gross_margin,ocf_ni,net_margin","2016,2017,2018,2019,2020,2021,2022,2023,2024,2025","2021,2022,2023,2024,2025"
300292,吴通控股,SZ,通信服务,保留,,排除,-5.511,514266966.19,16.663828,10.248252,1.016569,-2.640263,0.0,,"roe,gross_margin,net_margin","2016,2017,2018,2019,2020,2021,2022,2023,2024,2025","2021,2022,2023,2024,2025"
300293,蓝英装备,SZ,专用设备,保留,,排除,-6.627,-3279041.98,-8.136161,24.33595,-0.675328,-3.021643,0.0,,"roe,fcf,interest_coverage,ocf_ni,net_margin","2016,2017,2018,2019,2020,2021,2022,2023,2024,2025","2021,2022,2023,2024,2025"
300294,博雅生物,SZ,生物制品,保留,,通过,8.601,1917358171.82,,55.789085,1.857046,16.579546,0.0,,,"2016,2017,2018,2019,2020,2021,2022,2023,2024,2025","2021,2022,2023,2024,2025"
300295,*ST三六,SZ,数字媒体,保留,,排除,3.151,327407337.44,,82.368461,11.561768,-6.717233,0.0,,"roe,net_margin","2016,2017,2018,2019,2020,2021,2022,2023,2024,2025","2021,2022,2023,2024,2025"
300296,利亚德,SZ,光学光电子,保留,,排除,6.505,2187190059.17,,30.172391,1.722305,4.946804,0.0,,"roe,net_margin","2016,2017,2018,2019,2020,2021,2022,2023,2024,2025","2021,2022,2023,2024,2025"
300298,三诺生物,SZ,医疗器械,保留,,排除,9.922,1677804356.8,1.820081,54.003057,3.408337,11.503342,0.0,,interest_coverage,"2016,2017,2018,2019,2020,2021,2022,2023,2024,2025","2021,2022,2023,2024,2025"
300299,富春股份,SZ,游戏Ⅱ,保留,,排除,-7.706,109299711.17,-8.649653,45.096022,0.866533,-15.201144,0.0,,"roe,interest_coverage,net_margin","2016,2017,2018,2019,2020,2021,2022,2023,2024,2025","2021,2022,2023,2024,2025"
300300,海峡创新,SZ,IT服务Ⅱ,保留,,排除,-25.324,-242743972.77,2.607956,-1.274437,-2.541006,-62.809938,0.0,,"roe,fcf,gross_margin,ocf_ni,net_margin","2016,2017,2018,2019,2020,2021,2022,2023,2024,2025","2021,2022,2023,2024,2025"
300301,ST长方,SZ,光学光电子,保留,,排除,-48.817,-313977897.1,-6.51615,17.943717,0.14858,-17.205909,0.0,,"roe,fcf,interest_coverage,ocf_ni,net_margin","2016,2017,2018,2019,2020,2021,2022,2023,2024,2025","2021,2022,2023,2024,2025"
300302,同有科技,SZ,计算机设备,保留,,排除,-1.05,-274171146.94,-2.935915,43.934661,-1.689786,-9.127461,0.0,,"roe,fcf,interest_coverage,ocf_ni,net_margin","2016,2017,2018,2019,2020,2021,2022,2023,2024,2025","2021,2022,2023,2024,2025"
300303,聚飞光电,SZ,光学光电子,保留,,通过,9.188,965834195.52,,24.221105,1.61866,9.41797,0.0,,,"2016,2017,2018,2019,2020,2021,2022,2023,2024,2025","2021,2022,2023,2024,2025"
300304,云意电气,SZ,汽车零部件,周期,周期性行业,行业排除,,,,,,,,,,,
300305,裕兴股份,SZ,塑料,保留,,排除,2.524,-1654787127.92,-7.234942,5.137734,-3.549258,2.671081,0.0,,"roe,fcf,interest_coverage,gross_margin,ocf_ni,net_margin","2016,2017,2018,2019,2020,2021,2022,2023,2024,2025","2021,2022,2023,2024,2025"
300306,远方信息,SZ,通用设备,保留,,排除,2.917,390312482.85,,63.032543,1.19667,9.663899,0.0,,roe,"2016,2017,2018,2019,2020,2021,2022,2023,2024,2025","2021,2022,2023,2024,2025"
300307,慈星股份,SZ,专用设备,保留,,排除,-0.695,-108600296.7,,28.219637,0.089471,-3.140663,0.0,,"roe,fcf,ocf_ni,net_margin","2016,2017,2018,2019,2020,2021,2022,2023,2024,2025","2021,2022,2023,2024,2025"
300308,中际旭创,SZ,通信设备,保留,,通过,15.603,10257516062.25,74.38215,32.743727,1.084296,14.392295,0.0,,,"2016,2017,2018,2019,2020,2021,2022,2023,2024,2025","2021,2022,2023,2024,2025"
300310,宜通世纪,SZ,通信服务,保留,,排除,-5.199,-292407908.99,,9.947386,5.28109,-5.172717,0.0,,"roe,fcf,gross_margin,net_margin","2016,2017,2018,2019,2020,2021,2022,2023,2024,2025","2021,2022,2023,2024,2025"
300311,ST任子行,SZ,软件开发,保留,,排除,-4.183,-13301318.91,32.625041,56.100941,12.048256,-6.910135,0.0,,"roe,fcf,net_margin","2016,2017,2018,2019,2020,2021,2022,2023,2024,2025","2021,2022,2023,2024,2025"
300313,天山生物,SZ,养殖业,保留,,排除,-60.27125,-54318524.09,-2.365629,8.081819,0.371478,-205.095843,0.0,,"roe,fcf,interest_coverage,gross_margin,ocf_ni,net_margin","2016,2017,2018,2019,2020,2021,2022,2023,2024,2025","2021,2022,2023,2024,2025"
300314,戴维医疗,SZ,医疗器械,保留,,通过,8.477,189945279.7,,57.553525,1.073633,18.138623,0.0,,,"2016,2017,2018,2019,2020,2021,2022,2023,2024,2025","2021,2022,2023,2024,2025"
300315,掌趣科技,SZ,游戏Ⅱ,保留,,排除,-4.377,318252085.39,,76.629118,0.497907,-14.358028,0.0,,"roe,ocf_ni,net_margin","2016,2017,2018,2019,2020,2021,2022,2023,2024,2025","2021,2022,2023,2024,2025"
300316,晶盛机电,SZ,光伏设备,保留,,通过,18.785,870142024.25,21.465702,36.64851,0.736648,20.80961,0.0,,,"2016,2017,2018,2019,2020,2021,2022,2023,2024,2025","2021,2022,2023,2024,2025"
300317,珈伟新能,SZ,电力,保留,,排除,-11.03,-541928288.34,-4.524064,23.454385,-3.609015,-32.329618,0.0,,"roe,fcf,interest_coverage,ocf_ni,net_margin","2016,2017,2018,2019,2020,2021,2022,2023,2024,2025","2021,2022,2023,2024,2025"
300318,博晖创新,SZ,生物制品,保留,,排除,-3.304,-1067170412.34,-3.850219,41.027275,-1.746454,-4.01995,0.0,,"roe,fcf,interest_coverage,ocf_ni,net_margin","2016,2017,2018,2019,2020,2021,2022,2023,2024,2025","2021,2022,2023,2024,2025"
300319,麦捷科技,SZ,元件,保留,,排除,4.351,839498574.19,,19.118628,2.057313,4.052324,0.0,,"roe,net_margin","2016,2017,2018,2019,2020,2021,2022,2023,2024,2025","2021,2022,2023,2024,2025"
300320,海达股份,SZ,橡胶,保留,,通过,9.959,311718024.89,29.027597,18.429093,1.075308,7.314494,0.0,,,"2016,2017,2018,2019,2020,2021,2022,2023,2024,2025","2021,2022,2023,2024,2025"
300321,同大股份,SZ,化学制品,周期,周期性行业,行业排除,,,,,,,,,,,
300322,硕贝德,SZ,消费电子,保留,,排除,4.759,-985314914.63,2.019846,20.789999,-0.40687,0.087191,0.0,,"roe,fcf,ocf_ni,net_margin","2016,2017,2018,2019,2020,2021,2022,2023,2024,2025","2021,2022,2023,2024,2025"
300323,华灿光电,SZ,光学光电子,保留,,排除,-1.701,-5253187235.28,-4.119039,2.605215,-0.231737,-4.830003,0.0,,"roe,fcf,interest_coverage,gross_margin,ocf_ni,net_margin","2016,2017,2018,2019,2020,2021,2022,2023,2024,2025","2021,2022,2023,2024,2025"
300324,旋极信息,SZ,计算机设备,保留,,排除,-4.902,-331864176.48,-133.740925,23.199273,-0.21637,-7.57967,0.0,,"roe,fcf,interest_coverage,ocf_ni,net_margin","2016,2017,2018,2019,2020,2021,2022,2023,2024,2025","2021,2022,2023,2024,2025"
300326,ST凯利,SZ,医疗器械,保留,,排除,5.791,942516407.45,19.614177,56.335191,-1.288484,14.163669,0.0,,"roe,ocf_ni","2016,2017,2018,2019,2020,2021,2022,2023,2024,2025","2021,2022,2023,2024,2025"
300327,中颖电子,SZ,半导体,保留,,排除,17.298,-178349132.35,,38.785599,0.894001,17.984641,0.0,,fcf,"2016,2017,2018,2019,2020,2021,2022,2023,2024,2025","2021,2022,2023,2024,2025"
300328,宜安科技,SZ,工业金属,周期,周期性行业,行业排除,,,,,,,,,,,
300329,海伦钢琴,SZ,文娱用品,保留,,排除,-1.774,-414993291.89,-13.153982,20.006881,-1.56497,-13.046605,0.0,,"roe,fcf,interest_coverage,ocf_ni,net_margin","2016,2017,2018,2019,2020,2021,2022,2023,2024,2025","2021,2022,2023,2024,2025"
300331,苏大维格,SZ,光学光电子,保留,,排除,-1.608,-51202410.65,-2.202702,18.249969,-3.121616,-0.994375,0.0,,"roe,fcf,interest_coverage,ocf_ni,net_margin","2016,2017,2018,2019,2020,2021,2022,2023,2024,2025","2021,2022,2023,2024,2025"
300332,天壕能源,SZ,燃气Ⅱ,保留,,排除,2.819,186367561.84,-3.507121,20.29608,1.632928,3.529266,0.0,,"roe,interest_coverage,net_margin","2016,2017,2018,2019,2020,2021,2022,2023,2024,2025","2021,2022,2023,2024,2025"
300333,兆日科技,SZ,计算机设备,保留,,排除,-2.966,-124262067.49,-5.437299,55.912674,-0.053658,-15.583083,0.0,,"roe,fcf,interest_coverage,ocf_ni,net_margin","2016,2017,2018,2019,2020,2021,2022,2023,2024,2025","2021,2022,2023,2024,2025"
300334,津膜科技,SZ,环境治理,保留,,排除,-10.721,-54656628.6,-3.864516,24.964867,1.743622,-26.521844,0.0,,"roe,fcf,interest_coverage,net_margin","2016,2017,2018,2019,2020,2021,2022,2023,2024,2025","2021,2022,2023,2024,2025"
300335,迪森股份,SZ,电力,保留,,排除,5.574,339255329.39,50.172222,27.93961,2.550575,5.220259,0.0,,roe,"2016,2017,2018,2019,2020,2021,2022,2023,2024,2025","2021,2022,2023,2024,2025"
300337,银邦股份,SZ,工业金属,周期,周期性行业,行业排除,,,,,,,,,,,
300338,*ST开元,SZ,教育,保留,,排除,-34.82,-417118019.44,-6.019148,58.883528,-0.138939,-41.677021,0.0,,"roe,fcf,interest_coverage,ocf_ni,net_margin","2016,2017,2018,2019,2020,2021,2022,2023,2024,2025","2021,2022,2023,2024,2025"
300339,润和软件,SZ,IT服务Ⅱ,保留,,排除,0.235,-32920459.19,3.601759,25.084454,0.851737,-0.14821,0.0,,"roe,fcf,net_margin","2016,2017,2018,2019,2020,2021,2022,2023,2024,2025","2021,2022,2023,2024,2025"
300340,科恒股份,SZ,电池,保留,,排除,-50.541111,-262826826.72,-3.283008,8.073223,2.63987,-7.905458,0.0,,"roe,fcf,interest_coverage,gross_margin,net_margin","2016,2017,2018,2019,2020,2021,2022,2023,2024,2025","2021,2022,2023,2024,2025"
300341,麦克奥迪,SZ,电网设备,保留,,通过,13.482,726433011.76,,42.618591,1.261224,13.353023,0.0,,,"2016,2017,2018,2019,2020,2021,2022,2023,2024,2025","2021,2022,2023,2024,2025"
300342,天银机电,SZ,家电零部件Ⅱ,保留,,排除,7.287,206824409.73,9.615612,25.105888,3.362319,11.598329,0.0,,roe,"2016,2017,2018,2019,2020,2021,2022,2023,2024,2025","2021,2022,2023,2024,2025"
300343,联创股份,SZ,化学制品,周期,周期性行业,行业排除,,,,,,,,,,,
300345,华民股份,SZ,光伏设备,保留,,排除,-14.383,-1054249130.61,-2.385329,7.293513,1.950259,-33.15223,0.0,,"roe,fcf,interest_coverage,gross_margin,net_margin","2016,2017,2018,2019,2020,2021,2022,2023,2024,2025","2021,2022,2023,2024,2025"
300346,南大光电,SZ,电子化学品Ⅱ,保留,,排除,6.939,640592556.49,16.964853,42.541719,2.051349,14.26956,0.0,,roe,"2016,2017,2018,2019,2020,2021,2022,2023,2024,2025","2021,2022,2023,2024,2025"
300347,泰格医药,SZ,医疗服务,保留,,通过,12.658,4444918627.49,10.104121,36.627082,1.141404,26.517759,0.0,,,"2016,2017,2018,2019,2020,2021,2022,2023,2024,2025","2021,2022,2023,2024,2025"
300348,长亮科技,SZ,软件开发,保留,,排除,6.528,-1190165.2,68.974346,33.265317,2.701437,6.952295,0.0,,"roe,fcf","2016,2017,2018,2019,2020,2021,2022,2023,2024,2025","2021,2022,2023,2024,2025"
300349,金卡智能,SZ,通用设备,保留,,通过,8.939,576369725.77,172.349463,39.328779,1.012183,13.669791,0.0,,,"2016,2017,2018,2019,2020,2021,2022,2023,2024,2025","2021,2022,2023,2024,2025"
300350,华鹏飞,SZ,物流,保留,,排除,-8.267,-239335070.53,-13.726376,17.554832,0.89182,-9.862378,0.0,,"roe,fcf,interest_coverage,net_margin","2016,2017,2018,2019,2020,2021,2022,2023,2024,2025","2021,2022,2023,2024,2025"
300351,永贵电器,SZ,轨交设备Ⅱ,保留,,排除,0.764,-209766326.32,9.939502,29.347415,1.534567,0.192091,0.0,,"roe,fcf,net_margin","2016,2017,2018,2019,2020,2021,2022,2023,2024,2025","2021,2022,2023,2024,2025"
300352,ST信源,SZ,软件开发,保留,,排除,-5.238,-444724144.89,-53.139026,61.257231,2.392833,-18.151517,0.0,,"roe,fcf,interest_coverage,net_margin","2016,2017,2018,2019,2020,2021,2022,2023,2024,2025","2021,2022,2023,2024,2025"
300353,东土科技,SZ,通信设备,保留,,排除,-4.958,-770587371.25,2.149396,43.083894,4.037055,-14.386706,0.0,,"roe,fcf,net_margin","2016,2017,2018,2019,2020,2021,2022,2023,2024,2025","2021,2022,2023,2024,2025"
300354,东华测试,SZ,通用设备,保留,,排除,11.467,205853144.26,847.308005,66.642963,0.46703,19.740097,0.0,,ocf_ni,"2016,2017,2018,2019,2020,2021,2022,2023,2024,2025","2021,2022,2023,2024,2025"
300355,蒙草生态,SZ,基础建设,周期,周期性行业,行业排除,,,,,,,,,,,
300357,我武生物,SZ,生物制品,保留,,通过,20.405,1031193782.14,,95.357577,1.053648,41.413852,0.0,,,"2016,2017,2018,2019,2020,2021,2022,2023,2024,2025","2021,2022,2023,2024,2025"
300358,楚天科技,SZ,医疗器械,保留,,排除,6.06,-260949568.89,3.28444,33.08334,1.260761,5.590854,0.0,,"roe,fcf","2016,2017,2018,2019,2020,2021,2022,2023,2024,2025","2021,2022,2023,2024,2025"
300359,全通教育,SZ,教育,保留,,排除,-11.592,38524493.35,,23.515959,3.23728,-19.398573,0.0,,"roe,net_margin","2016,2017,2018,2019,2020,2021,2022,2023,2024,2025","2021,2022,2023,2024,2025"
300360,炬华科技,SZ,电网设备,保留,,通过,14.161,1868464255.39,,42.704356,0.905402,26.535175,0.0,,,"2016,2017,2018,2019,2020,2021,2022,2023,2024,2025","2021,2022,2023,2024,2025"
300363,博腾股份,SZ,医疗服务,保留,,排除,10.024,973039034.65,1.384046,37.707097,2.200188,10.602449,0.0,,interest_coverage,"2016,2017,2018,2019,2020,2021,2022,2023,2024,2025","2021,2022,2023,2024,2025"
300364,中文在线,SZ,数字媒体,保留,,排除,-21.765,-735112337.6,-44.656734,46.917572,0.137376,-31.171192,0.0,,"roe,fcf,interest_coverage,ocf_ni,net_margin","2016,2017,2018,2019,2020,2021,2022,2023,2024,2025","2021,2022,2023,2024,2025"
300365,恒华科技,SZ,软件开发,保留,,排除,4.742,-124511158.64,,14.794688,2.809676,3.169015,0.0,,"roe,fcf,gross_margin,net_margin","2016,2017,2018,2019,2020,2021,2022,2023,2024,2025","2021,2022,2023,2024,2025"
300366,ST创意,SZ,软件开发,保留,,排除,-10.739,-1011447340.11,-14.636649,15.242611,1.029806,-15.837582,0.0,,"roe,fcf,interest_coverage,net_margin","2016,2017,2018,2019,2020,2021,2022,2023,2024,2025","2021,2022,2023,2024,2025"
300368,汇金股份,SZ,计算机设备,保留,,排除,-36.529,565452488.92,-16.838918,26.785357,-0.496519,-38.307021,0.0,,"roe,interest_coverage,ocf_ni,net_margin","2016,2017,2018,2019,2020,2021,2022,2023,2024,2025","2021,2022,2023,2024,2025"
300369,绿盟科技,SZ,软件开发,保留,,排除,0.492,-790739675.14,-1.11871,55.49863,-0.522751,1.226178,0.0,,"roe,fcf,interest_coverage,ocf_ni,net_margin","2016,2017,2018,2019,2020,2021,2022,2023,2024,2025","2021,2022,2023,2024,2025"
300370,安控科技,SZ,通用设备,保留,,排除,-31.555556,-321701647.25,-3.226952,20.621102,0.031704,-43.187649,0.0,,"roe,fcf,interest_coverage,ocf_ni,net_margin","2016,2017,2018,2019,2020,2021,2022,2023,2024,2025","2021,2022,2023,2024,2025"
300371,汇中股份,SZ,通用设备,保留,,通过,11.83,223794629.35,,51.011054,0.942136,24.239471,0.0,,,"2016,2017,2018,2019,2020,2021,2022,2023,2024,2025","2021,2022,2023,2024,2025"
300373,扬杰科技,SZ,半导体,保留,,通过,13.322,1160472340.31,,33.804146,1.079885,15.932303,0.0,,,"2016,2017,2018,2019,2020,2021,2022,2023,2024,2025","2021,2022,2023,2024,2025"
300374,中铁装配,SZ,基础建设,周期,周期性行业,行业排除,,,,,,,,,,,
300375,鹏翎股份,SZ,汽车零部件,周期,周期性行业,行业排除,,,,,,,,,,,
300376,易事特,SZ,其他电源设备Ⅱ,保留,,通过,9.282,896932152.47,2.871264,29.863102,8.369525,10.234367,0.0,,,"2016,2017,2018,2019,2020,2021,2022,2023,2024,2025","2021,2022,2023,2024,2025"
300377,赢时胜,SZ,软件开发,保留,,排除,2.315,250038497.95,,49.173022,-1.923786,12.44162,0.0,,"roe,ocf_ni","2016,2017,2018,2019,2020,2021,2022,2023,2024,2025","2021,2022,2023,2024,2025"
300378,鼎捷数智,SZ,软件开发,保留,,排除,6.774,82067781.11,,62.067275,1.475074,6.282035,0.0,,roe,"2016,2017,2018,2019,2020,2021,2022,2023,2024,2025","2021,2022,2023,2024,2025"
300380,安硕信息,SZ,软件开发,保留,,排除,-0.175,-221270250.75,4.907108,24.787461,-0.738516,0.861359,0.0,,"roe,fcf,ocf_ni,net_margin","2016,2017,2018,2019,2020,2021,2022,2023,2024,2025","2021,2022,2023,2024,2025"
300381,溢多利,SZ,化学制药,保留,,排除,2.512,-598184198.98,,40.724764,-1.276622,2.926888,0.0,,"roe,fcf,ocf_ni,net_margin","2016,2017,2018,2019,2020,2021,2022,2023,2024,2025","2021,2022,2023,2024,2025"
300382,斯莱克,SZ,专用设备,保留,,排除,6.969,-1765117759.95,-1.229611,25.453614,-0.178788,11.045186,0.0,,"roe,fcf,interest_coverage,ocf_ni","2016,2017,2018,2019,2020,2021,2022,2023,2024,2025","2021,2022,2023,2024,2025"
300383,光环新网,SZ,通信服务,保留,,排除,4.685,-2755927492.66,-4.809395,16.511539,1.110109,5.828788,0.0,,"roe,fcf,interest_coverage","2016,2017,2018,2019,2020,2021,2022,2023,2024,2025","2021,2022,2023,2024,2025"
300384,三联虹普,SZ,专业工程,周期,周期性行业,行业排除,,,,,,,,,,,
300385,ST雪浪,SZ,环境治理,保留,,排除,-29.261,75228216.55,-6.240794,9.329685,-0.376242,-12.573423,0.0,,"roe,interest_coverage,gross_margin,ocf_ni,net_margin","2016,2017,2018,2019,2020,2021,2022,2023,2024,2025","2021,2022,2023,2024,2025"
300386,飞天诚信,SZ,计算机设备,保留,,排除,0.701,-155598080.11,,36.721615,2.026598,0.037181,0.0,,"roe,fcf,net_margin","2016,2017,2018,2019,2020,2021,2022,2023,2024,2025","2021,2022,2023,2024,2025"
300387,富邦科技,SZ,农化制品,保留,,排除,6.43,334553293.2,10.131071,26.249708,1.429704,9.344886,0.0,,roe,"2016,2017,2018,2019,2020,2021,2022,2023,2024,2025","2021,2022,2023,2024,2025"
300388,节能国祯,SZ,环境治理,保留,,排除,9.394,-120783753.75,2.157205,27.07342,1.851167,8.64936,0.0,,fcf,"2016,2017,2018,2019,2020,2021,2022,2023,2024,2025","2021,2022,2023,2024,2025"
300389,艾比森,SZ,光学光电子,保留,,通过,11.64,1833313088.06,,28.61665,3.435931,5.82055,0.0,,,"2016,2017,2018,2019,2020,2021,2022,2023,2024,2025","2021,2022,2023,2024,2025"
300390,天华新能,SZ,电池,保留,,通过,22.732,2877536915.39,14.427392,36.10679,0.92823,14.271827,0.0,,,"2016,2017,2018,2019,2020,2021,2022,2023,2024,2025","2021,2022,2023,2024,2025"
300393,中来股份,SZ,光伏设备,保留,,排除,0.074,-4346634440.63,-21.207667,6.23935,-0.353512,-0.833935,0.0,,"roe,fcf,interest_coverage,gross_margin,ocf_ni,net_margin","2016,2017,2018,2019,2020,2021,2022,2023,2024,2025","2021,2022,2023,2024,2025"
300394,天孚通信,SZ,通信设备,保留,,通过,21.737,3556676527.73,,53.355604,1.091782,34.793002,0.0,,,"2016,2017,2018,2019,2020,2021,2022,2023,2024,2025","2021,2022,2023,2024,2025"
300395,菲利华,SZ,航空装备Ⅱ,保留,,排除,14.351,-870161372.81,73.137023,48.20726,0.711487,24.574716,0.0,,fcf,"2016,2017,2018,2019,2020,2021,2022,2023,2024,2025","2021,2022,2023,2024,2025"
300396,ST迪瑞,SZ,医疗器械,保留,,排除,9.782,74688846.55,,49.510684,-0.463586,14.359735,0.0,,ocf_ni,"2016,2017,2018,2019,2020,2021,2022,2023,2024,2025","2021,2022,2023,2024,2025"
300397,天和防务,SZ,军工电子Ⅱ,保留,,排除,-3.572,-1300170711.78,-5.826219,27.127858,0.457997,-20.382213,0.0,,"roe,fcf,interest_coverage,ocf_ni,net_margin","2016,2017,2018,2019,2020,2021,2022,2023,2024,2025","2021,2022,2023,2024,2025"
300398,飞凯材料,SZ,电子化学品Ⅱ,保留,,通过,9.423,799682621.46,16.696582,36.939121,1.704446,13.083528,0.0,,,"2016,2017,2018,2019,2020,2021,2022,2023,2024,2025","2021,2022,2023,2024,2025"
300399,天利科技,SZ,IT服务Ⅱ,保留,,排除,2.594,36614691.23,,5.088213,1.673187,2.70053,0.0,,"roe,gross_margin,net_margin","2016,2017,2018,2019,2020,2021,2022,2023,2024,2025","2021,2022,2023,2024,2025"
300400,劲拓股份,SZ,自动化设备,保留,,通过,12.166,532988824.81,,33.936989,1.748182,11.344883,0.0,,,"2016,2017,2018,2019,2020,2021,2022,2023,2024,2025","2021,2022,2023,2024,2025"
300401,花园生物,SZ,化学制药,保留,,排除,13.339,-191973306.71,13.271473,61.809408,1.187757,31.613615,0.0,,fcf,"2016,2017,2018,2019,2020,2021,2022,2023,2024,2025","2021,2022,2023,2024,2025"
300402,宝色股份,SZ,通用设备,保留,,排除,3.27,220289800.62,,17.804289,0.739096,-0.737472,0.0,,"roe,net_margin","2016,2017,2018,2019,2020,2021,2022,2023,2024,2025","2021,2022,2023,2024,2025"
300403,汉宇集团,SZ,家电零部件Ⅱ,保留,,通过,12.592,551736200.32,,32.625544,0.915071,20.979613,0.0,,,"2016,2017,2018,2019,2020,2021,2022,2023,2024,2025","2021,2022,2023,2024,2025"
300404,博济医药,SZ,医疗服务,保留,,排除,2.036,-73993961.96,31.803231,34.397499,1.410446,2.822093,0.0,,"roe,fcf,net_margin","2016,2017,2018,2019,2020,2021,2022,2023,2024,2025","2021,2022,2023,2024,2025"
300405,科隆股份,SZ,化学制品,周期,周期性行业,行业排除,,,,,,,,,,,
300406,九强生物,SZ,医疗器械,保留,,通过,13.835,2084877912.39,5.795536,75.833338,1.418615,29.920569,0.0,,,"2016,2017,2018,2019,2020,2021,2022,2023,2024,2025","2021,2022,2023,2024,2025"
300407,凯发电气,SZ,电网设备,保留,,排除,4.855,892030027.48,29.094681,25.879758,3.100643,4.908987,0.0,,"roe,net_margin","2016,2017,2018,2019,2020,2021,2022,2023,2024,2025","2021,2022,2023,2024,2025"
300408,三环集团,SZ,元件,保留,,通过,14.989,5427709116.47,,43.562722,1.047137,32.240115,0.0,,,"2016,2017,2018,2019,2020,2021,2022,2023,2024,2025","2021,2022,2023,2024,2025"
300409,道氏技术,SZ,电池,保留,,排除,6.423,-2212147292.09,7.341572,19.198056,-1.081483,4.805762,0.0,,"roe,fcf,ocf_ni,net_margin","2016,2017,2018,2019,2020,2021,2022,2023,2024,2025","2021,2022,2023,2024,2025"
300410,正业科技,SZ,电池,保留,,排除,-17.06,-176693018.33,2.695032,28.473103,0.643917,-14.325478,0.0,,"roe,fcf,ocf_ni,net_margin","2016,2017,2018,2019,2020,2021,2022,2023,2024,2025","2021,2022,2023,2024,2025"
300411,金盾股份,SZ,专用设备,保留,,排除,-4.832,97934517.49,,24.292921,4.862075,-27.069093,0.0,,"roe,net_margin","2016,2017,2018,2019,2020,2021,2022,2023,2024,2025","2021,2022,2023,2024,2025"
300412,迦南科技,SZ,专用设备,保留,,排除,4.272,-194580935.52,2.313519,26.491045,2.462465,5.156131,0.0,,"roe,fcf","2016,2017,2018,2019,2020,2021,2022,2023,2024,2025","2021,2022,2023,2024,2025"
300413,芒果超媒,SZ,数字媒体,保留,,排除,11.437,2592527415.45,,30.944863,0.370042,11.30621,0.0,,ocf_ni,"2016,2017,2018,2019,2020,2021,2022,2023,2024,2025","2021,2022,2023,2024,2025"
300414,中光防雷,SZ,通信设备,保留,,排除,3.762,124101021.65,,26.944579,2.785973,8.205962,0.0,,roe,"2016,2017,2018,2019,2020,2021,2022,2023,2024,2025","2021,2022,2023,2024,2025"
300415,伊之密,SZ,专用设备,保留,,排除,20.657,-31689119.09,16.113405,32.163904,0.611515,11.164121,0.0,,"fcf,ocf_ni","2016,2017,2018,2019,2020,2021,2022,2023,2024,2025","2021,2022,2023,2024,2025"
300416,苏试试验,SZ,专业服务,保留,,通过,12.257,147162718.44,9.515201,44.877436,1.777308,12.436009,0.0,,,"2016,2017,2018,2019,2020,2021,2022,2023,2024,2025","2021,2022,2023,2024,2025"
300417,南华仪器,SZ,通用设备,保留,,排除,6.949,37713825.35,,39.761114,-1.111498,10.403939,0.0,,"roe,ocf_ni","2016,2017,2018,2019,2020,2021,2022,2023,2024,2025","2021,2022,2023,2024,2025"
300418,昆仑万维,SZ,数字媒体,保留,,排除,14.677,1293764502.3,-21.836218,74.314512,0.492531,24.14796,0.0,,"interest_coverage,ocf_ni","2016,2017,2018,2019,2020,2021,2022,2023,2024,2025","2021,2022,2023,2024,2025"
300419,ST浩丰,SZ,IT服务Ⅱ,保留,,排除,-10.28,-269668790.61,-24.956448,25.485705,1.028962,-16.164833,0.0,,"roe,fcf,interest_coverage,net_margin","2016,2017,2018,2019,2020,2021,2022,2023,2024,2025","2021,2022,2023,2024,2025"
300420,五洋自控,SZ,通用设备,保留,,排除,2.764,423164224.6,16.794669,25.051022,2.333451,4.873302,0.0,,"roe,net_margin","2016,2017,2018,2019,2020,2021,2022,2023,2024,2025","2021,2022,2023,2024,2025"
300421,力星股份,SZ,通用设备,保留,,排除,5.656,-10803901.4,127.948292,18.311779,0.91411,7.959406,0.0,,"roe,fcf","2016,2017,2018,2019,2020,2021,2022,2023,2024,2025","2021,2022,2023,2024,2025"
300422,博世科,SZ,环境治理,保留,,排除,-10.231,-549467915.25,-3.594312,9.186988,-0.486382,-9.921833,0.0,,"roe,fcf,interest_coverage,gross_margin,ocf_ni,net_margin","2016,2017,2018,2019,2020,2021,2022,2023,2024,2025","2021,2022,2023,2024,2025"
300423,昇辉科技,SZ,电网设备,保留,,排除,-5.168,483185147.68,-30.737078,19.131913,0.81167,-8.817545,0.0,,"roe,interest_coverage,net_margin","2016,2017,2018,2019,2020,2021,2022,2023,2024,2025","2021,2022,2023,2024,2025"
300424,航新科技,SZ,航空装备Ⅱ,保留,,排除,-2.102,135734939.42,-0.678991,29.429938,0.920248,1.034149,0.0,,"roe,interest_coverage,net_margin","2016,2017,2018,2019,2020,2021,2022,2023,2024,2025","2021,2022,2023,2024,2025"
300425,中建环能,SZ,环境治理,保留,,排除,7.136,-144497849.8,0.692216,32.202704,4.424029,10.358029,0.0,,"roe,fcf,interest_coverage","2016,2017,2018,2019,2020,2021,2022,2023,2024,2025","2021,2022,2023,2024,2025"
300426,华智数媒,SZ,影视院线,保留,,排除,-33.424,-90952630.11,-7.288687,-10.641018,0.808252,-51.020351,0.0,,"roe,fcf,interest_coverage,gross_margin,net_margin","2016,2017,2018,2019,2020,2021,2022,2023,2024,2025","2021,2022,2023,2024,2025"
300427,红相股份,SZ,电网设备,保留,,排除,-5.525,-157250100.87,,31.595946,-2.164532,-5.362687,0.0,,"roe,fcf,ocf_ni,net_margin","2016,2017,2018,2019,2020,2021,2022,2023,2024,2025","2021,2022,2023,2024,2025"
300428,立中集团,SZ,汽车零部件,周期,周期性行业,行业排除,,,,,,,,,,,
300429,强力新材,SZ,电子化学品Ⅱ,保留,,排除,3.489,-1212315452.12,-2.448496,26.240663,-0.695491,5.776449,0.0,,"roe,fcf,interest_coverage,ocf_ni","2016,2017,2018,2019,2020,2021,2022,2023,2024,2025","2021,2022,2023,2024,2025"
300430,*ST益通,SZ,医疗器械,保留,,排除,0.302,-383143317.5,-32.944797,38.406732,0.677384,-7.326804,0.0,,"roe,fcf,interest_coverage,ocf_ni,net_margin","2016,2017,2018,2019,2020,2021,2022,2023,2024,2025","2021,2022,2023,2024,2025"
300432,富临精工,SZ,电池,保留,,排除,0.971,-3397273675.13,12.361471,14.976245,0.496688,-4.75421,0.0,,"roe,fcf,gross_margin,ocf_ni,net_margin","2016,2017,2018,2019,2020,2021,2022,2023,2024,2025","2021,2022,2023,2024,2025"
300433,蓝思科技,SZ,消费电子,保留,,通过,9.246,11959511308.36,217.733881,17.721344,3.120729,6.619212,0.0,,,"2016,2017,2018,2019,2020,2021,2022,2023,2024,2025","2021,2022,2023,2024,2025"
300434,金石亚药,SZ,化学制药,保留,,排除,2.388,598521318.92,,59.022703,1.60575,2.642708,0.0,,"roe,net_margin","2016,2017,2018,2019,2020,2021,2022,2023,2024,2025","2021,2022,2023,2024,2025"
300435,中泰股份,SZ,专用设备,保留,,排除,8.581,960317550.95,,20.781788,0.074696,10.175885,0.0,,ocf_ni,"2016,2017,2018,2019,2020,2021,2022,2023,2024,2025","2021,2022,2023,2024,2025"
300436,广生堂,SZ,化学制药,保留,,排除,-15.241,-1024522102.65,-6.969169,60.662737,0.395573,-16.936538,0.0,,"roe,fcf,interest_coverage,ocf_ni,net_margin","2016,2017,2018,2019,2020,2021,2022,2023,2024,2025","2021,2022,2023,2024,2025"
300437,清水源,SZ,环境治理,保留,,排除,0.78,555014225.73,-4.172764,14.16522,-1.226855,0.02284,0.0,,"roe,interest_coverage,gross_margin,ocf_ni,net_margin","2016,2017,2018,2019,2020,2021,2022,2023,2024,2025","2021,2022,2023,2024,2025"
300438,鹏辉能源,SZ,电池,保留,,排除,7.848,-2364057568.66,1.975002,15.641778,3.47695,4.906165,0.0,,"roe,fcf,interest_coverage,net_margin","2016,2017,2018,2019,2020,2021,2022,2023,2024,2025","2021,2022,2023,2024,2025"
300439,美康生物,SZ,医疗器械,保留,,排除,6.089,980841747.53,,40.821904,2.789213,7.700964,0.0,,roe,"2016,2017,2018,2019,2020,2021,2022,2023,2024,2025","2021,2022,2023,2024,2025"
300440,运达科技,SZ,IT服务Ⅱ,保留,,排除,7.313,241081436.46,60.288608,38.905911,0.904215,13.641287,0.0,,roe,"2016,2017,2018,2019,2020,2021,2022,2023,2024,2025","2021,2022,2023,2024,2025"
300441,鲍斯股份,SZ,通用设备,保留,,排除,11.367,-848320901.87,81.843739,32.693848,1.378747,10.616292,0.0,,fcf,"2016,2017,2018,2019,2020,2021,2022,2023,2024,2025","2021,2022,2023,2024,2025"
300442,润泽科技,SZ,通信服务,保留,,排除,18.002,-19815722611.67,18.311742,50.204601,1.156179,16.342508,0.0,,fcf,"2016,2017,2018,2019,2020,2021,2022,2023,2024,2025","2021,2022,2023,2024,2025"
300443,金雷股份,SZ,风电设备,保留,,排除,11.193,-1950930744.78,,30.251475,0.485329,21.864759,0.0,,"fcf,ocf_ni","2016,2017,2018,2019,2020,2021,2022,2023,2024,2025","2021,2022,2023,2024,2025"
300444,双杰电气,SZ,电网设备,保留,,排除,-1.453,-2212237649.57,2.665126,17.088666,-0.466236,-1.665205,0.0,,"roe,fcf,ocf_ni,net_margin","2016,2017,2018,2019,2020,2021,2022,2023,2024,2025","2021,2022,2023,2024,2025"
300445,康斯特,SZ,通用设备,保留,,通过,10.609,210725604.17,514.149603,64.226979,1.248314,22.820019,0.0,,,"2016,2017,2018,2019,2020,2021,2022,2023,2024,2025","2021,2022,2023,2024,2025"
300446,航天智造,SZ,汽车零部件,周期,周期性行业,行业排除,,,,,,,,,,,
300447,全信股份,SZ,军工电子Ⅱ,保留,,排除,6.41,-17891978.08,33.235112,39.435836,2.582002,9.890698,0.0,,"roe,fcf","2016,2017,2018,2019,2020,2021,2022,2023,2024,2025","2021,2022,2023,2024,2025"
300448,浩云科技,SZ,IT服务Ⅱ,保留,,排除,4.381,126915667.86,,37.032228,0.059462,4.355291,0.0,,"roe,ocf_ni,net_margin","2016,2017,2018,2019,2020,2021,2022,2023,2024,2025","2021,2022,2023,2024,2025"
300449,汉邦高科,SZ,计算机设备,保留,,排除,-36.286891,-158319356.74,-30.594092,16.125871,0.45582,-61.712852,0.0,,"roe,fcf,interest_coverage,ocf_ni,net_margin","2016,2017,2018,2019,2020,2021,2022,2023,2024,2025","2021,2022,2023,2024,2025"
300450,先导智能,SZ,电池,保留,,排除,18.993,2089947835.52,26.540233,35.140195,-0.243242,15.65,0.0,,ocf_ni,"2016,2017,2018,2019,2020,2021,2022,2023,2024,2025","2021,2022,2023,2024,2025"
300451,创业慧康,SZ,软件开发,保留,,排除,4.926,-744695569.97,,46.278642,1.503809,6.01276,0.0,,"roe,fcf","2016,2017,2018,2019,2020,2021,2022,2023,2024,2025","2021,2022,2023,2024,2025"
300452,山河药辅,SZ,化学制药,保留,,通过,16.011,456877458.17,15.148719,30.630118,1.015334,16.862224,0.0,,,"2016,2017,2018,2019,2020,2021,2022,2023,2024,2025","2021,2022,2023,2024,2025"
300453,三鑫医疗,SZ,医疗器械,保留,,通过,13.958,789661215.17,697.60967,34.842876,1.877848,12.501865,0.0,,,"2016,2017,2018,2019,2020,2021,2022,2023,2024,2025","2021,2022,2023,2024,2025"
300454,深信服,SZ,软件开发,保留,,通过,12.674,3085501019.27,,63.043475,3.959824,10.469771,0.0,,,"2016,2017,2018,2019,2020,2021,2022,2023,2024,2025","2021,2022,2023,2024,2025"
300455,航天智装,SZ,计算机设备,保留,,排除,8.348,56187171.46,-32.35733,19.257358,0.271721,10.407135,0.0,,"interest_coverage,ocf_ni","2016,2017,2018,2019,2020,2021,2022,2023,2024,2025","2021,2022,2023,2024,2025"
300456,赛微电子,SZ,半导体,保留,,排除,5.563,-2707970215.59,20.564719,35.317896,0.160367,26.59193,0.0,,"roe,fcf,ocf_ni","2016,2017,2018,2019,2020,2021,2022,2023,2024,2025","2021,2022,2023,2024,2025"
300457,赢合科技,SZ,电池,保留,,通过,9.608,1803683733.82,,25.320227,1.235623,9.056877,0.0,,,"2016,2017,2018,2019,2020,2021,2022,2023,2024,2025","2021,2022,2023,2024,2025"
300458,全志科技,SZ,半导体,保留,,排除,7.239,364495883.34,,35.059404,2.209226,10.054848,0.0,,roe,"2016,2017,2018,2019,2020,2021,2022,2023,2024,2025","2021,2022,2023,2024,2025"
300459,汤姆猫,SZ,游戏Ⅱ,保留,,排除,-10.178,1984675770.84,-13.198125,90.991793,0.419224,-22.680511,0.0,,"roe,interest_coverage,ocf_ni,net_margin","2016,2017,2018,2019,2020,2021,2022,2023,2024,2025","2021,2022,2023,2024,2025"
300460,ST惠伦,SZ,元件,保留,,排除,-9.41,-638912779.47,-5.547484,10.426392,0.21266,-17.217541,0.0,,"roe,fcf,interest_coverage,gross_margin,ocf_ni,net_margin","2016,2017,2018,2019,2020,2021,2022,2023,2024,2025","2021,2022,2023,2024,2025"
300461,田中精机,SZ,自动化设备,保留,,排除,-10.03,-182336349.35,2.68511,32.561552,-0.748084,-9.876906,0.0,,"roe,fcf,ocf_ni,net_margin","2016,2017,2018,2019,2020,2021,2022,2023,2024,2025","2021,2022,2023,2024,2025"
300462,ST华铭,SZ,计算机设备,保留,,排除,5.325,334926833.47,-9.163848,27.542451,-4.516188,5.780338,0.0,,"roe,interest_coverage,ocf_ni","2016,2017,2018,2019,2020,2021,2022,2023,2024,2025","2021,2022,2023,2024,2025"
300463,迈克生物,SZ,医疗器械,保留,,排除,12.935,418028042.68,-3.098807,56.304556,-1.209922,15.202867,0.0,,"interest_coverage,ocf_ni","2016,2017,2018,2019,2020,2021,2022,2023,2024,2025","2021,2022,2023,2024,2025"
300464,星徽股份,SZ,互联网电商,保留,,排除,-33.116,313803812.76,3.026869,22.694126,5.071118,-6.715264,0.0,,"roe,net_margin","2016,2017,2018,2019,2020,2021,2022,2023,2024,2025","2021,2022,2023,2024,2025"
300465,高伟达,SZ,软件开发,保留,,排除,-2.571,132532853.46,2.824673,19.018985,2.403535,-0.851414,0.0,,"roe,net_margin","2016,2017,2018,2019,2020,2021,2022,2023,2024,2025","2021,2022,2023,2024,2025"
300466,赛摩智能,SZ,通用设备,保留,,排除,-4.553,-2746102.12,-6.029262,32.522672,0.496978,-9.325668,0.0,,"roe,fcf,interest_coverage,ocf_ni,net_margin","2016,2017,2018,2019,2020,2021,2022,2023,2024,2025","2021,2022,2023,2024,2025"
300467,迅游科技,SZ,游戏Ⅱ,保留,,排除,-9.665,192202657.95,,65.006906,-0.618017,-30.338126,0.0,,"roe,ocf_ni,net_margin","2016,2017,2018,2019,2020,2021,2022,2023,2024,2025","2021,2022,2023,2024,2025"
300468,四方精创,SZ,软件开发,保留,,排除,6.236,406418426.58,,35.556176,1.963336,12.734253,0.0,,roe,"2016,2017,2018,2019,2020,2021,2022,2023,2024,2025","2021,2022,2023,2024,2025"
300469,信息发展,SZ,软件开发,保留,,排除,-32.036,-608507532.61,-20.190548,21.631334,0.176954,-27.730316,0.0,,"roe,fcf,interest_coverage,ocf_ni,net_margin","2016,2017,2018,2019,2020,2021,2022,2023,2024,2025","2021,2022,2023,2024,2025"
300470,中密控股,SZ,通用设备,保留,,通过,14.27,1256666153.93,,49.348543,0.914206,24.836808,0.0,,,"2016,2017,2018,2019,2020,2021,2022,2023,2024,2025","2021,2022,2023,2024,2025"
300471,厚普股份,SZ,专用设备,保留,,排除,-5.76,-9798280.12,22.713254,24.086825,4.335181,-18.095207,0.0,,"roe,fcf,net_margin","2016,2017,2018,2019,2020,2021,2022,2023,2024,2025","2021,2022,2023,2024,2025"
300472,*ST新元,SZ,专用设备,保留,,排除,-55.718,-650051169.0,-10.804062,19.185452,0.177698,-88.089396,0.0,,"roe,fcf,interest_coverage,ocf_ni,net_margin","2016,2017,2018,2019,2020,2021,2022,2023,2024,2025","2021,2022,2023,2024,2025"
300473,德尔股份,SZ,汽车零部件,周期,周期性行业,行业排除,,,,,,,,,,,
300474,景嘉微,SZ,军工电子Ⅱ,保留,,排除,7.215,-483952926.62,,55.289748,0.823586,17.932297,0.0,,"roe,fcf","2016,2017,2018,2019,2020,2021,2022,2023,2024,2025","2021,2022,2023,2024,2025"
300475,香农芯创,SZ,其他电子Ⅱ,保留,,排除,8.45,1257896747.14,3.603427,4.47392,0.336858,10.576077,0.0,,"gross_margin,ocf_ni","2016,2017,2018,2019,2020,2021,2022,2023,2024,2025","2021,2022,2023,2024,2025"
300476,胜宏科技,SZ,元件,保留,,排除,14.7,-1419746194.04,42.18537,23.437381,1.380226,11.762285,0.0,,fcf,"2016,2017,2018,2019,2020,2021,2022,2023,2024,2025","2021,2022,2023,2024,2025"
300477,ST合纵,SZ,电池,保留,,排除,-21.15,-3269910763.24,-3.781822,12.218095,-6.582044,-13.53788,0.0,,"roe,fcf,interest_coverage,gross_margin,ocf_ni,net_margin","2016,2017,2018,2019,2020,2021,2022,2023,2024,2025","2021,2022,2023,2024,2025"
300478,杭州高新,SZ,塑料,保留,,排除,-23.092,-191770688.78,-3.848847,5.922348,-0.810984,-8.203626,0.0,,"roe,fcf,interest_coverage,gross_margin,ocf_ni,net_margin","2016,2017,2018,2019,2020,2021,2022,2023,2024,2025","2021,2022,2023,2024,2025"
300479,神思电子,SZ,计算机设备,保留,,排除,-3.458,280192643.84,4.706922,31.356065,1.108064,-6.781288,0.0,,"roe,net_margin","2016,2017,2018,2019,2020,2021,2022,2023,2024,2025","2021,2022,2023,2024,2025"
300480,光力科技,SZ,专用设备,保留,,排除,5.209,-309921019.29,1.665007,54.501231,0.187725,12.763779,0.0,,"roe,fcf,interest_coverage,ocf_ni","2016,2017,2018,2019,2020,2021,2022,2023,2024,2025","2021,2022,2023,2024,2025"
300481,濮阳惠成,SZ,电子化学品Ⅱ,保留,,通过,14.16,296117912.82,,26.596441,0.988411,17.313363,0.0,,,"2016,2017,2018,2019,2020,2021,2022,2023,2024,2025","2021,2022,2023,2024,2025"
300482,万孚生物,SZ,医疗器械,保留,,排除,17.644,1405354923.25,-2.6478,58.803786,-0.7151,17.768163,0.0,,"interest_coverage,ocf_ni","2016,2017,2018,2019,2020,2021,2022,2023,2024,2025","2021,2022,2023,2024,2025"
300483,首华燃气,SZ,燃气Ⅱ,保留,,排除,-1.592,1060705506.17,3.228791,15.987768,7.408933,-3.294535,0.0,,"roe,net_margin","2016,2017,2018,2019,2020,2021,2022,2023,2024,2025","2021,2022,2023,2024,2025"
300484,蓝海华腾,SZ,自动化设备,保留,,排除,7.83,221387027.56,,37.017669,0.941231,7.322461,0.0,,roe,"2016,2017,2018,2019,2020,2021,2022,2023,2024,2025","2021,2022,2023,2024,2025"
300485,赛升药业,SZ,生物制品,保留,,排除,6.994,134474223.15,,72.225647,0.216942,20.076535,0.0,,"roe,ocf_ni","2016,2017,2018,2019,2020,2021,2022,2023,2024,2025","2021,2022,2023,2024,2025"
300486,东杰智能,SZ,自动化设备,保留,,排除,-0.911,-624207788.07,0.773434,17.457481,-0.112792,-3.434318,0.0,,"roe,fcf,interest_coverage,ocf_ni,net_margin","2016,2017,2018,2019,2020,2021,2022,2023,2024,2025","2021,2022,2023,2024,2025"
300487,蓝晓科技,SZ,塑料,保留,,通过,17.997,2586149044.48,,47.63154,1.042316,25.47887,0.0,,,"2016,2017,2018,2019,2020,2021,2022,2023,2024,2025","2021,2022,2023,2024,2025"
300488,恒锋工具,SZ,通用设备,保留,,通过,10.426,385684262.89,10.046,46.617022,1.398385,26.294949,0.0,,,"2016,2017,2018,2019,2020,2021,2022,2023,2024,2025","2021,2022,2023,2024,2025"
300489,光智科技,SZ,光学光电子,保留,,排除,-17.776,-2115938200.87,0.306608,23.726713,-10.847025,-8.521117,0.0,,"roe,fcf,interest_coverage,ocf_ni,net_margin","2016,2017,2018,2019,2020,2021,2022,2023,2024,2025","2021,2022,2023,2024,2025"
300490,华自科技,SZ,电网设备,保留,,排除,-1.814,-2006600111.7,-12.118728,19.297123,-1.250818,-2.978048,0.0,,"roe,fcf,interest_coverage,ocf_ni,net_margin","2016,2017,2018,2019,2020,2021,2022,2023,2024,2025","2021,2022,2023,2024,2025"
300491,通合科技,SZ,其他电源设备Ⅱ,保留,,排除,4.466,-268525167.95,4.54765,30.534608,0.869892,6.780787,0.0,,"roe,fcf","2016,2017,2018,2019,2020,2021,2022,2023,2024,2025","2021,2022,2023,2024,2025"
300492,华图山鼎,SZ,教育,保留,,通过,15.292,1528654331.61,9.556037,42.198206,3.210595,5.412321,0.0,,,"2016,2017,2018,2019,2020,2021,2022,2023,2024,2025","2021,2022,2023,2024,2025"
300493,润欣科技,SZ,其他电子Ⅱ,保留,,排除,5.93,-52331380.14,,10.063738,0.407222,2.305424,0.0,,"roe,fcf,gross_margin,ocf_ni,net_margin","2016,2017,2018,2019,2020,2021,2022,2023,2024,2025","2021,2022,2023,2024,2025"
300494,盛天网络,SZ,游戏Ⅱ,保留,,排除,6.432,549360634.59,,22.847258,1.746471,9.481237,0.0,,roe,"2016,2017,2018,2019,2020,2021,2022,2023,2024,2025","2021,2022,2023,2024,2025"
300496,中科创达,SZ,IT服务Ⅱ,保留,,排除,9.871,-985716107.74,,36.317174,1.167673,11.405174,0.0,,fcf,"2016,2017,2018,2019,2020,2021,2022,2023,2024,2025","2021,2022,2023,2024,2025"
300497,富祥股份,SZ,化学制药,保留,,排除,8.211,-1610842583.25,-1.41912,17.109466,0.16585,5.662174,0.0,,"fcf,interest_coverage,ocf_ni","2016,2017,2018,2019,2020,2021,2022,2023,2024,2025","2021,2022,2023,2024,2025"
300498,温氏股份,SZ,养殖业,保留,,排除,13.938,-1422859260.52,8.249856,7.33649,1.04062,6.034351,0.0,,"fcf,gross_margin","2016,2017,2018,2019,2020,2021,2022,2023,2024,2025","2021,2022,2023,2024,2025"
300499,高澜股份,SZ,专用设备,保留,,排除,7.131,-179498166.09,,24.694693,0.767672,5.049153,0.0,,"roe,fcf","2016,2017,2018,2019,2020,2021,2022,2023,2024,2025","2021,2022,2023,2024,2025"
300500,启迪设计,SZ,工程咨询服务Ⅱ,保留,,排除,1.418,291736947.53,-21.916825,24.739496,-0.339163,1.761906,0.0,,"roe,interest_coverage,ocf_ni,net_margin","2016,2017,2018,2019,2020,2021,2022,2023,2024,2025","2021,2022,2023,2024,2025"
300501,海顺新材,SZ,包装印刷,保留,,排除,8.309,-499173920.68,-0.341827,27.411024,0.380557,11.233407,0.0,,"fcf,interest_coverage,ocf_ni","2016,2017,2018,2019,2020,2021,2022,2023,2024,2025","2021,2022,2023,2024,2025"
300502,新易盛,SZ,通信设备,保留,,通过,21.303,6649469713.91,,38.469266,0.818816,21.794929,0.0,,,"2016,2017,2018,2019,2020,2021,2022,2023,2024,2025","2021,2022,2023,2024,2025"
300503,昊志机电,SZ,通用设备,保留,,排除,3.332,-224452663.0,3.605748,36.93,1.709687,2.024387,0.0,,"roe,fcf,net_margin","2016,2017,2018,2019,2020,2021,2022,2023,2024,2025","2021,2022,2023,2024,2025"
300504,天邑股份,SZ,通信设备,保留,,排除,10.087,-117403660.3,,15.792745,-0.510853,4.254969,0.0,,"fcf,ocf_ni,net_margin","2016,2017,2018,2019,2020,2021,2022,2023,2024,2025","2021,2022,2023,2024,2025"
300505,川金诺,SZ,农化制品,保留,,排除,9.855,-286525953.86,56.675406,14.942437,0.464381,7.294655,0.0,,"fcf,gross_margin,ocf_ni","2016,2017,2018,2019,2020,2021,2022,2023,2024,2025","2021,2022,2023,2024,2025"
300506,名家汇,SZ,装修装饰Ⅱ,保留,,排除,-41.244,-284546735.82,-2.219919,10.07362,0.274965,-108.08572,0.0,,"roe,fcf,interest_coverage,gross_margin,ocf_ni,net_margin","2016,2017,2018,2019,2020,2021,2022,2023,2024,2025","2021,2022,2023,2024,2025"
300507,苏奥传感,SZ,汽车零部件,周期,周期性行业,行业排除,,,,,,,,,,,
300508,维宏股份,SZ,计算机设备,保留,,通过,9.039,164643650.54,51.572323,56.44524,1.219997,18.066986,0.0,,,"2016,2017,2018,2019,2020,2021,2022,2023,2024,2025","2021,2022,2023,2024,2025"
300509,新美星,SZ,专用设备,保留,,通过,9.261,401335062.87,,25.841716,1.99254,7.669316,0.0,,,"2016,2017,2018,2019,2020,2021,2022,2023,2024,2025","2021,2022,2023,2024,2025"
300510,金冠股份,SZ,电网设备,保留,,排除,-3.021,-450811120.18,-52.911825,21.00446,-4.096437,-12.755503,0.0,,"roe,fcf,interest_coverage,ocf_ni,net_margin","2016,2017,2018,2019,2020,2021,2022,2023,2024,2025","2021,2022,2023,2024,2025"
300511,雪榕生物,SZ,种植业,保留,,排除,-3.523,-638653241.74,0.753347,8.284751,1.856941,-1.220032,0.0,,"roe,fcf,interest_coverage,gross_margin,net_margin","2016,2017,2018,2019,2020,2021,2022,2023,2024,2025","2021,2022,2023,2024,2025"
300512,中亚股份,SZ,专用设备,保留,,排除,7.536,-60629028.29,107.992783,30.053265,2.283355,12.913407,0.0,,"roe,fcf","2016,2017,2018,2019,2020,2021,2022,2023,2024,2025","2021,2022,2023,2024,2025"
300513,恒实科技,SZ,通信服务,保留,,排除,-10.918,-1054603.91,-24.505701,13.900675,0.167196,-14.908574,0.0,,"roe,fcf,interest_coverage,gross_margin,ocf_ni,net_margin","2016,2017,2018,2019,2020,2021,2022,2023,2024,2025","2021,2022,2023,2024,2025"
300514,友讯达,SZ,电网设备,保留,,通过,13.911,851718309.58,,34.659212,1.801155,10.313098,0.0,,,"2016,2017,2018,2019,2020,2021,2022,2023,2024,2025","2021,2022,2023,2024,2025"
300515,三德科技,SZ,通用设备,保留,,通过,12.187,600768051.45,,56.698139,1.486287,18.995274,0.0,,,"2016,2017,2018,2019,2020,2021,2022,2023,2024,2025","2021,2022,2023,2024,2025"
300516,久之洋,SZ,其他电子Ⅱ,保留,,排除,6.246,96282600.16,,30.810149,2.23463,11.866629,0.0,,roe,"2016,2017,2018,2019,2020,2021,2022,2023,2024,2025","2021,2022,2023,2024,2025"
300517,海波重科,SZ,专业工程,周期,周期性行业,行业排除,,,,,,,,,,,
300518,新迅达,SZ,互联网电商,保留,,排除,-2.75,113855276.01,-58.186298,49.831007,1.40353,-28.086667,0.0,,"roe,interest_coverage,net_margin","2016,2017,2018,2019,2020,2021,2022,2023,2024,2025","2021,2022,2023,2024,2025"
300519,新光药业,SZ,中药Ⅱ,保留,,通过,12.419,388412909.84,,44.284057,1.113468,30.056403,0.0,,,"2016,2017,2018,2019,2020,2021,2022,2023,2024,2025","2021,2022,2023,2024,2025"
300520,科大国创,SZ,软件开发,保留,,排除,0.267,-1446738318.14,-11.960551,31.763114,-0.658442,0.34253,0.0,,"roe,fcf,interest_coverage,ocf_ni,net_margin","2016,2017,2018,2019,2020,2021,2022,2023,2024,2025","2021,2022,2023,2024,2025"
300521,爱司凯,SZ,专用设备,保留,,排除,1.998,-34727118.94,,39.105891,1.444127,4.092756,0.0,,"roe,fcf,net_margin","2016,2017,2018,2019,2020,2021,2022,2023,2024,2025","2021,2022,2023,2024,2025"
300522,世名科技,SZ,化学制品,周期,周期性行业,行业排除,,,,,,,,,,,
300523,辰安科技,SZ,IT服务Ⅱ,保留,,排除,0.653,-450722428.04,-8.294435,34.957615,20.400049,1.077174,0.0,,"roe,fcf,interest_coverage,net_margin","2016,2017,2018,2019,2020,2021,2022,2023,2024,2025","2021,2022,2023,2024,2025"
300525,博思软件,SZ,软件开发,保留,,通过,12.948,739630801.53,15.184253,64.577594,1.290134,14.807102,0.0,,,"2016,2017,2018,2019,2020,2021,2022,2023,2024,2025","2021,2022,2023,2024,2025"
300527,ST应急,SZ,地面兵装Ⅱ,保留,,排除,3.92,-779765772.16,,16.441821,-3.584314,0.558698,0.0,,"roe,fcf,ocf_ni,net_margin","2016,2017,2018,2019,2020,2021,2022,2023,2024,2025","2021,2022,2023,2024,2025"
300528,幸福蓝海,SZ,影视院线,保留,,排除,-16.294,453506878.38,-3.736234,7.004922,-4.015191,-17.024944,0.0,,"roe,interest_coverage,gross_margin,ocf_ni,net_margin","2016,2017,2018,2019,2020,2021,2022,2023,2024,2025","2021,2022,2023,2024,2025"
300529,健帆生物,SZ,医疗器械,保留,,通过,25.832,3153880758.08,16.587861,81.305516,1.354538,36.13055,0.0,,,"2016,2017,2018,2019,2020,2021,2022,2023,2024,2025","2021,2022,2023,2024,2025"
300530,领湃科技,SZ,电池,保留,,排除,-562.904,-1009845905.89,-5.083072,3.148102,0.481826,-57.571129,0.0,,"roe,fcf,interest_coverage,gross_margin,ocf_ni,net_margin","2016,2017,2018,2019,2020,2021,2022,2023,2024,2025","2021,2022,2023,2024,2025"
300531,优博讯,SZ,计算机设备,保留,,排除,6.388,232888874.01,,26.84561,-0.053247,6.112118,0.0,,"roe,ocf_ni","2016,2017,2018,2019,2020,2021,2022,2023,2024,2025","2021,2022,2023,2024,2025"
300532,今天国际,SZ,IT服务Ⅱ,保留,,排除,12.406,936423219.33,239.854386,26.110555,0.508697,9.839508,0.0,,ocf_ni,"2016,2017,2018,2019,2020,2021,2022,2023,2024,2025","2021,2022,2023,2024,2025"
300533,冰川网络,SZ,游戏Ⅱ,保留,,通过,8.153,1291340806.2,96.161686,93.262765,0.732325,18.289878,0.0,,,"2016,2017,2018,2019,2020,2021,2022,2023,2024,2025","2021,2022,2023,2024,2025"
300534,陇神戎发,SZ,中药Ⅱ,保留,,排除,3.754,350248684.05,,58.793611,2.295529,5.067399,0.0,,roe,"2016,2017,2018,2019,2020,2021,2022,2023,2024,2025","2021,2022,2023,2024,2025"
300535,达威股份,SZ,化学制品,周期,周期性行业,行业排除,,,,,,,,,,,
300536,农尚环境,SZ,IT服务Ⅱ,保留,,排除,-1.633,-354981836.33,-133.780575,15.514929,20.016933,-13.723421,0.0,,"roe,fcf,interest_coverage,net_margin","2016,2017,2018,2019,2020,2021,2022,2023,2024,2025","2021,2022,2023,2024,2025"
300537,广信材料,SZ,电子化学品Ⅱ,保留,,排除,-3.868,-69209241.35,3.763516,32.020949,1.384702,-5.636018,0.0,,"roe,fcf,net_margin","2016,2017,2018,2019,2020,2021,2022,2023,2024,2025","2021,2022,2023,2024,2025"
300538,同益股份,SZ,塑料,保留,,排除,2.111,-672519561.15,-2.027683,6.231676,4.261182,0.63681,0.0,,"roe,fcf,interest_coverage,gross_margin,net_margin","2016,2017,2018,2019,2020,2021,2022,2023,2024,2025","2021,2022,2023,2024,2025"
300539,横河精密,SZ,塑料,保留,,排除,6.005,-16719461.24,6.67854,20.425296,2.446376,4.478517,0.0,,"roe,fcf,net_margin","2016,2017,2018,2019,2020,2021,2022,2023,2024,2025","2021,2022,2023,2024,2025"
300540,蜀道装备,SZ,专用设备,保留,,排除,1.436,-77172309.66,,21.383941,-1.042953,-1.304814,0.0,,"roe,fcf,ocf_ni,net_margin","2016,2017,2018,2019,2020,2021,2022,2023,2024,2025","2021,2022,2023,2024,2025"
300541,先进数通,SZ,IT服务Ⅱ,保留,,排除,9.384,197766361.13,5.443425,14.998384,1.90499,3.963264,0.0,,"gross_margin,net_margin","2016,2017,2018,2019,2020,2021,2022,2023,2024,2025","2021,2022,2023,2024,2025"
300542,新晨科技,SZ,软件开发,保留,,排除,4.757,51303355.23,-0.477575,19.291616,4.90317,3.405616,0.0,,"roe,interest_coverage,net_margin","2016,2017,2018,2019,2020,2021,2022,2023,2024,2025","2021,2022,2023,2024,2025"
300543,朗科智能,SZ,家电零部件Ⅱ,保留,,排除,9.875,-323212011.74,3.959495,17.439778,3.980489,5.055813,0.0,,fcf,"2016,2017,2018,2019,2020,2021,2022,2023,2024,2025","2021,2022,2023,2024,2025"
300545,联得装备,SZ,光学光电子,保留,,通过,10.038,44874195.82,15.49595,32.62359,0.857508,11.323915,0.0,,,"2016,2017,2018,2019,2020,2021,2022,2023,2024,2025","2021,2022,2023,2024,2025"
300546,雄帝科技,SZ,计算机设备,保留,,排除,6.701,180461190.66,,44.068486,0.426491,8.710608,0.0,,"roe,ocf_ni","2016,2017,2018,2019,2020,2021,2022,2023,2024,2025","2021,2022,2023,2024,2025"
300547,川环科技,SZ,汽车零部件,周期,周期性行业,行业排除,,,,,,,,,,,
300548,长芯博创,SZ,通信设备,保留,,通过,9.881,574900221.72,56.113537,25.881931,1.686932,10.659188,0.0,,,"2016,2017,2018,2019,2020,2021,2022,2023,2024,2025","2021,2022,2023,2024,2025"
300549,优德精密,SZ,专用设备,保留,,排除,7.487,179065430.73,102.20365,28.366461,3.413434,8.534251,0.0,,roe,"2016,2017,2018,2019,2020,2021,2022,2023,2024,2025","2021,2022,2023,2024,2025"
300550,和仁科技,SZ,软件开发,保留,,排除,5.349,-116209987.47,,37.308345,1.105158,7.702823,0.0,,"roe,fcf","2016,2017,2018,2019,2020,2021,2022,2023,2024,2025","2021,2022,2023,2024,2025"
300551,古鳌科技,SZ,计算机设备,保留,,排除,-8.825,-163709559.53,,48.734386,-0.230948,-26.193949,0.0,,"roe,fcf,ocf_ni,net_margin","2016,2017,2018,2019,2020,2021,2022,2023,2024,2025","2021,2022,2023,2024,2025"
300552,万集科技,SZ,计算机设备,保留,,排除,7.953,-540435808.63,-28.632025,38.309971,1.797648,-1.912541,0.0,,"roe,fcf,interest_coverage,net_margin","2016,2017,2018,2019,2020,2021,2022,2023,2024,2025","2021,2022,2023,2024,2025"
300553,集智股份,SZ,通用设备,保留,,排除,5.685,-471146281.62,,42.635067,0.88514,12.32195,0.0,,"roe,fcf","2016,2017,2018,2019,2020,2021,2022,2023,2024,2025","2021,2022,2023,2024,2025"
300554,三超新材,SZ,通用设备,保留,,排除,-0.053,-185994375.78,-32.185386,24.344359,-2.50681,-5.36048,0.0,,"roe,fcf,interest_coverage,ocf_ni,net_margin","2016,2017,2018,2019,2020,2021,2022,2023,2024,2025","2021,2022,2023,2024,2025"
300555,ST路通,SZ,通信设备,保留,,排除,-1.623,-140215136.85,,19.674475,1.439864,-11.638729,0.0,,"roe,fcf,net_margin","2016,2017,2018,2019,2020,2021,2022,2023,2024,2025","2021,2022,2023,2024,2025"
300556,丝路视觉,SZ,软件开发,保留,,排除,0.455,-33691755.46,-3.553452,16.596875,0.185972,-3.381892,0.0,,"roe,fcf,interest_coverage,ocf_ni,net_margin","2016,2017,2018,2019,2020,2021,2022,2023,2024,2025","2021,2022,2023,2024,2025"
300557,理工光科,SZ,通用设备,保留,,排除,4.652,199706471.61,,29.57045,1.756239,7.519272,0.0,,roe,"2016,2017,2018,2019,2020,2021,2022,2023,2024,2025","2021,2022,2023,2024,2025"
300558,贝达药业,SZ,化学制药,保留,,排除,11.605,-739180740.53,4.86478,85.074585,2.271772,18.136819,0.0,,fcf,"2016,2017,2018,2019,2020,2021,2022,2023,2024,2025","2021,2022,2023,2024,2025"
300559,佳发教育,SZ,软件开发,保留,,通过,12.627,359159806.75,,52.500624,1.806618,25.442136,0.0,,,"2016,2017,2018,2019,2020,2021,2022,2023,2024,2025","2021,2022,2023,2024,2025"
300560,中富通,SZ,通信服务,保留,,排除,3.147,-141353368.04,-2.514687,21.615326,0.575079,4.050854,0.0,,"roe,fcf,interest_coverage,ocf_ni,net_margin","2016,2017,2018,2019,2020,2021,2022,2023,2024,2025","2021,2022,2023,2024,2025"
300561,汇金科技,SZ,软件开发,保留,,排除,4.79,-48633822.49,,48.626008,1.183894,7.821495,0.0,,"roe,fcf","2016,2017,2018,2019,2020,2021,2022,2023,2024,2025","2021,2022,2023,2024,2025"
300562,乐心医疗,SZ,医疗器械,保留,,排除,6.966,285451582.9,79.71886,28.770828,0.648615,4.025603,0.0,,"roe,ocf_ni,net_margin","2016,2017,2018,2019,2020,2021,2022,2023,2024,2025","2021,2022,2023,2024,2025"
300563,神宇股份,SZ,通信设备,保留,,通过,8.281,142867038.62,,16.803559,1.336138,9.546567,0.0,,,"2016,2017,2018,2019,2020,2021,2022,2023,2024,2025","2021,2022,2023,2024,2025"
300564,筑博设计,SZ,工程咨询服务Ⅱ,保留,,通过,16.072,135764210.08,,34.117343,1.081687,12.639356,0.0,,,"2016,2017,2018,2019,2020,2021,2022,2023,2024,2025","2021,2022,2023,2024,2025"
300565,科信技术,SZ,通信设备,保留,,排除,-10.439,-1034380972.07,-4.024632,19.82012,0.788318,-11.777493,0.0,,"roe,fcf,interest_coverage,net_margin","2016,2017,2018,2019,2020,2021,2022,2023,2024,2025","2021,2022,2023,2024,2025"
300566,激智科技,SZ,光学光电子,保留,,通过,10.945,120494331.04,14.47473,21.045152,1.098548,7.174653,0.0,,,"2016,2017,2018,2019,2020,2021,2022,2023,2024,2025","2021,2022,2023,2024,2025"
300567,精测电子,SZ,通用设备,保留,,排除,13.912,-2669369363.06,0.757659,44.305268,-0.017487,10.657137,0.0,,"fcf,interest_coverage,ocf_ni","2016,2017,2018,2019,2020,2021,2022,2023,2024,2025","2021,2022,2023,2024,2025"
300568,星源材质,SZ,电池,保留,,排除,9.161,-12095812556.05,0.396468,35.981748,5.376159,19.498763,0.0,,"fcf,interest_coverage","2016,2017,2018,2019,2020,2021,2022,2023,2024,2025","2021,2022,2023,2024,2025"
300569,天能重工,SZ,风电设备,保留,,排除,9.027,-2234628595.75,0.896341,18.310239,0.054579,7.872635,0.0,,"fcf,interest_coverage,ocf_ni","2016,2017,2018,2019,2020,2021,2022,2023,2024,2025","2021,2022,2023,2024,2025"
300570,太辰光,SZ,通信设备,保留,,通过,13.259,458186892.44,,32.744203,0.70016,18.545674,0.0,,,"2016,2017,2018,2019,2020,2021,2022,2023,2024,2025","2021,2022,2023,2024,2025"
300571,平治信息,SZ,通信服务,保留,,排除,17.945,-1974289522.44,-2.575097,11.51093,-1.366718,3.646976,0.0,,"fcf,interest_coverage,gross_margin,ocf_ni,net_margin","2016,2017,2018,2019,2020,2021,2022,2023,2024,2025","2021,2022,2023,2024,2025"
300572,安车检测,SZ,通用设备,保留,,排除,7.102,-61822433.57,,38.231719,-1.733751,-0.715437,0.0,,"roe,fcf,ocf_ni,net_margin","2016,2017,2018,2019,2020,2021,2022,2023,2024,2025","2021,2022,2023,2024,2025"
300573,兴齐眼药,SZ,化学制药,保留,,通过,15.813,955677644.28,193.596937,78.738439,1.313597,14.729058,0.0,,,"2016,2017,2018,2019,2020,2021,2022,2023,2024,2025","2021,2022,2023,2024,2025"
300575,中旗股份,SZ,农化制品,保留,,排除,11.047,-478244374.48,-4.208682,18.208104,4.682577,7.567625,0.0,,"fcf,interest_coverage","2016,2017,2018,2019,2020,2021,2022,2023,2024,2025","2021,2022,2023,2024,2025"
300576,容大感光,SZ,电子化学品Ⅱ,保留,,排除,8.52,-271592050.48,,33.256017,1.035053,9.664925,0.0,,fcf,"2016,2017,2018,2019,2020,2021,2022,2023,2024,2025","2021,2022,2023,2024,2025"
300577,开润股份,SZ,服装家纺,保留,,通过,18.085,415827617.06,4.819827,23.870831,1.738621,7.224175,0.0,,,"2016,2017,2018,2019,2020,2021,2022,2023,2024,2025","2021,2022,2023,2024,2025"
300578,会畅科技,SZ,通信服务,保留,,排除,0.827,-55525042.78,,37.81882,0.710708,-7.425786,0.0,,"roe,fcf,net_margin","2016,2017,2018,2019,2020,2021,2022,2023,2024,2025","2021,2022,2023,2024,2025"
300579,数字认证,SZ,软件开发,保留,,排除,9.785,-39024382.33,,49.344231,0.409541,7.258104,0.0,,"fcf,ocf_ni","2016,2017,2018,2019,2020,2021,2022,2023,2024,2025","2021,2022,2023,2024,2025"
300580,贝斯特,SZ,汽车零部件,周期,周期性行业,行业排除,,,,,,,,,,,
300581,晨曦航空,SZ,航空装备Ⅱ,保留,,排除,6.093,-258767163.59,,39.053915,-1.997973,8.846473,0.0,,"roe,fcf,ocf_ni","2016,2017,2018,2019,2020,2021,2022,2023,2024,2025","2021,2022,2023,2024,2025"
300582,英飞特,SZ,光学光电子,保留,,排除,2.529,480935657.92,-9.453924,30.320263,11.166874,4.509618,0.0,,"roe,interest_coverage,net_margin","2016,2017,2018,2019,2020,2021,2022,2023,2024,2025","2021,2022,2023,2024,2025"
300583,赛托生物,SZ,化学制药,保留,,排除,2.325,-139003819.7,-2.374784,19.864391,0.669728,2.096912,0.0,,"roe,fcf,interest_coverage,ocf_ni,net_margin","2016,2017,2018,2019,2020,2021,2022,2023,2024,2025","2021,2022,2023,2024,2025"
300584,海辰药业,SZ,化学制药,保留,,排除,12.133,-435046659.0,7.007274,80.692572,0.807384,13.740542,0.0,,fcf,"2016,2017,2018,2019,2020,2021,2022,2023,2024,2025","2021,2022,2023,2024,2025"
300585,奥联电子,SZ,汽车零部件,周期,周期性行业,行业排除,,,,,,,,,,,
300586,美联新材,SZ,塑料,保留,,排除,8.713,-542797491.77,-6.0456,18.509268,2.348094,6.441329,0.0,,"fcf,interest_coverage","2016,2017,2018,2019,2020,2021,2022,2023,2024,2025","2021,2022,2023,2024,2025"
300587,天铁科技,SZ,橡胶,保留,,排除,6.149,-2994975988.75,-3.482663,33.03971,-1.513449,7.629845,0.0,,"roe,fcf,interest_coverage,ocf_ni","2016,2017,2018,2019,2020,2021,2022,2023,2024,2025","2021,2022,2023,2024,2025"
300588,熙菱信息,SZ,计算机设备,保留,,排除,-7.647,77290152.04,-9.432068,33.958794,-0.600938,-19.803985,0.0,,"roe,interest_coverage,ocf_ni,net_margin","2016,2017,2018,2019,2020,2021,2022,2023,2024,2025","2021,2022,2023,2024,2025"
300589,江龙船艇,SZ,航海装备Ⅱ,保留,,排除,7.338,-246245881.44,-40.149893,12.409334,-1.062261,2.920574,0.0,,"roe,fcf,interest_coverage,gross_margin,ocf_ni,net_margin","2016,2017,2018,2019,2020,2021,2022,2023,2024,2025","2021,2022,2023,2024,2025"
300590,移为通信,SZ,通信设备,保留,,通过,15.65,429607032.35,,38.561627,1.057227,20.573194,0.0,,,"2016,2017,2018,2019,2020,2021,2022,2023,2024,2025","2021,2022,2023,2024,2025"
300591,万里马,SZ,服装家纺,保留,,排除,-18.176,-204669472.8,-13.198878,14.779623,0.006614,-17.505248,0.0,,"roe,fcf,interest_coverage,gross_margin,ocf_ni,net_margin","2016,2017,2018,2019,2020,2021,2022,2023,2024,2025","2021,2022,2023,2024,2025"
300592,华凯易佰,SZ,互联网电商,保留,,排除,4.74,1201330949.37,,35.878738,0.682659,-1.526993,0.0,,"roe,ocf_ni,net_margin","2016,2017,2018,2019,2020,2021,2022,2023,2024,2025","2021,2022,2023,2024,2025"
300593,新雷能,SZ,其他电源设备Ⅱ,保留,,排除,7.766,-1820600624.78,-5.586362,43.803653,-0.105368,2.398542,0.0,,"roe,fcf,interest_coverage,ocf_ni,net_margin","2016,2017,2018,2019,2020,2021,2022,2023,2024,2025","2021,2022,2023,2024,2025"
300594,ST朗进,SZ,轨交设备Ⅱ,保留,,排除,9.14,-456463722.83,-1.105523,23.944686,5.453373,5.835991,0.0,,"fcf,interest_coverage","2016,2017,2018,2019,2020,2021,2022,2023,2024,2025","2021,2022,2023,2024,2025"
300595,欧普康视,SZ,医疗器械,保留,,通过,23.02,2627767070.54,55.774658,74.854636,1.197022,42.073741,0.0,,,"2016,2017,2018,2019,2020,2021,2022,2023,2024,2025","2021,2022,2023,2024,2025"
300596,利安隆,SZ,化学制品,周期,周期性行业,行业排除,,,,,,,,,,,
300597,吉大通信,SZ,通信服务,保留,,排除,3.386,-439129653.78,-9.53622,19.882759,-6.021352,4.173978,0.0,,"roe,fcf,interest_coverage,ocf_ni,net_margin","2016,2017,2018,2019,2020,2021,2022,2023,2024,2025","2021,2022,2023,2024,2025"
300598,诚迈科技,SZ,软件开发,保留,,排除,5.93,-689137543.97,-8.828454,17.415183,0.739088,4.507474,0.0,,"roe,fcf,interest_coverage,net_margin","2016,2017,2018,2019,2020,2021,2022,2023,2024,2025","2021,2022,2023,2024,2025"
300599,雄塑科技,SZ,装修建材,保留,,排除,6.349,-237327566.72,,13.659821,-30.698574,3.641486,0.0,,"roe,fcf,gross_margin,ocf_ni,net_margin","2016,2017,2018,2019,2020,2021,2022,2023,2024,2025","2021,2022,2023,2024,2025"
300600,国瑞科技,SZ,航海装备Ⅱ,保留,,排除,2.042,-47586990.67,,27.579849,-15.855087,-5.614234,0.0,,"roe,fcf,ocf_ni,net_margin","2016,2017,2018,2019,2020,2021,2022,2023,2024,2025","2021,2022,2023,2024,2025"
300601,康泰生物,SZ,生物制品,保留,,排除,13.011,-903476583.14,0.886376,79.675646,2.084741,18.070584,0.0,,"fcf,interest_coverage","2016,2017,2018,2019,2020,2021,2022,2023,2024,2025","2021,2022,2023,2024,2025"
300602,飞荣达,SZ,消费电子,保留,,排除,11.155,-1266323337.28,9.332299,18.448395,1.568686,7.261176,0.0,,fcf,"2016,2017,2018,2019,2020,2021,2022,2023,2024,2025","2021,2022,2023,2024,2025"
300603,立昂技术,SZ,通信服务,保留,,排除,-9.776,-552963697.02,-27.339721,12.950242,1.606298,-17.667803,0.0,,"roe,fcf,interest_coverage,gross_margin,net_margin","2016,2017,2018,2019,2020,2021,2022,2023,2024,2025","2021,2022,2023,2024,2025"
300604,长川科技,SZ,半导体,保留,,排除,14.125,-1009827810.13,19.018507,55.03093,-2.893279,16.437344,0.0,,"fcf,ocf_ni","2016,2017,2018,2019,2020,2021,2022,2023,2024,2025","2021,2022,2023,2024,2025"
300605,恒锋信息,SZ,软件开发,保留,,排除,5.968,-379329730.31,-1.617087,22.089948,-0.50311,2.96311,0.0,,"roe,fcf,interest_coverage,ocf_ni,net_margin","2016,2017,2018,2019,2020,2021,2022,2023,2024,2025","2021,2022,2023,2024,2025"
300606,金太阳,SZ,通用设备,保留,,排除,9.456,-133104814.58,3.531204,26.58174,1.424916,11.631058,0.0,,fcf,"2016,2017,2018,2019,2020,2021,2022,2023,2024,2025","2021,2022,2023,2024,2025"
300607,拓斯达,SZ,自动化设备,保留,,排除,11.694,-607787313.07,9.610079,20.715899,0.779425,8.193372,0.0,,fcf,"2016,2017,2018,2019,2020,2021,2022,2023,2024,2025","2021,2022,2023,2024,2025"
300608,思特奇,SZ,软件开发,保留,,排除,5.346,-366214933.59,-6.463521,33.318679,0.813803,2.432582,0.0,,"roe,fcf,interest_coverage,net_margin","2016,2017,2018,2019,2020,2021,2022,2023,2024,2025","2021,2022,2023,2024,2025"
300609,汇纳科技,SZ,IT服务Ⅱ,保留,,排除,4.622,-147296577.85,,48.063297,-0.401497,5.662324,0.0,,"roe,fcf,ocf_ni","2016,2017,2018,2019,2020,2021,2022,2023,2024,2025","2021,2022,2023,2024,2025"
300610,晨化股份,SZ,化学制品,周期,周期性行业,行业排除,,,,,,,,,,,
300611,美力科技,SZ,汽车零部件,周期,周期性行业,行业排除,,,,,,,,,,,
300612,宣亚国际,SZ,广告营销,保留,,排除,2.369,8418408.79,-37.018792,22.763565,-1.781772,0.392531,0.0,,"roe,interest_coverage,ocf_ni,net_margin","2016,2017,2018,2019,2020,2021,2022,2023,2024,2025","2021,2022,2023,2024,2025"
300613,富瀚微,SZ,半导体,保留,,通过,15.448,1301417811.29,23.093027,38.832901,1.493546,17.849557,0.0,,,"2016,2017,2018,2019,2020,2021,2022,2023,2024,2025","2021,2022,2023,2024,2025"
300614,百川畅银,SZ,环境治理,保留,,排除,1.163,-460749672.46,-10.032535,26.987513,0.770531,-1.90161,0.0,,"roe,fcf,interest_coverage,net_margin","2016,2017,2018,2019,2020,2021,2022,2023,2024,2025","2021,2022,2023,2024,2025"
300615,欣天科技,SZ,通信设备,保留,,排除,6.264,73925557.3,-23.283759,24.862468,0.8981,6.673403,0.0,,"roe,interest_coverage","2016,2017,2018,2019,2020,2021,2022,2023,2024,2025","2021,2022,2023,2024,2025"
300616,尚品宅配,SZ,家居用品,保留,,排除,7.949,-1003575924.17,-7.754033,33.239423,3.760368,2.024364,0.0,,"roe,fcf,interest_coverage,net_margin","2016,2017,2018,2019,2020,2021,2022,2023,2024,2025","2021,2022,2023,2024,2025"
300617,安靠智电,SZ,电网设备,保留,,通过,9.74,9999774.89,28.048621,40.766666,1.146481,20.497087,0.0,,,"2016,2017,2018,2019,2020,2021,2022,2023,2024,2025","2021,2022,2023,2024,2025"
300618,寒锐钴业,SZ,能源金属,周期,周期性行业,行业排除,,,,,,,,,,,
300619,金银河,SZ,电池,保留,,排除,7.662,-1232442585.76,0.213681,20.286037,4.914057,4.679389,0.0,,"roe,fcf,interest_coverage,net_margin","2016,2017,2018,2019,2020,2021,2022,2023,2024,2025","2021,2022,2023,2024,2025"
300620,光库科技,SZ,通信设备,保留,,排除,11.067,-251349989.26,25.682742,36.404117,1.432911,17.352617,0.0,,fcf,"2016,2017,2018,2019,2020,2021,2022,2023,2024,2025","2021,2022,2023,2024,2025"
300621,维业股份,SZ,装修装饰Ⅱ,保留,,排除,-0.556,906267432.18,-2.549845,5.151606,64.913721,1.114904,0.0,,"roe,interest_coverage,gross_margin,net_margin","2016,2017,2018,2019,2020,2021,2022,2023,2024,2025","2021,2022,2023,2024,2025"
300622,博士眼镜,SZ,专业连锁Ⅱ,保留,,通过,14.052,1138121353.81,23.612809,62.424374,2.37223,9.968571,0.0,,,"2016,2017,2018,2019,2020,2021,2022,2023,2024,2025","2021,2022,2023,2024,2025"
300623,捷捷微电,SZ,半导体,保留,,排除,13.213,-2890076515.69,,37.901314,1.829109,24.400474,0.0,,fcf,"2016,2017,2018,2019,2020,2021,2022,2023,2024,2025","2021,2022,2023,2024,2025"
300624,万兴科技,SZ,软件开发,保留,,排除,8.754,-16389277.62,-22.678545,93.942761,0.162084,6.073639,0.0,,"fcf,interest_coverage,ocf_ni","2016,2017,2018,2019,2020,2021,2022,2023,2024,2025","2021,2022,2023,2024,2025"
300625,三雄极光,SZ,照明设备Ⅱ,保留,,排除,9.571,579991299.5,-4151.065712,30.813121,2.987308,6.529979,0.0,,interest_coverage,"2016,2017,2018,2019,2020,2021,2022,2023,2024,2025","2021,2022,2023,2024,2025"
300626,华瑞股份,SZ,电机Ⅱ,保留,,排除,4.132,132393676.96,2.758178,17.562483,-0.766658,1.767037,0.0,,"roe,ocf_ni,net_margin","2016,2017,2018,2019,2020,2021,2022,2023,2024,2025","2021,2022,2023,2024,2025"
300627,华测导航,SZ,通信设备,保留,,通过,18.902,1591123880.6,,57.490985,1.008355,16.220667,0.0,,,"2016,2017,2018,2019,2020,2021,2022,2023,2024,2025","2021,2022,2023,2024,2025"
300628,亿联网络,SZ,通信设备,保留,,通过,32.714,8037369903.7,,63.809221,0.841672,45.790148,0.0,,,"2016,2017,2018,2019,2020,2021,2022,2023,2024,2025","2021,2022,2023,2024,2025"
300629,新劲刚,SZ,军工电子Ⅱ,保留,,排除,6.736,17384477.68,19.959697,61.223878,0.458629,15.783525,0.0,,"roe,ocf_ni","2016,2017,2018,2019,2020,2021,2022,2023,2024,2025","2021,2022,2023,2024,2025"
300631,久吾高科,SZ,环保设备Ⅱ,保留,,排除,7.46,166686470.91,34.60563,34.503437,1.020126,11.776204,0.0,,roe,"2016,2017,2018,2019,2020,2021,2022,2023,2024,2025","2021,2022,2023,2024,2025"
300632,光莆股份,SZ,光学光电子,保留,,排除,10.317,-81216020.65,-0.728559,27.778941,0.658168,10.041901,0.0,,"fcf,interest_coverage,ocf_ni","2016,2017,2018,2019,2020,2021,2022,2023,2024,2025","2021,2022,2023,2024,2025"
300633,开立医疗,SZ,医疗器械,保留,,通过,12.369,655555920.17,,65.545658,1.098341,13.719873,0.0,,,"2016,2017,2018,2019,2020,2021,2022,2023,2024,2025","2021,2022,2023,2024,2025"
300634,彩讯股份,SZ,IT服务Ⅱ,保留,,排除,11.568,542449048.43,,39.207665,0.612694,18.555653,0.0,,ocf_ni,"2016,2017,2018,2019,2020,2021,2022,2023,2024,2025","2021,2022,2023,2024,2025"
300635,中达安,SZ,工程咨询服务Ⅱ,保留,,排除,-1.624,24950522.73,-4.078933,22.60865,3.269252,0.620529,0.0,,"roe,interest_coverage,net_margin","2016,2017,2018,2019,2020,2021,2022,2023,2024,2025","2021,2022,2023,2024,2025"
300636,同和药业,SZ,化学制药,保留,,排除,8.613,-400208987.03,,31.840669,2.110289,14.744355,0.0,,fcf,"2016,2017,2018,2019,2020,2021,2022,2023,2024,2025","2021,2022,2023,2024,2025"
300637,扬帆新材,SZ,化学制品,周期,周期性行业,行业排除,,,,,,,,,,,
300638,广和通,SZ,通信设备,保留,,排除,20.506,457838693.23,29.900399,20.517547,0.521331,8.231784,0.0,,ocf_ni,"2016,2017,2018,2019,2020,2021,2022,2023,2024,2025","2021,2022,2023,2024,2025"
300639,凯普生物,SZ,医疗器械,保留,,排除,13.315,679056415.17,,58.233318,0.209085,8.076694,0.0,,ocf_ni,"2016,2017,2018,2019,2020,2021,2022,2023,2024,2025","2021,2022,2023,2024,2025"
300640,德艺文创,SZ,家居用品,保留,,排除,11.636,-422753335.97,5.712519,15.851936,0.320728,5.60878,0.0,,"fcf,ocf_ni","2016,2017,2018,2019,2020,2021,2022,2023,2024,2025","2021,2022,2023,2024,2025"
300641,正丹股份,SZ,化学制品,周期,周期性行业,行业排除,,,,,,,,,,,
300642,透景生命,SZ,医疗器械,保留,,通过,12.828,245836661.22,,64.970852,9.586979,25.057603,0.0,,,"2016,2017,2018,2019,2020,2021,2022,2023,2024,2025","2021,2022,2023,2024,2025"
300643,万通智控,SZ,汽车零部件,周期,周期性行业,行业排除,,,,,,,,,,,
300644,南京聚隆,SZ,塑料,保留,,排除,8.701,-333667083.57,5.463267,14.615187,-0.139817,4.221436,0.0,,"fcf,gross_margin,ocf_ni,net_margin","2016,2017,2018,2019,2020,2021,2022,2023,2024,2025","2021,2022,2023,2024,2025"
300645,正元智慧,SZ,计算机设备,保留,,排除,6.631,-180957681.84,1.001527,41.143707,8.341164,5.843811,0.0,,"roe,fcf,interest_coverage","2016,2017,2018,2019,2020,2021,2022,2023,2024,2025","2021,2022,2023,2024,2025"
300647,超频三,SZ,消费电子,保留,,排除,-8.355,-898146314.04,-5.028814,14.991996,-1.463823,-10.477728,0.0,,"roe,fcf,interest_coverage,gross_margin,ocf_ni,net_margin","2016,2017,2018,2019,2020,2021,2022,2023,2024,2025","2021,2022,2023,2024,2025"
300648,星云股份,SZ,电池,保留,,排除,1.388,-629783856.24,-8.831119,33.187498,-5.743528,1.857777,0.0,,"roe,fcf,interest_coverage,ocf_ni,net_margin","2016,2017,2018,2019,2020,2021,2022,2023,2024,2025","2021,2022,2023,2024,2025"
300649,杭州园林,SZ,基础建设,周期,周期性行业,行业排除,,,,,,,,,,,
300650,太龙股份,SZ,其他电子Ⅱ,保留,,排除,9.201,1791942278.03,14.563722,8.671715,7.092299,6.307994,0.0,,gross_margin,"2016,2017,2018,2019,2020,2021,2022,2023,2024,2025","2021,2022,2023,2024,2025"
300651,金陵体育,SZ,文娱用品,保留,,排除,6.574,401039466.01,13.281472,31.628863,2.524266,9.785368,0.0,,roe,"2016,2017,2018,2019,2020,2021,2022,2023,2024,2025","2021,2022,2023,2024,2025"
300652,雷迪克,SZ,汽车零部件,周期,周期性行业,行业排除,,,,,,,,,,,
300653,正海生物,SZ,医疗器械,保留,,通过,18.258,660596161.74,,88.249884,1.049488,37.325426,0.0,,,"2016,2017,2018,2019,2020,2021,2022,2023,2024,2025","2021,2022,2023,2024,2025"
300654,世纪天鸿,SZ,出版,保留,,排除,7.086,81955501.32,,35.190992,0.832115,8.084822,0.0,,roe,"2016,2017,2018,2019,2020,2021,2022,2023,2024,2025","2021,2022,2023,2024,2025"
300655,晶瑞电材,SZ,电子化学品Ⅱ,保留,,排除,6.72,-329470488.26,4.370105,22.265493,2.77938,5.057031,0.0,,"roe,fcf","2016,2017,2018,2019,2020,2021,2022,2023,2024,2025","2021,2022,2023,2024,2025"
300656,民德电子,SZ,其他电子Ⅱ,保留,,排除,7.755,-353925077.33,-5.831235,31.304949,1.653981,8.813181,0.0,,"roe,fcf,interest_coverage","2016,2017,2018,2019,2020,2021,2022,2023,2024,2025","2021,2022,2023,2024,2025"
300657,弘信电子,SZ,元件,保留,,排除,2.101,-2143129507.53,1.573674,6.724296,0.61393,-0.433013,0.0,,"roe,fcf,interest_coverage,gross_margin,ocf_ni,net_margin","2016,2017,2018,2019,2020,2021,2022,2023,2024,2025","2021,2022,2023,2024,2025"
300658,延江股份,SZ,个护用品,保留,,排除,11.856,-200773015.66,0.983395,16.998721,6.387739,6.993999,0.0,,"fcf,interest_coverage","2016,2017,2018,2019,2020,2021,2022,2023,2024,2025","2021,2022,2023,2024,2025"
300659,中孚信息,SZ,计算机设备,保留,,排除,4.976,-1236501652.63,-21.053958,62.86249,0.330756,-1.410696,0.0,,"roe,fcf,interest_coverage,ocf_ni,net_margin","2016,2017,2018,2019,2020,2021,2022,2023,2024,2025","2021,2022,2023,2024,2025"
300660,江苏雷利,SZ,电机Ⅱ,保留,,通过,13.159,203653264.98,,27.420894,1.339845,9.8595,0.0,,,"2016,2017,2018,2019,2020,2021,2022,2023,2024,2025","2021,2022,2023,2024,2025"
300661,圣邦股份,SZ,半导体,保留,,通过,20.321,1726681718.36,,53.297623,0.946907,19.834406,0.0,,,"2016,2017,2018,2019,2020,2021,2022,2023,2024,2025","2021,2022,2023,2024,2025"
300662,科锐国际,SZ,专业服务,保留,,排除,15.954,439108078.47,17.112725,8.148093,0.574926,4.072906,0.0,,"gross_margin,ocf_ni,net_margin","2016,2017,2018,2019,2020,2021,2022,2023,2024,2025","2021,2022,2023,2024,2025"
300663,科蓝软件,SZ,软件开发,保留,,排除,-9.064,-390487458.11,-11.23596,23.26366,-1.324706,-10.677897,0.0,,"roe,fcf,interest_coverage,ocf_ni,net_margin","2016,2017,2018,2019,2020,2021,2022,2023,2024,2025","2021,2022,2023,2024,2025"
300664,鹏鹞环保,SZ,环境治理,保留,,排除,6.774,-422763496.28,2.678427,34.069674,0.551484,17.748001,0.0,,"roe,fcf,ocf_ni","2016,2017,2018,2019,2020,2021,2022,2023,2024,2025","2021,2022,2023,2024,2025"
300665,飞鹿股份,SZ,化学制品,周期,周期性行业,行业排除,,,,,,,,,,,
300666,江丰电子,SZ,半导体,保留,,排除,11.902,-3916261847.58,6.835304,27.999292,0.541062,10.333589,0.0,,"fcf,ocf_ni","2016,2017,2018,2019,2020,2021,2022,2023,2024,2025","2021,2022,2023,2024,2025"
300667,必创科技,SZ,通用设备,保留,,排除,5.181,319063808.56,,34.133073,5.469666,6.814419,0.0,,roe,"2016,2017,2018,2019,2020,2021,2022,2023,2024,2025","2021,2022,2023,2024,2025"
300668,杰恩股份,SZ,工程咨询服务Ⅱ,保留,,排除,12.128,-56100456.35,,31.960976,1.142664,11.781002,0.0,,fcf,"2016,2017,2018,2019,2020,2021,2022,2023,2024,2025","2021,2022,2023,2024,2025"
300669,沪宁股份,SZ,专用设备,保留,,排除,8.332,-58318471.99,,25.038535,1.588662,12.930167,0.0,,fcf,"2016,2017,2018,2019,2020,2021,2022,2023,2024,2025","2021,2022,2023,2024,2025"
300670,大烨智能,SZ,电网设备,保留,,排除,-1.602,-223824745.2,-7.193695,14.624991,0.86912,-10.939624,0.0,,"roe,fcf,interest_coverage,gross_margin,net_margin","2016,2017,2018,2019,2020,2021,2022,2023,2024,2025","2021,2022,2023,2024,2025"
300671,富满微,SZ,半导体,保留,,排除,4.399,-643512623.55,-11.659202,20.459972,0.197519,-4.144848,0.0,,"roe,fcf,interest_coverage,ocf_ni,net_margin","2016,2017,2018,2019,2020,2021,2022,2023,2024,2025","2021,2022,2023,2024,2025"
300672,国科微,SZ,半导体,保留,,排除,5.719,-653582034.31,-11.045799,21.230438,2.484393,7.051214,0.0,,"roe,fcf,interest_coverage","2016,2017,2018,2019,2020,2021,2022,2023,2024,2025","2021,2022,2023,2024,2025"
300673,佩蒂股份,SZ,饲料,保留,,排除,9.525,225797470.59,8.058902,25.169703,-2.237747,9.140205,0.0,,ocf_ni,"2016,2017,2018,2019,2020,2021,2022,2023,2024,2025","2021,2022,2023,2024,2025"
300674,宇信科技,SZ,IT服务Ⅱ,保留,,通过,13.895,1667700889.11,,29.644206,1.254784,10.144201,0.0,,,"2016,2017,2018,2019,2020,2021,2022,2023,2024,2025","2021,2022,2023,2024,2025"
300675,建科院,SZ,工程咨询服务Ⅱ,保留,,排除,5.7,-184789568.64,-5.308784,32.200192,0.50767,3.763431,0.0,,"roe,fcf,interest_coverage,ocf_ni,net_margin","2016,2017,2018,2019,2020,2021,2022,2023,2024,2025","2021,2022,2023,2024,2025"
300676,华大基因,SZ,医疗服务,保留,,排除,8.706,-873647450.75,,47.866829,1.250755,8.357181,0.0,,fcf,"2016,2017,2018,2019,2020,2021,2022,2023,2024,2025","2021,2022,2023,2024,2025"
300677,英科医疗,SZ,医疗器械,保留,,通过,27.737,250306338.43,2.953394,27.217223,1.355025,17.060839,0.0,,,"2016,2017,2018,2019,2020,2021,2022,2023,2024,2025","2021,2022,2023,2024,2025"
300678,中科信息,SZ,IT服务Ⅱ,保留,,排除,6.829,275948535.3,,23.66716,2.607819,9.270941,0.0,,roe,"2016,2017,2018,2019,2020,2021,2022,2023,2024,2025","2021,2022,2023,2024,2025"
300679,电连技术,SZ,消费电子,保留,,通过,13.091,581014367.32,24.164335,31.944981,1.30108,14.384237,0.0,,,"2016,2017,2018,2019,2020,2021,2022,2023,2024,2025","2021,2022,2023,2024,2025"
300680,隆盛科技,SZ,汽车零部件,周期,周期性行业,行业排除,,,,,,,,,,,
300681,英搏尔,SZ,汽车零部件,周期,周期性行业,行业排除,,,,,,,,,,,
300682,朗新科技,SZ,IT服务Ⅱ,保留,,通过,10.886,852319699.73,,41.22412,0.848353,13.538335,0.0,,,"2016,2017,2018,2019,2020,2021,2022,2023,2024,2025","2021,2022,2023,2024,2025"
300683,海特生物,SZ,医疗服务,保留,,排除,2.811,-665558325.57,,46.71673,-0.676632,-1.032638,0.0,,"roe,fcf,ocf_ni,net_margin","2016,2017,2018,2019,2020,2021,2022,2023,2024,2025","2021,2022,2023,2024,2025"
300684,中石科技,SZ,电子化学品Ⅱ,保留,,通过,13.93,547643569.36,116.846709,29.330101,1.519433,14.352997,0.0,,,"2016,2017,2018,2019,2020,2021,2022,2023,2024,2025","2021,2022,2023,2024,2025"
300685,艾德生物,SZ,医疗器械,保留,,通过,18.373,1014453005.48,,83.626332,0.952111,26.7662,0.0,,,"2016,2017,2018,2019,2020,2021,2022,2023,2024,2025","2021,2022,2023,2024,2025"
300686,智动力,SZ,消费电子,保留,,排除,0.287,-17890854.86,-495.795072,10.053617,0.162622,-1.744451,0.0,,"roe,fcf,interest_coverage,gross_margin,ocf_ni,net_margin","2016,2017,2018,2019,2020,2021,2022,2023,2024,2025","2021,2022,2023,2024,2025"
300687,赛意信息,SZ,IT服务Ⅱ,保留,,排除,13.938,-408645384.09,-10.044911,32.34251,0.349232,9.353626,0.0,,"fcf,interest_coverage,ocf_ni","2016,2017,2018,2019,2020,2021,2022,2023,2024,2025","2021,2022,2023,2024,2025"
300688,创业黑马,SZ,教育,保留,,排除,1.086,-130302559.94,,45.06698,0.789331,-3.568552,0.0,,"roe,fcf,net_margin","2016,2017,2018,2019,2020,2021,2022,2023,2024,2025","2021,2022,2023,2024,2025"
300689,澄天伟业,SZ,通信设备,保留,,排除,6.386,156801565.79,33.448515,18.457107,3.528372,9.101825,0.0,,roe,"2016,2017,2018,2019,2020,2021,2022,2023,2024,2025","2021,2022,2023,2024,2025"
300690,双一科技,SZ,风电设备,保留,,通过,12.995,202739501.72,,25.60512,0.958438,15.864444,0.0,,,"2016,2017,2018,2019,2020,2021,2022,2023,2024,2025","2021,2022,2023,2024,2025"
300691,联合光电,SZ,计算机设备,保留,,排除,7.785,-555591327.26,2.527002,23.700457,3.705867,4.973244,0.0,,"roe,fcf,net_margin","2016,2017,2018,2019,2020,2021,2022,2023,2024,2025","2021,2022,2023,2024,2025"
300692,中赋科技,SZ,环境治理,保留,,排除,8.287,-794340748.99,0.732913,39.076365,1.542543,15.32302,0.0,,"fcf,interest_coverage","2016,2017,2018,2019,2020,2021,2022,2023,2024,2025","2021,2022,2023,2024,2025"
300693,盛弘股份,SZ,其他电源设备Ⅱ,保留,,通过,19.515,1112896499.7,,41.206212,1.050377,12.618664,0.0,,,"2016,2017,2018,2019,2020,2021,2022,2023,2024,2025","2021,2022,2023,2024,2025"
300694,蠡湖股份,SZ,汽车零部件,周期,周期性行业,行业排除,,,,,,,,,,,
300695,兆丰股份,SZ,汽车零部件,周期,周期性行业,行业排除,,,,,,,,,,,
300696,爱乐达,SZ,航空装备Ⅱ,保留,,通过,11.607,341396755.19,,31.145101,1.368325,35.420258,0.0,,,"2016,2017,2018,2019,2020,2021,2022,2023,2024,2025","2021,2022,2023,2024,2025"
300697,电工合金,SZ,工业金属,周期,周期性行业,行业排除,,,,,,,,,,,
300698,万马科技,SZ,通信设备,保留,,排除,7.392,-86526482.97,,33.716344,0.174801,5.114383,0.0,,"roe,fcf,ocf_ni","2016,2017,2018,2019,2020,2021,2022,2023,2024,2025","2021,2022,2023,2024,2025"
300699,光威复材,SZ,航空装备Ⅱ,保留,,通过,16.0,405596158.71,25.354998,45.502197,1.131408,29.7158,0.0,,,"2016,2017,2018,2019,2020,2021,2022,2023,2024,2025","2021,2022,2023,2024,2025"
300700,岱勒新材,SZ,通用设备,保留,,排除,1.453,-112850402.44,-17.49163,16.181264,-0.063231,-7.193707,0.0,,"roe,fcf,interest_coverage,ocf_ni,net_margin","2016,2017,2018,2019,2020,2021,2022,2023,2024,2025","2021,2022,2023,2024,2025"
300701,森霸传感,SZ,光学光电子,保留,,通过,15.68,131490204.01,71.029335,40.801588,1.331923,29.231134,0.0,,,"2016,2017,2018,2019,2020,2021,2022,2023,2024,2025","2021,2022,2023,2024,2025"
300702,天宇股份,SZ,化学制药,保留,,排除,11.774,-1643551107.39,4.67895,34.671808,1.414942,9.578068,0.0,,fcf,"2016,2017,2018,2019,2020,2021,2022,2023,2024,2025","2021,2022,2023,2024,2025"
300703,创源股份,SZ,文娱用品,保留,,通过,14.892,242001099.39,7.277831,30.26524,2.375669,6.873058,0.0,,,"2016,2017,2018,2019,2020,2021,2022,2023,2024,2025","2021,2022,2023,2024,2025"
300705,九典制药,SZ,化学制药,保留,,通过,16.43,267583207.81,42.067122,75.921713,1.185587,12.116859,0.0,,,"2016,2017,2018,2019,2020,2021,2022,2023,2024,2025","2021,2022,2023,2024,2025"
300706,阿石创,SZ,半导体,保留,,排除,4.177,-361712641.18,-3.073478,11.24317,-0.494135,5.532365,0.0,,"roe,fcf,interest_coverage,gross_margin,ocf_ni","2016,2017,2018,2019,2020,2021,2022,2023,2024,2025","2021,2022,2023,2024,2025"
300707,威唐工业,SZ,汽车零部件,周期,周期性行业,行业排除,,,,,,,,,,,
300708,聚灿光电,SZ,光学光电子,保留,,排除,7.162,427970942.63,,12.864004,0.366182,6.043982,0.0,,"roe,gross_margin,ocf_ni","2016,2017,2018,2019,2020,2021,2022,2023,2024,2025","2021,2022,2023,2024,2025"
300709,精研科技,SZ,消费电子,保留,,通过,11.63,535567136.18,54.555714,27.065504,2.831019,7.681521,0.0,,,"2016,2017,2018,2019,2020,2021,2022,2023,2024,2025","2021,2022,2023,2024,2025"
300710,万隆光电,SZ,通信设备,保留,,排除,0.233,44298620.19,-20.800568,27.730286,-0.912955,-2.896706,0.0,,"roe,interest_coverage,ocf_ni,net_margin","2016,2017,2018,2019,2020,2021,2022,2023,2024,2025","2021,2022,2023,2024,2025"
300711,广哈通信,SZ,通信设备,保留,,通过,9.789,273896882.28,,53.575033,1.048196,13.109752,0.0,,,"2016,2017,2018,2019,2020,2021,2022,2023,2024,2025","2021,2022,2023,2024,2025"
300712,永福股份,SZ,专业工程,周期,周期性行业,行业排除,,,,,,,,,,,
300713,英可瑞,SZ,其他电源设备Ⅱ,保留,,排除,3.033,-378166560.94,-34.976483,22.017201,0.993823,-3.366589,0.0,,"roe,fcf,interest_coverage,net_margin","2016,2017,2018,2019,2020,2021,2022,2023,2024,2025","2021,2022,2023,2024,2025"
300715,凯伦股份,SZ,装修建材,保留,,排除,9.234,-1458205107.13,0.34111,22.652261,3.359602,3.660895,0.0,,"fcf,interest_coverage,net_margin","2016,2017,2018,2019,2020,2021,2022,2023,2024,2025","2021,2022,2023,2024,2025"
300716,*ST泉为,SZ,塑料,保留,,排除,-30.023333,-673110291.01,-11.192452,-9.47924,1.981201,-53.030774,0.0,,"roe,fcf,interest_coverage,gross_margin,net_margin","2016,2017,2018,2019,2020,2021,2022,2023,2024,2025","2021,2022,2023,2024,2025"
300717,华信新材,SZ,塑料,保留,,通过,8.674,37343319.94,,26.153276,1.692496,14.089656,0.0,,,"2016,2017,2018,2019,2020,2021,2022,2023,2024,2025","2021,2022,2023,2024,2025"
300718,长盛轴承,SZ,通用设备,保留,,通过,13.93,713385955.49,,32.605225,1.090609,19.444465,0.0,,,"2016,2017,2018,2019,2020,2021,2022,2023,2024,2025","2021,2022,2023,2024,2025"
300719,安达维尔,SZ,航空装备Ⅱ,保留,,排除,7.632,-213404740.61,-1.616763,42.480559,-1.867623,8.911788,0.0,,"roe,fcf,interest_coverage,ocf_ni","2016,2017,2018,2019,2020,2021,2022,2023,2024,2025","2021,2022,2023,2024,2025"
300720,海川智能,SZ,通用设备,保留,,通过,10.698,191156256.67,,52.220405,1.019681,23.789584,0.0,,,"2016,2017,2018,2019,2020,2021,2022,2023,2024,2025","2021,2022,2023,2024,2025"
300721,怡达股份,SZ,化学制品,周期,周期性行业,行业排除,,,,,,,,,,,
300722,新余国科,SZ,航天装备Ⅱ,保留,,通过,14.054,283156467.29,,46.283249,0.997907,21.019178,0.0,,,"2016,2017,2018,2019,2020,2021,2022,2023,2024,2025","2021,2022,2023,2024,2025"
300723,一品红,SZ,化学制药,保留,,排除,12.293,-1081162295.66,-6.813072,74.244391,1.285502,1.974687,0.0,,"fcf,interest_coverage,net_margin","2016,2017,2018,2019,2020,2021,2022,2023,2024,2025","2021,2022,2023,2024,2025"
300724,捷佳伟创,SZ,光伏设备,保留,,通过,20.513,6787656000.48,,26.498109,1.205627,16.505759,0.0,,,"2016,2017,2018,2019,2020,2021,2022,2023,2024,2025","2021,2022,2023,2024,2025"
300725,药石科技,SZ,医疗服务,保留,,通过,16.563,63967034.3,6.606022,40.998193,1.507253,20.656807,0.0,,,"2016,2017,2018,2019,2020,2021,2022,2023,2024,2025","2021,2022,2023,2024,2025"
300726,宏达电子,SZ,军工电子Ⅱ,保留,,通过,18.566,1399369189.35,,62.146435,1.065911,33.293229,0.0,,,"2016,2017,2018,2019,2020,2021,2022,2023,2024,2025","2021,2022,2023,2024,2025"
300727,润禾材料,SZ,化学制品,周期,周期性行业,行业排除,,,,,,,,,,,
300729,乐歌股份,SZ,家居用品,保留,,排除,13.854,-846754942.88,3.278587,33.413702,2.11196,8.370454,0.0,,fcf,"2016,2017,2018,2019,2020,2021,2022,2023,2024,2025","2021,2022,2023,2024,2025"
300730,科创信息,SZ,软件开发,保留,,排除,-4.14,-428003980.68,-17.591164,23.20855,-0.491291,-7.79054,0.0,,"roe,fcf,interest_coverage,ocf_ni,net_margin","2016,2017,2018,2019,2020,2021,2022,2023,2024,2025","2021,2022,2023,2024,2025"
300731,科创新源,SZ,橡胶,保留,,排除,8.919,-62995147.05,2.94478,23.722353,0.342557,9.638769,0.0,,"fcf,ocf_ni","2016,2017,2018,2019,2020,2021,2022,2023,2024,2025","2021,2022,2023,2024,2025"
300732,设研院,SZ,工程咨询服务Ⅱ,保留,,排除,10.983,-462312591.04,-3.846519,29.318953,-0.446619,11.217796,0.0,,"fcf,interest_coverage,ocf_ni","2016,2017,2018,2019,2020,2021,2022,2023,2024,2025","2021,2022,2023,2024,2025"
300733,西菱动力,SZ,汽车零部件,周期,周期性行业,行业排除,,,,,,,,,,,
300735,光弘科技,SZ,消费电子,保留,,通过,13.794,137937253.87,168.405529,16.337176,3.21049,10.837696,0.0,,,"2016,2017,2018,2019,2020,2021,2022,2023,2024,2025","2021,2022,2023,2024,2025"
300736,百邦科技,SZ,其他电子Ⅱ,保留,,排除,-11.017,19478586.82,-32.398069,11.135856,1.611387,-5.010478,0.0,,"roe,interest_coverage,gross_margin,net_margin","2016,2017,2018,2019,2020,2021,2022,2023,2024,2025","2021,2022,2023,2024,2025"
300737,科顺股份,SZ,装修建材,保留,,排除,9.097,-15215502.73,-7.629711,23.318592,1.990176,5.50863,0.0,,"fcf,interest_coverage","2016,2017,2018,2019,2020,2021,2022,2023,2024,2025","2021,2022,2023,2024,2025"
300738,奥飞数据,SZ,通信服务,保留,,排除,14.184,-7474605391.45,0.625689,29.158765,5.149608,12.837049,0.0,,"fcf,interest_coverage","2016,2017,2018,2019,2020,2021,2022,2023,2024,2025","2021,2022,2023,2024,2025"
300739,明阳电路,SZ,元件,保留,,排除,11.448,-495693580.85,8.166807,22.827243,4.60737,8.54589,0.0,,fcf,"2016,2017,2018,2019,2020,2021,2022,2023,2024,2025","2021,2022,2023,2024,2025"
300740,水羊股份,SZ,化妆品,保留,,排除,13.532,-53579638.54,1.562649,58.432442,1.628033,4.614147,0.0,,"fcf,interest_coverage,net_margin","2016,2017,2018,2019,2020,2021,2022,2023,2024,2025","2021,2022,2023,2024,2025"
300741,华宝股份,SZ,化学制品,周期,周期性行业,行业排除,,,,,,,,,,,
300743,天地数码,SZ,计算机设备,保留,,通过,14.945,209969711.6,,28.687415,1.199094,8.758028,0.0,,,"2016,2017,2018,2019,2020,2021,2022,2023,2024,2025","2021,2022,2023,2024,2025"
300745,欣锐科技,SZ,汽车零部件,周期,周期性行业,行业排除,,,,,,,,,,,
300746,汉嘉数智,SZ,工程咨询服务Ⅱ,保留,,排除,1.951,154597086.23,4.752883,19.188143,1.92168,-0.894998,0.0,,"roe,net_margin","2016,2017,2018,2019,2020,2021,2022,2023,2024,2025","2021,2022,2023,2024,2025"
300747,锐科激光,SZ,自动化设备,保留,,通过,20.333,187580069.72,,21.931007,2.741514,13.466145,0.0,,,"2016,2017,2018,2019,2020,2021,2022,2023,2024,2025","2021,2022,2023,2024,2025"
300748,金力永磁,SZ,金属新材料,保留,,排除,13.526,-414557150.33,,17.395361,1.120827,9.736291,0.0,,fcf,"2016,2017,2018,2019,2020,2021,2022,2023,2024,2025","2021,2022,2023,2024,2025"
300749,顶固集创,SZ,家居用品,保留,,排除,4.06,-143188740.08,1.544143,27.953992,2.2072,1.615306,0.0,,"roe,fcf,interest_coverage,net_margin","2016,2017,2018,2019,2020,2021,2022,2023,2024,2025","2021,2022,2023,2024,2025"
300750,宁德时代,SZ,电池,保留,,通过,24.361,228020866100.0,,23.288446,2.109108,13.468949,0.0,,,"2016,2017,2018,2019,2020,2021,2022,2023,2024,2025","2021,2022,2023,2024,2025"
300751,迈为股份,SZ,光伏设备,保留,,排除,29.511,-2053180526.01,8.894321,33.904239,0.386904,18.578613,0.0,,"fcf,ocf_ni","2016,2017,2018,2019,2020,2021,2022,2023,2024,2025","2021,2022,2023,2024,2025"
300752,隆利科技,SZ,光学光电子,保留,,排除,12.502,-304570792.46,40.935718,11.863503,-0.083041,2.2191,0.0,,"fcf,gross_margin,ocf_ni,net_margin","2016,2017,2018,2019,2020,2021,2022,2023,2024,2025","2021,2022,2023,2024,2025"
300753,爱朋医疗,SZ,医疗器械,保留,,排除,9.649,-124794597.21,-9.560546,63.153484,-0.160552,10.57407,0.0,,"fcf,interest_coverage,ocf_ni","2016,2017,2018,2019,2020,2021,2022,2023,2024,2025","2021,2022,2023,2024,2025"
300755,华致酒行,SZ,专业连锁Ⅱ,保留,,排除,10.466,491246075.83,-12.55753,12.186036,1.505314,4.77603,0.0,,"interest_coverage,gross_margin,net_margin","2016,2017,2018,2019,2020,2021,2022,2023,2024,2025","2021,2022,2023,2024,2025"
300756,金马游乐,SZ,专用设备,保留,,排除,10.056,-398549550.85,,35.412558,3.498346,8.974909,0.0,,fcf,"2016,2017,2018,2019,2020,2021,2022,2023,2024,2025","2021,2022,2023,2024,2025"
300757,罗博特科,SZ,自动化设备,保留,,排除,15.339,-256414360.75,-2.11389,24.522217,1.126969,5.044588,0.0,,"fcf,interest_coverage","2016,2017,2018,2019,2020,2021,2022,2023,2024,2025","2021,2022,2023,2024,2025"
300758,七彩化学,SZ,化学制品,周期,周期性行业,行业排除,,,,,,,,,,,
300759,康龙化成,SZ,医疗服务,保留,,通过,14.635,134380233.97,12.354972,35.502732,1.578058,14.573621,0.0,,,"2016,2017,2018,2019,2020,2021,2022,2023,2024,2025","2021,2022,2023,2024,2025"
300760,迈瑞医疗,SZ,医疗器械,保留,,通过,32.981,44774949518.0,,63.352961,1.13117,28.054678,0.0,,,"2016,2017,2018,2019,2020,2021,2022,2023,2024,2025","2021,2022,2023,2024,2025"
300761,立华股份,SZ,养殖业,保留,,排除,15.995,-2631291151.36,8.39842,10.817245,0.362952,7.791417,0.0,,"fcf,gross_margin,ocf_ni","2016,2017,2018,2019,2020,2021,2022,2023,2024,2025","2021,2022,2023,2024,2025"
300762,上海瀚讯,SZ,军工电子Ⅱ,保留,,排除,6.178,-868646224.9,,48.46096,0.588788,3.238578,0.0,,"roe,fcf,ocf_ni,net_margin","2016,2017,2018,2019,2020,2021,2022,2023,2024,2025","2021,2022,2023,2024,2025"
300763,锦浪科技,SZ,光伏设备,保留,,排除,27.15,-10643649238.6,3.381492,32.078603,1.733067,13.16131,0.0,,fcf,"2016,2017,2018,2019,2020,2021,2022,2023,2024,2025","2021,2022,2023,2024,2025"
300765,石药创新,SZ,化学制药,保留,,排除,14.304,-1713852499.19,,42.667017,-3.778275,16.221343,0.0,,"fcf,ocf_ni","2016,2017,2018,2019,2020,2021,2022,2023,2024,2025","2021,2022,2023,2024,2025"
300766,每日互动,SZ,软件开发,保留,,排除,5.954,-351349740.88,,65.983461,0.579475,13.097339,0.0,,"roe,fcf,ocf_ni","2016,2017,2018,2019,2020,2021,2022,2023,2024,2025","2021,2022,2023,2024,2025"
300767,震安科技,SZ,橡胶,保留,,排除,7.9902,-357875945.4,-30.525038,36.038315,-1.347732,8.559711,0.0,,"roe,fcf,interest_coverage,ocf_ni","2016,2017,2018,2019,2020,2021,2022,2023,2024,2025","2021,2022,2023,2024,2025"
300768,迪普科技,SZ,软件开发,保留,,通过,13.611,680510006.89,,67.642064,1.209504,21.667358,0.0,,,"2016,2017,2018,2019,2020,2021,2022,2023,2024,2025","2021,2022,2023,2024,2025"
300769,德方纳米,SZ,电池,保留,,排除,10.063,-7424807605.85,-6.152034,9.133357,-1.231752,3.069011,0.0,,"fcf,interest_coverage,gross_margin,ocf_ni,net_margin","2016,2017,2018,2019,2020,2021,2022,2023,2024,2025","2021,2022,2023,2024,2025"
300770,新媒股份,SZ,电视广播Ⅱ,保留,,通过,22.346,3237427097.55,,51.507439,1.119809,38.528848,0.0,,,"2016,2017,2018,2019,2020,2021,2022,2023,2024,2025","2021,2022,2023,2024,2025"
300771,智莱科技,SZ,计算机设备,保留,,通过,17.339,396281840.44,,29.567995,1.50427,17.88301,0.0,,,"2016,2017,2018,2019,2020,2021,2022,2023,2024,2025","2021,2022,2023,2024,2025"
300772,运达股份,SZ,风电设备,保留,,排除,12.507,-1823319792.35,25.438299,12.437713,2.906206,2.612759,0.0,,"fcf,gross_margin,net_margin","2016,2017,2018,2019,2020,2021,2022,2023,2024,2025","2021,2022,2023,2024,2025"
300773,拉卡拉,SZ,多元金融,金融,金融行业,行业排除,,,,,,,,,,,
300774,倍杰特,SZ,环境治理,保留,,排除,13.051,-467831736.3,,30.850266,1.078274,18.905686,0.0,,fcf,"2016,2017,2018,2019,2020,2021,2022,2023,2024,2025","2021,2022,2023,2024,2025"
300775,三角防务,SZ,航空装备Ⅱ,保留,,排除,12.068,-975275862.81,,42.112493,0.14364,29.555736,0.0,,"fcf,ocf_ni","2016,2017,2018,2019,2020,2021,2022,2023,2024,2025","2021,2022,2023,2024,2025"
300776,帝尔激光,SZ,光伏设备,保留,,排除,31.316,809117695.08,,46.389502,0.692033,34.600177,0.0,,ocf_ni,"2016,2017,2018,2019,2020,2021,2022,2023,2024,2025","2021,2022,2023,2024,2025"
300777,中简科技,SZ,航空装备Ⅱ,保留,,通过,15.579,14374634.38,,69.676271,1.550696,53.403163,0.0,,,"2016,2017,2018,2019,2020,2021,2022,2023,2024,2025","2021,2022,2023,2024,2025"
300778,新城市,SZ,工程咨询服务Ⅱ,保留,,排除,10.449,-129326791.42,,35.290935,0.012672,2.125413,0.0,,"fcf,ocf_ni,net_margin","2016,2017,2018,2019,2020,2021,2022,2023,2024,2025","2021,2022,2023,2024,2025"
300779,惠城环保,SZ,环境治理,保留,,排除,9.078,-3492484749.71,0.908685,27.195446,-8.608435,10.117433,0.0,,"fcf,interest_coverage,ocf_ni","2016,2017,2018,2019,2020,2021,2022,2023,2024,2025","2021,2022,2023,2024,2025"
300780,德恩精工,SZ,通用设备,保留,,排除,5.701,-430838930.79,-4.938776,22.192815,-2.505278,7.024372,0.0,,"roe,fcf,interest_coverage,ocf_ni","2016,2017,2018,2019,2020,2021,2022,2023,2024,2025","2021,2022,2023,2024,2025"
300781,因赛集团,SZ,广告营销,保留,,排除,8.236,179811932.82,-44.864101,38.153768,0.682386,6.153087,0.0,,"interest_coverage,ocf_ni","2016,2017,2018,2019,2020,2021,2022,2023,2024,2025","2021,2022,2023,2024,2025"
300782,卓胜微,SZ,半导体,保留,,排除,37.021,-5194441026.1,-6.787938,44.447254,0.590549,25.271659,0.0,,"fcf,interest_coverage,ocf_ni","2016,2017,2018,2019,2020,2021,2022,2023,2024,2025","2021,2022,2023,2024,2025"
300783,三只松鼠,SZ,休闲食品,保留,,排除,21.537,956202011.03,16.280354,25.625101,1.267137,3.498328,0.0,,net_margin,"2016,2017,2018,2019,2020,2021,2022,2023,2024,2025","2021,2022,2023,2024,2025"
300784,利安科技,SZ,消费电子,保留,,排除,26.507143,-102878812.59,,29.793352,1.27049,,0.0,net_margin,fcf,"2019,2020,2021,2022,2023,2024,2025","2021,2022,2023,2024,2025"
300785,值得买,SZ,数字媒体,保留,,排除,16.33,-132522086.56,,51.368122,1.223491,13.158625,0.0,,fcf,"2016,2017,2018,2019,2020,2021,2022,2023,2024,2025","2021,2022,2023,2024,2025"
300786,国林科技,SZ,环保设备Ⅱ,保留,,排除,6.608,-573779552.65,-3.972131,27.497561,0.530732,9.894051,0.0,,"roe,fcf,interest_coverage,ocf_ni","2016,2017,2018,2019,2020,2021,2022,2023,2024,2025","2021,2022,2023,2024,2025"
300787,海能实业,SZ,消费电子,保留,,排除,16.159,-237101999.81,1.647247,26.056801,1.484019,8.788055,0.0,,"fcf,interest_coverage","2016,2017,2018,2019,2020,2021,2022,2023,2024,2025","2021,2022,2023,2024,2025"
300788,中信出版,SZ,出版,保留,,通过,15.232,865554252.29,,36.381816,1.431887,10.908877,0.0,,,"2016,2017,2018,2019,2020,2021,2022,2023,2024,2025","2021,2022,2023,2024,2025"
300789,唐源电气,SZ,计算机设备,保留,,排除,20.043,-5195684.23,132.606829,42.732159,0.232966,21.15416,0.0,,"fcf,ocf_ni","2016,2017,2018,2019,2020,2021,2022,2023,2024,2025","2021,2022,2023,2024,2025"
300790,宇瞳光学,SZ,计算机设备,保留,,排除,13.119,-1046092493.0,5.399455,23.821071,5.006437,7.943339,0.0,,fcf,"2016,2017,2018,2019,2020,2021,2022,2023,2024,2025","2021,2022,2023,2024,2025"
300791,仙乐健康,SZ,食品加工,保留,,排除,27.216,185998352.54,0.080325,31.239737,2.172445,16.858451,0.0,,interest_coverage,"2016,2017,2018,2019,2020,2021,2022,2023,2024,2025","2021,2022,2023,2024,2025"
300792,壹网壹创,SZ,互联网电商,保留,,通过,23.542,280124863.44,,32.923287,1.460006,14.899741,0.0,,,"2016,2017,2018,2019,2020,2021,2022,2023,2024,2025","2021,2022,2023,2024,2025"
300793,佳禾智能,SZ,消费电子,保留,,排除,7.363,-526201407.3,-16.925949,14.495377,1.773864,3.466038,0.0,,"roe,fcf,interest_coverage,gross_margin,net_margin","2016,2017,2018,2019,2020,2021,2022,2023,2024,2025","2021,2022,2023,2024,2025"
300795,米奥会展,SZ,专业服务,保留,,豁免B通过,16.314,571059477.8,,51.080893,1.002107,2.913223,0.0,,net_margin,"2016,2017,2018,2019,2020,2021,2022,2023,2024,2025","2021,2022,2023,2024,2025"
300796,贝斯美,SZ,农化制品,保留,,排除,8.62,-816193928.24,0.24055,26.610256,1.211912,10.920186,0.0,,"fcf,interest_coverage","2016,2017,2018,2019,2020,2021,2022,2023,2024,2025","2021,2022,2023,2024,2025"
300797,钢研纳克,SZ,专业服务,保留,,排除,12.51466,-63992660.32,32.964658,46.758091,1.069556,12.677964,0.0,,fcf,"2016,2017,2018,2019,2020,2021,2022,2023,2024,2025","2021,2022,2023,2024,2025"
300798,锦鸡股份,SZ,化学制品,周期,周期性行业,行业排除,,,,,,,,,,,
300800,力合科技,SZ,环保设备Ⅱ,保留,,排除,14.305,-1645141.46,,36.596183,0.89993,19.189347,0.0,,fcf,"2016,2017,2018,2019,2020,2021,2022,2023,2024,2025","2021,2022,2023,2024,2025"
300801,泰和科技,SZ,化学制品,周期,周期性行业,行业排除,,,,,,,,,,,
300802,矩子科技,SZ,自动化设备,保留,,排除,13.454,155735237.59,124.127022,31.023255,0.629375,17.055511,0.0,,ocf_ni,"2016,2017,2018,2019,2020,2021,2022,2023,2024,2025","2021,2022,2023,2024,2025"
300803,指南针,SZ,软件开发,保留,,通过,18.043,9362081054.0,7.474534,87.20268,15.884427,17.262117,0.0,,,"2016,2017,2018,2019,2020,2021,2022,2023,2024,2025","2021,2022,2023,2024,2025"
300804,广康生化,SZ,农化制品,保留,,排除,11.06125,-541827996.39,2.573849,25.96333,1.071483,,0.0,net_margin,fcf,"2018,2019,2020,2021,2022,2023,2024,2025","2021,2022,2023,2024,2025"
300805,电声股份,SZ,广告营销,保留,,排除,8.599,52845124.47,12.993129,11.617749,-0.726736,3.079232,0.0,,"gross_margin,ocf_ni,net_margin","2016,2017,2018,2019,2020,2021,2022,2023,2024,2025","2021,2022,2023,2024,2025"
300806,斯迪克,SZ,塑料,保留,,排除,9.746,-2411106498.72,0.291586,26.091724,2.075007,6.227573,0.0,,"fcf,interest_coverage","2016,2017,2018,2019,2020,2021,2022,2023,2024,2025","2021,2022,2023,2024,2025"
300807,天迈科技,SZ,计算机设备,保留,,排除,4.229,-129197798.71,-11.057815,38.61606,-0.02631,-3.209898,0.0,,"roe,fcf,interest_coverage,ocf_ni,net_margin","2016,2017,2018,2019,2020,2021,2022,2023,2024,2025","2021,2022,2023,2024,2025"
300808,久量股份,SZ,光学光电子,保留,,排除,6.196,-37094072.93,-11.59122,13.190608,-1.917674,2.112513,0.0,,"roe,fcf,interest_coverage,gross_margin,ocf_ni,net_margin","2016,2017,2018,2019,2020,2021,2022,2023,2024,2025","2021,2022,2023,2024,2025"
300809,华辰装备,SZ,通用设备,保留,,通过,10.635,108477100.35,7525.035752,32.605015,0.974215,23.349739,0.0,,,"2016,2017,2018,2019,2020,2021,2022,2023,2024,2025","2021,2022,2023,2024,2025"
300810,中科海讯,SZ,航海装备Ⅱ,保留,,排除,3.534,-365656760.29,-19.639665,33.876368,-1.960194,0.615532,0.0,,"roe,fcf,interest_coverage,ocf_ni,net_margin","2016,2017,2018,2019,2020,2021,2022,2023,2024,2025","2021,2022,2023,2024,2025"
300811,铂科新材,SZ,金属新材料,保留,,排除,19.001,-438309081.17,29.926665,38.771241,0.289519,21.14162,0.0,,"fcf,ocf_ni","2016,2017,2018,2019,2020,2021,2022,2023,2024,2025","2021,2022,2023,2024,2025"
300812,易天股份,SZ,消费电子,保留,,排除,13.954,-174963814.45,,33.919328,0.117169,7.507469,0.0,,"fcf,ocf_ni","2016,2017,2018,2019,2020,2021,2022,2023,2024,2025","2021,2022,2023,2024,2025"
300813,泰林生物,SZ,专用设备,保留,,排除,15.066,-97061444.39,,50.197805,1.314019,19.075205,0.0,,fcf,"2016,2017,2018,2019,2020,2021,2022,2023,2024,2025","2021,2022,2023,2024,2025"
300814,中富电路,SZ,元件,保留,,排除,12.577778,-710851389.09,10.693046,14.735624,1.946923,,0.0,net_margin,"fcf,gross_margin","2017,2018,2019,2020,2021,2022,2023,2024,2025","2021,2022,2023,2024,2025"
300815,玉禾田,SZ,环境治理,保留,,排除,25.102,-1264699707.46,9.67245,22.814387,0.923572,8.657195,0.0,,fcf,"2016,2017,2018,2019,2020,2021,2022,2023,2024,2025","2021,2022,2023,2024,2025"
300816,艾可蓝,SZ,汽车零部件,周期,周期性行业,行业排除,,,,,,,,,,,
300817,双飞集团,SZ,通用设备,保留,,通过,10.987,53985400.07,,26.435931,1.512205,10.385081,0.0,,,"2016,2017,2018,2019,2020,2021,2022,2023,2024,2025","2021,2022,2023,2024,2025"
300818,耐普矿机,SZ,通用设备,保留,,排除,11.272,-1187980254.67,5.789601,35.289687,1.193241,15.137874,0.0,,fcf,"2016,2017,2018,2019,2020,2021,2022,2023,2024,2025","2021,2022,2023,2024,2025"
300819,聚杰微纤,SZ,纺织制造,保留,,通过,12.637,4800652.39,,23.814724,1.736856,10.608683,0.0,,,"2016,2017,2018,2019,2020,2021,2022,2023,2024,2025","2021,2022,2023,2024,2025"
300820,英杰电气,SZ,其他电源设备Ⅱ,保留,,通过,18.895,775936290.86,,38.391526,0.842722,23.094735,0.0,,,"2016,2017,2018,2019,2020,2021,2022,2023,2024,2025","2021,2022,2023,2024,2025"
300821,东岳硅材,SZ,化学制品,周期,周期性行业,行业排除,,,,,,,,,,,
300822,贝仕达克,SZ,消费电子,保留,,排除,19.126,-107587857.78,-0.292613,21.794776,2.556643,11.344091,0.0,,"fcf,interest_coverage","2016,2017,2018,2019,2020,2021,2022,2023,2024,2025","2021,2022,2023,2024,2025"
300823,建科智能,SZ,专用设备,保留,,通过,11.026,96954650.49,,41.709815,1.984818,13.938309,0.0,,,"2016,2017,2018,2019,2020,2021,2022,2023,2024,2025","2021,2022,2023,2024,2025"
300824,北鼎股份,SZ,小家电,保留,,通过,16.32,533264427.32,,48.972756,1.764999,10.633684,0.0,,,"2016,2017,2018,2019,2020,2021,2022,2023,2024,2025","2021,2022,2023,2024,2025"
300825,阿尔特,SZ,汽车服务,周期,周期性行业,行业排除,,,,,,,,,,,
300826,测绘股份,SZ,工程咨询服务Ⅱ,保留,,通过,10.082,154339122.7,3.68975,33.436353,1.986251,11.17728,0.0,,,"2016,2017,2018,2019,2020,2021,2022,2023,2024,2025","2021,2022,2023,2024,2025"
300827,上能电气,SZ,光伏设备,保留,,排除,19.748,-996770191.91,5.117118,21.10701,0.815609,7.142659,0.0,,fcf,"2016,2017,2018,2019,2020,2021,2022,2023,2024,2025","2021,2022,2023,2024,2025"
300828,锐新科技,SZ,通用设备,保留,,通过,12.532,133605294.08,29.700949,20.733349,1.005332,13.877615,0.0,,,"2016,2017,2018,2019,2020,2021,2022,2023,2024,2025","2021,2022,2023,2024,2025"
300829,金丹科技,SZ,化学制品,周期,周期性行业,行业排除,,,,,,,,,,,
300830,金现代,SZ,软件开发,保留,,排除,8.257,-252430902.13,-16.97979,41.717389,0.369562,9.617553,0.0,,"fcf,interest_coverage,ocf_ni","2016,2017,2018,2019,2020,2021,2022,2023,2024,2025","2021,2022,2023,2024,2025"
300831,ST派瑞,SZ,半导体,保留,,通过,9.221,118000405.48,,51.83947,1.118838,24.206112,0.0,,,"2016,2017,2018,2019,2020,2021,2022,2023,2024,2025","2021,2022,2023,2024,2025"
300832,新产业,SZ,医疗器械,保留,,通过,26.139,4213747199.57,,71.134054,0.811594,43.467472,0.0,,,"2016,2017,2018,2019,2020,2021,2022,2023,2024,2025","2021,2022,2023,2024,2025"
300833,浩洋股份,SZ,专用设备,保留,,通过,17.845,446709748.77,,49.394926,0.856942,20.702807,0.0,,,"2016,2017,2018,2019,2020,2021,2022,2023,2024,2025","2021,2022,2023,2024,2025"
300834,星辉环材,SZ,塑料,保留,,排除,19.843333,145350239.04,,7.241728,1.216356,,0.0,net_margin,gross_margin,"2017,2018,2019,2020,2021,2022,2023,2024,2025","2021,2022,2023,2024,2025"
300835,龙磁科技,SZ,金属新材料,保留,,排除,14.278,-457739885.43,9.404067,30.00786,0.710998,12.492134,0.0,,fcf,"2016,2017,2018,2019,2020,2021,2022,2023,2024,2025","2021,2022,2023,2024,2025"
300836,佰奥智能,SZ,专用设备,保留,,排除,12.228,-145647795.4,46.304835,21.931828,3.906655,6.699065,0.0,,fcf,"2016,2017,2018,2019,2020,2021,2022,2023,2024,2025","2021,2022,2023,2024,2025"
300837,浙矿股份,SZ,专用设备,保留,,排除,15.001,-92557494.13,46.811002,37.23917,0.409574,20.938024,0.0,,"fcf,ocf_ni","2016,2017,2018,2019,2020,2021,2022,2023,2024,2025","2021,2022,2023,2024,2025"
300838,浙江力诺,SZ,通用设备,保留,,排除,10.519,-277116455.43,-5.861065,21.991519,0.772851,9.376301,0.0,,"fcf,interest_coverage","2016,2017,2018,2019,2020,2021,2022,2023,2024,2025","2021,2022,2023,2024,2025"
300839,博汇股份,SZ,炼化及贸易,保留,,排除,9.517,-586805593.46,-1.022668,9.329133,0.801847,6.411635,0.0,,"fcf,interest_coverage,gross_margin","2016,2017,2018,2019,2020,2021,2022,2023,2024,2025","2021,2022,2023,2024,2025"
300840,酷特智能,SZ,服装家纺,保留,,通过,9.077,119056141.76,,40.664805,1.732745,10.327798,0.0,,,"2016,2017,2018,2019,2020,2021,2022,2023,2024,2025","2021,2022,2023,2024,2025"
300841,康华生物,SZ,生物制品,保留,,通过,41.24,744726119.26,,93.354621,0.954508,32.060608,0.0,,,"2016,2017,2018,2019,2020,2021,2022,2023,2024,2025","2021,2022,2023,2024,2025"
300842,帝科股份,SZ,光伏设备,保留,,排除,23.71,-489906793.67,-1.323749,9.695736,1.224868,3.950788,0.0,,"fcf,interest_coverage,gross_margin,net_margin","2016,2017,2018,2019,2020,2021,2022,2023,2024,2025","2021,2022,2023,2024,2025"
300843,胜蓝股份,SZ,消费电子,保留,,排除,13.258,-384183602.22,53.521536,22.556945,1.397404,8.278507,0.0,,fcf,"2016,2017,2018,2019,2020,2021,2022,2023,2024,2025","2021,2022,2023,2024,2025"
300844,山水比德,SZ,工程咨询服务Ⅱ,保留,,排除,19.767778,-355867014.93,-27.341145,38.088663,-0.261765,,0.0,net_margin,"fcf,interest_coverage,ocf_ni","2017,2018,2019,2020,2021,2022,2023,2024,2025","2021,2022,2023,2024,2025"
300845,捷安高科,SZ,计算机设备,保留,,通过,14.599,2154706.24,,50.746951,0.828506,18.522525,0.0,,,"2016,2017,2018,2019,2020,2021,2022,2023,2024,2025","2021,2022,2023,2024,2025"
300846,首都在线,SZ,IT服务Ⅱ,保留,,排除,-3.985,-766311611.9,-6.142523,12.237539,0.923563,-3.668261,0.0,,"roe,fcf,interest_coverage,gross_margin,net_margin","2016,2017,2018,2019,2020,2021,2022,2023,2024,2025","2021,2022,2023,2024,2025"
300847,中船汉光,SZ,计算机设备,保留,,通过,9.307,290711866.7,,19.315626,1.199075,9.497954,0.0,,,"2016,2017,2018,2019,2020,2021,2022,2023,2024,2025","2021,2022,2023,2024,2025"
300848,美瑞新材,SZ,化学制品,周期,周期性行业,行业排除,,,,,,,,,,,
300849,锦盛新材,SZ,化妆品,保留,,排除,7.416,-220406887.51,-33.812187,16.081881,-0.505092,4.062439,0.0,,"roe,fcf,interest_coverage,ocf_ni,net_margin","2016,2017,2018,2019,2020,2021,2022,2023,2024,2025","2021,2022,2023,2024,2025"
300850,新强联,SZ,风电设备,保留,,排除,14.36,-4914240240.04,10.576485,26.230207,1.250978,13.746224,0.0,,fcf,"2016,2017,2018,2019,2020,2021,2022,2023,2024,2025","2021,2022,2023,2024,2025"
300851,交大思诺,SZ,轨交设备Ⅱ,保留,,排除,14.074,-10286576.33,,68.552462,0.277173,26.650701,0.0,,"fcf,ocf_ni","2016,2017,2018,2019,2020,2021,2022,2023,2024,2025","2021,2022,2023,2024,2025"
300852,四会富仕,SZ,元件,保留,,排除,17.637,-180284029.53,7.962061,25.8281,1.267836,13.81679,0.0,,fcf,"2016,2017,2018,2019,2020,2021,2022,2023,2024,2025","2021,2022,2023,2024,2025"
300853,申昊科技,SZ,电网设备,保留,,排除,9.449,-497383509.94,-4.902088,34.314665,0.182322,-10.488217,0.0,,"fcf,interest_coverage,ocf_ni,net_margin","2016,2017,2018,2019,2020,2021,2022,2023,2024,2025","2021,2022,2023,2024,2025"
300854,中兰环保,SZ,环境治理,保留,,排除,8.337,-169910824.39,,23.95412,0.46024,6.957616,0.0,,"fcf,ocf_ni","2016,2017,2018,2019,2020,2021,2022,2023,2024,2025","2021,2022,2023,2024,2025"
300855,图南股份,SZ,金属新材料,保留,,排除,15.566,-363281210.76,42.393222,33.720194,0.683779,18.485645,0.0,,"fcf,ocf_ni","2016,2017,2018,2019,2020,2021,2022,2023,2024,2025","2021,2022,2023,2024,2025"
300856,科思股份,SZ,化妆品,保留,,通过,19.12,22437895.86,3.843145,37.265698,1.419917,14.900679,0.0,,,"2016,2017,2018,2019,2020,2021,2022,2023,2024,2025","2021,2022,2023,2024,2025"
300857,协创数据,SZ,消费电子,保留,,排除,16.589,-13560756807.26,3.921958,14.581005,0.456504,5.73365,0.0,,"fcf,gross_margin,ocf_ni","2016,2017,2018,2019,2020,2021,2022,2023,2024,2025","2021,2022,2023,2024,2025"
300858,科拓生物,SZ,化学制品,周期,周期性行业,行业排除,,,,,,,,,,,
300859,西域旅游,SZ,旅游及景区,保留,,通过,9.734,103399285.93,26.302997,47.010971,0.961176,11.06258,0.0,,,"2016,2017,2018,2019,2020,2021,2022,2023,2024,2025","2021,2022,2023,2024,2025"
300860,锋尚文化,SZ,专业服务,保留,,排除,19.957,-23545466.79,,31.195379,1.274897,17.336667,0.0,,fcf,"2016,2017,2018,2019,2020,2021,2022,2023,2024,2025","2021,2022,2023,2024,2025"
300861,美畅股份,SZ,通用设备,保留,,通过,39.068,2368764767.95,214.533314,39.937599,2.524068,35.889447,0.0,,,"2016,2017,2018,2019,2020,2021,2022,2023,2024,2025","2021,2022,2023,2024,2025"
300862,蓝盾光电,SZ,通用设备,保留,,排除,9.342,-263001086.88,,27.219154,2.294229,7.484473,0.0,,fcf,"2016,2017,2018,2019,2020,2021,2022,2023,2024,2025","2021,2022,2023,2024,2025"
300863,卡倍亿,SZ,汽车零部件,周期,周期性行业,行业排除,,,,,,,,,,,
300864,南大环境,SZ,环境治理,保留,,通过,39.03,501066735.74,,35.265281,1.011508,21.357566,0.0,,,"2016,2017,2018,2019,2020,2021,2022,2023,2024,2025","2021,2022,2023,2024,2025"
300865,大宏立,SZ,专用设备,保留,,排除,7.781,-68994912.02,,25.561068,-4.989519,,0.0,net_margin,"roe,fcf,ocf_ni","2016,2017,2018,2019,2020,2021,2022,2023,2024,2025","2021,2022,2023,2024,2025"
300866,安克创新,SZ,消费电子,保留,,通过,37.603,4313556300.64,55.609556,41.345933,0.815093,8.752899,0.0,,,"2016,2017,2018,2019,2020,2021,2022,2023,2024,2025","2021,2022,2023,2024,2025"
300867,圣元环保,SZ,环境治理,保留,,排除,11.988,-298514618.46,2.28748,35.192053,2.762404,18.499721,0.0,,fcf,"2016,2017,2018,2019,2020,2021,2022,2023,2024,2025","2021,2022,2023,2024,2025"
300868,杰美特,SZ,消费电子,保留,,排除,6.229,-338959181.59,-5.123332,22.345511,2.290029,1.749524,0.0,,"roe,fcf,interest_coverage,net_margin","2016,2017,2018,2019,2020,2021,2022,2023,2024,2025","2021,2022,2023,2024,2025"
300869,康泰医学,SZ,医疗器械,保留,,排除,17.27,51517729.42,-6.491041,50.306329,-0.015859,18.977943,0.0,,"interest_coverage,ocf_ni","2016,2017,2018,2019,2020,2021,2022,2023,2024,2025","2021,2022,2023,2024,2025"
300870,欧陆通,SZ,其他电源设备Ⅱ,保留,,排除,14.682222,-538192020.98,14.263927,18.938618,1.644497,6.183529,0.0,,fcf,"2016,2017,2018,2019,2020,2021,2022,2023,2024,2025","2021,2022,2023,2024,2025"
300871,回盛生物,SZ,动物保健Ⅱ,保留,,排除,18.103,-877346817.12,22.487625,23.488918,1.465134,12.71427,0.0,,fcf,"2016,2017,2018,2019,2020,2021,2022,2023,2024,2025","2021,2022,2023,2024,2025"
300872,天阳科技,SZ,IT服务Ⅱ,保留,,排除,7.561,-542691062.13,-47.581838,26.733532,-0.36336,6.285594,0.0,,"roe,fcf,interest_coverage,ocf_ni","2016,2017,2018,2019,2020,2021,2022,2023,2024,2025","2021,2022,2023,2024,2025"
300873,海晨股份,SZ,物流,保留,,通过,15.351,673005376.44,,25.518299,1.479855,15.050625,0.0,,,"2016,2017,2018,2019,2020,2021,2022,2023,2024,2025","2021,2022,2023,2024,2025"
300875,捷强装备,SZ,地面兵装Ⅱ,保留,,排除,21.299,-354251484.49,-100.809355,29.838924,2.431714,-8.923423,0.0,,"fcf,interest_coverage,net_margin","2016,2017,2018,2019,2020,2021,2022,2023,2024,2025","2021,2022,2023,2024,2025"
300876,蒙泰高新,SZ,化学纤维,保留,,排除,20.947,-1274175839.49,-2.658393,14.767007,0.651995,9.768635,0.0,,"fcf,interest_coverage,gross_margin,ocf_ni","2016,2017,2018,2019,2020,2021,2022,2023,2024,2025","2021,2022,2023,2024,2025"
300877,金春股份,SZ,纺织制造,保留,,排除,12.157,-194094163.52,26.322106,8.373031,0.404554,8.599012,0.0,,"fcf,gross_margin,ocf_ni","2016,2017,2018,2019,2020,2021,2022,2023,2024,2025","2021,2022,2023,2024,2025"
300878,维康药业,SZ,中药Ⅱ,保留,,排除,12.948,-502229091.06,-40.796454,49.266702,-0.869624,-1.150039,0.0,,"fcf,interest_coverage,ocf_ni,net_margin","2016,2017,2018,2019,2020,2021,2022,2023,2024,2025","2021,2022,2023,2024,2025"
300879,大叶股份,SZ,专用设备,保留,,排除,6.615,-922911197.59,-1.42484,17.14895,1.546428,2.185767,0.0,,"roe,fcf,interest_coverage,net_margin","2016,2017,2018,2019,2020,2021,2022,2023,2024,2025","2021,2022,2023,2024,2025"
300880,迦南智能,SZ,电网设备,保留,,通过,21.528,498613636.52,,29.566334,1.156111,14.580427,0.0,,,"2016,2017,2018,2019,2020,2021,2022,2023,2024,2025","2021,2022,2023,2024,2025"
300881,盛德鑫泰,SZ,特钢Ⅱ,保留,,排除,15.893,-1361841345.72,13.001976,14.294636,-2.170285,6.394855,0.0,,"fcf,gross_margin,ocf_ni","2016,2017,2018,2019,2020,2021,2022,2023,2024,2025","2021,2022,2023,2024,2025"
300882,万胜智能,SZ,电网设备,保留,,通过,16.022,598581204.01,,31.540814,1.4714,12.769227,0.0,,,"2016,2017,2018,2019,2020,2021,2022,2023,2024,2025","2021,2022,2023,2024,2025"
300883,龙利得,SZ,包装印刷,保留,,排除,5.232,-566997893.16,-0.389349,16.331121,-10.813925,5.619102,0.0,,"roe,fcf,interest_coverage,ocf_ni","2016,2017,2018,2019,2020,2021,2022,2023,2024,2025","2021,2022,2023,2024,2025"
300884,狄耐克,SZ,计算机设备,保留,,通过,18.915,41221150.47,,39.947137,1.426945,11.370145,0.0,,,"2016,2017,2018,2019,2020,2021,2022,2023,2024,2025","2021,2022,2023,2024,2025"
300885,海昌新材,SZ,通用设备,保留,,通过,14.129,193942588.56,,33.891296,1.072387,26.340042,0.0,,,"2016,2017,2018,2019,2020,2021,2022,2023,2024,2025","2021,2022,2023,2024,2025"
300886,华业香料,SZ,化学制品,周期,周期性行业,行业排除,,,,,,,,,,,
300887,谱尼测试,SZ,专业服务,保留,,排除,9.336,-675933845.05,-46.784603,37.286451,0.928925,3.617781,0.0,,"fcf,interest_coverage,net_margin","2016,2017,2018,2019,2020,2021,2022,2023,2024,2025","2021,2022,2023,2024,2025"
300888,稳健医疗,SZ,个护用品,保留,,通过,19.799,3605406763.41,160.487594,48.243538,1.666393,13.343343,0.0,,,"2016,2017,2018,2019,2020,2021,2022,2023,2024,2025","2021,2022,2023,2024,2025"
300889,爱克股份,SZ,光学光电子,保留,,排除,18.419,-593181930.6,-7.193025,25.673723,-0.701334,4.517272,0.0,,"fcf,interest_coverage,ocf_ni,net_margin","2016,2017,2018,2019,2020,2021,2022,2023,2024,2025","2021,2022,2023,2024,2025"
300890,翔丰华,SZ,电池,保留,,排除,9.721,-2123329643.66,0.816515,21.376095,0.039118,9.096073,0.0,,"fcf,interest_coverage,ocf_ni","2016,2017,2018,2019,2020,2021,2022,2023,2024,2025","2021,2022,2023,2024,2025"
300891,惠云钛业,SZ,化学原料,周期,周期性行业,行业排除,,,,,,,,,,,
300892,品渥食品,SZ,饮料乳品,保留,,排除,20.774,-86681822.03,,18.912017,0.964522,3.260954,0.0,,"fcf,net_margin","2016,2017,2018,2019,2020,2021,2022,2023,2024,2025","2021,2022,2023,2024,2025"
300893,松原安全,SZ,汽车零部件,周期,周期性行业,行业排除,,,,,,,,,,,
300894,火星人,SZ,厨卫电器,保留,,排除,30.932222,254360665.11,-9.884748,43.714967,0.01896,8.769662,0.0,,"interest_coverage,ocf_ni","2016,2017,2018,2020,2021,2022,2023,2024,2025","2021,2022,2023,2024,2025"
300895,铜牛信息,SZ,IT服务Ⅱ,保留,,排除,4.126,-280529426.09,,12.396157,-0.309701,-1.698065,0.0,,"roe,fcf,gross_margin,ocf_ni,net_margin","2016,2017,2018,2019,2020,2021,2022,2023,2024,2025","2021,2022,2023,2024,2025"
300896,爱美客,SZ,医疗美容,保留,,通过,28.223,6689848056.07,202.029626,94.194793,0.998131,54.336445,0.0,,,"2016,2017,2018,2019,2020,2021,2022,2023,2024,2025","2021,2022,2023,2024,2025"
300897,山科智能,SZ,通用设备,保留,,排除,15.98,-78250197.43,,40.934096,1.146,16.789987,0.0,,fcf,"2016,2017,2018,2019,2020,2021,2022,2023,2024,2025","2021,2022,2023,2024,2025"
300898,熊猫乳品,SZ,饮料乳品,保留,,通过,16.996,372842775.77,,23.964777,1.194838,12.91555,0.0,,,"2016,2017,2018,2019,2020,2021,2022,2023,2024,2025","2021,2022,2023,2024,2025"
300899,上海凯鑫,SZ,环境治理,保留,,排除,12.747,68094074.99,,34.280181,-9.33167,17.967205,0.0,,ocf_ni,"2016,2017,2018,2019,2020,2021,2022,2023,2024,2025","2021,2022,2023,2024,2025"
300900,广联航空,SZ,航空装备Ⅱ,保留,,排除,6.06,-2009130475.88,-1.085076,37.145667,-0.361797,15.018425,0.0,,"roe,fcf,interest_coverage,ocf_ni","2016,2017,2018,2019,2020,2021,2022,2023,2024,2025","2021,2022,2023,2024,2025"
300901,中胤时尚,SZ,服装家纺,保留,,排除,34.37,-566328460.17,,17.863543,1.424811,8.294625,0.0,,fcf,"2016,2017,2018,2019,2020,2021,2022,2023,2024,2025","2021,2022,2023,2024,2025"
300902,国安达,SZ,专用设备,保留,,排除,11.216,-92656770.39,,42.181975,-6.347471,14.421475,0.0,,"fcf,ocf_ni","2016,2017,2018,2019,2020,2021,2022,2023,2024,2025","2021,2022,2023,2024,2025"
300903,科翔股份,SZ,元件,保留,,排除,13.926,-2609181310.67,-5.239238,9.724895,-0.425106,0.920254,0.0,,"fcf,interest_coverage,gross_margin,ocf_ni,net_margin","2016,2017,2018,2019,2020,2021,2022,2023,2024,2025","2021,2022,2023,2024,2025"
300904,威力传动,SZ,风电设备,保留,,排除,12.381,-1810626449.39,-4.184756,17.626465,0.211285,-1.826907,0.0,,"fcf,interest_coverage,ocf_ni,net_margin","2016,2017,2018,2019,2020,2021,2022,2023,2024,2025","2021,2022,2023,2024,2025"
300905,宝丽迪,SZ,化学纤维,保留,,排除,18.749,-312860508.14,12098.137818,17.9717,0.576891,10.551274,0.0,,"fcf,ocf_ni","2016,2017,2018,2019,2020,2021,2022,2023,2024,2025","2021,2022,2023,2024,2025"
300906,日月明,SZ,通用设备,保留,,通过,13.849,185639990.79,,56.225118,0.754366,36.935142,0.0,,,"2016,2017,2018,2019,2020,2021,2022,2023,2024,2025","2021,2022,2023,2024,2025"
300907,康平科技,SZ,电机Ⅱ,保留,,排除,10.651,-33609812.03,11.589206,15.116923,0.794265,6.584297,0.0,,fcf,"2016,2017,2018,2019,2020,2021,2022,2023,2024,2025","2021,2022,2023,2024,2025"
300908,仲景食品,SZ,调味发酵品Ⅱ,保留,,通过,15.524,67256173.6,,40.680691,1.155106,15.889796,0.0,,,"2016,2017,2018,2019,2020,2021,2022,2023,2024,2025","2021,2022,2023,2024,2025"
300909,汇创达,SZ,光学光电子,保留,,排除,17.202,-674221219.27,1.115209,28.873226,2.81257,12.946762,0.0,,"fcf,interest_coverage","2016,2017,2018,2019,2020,2021,2022,2023,2024,2025","2021,2022,2023,2024,2025"
300910,瑞丰新材,SZ,化学制品,周期,周期性行业,行业排除,,,,,,,,,,,
300911,亿田智能,SZ,厨卫电器,保留,,排除,25.2,-118867307.07,-6.618143,38.010473,0.734343,6.985141,0.0,,"fcf,interest_coverage","2016,2017,2018,2019,2020,2021,2022,2023,2024,2025","2021,2022,2023,2024,2025"
300912,凯龙高科,SZ,汽车零部件,周期,周期性行业,行业排除,,,,,,,,,,,
300913,兆龙互连,SZ,通信设备,保留,,通过,17.726,108461978.67,,16.756984,1.109067,7.020509,0.0,,,"2016,2017,2018,2019,2020,2021,2022,2023,2024,2025","2021,2022,2023,2024,2025"
300915,海融科技,SZ,饮料乳品,保留,,排除,21.392,-244802675.48,-9.288173,34.251387,0.759468,11.506811,0.0,,"fcf,interest_coverage","2016,2017,2018,2019,2020,2021,2022,2023,2024,2025","2021,2022,2023,2024,2025"
300916,朗特智能,SZ,消费电子,保留,,通过,19.377,492719488.16,54.647473,18.572518,1.347202,10.209861,0.0,,,"2016,2017,2018,2019,2020,2021,2022,2023,2024,2025","2021,2022,2023,2024,2025"
300917,特发服务,SZ,房地产服务,周期,周期性行业,行业排除,,,,,,,,,,,
300918,南山智尚,SZ,纺织制造,保留,,排除,10.297,-1738345923.44,9.216987,32.777455,1.083035,8.348261,0.0,,fcf,"2016,2017,2018,2019,2020,2021,2022,2023,2024,2025","2021,2022,2023,2024,2025"
300919,中伟新材,SZ,电池,保留,,排除,13.216667,-28839971414.83,1.543465,12.294286,0.168054,,0.0,net_margin,"fcf,interest_coverage,gross_margin,ocf_ni","2017,2018,2019,2020,2021,2022,2023,2024,2025","2021,2022,2023,2024,2025"
300920,润阳科技,SZ,塑料,保留,,排除,22.735,-310491189.37,,24.791742,1.329047,16.927974,0.0,,fcf,"2016,2017,2018,2019,2020,2021,2022,2023,2024,2025","2021,2022,2023,2024,2025"
300921,南凌科技,SZ,通信服务,保留,,通过,20.796,114798005.29,40.624001,33.334909,1.512039,9.15148,0.0,,,"2016,2017,2018,2019,2020,2021,2022,2023,2024,2025","2021,2022,2023,2024,2025"
300922,天秦装备,SZ,地面兵装Ⅱ,保留,,排除,11.539,-1679019.32,,35.826309,1.937576,23.50718,0.0,,fcf,"2016,2017,2018,2019,2020,2021,2022,2023,2024,2025","2021,2022,2023,2024,2025"
300923,研奥股份,SZ,轨交设备Ⅱ,保留,,排除,8.894,-194398834.12,,28.602383,-0.345747,13.687541,0.0,,"fcf,ocf_ni","2016,2017,2018,2019,2020,2021,2022,2023,2024,2025","2021,2022,2023,2024,2025"
300925,法本信息,SZ,软件开发,保留,,排除,17.929,186933645.59,111.470354,21.890344,0.562818,4.917298,0.0,,"ocf_ni,net_margin","2016,2017,2018,2019,2020,2021,2022,2023,2024,2025","2021,2022,2023,2024,2025"
300926,博俊科技,SZ,汽车零部件,周期,周期性行业,行业排除,,,,,,,,,,,
300927,江天化学,SZ,化学原料,周期,周期性行业,行业排除,,,,,,,,,,,
300928,华安鑫创,SZ,汽车零部件,周期,周期性行业,行业排除,,,,,,,,,,,
300929,华骐环保,SZ,环境治理,保留,,排除,6.993,-359340132.22,-1.722154,26.133621,1.725534,4.670423,0.0,,"roe,fcf,interest_coverage,net_margin","2016,2017,2018,2019,2020,2021,2022,2023,2024,2025","2021,2022,2023,2024,2025"
300930,屹通新材,SZ,金属新材料,保留,,排除,15.004,-626158417.33,6.458742,22.228058,-0.968365,15.815949,0.0,,"fcf,ocf_ni","2016,2017,2018,2019,2020,2021,2022,2023,2024,2025","2021,2022,2023,2024,2025"
300931,通用电梯,SZ,专用设备,保留,,排除,8.328,-119942993.82,,27.344347,1.825625,3.937931,0.0,,"fcf,net_margin","2016,2017,2018,2019,2020,2021,2022,2023,2024,2025","2021,2022,2023,2024,2025"
300932,三友联众,SZ,电网设备,保留,,排除,9.338,-718095647.98,5.763539,18.325035,2.647628,5.619539,0.0,,fcf,"2016,2017,2018,2019,2020,2021,2022,2023,2024,2025","2021,2022,2023,2024,2025"
300933,中辰股份,SZ,电网设备,保留,,排除,6.55,-763009319.7,-0.486003,13.622924,-1.965032,2.864818,0.0,,"roe,fcf,interest_coverage,gross_margin,ocf_ni,net_margin","2016,2017,2018,2019,2020,2021,2022,2023,2024,2025","2021,2022,2023,2024,2025"
300935,盈建科,SZ,软件开发,保留,,排除,17.336,-196023338.13,,91.775865,0.81015,6.470042,0.0,,fcf,"2016,2017,2018,2019,2020,2021,2022,2023,2024,2025","2021,2022,2023,2024,2025"
300936,中英科技,SZ,元件,保留,,排除,22.911,-126545516.93,,26.541452,1.36777,24.911009,0.0,,fcf,"2016,2017,2018,2019,2020,2021,2022,2023,2024,2025","2021,2022,2023,2024,2025"
300937,药易购,SZ,医药商业,保留,,排除,9.421,-131030157.4,0.961891,8.21155,-2.394425,1.529686,0.0,,"fcf,interest_coverage,gross_margin,ocf_ni,net_margin","2016,2017,2018,2019,2020,2021,2022,2023,2024,2025","2021,2022,2023,2024,2025"
300938,信测标准,SZ,专业服务,保留,,通过,16.44,219970279.12,51.169405,58.606613,1.28398,22.350719,0.0,,,"2016,2017,2018,2019,2020,2021,2022,2023,2024,2025","2021,2022,2023,2024,2025"
300939,秋田微,SZ,光学光电子,保留,,通过,15.678,215598514.07,,25.591908,1.040149,9.034737,0.0,,,"2016,2017,2018,2019,2020,2021,2022,2023,2024,2025","2021,2022,2023,2024,2025"
300940,南极光,SZ,光学光电子,保留,,排除,7.681,14993923.99,21.170048,12.396398,-0.023525,-1.691664,0.0,,"roe,gross_margin,ocf_ni,net_margin","2016,2017,2018,2019,2020,2021,2022,2023,2024,2025","2021,2022,2023,2024,2025"
300941,创识科技,SZ,计算机设备,保留,,排除,20.966,178445013.25,387.372557,45.841745,0.267767,23.075638,0.0,,ocf_ni,"2016,2017,2018,2019,2020,2021,2022,2023,2024,2025","2021,2022,2023,2024,2025"
300942,易瑞生物,SZ,医疗器械,保留,,排除,20.021,-133142773.64,0.318081,62.535491,1.997489,14.716154,0.0,,"fcf,interest_coverage","2016,2017,2018,2019,2020,2021,2022,2023,2024,2025","2021,2022,2023,2024,2025"
300943,春晖智控,SZ,通用设备,保留,,通过,13.15,193237398.74,,26.133478,0.898297,13.069238,0.0,,,"2016,2017,2018,2019,2020,2021,2022,2023,2024,2025","2021,2022,2023,2024,2025"
300945,曼卡龙,SZ,饰品,保留,,排除,9.166,15297489.03,,15.914613,0.307927,5.517628,0.0,,ocf_ni,"2016,2017,2018,2019,2020,2021,2022,2023,2024,2025","2021,2022,2023,2024,2025"
300946,恒而达,SZ,通用设备,保留,,排除,14.876667,-372631980.6,6.995031,29.025812,1.082247,,0.0,net_margin,fcf,"2017,2018,2019,2020,2021,2022,2023,2024,2025","2021,2022,2023,2024,2025"
300947,德必集团,SZ,一般零售,保留,,排除,8.665,2354144254.14,-0.281971,35.339201,10.610519,5.714747,0.0,,interest_coverage,"2016,2017,2018,2019,2020,2021,2022,2023,2024,2025","2021,2022,2023,2024,2025"
300948,冠中生态,SZ,基础建设,周期,周期性行业,行业排除,,,,,,,,,,,
300949,奥雅股份,SZ,基础建设,周期,周期性行业,行业排除,,,,,,,,,,,
300950,德固特,SZ,专用设备,保留,,通过,12.8,16145667.98,57.659214,36.852444,1.202862,18.827049,0.0,,,"2016,2017,2018,2019,2020,2021,2022,2023,2024,2025","2021,2022,2023,2024,2025"
300951,博硕科技,SZ,消费电子,保留,,数据不足,40.396667,667184672.38,20.866726,37.6562,1.255211,,0.0,net_margin,,"2017,2018,2019,2020,2021,2022,2023,2024,2025","2021,2022,2023,2024,2025"
300952,恒辉安防,SZ,服装家纺,保留,,排除,18.49,-924206345.48,13.599592,23.823559,1.308214,11.806147,0.0,,fcf,"2016,2017,2018,2019,2020,2021,2022,2023,2024,2025","2021,2022,2023,2024,2025"
300953,震裕科技,SZ,电池,保留,,排除,11.299,-4704583644.4,4.865133,14.210907,-5.155229,6.364414,0.0,,"fcf,gross_margin,ocf_ni","2016,2017,2018,2019,2020,2021,2022,2023,2024,2025","2021,2022,2023,2024,2025"
300955,嘉亨家化,SZ,化妆品,保留,,排除,7.961111,-608253540.23,-2.12883,21.694004,0.935144,,0.0,net_margin,"roe,fcf,interest_coverage","2017,2018,2019,2020,2021,2022,2023,2024,2025","2021,2022,2023,2024,2025"
300956,英力股份,SZ,消费电子,保留,,排除,11.923333,-959532765.71,0.459378,10.512714,3.26735,,0.0,net_margin,"fcf,interest_coverage,gross_margin","2017,2018,2019,2020,2021,2022,2023,2024,2025","2021,2022,2023,2024,2025"
300957,贝泰妮,SZ,化妆品,保留,,数据不足,37.288889,2444311778.66,59.272108,74.662663,1.237343,,0.0,net_margin,,"2017,2018,2019,2020,2021,2022,2023,2024,2025","2021,2022,2023,2024,2025"
300958,建工修复,SZ,环境治理,保留,,排除,9.603,-269198210.25,-29.768051,22.094697,-0.323735,3.531915,0.0,,"fcf,interest_coverage,ocf_ni,net_margin","2016,2017,2018,2019,2020,2021,2022,2023,2024,2025","2021,2022,2023,2024,2025"
300959,线上线下,SZ,通信服务,保留,,排除,23.433,57125185.06,,8.374721,-0.769474,8.042876,0.0,,"gross_margin,ocf_ni","2016,2017,2018,2019,2020,2021,2022,2023,2024,2025","2021,2022,2023,2024,2025"
300960,通业科技,SZ,轨交设备Ⅱ,保留,,通过,13.737,9840589.18,44.555415,44.146416,0.905081,13.300734,0.0,,,"2016,2017,2018,2019,2020,2021,2022,2023,2024,2025","2021,2022,2023,2024,2025"
300961,深水海纳,SZ,环境治理,保留,,排除,3.156,-856248497.52,-5.553883,31.313597,3.001021,-3.566036,0.0,,"roe,fcf,interest_coverage,net_margin","2016,2017,2018,2019,2020,2021,2022,2023,2024,2025","2021,2022,2023,2024,2025"
300962,中金辐照,SZ,专业服务,保留,,通过,10.22916,223611756.07,,62.071554,1.819125,25.634164,0.0,,,"2016,2017,2018,2019,2020,2021,2022,2023,2024,2025","2021,2022,2023,2024,2025"
300963,中洲特材,SZ,金属新材料,保留,,排除,10.848,-579318700.42,7.405563,18.786983,-0.756527,9.406408,0.0,,"fcf,ocf_ni","2016,2017,2018,2019,2020,2021,2022,2023,2024,2025","2021,2022,2023,2024,2025"
300964,本川智能,SZ,元件,保留,,排除,13.03,-371837086.59,43.768854,18.868849,3.908393,9.152415,0.0,,fcf,"2016,2017,2018,2019,2020,2021,2022,2023,2024,2025","2021,2022,2023,2024,2025"
300965,恒宇信通,SZ,航空装备Ⅱ,保留,,排除,11.379,17403967.97,,,0.546584,48.298217,0.0,gross_margin,ocf_ni,"2016,2017,2018,2019,2020,2021,2022,2023,2024,2025","2021,2022,2023,2024,2025"
300966,共同药业,SZ,化学制药,保留,,排除,8.873333,-1263463052.48,-2.051858,20.957182,0.65822,,0.0,net_margin,"fcf,interest_coverage,ocf_ni","2017,2018,2019,2020,2021,2022,2023,2024,2025","2021,2022,2023,2024,2025"
300967,晓鸣股份,SZ,养殖业,保留,,排除,8.671,-324826235.37,2.73324,14.776951,5.216083,5.880374,0.0,,"fcf,gross_margin","2016,2017,2018,2019,2020,2021,2022,2023,2024,2025","2021,2022,2023,2024,2025"
300968,格林精密,SZ,消费电子,保留,,排除,7.223,50491733.17,,17.868421,5.777507,5.529372,0.0,,roe,"2016,2017,2018,2019,2020,2021,2022,2023,2024,2025","2021,2022,2023,2024,2025"
300969,恒帅股份,SZ,汽车零部件,周期,周期性行业,行业排除,,,,,,,,,,,
300970,华绿生物,SZ,种植业,保留,,排除,9.081,-314785712.29,14.470527,11.711366,2.67665,11.915859,0.0,,"fcf,gross_margin","2016,2017,2018,2019,2020,2021,2022,2023,2024,2025","2021,2022,2023,2024,2025"
300971,博亚精工,SZ,专用设备,保留,,通过,11.625,237941030.79,307.011942,42.989087,0.967606,18.416447,0.0,,,"2016,2017,2018,2019,2020,2021,2022,2023,2024,2025","2021,2022,2023,2024,2025"
300972,万辰集团,SZ,休闲食品,保留,,排除,19.19,4901199676.41,85.745251,11.753137,-0.211501,9.307573,0.0,,"gross_margin,ocf_ni","2016,2017,2018,2019,2020,2021,2022,2023,2024,2025","2021,2022,2023,2024,2025"
300973,立高食品,SZ,休闲食品,保留,,排除,21.053333,-883774858.47,9.119229,31.839286,2.180064,,0.0,net_margin,fcf,"2017,2018,2019,2020,2021,2022,2023,2024,2025","2021,2022,2023,2024,2025"
300975,商络电子,SZ,元件,保留,,排除,16.675556,-2944984798.89,6.516602,12.481303,-2.859576,,0.0,net_margin,"fcf,gross_margin,ocf_ni","2017,2018,2019,2020,2021,2022,2023,2024,2025","2021,2022,2023,2024,2025"
300976,达瑞电子,SZ,消费电子,保留,,排除,24.098889,-337015478.15,,29.090945,1.083388,,0.0,net_margin,fcf,"2017,2018,2019,2020,2021,2022,2023,2024,2025","2021,2022,2023,2024,2025"
300977,深圳瑞捷,SZ,工程咨询服务Ⅱ,保留,,排除,29.606,46725641.27,,37.989022,-0.160924,15.258845,0.0,,ocf_ni,"2016,2017,2018,2019,2020,2021,2022,2023,2024,2025","2021,2022,2023,2024,2025"
300978,东箭科技,SZ,汽车零部件,周期,周期性行业,行业排除,,,,,,,,,,,
300979,华利集团,SZ,纺织制造,保留,,数据不足,32.107778,9473677502.93,,25.474232,1.096936,,0.0,net_margin,,"2017,2018,2019,2020,2021,2022,2023,2024,2025","2021,2022,2023,2024,2025"
300980,祥源新材,SZ,塑料,保留,,排除,18.323,-599531673.47,,32.575773,0.698384,15.616728,0.0,,"fcf,ocf_ni","2016,2017,2018,2019,2020,2021,2022,2023,2024,2025","2021,2022,2023,2024,2025"
300981,中红医疗,SZ,医疗器械,保留,,排除,28.699,1129254941.74,-9.319896,21.574612,0.028139,11.889872,0.0,,"interest_coverage,ocf_ni","2016,2017,2018,2019,2020,2021,2022,2023,2024,2025","2021,2022,2023,2024,2025"
300982,苏文电能,SZ,基础建设,周期,周期性行业,行业排除,,,,,,,,,,,
300983,尤安设计,SZ,工程咨询服务Ⅱ,保留,,排除,29.718,-680424078.21,,37.320454,3.262468,-0.250763,0.0,,"fcf,net_margin","2016,2017,2018,2019,2020,2021,2022,2023,2024,2025","2021,2022,2023,2024,2025"
300984,金沃股份,SZ,通用设备,保留,,排除,15.247778,-652960850.92,30.084207,13.808144,1.347614,,0.0,net_margin,"fcf,gross_margin","2017,2018,2019,2020,2021,2022,2023,2024,2025","2021,2022,2023,2024,2025"
300985,致远新能,SZ,通用设备,保留,,排除,57.654444,-1207438158.61,-1.335228,12.802545,2.192399,,0.0,net_margin,"fcf,interest_coverage,gross_margin","2017,2018,2019,2020,2021,2022,2023,2024,2025","2021,2022,2023,2024,2025"
300986,志特新材,SZ,专业工程,周期,周期性行业,行业排除,,,,,,,,,,,
300987,川网传媒,SZ,数字媒体,保留,,通过,9.308,241127909.23,,38.013825,2.449033,23.16124,0.0,,,"2016,2017,2018,2019,2020,2021,2022,2023,2024,2025","2021,2022,2023,2024,2025"
300988,津荣天宇,SZ,专用设备,保留,,排除,10.712,-549030584.33,5.637093,19.261438,1.023717,5.373812,0.0,,fcf,"2016,2017,2018,2019,2020,2021,2022,2023,2024,2025","2021,2022,2023,2024,2025"
300989,蕾奥规划,SZ,工程咨询服务Ⅱ,保留,,排除,39.785,-151824678.28,7.933154,44.393904,0.517896,10.223702,0.0,,"fcf,ocf_ni","2016,2017,2018,2019,2020,2021,2022,2023,2024,2025","2021,2022,2023,2024,2025"
300990,同飞股份,SZ,通用设备,保留,,排除,17.815556,-379558892.73,,25.408156,0.470164,,0.0,net_margin,"fcf,ocf_ni","2017,2018,2019,2020,2021,2022,2023,2024,2025","2021,2022,2023,2024,2025"
300991,创益通,SZ,其他电子Ⅱ,保留,,排除,15.277,-438159395.2,-0.101709,25.565445,-1.128404,8.280675,0.0,,"fcf,interest_coverage,ocf_ni","2016,2017,2018,2019,2020,2021,2022,2023,2024,2025","2021,2022,2023,2024,2025"
300992,泰福泵业,SZ,通用设备,保留,,排除,12.107778,-33668747.38,,20.41964,3.980624,,0.0,net_margin,fcf,"2017,2018,2019,2020,2021,2022,2023,2024,2025","2021,2022,2023,2024,2025"
300993,玉马科技,SZ,家居用品,保留,,数据不足,17.766667,154596510.76,,40.902844,1.142519,,0.0,net_margin,,"2017,2018,2019,2020,2021,2022,2023,2024,2025","2021,2022,2023,2024,2025"
300994,久祺股份,SZ,摩托车及其他,保留,,排除,20.486667,295038359.81,,13.761336,0.969975,,0.0,net_margin,gross_margin,"2017,2018,2019,2020,2021,2022,2023,2024,2025","2021,2022,2023,2024,2025"
300995,奇德新材,SZ,塑料,保留,,排除,11.991111,-250615309.26,25.793677,24.804287,0.869176,,0.0,net_margin,fcf,"2017,2018,2019,2020,2021,2022,2023,2024,2025","2021,2022,2023,2024,2025"
300996,普联软件,SZ,软件开发,保留,,排除,14.65,143394717.02,55.006545,39.207845,0.556226,15.770157,0.0,,ocf_ni,"2016,2017,2018,2019,2020,2021,2022,2023,2024,2025","2021,2022,2023,2024,2025"
300997,欢乐家,SZ,饮料乳品,保留,,数据不足,24.846667,570245318.83,9.750891,34.393057,1.282878,,0.0,net_margin,,"2017,2018,2019,2020,2021,2022,2023,2024,2025","2021,2022,2023,2024,2025"
300998,宁波方正,SZ,汽车零部件,周期,周期性行业,行业排除,,,,,,,,,,,
300999,金龙鱼,SZ,农产品加工,保留,,排除,5.51,-5725793000.0,9.174086,6.096656,2.593562,1.947947,0.0,,"roe,fcf,gross_margin,net_margin","2016,2017,2018,2019,2020,2021,2022,2023,2024,2025","2021,2022,2023,2024,2025"
301000,肇民科技,SZ,汽车零部件,周期,周期性行业,行业排除,,,,,,,,,,,
301001,凯淳股份,SZ,互联网电商,保留,,通过,18.263,18989857.63,,27.904619,1.870291,5.371578,0.0,,,"2016,2017,2018,2019,2020,2021,2022,2023,2024,2025","2021,2022,2023,2024,2025"
301002,崧盛股份,SZ,电网设备,保留,,排除,28.387,-369444407.38,-1.390158,26.133359,3.080343,8.096168,0.0,,"fcf,interest_coverage","2016,2017,2018,2019,2020,2021,2022,2023,2024,2025","2021,2022,2023,2024,2025"
301003,江苏博云,SZ,塑料,保留,,数据不足,25.734444,324532424.35,,31.18383,1.203011,,0.0,net_margin,,"2017,2018,2019,2020,2021,2022,2023,2024,2025","2021,2022,2023,2024,2025"
301004,嘉益股份,SZ,家居用品,保留,,数据不足,30.758889,1023527259.83,41.339042,34.322999,1.178764,,0.0,net_margin,,"2017,2018,2019,2020,2021,2022,2023,2024,2025","2021,2022,2023,2024,2025"
301005,超捷股份,SZ,汽车零部件,周期,周期性行业,行业排除,,,,,,,,,,,
301006,迈拓股份,SZ,通用设备,保留,,排除,17.898889,51150378.04,,53.284566,0.623054,31.505869,0.0,,ocf_ni,"2016,2017,2018,2019,2020,2021,2022,2023,2024,2025","2021,2022,2023,2024,2025"
301007,德迈仕,SZ,汽车零部件,周期,周期性行业,行业排除,,,,,,,,,,,
301008,宏昌科技,SZ,家电零部件Ⅱ,保留,,排除,11.708889,-84055200.62,7.259167,17.203303,1.82977,,0.0,net_margin,fcf,"2017,2018,2019,2020,2021,2022,2023,2024,2025","2021,2022,2023,2024,2025"
301009,可靠股份,SZ,个护用品,保留,,排除,10.08,-117865561.56,,18.833526,3.721289,,0.0,net_margin,fcf,"2017,2018,2019,2020,2021,2022,2023,2024,2025","2021,2022,2023,2024,2025"
301010,晶雪节能,SZ,装修建材,保留,,排除,9.105,-128969447.46,2.915408,16.667838,1.138071,6.505986,0.0,,fcf,"2016,2017,2018,2019,2020,2021,2022,2023,2024,2025","2021,2022,2023,2024,2025"
301011,华立科技,SZ,文娱用品,保留,,通过,10.907,144751269.26,8.601558,27.899542,1.887563,6.664817,0.0,,,"2016,2017,2018,2019,2020,2021,2022,2023,2024,2025","2021,2022,2023,2024,2025"
301012,扬电科技,SZ,电网设备,保留,,排除,11.507778,-354666648.09,15.393516,15.490694,-1.09934,,0.0,net_margin,"fcf,ocf_ni","2017,2018,2019,2020,2021,2022,2023,2024,2025","2021,2022,2023,2024,2025"
301013,利和兴,SZ,专用设备,保留,,排除,8.498,-698351080.99,-10.909396,17.70202,0.372167,2.769407,0.0,,"fcf,interest_coverage,ocf_ni,net_margin","2016,2017,2018,2019,2020,2021,2022,2023,2024,2025","2021,2022,2023,2024,2025"
301015,百洋医药,SZ,医药商业,保留,,通过,23.651,2123628905.67,6.840645,31.831521,1.060333,6.548683,0.0,,,"2016,2017,2018,2019,2020,2021,2022,2023,2024,2025","2021,2022,2023,2024,2025"
301016,雷尔伟,SZ,轨交设备Ⅱ,保留,,排除,18.501111,213026875.68,,38.143419,0.588141,,0.0,net_margin,ocf_ni,"2017,2018,2019,2020,2021,2022,2023,2024,2025","2021,2022,2023,2024,2025"
301017,漱玉平民,SZ,医药商业,保留,,排除,11.078,1046557624.18,1.411124,27.393286,1.644989,2.694898,0.0,,"interest_coverage,net_margin","2016,2017,2018,2019,2020,2021,2022,2023,2024,2025","2021,2022,2023,2024,2025"
301018,申菱环境,SZ,通用设备,保留,,排除,10.011,-971054753.48,10.024725,25.864499,0.689488,7.351329,0.0,,"fcf,ocf_ni","2016,2017,2018,2019,2020,2021,2022,2023,2024,2025","2021,2022,2023,2024,2025"
301019,宁波色母,SZ,塑料,保留,,数据不足,17.988889,301244080.01,,34.184123,0.963299,,0.0,net_margin,,"2017,2018,2019,2020,2021,2022,2023,2024,2025","2021,2022,2023,2024,2025"
301020,密封科技,SZ,汽车零部件,周期,周期性行业,行业排除,,,,,,,,,,,
301021,英诺激光,SZ,自动化设备,保留,,排除,8.273,-25599104.74,,46.709509,-0.305545,11.92258,0.0,,"fcf,ocf_ni","2016,2017,2018,2019,2020,2021,2022,2023,2024,2025","2021,2022,2023,2024,2025"
301022,海泰科,SZ,汽车零部件,周期,周期性行业,行业排除,,,,,,,,,,,
301023,奕帆传动,SZ,电机Ⅱ,保留,,数据不足,23.235556,177603631.77,,44.413079,0.800527,,0.0,net_margin,,"2017,2018,2019,2020,2021,2022,2023,2024,2025","2021,2022,2023,2024,2025"
301024,霍普股份,SZ,工程咨询服务Ⅱ,保留,,排除,2.463,-344800768.74,-33.629285,18.082083,0.034499,-25.094554,0.0,,"roe,fcf,interest_coverage,ocf_ni,net_margin","2016,2017,2018,2019,2020,2021,2022,2023,2024,2025","2021,2022,2023,2024,2025"
301025,读客文化,SZ,出版,保留,,通过,10.668,203148520.21,46.050802,34.629656,3.084771,10.120597,0.0,,,"2016,2017,2018,2019,2020,2021,2022,2023,2024,2025","2021,2022,2023,2024,2025"
301026,浩通科技,SZ,小金属,周期,周期性行业,行业排除,,,,,,,,,,,
301027,华蓝集团,SZ,工程咨询服务Ⅱ,保留,,排除,13.458889,-513278558.48,-1.13886,37.440011,-1.480478,,0.0,net_margin,"fcf,interest_coverage,ocf_ni","2017,2018,2019,2020,2021,2022,2023,2024,2025","2021,2022,2023,2024,2025"
301028,鼎熔岩,SZ,通用设备,保留,,数据不足,20.875556,251368905.2,,31.426813,1.277575,,0.0,net_margin,,"2017,2018,2019,2020,2021,2022,2023,2024,2025","2021,2022,2023,2024,2025"
301029,怡合达,SZ,自动化设备,保留,,数据不足,20.864444,816365631.14,,38.599254,0.913922,,0.0,net_margin,,"2017,2018,2019,2020,2021,2022,2023,2024,2025","2021,2022,2023,2024,2025"
301030,*ST仕净,SZ,环保设备Ⅱ,保留,,排除,11.412222,-3374925689.8,-10.222049,3.65143,-2.173902,-19.312215,0.0,,"fcf,interest_coverage,gross_margin,ocf_ni,net_margin","2016,2017,2018,2019,2020,2021,2022,2023,2024,2025","2021,2022,2023,2024,2025"
301031,中熔电气,SZ,其他电子Ⅱ,保留,,排除,23.921,-170299865.84,43.008491,40.754237,0.600906,17.703895,0.0,,"fcf,ocf_ni","2016,2017,2018,2019,2020,2021,2022,2023,2024,2025","2021,2022,2023,2024,2025"
301032,新柴股份,SZ,通用设备,保留,,排除,9.344444,-85099351.56,,9.761115,0.256339,,0.0,net_margin,"fcf,gross_margin,ocf_ni","2017,2018,2019,2020,2021,2022,2023,2024,2025","2021,2022,2023,2024,2025"
301033,迈普医学,SZ,医疗器械,保留,,豁免A通过,3.896667,93019027.5,,81.59054,1.63602,,0.0,net_margin,roe,"2017,2018,2019,2020,2021,2022,2023,2024,2025","2021,2022,2023,2024,2025"
301035,润丰股份,SZ,农化制品,保留,,通过,16.161,82040968.95,,20.598164,0.785836,6.392868,0.0,,,"2016,2017,2018,2019,2020,2021,2022,2023,2024,2025","2021,2022,2023,2024,2025"
301036,双乐股份,SZ,化学制品,周期,周期性行业,行业排除,,,,,,,,,,,
301037,保立佳,SZ,化学制品,周期,周期性行业,行业排除,,,,,,,,,,,
301038,深水规院,SZ,工程咨询服务Ⅱ,保留,,排除,7.933333,164614584.74,,30.301015,-0.115444,,0.0,net_margin,"roe,ocf_ni","2017,2018,2019,2020,2021,2022,2023,2024,2025","2021,2022,2023,2024,2025"
301039,中集车辆,SZ,商用车,保留,,数据不足,11.756667,3883750748.14,,15.025198,1.143609,,0.0,net_margin,,"2017,2018,2019,2020,2021,2022,2023,2024,2025","2021,2022,2023,2024,2025"
301040,中环海陆,SZ,风电设备,保留,,排除,4.741,-252984428.13,-3.324013,5.489195,-1.02452,0.748848,0.0,,"roe,fcf,interest_coverage,gross_margin,ocf_ni,net_margin","2016,2017,2018,2019,2020,2021,2022,2023,2024,2025","2021,2022,2023,2024,2025"
301041,金百泽,SZ,元件,保留,,数据不足,9.907778,132866797.24,6.150541,26.197174,1.992641,,0.0,net_margin,,"2017,2018,2019,2020,2021,2022,2023,2024,2025","2021,2022,2023,2024,2025"
301042,安联锐视,SZ,计算机设备,保留,,排除,15.166,289074217.39,,32.096245,0.662152,9.155114,0.0,,ocf_ni,"2016,2017,2018,2019,2020,2021,2022,2023,2024,2025","2021,2022,2023,2024,2025"
301043,绿岛风,SZ,通用设备,保留,,数据不足,22.554444,61760859.08,14.168017,34.62442,0.934323,,0.0,net_margin,,"2017,2018,2019,2020,2021,2022,2023,2024,2025","2021,2022,2023,2024,2025"
301045,天禄科技,SZ,光学光电子,保留,,排除,16.138889,-204646294.08,,20.426994,1.723992,,0.0,net_margin,fcf,"2017,2018,2019,2020,2021,2022,2023,2024,2025","2021,2022,2023,2024,2025"
301046,能辉科技,SZ,专业工程,周期,周期性行业,行业排除,,,,,,,,,,,
301047,义翘神州,SZ,生物制品,保留,,数据不足,37.39,56185930.42,,81.526015,0.975607,,0.0,net_margin,,"2017,2018,2019,2020,2021,2022,2023,2024,2025","2021,2022,2023,2024,2025"
301048,金鹰重工,SZ,轨交设备Ⅱ,保留,,排除,12.086667,220085704.18,31.708739,17.08766,0.365548,,0.0,net_margin,ocf_ni,"2017,2018,2019,2020,2021,2022,2023,2024,2025","2021,2022,2023,2024,2025"
301049,超越科技,SZ,环境治理,保留,,排除,21.658889,-524552300.37,-13.236741,2.887854,-0.163289,,0.0,net_margin,"fcf,interest_coverage,gross_margin,ocf_ni","2017,2018,2019,2020,2021,2022,2023,2024,2025","2021,2022,2023,2024,2025"
301050,雷电微力,SZ,军工电子Ⅱ,保留,,数据不足,10.576667,623370914.78,,42.757464,0.736926,,0.0,net_margin,,"2017,2018,2019,2020,2021,2022,2023,2024,2025","2021,2022,2023,2024,2025"
301051,信濠光电,SZ,消费电子,保留,,排除,18.189,-2036653431.71,-18.83765,10.154534,1.158842,2.46172,0.0,,"fcf,interest_coverage,gross_margin,net_margin","2016,2017,2018,2019,2020,2021,2022,2023,2024,2025","2021,2022,2023,2024,2025"
301052,果麦文化,SZ,出版,保留,,排除,10.551111,314018825.03,,45.682391,-1.239763,,0.0,net_margin,ocf_ni,"2017,2018,2019,2020,2021,2022,2023,2024,2025","2021,2022,2023,2024,2025"
301053,远信工业,SZ,专用设备,保留,,排除,21.865556,-312190285.08,0.9782,25.884071,0.844173,,0.0,net_margin,"fcf,interest_coverage","2017,2018,2019,2020,2021,2022,2023,2024,2025","2021,2022,2023,2024,2025"
301055,张小泉,SZ,家居用品,保留,,数据不足,13.198889,370801454.14,,36.811546,2.998568,,0.0,net_margin,,"2017,2018,2019,2020,2021,2022,2023,2024,2025","2021,2022,2023,2024,2025"
301056,森赫股份,SZ,专用设备,保留,,数据不足,12.39,525178862.34,,31.091806,1.437962,,0.0,net_margin,,"2017,2018,2019,2020,2021,2022,2023,2024,2025","2021,2022,2023,2024,2025"
301057,汇隆新材,SZ,化学纤维,保留,,排除,14.31,-739527187.76,23.083774,16.684203,1.945254,6.851064,0.0,,fcf,"2016,2017,2018,2019,2020,2021,2022,2023,2024,2025","2021,2022,2023,2024,2025"
301058,中粮科工,SZ,工程咨询服务Ⅱ,保留,,数据不足,9.348889,1297394902.67,,23.069904,1.425786,,0.0,net_margin,,"2017,2018,2019,2020,2021,2022,2023,2024,2025","2021,2022,2023,2024,2025"
301059,金三江,SZ,化学制品,周期,周期性行业,行业排除,,,,,,,,,,,
301060,兰卫医学,SZ,医疗服务,保留,,排除,7.083,456881560.87,22.1271,29.542758,-2.670228,4.118204,0.0,,"roe,ocf_ni,net_margin","2016,2017,2018,2019,2020,2021,2022,2023,2024,2025","2021,2022,2023,2024,2025"
301061,匠心家居,SZ,家居用品,保留,,数据不足,21.421111,2076137375.97,,34.718347,0.917822,,0.0,net_margin,,"2017,2018,2019,2020,2021,2022,2023,2024,2025","2021,2022,2023,2024,2025"
301062,上海艾录,SZ,包装印刷,保留,,排除,8.026,-742469365.02,-5.613736,23.136027,1.748165,7.683632,0.0,,"fcf,interest_coverage","2016,2017,2018,2019,2020,2021,2022,2023,2024,2025","2021,2022,2023,2024,2025"
301063,海锅股份,SZ,专用设备,保留,,排除,12.886667,-661240409.36,26.146743,13.000799,-0.297178,,0.0,net_margin,"fcf,gross_margin,ocf_ni","2017,2018,2019,2020,2021,2022,2023,2024,2025","2021,2022,2023,2024,2025"
301065,本立科技,SZ,化学制药,保留,,数据不足,10.952222,97574784.46,,17.574614,1.700951,,0.0,net_margin,,"2017,2018,2019,2020,2021,2022,2023,2024,2025","2021,2022,2023,2024,2025"
301066,万事利,SZ,纺织制造,保留,,排除,9.231111,-242284392.71,,42.928119,-0.952751,,0.0,net_margin,"fcf,ocf_ni","2017,2018,2019,2020,2021,2022,2023,2024,2025","2021,2022,2023,2024,2025"
301067,显盈科技,SZ,消费电子,保留,,排除,20.238,-521575645.27,-12.632183,22.41427,1.117638,6.199541,0.0,,"fcf,interest_coverage","2016,2017,2018,2019,2020,2021,2022,2023,2024,2025","2021,2022,2023,2024,2025"
301068,大地海洋,SZ,环境治理,保留,,排除,17.789,228472148.59,-0.658931,19.778525,-0.232202,10.680034,0.0,,"interest_coverage,ocf_ni","2016,2017,2018,2019,2020,2021,2022,2023,2024,2025","2021,2022,2023,2024,2025"
301069,凯盛新材,SZ,化学原料,周期,周期性行业,行业排除,,,,,,,,,,,
301070,开勒股份,SZ,通用设备,保留,,排除,19.59,-67076996.86,-8.191333,37.585605,-5.146029,14.857479,0.0,,"fcf,interest_coverage,ocf_ni","2016,2017,2018,2019,2020,2021,2022,2023,2024,2025","2021,2022,2023,2024,2025"
301071,力量钻石,SZ,非金属材料Ⅱ,保留,,排除,20.693333,-624939299.28,,46.042729,1.869115,,0.0,net_margin,fcf,"2017,2018,2019,2020,2021,2022,2023,2024,2025","2021,2022,2023,2024,2025"
301072,中捷精工,SZ,汽车零部件,周期,周期性行业,行业排除,,,,,,,,,,,
301073,君亭酒店,SZ,酒店餐饮,保留,,排除,20.577,563630222.49,0.597777,34.589787,7.560335,11.501051,0.0,,interest_coverage,"2016,2017,2018,2019,2020,2021,2022,2023,2024,2025","2021,2022,2023,2024,2025"
301075,多瑞医药,SZ,化学制药,保留,,排除,33.95875,-255814896.72,-7.63473,56.945765,0.58737,,0.0,net_margin,"fcf,interest_coverage,ocf_ni","2017,2018,2019,2020,2021,2022,2023,2024,2025","2021,2022,2023,2024,2025"
301076,新瀚新材,SZ,化学制品,周期,周期性行业,行业排除,,,,,,,,,,,
301077,星华新材,SZ,化学制品,周期,周期性行业,行业排除,,,,,,,,,,,
301078,孩子王,SZ,专业连锁Ⅱ,保留,,排除,8.838,2366193018.2,2.951492,29.869564,5.404557,2.166105,0.0,,net_margin,"2016,2017,2018,2019,2020,2021,2022,2023,2024,2025","2021,2022,2023,2024,2025"
301079,邵阳液压,SZ,工程机械,周期,周期性行业,行业排除,,,,,,,,,,,
301080,百普赛斯,SZ,生物制品,保留,,数据不足,19.441111,44864252.36,,91.685561,1.068242,,0.0,net_margin,,"2017,2018,2019,2020,2021,2022,2023,2024,2025","2021,2022,2023,2024,2025"
301081,严牌股份,SZ,环保设备Ⅱ,保留,,排除,13.632,-753255794.78,1.560884,27.188629,1.593233,9.449665,0.0,,"fcf,interest_coverage","2016,2017,2018,2019,2020,2021,2022,2023,2024,2025","2021,2022,2023,2024,2025"
301082,久盛电气,SZ,电网设备,保留,,排除,11.878,-1382904266.99,0.711871,13.37461,-0.9518,3.577902,0.0,,"fcf,interest_coverage,gross_margin,ocf_ni,net_margin","2016,2017,2018,2019,2020,2021,2022,2023,2024,2025","2021,2022,2023,2024,2025"
301083,百胜智能,SZ,专用设备,保留,,通过,14.083,77530694.16,,22.318961,0.770096,10.578042,0.0,,,"2016,2017,2018,2019,2020,2021,2022,2023,2024,2025","2021,2022,2023,2024,2025"
301085,亚康股份,SZ,IT服务Ⅱ,保留,,排除,14.921111,-521075005.78,-8.494148,13.614807,-0.278596,,0.0,net_margin,"fcf,interest_coverage,gross_margin,ocf_ni","2017,2018,2019,2020,2021,2022,2023,2024,2025","2021,2022,2023,2024,2025"
301086,鸿富瀚,SZ,消费电子,保留,,排除,31.42,-1366609923.82,9.233336,36.97005,0.897811,,0.0,net_margin,fcf,"2017,2018,2019,2020,2021,2022,2023,2024,2025","2021,2022,2023,2024,2025"
301087,可孚医疗,SZ,医疗器械,保留,,数据不足,15.02,266999751.92,,46.328168,1.287281,,0.0,net_margin,,"2017,2018,2019,2020,2021,2022,2023,2024,2025","2021,2022,2023,2024,2025"
301088,戎美股份,SZ,服装家纺,保留,,排除,27.075556,-213883168.86,29.592338,42.67502,0.586202,,0.0,net_margin,"fcf,ocf_ni","2017,2018,2019,2020,2021,2022,2023,2024,2025","2021,2022,2023,2024,2025"
301089,拓新药业,SZ,化学制药,保留,,排除,12.635,-144168625.88,-967.934755,42.429817,-0.570494,11.939735,0.0,,"fcf,interest_coverage,ocf_ni","2016,2017,2018,2019,2020,2021,2022,2023,2024,2025","2021,2022,2023,2024,2025"
301090,华润材料,SZ,塑料,保留,,排除,9.391111,962954634.73,,3.64198,-0.501004,,0.0,net_margin,"gross_margin,ocf_ni","2017,2018,2019,2020,2021,2022,2023,2024,2025","2021,2022,2023,2024,2025"
301091,深城交,SZ,工程咨询服务Ⅱ,保留,,排除,22.013333,-564748353.95,,36.874715,0.054523,,0.0,net_margin,"fcf,ocf_ni","2017,2018,2019,2020,2021,2022,2023,2024,2025","2021,2022,2023,2024,2025"
301092,争光股份,SZ,塑料,保留,,排除,16.15,-657825549.82,,33.526358,0.773395,17.047433,0.0,,fcf,"2016,2017,2018,2019,2020,2021,2022,2023,2024,2025","2021,2022,2023,2024,2025"
301093,华兰股份,SZ,医疗器械,保留,,排除,17.418889,-91091333.58,,43.606435,1.65366,,0.299815,net_margin,"fcf,share_inflation","2017,2018,2019,2020,2021,2022,2023,2024,2025","2021,2022,2023,2024,2025"
301095,广立微,SZ,软件开发,保留,,排除,9.2275,-621448437.01,,64.809707,-0.135775,,0.0,net_margin,"fcf,ocf_ni","2018,2019,2020,2021,2022,2023,2024,2025","2021,2022,2023,2024,2025"
301096,百诚医药,SZ,医疗服务,保留,,排除,9.514,-1876857609.21,-4.937414,58.330201,1.680384,12.336636,0.0,,"fcf,interest_coverage","2016,2017,2018,2019,2020,2021,2022,2023,2024,2025","2021,2022,2023,2024,2025"
301097,天益医疗,SZ,医疗器械,保留,,排除,17.691,-439273920.45,-0.076558,37.836438,-16.309074,16.256555,0.0,,"fcf,interest_coverage,ocf_ni","2016,2017,2018,2019,2020,2021,2022,2023,2024,2025","2021,2022,2023,2024,2025"
301098,金埔园林,SZ,基础建设,周期,周期性行业,行业排除,,,,,,,,,,,
301099,雅创电子,SZ,其他电子Ⅱ,保留,,排除,15.39,-1151023396.86,2.538589,17.41696,-1.978548,,0.0,net_margin,"fcf,ocf_ni","2017,2018,2019,2020,2021,2022,2023,2024,2025","2021,2022,2023,2024,2025"
301100,风光股份,SZ,化学制品,周期,周期性行业,行业排除,,,,,,,,,,,
301101,明月镜片,SZ,文娱用品,保留,,数据不足,12.073333,634529192.4,431.274489,56.430949,1.361372,,0.0,net_margin,,"2017,2018,2019,2020,2021,2022,2023,2024,2025","2021,2022,2023,2024,2025"
301102,兆讯传媒,SZ,广告营销,保留,,数据不足,23.715556,1957368870.45,,42.785372,9.742189,,0.0,net_margin,,"2017,2018,2019,2020,2021,2022,2023,2024,2025","2021,2022,2023,2024,2025"
301103,何氏眼科,SZ,医疗服务,保留,,豁免A通过,5.573333,392012695.85,19.954334,40.011546,1.971013,,0.0,net_margin,roe,"2017,2018,2019,2020,2021,2022,2023,2024,2025","2021,2022,2023,2024,2025"
301105,鸿铭股份,SZ,专用设备,保留,,排除,11.881111,-164925218.49,,29.569365,-1.00333,,0.0,net_margin,"fcf,ocf_ni","2017,2018,2019,2020,2021,2022,2023,2024,2025","2021,2022,2023,2024,2025"
301106,骏成科技,SZ,光学光电子,保留,,排除,21.093,-22952623.19,17.618483,23.167894,0.851725,13.449889,0.0,,fcf,"2016,2017,2018,2019,2020,2021,2022,2023,2024,2025","2021,2022,2023,2024,2025"
301107,瑜欣电子,SZ,通用设备,保留,,通过,14.493,190754588.38,,24.753132,1.262785,12.591503,0.0,,,"2016,2017,2018,2019,2020,2021,2022,2023,2024,2025","2021,2022,2023,2024,2025"
301108,洁雅股份,SZ,个护用品,保留,,数据不足,19.738889,105260800.3,62.839819,27.79806,1.779721,,0.0,net_margin,,"2017,2018,2019,2020,2021,2022,2023,2024,2025","2021,2022,2023,2024,2025"
301109,军信股份,SZ,环境治理,保留,,通过,14.55863,1742523082.95,10.389355,48.757572,1.875808,26.083337,0.0,,,"2016,2017,2018,2019,2020,2021,2022,2023,2024,2025","2021,2022,2023,2024,2025"
301110,青木科技,SZ,互联网电商,保留,,数据不足,25.741111,137334788.44,50.19012,47.04245,1.145674,,0.0,net_margin,,"2017,2018,2019,2020,2021,2022,2023,2024,2025","2021,2022,2023,2024,2025"
301111,粤万年青,SZ,中药Ⅱ,保留,,排除,13.834444,47577093.76,-8.738186,67.154766,0.275145,,0.0,net_margin,"interest_coverage,ocf_ni","2017,2018,2019,2020,2021,2022,2023,2024,2025","2021,2022,2023,2024,2025"
301112,信邦智能,SZ,自动化设备,保留,,排除,15.09,-136423928.46,,22.416658,0.166988,,0.0,net_margin,"fcf,ocf_ni","2017,2018,2019,2020,2021,2022,2023,2024,2025","2021,2022,2023,2024,2025"
301113,雅艺科技,SZ,家居用品,保留,,排除,24.56,-152066991.49,,34.949305,1.246386,17.418111,0.0,,fcf,"2016,2017,2018,2019,2020,2021,2022,2023,2024,2025","2021,2022,2023,2024,2025"
301115,联检科技,SZ,专业服务,保留,,排除,10.08,-383496068.4,5.192735,36.972595,2.40522,7.919852,0.0,,fcf,"2016,2017,2018,2019,2020,2021,2022,2023,2024,2025","2021,2022,2023,2024,2025"
301116,益客食品,SZ,养殖业,保留,,排除,11.554,-543553410.39,-4.079729,3.098667,0.48439,0.774748,0.0,,"fcf,interest_coverage,gross_margin,ocf_ni,net_margin","2016,2017,2018,2019,2020,2021,2022,2023,2024,2025","2021,2022,2023,2024,2025"
301117,佳缘科技,SZ,计算机设备,保留,,排除,16.732,-681396810.3,,44.436945,0.383522,13.632466,0.0,,"fcf,ocf_ni","2016,2017,2018,2019,2020,2021,2022,2023,2024,2025","2021,2022,2023,2024,2025"
301118,恒光股份,SZ,化学原料,周期,周期性行业,行业排除,,,,,,,,,,,
301119,正强股份,SZ,汽车零部件,周期,周期性行业,行业排除,,,,,,,,,,,
301120,新特电气,SZ,电网设备,保留,,排除,6.529,117179448.92,,30.148042,0.124754,15.120682,0.0,,"roe,ocf_ni","2016,2017,2018,2019,2020,2021,2022,2023,2024,2025","2021,2022,2023,2024,2025"
301121,紫建电子,SZ,电池,保留,,排除,26.765556,-541018189.52,-0.799804,24.316838,2.597112,,0.0,net_margin,"fcf,interest_coverage","2017,2018,2019,2020,2021,2022,2023,2024,2025","2021,2022,2023,2024,2025"
301122,采纳股份,SZ,医疗器械,保留,,排除,17.471111,-144297304.26,4.489025,36.643386,1.632225,,0.0,net_margin,fcf,"2017,2018,2019,2020,2021,2022,2023,2024,2025","2021,2022,2023,2024,2025"
301123,奕东电子,SZ,消费电子,保留,,排除,10.387778,-911748688.13,,18.428495,-5.685909,,0.0,net_margin,"fcf,ocf_ni","2017,2018,2019,2020,2021,2022,2023,2024,2025","2021,2022,2023,2024,2025"
301125,腾亚精工,SZ,通用设备,保留,,排除,19.843333,-299021232.54,-1.28508,26.186759,5.347764,,0.39897,net_margin,"fcf,interest_coverage,share_inflation","2017,2018,2019,2020,2021,2022,2023,2024,2025","2021,2022,2023,2024,2025"
301126,达嘉维康,SZ,医药商业,保留,,排除,5.715,-1514203168.83,-1.847079,15.334709,-1.946142,1.775648,0.0,,"roe,fcf,interest_coverage,ocf_ni,net_margin","2016,2017,2018,2019,2020,2021,2022,2023,2024,2025","2021,2022,2023,2024,2025"
301127,武汉天源,SZ,环境治理,保留,,排除,14.145,-4903869008.51,2.578179,32.748507,-0.404121,17.601141,0.0,,"fcf,ocf_ni","2016,2017,2018,2019,2020,2021,2022,2023,2024,2025","2021,2022,2023,2024,2025"
301128,强瑞技术,SZ,专用设备,保留,,排除,20.846667,-58524742.72,19.545114,31.161105,0.775318,,0.0,net_margin,fcf,"2017,2018,2019,2020,2021,2022,2023,2024,2025","2021,2022,2023,2024,2025"
301129,瑞纳智能,SZ,通用设备,保留,,排除,21.51,-253375658.27,67.357827,56.744255,0.147334,,0.0,net_margin,"fcf,ocf_ni","2017,2018,2019,2020,2021,2022,2023,2024,2025","2021,2022,2023,2024,2025"
301130,西点药业,SZ,化学制药,保留,,排除,8.327778,-116297989.41,1091.254021,79.66727,1.485883,,0.0,net_margin,fcf,"2017,2018,2019,2020,2021,2022,2023,2024,2025","2021,2022,2023,2024,2025"
301131,聚赛龙,SZ,塑料,保留,,排除,11.023,-710102775.68,2.160102,11.236629,-0.938127,3.790963,0.0,,"fcf,gross_margin,ocf_ni,net_margin","2016,2017,2018,2019,2020,2021,2022,2023,2024,2025","2021,2022,2023,2024,2025"
301132,满坤科技,SZ,元件,保留,,排除,15.08625,-193222622.84,,18.898712,0.917516,,0.0,net_margin,fcf,"2018,2019,2020,2021,2022,2023,2024,2025","2021,2022,2023,2024,2025"
301133,金钟股份,SZ,汽车零部件,周期,周期性行业,行业排除,,,,,,,,,,,
301135,瑞德智能,SZ,家电零部件Ⅱ,保留,,排除,9.323,-61129805.94,,18.918482,2.056366,4.36158,0.0,,"fcf,net_margin","2016,2017,2018,2019,2020,2021,2022,2023,2024,2025","2021,2022,2023,2024,2025"
301136,招标股份,SZ,工程咨询服务Ⅱ,保留,,排除,8.938889,59215592.28,,38.489689,-2.377646,,0.0,net_margin,ocf_ni,"2017,2018,2019,2020,2021,2022,2023,2024,2025","2021,2022,2023,2024,2025"
301137,哈焊华通,SZ,通用设备,保留,,排除,8.744444,-305312854.65,8.863924,10.856516,0.733359,,0.0,net_margin,"fcf,gross_margin","2017,2018,2019,2020,2021,2022,2023,2024,2025","2021,2022,2023,2024,2025"
301138,华研精机,SZ,专用设备,保留,,数据不足,15.896667,242719057.42,,38.870553,1.180727,,0.0,net_margin,,"2017,2018,2019,2020,2021,2022,2023,2024,2025","2021,2022,2023,2024,2025"
301139,*ST元道,SZ,通信服务,保留,,排除,13.819,-1483091494.83,0.43116,15.27662,-0.578238,5.934841,0.0,,"fcf,interest_coverage,ocf_ni","2016,2017,2018,2019,2020,2021,2022,2023,2024,2025","2021,2022,2023,2024,2025"
301141,中科磁业,SZ,金属新材料,保留,,排除,15.31625,-491106326.24,,18.32528,0.118264,,0.0,net_margin,"fcf,ocf_ni","2018,2019,2020,2021,2022,2023,2024,2025","2021,2022,2023,2024,2025"
301148,嘉戎技术,SZ,环境治理,保留,,排除,33.373,-251923270.68,,38.955358,0.706569,20.094424,0.0,,fcf,"2016,2017,2018,2019,2020,2021,2022,2023,2024,2025","2021,2022,2023,2024,2025"
301149,隆华新材,SZ,化学制品,周期,周期性行业,行业排除,,,,,,,,,,,
301150,中一科技,SZ,电池,保留,,排除,20.667,-190450756.34,1.58972,12.523174,0.694957,8.432052,-0.27993,,"fcf,interest_coverage,gross_margin,ocf_ni","2016,2017,2018,2019,2020,2021,2022,2023,2024,2025","2021,2022,2023,2024,2025"
301151,冠龙节能,SZ,通用设备,保留,,排除,31.715556,-10992550.54,,35.456201,1.426785,,0.0,net_margin,fcf,"2017,2018,2019,2020,2021,2022,2023,2024,2025","2021,2022,2023,2024,2025"
301152,天力锂能,SZ,电池,保留,,排除,3.084,-1829890732.28,-8.612173,4.211465,-1.720821,-1.272529,0.0,,"roe,fcf,interest_coverage,gross_margin,ocf_ni,net_margin","2016,2017,2018,2019,2020,2021,2022,2023,2024,2025","2021,2022,2023,2024,2025"
301153,中科江南,SZ,软件开发,保留,,数据不足,21.655556,769381152.71,,57.63994,0.963213,,0.0,net_margin,,"2017,2018,2019,2020,2021,2022,2023,2024,2025","2021,2022,2023,2024,2025"
301155,海力风电,SZ,风电设备,保留,,排除,24.523333,-2402978580.5,12.791536,15.045378,0.223309,,0.0,net_margin,"fcf,ocf_ni","2017,2018,2019,2020,2021,2022,2023,2024,2025","2021,2022,2023,2024,2025"
301156,美农生物,SZ,化学制品,周期,周期性行业,行业排除,,,,,,,,,,,
301157,华塑科技,SZ,其他电源设备Ⅱ,保留,,排除,27.9875,-103619432.26,,39.774858,0.324833,,0.0,net_margin,"fcf,ocf_ni","2018,2019,2020,2021,2022,2023,2024,2025","2021,2022,2023,2024,2025"
301158,德石股份,SZ,专用设备,保留,,排除,7.352,384068094.36,,34.97601,1.031864,12.257007,0.0,,roe,"2016,2017,2018,2019,2020,2021,2022,2023,2024,2025","2021,2022,2023,2024,2025"
301159,三维天地,SZ,软件开发,保留,,排除,23.383333,-339968754.18,130.980415,42.257322,0.14477,,0.0,net_margin,"fcf,ocf_ni","2017,2018,2019,2020,2021,2022,2023,2024,2025","2021,2022,2023,2024,2025"
301160,翔楼新材,SZ,通用设备,保留,,排除,19.209,-260496652.7,55.882302,23.561675,0.459996,11.783719,0.0,,"fcf,ocf_ni","2016,2017,2018,2019,2020,2021,2022,2023,2024,2025","2021,2022,2023,2024,2025"
301161,唯万密封,SZ,工程机械,周期,周期性行业,行业排除,,,,,,,,,,,
301162,国能日新,SZ,软件开发,保留,,排除,37.176667,-14724653.38,10.789698,65.057129,0.779478,,0.0,net_margin,fcf,"2017,2018,2019,2020,2021,2022,2023,2024,2025","2021,2022,2023,2024,2025"
301163,宏德股份,SZ,风电设备,保留,,排除,8.808889,-392432751.0,,16.324648,1.027778,,0.0,net_margin,fcf,"2017,2018,2019,2020,2021,2022,2023,2024,2025","2021,2022,2023,2024,2025"
301165,锐捷网络,SZ,通信设备,保留,,数据不足,32.112222,2010280881.69,50.626944,37.918049,1.272345,,0.0,net_margin,,"2017,2018,2019,2020,2021,2022,2023,2024,2025","2021,2022,2023,2024,2025"
301166,优宁维,SZ,生物制品,保留,,排除,14.271,-284807615.78,,20.392887,0.767272,5.600063,0.0,,fcf,"2016,2017,2018,2019,2020,2021,2022,2023,2024,2025","2021,2022,2023,2024,2025"
301167,建研设计,SZ,工程咨询服务Ⅱ,保留,,数据不足,15.126667,29432221.97,32.798558,29.537157,1.433221,,0.0,net_margin,,"2017,2018,2019,2020,2021,2022,2023,2024,2025","2021,2022,2023,2024,2025"
301168,通灵股份,SZ,光伏设备,保留,,排除,10.288,-524762814.39,,16.730354,0.817595,8.245978,0.0,,fcf,"2016,2017,2018,2019,2020,2021,2022,2023,2024,2025","2021,2022,2023,2024,2025"
301169,零点有数,SZ,专业服务,保留,,排除,8.23,-113769321.52,,31.966625,0.026112,1.853086,0.0,,"fcf,ocf_ni,net_margin","2016,2017,2018,2019,2020,2021,2022,2023,2024,2025","2021,2022,2023,2024,2025"
301170,锡南科技,SZ,汽车零部件,周期,周期性行业,行业排除,,,,,,,,,,,
301171,易点天下,SZ,广告营销,保留,,通过,16.834,699756721.1,,18.900924,0.733717,9.552308,0.0,,,"2016,2017,2018,2019,2020,2021,2022,2023,2024,2025","2021,2022,2023,2024,2025"
301172,君逸数码,SZ,IT服务Ⅱ,保留,,排除,18.893,-83078790.23,,32.405978,0.254501,15.916455,0.0,,"fcf,ocf_ni","2016,2017,2018,2019,2020,2021,2022,2023,2024,2025","2021,2022,2023,2024,2025"
301173,毓恬冠佳,SZ,汽车零部件,周期,周期性行业,行业排除,,,,,,,,,,,
301175,中科环保,SZ,环境治理,保留,,排除,8.707778,-457895639.54,6.189046,35.407225,1.938652,,0.0,net_margin,fcf,"2017,2018,2019,2020,2021,2022,2023,2024,2025","2021,2022,2023,2024,2025"
301176,逸豪新材,SZ,元件,保留,,排除,6.6675,-819367252.35,-4.033357,8.721578,1.469872,,0.0,net_margin,"roe,fcf,interest_coverage,gross_margin","2018,2019,2020,2021,2022,2023,2024,2025","2021,2022,2023,2024,2025"
301177,迪阿股份,SZ,饰品,保留,,数据不足,34.658889,1516337543.55,3.297655,68.011753,1.363001,,0.0,net_margin,,"2017,2018,2019,2020,2021,2022,2023,2024,2025","2021,2022,2023,2024,2025"
301178,天亿马,SZ,IT服务Ⅱ,保留,,排除,12.566,-702142726.01,0.602899,21.47227,0.895276,7.606348,0.0,,"fcf,interest_coverage","2016,2017,2018,2019,2020,2021,2022,2023,2024,2025","2021,2022,2023,2024,2025"
301179,泽宇智能,SZ,电网设备,保留,,排除,24.307778,365964617.05,12.800832,35.993772,0.649787,,0.0,net_margin,ocf_ni,"2017,2018,2019,2020,2021,2022,2023,2024,2025","2021,2022,2023,2024,2025"
301180,万祥科技,SZ,消费电子,保留,,排除,14.903333,-315865973.55,0.539637,22.279576,6.466194,,0.0,net_margin,"fcf,interest_coverage","2017,2018,2019,2020,2021,2022,2023,2024,2025","2021,2022,2023,2024,2025"
301181,标榜股份,SZ,汽车零部件,周期,周期性行业,行业排除,,,,,,,,,,,
301182,凯旺科技,SZ,计算机设备,保留,,排除,3.86,-486717661.73,-17.053142,9.665773,0.442052,,0.0,net_margin,"roe,fcf,interest_coverage,gross_margin,ocf_ni","2017,2018,2019,2020,2021,2022,2023,2024,2025","2021,2022,2023,2024,2025"
301183,东田微,SZ,光学光电子,保留,,排除,11.024444,-336931434.04,,20.765544,0.649813,,0.0,net_margin,"fcf,ocf_ni","2017,2018,2019,2020,2021,2022,2023,2024,2025","2021,2022,2023,2024,2025"
301185,鸥玛软件,SZ,IT服务Ⅱ,保留,,通过,18.354,162510079.84,,63.127967,1.076713,34.744616,0.0,,,"2016,2017,2018,2019,2020,2021,2022,2023,2024,2025","2021,2022,2023,2024,2025"
301186,超达装备,SZ,汽车零部件,周期,周期性行业,行业排除,,,,,,,,,,,
301187,欧圣电气,SZ,小家电,保留,,排除,16.827778,-568541883.94,12.175305,30.42267,0.865006,,0.0,net_margin,fcf,"2017,2018,2019,2020,2021,2022,2023,2024,2025","2021,2022,2023,2024,2025"
301188,力诺药包,SZ,医疗器械,保留,,排除,12.007778,-581982236.41,2.067538,20.941755,0.624802,,0.0,net_margin,"fcf,ocf_ni","2017,2018,2019,2020,2021,2022,2023,2024,2025","2021,2022,2023,2024,2025"
301189,奥尼电子,SZ,消费电子,保留,,排除,19.083,-1776420805.47,,23.227188,0.480183,1.93715,0.0,,"fcf,ocf_ni,net_margin","2016,2017,2018,2019,2020,2021,2022,2023,2024,2025","2021,2022,2023,2024,2025"
301190,善水科技,SZ,化学原料,周期,周期性行业,行业排除,,,,,,,,,,,
301191,菲菱科思,SZ,通信设备,保留,,排除,19.942,331320183.02,,15.556225,0.614392,5.71605,0.0,,ocf_ni,"2016,2017,2018,2019,2020,2021,2022,2023,2024,2025","2021,2022,2023,2024,2025"
301192,泰祥股份,SZ,汽车零部件,周期,周期性行业,行业排除,,,,,,,,,,,
301193,家联科技,SZ,家居用品,保留,,排除,10.232222,-2060955521.79,-2.043885,18.058905,2.568113,,0.0,net_margin,"fcf,interest_coverage","2017,2018,2019,2020,2021,2022,2023,2024,2025","2021,2022,2023,2024,2025"
301195,北路智控,SZ,软件开发,保留,,排除,28.98375,267653806.99,,46.51548,0.677085,,0.0,net_margin,ocf_ni,"2018,2019,2020,2021,2022,2023,2024,2025","2021,2022,2023,2024,2025"
301196,唯科科技,SZ,塑料,保留,,排除,11.05,-59431690.02,,31.448697,1.190511,,0.0,net_margin,fcf,"2017,2018,2019,2020,2021,2022,2023,2024,2025","2021,2022,2023,2024,2025"
301197,工大科雅,SZ,通用设备,保留,,排除,12.912,-158469437.68,9.4071,45.294863,-0.033556,17.575456,0.0,,"fcf,ocf_ni","2016,2017,2018,2019,2020,2021,2022,2023,2024,2025","2021,2022,2023,2024,2025"
301198,喜悦智行,SZ,包装印刷,保留,,排除,17.721,-410749883.33,-3.157416,25.01135,-1.231568,12.513201,0.0,,"fcf,interest_coverage,ocf_ni","2016,2017,2018,2019,2020,2021,2022,2023,2024,2025","2021,2022,2023,2024,2025"
301199,迈赫股份,SZ,自动化设备,保留,,排除,9.708,41420254.15,,19.240168,-0.106893,10.059408,0.0,,ocf_ni,"2016,2017,2018,2019,2020,2021,2022,2023,2024,2025","2021,2022,2023,2024,2025"
301200,大族数控,SZ,专用设备,保留,,数据不足,17.0525,291642712.92,1029.121431,33.897675,0.993472,,0.0,net_margin,,"2018,2019,2020,2021,2022,2023,2024,2025","2021,2022,2023,2024,2025"
301201,诚达药业,SZ,医疗服务,保留,,排除,8.825556,-538903909.29,-8.000539,45.571682,-0.097052,,0.0,net_margin,"fcf,interest_coverage,ocf_ni","2017,2018,2019,2020,2021,2022,2023,2024,2025","2021,2022,2023,2024,2025"
301202,朗威股份,SZ,通信设备,保留,,排除,19.397,-9212446.4,31.405897,18.247011,1.250461,7.712879,0.0,,fcf,"2016,2017,2018,2019,2020,2021,2022,2023,2024,2025","2021,2022,2023,2024,2025"
301203,国泰环保,SZ,环境治理,保留,,数据不足,25.77,376895714.72,,55.300077,0.919899,,0.0,net_margin,,"2017,2018,2019,2020,2021,2022,2023,2024,2025","2021,2022,2023,2024,2025"
301205,联特科技,SZ,通信设备,保留,,排除,12.685,-1090201903.25,,31.628999,1.03491,,0.0,net_margin,fcf,"2018,2019,2020,2021,2022,2023,2024,2025","2021,2022,2023,2024,2025"
301206,三元生物,SZ,化学制品,周期,周期性行业,行业排除,,,,,,,,,,,
301207,华兰疫苗,SZ,生物制品,保留,,数据不足,18.937778,1718581545.64,,84.613594,1.346954,,0.0,net_margin,,"2017,2018,2019,2020,2021,2022,2023,2024,2025","2021,2022,2023,2024,2025"
301208,中亦科技,SZ,IT服务Ⅱ,保留,,数据不足,16.348889,239992552.86,,25.930875,0.893682,,0.0,net_margin,,"2017,2018,2019,2020,2021,2022,2023,2024,2025","2021,2022,2023,2024,2025"
301209,联合化学,SZ,化学制品,周期,周期性行业,行业排除,,,,,,,,,,,
301210,金杨精密,SZ,电池,保留,,排除,11.3975,-677793195.94,,16.349464,0.867266,,0.0,net_margin,fcf,"2018,2019,2020,2021,2022,2023,2024,2025","2021,2022,2023,2024,2025"
301211,亨迪药业,SZ,化学制药,保留,,数据不足,12.756667,115157553.76,,30.787609,1.011376,,0.0,net_margin,,"2017,2018,2019,2020,2021,2022,2023,2024,2025","2021,2022,2023,2024,2025"
301212,联盛化学,SZ,化学制品,周期,周期性行业,行业排除,,,,,,,,,,,
301213,观想科技,SZ,军工电子Ⅱ,保留,,排除,32.73,-394609854.57,7.044688,62.979176,5.202102,23.069348,0.0,,fcf,"2016,2017,2018,2019,2020,2021,2022,2023,2024,2025","2021,2022,2023,2024,2025"
301215,中汽股份,SZ,汽车服务,周期,周期性行业,行业排除,,,,,,,,,,,
301216,万凯新材,SZ,塑料,保留,,排除,18.007778,-5945818059.99,2.217926,4.661667,-0.431391,,0.0,net_margin,"fcf,gross_margin,ocf_ni","2017,2018,2019,2020,2021,2022,2023,2024,2025","2021,2022,2023,2024,2025"
301217,铜冠铜箔,SZ,电池,保留,,排除,8.328889,-2547123472.11,1.243986,6.189777,-6.49387,,0.0,net_margin,"fcf,interest_coverage,gross_margin,ocf_ni","2017,2018,2019,2020,2021,2022,2023,2024,2025","2021,2022,2023,2024,2025"
301218,华是科技,SZ,IT服务Ⅱ,保留,,排除,13.386,-167186035.51,,22.605998,0.830821,7.628102,0.0,,fcf,"2016,2017,2018,2019,2020,2021,2022,2023,2024,2025","2021,2022,2023,2024,2025"
301219,腾远钴业,SZ,能源金属,周期,周期性行业,行业排除,,,,,,,,,,,
301220,亚香股份,SZ,化学制品,周期,周期性行业,行业排除,,,,,,,,,,,
301221,光庭信息,SZ,汽车零部件,周期,周期性行业,行业排除,,,,,,,,,,,
301222,浙江恒威,SZ,电池,保留,,通过,17.059,137815253.98,,24.910918,0.830751,18.87164,0.0,,,"2016,2017,2018,2019,2020,2021,2022,2023,2024,2025","2021,2022,2023,2024,2025"
301223,中荣股份,SZ,包装印刷,保留,,通过,13.473,481867535.05,102.478394,20.745425,1.734028,7.14803,0.0,,,"2016,2017,2018,2019,2020,2021,2022,2023,2024,2025","2021,2022,2023,2024,2025"
301225,恒勃股份,SZ,汽车零部件,周期,周期性行业,行业排除,,,,,,,,,,,
301226,祥明智能,SZ,电机Ⅱ,保留,,通过,11.219,41468983.41,,19.982995,1.869584,7.904071,0.0,,,"2016,2017,2018,2019,2020,2021,2022,2023,2024,2025","2021,2022,2023,2024,2025"
301227,森鹰窗业,SZ,家居用品,保留,,排除,9.658,-24136344.08,,27.704971,-0.623168,9.274975,0.0,,"fcf,ocf_ni","2016,2017,2018,2019,2020,2021,2022,2023,2024,2025","2021,2022,2023,2024,2025"
301228,实朴检测,SZ,专业服务,保留,,排除,14.68,-51982386.96,-29.900249,28.417429,0.093953,,0.0,net_margin,"fcf,interest_coverage,ocf_ni","2017,2018,2019,2020,2021,2022,2023,2024,2025","2021,2022,2023,2024,2025"
301229,纽泰格,SZ,汽车零部件,周期,周期性行业,行业排除,,,,,,,,,,,
301230,泓博医药,SZ,医疗服务,保留,,排除,12.896,-175420959.07,4.676513,31.543379,2.429253,11.192374,0.0,,fcf,"2016,2017,2018,2019,2020,2021,2022,2023,2024,2025","2021,2022,2023,2024,2025"
301231,荣信文化,SZ,出版,保留,,排除,7.432,-79084950.67,,35.844978,0.02384,4.911454,0.0,,"roe,fcf,ocf_ni,net_margin","2016,2017,2018,2019,2020,2021,2022,2023,2024,2025","2021,2022,2023,2024,2025"
301232,飞沃科技,SZ,风电设备,保留,,排除,20.163,-1480109488.79,1.230588,15.316848,-1.254475,7.330327,0.0,,"fcf,interest_coverage,ocf_ni","2016,2017,2018,2019,2020,2021,2022,2023,2024,2025","2021,2022,2023,2024,2025"
301233,盛帮股份,SZ,汽车零部件,周期,周期性行业,行业排除,,,,,,,,,,,
301234,五洲医疗,SZ,医疗器械,保留,,数据不足,21.244444,69986955.34,,19.734287,1.990334,,0.0,net_margin,,"2017,2018,2019,2020,2021,2022,2023,2024,2025","2021,2022,2023,2024,2025"
301235,华康洁净,SZ,医疗器械,保留,,排除,8.361111,-1283539699.98,3.618591,36.152895,-0.628743,,0.0,net_margin,"fcf,ocf_ni","2017,2018,2019,2020,2021,2022,2023,2024,2025","2021,2022,2023,2024,2025"
301236,软通动力,SZ,IT服务Ⅱ,保留,,排除,12.276667,138801997.47,0.22421,17.76961,1.259016,,0.0,net_margin,interest_coverage,"2017,2018,2019,2020,2021,2022,2023,2024,2025","2021,2022,2023,2024,2025"
301237,和顺科技,SZ,塑料,保留,,排除,9.829,-1065972628.68,-154.667631,16.443711,0.46655,6.686826,0.0,,"fcf,interest_coverage,ocf_ni","2016,2017,2018,2019,2020,2021,2022,2023,2024,2025","2021,2022,2023,2024,2025"
301238,瑞泰新材,SZ,电池,保留,,排除,13.705556,-458295650.91,21.052479,19.876442,0.621557,,0.0,net_margin,"fcf,ocf_ni","2017,2018,2019,2020,2021,2022,2023,2024,2025","2021,2022,2023,2024,2025"
301239,普瑞眼科,SZ,医疗服务,保留,,排除,4.712222,241545655.22,0.352142,40.38721,1.789594,,0.0,net_margin,"roe,interest_coverage","2017,2018,2019,2020,2021,2022,2023,2024,2025","2021,2022,2023,2024,2025"
301246,宏源药业,SZ,化学制药,保留,,排除,14.856,-1311469334.8,15.457331,20.181449,-0.112975,11.452846,0.0,,"fcf,ocf_ni","2016,2017,2018,2019,2020,2021,2022,2023,2024,2025","2021,2022,2023,2024,2025"
301248,杰创智能,SZ,IT服务Ⅱ,保留,,排除,14.023,-1694205614.55,1.37522,23.170974,0.542026,6.485181,0.0,,"fcf,interest_coverage,ocf_ni","2016,2017,2018,2019,2020,2021,2022,2023,2024,2025","2021,2022,2023,2024,2025"
301251,威尔高,SZ,元件,保留,,排除,14.917143,-726838057.63,,20.894605,0.620882,,0.0,net_margin,"fcf,ocf_ni","2019,2020,2021,2022,2023,2024,2025","2021,2022,2023,2024,2025"
301252,同星科技,SZ,家电零部件Ⅱ,保留,,排除,14.705,-184196135.52,,21.269416,0.012923,,0.0,net_margin,"fcf,ocf_ni","2018,2019,2020,2021,2022,2023,2024,2025","2021,2022,2023,2024,2025"
301255,通力科技,SZ,通用设备,保留,,排除,16.27125,-85626123.66,,27.436736,1.371158,,0.0,net_margin,fcf,"2018,2019,2020,2021,2022,2023,2024,2025","2021,2022,2023,2024,2025"
301256,华融化学,SZ,化学原料,周期,周期性行业,行业排除,,,,,,,,,,,
301257,普蕊斯,SZ,医疗服务,保留,,排除,30.21,191768106.77,,26.806725,0.489,13.591489,0.0,,ocf_ni,"2016,2017,2018,2019,2020,2021,2022,2023,2024,2025","2021,2022,2023,2024,2025"
301258,富士莱,SZ,化学制药,保留,,通过,15.73,135060495.89,,32.048884,1.452781,22.131882,0.0,,,"2016,2017,2018,2019,2020,2021,2022,2023,2024,2025","2021,2022,2023,2024,2025"
301259,艾布鲁,SZ,环境治理,保留,,排除,15.133333,-253376769.62,6.657488,29.592523,-1.25721,,0.0,net_margin,"fcf,ocf_ni","2017,2018,2019,2020,2021,2022,2023,2024,2025","2021,2022,2023,2024,2025"
301260,格力博,SZ,专用设备,保留,,排除,21.37,-2993461189.71,,25.500251,-0.076333,,0.0,net_margin,"fcf,ocf_ni","2018,2019,2020,2021,2022,2023,2024,2025","2021,2022,2023,2024,2025"
301261,恒工精密,SZ,通用设备,保留,,排除,20.2625,-649948713.44,6.35945,24.07548,0.227859,,0.0,net_margin,"fcf,ocf_ni","2018,2019,2020,2021,2022,2023,2024,2025","2021,2022,2023,2024,2025"
301262,海看股份,SZ,广告营销,保留,,数据不足,24.357778,1609934841.34,,55.992484,0.8143,,0.0,net_margin,,"2017,2018,2019,2020,2021,2022,2023,2024,2025","2021,2022,2023,2024,2025"
301263,泰恩康,SZ,化学制药,保留,,排除,12.179,-72544952.36,-0.333205,55.931498,0.562286,14.899666,0.0,,"fcf,interest_coverage,ocf_ni","2016,2017,2018,2019,2020,2021,2022,2023,2024,2025","2021,2022,2023,2024,2025"
301265,华新科技,SZ,环境治理,保留,,排除,9.214,-366992368.97,155.0904,25.097977,0.968983,13.053786,0.0,,fcf,"2016,2017,2018,2019,2020,2021,2022,2023,2024,2025","2021,2022,2023,2024,2025"
301266,宇邦新材,SZ,光伏设备,保留,,排除,9.186,-1474608014.41,1.02515,9.508801,-4.530106,6.328773,0.0,,"fcf,interest_coverage,gross_margin,ocf_ni","2016,2017,2018,2019,2020,2021,2022,2023,2024,2025","2021,2022,2023,2024,2025"
301267,华厦眼科,SZ,医疗服务,保留,,数据不足,16.147778,2848172235.18,12.96458,46.124007,1.715753,,0.0,net_margin,,"2017,2018,2019,2020,2021,2022,2023,2024,2025","2021,2022,2023,2024,2025"
301268,铭利达,SZ,通用设备,保留,,排除,12.863333,-2315303467.63,-2.313683,15.709191,0.547614,,0.0,net_margin,"fcf,interest_coverage,ocf_ni","2017,2018,2019,2020,2021,2022,2023,2024,2025","2021,2022,2023,2024,2025"
301269,华大九天,SZ,软件开发,保留,,数据不足,9.69625,337816927.56,,91.190902,2.920496,,0.0,net_margin,,"2018,2019,2020,2021,2022,2023,2024,2025","2021,2022,2023,2024,2025"
301270,汉仪股份,SZ,软件开发,保留,,排除,16.904444,-18883129.21,,82.065859,1.790124,,0.0,net_margin,fcf,"2017,2018,2019,2020,2021,2022,2023,2024,2025","2021,2022,2023,2024,2025"
301272,英华特,SZ,通用设备,保留,,排除,26.3525,-43516759.38,209.247689,24.959349,0.832523,,0.0,net_margin,fcf,"2018,2019,2020,2021,2022,2023,2024,2025","2021,2022,2023,2024,2025"
301273,瑞晨环保,SZ,通用设备,保留,,排除,15.08,-489553887.22,,39.456684,0.31093,,0.0,net_margin,"fcf,ocf_ni","2018,2019,2020,2021,2022,2023,2024,2025","2021,2022,2023,2024,2025"
301275,汉朔科技,SZ,其他电子Ⅱ,保留,,数据不足,19.37,1431856365.97,,28.01128,2.897142,,0.0,net_margin,,"2020,2021,2022,2023,2024,2025","2021,2022,2023,2024,2025"
301276,嘉曼服饰,SZ,服装家纺,保留,,通过,17.332,136165763.88,,60.780814,0.852222,12.08855,0.0,,,"2016,2017,2018,2019,2020,2021,2022,2023,2024,2025","2021,2022,2023,2024,2025"
301277,新天地,SZ,化学制药,保留,,数据不足,20.845,226653763.86,,38.199587,0.875911,,0.0,net_margin,,"2018,2019,2020,2021,2022,2023,2024,2025","2021,2022,2023,2024,2025"
301278,快可电子,SZ,光伏设备,保留,,排除,14.541111,52457243.08,37.049837,17.405111,0.104841,,0.0,net_margin,ocf_ni,"2017,2018,2019,2020,2021,2022,2023,2024,2025","2021,2022,2023,2024,2025"
301279,金道科技,SZ,工程机械,周期,周期性行业,行业排除,,,,,,,,,,,
301280,珠城科技,SZ,家电零部件Ⅱ,保留,,排除,19.851111,-275427477.41,,24.906067,0.286936,,0.0,net_margin,"fcf,ocf_ni","2016,2018,2019,2020,2021,2022,2023,2024,2025","2021,2022,2023,2024,2025"
301281,科源制药,SZ,化学制药,保留,,排除,16.154,-367019703.4,,45.599329,0.808079,14.535342,0.0,,fcf,"2016,2017,2018,2019,2020,2021,2022,2023,2024,2025","2021,2022,2023,2024,2025"
301282,金禄电子,SZ,元件,保留,,排除,21.164444,-648813501.52,,16.652502,0.863827,,0.0,net_margin,fcf,"2017,2018,2019,2020,2021,2022,2023,2024,2025","2021,2022,2023,2024,2025"
301283,聚胶股份,SZ,化学制品,周期,周期性行业,行业排除,,,,,,,,,,,
301285,鸿日达,SZ,消费电子,保留,,排除,12.43,-482654391.34,-6.282176,20.732369,-0.24799,,0.0,net_margin,"fcf,interest_coverage,ocf_ni","2018,2019,2020,2021,2022,2023,2024,2025","2021,2022,2023,2024,2025"
301286,侨源股份,SZ,化学制品,周期,周期性行业,行业排除,,,,,,,,,,,
301287,康力源,SZ,文娱用品,保留,,数据不足,18.50625,429950126.4,,29.89424,1.245235,,0.0,net_margin,,"2018,2019,2020,2021,2022,2023,2024,2025","2021,2022,2023,2024,2025"
301288,清研环境,SZ,环保设备Ⅱ,保留,,排除,32.3675,-273705957.16,,44.080519,1.469509,,0.0,net_margin,fcf,"2018,2019,2020,2021,2022,2023,2024,2025","2021,2022,2023,2024,2025"
301289,国缆检测,SZ,专业服务,保留,,数据不足,15.3775,436560614.61,,60.820096,1.825063,,0.0,net_margin,,"2018,2019,2020,2021,2022,2023,2024,2025","2021,2022,2023,2024,2025"
301290,东星医疗,SZ,医疗器械,保留,,排除,8.847,188293769.92,-21.037107,51.178321,0.63312,16.720099,0.0,,"interest_coverage,ocf_ni","2016,2017,2018,2019,2020,2021,2022,2023,2024,2025","2021,2022,2023,2024,2025"
301291,明阳电气,SZ,电网设备,保留,,排除,8.095,175831542.1,,21.769622,0.640376,,0.0,net_margin,ocf_ni,"2018,2019,2020,2021,2022,2023,2024,2025","2021,2022,2023,2024,2025"
301292,海科新源,SZ,电池,保留,,排除,25.00625,-2733342921.28,-3.228728,12.606106,0.382094,,0.0,net_margin,"fcf,interest_coverage,gross_margin,ocf_ni","2018,2019,2020,2021,2022,2023,2024,2025","2021,2022,2023,2024,2025"
301293,三博脑科,SZ,医疗服务,保留,,排除,6.971111,-662170900.53,10.554409,23.016124,2.183676,,0.0,net_margin,"roe,fcf","2017,2018,2019,2020,2021,2022,2023,2024,2025","2021,2022,2023,2024,2025"
301295,美硕科技,SZ,电网设备,保留,,排除,25.887,-24555894.51,,20.814466,0.254773,9.532079,0.0,,"fcf,ocf_ni","2016,2017,2018,2019,2020,2021,2022,2023,2024,2025","2021,2022,2023,2024,2025"
301296,新巨丰,SZ,包装印刷,保留,,排除,10.712,627304012.3,1.390863,21.809356,2.57668,10.382103,0.0,,interest_coverage,"2016,2017,2018,2019,2020,2021,2022,2023,2024,2025","2021,2022,2023,2024,2025"
301297,富乐德,SZ,半导体,保留,,排除,12.9475,-412178233.24,553.360302,34.146943,1.418076,,0.0,net_margin,fcf,"2018,2019,2020,2021,2022,2023,2024,2025","2021,2022,2023,2024,2025"
301298,东利机械,SZ,汽车零部件,周期,周期性行业,行业排除,,,,,,,,,,,
301299,卓创资讯,SZ,数字媒体,保留,,通过,31.575,286648609.13,,63.818976,1.382648,20.640446,0.0,,,"2016,2017,2018,2019,2020,2021,2022,2023,2024,2025","2021,2022,2023,2024,2025"
301300,远翔新材,SZ,橡胶,保留,,通过,20.639,180091731.31,,25.619538,1.049002,14.619391,0.0,,,"2016,2017,2018,2019,2020,2021,2022,2023,2024,2025","2021,2022,2023,2024,2025"
301301,川宁生物,SZ,化学制药,保留,,数据不足,8.7925,4542955548.28,31.421829,28.844465,2.452277,,0.0,net_margin,,"2018,2019,2020,2021,2022,2023,2024,2025","2021,2022,2023,2024,2025"
301302,华如科技,SZ,军工电子Ⅱ,保留,,排除,9.932,-829682341.72,,28.232176,0.243786,-13.116784,0.0,,"fcf,ocf_ni,net_margin","2016,2017,2018,2019,2020,2021,2022,2023,2024,2025","2021,2022,2023,2024,2025"
301303,真兰仪表,SZ,通用设备,保留,,排除,23.29875,-60572452.35,370.168199,40.073216,0.575633,,0.0,net_margin,"fcf,ocf_ni","2018,2019,2020,2021,2022,2023,2024,2025","2021,2022,2023,2024,2025"
301305,朗坤科技,SZ,环境治理,保留,,排除,10.26875,-513395299.5,11.313508,28.152354,1.382725,,0.0,net_margin,fcf,"2018,2019,2020,2021,2022,2023,2024,2025","2021,2022,2023,2024,2025"
301306,西测测试,SZ,军工电子Ⅱ,保留,,排除,5.91625,-949038884.86,-10.590686,33.471697,0.721907,,0.0,net_margin,"roe,fcf,interest_coverage","2018,2019,2020,2021,2022,2023,2024,2025","2021,2022,2023,2024,2025"
301307,美利信,SZ,通信设备,保留,,排除,0.9925,-2303406977.12,-10.499865,12.54076,1.587214,,0.0,net_margin,"roe,fcf,interest_coverage,gross_margin","2018,2019,2020,2021,2022,2023,2024,2025","2021,2022,2023,2024,2025"
301308,江波龙,SZ,半导体,保留,,排除,6.45125,-9222668552.59,6.704383,15.801996,-1.026648,,0.0,net_margin,"roe,fcf,ocf_ni","2018,2019,2020,2021,2022,2023,2024,2025","2021,2022,2023,2024,2025"
301309,万得凯,SZ,通用设备,保留,,排除,20.98875,-264422131.12,,24.523809,0.740215,,0.0,net_margin,fcf,"2018,2019,2020,2021,2022,2023,2024,2025","2021,2022,2023,2024,2025"
301310,鑫宏业,SZ,汽车零部件,周期,周期性行业,行业排除,,,,,,,,,,,
301311,昆船智能,SZ,通用设备,保留,,排除,8.185,-185917159.04,-10.889617,18.781279,-0.18365,,0.0,net_margin,"fcf,interest_coverage,ocf_ni","2018,2019,2020,2021,2022,2023,2024,2025","2021,2022,2023,2024,2025"
301312,智立方,SZ,自动化设备,保留,,数据不足,26.11,241599675.28,55.625996,35.630359,0.886957,,0.0,net_margin,,"2018,2019,2020,2021,2022,2023,2024,2025","2021,2022,2023,2024,2025"
301313,凡拓数创,SZ,数字媒体,保留,,排除,4.623,-437486491.58,-38.290449,31.648998,0.584322,-1.416124,0.0,,"roe,fcf,interest_coverage,ocf_ni,net_margin","2016,2017,2018,2019,2020,2021,2022,2023,2024,2025","2021,2022,2023,2024,2025"
301314,科瑞思,SZ,通信设备,保留,,数据不足,41.6225,202191470.91,,39.600925,1.579035,,0.0,net_margin,,"2018,2019,2020,2021,2022,2023,2024,2025","2021,2022,2023,2024,2025"
301315,威士顿,SZ,软件开发,保留,,数据不足,16.233333,210498555.28,,39.116262,1.052697,,0.0,net_margin,,"2016,2018,2019,2020,2021,2022,2023,2024,2025","2021,2022,2023,2024,2025"
301316,慧博云通,SZ,IT服务Ⅱ,保留,,数据不足,13.983333,123992529.26,7.748397,23.517917,0.848536,,0.0,net_margin,,"2016,2018,2019,2020,2021,2022,2023,2024,2025","2021,2022,2023,2024,2025"
301317,鑫磊股份,SZ,通用设备,保留,,排除,18.38875,-1160676572.82,57.815283,24.29126,-0.371736,,0.0,net_margin,"fcf,ocf_ni","2018,2019,2020,2021,2022,2023,2024,2025","2021,2022,2023,2024,2025"
301318,维海德,SZ,计算机设备,保留,,通过,27.579,445887509.21,12.168139,45.079452,1.010367,19.621175,0.0,,,"2016,2017,2018,2019,2020,2021,2022,2023,2024,2025","2021,2022,2023,2024,2025"
301319,唯特偶,SZ,电子化学品Ⅱ,保留,,排除,15.4125,124677057.03,54.347331,18.850273,0.472273,,0.0,net_margin,ocf_ni,"2018,2019,2020,2021,2022,2023,2024,2025","2021,2022,2023,2024,2025"
301320,豪江智能,SZ,自动化设备,保留,,排除,19.02125,-219696686.6,5.534846,23.603768,3.161959,,0.0,net_margin,fcf,"2018,2019,2020,2021,2022,2023,2024,2025","2021,2022,2023,2024,2025"
301321,翰博高新,SZ,光学光电子,保留,,排除,11.815,-1247390315.55,-3.210625,12.956546,-0.01408,1.271277,0.0,,"fcf,interest_coverage,gross_margin,ocf_ni,net_margin","2016,2017,2018,2019,2020,2021,2022,2023,2024,2025","2021,2022,2023,2024,2025"
301322,绿通科技,SZ,摩托车及其他,保留,,数据不足,22.07,343888758.37,8.621149,28.110614,1.122253,,0.0,net_margin,,"2016,2018,2019,2020,2021,2022,2023,2024,2025","2021,2022,2023,2024,2025"
301323,新莱福,SZ,金属新材料,保留,,数据不足,14.68875,264166745.65,,36.066635,0.985451,,0.0,net_margin,,"2018,2019,2020,2021,2022,2023,2024,2025","2021,2022,2023,2024,2025"
301325,曼恩斯特,SZ,电池,保留,,排除,57.95125,-1385568115.38,-9.670644,51.266016,0.583262,,0.0,net_margin,"fcf,interest_coverage,ocf_ni","2018,2019,2020,2021,2022,2023,2024,2025","2021,2022,2023,2024,2025"
301326,捷邦科技,SZ,消费电子,保留,,排除,10.425,-189539269.38,-0.746909,26.948724,-0.869755,,0.0,net_margin,"fcf,interest_coverage,ocf_ni","2018,2019,2020,2021,2022,2023,2024,2025","2021,2022,2023,2024,2025"
301327,华宝新能,SZ,电池,保留,,排除,33.086,-223261292.85,0.213736,42.470079,-7.815736,6.225835,0.0,,"fcf,interest_coverage,ocf_ni","2016,2017,2018,2019,2020,2021,2022,2023,2024,2025","2021,2022,2023,2024,2025"
301328,维峰电子,SZ,其他电子Ⅱ,保留,,排除,18.24,-325104818.93,,42.638338,1.057492,,0.0,net_margin,fcf,"2018,2019,2020,2021,2022,2023,2024,2025","2021,2022,2023,2024,2025"
301329,信音电子,SZ,消费电子,保留,,通过,12.381,414071911.87,,26.711313,1.671798,8.493157,0.0,,,"2016,2017,2018,2019,2020,2021,2022,2023,2024,2025","2021,2022,2023,2024,2025"
301330,熵基科技,SZ,计算机设备,保留,,数据不足,13.977778,346128010.86,,46.842122,1.116207,,0.0,net_margin,,"2017,2018,2019,2020,2021,2022,2023,2024,2025","2021,2022,2023,2024,2025"
301331,恩威医药,SZ,中药Ⅱ,保留,,数据不足,15.98,120021733.97,,51.624148,1.393658,,0.0,net_margin,,"2017,2018,2019,2020,2021,2022,2023,2024,2025","2021,2022,2023,2024,2025"
301332,德尔玛,SZ,小家电,保留,,排除,11.94625,-95715332.42,,30.196655,2.005856,,0.0,net_margin,fcf,"2018,2019,2020,2021,2022,2023,2024,2025","2021,2022,2023,2024,2025"
301333,诺思格,SZ,医疗服务,保留,,数据不足,22.521111,588319192.92,,37.357373,1.085448,,0.0,net_margin,,"2017,2018,2019,2020,2021,2022,2023,2024,2025","2021,2022,2023,2024,2025"
301335,天元宠物,SZ,文娱用品,保留,,排除,13.235,-289721804.02,1.307619,18.287698,0.728777,6.145186,0.0,,"fcf,interest_coverage","2016,2017,2018,2019,2020,2021,2022,2023,2024,2025","2021,2022,2023,2024,2025"
301336,趣睡科技,SZ,家居用品,保留,,排除,13.963333,102707346.97,,23.993629,0.582682,,0.0,net_margin,ocf_ni,"2017,2018,2019,2020,2021,2022,2023,2024,2025","2021,2022,2023,2024,2025"
301337,亚华电子,SZ,软件开发,保留,,排除,17.871,-111431563.88,,44.56273,0.827649,15.593926,0.0,,fcf,"2016,2017,2018,2019,2020,2021,2022,2023,2024,2025","2021,2022,2023,2024,2025"
301338,凯格精机,SZ,专用设备,保留,,排除,22.534444,183042450.55,,37.690673,0.277831,,0.0,net_margin,ocf_ni,"2017,2018,2019,2020,2021,2022,2023,2024,2025","2021,2022,2023,2024,2025"
301339,通行宝,SZ,计算机设备,保留,,排除,26.907778,229581283.64,,45.825135,0.583027,,0.0,net_margin,ocf_ni,"2017,2018,2019,2020,2021,2022,2023,2024,2025","2021,2022,2023,2024,2025"
301345,涛涛车业,SZ,摩托车及其他,保留,,排除,30.016667,201241739.56,46.388955,36.556486,0.44931,,0.0,net_margin,ocf_ni,"2017,2018,2019,2020,2021,2022,2023,2024,2025","2021,2022,2023,2024,2025"
301348,蓝箭电子,SZ,半导体,保留,,排除,8.168889,-214913893.5,,14.132325,1.698835,,0.0,net_margin,"fcf,gross_margin","2017,2018,2019,2020,2021,2022,2023,2024,2025","2021,2022,2023,2024,2025"
301349,信德新材,SZ,电池,保留,,排除,23.185556,-642715862.44,12.966476,19.496262,-1.403752,,0.0,net_margin,"fcf,ocf_ni","2017,2018,2019,2020,2021,2022,2023,2024,2025","2021,2022,2023,2024,2025"
301353,普莱得,SZ,通用设备,保留,,排除,16.7325,-128734144.53,,29.419875,0.949471,,0.0,net_margin,fcf,"2018,2019,2020,2021,2022,2023,2024,2025","2021,2022,2023,2024,2025"
301355,南王科技,SZ,包装印刷,保留,,排除,11.041,-467404545.1,-2.66735,16.619928,0.322754,7.160688,0.0,,"fcf,interest_coverage,ocf_ni","2016,2017,2018,2019,2020,2021,2022,2023,2024,2025","2021,2022,2023,2024,2025"
301356,天振股份,SZ,家居用品,保留,,排除,21.3925,-363716210.96,320.971104,11.413682,1.526968,,0.0,net_margin,"fcf,gross_margin","2018,2019,2020,2021,2022,2023,2024,2025","2021,2022,2023,2024,2025"
301357,北方长龙,SZ,地面兵装Ⅱ,保留,,排除,27.86875,-408883996.03,,53.398086,2.197296,,0.0,net_margin,fcf,"2018,2019,2020,2021,2022,2023,2024,2025","2021,2022,2023,2024,2025"
301358,湖南裕能,SZ,电池,保留,,排除,22.51125,-14577287826.83,7.353719,12.692094,-0.806748,,0.0,net_margin,"fcf,gross_margin,ocf_ni","2018,2019,2020,2021,2022,2023,2024,2025","2021,2022,2023,2024,2025"
301359,东南电子,SZ,其他电子Ⅱ,保留,,通过,15.432,155778657.15,,30.754347,1.142095,18.039967,0.0,,,"2016,2017,2018,2019,2020,2021,2022,2023,2024,2025","2021,2022,2023,2024,2025"
301360,荣旗科技,SZ,通用设备,保留,,排除,30.63,-65303796.33,,41.335746,0.233794,,0.0,net_margin,"fcf,ocf_ni","2018,2019,2020,2021,2022,2023,2024,2025","2021,2022,2023,2024,2025"
301361,众智科技,SZ,电网设备,保留,,通过,20.244,183496375.17,,55.989297,0.889852,30.826195,0.0,,,"2016,2017,2018,2019,2020,2021,2022,2023,2024,2025","2021,2022,2023,2024,2025"
301362,民爆光电,SZ,照明设备Ⅱ,保留,,数据不足,26.377778,613846829.91,,30.275052,1.082126,,0.0,net_margin,,"2017,2018,2019,2020,2021,2022,2023,2024,2025","2021,2022,2023,2024,2025"
301363,美好医疗,SZ,医疗器械,保留,,数据不足,20.93875,126646457.19,,42.261942,1.034938,,0.0,net_margin,,"2018,2019,2020,2021,2022,2023,2024,2025","2021,2022,2023,2024,2025"
301365,矩阵股份,SZ,工程咨询服务Ⅱ,保留,,数据不足,13.005,520719313.87,,40.578023,2.629524,,0.0,net_margin,,"2018,2019,2020,2021,2022,2023,2024,2025","2021,2022,2023,2024,2025"
301366,一博科技,SZ,元件,保留,,排除,25.145556,-652186219.04,9.556932,36.174212,1.201618,,0.0,net_margin,fcf,"2017,2018,2019,2020,2021,2022,2023,2024,2025","2021,2022,2023,2024,2025"
301367,瑞迈特,SZ,医疗器械,保留,,数据不足,28.42,808921712.42,166.853233,46.419222,0.755985,,0.0,net_margin,,"2017,2018,2019,2020,2021,2022,2023,2024,2025","2021,2022,2023,2024,2025"
301368,丰立智能,SZ,通用设备,保留,,排除,12.1175,-644802287.25,-8.478133,16.41717,1.226546,,0.0,net_margin,"fcf,interest_coverage","2018,2019,2020,2021,2022,2023,2024,2025","2021,2022,2023,2024,2025"
301369,联动科技,SZ,半导体,保留,,排除,17.72,45110429.71,,61.110792,-0.355509,,0.0,net_margin,ocf_ni,"2017,2018,2019,2020,2021,2022,2023,2024,2025","2021,2022,2023,2024,2025"
301370,国科恒泰,SZ,医疗器械,保留,,排除,15.166,2174617261.65,2.439196,12.097622,5.063171,2.524795,0.0,,"gross_margin,net_margin","2016,2017,2018,2019,2020,2021,2022,2023,2024,2025","2021,2022,2023,2024,2025"
301371,敷尔佳,SZ,化妆品,保留,,数据不足,66.10375,2664684353.93,,81.807728,0.985582,,0.0,net_margin,,"2018,2019,2020,2021,2022,2023,2024,2025","2021,2022,2023,2024,2025"
301372,科净源,SZ,环境治理,保留,,排除,47.021111,-628247851.38,-5.896453,36.349679,-2.066843,3.645807,0.0,,"fcf,interest_coverage,ocf_ni,net_margin","2016,2017,2018,2019,2020,2021,2022,2023,2024,2025","2021,2022,2023,2024,2025"
301373,凌玮科技,SZ,化学制品,周期,周期性行业,行业排除,,,,,,,,,,,
301376,致欧科技,SZ,家居用品,保留,,数据不足,23.08625,7375683346.53,,33.947933,4.583917,,0.0,net_margin,,"2018,2019,2020,2021,2022,2023,2024,2025","2021,2022,2023,2024,2025"
301377,鼎泰高科,SZ,通用设备,保留,,排除,20.70625,-334683710.37,60.214252,38.351221,0.881172,,0.0,net_margin,fcf,"2018,2019,2020,2021,2022,2023,2024,2025","2021,2022,2023,2024,2025"
301378,通达海,SZ,软件开发,保留,,排除,22.59125,-388136711.74,,46.705787,0.262702,,0.0,net_margin,"fcf,ocf_ni","2018,2019,2020,2021,2022,2023,2024,2025","2021,2022,2023,2024,2025"
301379,天山电子,SZ,光学光电子,保留,,排除,15.0625,-55288490.87,,20.113036,0.809862,,0.0,net_margin,fcf,"2018,2019,2020,2021,2022,2023,2024,2025","2021,2022,2023,2024,2025"
301380,挖金客,SZ,通信服务,保留,,排除,25.653,-169429600.88,6.974695,16.993853,0.320414,18.031795,0.0,,"fcf,ocf_ni","2016,2017,2018,2019,2020,2021,2022,2023,2024,2025","2021,2022,2023,2024,2025"
301381,赛维时代,SZ,互联网电商,保留,,豁免B通过,15.732,1644514072.62,157.121161,47.973374,1.371448,2.900449,0.0,,net_margin,"2016,2017,2018,2019,2020,2021,2022,2023,2024,2025","2021,2022,2023,2024,2025"
301382,蜂助手,SZ,通信服务,保留,,排除,21.603,-1359284460.64,5.208312,24.2617,-0.702056,12.05338,0.0,,"fcf,ocf_ni","2016,2017,2018,2019,2020,2021,2022,2023,2024,2025","2021,2022,2023,2024,2025"
301383,天键股份,SZ,消费电子,保留,,排除,14.37375,-146005040.1,,17.649338,0.602737,,0.0,net_margin,"fcf,ocf_ni","2018,2019,2020,2021,2022,2023,2024,2025","2021,2022,2023,2024,2025"
301386,未来电器,SZ,电网设备,保留,,通过,16.083,525855995.97,,29.366011,1.361631,16.903135,0.0,,,"2016,2017,2018,2019,2020,2021,2022,2023,2024,2025","2021,2022,2023,2024,2025"
301387,光大同创,SZ,消费电子,保留,,排除,22.82625,-148090740.74,2.979572,26.121048,2.467688,,0.0,net_margin,fcf,"2018,2019,2020,2021,2022,2023,2024,2025","2021,2022,2023,2024,2025"
301388,欣灵电气,SZ,电网设备,保留,,排除,15.68375,-106430734.59,,24.520835,2.412334,,0.0,net_margin,fcf,"2018,2019,2020,2021,2022,2023,2024,2025","2021,2022,2023,2024,2025"
301389,隆扬电子,SZ,消费电子,保留,,数据不足,22.65875,387907359.33,,52.43239,1.043962,,0.0,net_margin,,"2018,2019,2020,2021,2022,2023,2024,2025","2021,2022,2023,2024,2025"
301390,经纬股份,SZ,工程咨询服务Ⅱ,保留,,排除,17.07,-11461880.24,,31.708407,4.34981,,0.0,net_margin,fcf,"2018,2019,2020,2021,2022,2023,2024,2025","2021,2022,2023,2024,2025"
301391,卡莱特,SZ,计算机设备,保留,,排除,27.9875,102515711.62,9.74243,43.830798,0.21383,,0.0,net_margin,ocf_ni,"2018,2019,2020,2021,2022,2023,2024,2025","2021,2022,2023,2024,2025"
301392,汇成真空,SZ,专用设备,保留,,数据不足,17.2525,212436852.05,,30.009652,2.475979,,0.0,net_margin,,"2018,2019,2020,2021,2022,2023,2024,2025","2021,2022,2023,2024,2025"
301393,昊帆生物,SZ,生物制品,保留,,排除,27.114,-67296103.35,,40.672737,0.85229,25.187673,0.0,,fcf,"2016,2017,2018,2019,2020,2021,2022,2023,2024,2025","2021,2022,2023,2024,2025"
301395,仁信新材,SZ,塑料,保留,,排除,20.261,-307113259.78,15.184598,4.752022,1.051668,5.30891,0.0,,"fcf,gross_margin","2016,2017,2018,2019,2020,2021,2022,2023,2024,2025","2021,2022,2023,2024,2025"
301396,宏景科技,SZ,IT服务Ⅱ,保留,,排除,16.455556,-1024535736.65,0.426134,22.427454,13.5551,,0.0,net_margin,"fcf,interest_coverage","2016,2018,2019,2020,2021,2022,2023,2024,2025","2021,2022,2023,2024,2025"
301397,溯联股份,SZ,汽车零部件,周期,周期性行业,行业排除,,,,,,,,,,,
301398,星源卓镁,SZ,汽车零部件,周期,周期性行业,行业排除,,,,,,,,,,,
301399,英特科技,SZ,通用设备,保留,,排除,21.06625,-145579812.32,,26.244046,0.969725,,0.0,net_margin,fcf,"2018,2019,2020,2021,2022,2023,2024,2025","2021,2022,2023,2024,2025"
301408,华人健康,SZ,医药商业,保留,,数据不足,10.5325,1186209452.5,11.089856,32.918773,2.554765,,0.0,net_margin,,"2018,2019,2020,2021,2022,2023,2024,2025","2021,2022,2023,2024,2025"
301413,安培龙,SZ,通用设备,保留,,排除,11.81625,-662476163.62,7.339126,31.171736,0.704359,,0.0,net_margin,fcf,"2018,2019,2020,2021,2022,2023,2024,2025","2021,2022,2023,2024,2025"
301418,协昌科技,SZ,自动化设备,保留,,排除,19.901,132199490.07,,23.746837,-4.248443,16.001418,0.0,,ocf_ni,"2016,2017,2018,2019,2020,2021,2022,2023,2024,2025","2021,2022,2023,2024,2025"
301419,阿莱德,SZ,通信设备,保留,,通过,23.653,194799469.01,,38.602301,1.495581,19.06356,0.0,,,"2016,2017,2018,2019,2020,2021,2022,2023,2024,2025","2021,2022,2023,2024,2025"
301421,波长光电,SZ,光学光电子,保留,,排除,13.475,-247551173.53,,35.441146,0.815107,13.007563,0.0,,fcf,"2016,2017,2018,2019,2020,2021,2022,2023,2024,2025","2021,2022,2023,2024,2025"
301428,世纪恒通,SZ,通信服务,保留,,排除,12.768,-657617940.89,-1.383087,22.744289,-0.430816,6.840696,0.0,,"fcf,interest_coverage,ocf_ni","2016,2017,2018,2019,2020,2021,2022,2023,2024,2025","2021,2022,2023,2024,2025"
301429,森泰股份,SZ,装修建材,保留,,排除,13.07,-315726328.87,5.558023,24.783296,0.824896,,0.0,net_margin,fcf,"2017,2018,2019,2020,2021,2022,2023,2024,2025","2021,2022,2023,2024,2025"
301439,泓淋电力,SZ,电网设备,保留,,排除,16.156667,-777154515.17,15.664895,14.268792,0.310127,,0.0,net_margin,"fcf,gross_margin,ocf_ni","2017,2018,2019,2020,2021,2022,2023,2024,2025","2021,2022,2023,2024,2025"
301446,福事特,SZ,工程机械,周期,周期性行业,行业排除,,,,,,,,,,,
301448,开创电气,SZ,通用设备,保留,,排除,21.1775,-32437106.63,,22.234429,3.226,,0.0,net_margin,fcf,"2018,2019,2020,2021,2022,2023,2024,2025","2021,2022,2023,2024,2025"
301449,天溯计量,SZ,专业服务,保留,,数据不足,28.2275,256328252.86,,52.937121,1.357873,,0.0,net_margin,,"2016,2017,2020,2021,2022,2023,2024,2025","2021,2022,2023,2024,2025"
301456,盘古智能,SZ,风电设备,保留,,排除,19.15,-101352968.67,,45.397092,0.291134,,0.0,net_margin,"fcf,ocf_ni","2018,2019,2020,2021,2022,2023,2024,2025","2021,2022,2023,2024,2025"
301458,钧崴电子,SZ,元件,保留,,数据不足,16.135714,180797830.18,112.941033,48.307957,1.387179,,0.0,net_margin,,"2019,2020,2021,2022,2023,2024,2025","2021,2022,2023,2024,2025"
301459,丰茂股份,SZ,橡胶,保留,,数据不足,31.56875,35784574.93,,28.355823,0.91974,,0.0,net_margin,,"2018,2019,2020,2021,2022,2023,2024,2025","2021,2022,2023,2024,2025"
301468,博盈特焊,SZ,通用设备,保留,,排除,23.86625,-154768325.62,,31.602431,1.100428,,0.0,net_margin,fcf,"2018,2019,2020,2021,2022,2023,2024,2025","2021,2022,2023,2024,2025"
301469,恒达新材,SZ,造纸,保留,,排除,13.477,-145762021.83,32.05483,18.238959,0.769873,9.012117,0.0,,fcf,"2016,2017,2018,2019,2020,2021,2022,2023,2024,2025","2021,2022,2023,2024,2025"
301479,弘景光电,SZ,光学光电子,保留,,排除,22.244,-137916728.99,59.415659,27.486983,0.747463,8.749703,0.0,,fcf,"2016,2017,2018,2019,2020,2021,2022,2023,2024,2025","2021,2022,2023,2024,2025"
301486,致尚科技,SZ,消费电子,保留,,排除,13.19875,-525151404.88,21.972329,32.320111,0.81296,,0.0,net_margin,fcf,"2018,2019,2020,2021,2022,2023,2024,2025","2021,2022,2023,2024,2025"
301487,盟固利,SZ,电池,保留,,排除,3.96125,252432979.08,2.027613,7.506151,3.245005,,0.0,net_margin,"roe,gross_margin","2018,2019,2020,2021,2022,2023,2024,2025","2021,2022,2023,2024,2025"
301488,豪恩汽电,SZ,汽车零部件,周期,周期性行业,行业排除,,,,,,,,,,,
301489,思泉新材,SZ,电子化学品Ⅱ,保留,,排除,17.273,-410926551.21,24.663466,26.069863,1.151447,11.331709,0.0,,fcf,"2016,2017,2018,2019,2020,2021,2022,2023,2024,2025","2021,2022,2023,2024,2025"
301491,汉桑科技,SZ,消费电子,保留,,数据不足,28.348333,840327337.03,,29.022678,0.909095,,0.0,net_margin,,"2020,2021,2022,2023,2024,2025","2021,2022,2023,2024,2025"
301498,乖宝宠物,SZ,饲料,保留,,数据不足,11.52,725889916.87,,36.592625,1.132069,,0.0,net_margin,,"2018,2019,2020,2021,2022,2023,2024,2025","2021,2022,2023,2024,2025"
301499,维科精密,SZ,汽车零部件,周期,周期性行业,行业排除,,,,,,,,,,,
301500,飞南资源,SZ,环境治理,保留,,排除,17.466667,-5341908740.63,1.867464,7.562673,0.668793,,0.0,net_margin,"fcf,interest_coverage,gross_margin,ocf_ni","2017,2018,2019,2020,2021,2022,2023,2024,2025","2021,2022,2023,2024,2025"
301501,恒鑫生活,SZ,家居用品,保留,,排除,21.684286,-365668877.92,110.397086,26.846832,1.567163,,0.0,net_margin,fcf,"2019,2020,2021,2022,2023,2024,2025","2021,2022,2023,2024,2025"
301502,华阳智能,SZ,电机Ⅱ,保留,,排除,17.742857,-124985587.66,25.756273,22.733549,0.773723,,0.0,net_margin,fcf,"2019,2020,2021,2022,2023,2024,2025","2021,2022,2023,2024,2025"
301503,智迪科技,SZ,计算机设备,保留,,数据不足,17.333333,72654722.55,10.436946,17.630026,1.119561,,0.0,net_margin,,"2016,2018,2019,2020,2021,2022,2023,2024,2025","2021,2022,2023,2024,2025"
301505,苏州规划,SZ,工程咨询服务Ⅱ,保留,,排除,15.339,-25114999.02,32.413859,43.429427,1.36169,17.567353,0.0,,fcf,"2016,2017,2018,2019,2020,2021,2022,2023,2024,2025","2021,2022,2023,2024,2025"
301507,民生健康,SZ,化学制药,保留,,数据不足,10.795,153620378.62,,59.034651,1.154548,,0.0,net_margin,,"2018,2019,2020,2021,2022,2023,2024,2025","2021,2022,2023,2024,2025"
301508,中机认检,SZ,专业服务,保留,,排除,11.414286,-669567553.31,32.986209,43.443605,1.174848,,0.0,net_margin,fcf,"2019,2020,2021,2022,2023,2024,2025","2021,2022,2023,2024,2025"
301509,金凯生科,SZ,医疗服务,保留,,数据不足,12.6775,327892851.09,,41.837877,1.776128,,0.0,net_margin,,"2018,2019,2020,2021,2022,2023,2024,2025","2021,2022,2023,2024,2025"
301510,固高科技,SZ,自动化设备,保留,,排除,9.82125,111221114.36,,50.486471,0.632813,,0.0,net_margin,ocf_ni,"2018,2019,2020,2021,2022,2023,2024,2025","2021,2022,2023,2024,2025"
301511,德福科技,SZ,电池,保留,,排除,11.02625,-7589523084.37,0.740807,11.32543,-1.228457,,0.0,net_margin,"fcf,interest_coverage,gross_margin,ocf_ni","2018,2019,2020,2021,2022,2023,2024,2025","2021,2022,2023,2024,2025"
301512,智信精密,SZ,自动化设备,保留,,排除,17.2875,-3744086.42,,42.136452,1.03247,,0.0,net_margin,fcf,"2018,2019,2020,2021,2022,2023,2024,2025","2021,2022,2023,2024,2025"
301513,尚水智能,SZ,电池,保留,,排除,45.658333,-28515142.07,848.554676,49.03478,0.839266,,0.0,net_margin,fcf,"2020,2021,2022,2023,2024,2025","2021,2022,2023,2024,2025"
301515,港通医疗,SZ,医疗器械,保留,,排除,8.675556,-174551753.4,-12.856552,24.991481,0.621503,,0.0,net_margin,"fcf,interest_coverage,ocf_ni","2016,2018,2019,2020,2021,2022,2023,2024,2025","2021,2022,2023,2024,2025"
301516,中远通,SZ,其他电源设备Ⅱ,保留,,排除,5.29,-12493835.62,,17.866575,0.813775,,0.0,net_margin,"roe,fcf","2017,2018,2019,2020,2021,2022,2023,2024,2025","2021,2022,2023,2024,2025"
301517,陕西华达,SZ,军工电子Ⅱ,保留,,排除,9.43625,-189606857.75,-10.346754,38.440066,-0.355701,,0.0,net_margin,"fcf,interest_coverage,ocf_ni","2018,2019,2020,2021,2022,2023,2024,2025","2021,2022,2023,2024,2025"
301518,长华化学,SZ,化学制品,周期,周期性行业,行业排除,,,,,,,,,,,
301519,舜禹股份,SZ,环境治理,保留,,排除,11.401,-910821823.57,-1.012386,33.169662,-4.10928,11.54135,0.0,,"fcf,interest_coverage,ocf_ni","2016,2017,2018,2019,2020,2021,2022,2023,2024,2025","2021,2022,2023,2024,2025"
301520,万邦医药,SZ,医疗服务,保留,,排除,43.815,25292767.6,,43.502053,0.481041,,0.0,net_margin,ocf_ni,"2018,2019,2020,2021,2022,2023,2024,2025","2021,2022,2023,2024,2025"
301522,上大股份,SZ,金属新材料,保留,,排除,8.308571,-556395655.29,6.113282,15.554258,-0.094436,,0.0,net_margin,"fcf,ocf_ni","2019,2020,2021,2022,2023,2024,2025","2021,2022,2023,2024,2025"
301525,儒竞科技,SZ,通用设备,保留,,排除,12.42625,-69544341.27,,24.056592,0.867615,,0.0,net_margin,fcf,"2018,2019,2020,2021,2022,2023,2024,2025","2021,2022,2023,2024,2025"
301526,国际复材,SZ,玻璃玻纤,周期,周期性行业,行业排除,,,,,,,,,,,
301528,多浦乐,SZ,通用设备,保留,,排除,19.8175,115388562.06,,73.427617,0.697113,,0.0,net_margin,ocf_ni,"2018,2019,2020,2021,2022,2023,2024,2025","2021,2022,2023,2024,2025"
301529,福赛科技,SZ,汽车零部件,周期,周期性行业,行业排除,,,,,,,,,,,
301531,春光集团,SZ,金属新材料,保留,,数据不足,16.4975,,17.088331,,,,,"fcf,gross_margin,ocf_ni,net_margin,share_inflation",,"2022,2023,2024,2025","2022,2023,2024,2025"
301533,威马农机,SZ,专用设备,保留,,排除,14.98375,-63103906.01,,17.387054,1.17237,,0.0,net_margin,fcf,"2018,2019,2020,2021,2022,2023,2024,2025","2021,2022,2023,2024,2025"
301535,浙江华远,SZ,汽车零部件,周期,周期性行业,行业排除,,,,,,,,,,,
301536,星宸科技,SZ,半导体,保留,,数据不足,40.45,1415926416.1,16.91973,38.825935,1.322282,,0.0,net_margin,,"2019,2020,2021,2022,2023,2024,2025","2021,2022,2023,2024,2025"
301538,骏鼎达,SZ,塑料,保留,,排除,25.43,-75798850.11,82.773325,43.142802,0.69149,,0.0,net_margin,"fcf,ocf_ni","2016,2019,2020,2021,2022,2023,2024,2025","2021,2022,2023,2024,2025"
301539,宏鑫科技,SZ,汽车零部件,周期,周期性行业,行业排除,,,,,,,,,,,
301548,崇德科技,SZ,通用设备,保留,,数据不足,14.88875,225097165.16,,36.90631,0.842758,,0.0,net_margin,,"2018,2019,2020,2021,2022,2023,2024,2025","2021,2022,2023,2024,2025"
301550,斯菱智驱,SZ,汽车零部件,周期,周期性行业,行业排除,,,,,,,,,,,
301551,无线传媒,SZ,电视广播Ⅱ,保留,,数据不足,30.0075,1600579427.72,,55.946649,1.258967,,0.0,net_margin,,"2018,2019,2020,2021,2022,2023,2024,2025","2021,2022,2023,2024,2025"
301552,科力装备,SZ,汽车零部件,周期,周期性行业,行业排除,,,,,,,,,,,
301555,惠柏新材,SZ,塑料,保留,,排除,7.438,-1196699035.38,5.914148,11.694064,-1.886224,3.821123,0.0,,"roe,fcf,gross_margin,ocf_ni,net_margin","2016,2017,2018,2019,2020,2021,2022,2023,2024,2025","2021,2022,2023,2024,2025"
301556,托普云农,SZ,IT服务Ⅱ,保留,,数据不足,18.75,366057611.8,,52.830464,1.095784,,0.0,net_margin,,"2016,2017,2019,2020,2021,2022,2023,2024,2025","2021,2022,2023,2024,2025"
301557,常友科技,SZ,风电设备,保留,,排除,39.814286,-395840608.85,15.324829,24.37796,-0.065552,,0.0,net_margin,"fcf,ocf_ni","2019,2020,2021,2022,2023,2024,2025","2021,2022,2023,2024,2025"
301558,三态股份,SZ,互联网电商,保留,,排除,38.84,500612638.51,4.817796,31.524906,0.508416,8.51608,0.0,,ocf_ni,"2016,2017,2018,2019,2020,2021,2022,2023,2024,2025","2021,2022,2023,2024,2025"
301559,中集环科,SZ,通用设备,保留,,数据不足,15.59,2470153313.32,,17.908182,1.987236,,0.0,net_margin,,"2018,2019,2020,2021,2022,2023,2024,2025","2021,2022,2023,2024,2025"
301560,众捷汽车,SZ,汽车零部件,周期,周期性行业,行业排除,,,,,,,,,,,
301563,云汉芯城,SZ,其他电子Ⅱ,保留,,排除,13.05875,-181468405.03,10.604048,14.259271,0.022682,,0.0,net_margin,"fcf,gross_margin,ocf_ni","2018,2019,2020,2021,2022,2023,2024,2025","2021,2022,2023,2024,2025"
301565,中仑新材,SZ,塑料,保留,,排除,7.577143,63266074.78,,17.921196,1.940533,,0.0,net_margin,roe,"2019,2020,2021,2022,2023,2024,2025","2021,2022,2023,2024,2025"
301566,达利凯普,SZ,元件,保留,,数据不足,20.34625,451201143.44,,60.165646,1.040962,,0.0,net_margin,,"2018,2019,2020,2021,2022,2023,2024,2025","2021,2022,2023,2024,2025"
301567,贝隆精密,SZ,消费电子,保留,,排除,18.0825,-124413177.61,-78.078779,27.13528,-0.096281,,0.0,net_margin,"fcf,interest_coverage,ocf_ni","2018,2019,2020,2021,2022,2023,2024,2025","2021,2022,2023,2024,2025"
301568,思泰克,SZ,自动化设备,保留,,通过,39.004,174360125.33,,51.641117,0.86334,27.928723,0.0,,,"2016,2017,2018,2019,2020,2021,2022,2023,2024,2025","2021,2022,2023,2024,2025"
301571,国科天成,SZ,军工电子Ⅱ,保留,,排除,16.094286,-1453970700.65,11.353395,39.555833,-1.047825,,0.0,net_margin,"fcf,ocf_ni","2019,2020,2021,2022,2023,2024,2025","2021,2022,2023,2024,2025"
301575,艾芬达,SZ,家居用品,保留,,排除,18.468,-261069565.51,12.25813,25.615546,0.812813,9.259177,0.0,,fcf,"2016,2017,2018,2019,2020,2021,2022,2023,2024,2025","2021,2022,2023,2024,2025"
301577,美信科技,SZ,通信设备,保留,,排除,19.601,-178001537.15,,25.391741,-0.536343,9.201602,0.0,,"fcf,ocf_ni","2016,2017,2018,2019,2020,2021,2022,2023,2024,2025","2021,2022,2023,2024,2025"
301578,辰奕智能,SZ,黑色家电,保留,,排除,24.323,-182752824.97,24.346376,22.954857,1.624192,7.944848,0.0,,fcf,"2016,2017,2018,2019,2020,2021,2022,2023,2024,2025","2021,2022,2023,2024,2025"
301580,爱迪特,SZ,医疗器械,保留,,通过,17.924,552037529.1,,47.633072,1.139223,18.034984,0.0,,,"2016,2017,2018,2019,2020,2021,2022,2023,2024,2025","2021,2022,2023,2024,2025"
301581,黄山谷捷,SZ,汽车零部件,周期,周期性行业,行业排除,,,,,,,,,,,
301583,托伦斯,SZ,半导体,保留,,数据不足,29.575,,85.943459,,,,,"fcf,gross_margin,ocf_ni,net_margin,share_inflation",,"2022,2023,2024,2025","2022,2023,2024,2025"
301584,建发致新,SZ,医药商业,保留,,排除,17.02,-1150476550.42,3.428088,7.613598,-1.281158,,0.0,net_margin,"fcf,gross_margin,ocf_ni","2019,2020,2021,2022,2023,2024,2025","2021,2022,2023,2024,2025"
301585,蓝宇股份,SZ,化学制品,周期,周期性行业,行业排除,,,,,,,,,,,
301586,佳力奇,SZ,航空装备Ⅱ,保留,,通过,16.478,66548370.16,,33.893405,1.184943,15.903866,0.0,,,"2016,2017,2018,2019,2020,2021,2022,2023,2024,2025","2021,2022,2023,2024,2025"
301587,中瑞股份,SZ,电池,保留,,排除,13.834,-344121901.77,,33.687255,1.260817,14.297321,0.0,,fcf,"2016,2017,2018,2019,2020,2021,2022,2023,2024,2025","2021,2022,2023,2024,2025"
301588,美新科技,SZ,家居用品,保留,,排除,19.9025,-1656562594.54,0.942576,31.623579,-2.164773,,0.0,net_margin,"fcf,interest_coverage,ocf_ni","2018,2019,2020,2021,2022,2023,2024,2025","2021,2022,2023,2024,2025"
301589,诺瓦星云,SZ,计算机设备,保留,,排除,24.26125,198959938.17,47.13252,51.416737,0.376232,,0.0,net_margin,ocf_ni,"2018,2019,2020,2021,2022,2023,2024,2025","2021,2022,2023,2024,2025"
301590,优优绿能,SZ,其他电源设备Ⅱ,保留,,排除,35.401429,293431591.9,,29.219263,0.260879,,0.0,net_margin,ocf_ni,"2019,2020,2021,2022,2023,2024,2025","2021,2022,2023,2024,2025"
301591,肯特股份,SZ,塑料,保留,,数据不足,14.11625,21332674.1,,37.572359,0.822475,,0.0,net_margin,,"2016,2019,2020,2021,2022,2023,2024,2025","2021,2022,2023,2024,2025"
301592,六九一二,SZ,军工电子Ⅱ,保留,,排除,25.582857,-269683242.3,4.755933,52.615666,-0.284731,,0.0,net_margin,"fcf,ocf_ni","2019,2020,2021,2022,2023,2024,2025","2021,2022,2023,2024,2025"
301595,太力科技,SZ,家居用品,保留,,数据不足,50.411667,135287514.1,,56.583048,1.478163,,0.0,net_margin,,"2019,2020,2021,2022,2023,2024,2025","2021,2022,2023,2024,2025"
301596,瑞迪智驱,SZ,通用设备,保留,,数据不足,20.555714,265775828.77,,30.172936,0.833685,,0.0,net_margin,,"2019,2020,2021,2022,2023,2024,2025","2021,2022,2023,2024,2025"
301598,博科测试,SZ,专用设备,保留,,数据不足,40.82875,576948895.71,,44.755081,1.206534,,0.0,net_margin,,"2016,2019,2020,2021,2022,2023,2024,2025","2021,2022,2023,2024,2025"
301599,理奇智能,SZ,自动化设备,保留,,数据不足,31.3775,,,,,,,"fcf,gross_margin,ocf_ni,net_margin,share_inflation",,"2022,2023,2024,2025","2022,2023,2024,2025"
301600,慧翰股份,SZ,计算机设备,保留,,通过,20.132,432300856.56,,28.300174,0.8222,11.304825,0.0,,,"2016,2017,2018,2019,2020,2021,2022,2023,2024,2025","2021,2022,2023,2024,2025"
301601,惠通科技,SZ,专用设备,保留,,排除,14.234286,-413664383.46,71.420332,33.197444,0.781564,,0.0,net_margin,fcf,"2019,2020,2021,2022,2023,2024,2025","2021,2022,2023,2024,2025"
301602,超研股份,SZ,医疗器械,保留,,数据不足,17.425714,488790814.37,,69.164763,0.863944,,0.0,net_margin,,"2019,2020,2021,2022,2023,2024,2025","2021,2022,2023,2024,2025"
301603,乔锋智能,SZ,通用设备,保留,,排除,18.175714,-382532282.63,,30.338101,0.047677,,0.0,net_margin,"fcf,ocf_ni","2019,2020,2021,2022,2023,2024,2025","2021,2022,2023,2024,2025"
301606,绿联科技,SZ,消费电子,保留,,数据不足,40.178571,1217870031.87,311.693826,37.300248,0.728825,,0.0,net_margin,,"2019,2020,2021,2022,2023,2024,2025","2021,2022,2023,2024,2025"
301607,富特科技,SZ,汽车零部件,周期,周期性行业,行业排除,,,,,,,,,,,
301608,博实结,SZ,计算机设备,保留,,数据不足,23.065714,643209183.4,,25.201826,1.081337,,0.0,net_margin,,"2019,2020,2021,2022,2023,2024,2025","2021,2022,2023,2024,2025"
301609,山大电力,SZ,电网设备,保留,,数据不足,22.913333,430354884.7,,43.271702,1.114466,,0.0,net_margin,,"2016,2017,2018,2020,2021,2022,2023,2024,2025","2021,2022,2023,2024,2025"
301611,珂玛科技,SZ,半导体,保留,,排除,21.411429,-445120927.13,,47.040539,0.553899,,0.0,net_margin,"fcf,ocf_ni","2019,2020,2021,2022,2023,2024,2025","2021,2022,2023,2024,2025"
301613,新铝时代,SZ,汽车零部件,周期,周期性行业,行业排除,,,,,,,,,,,
301616,浙江华业,SZ,通用设备,保留,,数据不足,9.955714,122978507.98,96.991097,26.214867,1.062518,,0.0,net_margin,,"2019,2020,2021,2022,2023,2024,2025","2021,2022,2023,2024,2025"
301617,博苑新材,SZ,化学制品,周期,周期性行业,行业排除,,,,,,,,,,,
301618,长联科技,SZ,化学制品,周期,周期性行业,行业排除,,,,,,,,,,,
301622,英思特,SZ,金属新材料,保留,,排除,29.577,-245681112.26,15.235187,27.556033,0.75109,12.018274,0.0,,fcf,"2016,2017,2018,2019,2020,2021,2022,2023,2024,2025","2021,2022,2023,2024,2025"
301626,苏州天脉,SZ,消费电子,保留,,排除,20.275714,-132453762.58,,32.953285,1.031239,,0.0,net_margin,fcf,"2019,2020,2021,2022,2023,2024,2025","2021,2022,2023,2024,2025"
301628,强达电路,SZ,元件,保留,,数据不足,20.157143,38030056.56,,29.70422,1.216543,,0.0,net_margin,,"2019,2020,2021,2022,2023,2024,2025","2021,2022,2023,2024,2025"
301629,矽电股份,SZ,半导体,保留,,排除,13.801429,136202842.3,,38.947916,0.241232,,0.0,net_margin,ocf_ni,"2019,2020,2021,2022,2023,2024,2025","2021,2022,2023,2024,2025"
301630,同宇新材,SZ,电子化学品Ⅱ,保留,,排除,33.807143,-557038051.44,41.314944,24.248552,0.199469,,0.0,net_margin,"fcf,ocf_ni","2019,2020,2021,2022,2023,2024,2025","2021,2022,2023,2024,2025"
301631,壹连科技,SZ,汽车零部件,周期,周期性行业,行业排除,,,,,,,,,,,
301632,广东建科,SZ,专业服务,保留,,排除,7.07875,-212572176.18,,46.461831,0.547119,,0.0,net_margin,"roe,fcf,ocf_ni","2018,2019,2020,2021,2022,2023,2024,2025","2021,2022,2023,2024,2025"
301633,港迪技术,SZ,自动化设备,保留,,排除,26.281667,12331486.69,,40.432381,0.555945,,0.0,net_margin,ocf_ni,"2020,2021,2022,2023,2024,2025","2021,2022,2023,2024,2025"
301636,泽润新能,SZ,光伏设备,保留,,排除,21.705,-21683870.19,57.684695,24.03381,-0.083199,,0.0,net_margin,"fcf,ocf_ni","2020,2021,2022,2023,2024,2025","2021,2022,2023,2024,2025"
301638,南网数字,SZ,IT服务Ⅱ,保留,,数据不足,9.9425,,,,,,,"fcf,gross_margin,ocf_ni,net_margin,share_inflation",,"2022,2023,2024,2025","2022,2023,2024,2025"
301656,联合动力,SZ,汽车零部件,周期,周期性行业,行业排除,,,,,,,,,,,
301658,首航新能,SZ,光伏设备,保留,,数据不足,52.392857,408996784.3,,33.003704,0.903575,,0.0,net_margin,,"2019,2020,2021,2022,2023,2024,2025","2021,2022,2023,2024,2025"
301662,宏工科技,SZ,电池,保留,,排除,37.345714,-70889565.22,3.612305,26.056668,1.786343,,0.0,net_margin,fcf,"2019,2020,2021,2022,2023,2024,2025","2021,2022,2023,2024,2025"
301665,泰禾股份,SZ,农化制品,保留,,排除,23.616667,-1419520452.79,12.985332,24.73535,0.717058,,0.0,net_margin,fcf,"2017,2018,2019,2020,2021,2022,2023,2024,2025","2021,2022,2023,2024,2025"
301666,大普微,SZ,计算机设备,保留,,排除,-107.925,,-26.078689,,,,,"fcf,gross_margin,ocf_ni,net_margin,share_inflation","roe,interest_coverage","2022,2023,2024,2025","2022,2023,2024,2025"
301667,纳百川,SZ,汽车零部件,周期,周期性行业,行业排除,,,,,,,,,,,
301668,昊创瑞通,SZ,电网设备,保留,,数据不足,31.788333,336418082.45,,26.657161,0.935183,,0.0,net_margin,,"2020,2021,2022,2023,2024,2025","2021,2022,2023,2024,2025"
301669,高特电子,SZ,其他电源设备Ⅱ,保留,,数据不足,29.62,,372.363415,,,,,"fcf,gross_margin,ocf_ni,net_margin,share_inflation",,"2022,2023,2024,2025","2022,2023,2024,2025"
301677,C欣兴,SZ,通用设备,保留,,数据不足,19.296667,571382872.25,,57.2222,1.16079,,0.0,net_margin,,"2020,2021,2022,2023,2024,2025","2021,2022,2023,2024,2025"
301678,新恒汇,SZ,半导体,保留,,数据不足,13.72,337098609.47,,33.020702,1.033318,,0.0,net_margin,,"2019,2020,2021,2022,2023,2024,2025","2021,2022,2023,2024,2025"
301680,固德电材,SZ,汽车零部件,周期,周期性行业,行业排除,,,,,,,,,,,
301682,宏明电子,SZ,军工电子Ⅱ,保留,,数据不足,16.425,,254.319545,,,,,"fcf,gross_margin,ocf_ni,net_margin,share_inflation",,"2022,2023,2024,2025","2022,2023,2024,2025"
301683,慧谷新材,SZ,化学制品,周期,周期性行业,行业排除,,,,,,,,,,,
301687,新广益,SZ,塑料,保留,,数据不足,24.395,207872045.22,221.012006,32.061468,0.838139,,0.0,net_margin,,"2020,2021,2022,2023,2024,2025","2021,2022,2023,2024,2025"
301696,三瑞智能,SZ,航空装备Ⅱ,保留,,数据不足,47.5275,,,,,,,"fcf,gross_margin,ocf_ni,net_margin,share_inflation",,"2022,2023,2024,2025","2022,2023,2024,2025"
302132,中航成飞,SZ,航空装备Ⅱ,保留,,排除,16.805,-18792064392.89,750.687783,24.986706,-0.601566,10.111318,0.0,,"fcf,ocf_ni","2016,2017,2018,2019,2020,2021,2022,2023,2024,2025","2021,2022,2023,2024,2025"
600000,浦发银行,SH,银行Ⅱ,金融,金融行业,行业排除,,,,,,,,,,,
600004,白云机场,SH,航空机场,周期,周期性行业,行业排除,,,,,,,,,,,
600006,东风股份,SH,商用车,保留,,排除,3.28156,-4316463087.12,,4.760019,-17.379646,1.484556,0.0,,"roe,fcf,gross_margin,ocf_ni,net_margin","2016,2017,2018,2019,2020,2021,2022,2023,2024,2025","2021,2022,2023,2024,2025"
600007,中国国贸,SH,房地产开发,周期,周期性行业,行业排除,,,,,,,,,,,
600008,首创环保,SH,环境治理,保留,,排除,7.336,-8896757698.26,2.074139,33.533304,1.530641,9.319078,0.0,,"roe,fcf","2016,2017,2018,2019,2020,2021,2022,2023,2024,2025","2021,2022,2023,2024,2025"
600009,上海机场,SH,航空机场,周期,周期性行业,行业排除,,,,,,,,,,,
600010,包钢股份,SH,普钢,保留,,排除,1.88059,9856411463.62,0.322282,9.234281,2.98585,1.480062,0.0,,"roe,interest_coverage,gross_margin,net_margin","2016,2017,2018,2019,2020,2021,2022,2023,2024,2025","2021,2022,2023,2024,2025"
600011,华能国际,SH,电力,保留,,排除,2.749,-63776929279.0,3.524266,9.70467,2.002027,1.895657,0.0,,"roe,fcf,gross_margin,net_margin","2016,2017,2018,2019,2020,2021,2022,2023,2024,2025","2021,2022,2023,2024,2025"
600012,皖通高速,SH,铁路公路,周期,周期性行业,行业排除,,,,,,,,,,,
600015,华夏银行,SH,银行Ⅱ,金融,金融行业,行业排除,,,,,,,,,,,
600016,民生银行,SH,银行Ⅱ,金融,金融行业,行业排除,,,,,,,,,,,
600017,日照港,SH,航运港口,周期,周期性行业,行业排除,,,,,,,,,,,
600018,上港集团,SH,航运港口,周期,周期性行业,行业排除,,,,,,,,,,,
600019,宝钢股份,SH,普钢,保留,,排除,7.875,86005406824.34,14.245908,7.136662,3.067235,4.489703,0.0,,"roe,gross_margin,net_margin","2016,2017,2018,2019,2020,2021,2022,2023,2024,2025","2021,2022,2023,2024,2025"
600020,中原高速,SH,铁路公路,周期,周期性行业,行业排除,,,,,,,,,,,
600021,上海电力,SH,电力,保留,,排除,6.352,-17006329022.06,2.379356,21.166019,9.848246,4.159506,0.0,,"roe,fcf,net_margin","2016,2017,2018,2019,2020,2021,2022,2023,2024,2025","2021,2022,2023,2024,2025"
600022,山东钢铁,SH,普钢,保留,,排除,1.6089,11563703521.58,0.92446,6.106883,12.235572,0.581458,0.0,,"roe,interest_coverage,gross_margin,net_margin","2016,2017,2018,2019,2020,2021,2022,2023,2024,2025","2021,2022,2023,2024,2025"
600023,浙能电力,SH,电力,保留,,排除,6.793,1430404056.61,9.518514,5.572027,0.783028,7.275327,0.0,,"roe,gross_margin","2016,2017,2018,2019,2020,2021,2022,2023,2024,2025","2021,2022,2023,2024,2025"
600025,华能水电,SH,电力,保留,,通过,9.7,17129028458.62,4.12389,55.962557,2.373985,26.805317,0.0,,,"2016,2017,2018,2019,2020,2021,2022,2023,2024,2025","2021,2022,2023,2024,2025"
600026,中远海能,SH,航运港口,周期,周期性行业,行业排除,,,,,,,,,,,
600027,华电国际,SH,电力,保留,,排除,4.364,1971420000.0,3.214099,4.084796,18.995438,2.442221,0.0,,"roe,gross_margin,net_margin","2016,2017,2018,2019,2020,2021,2022,2023,2024,2025","2021,2022,2023,2024,2025"
600028,中国石化,SH,炼化及贸易,保留,,排除,7.041,53002000000.0,2.761703,16.232721,3.128637,1.956044,0.0,,"roe,net_margin","2016,2017,2018,2019,2020,2021,2022,2023,2024,2025","2021,2022,2023,2024,2025"
600029,南方航空,SH,航空机场,周期,周期性行业,行业排除,,,,,,,,,,,
600030,中信证券,SH,证券Ⅱ,金融,金融行业,行业排除,,,,,,,,,,,
600031,三一重工,SH,工程机械,周期,周期性行业,行业排除,,,,,,,,,,,
600032,浙江新能,SH,电力,保留,,排除,6.749,-424327158.52,0.962452,50.089713,4.647163,18.02271,0.0,,"roe,fcf,interest_coverage","2016,2017,2018,2019,2020,2021,2022,2023,2024,2025","2021,2022,2023,2024,2025"
600033,福建高速,SH,铁路公路,周期,周期性行业,行业排除,,,,,,,,,,,
600035,楚天高速,SH,铁路公路,周期,周期性行业,行业排除,,,,,,,,,,,
600036,招商银行,SH,银行Ⅱ,金融,金融行业,行业排除,,,,,,,,,,,
600037,歌华有线,SH,电视广播Ⅱ,保留,,排除,2.58,709136621.68,,9.410241,-1.80114,12.159789,0.0,,"roe,gross_margin,ocf_ni","2016,2017,2018,2019,2020,2021,2022,2023,2024,2025","2021,2022,2023,2024,2025"
600038,中直股份,SH,航空装备Ⅱ,保留,,排除,6.35309,-17455433003.07,49.110452,11.074994,-5.040656,3.133515,0.0,,"roe,fcf,gross_margin,ocf_ni,net_margin","2016,2017,2018,2019,2020,2021,2022,2023,2024,2025","2021,2022,2023,2024,2025"
600039,四川路桥,SH,基础建设,周期,周期性行业,行业排除,,,,,,,,,,,
600048,保利发展,SH,房地产开发,周期,周期性行业,行业排除,,,,,,,,,,,
600050,中国联通,SH,通信服务,保留,,排除,3.553,133418609733.0,,24.055488,12.91605,1.596408,0.0,,"roe,net_margin","2016,2017,2018,2019,2020,2021,2022,2023,2024,2025","2021,2022,2023,2024,2025"
600051,宁波联合,SH,综合Ⅱ,保留,,排除,8.628,-239857623.08,3.616547,13.260451,0.462327,6.132717,0.0,,"fcf,gross_margin,ocf_ni","2016,2017,2018,2019,2020,2021,2022,2023,2024,2025","2021,2022,2023,2024,2025"
600052,东望时代,SH,电力,保留,,排除,3.74,-86143344.79,,30.643965,1.027994,99.439051,0.0,,"roe,fcf","2016,2017,2018,2019,2020,2021,2022,2023,2024,2025","2021,2022,2023,2024,2025"
600053,*ST九鼎,SH,多元金融,金融,金融行业,行业排除,,,,,,,,,,,
600054,黄山旅游,SH,旅游及景区,保留,,排除,6.215,600828068.7,93.603013,41.729834,1.527773,13.580265,0.0,,roe,"2016,2017,2018,2019,2020,2021,2022,2023,2024,2025","2021,2022,2023,2024,2025"
600055,万东医疗,SH,医疗器械,保留,,排除,5.169,269010671.31,,39.025064,1.028838,11.402803,0.0,,roe,"2016,2017,2018,2019,2020,2021,2022,2023,2024,2025","2021,2022,2023,2024,2025"
600056,中国医药,SH,医药商业,保留,,排除,10.842,3521593304.37,9.298518,11.910384,1.607275,2.85166,0.0,,"gross_margin,net_margin","2016,2017,2018,2019,2020,2021,2022,2023,2024,2025","2021,2022,2023,2024,2025"
600057,厦门象屿,SH,物流,保留,,排除,10.215,27379312938.81,1.890524,2.127496,4.027775,0.391207,0.0,,"interest_coverage,gross_margin,net_margin","2016,2017,2018,2019,2020,2021,2022,2023,2024,2025","2021,2022,2023,2024,2025"
600058,五矿发展,SH,贸易Ⅱ,保留,,排除,-0.22734,5451486633.52,1.409127,3.302351,17.176573,0.085847,0.0,,"roe,interest_coverage,gross_margin,net_margin","2016,2017,2018,2019,2020,2021,2022,2023,2024,2025","2021,2022,2023,2024,2025"
600059,古越龙山,SH,非白酒,保留,,排除,4.237,-121417522.02,,36.760068,1.280067,12.166891,0.0,,"roe,fcf","2016,2017,2018,2019,2020,2021,2022,2023,2024,2025","2021,2022,2023,2024,2025"
600060,海信视像,SH,黑色家电,保留,,排除,8.834,14194564085.5,55.171061,16.516748,1.685713,3.235816,0.0,,net_margin,"2016,2017,2018,2019,2020,2021,2022,2023,2024,2025","2021,2022,2023,2024,2025"
600061,国投资本,SH,多元金融,金融,金融行业,行业排除,,,,,,,,,,,
600062,华润双鹤,SH,化学制药,保留,,通过,12.676,5041062081.37,159.614479,56.689702,1.15436,12.774994,0.0,,,"2016,2017,2018,2019,2020,2021,2022,2023,2024,2025","2021,2022,2023,2024,2025"
600063,皖维高新,SH,化学纤维,保留,,排除,7.603,289009867.46,,17.7484,1.083745,6.198711,0.0,,roe,"2016,2017,2018,2019,2020,2021,2022,2023,2024,2025","2021,2022,2023,2024,2025"
600064,南京高科,SH,房地产开发,周期,周期性行业,行业排除,,,,,,,,,,,
600066,宇通客车,SH,商用车,保留,,通过,17.33,15434038748.35,153.723735,22.303084,2.075163,7.400708,0.0,,,"2016,2017,2018,2019,2020,2021,2022,2023,2024,2025","2021,2022,2023,2024,2025"
600067,冠城新材,SH,电网设备,保留,,排除,0.41,7377751942.93,1.761385,12.696832,6.376284,1.05671,0.0,,"roe,interest_coverage,gross_margin,net_margin","2016,2017,2018,2019,2020,2021,2022,2023,2024,2025","2021,2022,2023,2024,2025"
600071,凤凰光学,SH,光学光电子,保留,,排除,-0.811,-31367406.94,1.786925,14.291909,11.136041,-0.8545,0.0,,"roe,fcf,interest_coverage,gross_margin,net_margin","2016,2017,2018,2019,2020,2021,2022,2023,2024,2025","2021,2022,2023,2024,2025"
600072,中船科技,SH,风电设备,保留,,排除,-1.204,-21574466153.49,-9.129755,5.56273,-1.491678,-1.122108,0.0,,"roe,fcf,interest_coverage,gross_margin,ocf_ni,net_margin","2016,2017,2018,2019,2020,2021,2022,2023,2024,2025","2021,2022,2023,2024,2025"
600073,光明肉业,SH,食品加工,保留,,排除,6.464,269792333.26,-2.349807,10.701392,2.503554,1.243194,0.0,,"roe,interest_coverage,gross_margin,net_margin","2016,2017,2018,2019,2020,2021,2022,2023,2024,2025","2021,2022,2023,2024,2025"
600075,新疆天业,SH,化学原料,周期,周期性行业,行业排除,,,,,,,,,,,
600076,康欣新材,SH,包装印刷,保留,,排除,1.983,-441386734.8,-4.633762,-4.737541,-1.308155,-23.617047,0.0,,"roe,fcf,interest_coverage,gross_margin,ocf_ni,net_margin","2016,2017,2018,2019,2020,2021,2022,2023,2024,2025","2021,2022,2023,2024,2025"
600078,澄星股份,SH,农化制品,保留,,排除,53.437778,1678709189.43,1.614841,14.084038,6.891539,-0.169751,0.0,,"interest_coverage,gross_margin,net_margin","2016,2017,2018,2019,2020,2021,2022,2023,2024,2025","2021,2022,2023,2024,2025"
600079,ST人福,SH,化学制药,保留,,通过,8.012,2741829273.97,10.548933,44.968973,1.308731,5.54226,0.0,,,"2016,2017,2018,2019,2020,2021,2022,2023,2024,2025","2021,2022,2023,2024,2025"
600080,ST金花,SH,中药Ⅱ,保留,,排除,1.767,-278281552.01,,76.548549,0.042093,3.577513,0.0,,"roe,fcf,ocf_ni,net_margin","2016,2017,2018,2019,2020,2021,2022,2023,2024,2025","2021,2022,2023,2024,2025"
600081,东风科技,SH,汽车零部件,周期,周期性行业,行业排除,,,,,,,,,,,
600082,ST海泰,SH,房地产开发,周期,周期性行业,行业排除,,,,,,,,,,,
600084,*ST尼雅,SH,非白酒,保留,,排除,-6.36836,-119045273.24,-24.234741,53.350565,2.11152,-72.536283,0.0,,"roe,fcf,interest_coverage,net_margin","2016,2017,2018,2019,2020,2021,2022,2023,2024,2025","2021,2022,2023,2024,2025"
600085,同仁堂,SH,中药Ⅱ,保留,,通过,11.755,9841458450.98,,46.111719,1.768497,8.090391,0.0,,,"2016,2017,2018,2019,2020,2021,2022,2023,2024,2025","2021,2022,2023,2024,2025"
600088,中视传媒,SH,影视院线,保留,,排除,2.203,-202032411.15,2.848007,10.073307,8.928623,1.566549,0.0,,"roe,fcf,gross_margin,net_margin","2016,2017,2018,2019,2020,2021,2022,2023,2024,2025","2021,2022,2023,2024,2025"
600089,特变电工,SH,电网设备,保留,,排除,12.32674,-7656237337.1,5.215454,26.244204,2.006099,7.553942,0.0,,fcf,"2016,2017,2018,2019,2020,2021,2022,2023,2024,2025","2021,2022,2023,2024,2025"
600094,大名城,SH,房地产开发,周期,周期性行业,行业排除,,,,,,,,,,,
600095,湘财股份,SH,证券Ⅱ,金融,金融行业,行业排除,,,,,,,,,,,
600096,云天化,SH,农化制品,保留,,排除,12.247,35244020907.31,22.992498,16.555925,1.948535,3.486123,0.0,,net_margin,"2016,2017,2018,2019,2020,2021,2022,2023,2024,2025","2021,2022,2023,2024,2025"
600097,开创国际,SH,渔业,保留,,排除,6.905,330133106.23,7.646217,31.433676,2.159441,5.808324,0.0,,roe,"2016,2017,2018,2019,2020,2021,2022,2023,2024,2025","2021,2022,2023,2024,2025"
600098,广州发展,SH,电力,保留,,排除,5.11097,-3926028762.44,3.730437,8.306305,4.340815,2.894036,0.0,,"roe,fcf,gross_margin,net_margin","2016,2017,2018,2019,2020,2021,2022,2023,2024,2025","2021,2022,2023,2024,2025"
600099,林海股份,SH,摩托车及其他,保留,,排除,1.87541,346309972.46,,12.239967,5.395493,1.188525,0.0,,"roe,gross_margin,net_margin","2016,2017,2018,2019,2020,2021,2022,2023,2024,2025","2021,2022,2023,2024,2025"
600100,同方股份,SH,计算机设备,保留,,排除,-1.436,-1961764531.95,0.912115,21.816374,0.829345,-0.405102,0.0,,"roe,fcf,interest_coverage,net_margin","2016,2017,2018,2019,2020,2021,2022,2023,2024,2025","2021,2022,2023,2024,2025"
600101,明星电力,SH,电力,保留,,排除,5.218,-9650223.44,,11.240098,1.667052,6.255587,0.0,,"roe,fcf,gross_margin","2016,2017,2018,2019,2020,2021,2022,2023,2024,2025","2021,2022,2023,2024,2025"
600103,青山纸业,SH,造纸,保留,,排除,3.384,610619208.28,6.370747,18.777234,3.414723,4.302752,0.0,,"roe,net_margin","2016,2017,2018,2019,2020,2021,2022,2023,2024,2025","2021,2022,2023,2024,2025"
600104,上汽集团,SH,乘用车,保留,,排除,9.262,73353021276.43,,9.640411,9.886913,2.697557,0.0,,"gross_margin,net_margin","2016,2017,2018,2019,2020,2021,2022,2023,2024,2025","2021,2022,2023,2024,2025"
600105,永鼎股份,SH,通信设备,保留,,排除,3.2,-2652256529.28,2.337179,14.226329,-1.262201,2.443635,0.0,,"roe,fcf,gross_margin,ocf_ni,net_margin","2016,2017,2018,2019,2020,2021,2022,2023,2024,2025","2021,2022,2023,2024,2025"
600106,重庆路桥,SH,铁路公路,周期,周期性行业,行业排除,,,,,,,,,,,
600107,*ST尔雅,SH,服装家纺,保留,,排除,-3.07,-396334107.4,-17.375819,35.850811,-0.71722,-4.730145,0.0,,"roe,fcf,interest_coverage,ocf_ni,net_margin","2016,2017,2018,2019,2020,2021,2022,2023,2024,2025","2021,2022,2023,2024,2025"
600108,亚盛集团,SH,种植业,保留,,排除,-0.183,-525726217.49,0.212464,17.287584,2.196144,-0.219325,0.0,,"roe,fcf,interest_coverage,net_margin","2016,2017,2018,2019,2020,2021,2022,2023,2024,2025","2021,2022,2023,2024,2025"
600109,国金证券,SH,证券Ⅱ,金融,金融行业,行业排除,,,,,,,,,,,
600110,诺德股份,SH,电池,保留,,排除,1.64,-3638691754.33,-0.40935,14.298927,-6.920483,1.402095,0.0,,"roe,fcf,interest_coverage,gross_margin,ocf_ni,net_margin","2016,2017,2018,2019,2020,2021,2022,2023,2024,2025","2021,2022,2023,2024,2025"
600111,北方稀土,SH,小金属,周期,周期性行业,行业排除,,,,,,,,,,,
600113,浙江东日,SH,一般零售,保留,,通过,12.723,284046507.91,,39.101294,0.747007,29.305361,0.0,,,"2016,2017,2018,2019,2020,2021,2022,2023,2024,2025","2021,2022,2023,2024,2025"
600114,东睦股份,SH,通用设备,保留,,通过,9.793,834959111.64,10.335796,23.11324,3.220764,8.947093,0.0,,,"2016,2017,2018,2019,2020,2021,2022,2023,2024,2025","2021,2022,2023,2024,2025"
600115,中国东航,SH,航空机场,周期,周期性行业,行业排除,,,,,,,,,,,
600116,三峡水利,SH,电力,保留,,排除,6.973,-1147699202.95,2.826307,12.029801,2.374845,11.419816,0.0,,"roe,fcf,gross_margin","2016,2017,2018,2019,2020,2021,2022,2023,2024,2025","2021,2022,2023,2024,2025"
600117,西宁特钢,SH,特钢Ⅱ,保留,,排除,82.514444,1145676662.68,-6.539814,-3.127198,-0.350165,-4.721228,0.0,,"interest_coverage,gross_margin,ocf_ni,net_margin","2016,2017,2018,2019,2020,2021,2022,2023,2024,2025","2021,2022,2023,2024,2025"
600118,中国卫星,SH,航天装备Ⅱ,保留,,排除,4.861,248307388.88,13.635569,11.24413,0.378538,3.77196,0.0,,"roe,gross_margin,ocf_ni,net_margin","2016,2017,2018,2019,2020,2021,2022,2023,2024,2025","2021,2022,2023,2024,2025"
600119,*ST长投,SH,物流,保留,,排除,-31.633,209501429.64,-4.912292,9.831421,-1.98792,-12.53493,0.0,,"roe,interest_coverage,gross_margin,ocf_ni,net_margin","2016,2017,2018,2019,2020,2021,2022,2023,2024,2025","2021,2022,2023,2024,2025"
600120,浙江东方,SH,多元金融,金融,金融行业,行业排除,,,,,,,,,,,
600121,郑州煤电,SH,煤炭开采,周期,周期性行业,行业排除,,,,,,,,,,,
600123,兰花科创,SH,煤炭开采,周期,周期性行业,行业排除,,,,,,,,,,,
600125,铁龙物流,SH,铁路公路,周期,周期性行业,行业排除,,,,,,,,,,,
600126,杭钢股份,SH,普钢,保留,,排除,4.747,-2641974537.97,,2.354322,14.577707,2.812467,0.0,,"roe,fcf,gross_margin,net_margin","2016,2017,2018,2019,2020,2021,2022,2023,2024,2025","2021,2022,2023,2024,2025"
600127,金健米业,SH,农产品加工,保留,,排除,-0.792,390207440.89,1.448535,5.135684,0.939769,-0.095588,0.0,,"roe,interest_coverage,gross_margin,net_margin","2016,2017,2018,2019,2020,2021,2022,2023,2024,2025","2021,2022,2023,2024,2025"
600128,苏豪弘业,SH,贸易Ⅱ,保留,,排除,0.98828,-353187638.38,4.152318,5.388235,-1.484256,0.378936,0.0,,"roe,fcf,gross_margin,ocf_ni,net_margin","2016,2017,2018,2019,2020,2021,2022,2023,2024,2025","2021,2022,2023,2024,2025"
600129,太极集团,SH,中药Ⅱ,保留,,排除,10.873,-259041219.58,1.614885,41.082232,-2.815227,1.734813,0.0,,"fcf,interest_coverage,ocf_ni,net_margin","2016,2017,2018,2019,2020,2021,2022,2023,2024,2025","2021,2022,2023,2024,2025"
600130,波导股份,SH,消费电子,保留,,排除,0.601,264131661.91,,13.033176,2.490841,2.171409,0.0,,"roe,gross_margin,net_margin","2016,2017,2018,2019,2020,2021,2022,2023,2024,2025","2021,2022,2023,2024,2025"
600131,国网信通,SH,IT服务Ⅱ,保留,,通过,13.904,3015541463.18,,19.626079,1.461448,8.972945,0.0,,,"2016,2017,2018,2019,2020,2021,2022,2023,2024,2025","2021,2022,2023,2024,2025"
600132,重庆啤酒,SH,非白酒,保留,,通过,53.929,11530290011.29,,50.002252,2.551214,9.062727,0.0,,,"2016,2017,2018,2019,2020,2021,2022,2023,2024,2025","2021,2022,2023,2024,2025"
600133,东湖高新,SH,环境治理,保留,,排除,11.348,-1921352652.43,2.688763,19.224117,0.126948,6.571781,0.0,,"fcf,ocf_ni","2016,2017,2018,2019,2020,2021,2022,2023,2024,2025","2021,2022,2023,2024,2025"
600135,乐凯胶片,SH,塑料,保留,,排除,1.13091,26245319.2,,14.71317,-0.262164,0.634432,0.0,,"roe,gross_margin,ocf_ni,net_margin","2016,2017,2018,2019,2020,2021,2022,2023,2024,2025","2021,2022,2023,2024,2025"
600136,ST明诚,SH,房地产服务,周期,周期性行业,行业排除,,,,,,,,,,,
600137,浪莎股份,SH,服装家纺,保留,,排除,4.226,240019637.89,,19.263481,2.288153,5.970434,0.0,,roe,"2016,2017,2018,2019,2020,2021,2022,2023,2024,2025","2021,2022,2023,2024,2025"
600138,中青旅,SH,旅游及景区,保留,,排除,3.776,850421337.26,1.586721,20.377787,12.253305,1.494764,0.0,,"roe,interest_coverage,net_margin","2016,2017,2018,2019,2020,2021,2022,2023,2024,2025","2021,2022,2023,2024,2025"
600141,兴发集团,SH,农化制品,保留,,通过,11.651,6701294770.86,5.218568,24.558596,1.091176,6.294454,0.0,,,"2016,2017,2018,2019,2020,2021,2022,2023,2024,2025","2021,2022,2023,2024,2025"
600143,金发科技,SH,塑料,保留,,排除,10.5,-5613966525.85,1.398571,13.693031,3.84772,3.910944,0.0,,"fcf,interest_coverage,gross_margin,net_margin","2016,2017,2018,2019,2020,2021,2022,2023,2024,2025","2021,2022,2023,2024,2025"
600148,长春一东,SH,汽车零部件,周期,周期性行业,行业排除,,,,,,,,,,,
600149,廊坊发展,SH,电力,保留,,排除,4.284,42580125.4,81.530632,22.554025,3.436077,-8.206067,0.0,,"roe,net_margin","2016,2017,2018,2019,2020,2021,2022,2023,2024,2025","2021,2022,2023,2024,2025"
600150,中国船舶,SH,航海装备Ⅱ,保留,,排除,-0.576,27232220764.64,,10.217447,3.978313,-0.569064,0.0,,"roe,gross_margin,net_margin","2016,2017,2018,2019,2020,2021,2022,2023,2024,2025","2021,2022,2023,2024,2025"
600151,航天机电,SH,汽车零部件,周期,周期性行业,行业排除,,,,,,,,,,,
600152,维科技术,SH,电池,保留,,排除,-3.025,-560485467.41,-42.530651,11.918125,-0.870417,-2.596516,0.0,,"roe,fcf,interest_coverage,gross_margin,ocf_ni,net_margin","2016,2017,2018,2019,2020,2021,2022,2023,2024,2025","2021,2022,2023,2024,2025"
600153,建发股份,SH,物流,保留,,排除,11.009,57585941836.39,-7.122139,4.633178,1.502179,0.974931,0.0,,"interest_coverage,gross_margin,net_margin","2016,2017,2018,2019,2020,2021,2022,2023,2024,2025","2021,2022,2023,2024,2025"
600155,华创云信,SH,证券Ⅱ,金融,金融行业,行业排除,,,,,,,,,,,
600156,华升股份,SH,纺织制造,保留,,排除,-7.499,-424638824.45,-20.422047,5.358806,0.903274,-4.730236,0.0,,"roe,fcf,interest_coverage,gross_margin,net_margin","2016,2017,2018,2019,2020,2021,2022,2023,2024,2025","2021,2022,2023,2024,2025"
600157,永泰能源,SH,电力,保留,,排除,3.90731,26122411380.46,0.367981,23.488889,8.910694,5.220358,0.0,,"roe,interest_coverage","2016,2017,2018,2019,2020,2021,2022,2023,2024,2025","2021,2022,2023,2024,2025"
600158,中体产业,SH,体育Ⅱ,保留,,排除,1.955,870939232.1,,27.60198,27.678652,2.369007,0.0,,"roe,net_margin","2016,2017,2018,2019,2020,2021,2022,2023,2024,2025","2021,2022,2023,2024,2025"
600159,大龙地产,SH,房地产开发,周期,周期性行业,行业排除,,,,,,,,,,,
600160,巨化股份,SH,化学制品,周期,周期性行业,行业排除,,,,,,,,,,,
600161,天坛生物,SH,生物制品,保留,,通过,14.567,422255959.7,,49.183893,1.112887,21.775238,0.0,,,"2016,2017,2018,2019,2020,2021,2022,2023,2024,2025","2021,2022,2023,2024,2025"
600162,香江控股,SH,房地产开发,周期,周期性行业,行业排除,,,,,,,,,,,
600163,中闽能源,SH,电力,保留,,通过,10.53359,4802554777.22,10.588288,59.179549,1.903024,34.101709,0.0,,,"2016,2017,2018,2019,2020,2021,2022,2023,2024,2025","2021,2022,2023,2024,2025"
600165,ST宁科,SH,化学制品,周期,周期性行业,行业排除,,,,,,,,,,,
600166,福田汽车,SH,商用车,保留,,排除,-3.713,-2262249530.54,47.059162,11.007678,6.151343,-1.164238,0.0,,"roe,fcf,gross_margin,net_margin","2016,2017,2018,2019,2020,2021,2022,2023,2024,2025","2021,2022,2023,2024,2025"
600167,联美控股,SH,电力,保留,,通过,15.541,5930831929.0,,36.664538,1.733482,33.255699,0.0,,,"2016,2017,2018,2019,2020,2021,2022,2023,2024,2025","2021,2022,2023,2024,2025"
600168,武汉控股,SH,环境治理,保留,,排除,4.309,-5743354417.65,0.234021,18.426455,8.899172,12.881567,0.0,,"roe,fcf,interest_coverage","2016,2017,2018,2019,2020,2021,2022,2023,2024,2025","2021,2022,2023,2024,2025"
600169,ST太重,SH,专用设备,保留,,排除,-4.13807,-1029756172.13,0.887036,20.126295,2.667876,-5.526429,0.0,,"roe,fcf,interest_coverage,net_margin","2016,2017,2018,2019,2020,2021,2022,2023,2024,2025","2021,2022,2023,2024,2025"
600170,上海建工,SH,房屋建设Ⅱ,保留,,排除,8.315,45941472617.63,0.835034,9.277411,6.745224,1.202672,0.0,,"interest_coverage,gross_margin,net_margin","2016,2017,2018,2019,2020,2021,2022,2023,2024,2025","2021,2022,2023,2024,2025"
600171,上海贝岭,SH,半导体,保留,,排除,8.47,498369644.43,,30.7029,-0.1212,19.355225,0.0,,ocf_ni,"2016,2017,2018,2019,2020,2021,2022,2023,2024,2025","2021,2022,2023,2024,2025"
600172,黄河旋风,SH,通用设备,保留,,排除,-18.648,627601139.36,-2.761743,16.290349,9.042035,-22.555118,0.0,,"roe,interest_coverage,net_margin","2016,2017,2018,2019,2020,2021,2022,2023,2024,2025","2021,2022,2023,2024,2025"
600173,卧龙新能,SH,房地产开发,周期,周期性行业,行业排除,,,,,,,,,,,
600176,中国巨石,SH,玻璃玻纤,周期,周期性行业,行业排除,,,,,,,,,,,
600177,雅戈尔,SH,服装家纺,保留,,排除,12.378,1314036673.85,4.849339,48.593135,0.558669,29.846202,0.0,,ocf_ni,"2016,2017,2018,2019,2020,2021,2022,2023,2024,2025","2021,2022,2023,2024,2025"
600178,东安动力,SH,汽车零部件,周期,周期性行业,行业排除,,,,,,,,,,,
600179,安通控股,SH,航运港口,周期,周期性行业,行业排除,,,,,,,,,,,
600180,*ST瑞茂,SH,物流,保留,,排除,1.838,46913930.03,-8.618381,2.989574,-1.463765,-0.393433,0.0,,"roe,interest_coverage,gross_margin,ocf_ni,net_margin","2016,2017,2018,2019,2020,2021,2022,2023,2024,2025","2021,2022,2023,2024,2025"
600182,S佳通,SH,汽车零部件,周期,周期性行业,行业排除,,,,,,,,,,,
600183,生益科技,SH,元件,保留,,通过,16.815,6337182817.93,45.603339,23.309401,1.449128,9.92202,0.0,,,"2016,2017,2018,2019,2020,2021,2022,2023,2024,2025","2021,2022,2023,2024,2025"
600184,光电股份,SH,地面兵装Ⅱ,保留,,排除,1.216,-2058222377.48,,13.964603,-4.476534,0.488435,0.0,,"roe,fcf,gross_margin,ocf_ni,net_margin","2016,2017,2018,2019,2020,2021,2022,2023,2024,2025","2021,2022,2023,2024,2025"
600185,珠免集团,SH,旅游零售Ⅱ,保留,,排除,-21.87,11430069496.93,-0.853628,29.652186,-1.633662,-4.912301,0.0,,"roe,interest_coverage,ocf_ni,net_margin","2016,2017,2018,2019,2020,2021,2022,2023,2024,2025","2021,2022,2023,2024,2025"
600186,莲花控股,SH,调味发酵品Ⅱ,保留,,排除,0.58375,164103031.18,13.478706,19.257613,1.454181,1.540209,0.0,,"roe,net_margin","2016,2017,2018,2019,2020,2021,2022,2023,2024,2025","2021,2022,2023,2024,2025"
600187,*ST国中,SH,环境治理,保留,,排除,-0.79663,156749825.43,-66.314879,23.502656,-0.357956,-9.971665,0.0,,"roe,interest_coverage,ocf_ni,net_margin","2016,2017,2018,2019,2020,2021,2022,2023,2024,2025","2021,2022,2023,2024,2025"
600188,兖矿能源,SH,煤炭开采,周期,周期性行业,行业排除,,,,,,,,,,,
600189,泉阳泉,SH,饮料乳品,保留,,排除,-7.763,842508054.49,2.319696,34.511984,11.23172,-10.377257,0.0,,"roe,net_margin","2016,2017,2018,2019,2020,2021,2022,2023,2024,2025","2021,2022,2023,2024,2025"
600191,华资实业,SH,农产品加工,保留,,排除,-1.41,-795357429.31,2.642411,10.910952,2.158263,-45.073823,0.0,,"roe,fcf,gross_margin,net_margin","2016,2017,2018,2019,2020,2021,2022,2023,2024,2025","2021,2022,2023,2024,2025"
600192,长城电工,SH,电网设备,保留,,排除,-8.12,-432403572.51,-5.278877,12.343333,0.301838,-5.903577,0.0,,"roe,fcf,interest_coverage,gross_margin,ocf_ni,net_margin","2016,2017,2018,2019,2020,2021,2022,2023,2024,2025","2021,2022,2023,2024,2025"
600195,中牧股份,SH,动物保健Ⅱ,保留,,排除,8.129,-175088508.86,11.338839,20.857868,2.788304,7.245343,0.0,,fcf,"2016,2017,2018,2019,2020,2021,2022,2023,2024,2025","2021,2022,2023,2024,2025"
600196,复星医药,SH,化学制药,保留,,排除,9.954,-3797174937.31,4.532892,48.262367,1.311399,11.182077,0.0,,fcf,"2016,2017,2018,2019,2020,2021,2022,2023,2024,2025","2021,2022,2023,2024,2025"
600197,伊力特,SH,白酒Ⅱ,保留,,排除,11.344,-693165161.94,20.042165,50.219574,0.042255,16.039158,0.0,,"fcf,ocf_ni","2016,2017,2018,2019,2020,2021,2022,2023,2024,2025","2021,2022,2023,2024,2025"
600198,大唐电信,SH,通信设备,保留,,排除,-9.76496,-779731594.8,0.63019,43.867778,-0.214356,-20.475373,0.0,,"roe,fcf,interest_coverage,ocf_ni,net_margin","2016,2017,2018,2019,2020,2021,2022,2023,2024,2025","2021,2022,2023,2024,2025"
600199,金种子酒,SH,白酒Ⅱ,保留,,排除,-3.501,-1705214746.16,-32.271572,33.89615,0.689009,-9.247916,0.0,,"roe,fcf,interest_coverage,ocf_ni,net_margin","2016,2017,2018,2019,2020,2021,2022,2023,2024,2025","2021,2022,2023,2024,2025"
600201,生物股份,SH,动物保健Ⅱ,保留,,通过,9.53,851188656.91,,56.68486,2.061508,24.223051,0.0,,,"2016,2017,2018,2019,2020,2021,2022,2023,2024,2025","2021,2022,2023,2024,2025"
600202,哈空调,SH,通用设备,保留,,排除,-0.048,-164611157.34,0.377731,13.017516,0.643081,-7.294613,0.0,,"roe,fcf,interest_coverage,gross_margin,ocf_ni,net_margin","2016,2017,2018,2019,2020,2021,2022,2023,2024,2025","2021,2022,2023,2024,2025"
600203,福日电子,SH,消费电子,保留,,排除,-5.72,-853242212.35,-0.318801,5.046873,-1.675175,-0.943273,0.0,,"roe,fcf,interest_coverage,gross_margin,ocf_ni,net_margin","2016,2017,2018,2019,2020,2021,2022,2023,2024,2025","2021,2022,2023,2024,2025"
600206,有研新材,SH,半导体,保留,,排除,4.635,-438149918.97,7.028819,6.153199,0.433058,1.604773,0.0,,"roe,fcf,gross_margin,ocf_ni,net_margin","2016,2017,2018,2019,2020,2021,2022,2023,2024,2025","2021,2022,2023,2024,2025"
600207,安彩高科,SH,光伏设备,保留,,排除,-3.798,-3999528011.21,-9.176935,7.26588,4.148247,-3.411217,0.0,,"roe,fcf,interest_coverage,gross_margin,net_margin","2016,2017,2018,2019,2020,2021,2022,2023,2024,2025","2021,2022,2023,2024,2025"
600208,衢州发展,SH,房地产开发,周期,周期性行业,行业排除,,,,,,,,,,,
600210,紫江企业,SH,包装印刷,保留,,通过,11.046,2029935286.81,17.485215,22.032729,2.064951,6.270976,0.0,,,"2016,2017,2018,2019,2020,2021,2022,2023,2024,2025","2021,2022,2023,2024,2025"
600211,西藏药业,SH,生物制品,保留,,通过,18.998,3664087083.58,,93.460972,1.472736,24.497135,0.0,,,"2016,2017,2018,2019,2020,2021,2022,2023,2024,2025","2021,2022,2023,2024,2025"
600212,绿能慧充,SH,其他电源设备Ⅱ,保留,,排除,-14.368,-416250645.47,3.050454,23.383268,-2.489207,-21.243788,0.0,,"roe,fcf,ocf_ni,net_margin","2016,2017,2018,2019,2020,2021,2022,2023,2024,2025","2021,2022,2023,2024,2025"
600215,派斯林,SH,自动化设备,保留,,排除,1.994,-594527707.52,-10.464108,9.051386,-0.83072,6.243397,0.0,,"roe,fcf,interest_coverage,gross_margin,ocf_ni","2016,2017,2018,2019,2020,2021,2022,2023,2024,2025","2021,2022,2023,2024,2025"
600216,浙江医药,SH,化学制药,保留,,排除,7.143,1552555385.02,,36.941581,1.348374,7.876984,0.0,,roe,"2016,2017,2018,2019,2020,2021,2022,2023,2024,2025","2021,2022,2023,2024,2025"
600217,中再资环,SH,环境治理,保留,,排除,9.319,1150192707.27,-7.617692,10.803515,2.975411,4.764391,0.0,,"interest_coverage,gross_margin,net_margin","2016,2017,2018,2019,2020,2021,2022,2023,2024,2025","2021,2022,2023,2024,2025"
600218,全柴动力,SH,汽车零部件,周期,周期性行业,行业排除,,,,,,,,,,,
600219,南山铝业,SH,工业金属,周期,周期性行业,行业排除,,,,,,,,,,,
600221,海航控股,SH,航空机场,周期,周期性行业,行业排除,,,,,,,,,,,
600222,太龙药业,SH,中药Ⅱ,保留,,排除,0.384,-180624805.86,1.329436,26.763005,3.870334,0.146852,0.0,,"roe,fcf,interest_coverage,net_margin","2016,2017,2018,2019,2020,2021,2022,2023,2024,2025","2021,2022,2023,2024,2025"
600223,福瑞达,SH,化妆品,保留,,排除,7.622,7898700604.02,,40.452811,8.970731,3.379133,0.0,,"roe,net_margin","2016,2017,2018,2019,2020,2021,2022,2023,2024,2025","2021,2022,2023,2024,2025"
600226,亨通股份,SH,电力,保留,,排除,2.518,-1296017152.94,12.10051,14.437493,-0.271677,-0.75096,0.0,,"roe,fcf,gross_margin,ocf_ni,net_margin","2016,2017,2018,2019,2020,2021,2022,2023,2024,2025","2021,2022,2023,2024,2025"
600227,赤天化,SH,农化制品,保留,,排除,-8.212,379777116.88,-4.436847,9.823871,-2.829502,-12.493605,0.0,,"roe,interest_coverage,gross_margin,ocf_ni,net_margin","2016,2017,2018,2019,2020,2021,2022,2023,2024,2025","2021,2022,2023,2024,2025"
600228,返利科技,SH,数字媒体,保留,,排除,3.454,28469644.71,,59.884494,1.001524,4.63347,0.0,,"roe,net_margin","2016,2017,2018,2019,2020,2021,2022,2023,2024,2025","2021,2022,2023,2024,2025"
600229,城市传媒,SH,出版,保留,,通过,8.893,1233468194.58,,29.222736,0.929739,9.892756,0.0,,,"2016,2017,2018,2019,2020,2021,2022,2023,2024,2025","2021,2022,2023,2024,2025"
600230,沧州大化,SH,化学制品,周期,周期性行业,行业排除,,,,,,,,,,,
600231,凌钢股份,SH,普钢,保留,,排除,-1.255,-2007803087.75,-18.32494,-1.398831,-0.036973,-0.475172,0.0,,"roe,fcf,interest_coverage,gross_margin,ocf_ni,net_margin","2016,2017,2018,2019,2020,2021,2022,2023,2024,2025","2021,2022,2023,2024,2025"
600232,金鹰股份,SH,专用设备,保留,,排除,2.911,213755910.43,2.058793,15.877513,2.283532,2.583039,0.0,,"roe,net_margin","2016,2017,2018,2019,2020,2021,2022,2023,2024,2025","2021,2022,2023,2024,2025"
600233,圆通速递,SH,物流,保留,,排除,15.543,643944447.76,115.425281,9.727988,1.743453,6.271155,0.0,,gross_margin,"2016,2017,2018,2019,2020,2021,2022,2023,2024,2025","2021,2022,2023,2024,2025"
600234,科新发展,SH,装修装饰Ⅱ,保留,,排除,2.449,-215169618.9,-129.442614,13.530102,-1.352431,-35.68255,0.0,,"roe,fcf,interest_coverage,gross_margin,ocf_ni,net_margin","2016,2017,2018,2019,2020,2021,2022,2023,2024,2025","2021,2022,2023,2024,2025"
600235,民丰特纸,SH,造纸,保留,,排除,2.255,-326385794.64,0.568168,15.102547,6.958911,2.112912,0.0,,"roe,fcf,interest_coverage,net_margin","2016,2017,2018,2019,2020,2021,2022,2023,2024,2025","2021,2022,2023,2024,2025"
600236,桂冠电力,SH,电力,保留,,通过,15.182,10394615423.55,8.684207,43.598053,2.546179,24.708022,0.0,,,"2016,2017,2018,2019,2020,2021,2022,2023,2024,2025","2021,2022,2023,2024,2025"
600237,铜峰电子,SH,元件,保留,,排除,0.21816,171826639.87,,24.618722,2.263065,-1.416778,0.0,,"roe,net_margin","2016,2017,2018,2019,2020,2021,2022,2023,2024,2025","2021,2022,2023,2024,2025"
600238,ST椰岛,SH,非白酒,保留,,排除,-25.102,-261997890.99,-0.985128,28.665946,0.060948,-22.852772,0.0,,"roe,fcf,interest_coverage,ocf_ni,net_margin","2016,2017,2018,2019,2020,2021,2022,2023,2024,2025","2021,2022,2023,2024,2025"
600239,ST云城,SH,房地产开发,周期,周期性行业,行业排除,,,,,,,,,,,
600241,时代万恒,SH,电池,保留,,排除,-5.045,466898315.89,,26.680061,-3.080053,-11.049212,0.0,,"roe,ocf_ni,net_margin","2016,2017,2018,2019,2020,2021,2022,2023,2024,2025","2021,2022,2023,2024,2025"
600243,*ST海华,SH,通用设备,保留,,排除,-11.632,-212010848.83,-351.318909,10.136734,0.344065,-23.992879,0.0,,"roe,fcf,interest_coverage,gross_margin,ocf_ni,net_margin","2016,2017,2018,2019,2020,2021,2022,2023,2024,2025","2021,2022,2023,2024,2025"
600246,万通发展,SH,房地产开发,周期,周期性行业,行业排除,,,,,,,,,,,
600248,陕建股份,SH,房屋建设Ⅱ,保留,,排除,15.488,-26741055813.33,0.315365,10.284354,0.225205,2.162733,0.0,,"fcf,interest_coverage,gross_margin,ocf_ni,net_margin","2016,2017,2018,2019,2020,2021,2022,2023,2024,2025","2021,2022,2023,2024,2025"
600249,两面针,SH,个护用品,保留,,排除,-0.139,-65745690.22,,17.286527,0.218436,0.39804,0.0,,"roe,fcf,ocf_ni,net_margin","2016,2017,2018,2019,2020,2021,2022,2023,2024,2025","2021,2022,2023,2024,2025"
600250,南京商旅,SH,旅游及景区,保留,,排除,8.18,254643101.72,3.457344,23.026081,3.743561,4.181166,0.0,,net_margin,"2016,2017,2018,2019,2020,2021,2022,2023,2024,2025","2021,2022,2023,2024,2025"
600251,冠农股份,SH,农产品加工,保留,,排除,9.246,1148809418.48,16.551513,10.18608,1.24164,8.912404,0.0,,gross_margin,"2016,2017,2018,2019,2020,2021,2022,2023,2024,2025","2021,2022,2023,2024,2025"
600252,中恒集团,SH,中药Ⅱ,保留,,排除,4.712,-339228086.22,,57.721647,0.232894,8.940352,0.0,,"roe,fcf,ocf_ni","2016,2017,2018,2019,2020,2021,2022,2023,2024,2025","2021,2022,2023,2024,2025"
600255,鑫科材料,SH,金属新材料,保留,,排除,-8.355,-1168840741.2,0.987462,8.947364,-0.98794,-4.256678,0.0,,"roe,fcf,interest_coverage,gross_margin,ocf_ni,net_margin","2016,2017,2018,2019,2020,2021,2022,2023,2024,2025","2021,2022,2023,2024,2025"
600256,广汇能源,SH,煤炭开采,周期,周期性行业,行业排除,,,,,,,,,,,
600257,大湖股份,SH,渔业,保留,,排除,-4.2,450070754.83,1.923309,25.268441,4.077498,-3.617387,0.0,,"roe,interest_coverage,net_margin","2016,2017,2018,2019,2020,2021,2022,2023,2024,2025","2021,2022,2023,2024,2025"
600258,首旅酒店,SH,酒店餐饮,保留,,排除,5.406,11461803497.91,4.065207,31.639895,10.440277,4.286546,0.0,,"roe,net_margin","2016,2017,2018,2019,2020,2021,2022,2023,2024,2025","2021,2022,2023,2024,2025"
600259,中稀有色,SH,小金属,周期,周期性行业,行业排除,,,,,,,,,,,
600261,阳光照明,SH,照明设备Ⅱ,保留,,通过,9.512,1227606459.62,,31.558225,1.329778,7.705927,0.0,,,"2016,2017,2018,2019,2020,2021,2022,2023,2024,2025","2021,2022,2023,2024,2025"
600262,北方股份,SH,专用设备,保留,,排除,7.665,1006933736.05,,18.128427,1.40707,5.487118,0.0,,roe,"2016,2017,2018,2019,2020,2021,2022,2023,2024,2025","2021,2022,2023,2024,2025"
600265,*ST景谷,SH,林业Ⅱ,保留,,排除,-25.38375,-264469952.94,-14.833169,2.517687,3.685122,-21.038587,0.0,,"roe,fcf,interest_coverage,gross_margin,net_margin","2016,2017,2018,2019,2020,2021,2022,2023,2024,2025","2021,2022,2023,2024,2025"
600266,城建发展,SH,房地产开发,周期,周期性行业,行业排除,,,,,,,,,,,
600267,海正药业,SH,化学制药,保留,,排除,2.569,7575648015.53,10.317415,43.157856,-0.046127,1.735762,0.0,,"roe,ocf_ni,net_margin","2016,2017,2018,2019,2020,2021,2022,2023,2024,2025","2021,2022,2023,2024,2025"
600268,国电南自,SH,电网设备,保留,,排除,5.848,3788296340.31,48.281129,24.27788,2.955617,2.296941,0.0,,"roe,net_margin","2016,2017,2018,2019,2020,2021,2022,2023,2024,2025","2021,2022,2023,2024,2025"
600269,赣粤高速,SH,铁路公路,周期,周期性行业,行业排除,,,,,,,,,,,
600271,航天信息,SH,IT服务Ⅱ,保留,,排除,8.31,1046028341.03,,24.758166,-0.414449,2.428101,0.0,,"ocf_ni,net_margin","2016,2017,2018,2019,2020,2021,2022,2023,2024,2025","2021,2022,2023,2024,2025"
600272,开开实业,SH,医药商业,保留,,排除,5.158,-82512351.44,4.882109,20.766844,2.579849,3.100826,0.0,,"roe,fcf,net_margin","2016,2017,2018,2019,2020,2021,2022,2023,2024,2025","2021,2022,2023,2024,2025"
600273,嘉化能源,SH,化学制品,周期,周期性行业,行业排除,,,,,,,,,,,
600276,恒瑞医药,SH,化学制药,保留,,通过,18.148,21714168467.94,,85.235094,1.132044,21.734842,0.0,,,"2016,2017,2018,2019,2020,2021,2022,2023,2024,2025","2021,2022,2023,2024,2025"
600278,东方创业,SH,贸易Ⅱ,保留,,排除,4.224,605547448.99,11.619443,4.828386,0.629052,0.790171,0.0,,"roe,gross_margin,ocf_ni,net_margin","2016,2017,2018,2019,2020,2021,2022,2023,2024,2025","2021,2022,2023,2024,2025"
600279,重庆港,SH,航运港口,周期,周期性行业,行业排除,,,,,,,,,,,
600280,中央商场,SH,一般零售,保留,,排除,-15.388,1825628875.25,-0.574389,53.573671,-2.079516,-3.460904,0.0,,"roe,interest_coverage,ocf_ni,net_margin","2016,2017,2018,2019,2020,2021,2022,2023,2024,2025","2021,2022,2023,2024,2025"
600281,华阳新材,SH,小金属,周期,周期性行业,行业排除,,,,,,,,,,,
600282,南钢股份,SH,普钢,保留,,排除,15.373,2495872165.17,7.107826,11.896158,1.389066,5.003001,0.0,,gross_margin,"2016,2017,2018,2019,2020,2021,2022,2023,2024,2025","2021,2022,2023,2024,2025"
600283,钱江水利,SH,环境治理,保留,,排除,6.051,-192354932.93,4.912705,36.46812,3.049883,8.048369,0.0,,"roe,fcf","2016,2017,2018,2019,2020,2021,2022,2023,2024,2025","2021,2022,2023,2024,2025"
600284,浦东建设,SH,基础建设,周期,周期性行业,行业排除,,,,,,,,,,,
600285,羚锐制药,SH,中药Ⅱ,保留,,通过,17.125,3626732122.6,,75.138507,1.501341,16.165556,0.0,,,"2016,2017,2018,2019,2020,2021,2022,2023,2024,2025","2021,2022,2023,2024,2025"
600287,苏豪时尚,SH,贸易Ⅱ,保留,,排除,0.773,-308366177.43,,13.730762,3.499309,-0.407857,0.0,,"roe,fcf,gross_margin,net_margin","2016,2017,2018,2019,2020,2021,2022,2023,2024,2025","2021,2022,2023,2024,2025"
600288,大恒科技,SH,软件开发,保留,,排除,3.116,70529651.85,87.605791,33.434003,-0.624002,2.138463,0.0,,"roe,ocf_ni,net_margin","2016,2017,2018,2019,2020,2021,2022,2023,2024,2025","2021,2022,2023,2024,2025"
600289,ST信通,SH,通信服务,保留,,排除,-50.40625,-146919503.34,,50.606895,-0.159827,-104.96744,0.0,,"roe,fcf,ocf_ni,net_margin","2016,2017,2018,2019,2020,2021,2022,2023,2024,2025","2021,2022,2023,2024,2025"
600292,电投水电,SH,电力,保留,,排除,2.049,1841005897.04,1.844777,20.479953,5.299606,2.660235,0.0,,"roe,interest_coverage,net_margin","2016,2017,2018,2019,2020,2021,2022,2023,2024,2025","2021,2022,2023,2024,2025"
600293,三峡新材,SH,玻璃玻纤,周期,周期性行业,行业排除,,,,,,,,,,,
600295,鄂尔多斯,SH,冶钢原料,保留,,通过,13.933,28487884170.77,62.973656,26.66044,2.037887,7.514848,0.0,,,"2016,2017,2018,2019,2020,2021,2022,2023,2024,2025","2021,2022,2023,2024,2025"
600298,安琪酵母,SH,调味发酵品Ⅱ,保留,,排除,18.248,-1809203944.33,13.840704,24.913148,1.14184,11.548511,0.0,,fcf,"2016,2017,2018,2019,2020,2021,2022,2023,2024,2025","2021,2022,2023,2024,2025"
600299,安迪苏,SH,化学制品,周期,周期性行业,行业排除,,,,,,,,,,,
600300,维维股份,SH,饮料乳品,保留,,排除,6.618,1802778296.92,,23.649849,2.324489,4.882431,0.0,,"roe,net_margin","2016,2017,2018,2019,2020,2021,2022,2023,2024,2025","2021,2022,2023,2024,2025"
600301,华锡有色,SH,小金属,周期,周期性行业,行业排除,,,,,,,,,,,
600302,ST标准,SH,专用设备,保留,,排除,-8.216,45786941.12,,15.580951,-0.168793,-13.665325,0.0,,"roe,ocf_ni,net_margin","2016,2017,2018,2019,2020,2021,2022,2023,2024,2025","2021,2022,2023,2024,2025"
600303,曙光股份,SH,商用车,保留,,排除,-9.684,-1251500030.07,-7.945846,2.346808,0.451722,-10.951399,0.0,,"roe,fcf,interest_coverage,gross_margin,ocf_ni,net_margin","2016,2017,2018,2019,2020,2021,2022,2023,2024,2025","2021,2022,2023,2024,2025"
600305,恒顺醋业,SH,调味发酵品Ⅱ,保留,,通过,9.464,316584582.02,,34.409647,2.511637,11.024604,0.0,,,"2016,2017,2018,2019,2020,2021,2022,2023,2024,2025","2021,2022,2023,2024,2025"
600307,酒钢宏兴,SH,普钢,保留,,排除,-4.722,-10668736308.26,-3.033465,7.270539,0.328995,-1.148861,0.0,,"roe,fcf,interest_coverage,gross_margin,ocf_ni,net_margin","2016,2017,2018,2019,2020,2021,2022,2023,2024,2025","2021,2022,2023,2024,2025"
600308,华泰股份,SH,造纸,保留,,排除,5.5077,-1178060230.73,-0.01076,8.732996,2.776793,3.194358,0.0,,"roe,fcf,interest_coverage,gross_margin,net_margin","2016,2017,2018,2019,2020,2021,2022,2023,2024,2025","2021,2022,2023,2024,2025"
600309,万华化学,SH,化学制品,周期,周期性行业,行业排除,,,,,,,,,,,
600310,广西能源,SH,电力,保留,,排除,2.4,-3574094485.34,-0.102603,13.21571,77.325429,0.226128,0.0,,"roe,fcf,interest_coverage,gross_margin,net_margin","2016,2017,2018,2019,2020,2021,2022,2023,2024,2025","2021,2022,2023,2024,2025"
600312,平高电气,SH,电网设备,保留,,排除,6.132,8149427321.26,,19.741307,6.048379,5.438748,0.0,,roe,"2016,2017,2018,2019,2020,2021,2022,2023,2024,2025","2021,2022,2023,2024,2025"
600313,农发种业,SH,种植业,保留,,排除,2.012,354674838.28,14.896934,8.77753,1.500216,0.49774,0.0,,"roe,gross_margin,net_margin","2016,2017,2018,2019,2020,2021,2022,2023,2024,2025","2021,2022,2023,2024,2025"
600315,上海家化,SH,化妆品,保留,,排除,5.171,2288557690.37,40.407836,59.000564,1.162266,4.267749,0.0,,"roe,net_margin","2016,2017,2018,2019,2020,2021,2022,2023,2024,2025","2021,2022,2023,2024,2025"
600316,洪都航空,SH,航空装备Ⅱ,保留,,排除,1.508,-452103611.43,,3.015236,-0.880846,1.693448,0.0,,"roe,fcf,gross_margin,ocf_ni,net_margin","2016,2017,2018,2019,2020,2021,2022,2023,2024,2025","2021,2022,2023,2024,2025"
600318,新力金融,SH,多元金融,金融,金融行业,行业排除,,,,,,,,,,,
600319,亚星化学,SH,化学原料,周期,周期性行业,行业排除,,,,,,,,,,,
600320,振华重工,SH,专用设备,保留,,排除,2.949,16784664177.0,3.354997,12.593538,8.024581,1.630473,-0.002238,,"roe,gross_margin,net_margin","2016,2017,2018,2019,2020,2021,2022,2023,2024,2025","2021,2022,2023,2024,2025"
600322,津投城开,SH,房地产开发,周期,周期性行业,行业排除,,,,,,,,,,,
600323,瀚蓝环境,SH,环境治理,保留,,通过,13.264,1418036351.04,3.663635,26.14991,1.372872,13.456538,0.0,,,"2016,2017,2018,2019,2020,2021,2022,2023,2024,2025","2021,2022,2023,2024,2025"
600325,华发股份,SH,房地产开发,周期,周期性行业,行业排除,,,,,,,,,,,
600326,西藏天路,SH,水泥,周期,周期性行业,行业排除,,,,,,,,,,,
600327,大东方,SH,一般零售,保留,,排除,7.067,857834234.17,-4.261448,16.291765,2.8178,2.720398,0.0,,"roe,interest_coverage,net_margin","2016,2017,2018,2019,2020,2021,2022,2023,2024,2025","2021,2022,2023,2024,2025"
600328,中盐化工,SH,化学原料,周期,周期性行业,行业排除,,,,,,,,,,,
600329,达仁堂,SH,中药Ⅱ,保留,,排除,15.42,2961668474.07,,49.210655,0.6446,15.038157,0.0,,ocf_ni,"2016,2017,2018,2019,2020,2021,2022,2023,2024,2025","2021,2022,2023,2024,2025"
600330,天通股份,SH,电子化学品Ⅱ,保留,,排除,5.1597,-1419441410.47,,22.444747,1.080526,7.406812,0.0,,"roe,fcf","2016,2017,2018,2019,2020,2021,2022,2023,2024,2025","2021,2022,2023,2024,2025"
600331,宏达股份,SH,农化制品,保留,,排除,-10.848,32022855.19,-4.52975,8.044871,3.549371,-17.839232,0.0,,"roe,interest_coverage,gross_margin,net_margin","2016,2017,2018,2019,2020,2021,2022,2023,2024,2025","2021,2022,2023,2024,2025"
600332,白云山,SH,中药Ⅱ,保留,,通过,12.102,13350852339.27,12.902961,17.930583,1.087533,5.913605,0.0,,,"2016,2017,2018,2019,2020,2021,2022,2023,2024,2025","2021,2022,2023,2024,2025"
600333,长春燃气,SH,燃气Ⅱ,保留,,排除,-0.439,298093327.06,0.276552,17.642554,-7.855362,-0.275305,0.0,,"roe,interest_coverage,ocf_ni,net_margin","2016,2017,2018,2019,2020,2021,2022,2023,2024,2025","2021,2022,2023,2024,2025"
600335,国机汽车,SH,汽车服务,周期,周期性行业,行业排除,,,,,,,,,,,
600336,澳柯玛,SH,白色家电,保留,,排除,3.735,-777077778.25,-9.906569,14.396389,-1.165756,1.043698,0.0,,"roe,fcf,interest_coverage,gross_margin,ocf_ni,net_margin","2016,2017,2018,2019,2020,2021,2022,2023,2024,2025","2021,2022,2023,2024,2025"
600337,ST美克,SH,家居用品,保留,,排除,-11.769,658090441.61,-10.456708,34.81284,0.338854,-7.728228,0.0,,"roe,interest_coverage,ocf_ni,net_margin","2016,2017,2018,2019,2020,2021,2022,2023,2024,2025","2021,2022,2023,2024,2025"
600338,西藏珠峰,SH,工业金属,周期,周期性行业,行业排除,,,,,,,,,,,
600339,中油工程,SH,油服工程,保留,,排除,2.996,1485597768.79,3.196172,7.765509,2.916546,1.128945,0.0,,"roe,gross_margin,net_margin","2016,2017,2018,2019,2020,2021,2022,2023,2024,2025","2021,2022,2023,2024,2025"
600340,*ST华幸,SH,房地产开发,周期,周期性行业,行业排除,,,,,,,,,,,
600343,航天动力,SH,通用设备,保留,,排除,-4.896816,-268123607.2,-17.529412,9.040396,-0.016758,-8.663647,0.0,,"roe,fcf,interest_coverage,gross_margin,ocf_ni,net_margin","2016,2017,2018,2019,2020,2021,2022,2023,2024,2025","2021,2022,2023,2024,2025"
600345,长江通信,SH,通信设备,保留,,排除,8.086,-357659196.48,,27.837362,-0.136701,56.807364,0.0,,"fcf,ocf_ni","2016,2017,2018,2019,2020,2021,2022,2023,2024,2025","2021,2022,2023,2024,2025"
600346,恒力石化,SH,炼化及贸易,保留,,排除,16.795,14241780595.21,2.123371,11.567467,4.686519,5.549799,0.0,,gross_margin,"2016,2017,2018,2019,2020,2021,2022,2023,2024,2025","2021,2022,2023,2024,2025"
600348,华阳股份,SH,煤炭开采,周期,周期性行业,行业排除,,,,,,,,,,,
600350,山东高速,SH,铁路公路,周期,周期性行业,行业排除,,,,,,,,,,,
600351,亚宝药业,SH,中药Ⅱ,保留,,排除,5.848,2100327056.18,,55.790296,2.593556,6.382129,0.0,,roe,"2016,2017,2018,2019,2020,2021,2022,2023,2024,2025","2021,2022,2023,2024,2025"
600352,浙江龙盛,SH,化学制品,周期,周期性行业,行业排除,,,,,,,,,,,
600353,旭光电子,SH,其他电子Ⅱ,保留,,排除,5.60459,-598476433.33,11.623589,24.509406,0.274441,6.0876,0.0,,"roe,fcf,ocf_ni","2016,2017,2018,2019,2020,2021,2022,2023,2024,2025","2021,2022,2023,2024,2025"
600354,敦煌种业,SH,种植业,保留,,排除,-4.459,1238793407.3,72.06185,28.477916,9.925501,-5.82281,0.0,,"roe,net_margin","2016,2017,2018,2019,2020,2021,2022,2023,2024,2025","2021,2022,2023,2024,2025"
600356,恒丰纸业,SH,造纸,保留,,排除,5.107,402476768.52,29.676258,18.519324,1.633683,5.724004,0.0,,roe,"2016,2017,2018,2019,2020,2021,2022,2023,2024,2025","2021,2022,2023,2024,2025"
600358,国旅联合,SH,广告营销,保留,,排除,-18.289,-78730869.67,-2.771369,7.594383,1.91959,-23.374198,0.0,,"roe,fcf,interest_coverage,gross_margin,net_margin","2016,2017,2018,2019,2020,2021,2022,2023,2024,2025","2021,2022,2023,2024,2025"
600359,新农开发,SH,种植业,保留,,排除,-1.011,-539151724.93,-1.178332,23.803059,0.619638,-0.258218,0.0,,"roe,fcf,interest_coverage,ocf_ni,net_margin","2016,2017,2018,2019,2020,2021,2022,2023,2024,2025","2021,2022,2023,2024,2025"
600360,华微电子,SH,半导体,保留,,排除,3.035,-588561097.67,,23.363148,4.546262,4.500783,0.0,,"roe,fcf,net_margin","2016,2017,2018,2019,2020,2021,2022,2023,2024,2025","2021,2022,2023,2024,2025"
600361,创新新材,SH,工业金属,周期,周期性行业,行业排除,,,,,,,,,,,
600362,江西铜业,SH,工业金属,周期,周期性行业,行业排除,,,,,,,,,,,
600363,联创光电,SH,消费电子,保留,,排除,8.529,119907397.37,8.262986,17.178448,0.664485,7.802094,0.0,,ocf_ni,"2016,2017,2018,2019,2020,2021,2022,2023,2024,2025","2021,2022,2023,2024,2025"
600365,ST通葡,SH,非白酒,保留,,排除,-10.163,-2048907296.99,-4.913358,17.547479,-7.523874,-4.515781,0.0,,"roe,fcf,interest_coverage,ocf_ni,net_margin","2016,2017,2018,2019,2020,2021,2022,2023,2024,2025","2021,2022,2023,2024,2025"
600366,宁波韵升,SH,金属新材料,保留,,排除,5.61,-474071420.38,107.615967,16.559711,0.018606,10.942927,0.0,,"roe,fcf,ocf_ni","2016,2017,2018,2019,2020,2021,2022,2023,2024,2025","2021,2022,2023,2024,2025"
600367,红星发展,SH,化学原料,周期,周期性行业,行业排除,,,,,,,,,,,
600368,五洲交通,SH,铁路公路,周期,周期性行业,行业排除,,,,,,,,,,,
600369,西南证券,SH,证券Ⅱ,金融,金融行业,行业排除,,,,,,,,,,,
600370,*ST三房,SH,化学纤维,保留,,排除,7.351,-7013559768.7,-3.240802,1.74687,1.80484,1.962928,0.0,,"roe,fcf,interest_coverage,gross_margin,net_margin","2016,2017,2018,2019,2020,2021,2022,2023,2024,2025","2021,2022,2023,2024,2025"
600371,万向德农,SH,种植业,保留,,排除,10.198,77213931.76,,37.335235,-0.851461,18.9985,0.0,,ocf_ni,"2016,2017,2018,2019,2020,2021,2022,2023,2024,2025","2021,2022,2023,2024,2025"
600372,中航机载,SH,航空装备Ⅱ,保留,,排除,7.329,-10017490793.26,7.252301,28.847266,-0.186654,6.274095,0.0,,"roe,fcf,ocf_ni","2016,2017,2018,2019,2020,2021,2022,2023,2024,2025","2021,2022,2023,2024,2025"
600373,中文传媒,SH,出版,保留,,通过,10.418,5288856509.24,,38.310398,0.742123,13.773145,0.0,,,"2016,2017,2018,2019,2020,2021,2022,2023,2024,2025","2021,2022,2023,2024,2025"
600375,汉马科技,SH,商用车,保留,,排除,-28.404444,-1782185714.44,0.797721,2.054609,-0.412657,-9.239787,0.0,,"roe,fcf,interest_coverage,gross_margin,ocf_ni,net_margin","2016,2017,2018,2019,2020,2021,2022,2023,2024,2025","2021,2022,2023,2024,2025"
600376,首开股份,SH,房地产开发,周期,周期性行业,行业排除,,,,,,,,,,,
600377,宁沪高速,SH,铁路公路,周期,周期性行业,行业排除,,,,,,,,,,,
600378,昊华科技,SH,化学制品,周期,周期性行业,行业排除,,,,,,,,,,,
600379,宝光股份,SH,电网设备,保留,,排除,8.66401,306479402.74,314.935027,18.901139,1.594464,4.923579,0.0,,net_margin,"2016,2017,2018,2019,2020,2021,2022,2023,2024,2025","2021,2022,2023,2024,2025"
600380,健康元,SH,化学制药,保留,,通过,12.487,12452137271.79,,62.976267,2.567188,8.986739,0.0,,,"2016,2017,2018,2019,2020,2021,2022,2023,2024,2025","2021,2022,2023,2024,2025"
600381,*ST春天,SH,食品加工,保留,,排除,-5.375,-164899442.67,,39.153784,0.115749,-71.735728,0.0,,"roe,fcf,ocf_ni,net_margin","2016,2017,2018,2019,2020,2021,2022,2023,2024,2025","2021,2022,2023,2024,2025"
600382,广东明珠,SH,冶钢原料,保留,,排除,7.909,388567439.51,52.696977,68.064703,-0.02822,39.166291,0.0,,"roe,ocf_ni","2016,2017,2018,2019,2020,2021,2022,2023,2024,2025","2021,2022,2023,2024,2025"
600383,金地集团,SH,房地产开发,周期,周期性行业,行业排除,,,,,,,,,,,
600386,北巴传媒,SH,汽车服务,周期,周期性行业,行业排除,,,,,,,,,,,
600388,龙净环保,SH,环保设备Ⅱ,保留,,排除,13.116,-231445210.88,13.81157,24.051675,1.97522,7.709406,0.0,,fcf,"2016,2017,2018,2019,2020,2021,2022,2023,2024,2025","2021,2022,2023,2024,2025"
600389,江山股份,SH,农化制品,保留,,通过,20.076,833958195.03,52.736781,20.271789,1.400467,8.429226,0.0,,,"2016,2017,2018,2019,2020,2021,2022,2023,2024,2025","2021,2022,2023,2024,2025"
600390,五矿资本,SH,多元金融,金融,金融行业,行业排除,,,,,,,,,,,
600391,航发科技,SH,航空装备Ⅱ,保留,,排除,0.17,-718656459.92,2.54574,13.179796,0.097955,-0.282556,0.0,,"roe,fcf,gross_margin,ocf_ni,net_margin","2016,2017,2018,2019,2020,2021,2022,2023,2024,2025","2021,2022,2023,2024,2025"
600392,盛和资源,SH,小金属,周期,周期性行业,行业排除,,,,,,,,,,,
600395,盘江股份,SH,煤炭开采,周期,周期性行业,行业排除,,,,,,,,,,,
600396,华电辽能,SH,电力,保留,,排除,-24.225,-870948818.93,1.457616,1.640556,9.491113,-4.166476,0.0,,"roe,fcf,interest_coverage,gross_margin,net_margin","2016,2017,2018,2019,2020,2021,2022,2023,2024,2025","2021,2022,2023,2024,2025"
600397,江钨装备,SH,专用设备,保留,,排除,-30.695,29589035.08,-2.788088,4.998476,-0.176518,-9.841742,0.0,,"roe,interest_coverage,gross_margin,ocf_ni,net_margin","2016,2017,2018,2019,2020,2021,2022,2023,2024,2025","2021,2022,2023,2024,2025"
600398,海澜之家,SH,服装家纺,保留,,通过,20.916,17079450504.52,,43.478591,1.624214,13.72877,0.0,,,"2016,2017,2018,2019,2020,2021,2022,2023,2024,2025","2021,2022,2023,2024,2025"
600399,抚顺特钢,SH,特钢Ⅱ,保留,,排除,108.613333,-3257436965.13,-18.00027,12.329939,-0.102627,3.914273,0.0,,"fcf,interest_coverage,gross_margin,ocf_ni,net_margin","2016,2017,2018,2019,2020,2021,2022,2023,2024,2025","2021,2022,2023,2024,2025"
600400,红豆股份,SH,服装家纺,保留,,排除,1.04,12723971.46,-17.502475,34.345003,4.210544,2.768783,0.0,,"roe,interest_coverage,net_margin","2016,2017,2018,2019,2020,2021,2022,2023,2024,2025","2021,2022,2023,2024,2025"
600403,大有能源,SH,煤炭开采,周期,周期性行业,行业排除,,,,,,,,,,,
600405,动力源,SH,其他电源设备Ⅱ,保留,,排除,-32.972,-644427078.61,-6.262257,21.121593,-1.193694,-22.182263,0.0,,"roe,fcf,interest_coverage,ocf_ni,net_margin","2016,2017,2018,2019,2020,2021,2022,2023,2024,2025","2021,2022,2023,2024,2025"
600406,国电南瑞,SH,电网设备,保留,,通过,15.922,37220185616.01,,26.626679,1.351542,13.178319,0.0,,,"2016,2017,2018,2019,2020,2021,2022,2023,2024,2025","2021,2022,2023,2024,2025"
600408,安泰集团,SH,焦炭Ⅱ,保留,,排除,-3.697,760076674.55,-2.377718,0.466517,-0.052258,-2.175194,0.0,,"roe,interest_coverage,gross_margin,ocf_ni,net_margin","2016,2017,2018,2019,2020,2021,2022,2023,2024,2025","2021,2022,2023,2024,2025"
600409,三友化工,SH,化学原料,周期,周期性行业,行业排除,,,,,,,,,,,
600410,华胜天成,SH,IT服务Ⅱ,保留,,排除,-0.31,559318767.96,3.559449,12.632681,4.984445,-0.390817,0.0,,"roe,gross_margin,net_margin","2016,2017,2018,2019,2020,2021,2022,2023,2024,2025","2021,2022,2023,2024,2025"
600415,小商品城,SH,一般零售,保留,,通过,11.718,7831289683.22,,27.578151,1.489363,21.659793,0.0,,,"2016,2017,2018,2019,2020,2021,2022,2023,2024,2025","2021,2022,2023,2024,2025"
600416,湘电股份,SH,电机Ⅱ,保留,,排除,-5.499,564472002.17,6.366076,18.827641,1.283417,-3.329716,0.0,,"roe,net_margin","2016,2017,2018,2019,2020,2021,2022,2023,2024,2025","2021,2022,2023,2024,2025"
600418,江淮汽车,SH,商用车,保留,,排除,-2.864,5829323417.9,,9.966736,5.31187,-0.929858,0.0,,"roe,gross_margin,net_margin","2016,2017,2018,2019,2020,2021,2022,2023,2024,2025","2021,2022,2023,2024,2025"
600419,天润乳业,SH,饮料乳品,保留,,排除,8.853,-1253957590.69,9.269227,17.233434,7.868919,6.521451,0.0,,fcf,"2016,2017,2018,2019,2020,2021,2022,2023,2024,2025","2021,2022,2023,2024,2025"
600420,国药现代,SH,化学制药,保留,,通过,8.168,8540061539.93,,38.358899,2.775235,6.267719,0.0,,,"2016,2017,2018,2019,2020,2021,2022,2023,2024,2025","2021,2022,2023,2024,2025"
600422,昆药集团,SH,中药Ⅱ,保留,,通过,9.534,1739601821.99,10.369631,42.281834,0.925342,6.009213,0.0,,,"2016,2017,2018,2019,2020,2021,2022,2023,2024,2025","2021,2022,2023,2024,2025"
600423,*ST柳化,SH,化学原料,周期,周期性行业,行业排除,,,,,,,,,,,
600425,青松建化,SH,水泥,周期,周期性行业,行业排除,,,,,,,,,,,
600426,华鲁恒升,SH,农化制品,保留,,排除,18.474,-2297497353.96,16.164225,24.615389,1.129539,15.834888,0.0,,fcf,"2016,2017,2018,2019,2020,2021,2022,2023,2024,2025","2021,2022,2023,2024,2025"
600428,中远海特,SH,航运港口,周期,周期性行业,行业排除,,,,,,,,,,,
600429,三元股份,SH,饮料乳品,保留,,排除,1.9385,-38076891.1,-3.656669,24.581436,0.467987,1.179073,0.0,,"roe,fcf,interest_coverage,ocf_ni,net_margin","2016,2017,2018,2019,2020,2021,2022,2023,2024,2025","2021,2022,2023,2024,2025"
600433,冠豪高新,SH,造纸,保留,,排除,3.033,-976641348.02,-6.447571,10.637624,3.762276,2.873247,0.0,,"roe,fcf,interest_coverage,gross_margin,net_margin","2016,2017,2018,2019,2020,2021,2022,2023,2024,2025","2021,2022,2023,2024,2025"
600435,北方导航,SH,地面兵装Ⅱ,保留,,排除,3.898,-297054436.86,,21.073328,-0.948832,2.964467,0.0,,"roe,fcf,ocf_ni,net_margin","2016,2017,2018,2019,2020,2021,2022,2023,2024,2025","2021,2022,2023,2024,2025"
600436,片仔癀,SH,中药Ⅱ,保留,,通过,21.907,9115166055.15,125.865506,44.456691,0.84717,25.676251,0.0,,,"2016,2017,2018,2019,2020,2021,2022,2023,2024,2025","2021,2022,2023,2024,2025"
600438,通威股份,SH,光伏设备,保留,,排除,14.143,-22450858331.02,-4.241103,19.757783,0.915555,5.644175,0.0,,"fcf,interest_coverage","2016,2017,2018,2019,2020,2021,2022,2023,2024,2025","2021,2022,2023,2024,2025"
600439,ST瑞贝卡,SH,饰品,保留,,排除,2.939,926157488.13,-0.792577,30.91071,3.413685,3.920569,0.0,,"roe,interest_coverage,net_margin","2016,2017,2018,2019,2020,2021,2022,2023,2024,2025","2021,2022,2023,2024,2025"
600444,国机通用,SH,专用设备,保留,,通过,10.263,230423324.54,,15.194977,0.851028,7.92675,0.0,,,"2016,2017,2018,2019,2020,2021,2022,2023,2024,2025","2021,2022,2023,2024,2025"
600446,金证股份,SH,IT服务Ⅱ,保留,,排除,6.483,1227622141.68,-17.513485,25.780737,-1.010306,2.094043,0.0,,"roe,interest_coverage,ocf_ni,net_margin","2016,2017,2018,2019,2020,2021,2022,2023,2024,2025","2021,2022,2023,2024,2025"
600448,华纺股份,SH,纺织制造,保留,,排除,-3.292,-146461639.41,-3.098862,11.636667,3.752183,-1.222939,0.0,,"roe,fcf,interest_coverage,gross_margin,net_margin","2016,2017,2018,2019,2020,2021,2022,2023,2024,2025","2021,2022,2023,2024,2025"
600449,宁夏建材,SH,水泥,周期,周期性行业,行业排除,,,,,,,,,,,
600452,涪陵电力,SH,电力,保留,,通过,17.578,2389791763.44,,21.197339,2.6083,14.372286,0.0,,,"2016,2017,2018,2019,2020,2021,2022,2023,2024,2025","2021,2022,2023,2024,2025"
600455,博通股份,SH,软件开发,保留,,排除,9.56927,-186607695.22,9.589637,51.996522,3.34727,8.037001,0.0,,fcf,"2016,2017,2018,2019,2020,2021,2022,2023,2024,2025","2021,2022,2023,2024,2025"
600456,宝钛股份,SH,小金属,周期,周期性行业,行业排除,,,,,,,,,,,
600458,时代新材,SH,综合Ⅱ,保留,,排除,3.968,223107753.72,3.12378,14.292822,1.690187,1.252355,0.0,,"roe,gross_margin,net_margin","2016,2017,2018,2019,2020,2021,2022,2023,2024,2025","2021,2022,2023,2024,2025"
600459,贵研铂业,SH,小金属,周期,周期性行业,行业排除,,,,,,,,,,,
600460,士兰微,SH,半导体,保留,,排除,7.087,-3526000241.3,0.800161,24.555347,-0.451387,5.633251,0.0,,"roe,fcf,interest_coverage,ocf_ni","2016,2017,2018,2019,2020,2021,2022,2023,2024,2025","2021,2022,2023,2024,2025"
600461,洪城环境,SH,环境治理,保留,,通过,12.308,941852370.87,8.04972,30.499748,1.794044,10.946425,0.0,,,"2016,2017,2018,2019,2020,2021,2022,2023,2024,2025","2021,2022,2023,2024,2025"
600463,空港股份,SH,房地产开发,周期,周期性行业,行业排除,,,,,,,,,,,
600467,好当家,SH,渔业,保留,,排除,1.668,205694923.02,0.220968,19.465685,11.249132,4.562979,0.0,,"roe,interest_coverage,net_margin","2016,2017,2018,2019,2020,2021,2022,2023,2024,2025","2021,2022,2023,2024,2025"
600468,百利电气,SH,电网设备,保留,,排除,3.603,701527290.64,11.763374,24.242372,1.26389,3.798189,0.0,,"roe,net_margin","2016,2017,2018,2019,2020,2021,2022,2023,2024,2025","2021,2022,2023,2024,2025"
600469,风神股份,SH,汽车零部件,周期,周期性行业,行业排除,,,,,,,,,,,
600470,六国化工,SH,农化制品,保留,,排除,-3.858,-1085841901.26,-9.802567,9.648409,7.373158,-1.809301,0.0,,"roe,fcf,interest_coverage,gross_margin,net_margin","2016,2017,2018,2019,2020,2021,2022,2023,2024,2025","2021,2022,2023,2024,2025"
600475,华光环能,SH,电力,保留,,通过,9.12204,51581194.31,4.343304,19.003499,1.577806,7.698278,0.0,,,"2016,2017,2018,2019,2020,2021,2022,2023,2024,2025","2021,2022,2023,2024,2025"
600476,*ST湘邮,SH,IT服务Ⅱ,保留,,排除,-5.829333,-145387461.86,-22.851319,12.06356,1.60432,-13.173696,0.0,,"roe,fcf,interest_coverage,gross_margin,net_margin","2016,2017,2018,2019,2020,2021,2022,2023,2024,2025","2021,2022,2023,2024,2025"
600477,杭萧钢构,SH,专业工程,周期,周期性行业,行业排除,,,,,,,,,,,
600478,科力远,SH,电池,保留,,排除,-1.54,-184606121.78,0.448158,13.513768,2.35554,-1.623346,0.0,,"roe,fcf,interest_coverage,gross_margin,net_margin","2016,2017,2018,2019,2020,2021,2022,2023,2024,2025","2021,2022,2023,2024,2025"
600479,千金药业,SH,中药Ⅱ,保留,,通过,12.261,2219381657.41,,45.7864,1.764135,7.43941,0.0,,,"2016,2017,2018,2019,2020,2021,2022,2023,2024,2025","2021,2022,2023,2024,2025"
600480,凌云股份,SH,汽车零部件,周期,周期性行业,行业排除,,,,,,,,,,,
600481,双良节能,SH,光伏设备,保留,,排除,3.343,-5942481839.98,-3.259135,12.272078,-0.840836,2.853769,0.0,,"roe,fcf,interest_coverage,gross_margin,ocf_ni,net_margin","2016,2017,2018,2019,2020,2021,2022,2023,2024,2025","2021,2022,2023,2024,2025"
600482,中国动力,SH,其他电源设备Ⅱ,保留,,排除,3.26,33360950906.3,,13.982096,8.642453,2.832694,0.0,,"roe,gross_margin,net_margin","2016,2017,2018,2019,2020,2021,2022,2023,2024,2025","2021,2022,2023,2024,2025"
600483,福能股份,SH,电力,保留,,通过,10.476,2953230814.01,11.961824,24.14042,1.636853,15.557707,0.0,,,"2016,2017,2018,2019,2020,2021,2022,2023,2024,2025","2021,2022,2023,2024,2025"
600486,扬农化工,SH,农化制品,保留,,通过,18.592,3531449921.25,,23.889938,1.484143,12.276957,0.0,,,"2016,2017,2018,2019,2020,2021,2022,2023,2024,2025","2021,2022,2023,2024,2025"
600487,亨通光电,SH,通信设备,保留,,排除,13.387,-2168576006.37,9.071657,14.202047,0.916997,5.143844,0.0,,"fcf,gross_margin","2016,2017,2018,2019,2020,2021,2022,2023,2024,2025","2021,2022,2023,2024,2025"
600488,津药药业,SH,化学制药,保留,,排除,3.335,1619434292.19,12.575818,45.898926,7.57184,3.623672,0.0,,"roe,net_margin","2016,2017,2018,2019,2020,2021,2022,2023,2024,2025","2021,2022,2023,2024,2025"
600489,中金黄金,SH,贵金属,周期,周期性行业,行业排除,,,,,,,,,,,
600490,鹏欣资源,SH,工业金属,周期,周期性行业,行业排除,,,,,,,,,,,
600491,ST龙元,SH,房屋建设Ⅱ,保留,,排除,0.833,2610899379.14,-1.387275,15.576059,-1.789508,-5.44379,0.0,,"roe,interest_coverage,ocf_ni,net_margin","2016,2017,2018,2019,2020,2021,2022,2023,2024,2025","2021,2022,2023,2024,2025"
600493,凤竹纺织,SH,纺织制造,保留,,排除,7.02061,-192844088.07,8.495475,13.219953,2.361193,6.137549,0.0,,"roe,fcf,gross_margin","2016,2017,2018,2019,2020,2021,2022,2023,2024,2025","2021,2022,2023,2024,2025"
600495,晋西车轴,SH,轨交设备Ⅱ,保留,,排除,0.796,82606718.48,,12.53634,2.742198,1.989986,0.0,,"roe,gross_margin,net_margin","2016,2017,2018,2019,2020,2021,2022,2023,2024,2025","2021,2022,2023,2024,2025"
600496,精工钢构,SH,专业工程,周期,周期性行业,行业排除,,,,,,,,,,,
600497,驰宏锌锗,SH,工业金属,周期,周期性行业,行业排除,,,,,,,,,,,
600498,烽火通信,SH,通信设备,保留,,排除,5.864,4437777900.84,1.115411,21.3544,3.494143,2.447783,0.0,,"roe,interest_coverage,net_margin","2016,2017,2018,2019,2020,2021,2022,2023,2024,2025","2021,2022,2023,2024,2025"
600499,科达制造,SH,专用设备,保留,,排除,11.502,-1796232548.27,10.801933,27.701372,0.761555,9.64864,0.0,,fcf,"2016,2017,2018,2019,2020,2021,2022,2023,2024,2025","2021,2022,2023,2024,2025"
600500,中化国际,SH,化学制品,周期,周期性行业,行业排除,,,,,,,,,,,
600501,航天晨光,SH,专用设备,保留,,排除,-2.447,-630801049.3,-57.015678,12.149405,2.287988,-2.33412,0.0,,"roe,fcf,interest_coverage,gross_margin,net_margin","2016,2017,2018,2019,2020,2021,2022,2023,2024,2025","2021,2022,2023,2024,2025"
600502,安徽建工,SH,基础建设,周期,周期性行业,行业排除,,,,,,,,,,,
600503,华丽家族,SH,房地产开发,周期,周期性行业,行业排除,,,,,,,,,,,
600505,西昌电力,SH,电力,保留,,排除,2.665,177837462.24,0.370267,18.59941,13.795482,3.046528,0.0,,"roe,interest_coverage,net_margin","2016,2017,2018,2019,2020,2021,2022,2023,2024,2025","2021,2022,2023,2024,2025"
600506,统一股份,SH,炼化及贸易,保留,,排除,-5.398,1083685013.37,0.533105,15.955163,6.394423,-3.625378,0.0,,"roe,interest_coverage,net_margin","2016,2017,2018,2019,2020,2021,2022,2023,2024,2025","2021,2022,2023,2024,2025"
600507,方大特钢,SH,特钢Ⅱ,保留,,排除,27.076,7411755723.59,,9.516367,1.831739,9.151186,0.0,,gross_margin,"2016,2017,2018,2019,2020,2021,2022,2023,2024,2025","2021,2022,2023,2024,2025"
600508,上海能源,SH,煤炭开采,周期,周期性行业,行业排除,,,,,,,,,,,
600509,天富能源,SH,电力,保留,,排除,1.446,-1159093150.65,0.712542,15.359461,-0.362536,1.36397,0.0,,"roe,fcf,interest_coverage,ocf_ni,net_margin","2016,2017,2018,2019,2020,2021,2022,2023,2024,2025","2021,2022,2023,2024,2025"
600510,黑牡丹,SH,房地产开发,周期,周期性行业,行业排除,,,,,,,,,,,
600511,国药股份,SH,医药商业,保留,,排除,14.605,10174935643.2,,7.5892,1.087994,3.68163,0.0,,"gross_margin,net_margin","2016,2017,2018,2019,2020,2021,2022,2023,2024,2025","2021,2022,2023,2024,2025"
600512,腾达建设,SH,基础建设,周期,周期性行业,行业排除,,,,,,,,,,,
600513,联环药业,SH,化学制药,保留,,排除,7.416,-611915624.74,-0.323716,48.057445,0.706408,6.235996,0.0,,"roe,fcf,interest_coverage","2016,2017,2018,2019,2020,2021,2022,2023,2024,2025","2021,2022,2023,2024,2025"
600515,海南机场,SH,航空机场,周期,周期性行业,行业排除,,,,,,,,,,,
600516,方大炭素,SH,冶钢原料,保留,,通过,12.693,867273240.57,,20.929789,0.718705,19.416548,0.0,,,"2016,2017,2018,2019,2020,2021,2022,2023,2024,2025","2021,2022,2023,2024,2025"
600517,国网英大,SH,多元金融,金融,金融行业,行业排除,,,,,,,,,,,
600518,康美药业,SH,中药Ⅱ,保留,,排除,-17.5783,-1767825018.09,3.5583,16.602004,-8.377507,-45.63948,0.0,,"roe,fcf,ocf_ni,net_margin","2016,2017,2018,2019,2020,2021,2022,2023,2024,2025","2021,2022,2023,2024,2025"
600519,贵州茅台,SH,白酒Ⅱ,保留,,通过,31.924,302165023048.96,,91.69653,0.90328,46.970299,0.0,,,"2016,2017,2018,2019,2020,2021,2022,2023,2024,2025","2021,2022,2023,2024,2025"
600520,三佳科技,SH,半导体,保留,,排除,-1.361,249761477.42,,26.324508,3.013098,-2.308573,0.0,,"roe,net_margin","2016,2017,2018,2019,2020,2021,2022,2023,2024,2025","2021,2022,2023,2024,2025"
600521,华海药业,SH,化学制药,保留,,排除,10.732,-2361625592.23,1.839378,60.971301,2.443546,9.831953,0.0,,"fcf,interest_coverage","2016,2017,2018,2019,2020,2021,2022,2023,2024,2025","2021,2022,2023,2024,2025"
600522,中天科技,SH,通信设备,保留,,排除,9.367,8673849301.41,,15.768238,0.625537,5.754188,0.0,,ocf_ni,"2016,2017,2018,2019,2020,2021,2022,2023,2024,2025","2021,2022,2023,2024,2025"
600523,贵航股份,SH,汽车零部件,周期,周期性行业,行业排除,,,,,,,,,,,
600525,ST长园,SH,电网设备,保留,,排除,-7.511,1883524925.41,-5.969181,33.415493,1.617304,-4.497803,0.0,,"roe,interest_coverage,net_margin","2016,2017,2018,2019,2020,2021,2022,2023,2024,2025","2021,2022,2023,2024,2025"
600526,菲达环保,SH,环保设备Ⅱ,保留,,排除,0.811,1239154306.13,8.801324,20.574662,3.806675,1.29403,0.0,,"roe,net_margin","2016,2017,2018,2019,2020,2021,2022,2023,2024,2025","2021,2022,2023,2024,2025"
600527,江南高纤,SH,纺织制造,保留,,排除,3.478,279032566.65,,12.807431,2.03726,7.961696,0.0,,"roe,gross_margin","2016,2017,2018,2019,2020,2021,2022,2023,2024,2025","2021,2022,2023,2024,2025"
600528,中铁工业,SH,基础建设,周期,周期性行业,行业排除,,,,,,,,,,,
600529,山东药玻,SH,医疗器械,保留,,通过,11.045,721690271.54,,30.438969,1.020157,14.70675,0.0,,,"2016,2017,2018,2019,2020,2021,2022,2023,2024,2025","2021,2022,2023,2024,2025"
600530,ST交昂,SH,食品加工,保留,,排除,-10.719,290004417.46,1.600898,32.714652,-0.954509,-21.931777,0.0,,"roe,interest_coverage,ocf_ni,net_margin","2016,2017,2018,2019,2020,2021,2022,2023,2024,2025","2021,2022,2023,2024,2025"
600531,豫光金铅,SH,工业金属,周期,周期性行业,行业排除,,,,,,,,,,,
600533,栖霞建设,SH,房地产开发,周期,周期性行业,行业排除,,,,,,,,,,,
600535,天士力,SH,中药Ⅱ,保留,,排除,10.626,8504627091.73,,66.197994,-0.327509,10.275541,0.0,,ocf_ni,"2016,2017,2018,2019,2020,2021,2022,2023,2024,2025","2021,2022,2023,2024,2025"
600536,中国软件,SH,IT服务Ⅱ,保留,,排除,-0.495,-338126724.12,13.642143,35.466399,-3.185255,-0.269701,0.0,,"roe,fcf,ocf_ni,net_margin","2016,2017,2018,2019,2020,2021,2022,2023,2024,2025","2021,2022,2023,2024,2025"
600537,*ST亿晶,SH,光伏设备,保留,,排除,-19.007778,-1677575627.03,-4.371329,1.099789,0.670953,-11.448639,0.0,,"roe,fcf,interest_coverage,gross_margin,ocf_ni,net_margin","2016,2017,2018,2019,2020,2021,2022,2023,2024,2025","2021,2022,2023,2024,2025"
600538,国发股份,SH,医疗器械,保留,,排除,-3.287,-109120384.88,-64.103454,25.324732,-0.141157,-7.759766,0.0,,"roe,fcf,interest_coverage,ocf_ni,net_margin","2016,2017,2018,2019,2020,2021,2022,2023,2024,2025","2021,2022,2023,2024,2025"
600539,狮头股份,SH,互联网电商,保留,,排除,-4.062,-132583437.72,-12.992133,26.13744,1.033151,-11.31156,0.0,,"roe,fcf,interest_coverage,net_margin","2016,2017,2018,2019,2020,2021,2022,2023,2024,2025","2021,2022,2023,2024,2025"
600540,新赛股份,SH,种植业,保留,,排除,-17.90147,-3080477846.13,-1.958145,-2.489278,-2.868959,-9.527565,0.0,,"roe,fcf,interest_coverage,gross_margin,ocf_ni,net_margin","2016,2017,2018,2019,2020,2021,2022,2023,2024,2025","2021,2022,2023,2024,2025"
600543,*ST莫高,SH,非白酒,保留,,排除,-3.558,-275851669.08,-48.854093,19.115676,0.417137,-21.362154,0.0,,"roe,fcf,interest_coverage,ocf_ni,net_margin","2016,2017,2018,2019,2020,2021,2022,2023,2024,2025","2021,2022,2023,2024,2025"
600545,卓郎智能,SH,专用设备,保留,,排除,2.88,-20408000.0,-4.214558,16.283927,1.873815,-1.530359,0.0,,"roe,fcf,interest_coverage,net_margin","2016,2017,2018,2019,2020,2021,2022,2023,2024,2025","2021,2022,2023,2024,2025"
600546,山煤国际,SH,煤炭开采,周期,周期性行业,行业排除,,,,,,,,,,,
600547,山东黄金,SH,贵金属,周期,周期性行业,行业排除,,,,,,,,,,,
600548,深高速,SH,铁路公路,周期,周期性行业,行业排除,,,,,,,,,,,
600549,厦门钨业,SH,小金属,周期,周期性行业,行业排除,,,,,,,,,,,
600550,保变电气,SH,电网设备,保留,,排除,-7.262,693566900.85,4.039338,16.552954,-1.071602,-1.86929,0.0,,"roe,ocf_ni,net_margin","2016,2017,2018,2019,2020,2021,2022,2023,2024,2025","2021,2022,2023,2024,2025"
600551,时代出版,SH,出版,保留,,排除,7.044,2493167955.73,,10.929214,1.376005,4.978627,0.0,,"roe,gross_margin,net_margin","2016,2017,2018,2019,2020,2021,2022,2023,2024,2025","2021,2022,2023,2024,2025"
600552,凯盛科技,SH,光学光电子,保留,,排除,3.744,-1028965709.76,1.638669,16.58661,2.29562,2.393186,0.0,,"roe,fcf,interest_coverage,net_margin","2016,2017,2018,2019,2020,2021,2022,2023,2024,2025","2021,2022,2023,2024,2025"
600556,天下秀,SH,广告营销,保留,,排除,5.67,-140257565.48,17.563059,19.6322,2.186874,0.085176,0.0,,"roe,fcf,net_margin","2016,2017,2018,2019,2020,2021,2022,2023,2024,2025","2021,2022,2023,2024,2025"
600557,康缘药业,SH,中药Ⅱ,保留,,通过,9.391,2497270278.21,,72.58812,2.204483,10.207097,0.0,,,"2016,2017,2018,2019,2020,2021,2022,2023,2024,2025","2021,2022,2023,2024,2025"
600558,大西洋,SH,通用设备,保留,,排除,4.313,735430042.01,197.81728,13.22397,1.741229,3.026266,0.0,,"roe,gross_margin,net_margin","2016,2017,2018,2019,2020,2021,2022,2023,2024,2025","2021,2022,2023,2024,2025"
600559,老白干酒,SH,白酒Ⅱ,保留,,通过,12.068,1574078839.78,,66.955696,0.992585,10.215421,0.0,,,"2016,2017,2018,2019,2020,2021,2022,2023,2024,2025","2021,2022,2023,2024,2025"
600560,金自天正,SH,专用设备,保留,,排除,4.452,-161169262.49,,23.390577,-0.489409,5.315719,0.0,,"roe,fcf,ocf_ni","2016,2017,2018,2019,2020,2021,2022,2023,2024,2025","2021,2022,2023,2024,2025"
600561,江西长运,SH,铁路公路,周期,周期性行业,行业排除,,,,,,,,,,,
600562,国睿科技,SH,军工电子Ⅱ,保留,,排除,11.249,798534559.62,18.606244,33.071837,0.337596,14.935424,0.0,,ocf_ni,"2016,2017,2018,2019,2020,2021,2022,2023,2024,2025","2021,2022,2023,2024,2025"
600563,法拉电子,SH,元件,保留,,通过,21.744,3309704175.93,,36.899675,1.100752,25.967963,0.0,,,"2016,2017,2018,2019,2020,2021,2022,2023,2024,2025","2021,2022,2023,2024,2025"
600566,济川药业,SH,中药Ⅱ,保留,,通过,24.061,10290038481.37,,81.1814,1.01402,24.523813,0.0,,,"2016,2017,2018,2019,2020,2021,2022,2023,2024,2025","2021,2022,2023,2024,2025"
600567,山鹰国际,SH,造纸,保留,,排除,5.793,-1298821395.66,-1.139769,8.554962,2.093147,3.197916,0.0,,"roe,fcf,interest_coverage,gross_margin,net_margin","2016,2017,2018,2019,2020,2021,2022,2023,2024,2025","2021,2022,2023,2024,2025"
600568,ST中珠,SH,医疗服务,保留,,排除,-12.239,49933132.51,,21.943203,-0.20577,-72.625476,0.0,,"roe,ocf_ni,net_margin","2016,2017,2018,2019,2020,2021,2022,2023,2024,2025","2021,2022,2023,2024,2025"
600569,安阳钢铁,SH,普钢,保留,,排除,-8.276,-1580788239.48,-1.047011,2.010776,0.454753,-0.854105,0.0,,"roe,fcf,interest_coverage,gross_margin,ocf_ni,net_margin","2016,2017,2018,2019,2020,2021,2022,2023,2024,2025","2021,2022,2023,2024,2025"
600570,恒生电子,SH,软件开发,保留,,通过,19.942,2753441126.95,191.014166,72.896851,0.856113,20.665545,0.0,,,"2016,2017,2018,2019,2020,2021,2022,2023,2024,2025","2021,2022,2023,2024,2025"
600571,信雅达,SH,IT服务Ⅱ,保留,,排除,4.825,-292821551.74,979.237737,30.671084,-0.239492,3.126252,0.0,,"roe,fcf,ocf_ni,net_margin","2016,2017,2018,2019,2020,2021,2022,2023,2024,2025","2021,2022,2023,2024,2025"
600572,康恩贝,SH,中药Ⅱ,保留,,通过,10.48,3380283789.53,,57.085584,1.760245,9.729031,0.0,,,"2016,2017,2018,2019,2020,2021,2022,2023,2024,2025","2021,2022,2023,2024,2025"
600573,惠泉啤酒,SH,非白酒,保留,,排除,2.93,468720364.22,,29.916739,2.02253,5.830876,0.0,,roe,"2016,2017,2018,2019,2020,2021,2022,2023,2024,2025","2021,2022,2023,2024,2025"
600575,淮河能源,SH,电力,保留,,排除,6.541,-3739853806.15,9.53952,7.823641,3.096091,4.050724,0.0,,"roe,fcf,gross_margin,net_margin","2016,2017,2018,2019,2020,2021,2022,2023,2024,2025","2021,2022,2023,2024,2025"
600576,祥源文旅,SH,旅游及景区,保留,,排除,-3.08,979951996.63,3.668132,49.101427,6.995421,-10.531929,0.0,,"roe,net_margin","2016,2017,2018,2019,2020,2021,2022,2023,2024,2025","2021,2022,2023,2024,2025"
600577,精达股份,SH,电网设备,保留,,排除,10.881,1622927125.28,6.539233,6.107734,1.330973,2.905631,0.0,,"gross_margin,net_margin","2016,2017,2018,2019,2020,2021,2022,2023,2024,2025","2021,2022,2023,2024,2025"
600578,京能电力,SH,电力,保留,,排除,3.958,1300775344.38,4.277095,9.134286,3.675935,4.616308,0.0,,"roe,gross_margin,net_margin","2016,2017,2018,2019,2020,2021,2022,2023,2024,2025","2021,2022,2023,2024,2025"
600579,中化装备,SH,专用设备,保留,,排除,-75.343,-2281365237.01,-8.072918,18.587267,-0.527843,-7.107426,0.0,,"roe,fcf,interest_coverage,ocf_ni,net_margin","2016,2017,2018,2019,2020,2021,2022,2023,2024,2025","2021,2022,2023,2024,2025"
600580,卧龙电驱,SH,电机Ⅱ,保留,,通过,10.118,2442833208.63,8.582322,24.432816,1.919237,5.822982,0.0,,,"2016,2017,2018,2019,2020,2021,2022,2023,2024,2025","2021,2022,2023,2024,2025"
600581,*ST八钢,SH,普钢,保留,,排除,-20.175556,-3230856224.31,-3.737507,2.744802,0.047737,-1.380363,0.0,,"roe,fcf,interest_coverage,gross_margin,ocf_ni,net_margin","2016,2017,2018,2019,2020,2021,2022,2023,2024,2025","2021,2022,2023,2024,2025"
600582,天地科技,SH,专用设备,保留,,通过,8.466,16575313097.66,,29.387934,1.841465,6.986948,0.0,,,"2016,2017,2018,2019,2020,2021,2022,2023,2024,2025","2021,2022,2023,2024,2025"
600583,海油工程,SH,油服工程,保留,,排除,4.075,14426456900.0,,11.284428,3.428317,4.569986,0.0,,"roe,gross_margin,net_margin","2016,2017,2018,2019,2020,2021,2022,2023,2024,2025","2021,2022,2023,2024,2025"
600584,长电科技,SH,半导体,保留,,排除,5.69,6064346227.24,4.765693,15.260453,2.797033,3.609358,0.0,,"roe,net_margin","2016,2017,2018,2019,2020,2021,2022,2023,2024,2025","2021,2022,2023,2024,2025"
600585,海螺水泥,SH,水泥,周期,周期性行业,行业排除,,,,,,,,,,,
600586,金晶科技,SH,玻璃玻纤,周期,周期性行业,行业排除,,,,,,,,,,,
600587,新华医疗,SH,医疗器械,保留,,排除,8.007,2111929826.64,21.476155,25.674985,1.370856,4.377206,0.0,,net_margin,"2016,2017,2018,2019,2020,2021,2022,2023,2024,2025","2021,2022,2023,2024,2025"
600588,用友网络,SH,软件开发,保留,,排除,1.475,-5441728895.0,-9.543432,53.101454,0.557637,0.616242,0.0,,"roe,fcf,interest_coverage,ocf_ni,net_margin","2016,2017,2018,2019,2020,2021,2022,2023,2024,2025","2021,2022,2023,2024,2025"
600589,大位科技,SH,IT服务Ⅱ,保留,,排除,-15.95,-1398700580.29,-0.012755,2.919509,-1.032623,-39.076864,0.0,,"roe,fcf,interest_coverage,gross_margin,ocf_ni,net_margin","2016,2017,2018,2019,2020,2021,2022,2023,2024,2025","2021,2022,2023,2024,2025"
600590,泰豪科技,SH,其他电源设备Ⅱ,保留,,排除,-1.174,-2358571659.32,0.714121,17.347976,-3.67684,-0.656941,0.0,,"roe,fcf,interest_coverage,ocf_ni,net_margin","2016,2017,2018,2019,2020,2021,2022,2023,2024,2025","2021,2022,2023,2024,2025"
600592,龙溪股份,SH,通用设备,保留,,排除,5.893,299610488.76,195.239471,25.163271,-5.607203,10.485416,0.0,,"roe,ocf_ni","2016,2017,2018,2019,2020,2021,2022,2023,2024,2025","2021,2022,2023,2024,2025"
600593,大连圣亚,SH,旅游及景区,保留,,排除,-6.371,362796189.47,1.954608,45.394117,1.877164,-15.077362,0.0,,"roe,interest_coverage,net_margin","2016,2017,2018,2019,2020,2021,2022,2023,2024,2025","2021,2022,2023,2024,2025"
600594,益佰制药,SH,中药Ⅱ,保留,,排除,-1.7267,968299324.21,-14.673922,68.139561,1.128576,-2.931187,0.0,,"roe,interest_coverage,net_margin","2016,2017,2018,2019,2020,2021,2022,2023,2024,2025","2021,2022,2023,2024,2025"
600595,中孚实业,SH,工业金属,周期,周期性行业,行业排除,,,,,,,,,,,
600596,新安股份,SH,农化制品,保留,,通过,12.034,759492305.62,,17.038497,4.211838,5.798452,0.0,,,"2016,2017,2018,2019,2020,2021,2022,2023,2024,2025","2021,2022,2023,2024,2025"
600597,光明乳业,SH,饮料乳品,保留,,排除,8.072,246383199.0,-0.074626,18.629346,0.894806,2.115346,0.0,,"interest_coverage,net_margin","2016,2017,2018,2019,2020,2021,2022,2023,2024,2025","2021,2022,2023,2024,2025"
600598,北大荒,SH,种植业,保留,,通过,13.806,4929972514.84,,37.388481,1.348971,24.540968,0.0,,,"2016,2017,2018,2019,2020,2021,2022,2023,2024,2025","2021,2022,2023,2024,2025"
600600,青岛啤酒,SH,非白酒,保留,,通过,11.995,14019495968.0,,38.858009,1.213612,9.09221,0.0,,,"2016,2017,2018,2019,2020,2021,2022,2023,2024,2025","2021,2022,2023,2024,2025"
600601,方正科技,SH,元件,保留,,排除,-15.42,-2223972158.68,63.441989,19.488359,1.085994,-6.205311,0.0,,"roe,fcf,net_margin","2016,2017,2018,2019,2020,2021,2022,2023,2024,2025","2021,2022,2023,2024,2025"
600602,云赛智联,SH,软件开发,保留,,排除,5.5881,515142654.41,,19.101231,1.798021,4.827764,0.0,,"roe,net_margin","2016,2017,2018,2019,2020,2021,2022,2023,2024,2025","2021,2022,2023,2024,2025"
600603,广汇物流,SH,物流,保留,,排除,7.029,4882564114.85,0.64394,36.911809,4.107606,20.35744,0.0,,"roe,interest_coverage","2016,2017,2018,2019,2020,2021,2022,2023,2024,2025","2021,2022,2023,2024,2025"
600604,市北高新,SH,房地产开发,周期,周期性行业,行业排除,,,,,,,,,,,
600605,汇通能源,SH,一般零售,保留,,排除,4.5586,45805641.8,,55.966857,6.019699,27.473706,0.0,,roe,"2016,2017,2018,2019,2020,2021,2022,2023,2024,2025","2021,2022,2023,2024,2025"
600606,绿地控股,SH,房地产开发,周期,周期性行业,行业排除,,,,,,,,,,,
600609,金杯汽车,SH,汽车零部件,周期,周期性行业,行业排除,,,,,,,,,,,
600610,中毅达,SH,化学原料,周期,周期性行业,行业排除,,,,,,,,,,,
600611,大众交通,SH,铁路公路,周期,周期性行业,行业排除,,,,,,,,,,,
600612,老凤祥,SH,饰品,保留,,排除,19.512,18523556097.55,17.653336,8.334544,1.957759,3.028399,0.0,,"gross_margin,net_margin","2016,2017,2018,2019,2020,2021,2022,2023,2024,2025","2021,2022,2023,2024,2025"
600613,神奇制药,SH,化学制药,保留,,排除,1.491,844619149.81,23.725066,51.133697,3.833958,2.311888,0.0,,"roe,net_margin","2016,2017,2018,2019,2020,2021,2022,2023,2024,2025","2021,2022,2023,2024,2025"
600615,鑫源智造,SH,工业金属,周期,周期性行业,行业排除,,,,,,,,,,,
600616,金枫酒业,SH,非白酒,保留,,排除,1.017,235055783.48,,42.247181,12.898153,2.775046,0.0,,"roe,net_margin","2016,2017,2018,2019,2020,2021,2022,2023,2024,2025","2021,2022,2023,2024,2025"
600617,国新能源,SH,燃气Ⅱ,保留,,排除,-2.004,8183582680.59,0.148431,9.342964,22.748572,-0.227843,0.0,,"roe,interest_coverage,gross_margin,net_margin","2016,2017,2018,2019,2020,2021,2022,2023,2024,2025","2021,2022,2023,2024,2025"
600618,氯碱化工,SH,化学原料,周期,周期性行业,行业排除,,,,,,,,,,,
600619,海立股份,SH,家电零部件Ⅱ,保留,,排除,3.77,496320169.01,1.555712,12.048173,23.153281,1.452402,0.0,,"roe,interest_coverage,gross_margin,net_margin","2016,2017,2018,2019,2020,2021,2022,2023,2024,2025","2021,2022,2023,2024,2025"
600620,天宸股份,SH,综合Ⅱ,保留,,排除,2.465,-1063351042.72,3.783231,55.681492,-5.62758,113.849693,0.0,,"roe,fcf,ocf_ni","2016,2017,2018,2019,2020,2021,2022,2023,2024,2025","2021,2022,2023,2024,2025"
600621,华鑫股份,SH,证券Ⅱ,金融,金融行业,行业排除,,,,,,,,,,,
600622,光大嘉宝,SH,房地产开发,周期,周期性行业,行业排除,,,,,,,,,,,
600623,华谊集团,SH,化学原料,周期,周期性行业,行业排除,,,,,,,,,,,
600624,ST复华,SH,化学制药,保留,,排除,-6.4844,-47519929.15,-12.822409,39.719143,-0.994614,-5.693533,0.0,,"roe,fcf,interest_coverage,ocf_ni,net_margin","2016,2017,2018,2019,2020,2021,2022,2023,2024,2025","2021,2022,2023,2024,2025"
600626,申达股份,SH,汽车零部件,周期,周期性行业,行业排除,,,,,,,,,,,
600628,新世界,SH,一般零售,保留,,排除,3.244,495610235.99,5.99948,37.97166,3.992201,5.693604,0.0,,roe,"2016,2017,2018,2019,2020,2021,2022,2023,2024,2025","2021,2022,2023,2024,2025"
600629,华建集团,SH,工程咨询服务Ⅱ,保留,,排除,10.396,1454007095.6,2.740589,22.082633,1.614467,3.915269,0.0,,net_margin,"2016,2017,2018,2019,2020,2021,2022,2023,2024,2025","2021,2022,2023,2024,2025"
600630,龙头股份,SH,服装家纺,保留,,排除,-6.876,634942715.59,8.064142,28.631696,3.975813,-3.270976,0.0,,"roe,net_margin","2016,2017,2018,2019,2020,2021,2022,2023,2024,2025","2021,2022,2023,2024,2025"
600633,浙数文化,SH,游戏Ⅱ,保留,,通过,8.447,2102439936.86,210.623729,61.908715,1.380567,25.903194,0.0,,,"2016,2017,2018,2019,2020,2021,2022,2023,2024,2025","2021,2022,2023,2024,2025"
600635,大众公用,SH,燃气Ⅱ,保留,,排除,4.514,770703097.88,3.406255,14.141539,1.71431,6.508882,0.0,,"roe,gross_margin","2016,2017,2018,2019,2020,2021,2022,2023,2024,2025","2021,2022,2023,2024,2025"
600637,东方明珠,SH,电视广播Ⅱ,保留,,排除,5.25977,-170636646.07,,29.023654,3.373134,12.370585,0.0,,"roe,fcf","2016,2017,2018,2019,2020,2021,2022,2023,2024,2025","2021,2022,2023,2024,2025"
600638,新黄浦,SH,房地产开发,周期,周期性行业,行业排除,,,,,,,,,,,
600639,浦东金桥,SH,房地产开发,周期,周期性行业,行业排除,,,,,,,,,,,
600640,国脉文化,SH,广告营销,保留,,排除,0.82452,626096549.53,,12.065255,22.991399,0.623068,0.0,,"roe,gross_margin,net_margin","2016,2017,2018,2019,2020,2021,2022,2023,2024,2025","2021,2022,2023,2024,2025"
600641,先导基电,SH,半导体,保留,,排除,9.341,-6257951910.99,-7.386159,44.824948,5.67869,31.106729,0.0,,"fcf,interest_coverage","2016,2017,2018,2019,2020,2021,2022,2023,2024,2025","2021,2022,2023,2024,2025"
600642,申能股份,SH,电力,保留,,通过,8.153,8619379107.74,6.17009,16.667323,2.523352,8.659142,0.0,,,"2016,2017,2018,2019,2020,2021,2022,2023,2024,2025","2021,2022,2023,2024,2025"
600643,爱建集团,SH,多元金融,金融,金融行业,行业排除,,,,,,,,,,,
600644,乐山电力,SH,电力,保留,,排除,5.626,109867632.84,1.862346,18.031555,7.188578,3.463409,0.0,,"roe,interest_coverage,net_margin","2016,2017,2018,2019,2020,2021,2022,2023,2024,2025","2021,2022,2023,2024,2025"
600645,中源协和,SH,生物制品,保留,,排除,1.943,1048258752.18,,69.080264,2.558068,4.19875,0.0,,"roe,net_margin","2016,2017,2018,2019,2020,2021,2022,2023,2024,2025","2021,2022,2023,2024,2025"
600648,外高桥,SH,房地产开发,周期,周期性行业,行业排除,,,,,,,,,,,
600649,城投控股,SH,房地产开发,周期,周期性行业,行业排除,,,,,,,,,,,
600650,锦江在线,SH,铁路公路,周期,周期性行业,行业排除,,,,,,,,,,,
600651,飞乐音响,SH,汽车零部件,周期,周期性行业,行业排除,,,,,,,,,,,
600653,申华控股,SH,汽车服务,周期,周期性行业,行业排除,,,,,,,,,,,
600654,中安科,SH,软件开发,保留,,排除,-23.489178,-291751487.86,4.118022,14.400362,1.96355,-14.297868,0.0,,"roe,fcf,gross_margin,net_margin","2016,2017,2018,2019,2020,2021,2022,2023,2024,2025","2021,2022,2023,2024,2025"
600655,豫园股份,SH,一般零售,保留,,排除,6.6631,228351373.52,-3.355263,16.527187,6.781647,4.124043,0.000321,,"roe,interest_coverage,net_margin","2016,2017,2018,2019,2020,2021,2022,2023,2024,2025","2021,2022,2023,2024,2025"
600657,信达地产,SH,房地产开发,周期,周期性行业,行业排除,,,,,,,,,,,
600658,电子城,SH,房地产开发,周期,周期性行业,行业排除,,,,,,,,,,,
600660,福耀玻璃,SH,汽车零部件,周期,周期性行业,行业排除,,,,,,,,,,,
600661,昂立教育,SH,教育,保留,,排除,-1.551,-302106452.47,4.122672,44.20751,-0.247479,-1.171775,0.0,,"roe,fcf,ocf_ni,net_margin","2016,2017,2018,2019,2020,2021,2022,2023,2024,2025","2021,2022,2023,2024,2025"
600662,外服控股,SH,专业服务,保留,,排除,14.42851,3684976714.43,,10.9855,1.858619,3.158022,0.0,,"gross_margin,net_margin","2016,2017,2018,2019,2020,2021,2022,2023,2024,2025","2021,2022,2023,2024,2025"
600663,陆家嘴,SH,房地产开发,周期,周期性行业,行业排除,,,,,,,,,,,
600664,哈药股份,SH,化学制药,保留,,排除,4.758,2136844609.03,13.999439,25.764606,1.155682,1.762589,0.0,,"roe,net_margin","2016,2017,2018,2019,2020,2021,2022,2023,2024,2025","2021,2022,2023,2024,2025"
600665,天地源,SH,房地产开发,周期,周期性行业,行业排除,,,,,,,,,,,
600666,奥瑞德,SH,IT服务Ⅱ,保留,,排除,-38.35375,-1023352708.24,57.885117,7.808529,0.277383,-53.544388,0.0,,"roe,fcf,gross_margin,ocf_ni,net_margin","2016,2017,2018,2019,2020,2021,2022,2023,2024,2025","2021,2022,2023,2024,2025"
600667,太极实业,SH,工程咨询服务Ⅱ,保留,,排除,6.887,5036607489.55,14.16429,8.338537,1.057631,2.471202,0.0,,"roe,gross_margin,net_margin","2016,2017,2018,2019,2020,2021,2022,2023,2024,2025","2021,2022,2023,2024,2025"
600668,尖峰集团,SH,水泥,周期,周期性行业,行业排除,,,,,,,,,,,
600671,天目药业,SH,中药Ⅱ,保留,,排除,-35.737778,-160018356.17,1.183887,34.217615,-0.005844,-9.805593,0.0,,"roe,fcf,interest_coverage,ocf_ni,net_margin","2016,2017,2018,2019,2020,2021,2022,2023,2024,2025","2021,2022,2023,2024,2025"
600673,东阳光,SH,综合Ⅱ,保留,,排除,8.987,-1388739681.64,0.735619,17.470289,1.588341,5.209624,0.0,,"fcf,interest_coverage","2016,2017,2018,2019,2020,2021,2022,2023,2024,2025","2021,2022,2023,2024,2025"
600674,川投能源,SH,电力,保留,,排除,12.753,-978443140.69,10.552272,45.732544,0.168521,318.559261,0.0,,"fcf,ocf_ni","2016,2017,2018,2019,2020,2021,2022,2023,2024,2025","2021,2022,2023,2024,2025"
600675,XD中华企,SH,房地产开发,周期,周期性行业,行业排除,,,,,,,,,,,
600676,久事动娱,SH,体育Ⅱ,保留,,排除,0.726,1089870395.31,,3.985086,18.523152,-0.49917,0.0,,"roe,gross_margin,net_margin","2016,2017,2018,2019,2020,2021,2022,2023,2024,2025","2021,2022,2023,2024,2025"
600678,ST金顶,SH,水泥,周期,周期性行业,行业排除,,,,,,,,,,,
600679,上海凤凰,SH,摩托车及其他,保留,,排除,0.9261,198187194.44,54.028208,15.389242,-0.130004,1.072119,0.0,,"roe,ocf_ni,net_margin","2016,2017,2018,2019,2020,2021,2022,2023,2024,2025","2021,2022,2023,2024,2025"
600681,百川能源,SH,燃气Ⅱ,保留,,通过,16.638,2234396978.0,6.108276,16.810234,1.838417,14.612878,0.0,,,"2016,2017,2018,2019,2020,2021,2022,2023,2024,2025","2021,2022,2023,2024,2025"
600682,南京新百,SH,综合Ⅱ,保留,,排除,4.408,4190431961.3,,47.295371,2.016897,5.704074,0.0,,roe,"2016,2017,2018,2019,2020,2021,2022,2023,2024,2025","2021,2022,2023,2024,2025"
600683,京投发展,SH,房地产开发,周期,周期性行业,行业排除,,,,,,,,,,,
600684,珠江股份,SH,房地产服务,周期,周期性行业,行业排除,,,,,,,,,,,
600685,中船防务,SH,航海装备Ⅱ,保留,,排除,3.119,5597262720.01,,8.198397,24.135123,3.762787,0.0,,"roe,gross_margin,net_margin","2016,2017,2018,2019,2020,2021,2022,2023,2024,2025","2021,2022,2023,2024,2025"
600686,金龙汽车,SH,商用车,保留,,排除,-0.739,5554174401.99,,10.200754,8.068886,-0.148081,0.0,,"roe,gross_margin,net_margin","2016,2017,2018,2019,2020,2021,2022,2023,2024,2025","2021,2022,2023,2024,2025"
600688,上海石化,SH,炼化及贸易,保留,,排除,5.9082,-5487160000.0,,15.737938,5.415066,1.798032,0.0,,"roe,fcf,net_margin","2016,2017,2018,2019,2020,2021,2022,2023,2024,2025","2021,2022,2023,2024,2025"
600689,上海三毛,SH,综合Ⅱ,保留,,排除,3.566,-3344718.33,,6.298357,-0.911728,1.127514,0.0,,"roe,fcf,gross_margin,ocf_ni,net_margin","2016,2017,2018,2019,2020,2021,2022,2023,2024,2025","2021,2022,2023,2024,2025"
600690,海尔智家,SH,白色家电,保留,,通过,18.684,77293343331.28,,28.926216,1.497447,5.171427,0.0,,,"2016,2017,2018,2019,2020,2021,2022,2023,2024,2025","2021,2022,2023,2024,2025"
600691,潞化科技,SH,农化制品,保留,,排除,-7.79927,2493370678.25,-4.184231,6.766099,5.075811,-2.805182,0.0,,"roe,interest_coverage,gross_margin,net_margin","2016,2017,2018,2019,2020,2021,2022,2023,2024,2025","2021,2022,2023,2024,2025"
600692,亚通股份,SH,房地产开发,周期,周期性行业,行业排除,,,,,,,,,,,
600693,东百集团,SH,一般零售,保留,,排除,5.393,-643076463.57,0.71996,55.862293,11.978423,5.316911,0.0,,"roe,fcf,interest_coverage","2016,2017,2018,2019,2020,2021,2022,2023,2024,2025","2021,2022,2023,2024,2025"
600694,大商股份,SH,一般零售,保留,,通过,8.514,4262966791.57,10.241843,39.422904,1.672305,6.001306,0.0,,,"2016,2017,2018,2019,2020,2021,2022,2023,2024,2025","2021,2022,2023,2024,2025"
600697,欧亚集团,SH,一般零售,保留,,排除,3.97,4405293161.86,0.717478,39.533668,16.185809,0.527946,0.0,,"roe,interest_coverage,net_margin","2016,2017,2018,2019,2020,2021,2022,2023,2024,2025","2021,2022,2023,2024,2025"
600698,湖南天雁,SH,汽车零部件,周期,周期性行业,行业排除,,,,,,,,,,,
600699,均胜电子,SH,汽车零部件,周期,周期性行业,行业排除,,,,,,,,,,,
600702,舍得酒业,SH,白酒Ⅱ,保留,,排除,15.185,-603657711.05,27.750349,71.532081,-0.316124,15.972495,0.0,,"fcf,ocf_ni","2016,2017,2018,2019,2020,2021,2022,2023,2024,2025","2021,2022,2023,2024,2025"
600703,三安光电,SH,光学光电子,保留,,排除,6.075,-8361245751.29,-0.602917,14.908112,3.653402,15.333778,0.0,,"roe,fcf,interest_coverage,gross_margin","2016,2017,2018,2019,2020,2021,2022,2023,2024,2025","2021,2022,2023,2024,2025"
600704,物产中大,SH,物流,保留,,排除,11.475,-16199869556.33,4.372854,2.423856,-0.012331,0.722048,0.0,,"fcf,gross_margin,ocf_ni,net_margin","2016,2017,2018,2019,2020,2021,2022,2023,2024,2025","2021,2022,2023,2024,2025"
600706,曲江文旅,SH,旅游及景区,保留,,排除,-8.022,-22016188.62,-3.056675,17.670001,4.470153,-5.772707,0.0,,"roe,fcf,interest_coverage,net_margin","2016,2017,2018,2019,2020,2021,2022,2023,2024,2025","2021,2022,2023,2024,2025"
600707,彩虹股份,SH,光学光电子,保留,,排除,-1.0173,3987310291.02,1.73259,11.40505,4.178435,-6.34994,0.0,,"roe,interest_coverage,gross_margin,net_margin","2016,2017,2018,2019,2020,2021,2022,2023,2024,2025","2021,2022,2023,2024,2025"
600708,光明地产,SH,房地产开发,周期,周期性行业,行业排除,,,,,,,,,,,
600710,苏美达,SH,贸易Ⅱ,保留,,排除,12.492,17642574659.63,460.068804,5.600241,4.190152,0.660023,0.0,,"gross_margin,net_margin","2016,2017,2018,2019,2020,2021,2022,2023,2024,2025","2021,2022,2023,2024,2025"
600711,盛屯矿业,SH,工业金属,周期,周期性行业,行业排除,,,,,,,,,,,
600712,南宁百货,SH,一般零售,保留,,排除,-3.601,-123984158.65,-4.399552,27.693259,1.006477,-4.238303,0.0,,"roe,fcf,interest_coverage,net_margin","2016,2017,2018,2019,2020,2021,2022,2023,2024,2025","2021,2022,2023,2024,2025"
600713,南京医药,SH,医药商业,保留,,排除,8.9546,2730829662.19,2.512037,6.323436,1.483996,0.978821,0.0,,"gross_margin,net_margin","2016,2017,2018,2019,2020,2021,2022,2023,2024,2025","2021,2022,2023,2024,2025"
600714,金瑞矿业,SH,化学原料,周期,周期性行业,行业排除,,,,,,,,,,,
600715,文投控股,SH,游戏Ⅱ,保留,,排除,-22.33625,152929222.1,-56.551997,12.171786,0.646323,-140.66597,0.0,,"roe,interest_coverage,gross_margin,ocf_ni,net_margin","2016,2017,2018,2019,2020,2021,2022,2023,2024,2025","2021,2022,2023,2024,2025"
600716,凤凰股份,SH,房地产开发,周期,周期性行业,行业排除,,,,,,,,,,,
600717,天津港,SH,航运港口,周期,周期性行业,行业排除,,,,,,,,,,,
600718,东软集团,SH,IT服务Ⅱ,保留,,排除,4.986,1346271353.0,-15.202203,23.452439,4.362722,5.055552,0.0,,"roe,interest_coverage","2016,2017,2018,2019,2020,2021,2022,2023,2024,2025","2021,2022,2023,2024,2025"
600719,大连热电,SH,电力,保留,,排除,-8.195,-755106896.82,-1.235395,-1.879353,-0.596134,-5.767471,0.0,,"roe,fcf,interest_coverage,gross_margin,ocf_ni,net_margin","2016,2017,2018,2019,2020,2021,2022,2023,2024,2025","2021,2022,2023,2024,2025"
600720,中交设计,SH,工程咨询服务Ⅱ,保留,,排除,13.152,1521552897.83,,28.094471,0.60545,12.590286,0.0,,ocf_ni,"2016,2017,2018,2019,2020,2021,2022,2023,2024,2025","2021,2022,2023,2024,2025"
600721,百花医药,SH,医疗服务,保留,,排除,-8.068,192399449.75,,45.142185,1.303909,-60.597055,0.0,,"roe,net_margin","2016,2017,2018,2019,2020,2021,2022,2023,2024,2025","2021,2022,2023,2024,2025"
600722,金牛化工,SH,化学原料,周期,周期性行业,行业排除,,,,,,,,,,,
600724,宁波富达,SH,房地产服务,周期,周期性行业,行业排除,,,,,,,,,,,
600725,云维股份,SH,贸易Ⅱ,保留,,排除,-0.281111,46824095.75,-90.488544,3.059247,-4.036002,7.624605,0.0,,"roe,interest_coverage,gross_margin,ocf_ni","2016,2017,2018,2019,2020,2021,2022,2023,2024,2025","2021,2022,2023,2024,2025"
600726,华电能源,SH,电力,保留,,排除,-17.691111,9991783177.79,2.251577,19.924083,-1.988573,-3.65123,0.0,,"roe,ocf_ni,net_margin","2016,2017,2018,2019,2020,2021,2022,2023,2024,2025","2021,2022,2023,2024,2025"
600727,鲁北化工,SH,化学原料,周期,周期性行业,行业排除,,,,,,,,,,,
600728,佳都科技,SH,IT服务Ⅱ,保留,,排除,4.338,-1055592725.08,,12.439665,-0.473878,3.679171,0.0,,"roe,fcf,gross_margin,ocf_ni,net_margin","2016,2017,2018,2019,2020,2021,2022,2023,2024,2025","2021,2022,2023,2024,2025"
600729,重百集团,SH,一般零售,保留,,排除,15.47,6066442417.62,27.60185,26.548013,1.255987,4.435199,0.0,,net_margin,"2016,2017,2018,2019,2020,2021,2022,2023,2024,2025","2021,2022,2023,2024,2025"
600730,*ST高科,SH,教育,保留,,排除,2.449,97150339.53,,73.291257,8.07335,74.345963,0.0,,roe,"2016,2017,2018,2019,2020,2021,2022,2023,2024,2025","2021,2022,2023,2024,2025"
600731,湖南海利,SH,农化制品,保留,,通过,10.564,56699210.18,,26.395576,1.010574,8.394672,0.0,,,"2016,2017,2018,2019,2020,2021,2022,2023,2024,2025","2021,2022,2023,2024,2025"
600732,爱旭股份,SH,光伏设备,保留,,排除,0.7568,-8968919833.98,-10.800221,5.687899,0.05149,11.815858,0.0,,"roe,fcf,interest_coverage,gross_margin,ocf_ni","2016,2017,2018,2019,2020,2021,2022,2023,2024,2025","2021,2022,2023,2024,2025"
600733,北汽蓝谷,SH,乘用车,保留,,排除,-62.38609,-3833046113.3,-55.901579,-4.712889,-0.341344,-96.358307,0.0,,"roe,fcf,interest_coverage,gross_margin,ocf_ni,net_margin","2016,2017,2018,2019,2020,2021,2022,2023,2024,2025","2021,2022,2023,2024,2025"
600734,*ST实达,SH,IT服务Ⅱ,保留,,排除,-6.854929,-257373207.12,-7.000228,22.825379,-5.506006,-36.408099,0.0,,"roe,fcf,interest_coverage,ocf_ni,net_margin","2016,2017,2018,2019,2020,2021,2022,2023,2024,2025","2021,2022,2023,2024,2025"
600735,ST新华锦,SH,饰品,保留,,排除,3.15062,790301552.09,,24.065257,0.765789,1.545205,0.0,,"roe,net_margin","2016,2017,2018,2019,2020,2021,2022,2023,2024,2025","2021,2022,2023,2024,2025"
600736,苏州高新,SH,房地产开发,周期,周期性行业,行业排除,,,,,,,,,,,
600737,中粮糖业,SH,农产品加工,保留,,排除,9.437,1983007434.09,40.340313,11.527315,0.668636,3.618939,0.0,,"gross_margin,ocf_ni,net_margin","2016,2017,2018,2019,2020,2021,2022,2023,2024,2025","2021,2022,2023,2024,2025"
600738,丽尚国潮,SH,一般零售,保留,,通过,12.597,599165111.99,14.963286,60.353958,2.257749,24.75862,0.0,,,"2016,2017,2018,2019,2020,2021,2022,2023,2024,2025","2021,2022,2023,2024,2025"
600739,辽宁成大,SH,生物制品,保留,,排除,5.138,48886031.96,0.71806,15.457743,1.039186,8.027295,0.0,,"roe,interest_coverage","2016,2017,2018,2019,2020,2021,2022,2023,2024,2025","2021,2022,2023,2024,2025"
600740,山西焦化,SH,焦炭Ⅱ,保留,,排除,8.382,-6614192086.14,0.317747,-6.510352,-6.107786,9.845809,0.0,,"fcf,interest_coverage,gross_margin,ocf_ni","2016,2017,2018,2019,2020,2021,2022,2023,2024,2025","2021,2022,2023,2024,2025"
600741,华域汽车,SH,汽车零部件,周期,周期性行业,行业排除,,,,,,,,,,,
600742,富维股份,SH,汽车零部件,周期,周期性行业,行业排除,,,,,,,,,,,
600743,华远控股,SH,房地产服务,周期,周期性行业,行业排除,,,,,,,,,,,
600744,华银电力,SH,电力,保留,,排除,-15.367,-11393118114.33,0.461374,1.674568,8.168323,-3.707881,0.0,,"roe,fcf,interest_coverage,gross_margin,net_margin","2016,2017,2018,2019,2020,2021,2022,2023,2024,2025","2021,2022,2023,2024,2025"
600745,*ST闻泰,SH,半导体,保留,,排除,1.944,-2398760181.81,-12.48218,15.674808,0.896221,-1.210275,0.0,,"roe,fcf,interest_coverage,net_margin","2016,2017,2018,2019,2020,2021,2022,2023,2024,2025","2021,2022,2023,2024,2025"
600746,江苏索普,SH,化学原料,周期,周期性行业,行业排除,,,,,,,,,,,
600748,上实发展,SH,房地产开发,周期,周期性行业,行业排除,,,,,,,,,,,
600749,西藏旅游,SH,旅游及景区,保留,,排除,-2.56727,38983964.09,,28.113442,1.338114,-10.639577,0.0,,"roe,net_margin","2016,2017,2018,2019,2020,2021,2022,2023,2024,2025","2021,2022,2023,2024,2025"
600750,华润江中,SH,中药Ⅱ,保留,,通过,15.906,3418659138.28,,64.325445,1.407214,20.139237,0.0,,,"2016,2017,2018,2019,2020,2021,2022,2023,2024,2025","2021,2022,2023,2024,2025"
600751,海航科技,SH,航运港口,周期,周期性行业,行业排除,,,,,,,,,,,
600753,ST海钦,SH,物流,保留,,排除,-11.877,-195026779.84,23.909688,1.901569,0.436236,-3.009025,0.0,,"roe,fcf,gross_margin,ocf_ni,net_margin","2016,2017,2018,2019,2020,2021,2022,2023,2024,2025","2021,2022,2023,2024,2025"
600754,锦江酒店,SH,酒店餐饮,保留,,排除,5.012,11104654331.42,2.365683,37.496434,9.902979,5.07124,0.0,,roe,"2016,2017,2018,2019,2020,2021,2022,2023,2024,2025","2021,2022,2023,2024,2025"
600755,厦门国贸,SH,物流,保留,,排除,10.441,4769373919.35,0.205498,1.587808,0.610397,0.731942,0.0,,"interest_coverage,gross_margin,ocf_ni,net_margin","2016,2017,2018,2019,2020,2021,2022,2023,2024,2025","2021,2022,2023,2024,2025"
600756,浪潮软件,SH,IT服务Ⅱ,保留,,排除,2.06,-1160222369.04,,34.807725,-3.148297,2.582206,0.0,,"roe,fcf,ocf_ni,net_margin","2016,2017,2018,2019,2020,2021,2022,2023,2024,2025","2021,2022,2023,2024,2025"
600757,长江传媒,SH,出版,保留,,通过,10.489,3826896164.52,,34.636616,1.061023,10.462401,0.0,,,"2016,2017,2018,2019,2020,2021,2022,2023,2024,2025","2021,2022,2023,2024,2025"
600758,辽宁能源,SH,煤炭开采,周期,周期性行业,行业排除,,,,,,,,,,,
600759,ST洲际,SH,油气开采Ⅱ,保留,,排除,0.056,1482255875.29,4.593135,60.486436,0.696948,1.859868,0.0,,"roe,ocf_ni,net_margin","2016,2017,2018,2019,2020,2021,2022,2023,2024,2025","2021,2022,2023,2024,2025"
600760,中航沈飞,SH,航空装备Ⅱ,保留,,排除,15.653,-9250632067.02,,11.395338,0.773988,5.23633,0.0,,"fcf,gross_margin","2016,2017,2018,2019,2020,2021,2022,2023,2024,2025","2021,2022,2023,2024,2025"
600761,安徽合力,SH,工程机械,周期,周期性行业,行业排除,,,,,,,,,,,
600763,通策医疗,SH,医疗服务,保留,,通过,20.851,2148129900.29,17.300588,40.506413,1.475483,20.075265,0.0,,,"2016,2017,2018,2019,2020,2021,2022,2023,2024,2025","2021,2022,2023,2024,2025"
600764,中国海防,SH,航海装备Ⅱ,保留,,通过,9.438,903091182.39,122.744589,29.747197,1.190564,13.190982,0.0,,,"2016,2017,2018,2019,2020,2021,2022,2023,2024,2025","2021,2022,2023,2024,2025"
600765,中航重机,SH,航空装备Ⅱ,保留,,排除,7.442,-2793334470.71,12.297548,28.08427,0.166613,6.851747,0.0,,"roe,fcf,ocf_ni","2016,2017,2018,2019,2020,2021,2022,2023,2024,2025","2021,2022,2023,2024,2025"
600768,宁波富邦,SH,工业金属,周期,周期性行业,行业排除,,,,,,,,,,,
600769,祥龙电业,SH,环境治理,保留,,通过,11.039,201724965.65,,30.973391,4.145499,15.339169,0.0,,,"2016,2017,2018,2019,2020,2021,2022,2023,2024,2025","2021,2022,2023,2024,2025"
600770,综艺股份,SH,综合Ⅱ,保留,,排除,0.2054,200925773.16,,35.7751,0.569446,-1.161168,0.0,,"roe,ocf_ni,net_margin","2016,2017,2018,2019,2020,2021,2022,2023,2024,2025","2021,2022,2023,2024,2025"
600771,广誉远,SH,中药Ⅱ,保留,,排除,4.892,816183275.25,64.902047,69.170734,0.918246,1.410578,0.0,,"roe,net_margin","2016,2017,2018,2019,2020,2021,2022,2023,2024,2025","2021,2022,2023,2024,2025"
600773,西藏城投,SH,房地产开发,周期,周期性行业,行业排除,,,,,,,,,,,
600774,汉商集团,SH,化学制药,保留,,排除,2.711,557338188.44,-4.606015,58.288041,-0.651373,1.496668,0.0,,"roe,interest_coverage,ocf_ni,net_margin","2016,2017,2018,2019,2020,2021,2022,2023,2024,2025","2021,2022,2023,2024,2025"
600775,南京熊猫,SH,通信设备,保留,,排除,0.508,-139319017.76,,15.134207,2.132632,-0.052185,0.0,,"roe,fcf,net_margin","2016,2017,2018,2019,2020,2021,2022,2023,2024,2025","2021,2022,2023,2024,2025"
600776,东方通信,SH,通信设备,保留,,排除,4.51,283571914.93,,10.712171,0.85843,5.604137,0.0,,"roe,gross_margin","2016,2017,2018,2019,2020,2021,2022,2023,2024,2025","2021,2022,2023,2024,2025"
600777,新潮能源,SH,油气开采Ⅱ,保留,,排除,4.8364,10220595484.21,2.435595,51.475588,4.449222,2.691456,0.0,,"roe,net_margin","2016,2017,2018,2019,2020,2021,2022,2023,2024,2025","2021,2022,2023,2024,2025"
600778,友好集团,SH,一般零售,保留,,排除,-19.541,710918110.75,-0.147675,30.501146,13.181451,-5.032644,0.0,,"roe,interest_coverage,net_margin","2016,2017,2018,2019,2020,2021,2022,2023,2024,2025","2021,2022,2023,2024,2025"
600779,水井坊,SH,白酒Ⅱ,保留,,排除,30.672,1557484277.76,350.119971,82.952898,0.564313,22.031359,0.0,,ocf_ni,"2016,2017,2018,2019,2020,2021,2022,2023,2024,2025","2021,2022,2023,2024,2025"
600780,通宝能源,SH,电力,保留,,排除,6.094,2730886959.57,,9.436714,2.42704,4.275897,0.0,,"roe,gross_margin,net_margin","2016,2017,2018,2019,2020,2021,2022,2023,2024,2025","2021,2022,2023,2024,2025"
600782,新钢股份,SH,普钢,保留,,排除,12.45713,-390799057.62,5.431567,3.163248,17.855982,3.397415,0.0,,"fcf,gross_margin,net_margin","2016,2017,2018,2019,2020,2021,2022,2023,2024,2025","2021,2022,2023,2024,2025"
600783,鲁信创投,SH,通用设备,保留,,排除,6.817,-734707152.77,1.747541,37.376125,-0.413821,215.796303,0.0,,"roe,fcf,interest_coverage,ocf_ni","2016,2017,2018,2019,2020,2021,2022,2023,2024,2025","2021,2022,2023,2024,2025"
600784,鲁银投资,SH,化学原料,周期,周期性行业,行业排除,,,,,,,,,,,
600785,新华百货,SH,一般零售,保留,,排除,4.848,2767221583.09,0.788451,26.191604,9.600972,1.545545,0.0,,"roe,interest_coverage,net_margin","2016,2017,2018,2019,2020,2021,2022,2023,2024,2025","2021,2022,2023,2024,2025"
600787,中储股份,SH,物流,保留,,排除,5.97107,4555020836.48,57.188379,2.664084,2.04764,1.879904,0.0,,"roe,gross_margin,net_margin","2016,2017,2018,2019,2020,2021,2022,2023,2024,2025","2021,2022,2023,2024,2025"
600789,鲁抗医药,SH,化学制药,保留,,排除,5.225,453981343.95,2.811767,23.360326,2.980611,3.561906,0.0,,"roe,net_margin","2016,2017,2018,2019,2020,2021,2022,2023,2024,2025","2021,2022,2023,2024,2025"
600790,轻纺城,SH,一般零售,保留,,排除,7.212,-4012564666.35,-0.973537,47.551942,1.961317,44.779216,0.0,,"roe,fcf,interest_coverage","2016,2017,2018,2019,2020,2021,2022,2023,2024,2025","2021,2022,2023,2024,2025"
600791,京能置业,SH,房地产开发,周期,周期性行业,行业排除,,,,,,,,,,,
600792,云煤能源,SH,焦炭Ⅱ,保留,,排除,-2.421,-848369961.17,-6.635417,1.17584,-4.071373,-1.036697,0.0,,"roe,fcf,interest_coverage,gross_margin,ocf_ni,net_margin","2016,2017,2018,2019,2020,2021,2022,2023,2024,2025","2021,2022,2023,2024,2025"
600793,宜宾纸业,SH,造纸,保留,,排除,16.644,1464676822.59,3.615437,13.16803,10.227926,1.65871,0.0,,"gross_margin,net_margin","2016,2017,2018,2019,2020,2021,2022,2023,2024,2025","2021,2022,2023,2024,2025"
600794,保税科技,SH,物流,保留,,排除,3.666,2015487246.36,,29.859981,2.330983,4.516328,0.0,,"roe,net_margin","2016,2017,2018,2019,2020,2021,2022,2023,2024,2025","2021,2022,2023,2024,2025"
600795,国电电力,SH,电力,保留,,排除,6.9849,3035815312.49,3.06271,13.022249,4.041334,3.102694,0.0,,"roe,gross_margin,net_margin","2016,2017,2018,2019,2020,2021,2022,2023,2024,2025","2021,2022,2023,2024,2025"
600796,钱江生化,SH,环境治理,保留,,排除,4.714,-314761837.07,3.262616,23.241283,2.44045,6.298364,0.0,,"roe,fcf","2016,2017,2018,2019,2020,2021,2022,2023,2024,2025","2021,2022,2023,2024,2025"
600797,浙大网新,SH,IT服务Ⅱ,保留,,排除,1.486,493056061.28,-0.629551,22.380143,-1.023977,1.116773,0.0,,"roe,interest_coverage,ocf_ni,net_margin","2016,2017,2018,2019,2020,2021,2022,2023,2024,2025","2021,2022,2023,2024,2025"
600798,宁波海运,SH,航运港口,周期,周期性行业,行业排除,,,,,,,,,,,
600800,渤海化学,SH,炼化及贸易,保留,,排除,-10.321,-1312060227.41,-11.630082,-2.829438,-2.804804,-1.188367,0.0,,"roe,fcf,interest_coverage,gross_margin,ocf_ni,net_margin","2016,2017,2018,2019,2020,2021,2022,2023,2024,2025","2021,2022,2023,2024,2025"
600801,华新建材,SH,水泥,周期,周期性行业,行业排除,,,,,,,,,,,
600802,福建水泥,SH,水泥,周期,周期性行业,行业排除,,,,,,,,,,,
600803,新奥股份,SH,燃气Ⅱ,保留,,排除,21.418,28216180000.0,24.637105,14.871534,2.753167,4.934154,0.0,,"gross_margin,net_margin","2016,2017,2018,2019,2020,2021,2022,2023,2024,2025","2021,2022,2023,2024,2025"
600805,悦达投资,SH,综合Ⅱ,保留,,排除,-3.478,-2489876976.97,0.836072,8.634026,0.231131,-5.697926,0.0,,"roe,fcf,interest_coverage,gross_margin,ocf_ni,net_margin","2016,2017,2018,2019,2020,2021,2022,2023,2024,2025","2021,2022,2023,2024,2025"
600807,济高发展,SH,医疗器械,保留,,排除,-80.348,-2136825325.5,-7.633274,25.669928,-12.60699,-37.333497,0.0,,"roe,fcf,interest_coverage,ocf_ni,net_margin","2016,2017,2018,2019,2020,2021,2022,2023,2024,2025","2021,2022,2023,2024,2025"
600808,马钢股份,SH,普钢,保留,,排除,5.011,4520488219.0,0.365119,3.880623,-5.237533,1.584565,0.0,,"roe,interest_coverage,gross_margin,ocf_ni,net_margin","2016,2017,2018,2019,2020,2021,2022,2023,2024,2025","2021,2022,2023,2024,2025"
600809,山西汾酒,SH,白酒Ⅱ,保留,,通过,32.223,43067391053.05,,75.325782,1.026946,23.904203,0.0,,,"2016,2017,2018,2019,2020,2021,2022,2023,2024,2025","2021,2022,2023,2024,2025"
600810,神马股份,SH,化学纤维,保留,,排除,9.26,-6335612492.35,-1.1474,14.835556,1.797017,3.533323,0.0,,"fcf,interest_coverage,gross_margin,net_margin","2016,2017,2018,2019,2020,2021,2022,2023,2024,2025","2021,2022,2023,2024,2025"
600812,华北制药,SH,化学制药,保留,,排除,0.331,2438657284.83,1.022835,32.757763,56.035823,0.183294,0.0,,"roe,interest_coverage,net_margin","2016,2017,2018,2019,2020,2021,2022,2023,2024,2025","2021,2022,2023,2024,2025"
600814,杭州解百,SH,一般零售,保留,,通过,8.336,3859683174.28,,78.534031,3.161406,9.653619,0.0,,,"2016,2017,2018,2019,2020,2021,2022,2023,2024,2025","2021,2022,2023,2024,2025"
600815,厦工股份,SH,工程机械,周期,周期性行业,行业排除,,,,,,,,,,,
600816,建元信托,SH,多元金融,金融,金融行业,行业排除,,,,,,,,,,,
600817,宇通重工,SH,环保设备Ⅱ,保留,,排除,12.4,438911824.72,,25.885398,0.534841,11.939995,0.0,,ocf_ni,"2016,2017,2018,2019,2020,2021,2022,2023,2024,2025","2021,2022,2023,2024,2025"
600818,ST中路,SH,摩托车及其他,保留,,排除,1.226,-158492954.72,-14.556759,14.378064,0.176729,1.374518,0.0,,"roe,fcf,interest_coverage,gross_margin,ocf_ni,net_margin","2016,2017,2018,2019,2020,2021,2022,2023,2024,2025","2021,2022,2023,2024,2025"
600819,耀皮玻璃,SH,玻璃玻纤,周期,周期性行业,行业排除,,,,,,,,,,,
600820,隧道股份,SH,基础建设,周期,周期性行业,行业排除,,,,,,,,,,,
600821,金开新能,SH,电力,保留,,排除,-8.32,-2783683349.89,0.342417,57.694213,6.507173,-14.271274,0.0,,"roe,fcf,interest_coverage,net_margin","2016,2017,2018,2019,2020,2021,2022,2023,2024,2025","2021,2022,2023,2024,2025"
600822,上海物贸,SH,汽车服务,周期,周期性行业,行业排除,,,,,,,,,,,
600824,益民集团,SH,一般零售,保留,,排除,3.005,556156447.74,,45.321103,1.817204,4.258106,0.0,,"roe,net_margin","2016,2017,2018,2019,2020,2021,2022,2023,2024,2025","2021,2022,2023,2024,2025"
600825,新华传媒,SH,出版,保留,,排除,0.067,754094600.16,,30.62819,11.204922,-0.059627,0.0,,"roe,net_margin","2016,2017,2018,2019,2020,2021,2022,2023,2024,2025","2021,2022,2023,2024,2025"
600826,兰生股份,SH,专业服务,保留,,排除,7.978,464798845.88,46.54941,33.69827,1.334019,13.962518,0.0,,roe,"2016,2017,2018,2019,2020,2021,2022,2023,2024,2025","2021,2022,2023,2024,2025"
600827,百联股份,SH,一般零售,保留,,排除,5.014286,9069167691.37,33.814436,,4.56635,2.337186,0.0,gross_margin,"roe,net_margin","2016,2017,2018,2020,2021,2023,2024","2021,2022,2023,2024,2025"
600828,茂业商业,SH,一般零售,保留,,排除,9.284,3788328084.62,-1.047172,61.737344,10.103988,5.21679,0.0,,interest_coverage,"2016,2017,2018,2019,2020,2021,2022,2023,2024,2025","2021,2022,2023,2024,2025"
600829,人民同泰,SH,医药商业,保留,,排除,11.895,755379558.2,6.630271,9.330207,0.848807,2.628058,0.0,,"gross_margin,net_margin","2016,2017,2018,2019,2020,2021,2022,2023,2024,2025","2021,2022,2023,2024,2025"
600830,香溢融通,SH,多元金融,金融,金融行业,行业排除,,,,,,,,,,,
600831,广电网络,SH,电视广播Ⅱ,保留,,排除,-15.771,-2722843870.0,-6.5333,17.089749,4.241826,-21.543174,0.0,,"roe,fcf,interest_coverage,net_margin","2016,2017,2018,2019,2020,2021,2022,2023,2024,2025","2021,2022,2023,2024,2025"
600833,第一医药,SH,医药商业,保留,,排除,8.803,259516879.18,,18.005049,0.831288,4.349524,0.0,,net_margin,"2016,2017,2018,2019,2020,2021,2022,2023,2024,2025","2021,2022,2023,2024,2025"
600834,申通地铁,SH,铁路公路,周期,周期性行业,行业排除,,,,,,,,,,,
600835,上海机电,SH,专用设备,保留,,通过,9.801,3693669499.66,,15.825164,0.965137,5.122978,0.0,,,"2016,2017,2018,2019,2020,2021,2022,2023,2024,2025","2021,2022,2023,2024,2025"
600838,上海九百,SH,一般零售,保留,,排除,6.331,-641236.52,,23.972678,0.076964,98.508164,0.0,,"roe,fcf,ocf_ni","2016,2017,2018,2019,2020,2021,2022,2023,2024,2025","2021,2022,2023,2024,2025"
600839,四川长虹,SH,黑色家电,保留,,排除,3.26517,10261070755.94,10.032502,10.442475,6.792077,0.486585,0.0,,"roe,gross_margin,net_margin","2016,2017,2018,2019,2020,2021,2022,2023,2024,2025","2021,2022,2023,2024,2025"
600841,动力新科,SH,汽车零部件,周期,周期性行业,行业排除,,,,,,,,,,,
600843,上工申贝,SH,专用设备,保留,,排除,2.62343,-282477141.95,-1.024692,21.235691,0.476571,1.925561,0.0,,"roe,fcf,interest_coverage,ocf_ni,net_margin","2016,2017,2018,2019,2020,2021,2022,2023,2024,2025","2021,2022,2023,2024,2025"
600844,金煤科技,SH,化学原料,周期,周期性行业,行业排除,,,,,,,,,,,
600845,宝信软件,SH,IT服务Ⅱ,保留,,通过,15.47,7747936133.37,,33.787621,1.123571,13.122763,0.0,,,"2016,2017,2018,2019,2020,2021,2022,2023,2024,2025","2021,2022,2023,2024,2025"
600846,同济科技,SH,工程咨询服务Ⅱ,保留,,排除,13.553,1602234663.83,,12.847621,1.118062,8.190634,0.0,,gross_margin,"2016,2017,2018,2019,2020,2021,2022,2023,2024,2025","2021,2022,2023,2024,2025"
600847,万里股份,SH,电池,保留,,排除,-5.146,8596611.37,-1417.814185,7.336815,0.085825,-6.397171,0.0,,"roe,interest_coverage,gross_margin,ocf_ni,net_margin","2016,2017,2018,2019,2020,2021,2022,2023,2024,2025","2021,2022,2023,2024,2025"
600848,上海临港,SH,房地产开发,周期,周期性行业,行业排除,,,,,,,,,,,
600850,电科数字,SH,IT服务Ⅱ,保留,,排除,12.61,598363338.45,11.055074,18.792799,0.64012,4.375359,0.0,,"ocf_ni,net_margin","2016,2017,2018,2019,2020,2021,2022,2023,2024,2025","2021,2022,2023,2024,2025"
600851,海欣股份,SH,化学制药,保留,,排除,3.343,154020084.98,,51.140088,0.615472,13.02474,0.0,,"roe,ocf_ni","2016,2017,2018,2019,2020,2021,2022,2023,2024,2025","2021,2022,2023,2024,2025"
600853,龙建股份,SH,基础建设,周期,周期性行业,行业排除,,,,,,,,,,,
600854,春兰股份,SH,白色家电,保留,,排除,3.47739,430256199.03,,39.471863,0.84133,49.480924,0.0,,roe,"2016,2017,2018,2019,2020,2021,2022,2023,2024,2025","2021,2022,2023,2024,2025"
600855,航天长峰,SH,军工电子Ⅱ,保留,,排除,-0.339,-567552408.02,,21.72738,-3.013481,-3.039019,0.0,,"roe,fcf,ocf_ni,net_margin","2016,2017,2018,2019,2020,2021,2022,2023,2024,2025","2021,2022,2023,2024,2025"
600857,宁波中百,SH,一般零售,保留,,排除,0.037,15389726.77,,11.305768,0.611059,2.326829,0.0,,"roe,gross_margin,ocf_ni,net_margin","2016,2017,2018,2019,2020,2021,2022,2023,2024,2025","2021,2022,2023,2024,2025"
600858,银座股份,SH,一般零售,保留,,排除,0.68694,3571411413.3,0.563732,41.187404,-10.121948,0.09127,0.0,,"roe,interest_coverage,ocf_ni,net_margin","2016,2017,2018,2019,2020,2021,2022,2023,2024,2025","2021,2022,2023,2024,2025"
600859,王府井,SH,一般零售,保留,,排除,5.4902,8422091301.68,0.593314,40.24797,-4.618218,3.712962,0.0,,"roe,interest_coverage,ocf_ni,net_margin","2016,2017,2018,2019,2020,2021,2022,2023,2024,2025","2021,2022,2023,2024,2025"
600860,京城股份,SH,通用设备,保留,,排除,-4.98,-468292888.0,-5.965188,14.938278,-1.477641,-2.723524,0.0,,"roe,fcf,interest_coverage,gross_margin,ocf_ni,net_margin","2016,2017,2018,2019,2020,2021,2022,2023,2024,2025","2021,2022,2023,2024,2025"
600861,北京人力,SH,专业服务,保留,,排除,6.344,2200190065.36,,16.961341,0.2629,-0.301683,0.0,,"roe,ocf_ni,net_margin","2016,2017,2018,2019,2020,2021,2022,2023,2024,2025","2021,2022,2023,2024,2025"
600862,中航高科,SH,航空装备Ⅱ,保留,,排除,11.333,1925828925.43,,34.837012,0.639296,15.14482,0.0,,ocf_ni,"2016,2017,2018,2019,2020,2021,2022,2023,2024,2025","2021,2022,2023,2024,2025"
600863,华能蒙电,SH,电力,保留,,通过,8.864,14210977166.35,14.608125,18.935048,3.357894,7.032828,0.0,,,"2016,2017,2018,2019,2020,2021,2022,2023,2024,2025","2021,2022,2023,2024,2025"
600864,哈投股份,SH,证券Ⅱ,金融,金融行业,行业排除,,,,,,,,,,,
600865,百大集团,SH,一般零售,保留,,排除,6.145,338126804.13,5.813853,86.072353,3.395783,37.529581,0.0,,roe,"2016,2017,2018,2019,2020,2021,2022,2023,2024,2025","2021,2022,2023,2024,2025"
600866,星湖科技,SH,化学制品,周期,周期性行业,行业排除,,,,,,,,,,,
600867,通化东宝,SH,生物制品,保留,,排除,17.393,1529614147.21,84.00435,76.892504,-1.653748,33.099797,0.0,,ocf_ni,"2016,2017,2018,2019,2020,2021,2022,2023,2024,2025","2021,2022,2023,2024,2025"
600868,梅雁吉祥,SH,电力,保留,,排除,0.31,223301165.58,-9.288082,30.008212,-0.616016,4.834892,0.0,,"roe,interest_coverage,ocf_ni,net_margin","2016,2017,2018,2019,2020,2021,2022,2023,2024,2025","2021,2022,2023,2024,2025"
600869,远东股份,SH,电网设备,保留,,排除,-0.085,-25112096.93,0.178563,11.355471,3.882036,0.059279,0.0,,"roe,fcf,interest_coverage,gross_margin,net_margin","2016,2017,2018,2019,2020,2021,2022,2023,2024,2025","2021,2022,2023,2024,2025"
600871,石化油服,SH,油服工程,保留,,排除,-5.178889,7896011000.0,1.392013,7.640348,13.561126,-5.443165,0.0,,"roe,interest_coverage,gross_margin,net_margin","2016,2017,2018,2019,2020,2021,2022,2023,2024,2025","2021,2022,2023,2024,2025"
600872,中炬高新,SH,调味发酵品Ⅱ,保留,,排除,15.906,2984123969.37,66.634731,35.646237,0.680287,13.674476,0.0,,ocf_ni,"2016,2017,2018,2019,2020,2021,2022,2023,2024,2025","2021,2022,2023,2024,2025"
600873,梅花生物,SH,化学制品,周期,周期性行业,行业排除,,,,,,,,,,,
600874,创业环保,SH,环境治理,保留,,通过,9.34,2738655746.87,4.088686,36.151772,1.850711,18.677076,0.0,,,"2016,2017,2018,2019,2020,2021,2022,2023,2024,2025","2021,2022,2023,2024,2025"
600875,东方电气,SH,其他电源设备Ⅱ,保留,,排除,5.603,2706228856.41,40.598783,15.96573,0.798911,3.52296,0.0,,"roe,net_margin","2016,2017,2018,2019,2020,2021,2022,2023,2024,2025","2021,2022,2023,2024,2025"
600876,凯盛新能,SH,玻璃玻纤,周期,周期性行业,行业排除,,,,,,,,,,,
600877,电科芯片,SH,半导体,保留,,排除,4.663333,-88327976.51,,31.182947,0.34999,10.936883,0.0,,"roe,fcf,ocf_ni","2016,2017,2018,2019,2020,2021,2022,2023,2024,2025","2021,2022,2023,2024,2025"
600879,航天电子,SH,航天装备Ⅱ,保留,,排除,3.7805,-7062037200.45,2.240399,20.267242,-1.808472,3.350987,0.0,,"roe,fcf,ocf_ni,net_margin","2016,2017,2018,2019,2020,2021,2022,2023,2024,2025","2021,2022,2023,2024,2025"
600880,博瑞传播,SH,教育,保留,,排除,-1.286,-251626017.92,,39.184213,1.713141,-7.809151,0.0,,"roe,fcf,net_margin","2016,2017,2018,2019,2020,2021,2022,2023,2024,2025","2021,2022,2023,2024,2025"
600881,亚泰集团,SH,综合Ⅱ,保留,,排除,-26.746,1869183585.16,-1.317156,17.454559,-0.068972,-14.287702,0.0,,"roe,interest_coverage,ocf_ni,net_margin","2016,2017,2018,2019,2020,2021,2022,2023,2024,2025","2021,2022,2023,2024,2025"
600882,妙可蓝多,SH,饮料乳品,保留,,排除,2.3378,-701945302.3,2.712244,30.699217,2.855685,2.265966,0.0,,"roe,fcf,net_margin","2016,2017,2018,2019,2020,2021,2022,2023,2024,2025","2021,2022,2023,2024,2025"
600883,博闻科技,SH,种植业,保留,,排除,5.18838,-137411842.29,36.805514,2.120394,-0.330279,187.452347,0.0,,"roe,fcf,gross_margin,ocf_ni","2016,2017,2018,2019,2020,2021,2022,2023,2024,2025","2021,2022,2023,2024,2025"
600884,杉杉股份,SH,电池,保留,,排除,6.846,-12977780609.32,0.98959,19.362361,-0.06265,6.695552,0.0,,"roe,fcf,interest_coverage,ocf_ni","2016,2017,2018,2019,2020,2021,2022,2023,2024,2025","2021,2022,2023,2024,2025"
600885,宏发股份,SH,电网设备,保留,,通过,17.303,4570479567.39,32.104741,35.38684,1.424824,10.745914,0.0,,,"2016,2017,2018,2019,2020,2021,2022,2023,2024,2025","2021,2022,2023,2024,2025"
600886,国投电力,SH,电力,保留,,通过,11.253,26149565755.72,6.06701,35.204266,4.498775,11.042197,0.0,,,"2016,2017,2018,2019,2020,2021,2022,2023,2024,2025","2021,2022,2023,2024,2025"
600887,伊利股份,SH,饮料乳品,保留,,通过,22.939,56022456940.84,,32.78242,1.754556,8.231393,0.0,,,"2016,2017,2018,2019,2020,2021,2022,2023,2024,2025","2021,2022,2023,2024,2025"
600888,新疆众和,SH,工业金属,周期,周期性行业,行业排除,,,,,,,,,,,
600889,*ST京化,SH,通用设备,保留,,排除,-16.737,-1301873433.27,-6.173035,-4.673646,0.672469,-23.884739,0.0,,"roe,fcf,interest_coverage,gross_margin,ocf_ni,net_margin","2016,2017,2018,2019,2020,2021,2022,2023,2024,2025","2021,2022,2023,2024,2025"
600892,大晟文化,SH,游戏Ⅱ,保留,,排除,-48.301,-309009662.31,-21.38409,86.465041,1.5302,-82.548292,0.0,,"roe,fcf,interest_coverage,net_margin","2016,2017,2018,2019,2020,2021,2022,2023,2024,2025","2021,2022,2023,2024,2025"
600893,航发动力,SH,航空装备Ⅱ,保留,,排除,3.68,-35884494717.11,1.534192,10.617245,-4.628726,3.446109,0.0,,"roe,fcf,interest_coverage,gross_margin,ocf_ni,net_margin","2016,2017,2018,2019,2020,2021,2022,2023,2024,2025","2021,2022,2023,2024,2025"
600894,广日股份,SH,专用设备,保留,,排除,7.787,211855659.63,,13.66701,0.379449,9.739525,0.0,,"roe,gross_margin,ocf_ni","2016,2017,2018,2019,2020,2021,2022,2023,2024,2025","2021,2022,2023,2024,2025"
600895,张江高科,SH,房地产开发,周期,周期性行业,行业排除,,,,,,,,,,,
600897,厦门空港,SH,航空机场,周期,周期性行业,行业排除,,,,,,,,,,,
600900,长江电力,SH,电力,保留,,通过,15.095,202686552685.38,4.545692,59.562129,1.831989,41.471321,0.0,,,"2016,2017,2018,2019,2020,2021,2022,2023,2024,2025","2021,2022,2023,2024,2025"
600901,江苏金租,SH,多元金融,金融,金融行业,行业排除,,,,,,,,,,,
600903,贵州燃气,SH,燃气Ⅱ,保留,,排除,4.818,-1588584899.95,0.867498,14.704034,10.002677,3.043197,0.0,,"roe,fcf,interest_coverage,gross_margin,net_margin","2016,2017,2018,2019,2020,2021,2022,2023,2024,2025","2021,2022,2023,2024,2025"
600905,三峡能源,SH,电力,保留,,排除,8.279,-81859464301.31,1.225162,53.61608,2.894833,29.586007,0.0,,"fcf,interest_coverage","2016,2017,2018,2019,2020,2021,2022,2023,2024,2025","2021,2022,2023,2024,2025"
600906,财达证券,SH,证券Ⅱ,金融,金融行业,行业排除,,,,,,,,,,,
600908,无锡银行,SH,银行Ⅱ,金融,金融行业,行业排除,,,,,,,,,,,
600909,华安证券,SH,证券Ⅱ,金融,金融行业,行业排除,,,,,,,,,,,
600916,中国黄金,SH,饰品,保留,,排除,10.808,5501411825.04,,3.741678,1.610175,1.194342,0.0,,"gross_margin,net_margin","2016,2017,2018,2019,2020,2021,2022,2023,2024,2025","2021,2022,2023,2024,2025"
600917,重庆燃气,SH,燃气Ⅱ,保留,,排除,8.615,159813728.09,13.70103,9.023645,1.257453,5.090024,0.0,,gross_margin,"2016,2017,2018,2019,2020,2021,2022,2023,2024,2025","2021,2022,2023,2024,2025"
600918,中泰证券,SH,证券Ⅱ,金融,金融行业,行业排除,,,,,,,,,,,
600919,江苏银行,SH,银行Ⅱ,金融,金融行业,行业排除,,,,,,,,,,,
600925,苏能股份,SH,煤炭开采,周期,周期性行业,行业排除,,,,,,,,,,,
600926,杭州银行,SH,银行Ⅱ,金融,金融行业,行业排除,,,,,,,,,,,
600927,永安期货,SH,多元金融,金融,金融行业,行业排除,,,,,,,,,,,
600928,西安银行,SH,银行Ⅱ,金融,金融行业,行业排除,,,,,,,,,,,
600929,雪天盐业,SH,化学原料,周期,周期性行业,行业排除,,,,,,,,,,,
600930,华电新能,SH,电力,保留,,排除,11.954286,-179788995708.0,1.526849,49.488825,2.781755,,0.0,net_margin,"fcf,interest_coverage","2017,2018,2019,2020,2021,2022,2023,2024,2025","2021,2022,2023,2024,2025"
600933,爱柯迪,SH,汽车零部件,周期,周期性行业,行业排除,,,,,,,,,,,
600935,华塑股份,SH,化学原料,周期,周期性行业,行业排除,,,,,,,,,,,
600936,北投科技,SH,IT服务Ⅱ,保留,,排除,-11.717,481583224.49,-1.512293,12.000479,-0.852869,-13.381153,0.0,,"roe,interest_coverage,gross_margin,ocf_ni,net_margin","2016,2017,2018,2019,2020,2021,2022,2023,2024,2025","2021,2022,2023,2024,2025"
600938,中国海油,SH,油气开采Ⅱ,保留,,数据不足,16.095,460163000000.0,205.483597,51.726212,1.712248,,0.0,net_margin,,"2018,2019,2020,2021,2022,2023,2024,2025","2021,2022,2023,2024,2025"
600939,重庆建工,SH,房屋建设Ⅱ,保留,,排除,1.2109,886073510.84,-1.793938,5.246391,2.16459,-0.235874,0.0,,"roe,interest_coverage,gross_margin,net_margin","2016,2017,2018,2019,2020,2021,2022,2023,2024,2025","2021,2022,2023,2024,2025"
600941,中国移动,SH,通信服务,保留,,数据不足,10.305,556862000000.0,,28.541154,2.247793,,0.0,net_margin,,"2018,2019,2020,2021,2022,2023,2024,2025","2021,2022,2023,2024,2025"
600955,维远股份,SH,化学原料,周期,周期性行业,行业排除,,,,,,,,,,,
600956,新天绿能,SH,电力,保留,,排除,11.266,-10944247295.49,2.289665,24.807682,2.712232,11.672517,0.0,,fcf,"2016,2017,2018,2019,2020,2021,2022,2023,2024,2025","2021,2022,2023,2024,2025"
600958,东方证券,SH,证券Ⅱ,金融,金融行业,行业排除,,,,,,,,,,,
600959,江苏有线,SH,电视广播Ⅱ,保留,,排除,2.62,1398484900.67,,25.448493,5.829297,6.120188,0.0,,roe,"2016,2017,2018,2019,2020,2021,2022,2023,2024,2025","2021,2022,2023,2024,2025"
600960,渤海汽车,SH,汽车零部件,周期,周期性行业,行业排除,,,,,,,,,,,
600961,株冶集团,SH,工业金属,周期,周期性行业,行业排除,,,,,,,,,,,
600962,国投中鲁,SH,农产品加工,保留,,排除,1.174,38368512.96,1.480769,18.575784,-2.096372,0.291292,0.0,,"roe,interest_coverage,ocf_ni,net_margin","2016,2017,2018,2019,2020,2021,2022,2023,2024,2025","2021,2022,2023,2024,2025"
600963,岳阳林纸,SH,造纸,保留,,排除,2.898,-1296823402.51,-1.4873,13.213184,5.663044,3.197269,0.0,,"roe,fcf,interest_coverage,gross_margin,net_margin","2016,2017,2018,2019,2020,2021,2022,2023,2024,2025","2021,2022,2023,2024,2025"
600965,*ST福成,SH,养殖业,保留,,排除,6.8678,-581083307.24,17.571305,29.802156,1.481895,10.307199,0.0,,"roe,fcf","2016,2017,2018,2019,2020,2021,2022,2023,2024,2025","2021,2022,2023,2024,2025"
600966,博汇纸业,SH,造纸,保留,,排除,8.319,5321404049.14,0.483216,12.913846,6.362749,3.698559,0.0,,"interest_coverage,gross_margin,net_margin","2016,2017,2018,2019,2020,2021,2022,2023,2024,2025","2021,2022,2023,2024,2025"
600967,内蒙一机,SH,地面兵装Ⅱ,保留,,排除,6.557,-6577536096.26,,12.514577,-1.609496,5.122897,0.0,,"roe,fcf,gross_margin,ocf_ni","2016,2017,2018,2019,2020,2021,2022,2023,2024,2025","2021,2022,2023,2024,2025"
600968,海油发展,SH,油服工程,保留,,排除,9.58556,14185596284.89,259.956323,13.98343,1.761133,4.941403,0.0,,"gross_margin,net_margin","2016,2017,2018,2019,2020,2021,2022,2023,2024,2025","2021,2022,2023,2024,2025"
600969,郴电国际,SH,电力,保留,,排除,0.978,1029169405.64,0.863321,10.865579,1.958261,1.160795,0.0,,"roe,interest_coverage,gross_margin,net_margin","2016,2017,2018,2019,2020,2021,2022,2023,2024,2025","2021,2022,2023,2024,2025"
600970,中材国际,SH,专业工程,周期,周期性行业,行业排除,,,,,,,,,,,
600971,恒源煤电,SH,煤炭开采,周期,周期性行业,行业排除,,,,,,,,,,,
600973,宝胜股份,SH,电网设备,保留,,排除,0.038,-162002271.76,0.064892,5.100784,5.977973,0.129423,0.0,,"roe,fcf,interest_coverage,gross_margin,net_margin","2016,2017,2018,2019,2020,2021,2022,2023,2024,2025","2021,2022,2023,2024,2025"
600975,新五丰,SH,养殖业,保留,,排除,-4.625,-916592887.79,-3.84013,2.207418,4.515474,-2.073401,0.0,,"roe,fcf,interest_coverage,gross_margin,net_margin","2016,2017,2018,2019,2020,2021,2022,2023,2024,2025","2021,2022,2023,2024,2025"
600976,健民集团,SH,中药Ⅱ,保留,,排除,14.56,831399171.5,27.948394,47.689896,0.653116,7.379316,0.0,,ocf_ni,"2016,2017,2018,2019,2020,2021,2022,2023,2024,2025","2021,2022,2023,2024,2025"
600977,中国电影,SH,影视院线,保留,,排除,4.642,2891951975.38,,18.893772,3.823092,3.892427,0.0,,"roe,net_margin","2016,2017,2018,2019,2020,2021,2022,2023,2024,2025","2021,2022,2023,2024,2025"
600979,广安爱众,SH,电力,保留,,排除,4.691,-61021275.12,-2.382475,29.029471,2.102281,7.453533,-0.000659,,"roe,fcf,interest_coverage","2016,2017,2018,2019,2020,2021,2022,2023,2024,2025","2021,2022,2023,2024,2025"
600980,北矿科技,SH,专用设备,保留,,排除,7.758,180083057.98,,25.835171,1.146694,9.321228,0.0,,roe,"2016,2017,2018,2019,2020,2021,2022,2023,2024,2025","2021,2022,2023,2024,2025"
600981,苏豪汇鸿,SH,贸易Ⅱ,保留,,排除,3.872,2540694873.18,0.965718,3.606017,7.568187,0.804815,0.0,,"roe,interest_coverage,gross_margin,net_margin","2016,2017,2018,2019,2020,2021,2022,2023,2024,2025","2021,2022,2023,2024,2025"
600982,宁波能源,SH,电力,保留,,排除,7.003,-1248874485.83,2.780582,11.885654,1.382746,6.416406,0.0,,"roe,fcf,gross_margin","2016,2017,2018,2019,2020,2021,2022,2023,2024,2025","2021,2022,2023,2024,2025"
600983,惠而浦,SH,白色家电,保留,,排除,0.95,449978019.12,,14.599358,3.487488,0.55083,0.0,,"roe,gross_margin,net_margin","2016,2017,2018,2019,2020,2021,2022,2023,2024,2025","2021,2022,2023,2024,2025"
600984,建设机械,SH,工程机械,周期,周期性行业,行业排除,,,,,,,,,,,
600985,淮北矿业,SH,煤炭开采,周期,周期性行业,行业排除,,,,,,,,,,,
600986,浙文互联,SH,广告营销,保留,,排除,-0.724,-833943988.03,3.385746,6.762369,-0.212569,0.78459,0.0,,"roe,fcf,gross_margin,ocf_ni,net_margin","2016,2017,2018,2019,2020,2021,2022,2023,2024,2025","2021,2022,2023,2024,2025"
600987,航民股份,SH,纺织制造,保留,,排除,13.95,3425861062.72,88.402898,13.989972,1.323432,9.101272,0.0,,gross_margin,"2016,2017,2018,2019,2020,2021,2022,2023,2024,2025","2021,2022,2023,2024,2025"
600988,赤峰黄金,SH,贵金属,周期,周期性行业,行业排除,,,,,,,,,,,
600989,宝丰能源,SH,化学原料,周期,周期性行业,行业排除,,,,,,,,,,,
600990,四创电子,SH,军工电子Ⅱ,保留,,排除,0.492,95282238.4,-6.099383,16.885735,-0.064111,-3.061636,0.0,,"roe,interest_coverage,ocf_ni,net_margin","2016,2017,2018,2019,2020,2021,2022,2023,2024,2025","2021,2022,2023,2024,2025"
600992,贵绳股份,SH,通用设备,保留,,排除,1.504,-1040571037.02,1.989463,8.745305,0.954225,1.034381,0.0,,"roe,fcf,interest_coverage,gross_margin,net_margin","2016,2017,2018,2019,2020,2021,2022,2023,2024,2025","2021,2022,2023,2024,2025"
600993,马应龙,SH,中药Ⅱ,保留,,通过,13.664,1929439713.88,,44.092378,1.06747,13.712661,0.0,,,"2016,2017,2018,2019,2020,2021,2022,2023,2024,2025","2021,2022,2023,2024,2025"
600995,南网储能,SH,电力,保留,,排除,9.873,-10493739505.93,5.867695,45.553307,3.34901,14.567712,0.0,,fcf,"2016,2017,2018,2019,2020,2021,2022,2023,2024,2025","2021,2022,2023,2024,2025"
600996,贵广网络,SH,电视广播Ⅱ,保留,,排除,-7.909,-2609473331.45,-3.865247,-3.220053,5.445379,-21.191402,0.0,,"roe,fcf,interest_coverage,gross_margin,net_margin","2016,2017,2018,2019,2020,2021,2022,2023,2024,2025","2021,2022,2023,2024,2025"
600997,开滦股份,SH,焦炭Ⅱ,保留,,排除,8.636,4186655021.27,-0.279209,14.696649,5.492505,4.866098,0.0,,"interest_coverage,gross_margin,net_margin","2016,2017,2018,2019,2020,2021,2022,2023,2024,2025","2021,2022,2023,2024,2025"
600998,九州通,SH,医药商业,保留,,排除,9.959,12660165158.11,3.5076,7.895221,1.652753,1.740851,0.0,,"gross_margin,net_margin","2016,2017,2018,2019,2020,2021,2022,2023,2024,2025","2021,2022,2023,2024,2025"
600999,招商证券,SH,证券Ⅱ,金融,金融行业,行业排除,,,,,,,,,,,
601000,唐山港,SH,航运港口,周期,周期性行业,行业排除,,,,,,,,,,,
601001,晋控煤业,SH,煤炭开采,周期,周期性行业,行业排除,,,,,,,,,,,
601002,晋亿实业,SH,通用设备,保留,,排除,5.269,397590931.63,,18.996192,-2.783997,6.457104,0.0,,"roe,ocf_ni","2016,2017,2018,2019,2020,2021,2022,2023,2024,2025","2021,2022,2023,2024,2025"
601003,柳钢股份,SH,普钢,保留,,排除,11.149,6691016521.91,1.715821,3.576545,-0.037706,2.254532,0.0,,"interest_coverage,gross_margin,ocf_ni,net_margin","2016,2017,2018,2019,2020,2021,2022,2023,2024,2025","2021,2022,2023,2024,2025"
601005,重庆钢铁,SH,普钢,保留,,排除,-145.423333,908528241.93,-16.517184,0.761073,-0.134019,-11.322488,0.0,,"roe,interest_coverage,gross_margin,ocf_ni,net_margin","2016,2017,2018,2019,2020,2021,2022,2023,2024,2025","2021,2022,2023,2024,2025"
601006,大秦铁路,SH,铁路公路,周期,周期性行业,行业排除,,,,,,,,,,,
601007,金陵饭店,SH,酒店餐饮,保留,,排除,3.78,693963696.84,29.338106,27.735685,3.951158,4.698238,0.0,,"roe,net_margin","2016,2017,2018,2019,2020,2021,2022,2023,2024,2025","2021,2022,2023,2024,2025"
601008,连云港,SH,航运港口,周期,周期性行业,行业排除,,,,,,,,,,,
601009,南京银行,SH,银行Ⅱ,金融,金融行业,行业排除,,,,,,,,,,,
601010,ST文峰,SH,一般零售,保留,,排除,3.71,1152029324.08,-0.179554,45.985631,0.963235,3.930231,0.0,,"roe,interest_coverage,net_margin","2016,2017,2018,2019,2020,2021,2022,2023,2024,2025","2021,2022,2023,2024,2025"
601011,宝泰隆,SH,焦炭Ⅱ,保留,,排除,-1.768,-1200956108.88,-1.815287,7.035691,0.577893,-9.08784,0.0,,"roe,fcf,interest_coverage,gross_margin,ocf_ni,net_margin","2016,2017,2018,2019,2020,2021,2022,2023,2024,2025","2021,2022,2023,2024,2025"
601012,隆基绿能,SH,光伏设备,保留,,排除,16.02,11370203458.0,-63.022902,12.475433,0.725485,9.008056,0.0,,"interest_coverage,gross_margin","2016,2017,2018,2019,2020,2021,2022,2023,2024,2025","2021,2022,2023,2024,2025"
601015,陕西黑猫,SH,焦炭Ⅱ,保留,,排除,0.588,-1806708176.49,-4.079946,2.607071,0.141428,-0.10999,0.0,,"roe,fcf,interest_coverage,gross_margin,ocf_ni,net_margin","2016,2017,2018,2019,2020,2021,2022,2023,2024,2025","2021,2022,2023,2024,2025"
601016,节能风电,SH,电力,保留,,排除,7.792,390612622.48,1.357884,52.290248,3.054647,23.424673,0.0,,"roe,interest_coverage","2016,2017,2018,2019,2020,2021,2022,2023,2024,2025","2021,2022,2023,2024,2025"
601018,宁波港,SH,航运港口,周期,周期性行业,行业排除,,,,,,,,,,,
601019,山东出版,SH,出版,保留,,通过,14.871,7153883462.05,,37.407934,1.201523,14.438542,0.0,,,"2016,2017,2018,2019,2020,2021,2022,2023,2024,2025","2021,2022,2023,2024,2025"
601020,华钰矿业,SH,工业金属,周期,周期性行业,行业排除,,,,,,,,,,,
601021,春秋航空,SH,航空机场,周期,周期性行业,行业排除,,,,,,,,,,,
601022,宁波远洋,SH,航运港口,周期,周期性行业,行业排除,,,,,,,,,,,
601026,道生天合,SH,风电设备,保留,,排除,11.716667,-1181996496.85,18.345348,11.238946,-0.902014,,0.0,net_margin,"fcf,gross_margin,ocf_ni","2020,2021,2022,2023,2024,2025","2021,2022,2023,2024,2025"
601033,永兴股份,SH,环境治理,保留,,排除,8.525714,-1732602652.95,3.466001,42.764296,2.077027,,0.0,net_margin,fcf,"2019,2020,2021,2022,2023,2024,2025","2021,2022,2023,2024,2025"
601038,一拖股份,SH,专用设备,保留,,排除,4.645,6816345691.84,648.245697,15.406765,2.024769,1.915977,0.0,,"roe,net_margin","2016,2017,2018,2019,2020,2021,2022,2023,2024,2025","2021,2022,2023,2024,2025"
601058,赛轮轮胎,SH,汽车零部件,周期,周期性行业,行业排除,,,,,,,,,,,
601059,信达证券,SH,证券Ⅱ,金融,金融行业,行业排除,,,,,,,,,,,
601061,中信金属,SH,贸易Ⅱ,保留,,排除,13.44,-1754720278.12,11.015161,1.451514,-0.215457,,0.0,net_margin,"fcf,gross_margin,ocf_ni","2018,2019,2020,2021,2022,2023,2024,2025","2021,2022,2023,2024,2025"
601065,江盐集团,SH,化学原料,周期,周期性行业,行业排除,,,,,,,,,,,
601066,中信建投,SH,证券Ⅱ,金融,金融行业,行业排除,,,,,,,,,,,
601068,中铝国际,SH,专业工程,周期,周期性行业,行业排除,,,,,,,,,,,
601069,西部黄金,SH,贵金属,周期,周期性行业,行业排除,,,,,,,,,,,
601077,渝农商行,SH,银行Ⅱ,金融,金融行业,行业排除,,,,,,,,,,,
601083,锦江航运,SH,航运港口,周期,周期性行业,行业排除,,,,,,,,,,,
601086,国芳集团,SH,一般零售,保留,,排除,6.66,885877940.12,31.999028,44.552573,2.567949,8.331762,0.0,,roe,"2016,2017,2018,2019,2020,2021,2022,2023,2024,2025","2021,2022,2023,2024,2025"
601088,中国神华,SH,煤炭开采,周期,周期性行业,行业排除,,,,,,,,,,,
601089,福元医药,SH,化学制药,保留,,数据不足,22.97125,1311910389.16,,67.395617,1.300398,,0.0,net_margin,,"2018,2019,2020,2021,2022,2023,2024,2025","2021,2022,2023,2024,2025"
601096,宏盛华源,SH,专业工程,周期,周期性行业,行业排除,,,,,,,,,,,
601098,中南传媒,SH,出版,保留,,排除,10.785,1869843637.35,,43.221845,0.566025,13.102878,0.0,,ocf_ni,"2016,2017,2018,2019,2020,2021,2022,2023,2024,2025","2021,2022,2023,2024,2025"
601099,太平洋,SH,证券Ⅱ,金融,金融行业,行业排除,,,,,,,,,,,
601100,恒立液压,SH,工程机械,周期,周期性行业,行业排除,,,,,,,,,,,
601101,昊华能源,SH,煤炭开采,周期,周期性行业,行业排除,,,,,,,,,,,
601106,中国一重,SH,专用设备,保留,,排除,-12.58398,-797029417.61,0.284675,8.187296,-2.660275,-21.552084,0.0,,"roe,fcf,interest_coverage,gross_margin,ocf_ni,net_margin","2016,2017,2018,2019,2020,2021,2022,2023,2024,2025","2021,2022,2023,2024,2025"
601107,四川成渝,SH,铁路公路,周期,周期性行业,行业排除,,,,,,,,,,,
601108,财通证券,SH,证券Ⅱ,金融,金融行业,行业排除,,,,,,,,,,,
601111,中国国航,SH,航空机场,周期,周期性行业,行业排除,,,,,,,,,,,
601112,振石股份,SH,玻璃玻纤,周期,周期性行业,行业排除,,,,,,,,,,,
601113,华鼎股份,SH,化学纤维,保留,,排除,-0.054,686595942.13,,16.72258,1.46226,0.498938,0.0,,"roe,net_margin","2016,2017,2018,2019,2020,2021,2022,2023,2024,2025","2021,2022,2023,2024,2025"
601116,三江购物,SH,一般零售,保留,,排除,4.97427,803866185.6,,26.63641,2.39437,3.297278,0.0,,"roe,net_margin","2016,2017,2018,2019,2020,2021,2022,2023,2024,2025","2021,2022,2023,2024,2025"
601117,中国化学,SH,专业工程,周期,周期性行业,行业排除,,,,,,,,,,,
601118,海南橡胶,SH,种植业,保留,,排除,0.775,2655846196.71,-0.766053,3.084931,2.516634,0.389136,0.0,,"roe,interest_coverage,gross_margin,net_margin","2016,2017,2018,2019,2020,2021,2022,2023,2024,2025","2021,2022,2023,2024,2025"
601121,宝地矿业,SH,冶钢原料,保留,,排除,7.23875,-773514086.42,23.698294,41.268852,2.74191,,0.0,net_margin,"roe,fcf","2018,2019,2020,2021,2022,2023,2024,2025","2021,2022,2023,2024,2025"
601126,四方股份,SH,电网设备,保留,,通过,10.814,4467090031.94,,33.036021,1.596185,8.959075,0.0,,,"2016,2017,2018,2019,2020,2021,2022,2023,2024,2025","2021,2022,2023,2024,2025"
601127,赛力斯,SH,乘用车,保留,,排除,-1.93,35392019868.19,,16.049045,1.375063,-2.604634,0.0,,"roe,net_margin","2016,2017,2018,2019,2020,2021,2022,2023,2024,2025","2021,2022,2023,2024,2025"
601128,常熟银行,SH,银行Ⅱ,金融,金融行业,行业排除,,,,,,,,,,,
601133,柏诚股份,SH,专业工程,周期,周期性行业,行业排除,,,,,,,,,,,
601136,首创证券,SH,证券Ⅱ,金融,金融行业,行业排除,,,,,,,,,,,
601137,博威合金,SH,金属新材料,保留,,排除,10.224,-3641072328.44,0.878873,14.690706,-0.698258,4.757706,0.0,,"fcf,interest_coverage,gross_margin,ocf_ni,net_margin","2016,2017,2018,2019,2020,2021,2022,2023,2024,2025","2021,2022,2023,2024,2025"
601138,工业富联,SH,消费电子,保留,,排除,20.195,44402569000.0,24.527623,7.575603,0.884724,4.301225,0.0,,"gross_margin,net_margin","2016,2017,2018,2019,2020,2021,2022,2023,2024,2025","2021,2022,2023,2024,2025"
601139,深圳燃气,SH,燃气Ⅱ,保留,,排除,10.509,-1801243215.93,6.587952,16.946822,1.838933,6.643556,0.0,,fcf,"2016,2017,2018,2019,2020,2021,2022,2023,2024,2025","2021,2022,2023,2024,2025"
601155,新城控股,SH,房地产开发,周期,周期性行业,行业排除,,,,,,,,,,,
601156,东航物流,SH,物流,保留,,通过,33.781,19684063060.73,28.217226,23.221311,1.781076,11.256817,0.0,,,"2016,2017,2018,2019,2020,2021,2022,2023,2024,2025","2021,2022,2023,2024,2025"
601158,重庆水务,SH,环境治理,保留,,排除,9.542,-2953103227.6,3.781238,31.752667,2.04747,24.489448,0.0,,fcf,"2016,2017,2018,2019,2020,2021,2022,2023,2024,2025","2021,2022,2023,2024,2025"
601162,天风证券,SH,证券Ⅱ,金融,金融行业,行业排除,,,,,,,,,,,
601163,三角轮胎,SH,汽车零部件,周期,周期性行业,行业排除,,,,,,,,,,,
601166,兴业银行,SH,银行Ⅱ,金融,金融行业,行业排除,,,,,,,,,,,
601168,西部矿业,SH,工业金属,周期,周期性行业,行业排除,,,,,,,,,,,
601169,北京银行,SH,银行Ⅱ,金融,金融行业,行业排除,,,,,,,,,,,
601177,杭齿前进,SH,通用设备,保留,,排除,5.506,354744690.15,11.054127,21.433781,0.562107,5.680032,0.0,,"roe,ocf_ni","2016,2017,2018,2019,2020,2021,2022,2023,2024,2025","2021,2022,2023,2024,2025"
601179,中国西电,SH,电网设备,保留,,排除,3.738,6059799608.13,,19.933377,2.144412,4.386582,0.0,,"roe,net_margin","2016,2017,2018,2019,2020,2021,2022,2023,2024,2025","2021,2022,2023,2024,2025"
601186,中国铁建,SH,基础建设,周期,周期性行业,行业排除,,,,,,,,,,,
601187,厦门银行,SH,银行Ⅱ,金融,金融行业,行业排除,,,,,,,,,,,
601188,龙江交通,SH,铁路公路,周期,周期性行业,行业排除,,,,,,,,,,,
601198,东兴证券,SH,证券Ⅱ,金融,金融行业,行业排除,,,,,,,,,,,
601199,江南水务,SH,环境治理,保留,,通过,9.102,689660093.95,,41.647876,1.324922,24.488875,0.0,,,"2016,2017,2018,2019,2020,2021,2022,2023,2024,2025","2021,2022,2023,2024,2025"
601200,上海环境,SH,环境治理,保留,,排除,7.609,1741968603.9,3.521748,25.903059,2.399369,13.648256,0.0,,roe,"2016,2017,2018,2019,2020,2021,2022,2023,2024,2025","2021,2022,2023,2024,2025"
601208,东材科技,SH,塑料,保留,,排除,5.557,-2901110111.13,2.617941,18.544931,-0.074011,6.368557,0.0,,"roe,fcf,ocf_ni","2016,2017,2018,2019,2020,2021,2022,2023,2024,2025","2021,2022,2023,2024,2025"
601211,国泰海通,SH,证券Ⅱ,金融,金融行业,行业排除,,,,,,,,,,,
601212,白银有色,SH,工业金属,周期,周期性行业,行业排除,,,,,,,,,,,
601216,君正集团,SH,化学原料,周期,周期性行业,行业排除,,,,,,,,,,,
601218,吉鑫科技,SH,风电设备,保留,,排除,3.783,1268827039.82,13.312852,19.766745,3.64261,6.072026,0.0,,roe,"2016,2017,2018,2019,2020,2021,2022,2023,2024,2025","2021,2022,2023,2024,2025"
601222,林洋能源,SH,电网设备,保留,,排除,6.493,-1151530325.11,4.27279,31.625235,1.294332,15.745983,0.0,,"roe,fcf","2016,2017,2018,2019,2020,2021,2022,2023,2024,2025","2021,2022,2023,2024,2025"
601225,陕西煤业,SH,煤炭开采,周期,周期性行业,行业排除,,,,,,,,,,,
601226,华电科工,SH,专业工程,周期,周期性行业,行业排除,,,,,,,,,,,
601228,广州港,SH,航运港口,周期,周期性行业,行业排除,,,,,,,,,,,
601229,上海银行,SH,银行Ⅱ,金融,金融行业,行业排除,,,,,,,,,,,
601231,环旭电子,SH,消费电子,保留,,排除,13.738,8477674094.76,7.841529,9.734383,1.575436,3.522127,-7.1e-05,,"gross_margin,net_margin","2016,2017,2018,2019,2020,2021,2022,2023,2024,2025","2021,2022,2023,2024,2025"
601233,桐昆股份,SH,炼化及贸易,保留,,排除,10.807,-34099527958.92,2.117116,5.888924,4.66515,4.391587,0.0,,"fcf,gross_margin,net_margin","2016,2017,2018,2019,2020,2021,2022,2023,2024,2025","2021,2022,2023,2024,2025"
601236,红塔证券,SH,证券Ⅱ,金融,金融行业,行业排除,,,,,,,,,,,
601238,广汽集团,SH,乘用车,保留,,排除,8.05,-53971440735.0,,4.954476,3.012372,7.547449,0.0,,"fcf,gross_margin","2016,2017,2018,2019,2020,2021,2022,2023,2024,2025","2021,2022,2023,2024,2025"
601279,英利汽车,SH,汽车零部件,周期,周期性行业,行业排除,,,,,,,,,,,
601288,农业银行,SH,银行Ⅱ,金融,金融行业,行业排除,,,,,,,,,,,
601298,青岛港,SH,航运港口,周期,周期性行业,行业排除,,,,,,,,,,,
601311,骆驼股份,SH,电池,保留,,通过,8.694,1768537749.51,56.074454,15.290193,0.929536,5.7935,0.0,,,"2016,2017,2018,2019,2020,2021,2022,2023,2024,2025","2021,2022,2023,2024,2025"
601318,中国平安,SH,保险Ⅱ,金融,金融行业,行业排除,,,,,,,,,,,
601319,中国人保,SH,保险Ⅱ,金融,金融行业,行业排除,,,,,,,,,,,
601326,秦港股份,SH,航运港口,周期,周期性行业,行业排除,,,,,,,,,,,
601328,交通银行,SH,银行Ⅱ,金融,金融行业,行业排除,,,,,,,,,,,
601330,绿色动力,SH,环境治理,保留,,通过,10.379,1806257475.36,2.067219,39.849141,1.872717,21.970199,0.0,,,"2016,2017,2018,2019,2020,2021,2022,2023,2024,2025","2021,2022,2023,2024,2025"
601333,广深铁路,SH,铁路公路,周期,周期性行业,行业排除,,,,,,,,,,,
601336,新华保险,SH,保险Ⅱ,金融,金融行业,行业排除,,,,,,,,,,,
601339,百隆东方,SH,纺织制造,保留,,排除,7.85,3103589492.03,12.101301,17.118705,1.570367,9.80937,0.0,,roe,"2016,2017,2018,2019,2020,2021,2022,2023,2024,2025","2021,2022,2023,2024,2025"
601360,三六零,SH,软件开发,保留,,排除,9.522,-459433000.0,,62.868643,-0.331626,11.399219,0.0,,"fcf,ocf_ni","2016,2017,2018,2019,2020,2021,2022,2023,2024,2025","2021,2022,2023,2024,2025"
601366,利群股份,SH,一般零售,保留,,排除,2.832,1918087357.77,-0.865319,31.196802,15.349006,0.766654,0.0,,"roe,interest_coverage,net_margin","2016,2017,2018,2019,2020,2021,2022,2023,2024,2025","2021,2022,2023,2024,2025"
601368,绿城水务,SH,环境治理,保留,,排除,6.025,-7092969136.97,0.309718,37.019777,4.855355,13.807666,0.0,,"roe,fcf,interest_coverage","2016,2017,2018,2019,2020,2021,2022,2023,2024,2025","2021,2022,2023,2024,2025"
601369,陕鼓动力,SH,专用设备,保留,,通过,8.984,3068422976.9,,20.913573,1.217018,8.183575,0.0,,,"2016,2017,2018,2019,2020,2021,2022,2023,2024,2025","2021,2022,2023,2024,2025"
601375,中原证券,SH,证券Ⅱ,金融,金融行业,行业排除,,,,,,,,,,,
601377,兴业证券,SH,证券Ⅱ,金融,金融行业,行业排除,,,,,,,,,,,
601388,怡球资源,SH,工业金属,周期,周期性行业,行业排除,,,,,,,,,,,
601390,中国中铁,SH,基础建设,周期,周期性行业,行业排除,,,,,,,,,,,
601398,工商银行,SH,银行Ⅱ,金融,金融行业,行业排除,,,,,,,,,,,
601399,国机重装,SH,专用设备,保留,,排除,7.31,2560313707.58,,15.555592,2.607028,5.402904,0.0,,roe,"2016,2017,2018,2019,2020,2021,2022,2023,2024,2025","2021,2022,2023,2024,2025"
601456,国联民生,SH,证券Ⅱ,金融,金融行业,行业排除,,,,,,,,,,,
601500,通用股份,SH,汽车零部件,周期,周期性行业,行业排除,,,,,,,,,,,
601512,中新集团,SH,房地产开发,周期,周期性行业,行业排除,,,,,,,,,,,
601515,衢州东峰,SH,包装印刷,保留,,排除,8.151,-159096335.84,,21.993911,0.670649,6.530958,0.0,,"fcf,ocf_ni","2016,2017,2018,2019,2020,2021,2022,2023,2024,2025","2021,2022,2023,2024,2025"
601518,吉林高速,SH,铁路公路,周期,周期性行业,行业排除,,,,,,,,,,,
601519,大智慧,SH,软件开发,保留,,排除,-6.786,78884646.26,,61.702174,2.429097,-9.393887,0.0,,"roe,net_margin","2016,2017,2018,2019,2020,2021,2022,2023,2024,2025","2021,2022,2023,2024,2025"
601528,瑞丰银行,SH,银行Ⅱ,金融,金融行业,行业排除,,,,,,,,,,,
601555,东吴证券,SH,证券Ⅱ,金融,金融行业,行业排除,,,,,,,,,,,
601566,九牧王,SH,服装家纺,保留,,排除,6.754,1411870318.96,31.733725,62.730701,0.828226,10.867729,0.0,,roe,"2016,2017,2018,2019,2020,2021,2022,2023,2024,2025","2021,2022,2023,2024,2025"
601567,三星电气,SH,电网设备,保留,,通过,12.485,3691342667.74,,30.169584,0.955933,13.082235,0.0,,,"2016,2017,2018,2019,2020,2021,2022,2023,2024,2025","2021,2022,2023,2024,2025"
601568,北元化工,SH,化学原料,周期,周期性行业,行业排除,,,,,,,,,,,
601577,长沙银行,SH,银行Ⅱ,金融,金融行业,行业排除,,,,,,,,,,,
601579,会稽山,SH,非白酒,保留,,排除,6.151,958677046.66,,47.984148,1.55541,15.407719,0.0,,roe,"2016,2017,2018,2019,2020,2021,2022,2023,2024,2025","2021,2022,2023,2024,2025"
601588,北辰实业,SH,房地产开发,周期,周期性行业,行业排除,,,,,,,,,,,
601595,上海电影,SH,影视院线,保留,,排除,3.242,851524233.37,126.269112,18.306242,3.874648,-9.13588,0.0,,"roe,net_margin","2016,2017,2018,2019,2020,2021,2022,2023,2024,2025","2021,2022,2023,2024,2025"
601598,中国外运,SH,物流,保留,,排除,11.015,12613249660.23,21.724587,5.348834,1.026674,3.598097,0.0,,"gross_margin,net_margin","2016,2017,2018,2019,2020,2021,2022,2023,2024,2025","2021,2022,2023,2024,2025"
601599,浙文影业,SH,纺织制造,保留,,排除,-8.251,1268725202.91,23.308114,15.928443,3.183261,-6.087415,0.0,,"roe,net_margin","2016,2017,2018,2019,2020,2021,2022,2023,2024,2025","2021,2022,2023,2024,2025"
601600,中国铝业,SH,工业金属,周期,周期性行业,行业排除,,,,,,,,,,,
601601,中国太保,SH,保险Ⅱ,金融,金融行业,行业排除,,,,,,,,,,,
601606,长城军工,SH,地面兵装Ⅱ,保留,,排除,1.984,-487916834.72,1.723367,18.894654,-2.485875,2.156458,0.0,,"roe,fcf,interest_coverage,ocf_ni,net_margin","2016,2017,2018,2019,2020,2021,2022,2023,2024,2025","2021,2022,2023,2024,2025"
601607,上海医药,SH,医药商业,保留,,排除,9.159,12516667148.77,7.065035,12.051414,1.11632,2.2209,0.0,,"gross_margin,net_margin","2016,2017,2018,2019,2020,2021,2022,2023,2024,2025","2021,2022,2023,2024,2025"
601608,中信重工,SH,专用设备,保留,,排除,0.473,3646568838.71,14.056158,19.54199,3.782446,-1.60025,0.0,,"roe,net_margin","2016,2017,2018,2019,2020,2021,2022,2023,2024,2025","2021,2022,2023,2024,2025"
601609,金田股份,SH,工业金属,周期,周期性行业,行业排除,,,,,,,,,,,
601611,中国核建,SH,基础建设,周期,周期性行业,行业排除,,,,,,,,,,,
601615,明阳智能,SH,风电设备,保留,,排除,9.445,-37123586069.88,1.390442,13.689628,-4.146694,5.779048,0.0,,"fcf,interest_coverage,gross_margin,ocf_ni","2016,2017,2018,2019,2020,2021,2022,2023,2024,2025","2021,2022,2023,2024,2025"
601616,广电电气,SH,电网设备,保留,,排除,1.88,537136328.46,,29.37167,2.933204,5.851649,0.0,,roe,"2016,2017,2018,2019,2020,2021,2022,2023,2024,2025","2021,2022,2023,2024,2025"
601618,中国中冶,SH,专业工程,周期,周期性行业,行业排除,,,,,,,,,,,
601619,嘉泽新能,SH,电力,保留,,排除,10.164,2608766379.27,1.853783,60.564158,2.243315,28.36546,0.0,,interest_coverage,"2016,2017,2018,2019,2020,2021,2022,2023,2024,2025","2021,2022,2023,2024,2025"
601628,中国人寿,SH,保险Ⅱ,金融,金融行业,行业排除,,,,,,,,,,,
601633,长城汽车,SH,乘用车,保留,,通过,12.693,64015278876.51,,18.244895,3.110544,5.647294,0.0,,,"2016,2017,2018,2019,2020,2021,2022,2023,2024,2025","2021,2022,2023,2024,2025"
601636,旗滨集团,SH,玻璃玻纤,周期,周期性行业,行业排除,,,,,,,,,,,
601658,邮储银行,SH,银行Ⅱ,金融,金融行业,行业排除,,,,,,,,,,,
601665,齐鲁银行,SH,银行Ⅱ,金融,金融行业,行业排除,,,,,,,,,,,
601666,平煤股份,SH,煤炭开采,周期,周期性行业,行业排除,,,,,,,,,,,
601668,中国建筑,SH,房屋建设Ⅱ,保留,,排除,14.05,-72214722000.0,3.908271,10.278286,0.283613,2.674354,0.0,,"fcf,gross_margin,ocf_ni,net_margin","2016,2017,2018,2019,2020,2021,2022,2023,2024,2025","2021,2022,2023,2024,2025"
601669,中国电建,SH,基础建设,周期,周期性行业,行业排除,,,,,,,,,,,
601677,明泰铝业,SH,工业金属,周期,周期性行业,行业排除,,,,,,,,,,,
601678,滨化股份,SH,化学原料,周期,周期性行业,行业排除,,,,,,,,,,,
601686,友发集团,SH,普钢,保留,,排除,14.04,-726698673.82,78.452428,2.693723,1.917907,1.370329,0.0,,"fcf,gross_margin,net_margin","2016,2017,2018,2019,2020,2021,2022,2023,2024,2025","2021,2022,2023,2024,2025"
601688,华泰证券,SH,证券Ⅱ,金融,金融行业,行业排除,,,,,,,,,,,
601689,拓普集团,SH,汽车零部件,周期,周期性行业,行业排除,,,,,,,,,,,
601696,中银证券,SH,证券Ⅱ,金融,金融行业,行业排除,,,,,,,,,,,
601698,中国卫通,SH,航天装备Ⅱ,保留,,排除,4.25041,724696970.14,,33.373312,3.56371,18.581274,0.0,,roe,"2016,2017,2018,2019,2020,2021,2022,2023,2024,2025","2021,2022,2023,2024,2025"
601699,潞安环能,SH,煤炭开采,周期,周期性行业,行业排除,,,,,,,,,,,
601700,风范股份,SH,电网设备,保留,,排除,0.554,-560397401.05,-6.090732,9.019581,3.370358,1.094134,0.0,,"roe,fcf,interest_coverage,gross_margin,net_margin","2016,2017,2018,2019,2020,2021,2022,2023,2024,2025","2021,2022,2023,2024,2025"
601702,华峰铝业,SH,工业金属,周期,周期性行业,行业排除,,,,,,,,,,,
601717,中创智领,SH,专用设备,保留,,通过,11.358,8014031469.21,21.516642,22.103938,0.980412,6.194191,0.0,,,"2016,2017,2018,2019,2020,2021,2022,2023,2024,2025","2021,2022,2023,2024,2025"
601718,ST际华,SH,服装家纺,保留,,排除,-2.032,-2177962564.44,,11.146686,-0.534307,-4.28004,0.0,,"roe,fcf,gross_margin,ocf_ni,net_margin","2016,2017,2018,2019,2020,2021,2022,2023,2024,2025","2021,2022,2023,2024,2025"
601727,上海电气,SH,其他电源设备Ⅱ,保留,,排除,1.116,11846952000.0,5.959514,16.669132,8.099645,0.611675,0.0,,"roe,net_margin","2016,2017,2018,2019,2020,2021,2022,2023,2024,2025","2021,2022,2023,2024,2025"
601728,中国电信,SH,通信服务,保留,,排除,6.5375,254543630915.04,118.039038,28.84326,4.608425,5.698962,0.0,,roe,"2016,2017,2018,2019,2020,2021,2022,2023,2024,2025","2021,2022,2023,2024,2025"
601766,中国中车,SH,轨交设备Ⅱ,保留,,排除,8.29,69514293000.0,4818.953411,21.018797,1.866063,4.996033,0.0,,net_margin,"2016,2017,2018,2019,2020,2021,2022,2023,2024,2025","2021,2022,2023,2024,2025"
601777,千里科技,SH,摩托车及其他,保留,,排除,-7.91,855699310.1,,9.987481,6.729928,-5.189583,0.0,,"roe,gross_margin,net_margin","2016,2017,2018,2019,2020,2021,2022,2023,2024,2025","2021,2022,2023,2024,2025"
601778,晶科科技,SH,电力,保留,,排除,5.675,-5362885252.7,0.578031,42.369927,5.213937,10.082824,0.0,,"roe,fcf,interest_coverage","2016,2017,2018,2019,2020,2021,2022,2023,2024,2025","2021,2022,2023,2024,2025"
601788,光大证券,SH,证券Ⅱ,金融,金融行业,行业排除,,,,,,,,,,,
601789,宁波建工,SH,房屋建设Ⅱ,保留,,排除,8.133,465660042.17,1.559333,8.766875,0.678239,1.455735,0.0,,"interest_coverage,gross_margin,ocf_ni,net_margin","2016,2017,2018,2019,2020,2021,2022,2023,2024,2025","2021,2022,2023,2024,2025"
601798,蓝科高新,SH,专用设备,保留,,排除,-4.541,307803329.5,6.558594,15.74324,0.020797,-9.307532,0.0,,"roe,ocf_ni,net_margin","2016,2017,2018,2019,2020,2021,2022,2023,2024,2025","2021,2022,2023,2024,2025"
601799,星宇股份,SH,汽车零部件,周期,周期性行业,行业排除,,,,,,,,,,,
601800,中国交建,SH,基础建设,周期,周期性行业,行业排除,,,,,,,,,,,
601801,皖新传媒,SH,出版,保留,,通过,8.567,4940402369.61,,21.493104,1.596216,8.848859,0.0,,,"2016,2017,2018,2019,2020,2021,2022,2023,2024,2025","2021,2022,2023,2024,2025"
601808,中海油服,SH,油服工程,保留,,排除,1.685,20436837898.0,5.283159,15.530241,7.485418,-2.901614,0.0,,"roe,net_margin","2016,2017,2018,2019,2020,2021,2022,2023,2024,2025","2021,2022,2023,2024,2025"
601811,新华文轩,SH,出版,保留,,通过,11.481,8704567307.38,,36.713092,1.323258,12.55175,0.0,,,"2016,2017,2018,2019,2020,2021,2022,2023,2024,2025","2021,2022,2023,2024,2025"
601816,京沪高铁,SH,铁路公路,周期,周期性行业,行业排除,,,,,,,,,,,
601818,光大银行,SH,银行Ⅱ,金融,金融行业,行业排除,,,,,,,,,,,
601825,沪农商行,SH,银行Ⅱ,金融,金融行业,行业排除,,,,,,,,,,,
601827,三峰环境,SH,环境治理,保留,,通过,12.296,3360385733.31,5.804292,33.020055,1.781918,17.088213,0.0,,,"2016,2017,2018,2019,2020,2021,2022,2023,2024,2025","2021,2022,2023,2024,2025"
601828,美凯龙,SH,一般零售,保留,,排除,-2.951,8230155587.82,-12.89823,58.886902,1.693626,-25.698722,0.0,,"roe,interest_coverage,net_margin","2016,2017,2018,2019,2020,2021,2022,2023,2024,2025","2021,2022,2023,2024,2025"
601838,成都银行,SH,银行Ⅱ,金融,金融行业,行业排除,,,,,,,,,,,
601857,中国石油,SH,炼化及贸易,保留,,排除,6.37,623863000000.0,19.462292,22.085207,2.854779,3.122085,0.0,,"roe,net_margin","2016,2017,2018,2019,2020,2021,2022,2023,2024,2025","2021,2022,2023,2024,2025"
601858,中国科传,SH,出版,保留,,通过,11.028,2099800683.41,,27.591838,0.957888,17.439257,0.0,,,"2016,2017,2018,2019,2020,2021,2022,2023,2024,2025","2021,2022,2023,2024,2025"
601860,紫金银行,SH,银行Ⅱ,金融,金融行业,行业排除,,,,,,,,,,,
601865,福莱特,SH,光伏设备,保留,,排除,15.432,-13669767213.52,2.611668,22.355285,1.982565,15.138899,0.0,,fcf,"2016,2017,2018,2019,2020,2021,2022,2023,2024,2025","2021,2022,2023,2024,2025"
601866,中远海发,SH,航运港口,周期,周期性行业,行业排除,,,,,,,,,,,
601868,中国能建,SH,基础建设,周期,周期性行业,行业排除,,,,,,,,,,,
601869,长飞光纤,SH,通信设备,保留,,通过,12.757,699403347.0,4.116206,25.12393,2.080924,8.794619,0.0,,,"2016,2017,2018,2019,2020,2021,2022,2023,2024,2025","2021,2022,2023,2024,2025"
601872,招商轮船,SH,航运港口,周期,周期性行业,行业排除,,,,,,,,,,,
601877,正泰电器,SH,电网设备,保留,,通过,14.579,22675985512.47,4.110964,23.748658,2.711933,10.525667,0.0,,,"2016,2017,2018,2019,2020,2021,2022,2023,2024,2025","2021,2022,2023,2024,2025"
601878,浙商证券,SH,证券Ⅱ,金融,金融行业,行业排除,,,,,,,,,,,
601880,辽港股份,SH,航运港口,周期,周期性行业,行业排除,,,,,,,,,,,
601881,中国银河,SH,证券Ⅱ,金融,金融行业,行业排除,,,,,,,,,,,
601882,海天精工,SH,通用设备,保留,,通过,15.911,1167728060.04,,26.846171,0.877886,11.400218,0.0,,,"2016,2017,2018,2019,2020,2021,2022,2023,2024,2025","2021,2022,2023,2024,2025"
601886,江河集团,SH,装修装饰Ⅱ,保留,,排除,5.939,2840164360.07,4.597058,16.865424,0.991601,2.300027,0.0,,"roe,net_margin","2016,2017,2018,2019,2020,2021,2022,2023,2024,2025","2021,2022,2023,2024,2025"
601888,中国中免,SH,旅游零售Ⅱ,保留,,通过,18.844,24694015226.45,,31.733062,1.197382,9.24898,0.0,,,"2016,2017,2018,2019,2020,2021,2022,2023,2024,2025","2021,2022,2023,2024,2025"
601890,亚星锚链,SH,航海装备Ⅱ,保留,,排除,4.052,482364884.21,,28.795829,0.837125,8.253407,0.0,,roe,"2016,2017,2018,2019,2020,2021,2022,2023,2024,2025","2021,2022,2023,2024,2025"
601898,中煤能源,SH,煤炭开采,周期,周期性行业,行业排除,,,,,,,,,,,
601899,紫金矿业,SH,工业金属,周期,周期性行业,行业排除,,,,,,,,,,,
601900,南方传媒,SH,出版,保留,,通过,13.031,5709065453.55,,32.969629,1.697973,11.075819,0.0,,,"2016,2017,2018,2019,2020,2021,2022,2023,2024,2025","2021,2022,2023,2024,2025"
601901,方正证券,SH,证券Ⅱ,金融,金融行业,行业排除,,,,,,,,,,,
601908,京运通,SH,电力,保留,,排除,-0.025,-365134548.84,-4.228137,11.782753,0.945043,0.218986,0.0,,"roe,fcf,interest_coverage,gross_margin,net_margin","2016,2017,2018,2019,2020,2021,2022,2023,2024,2025","2021,2022,2023,2024,2025"
601916,浙商银行,SH,银行Ⅱ,金融,金融行业,行业排除,,,,,,,,,,,
601918,新集能源,SH,煤炭开采,周期,周期性行业,行业排除,,,,,,,,,,,
601919,中远海控,SH,航运港口,周期,周期性行业,行业排除,,,,,,,,,,,
601921,浙版传媒,SH,出版,保留,,数据不足,12.865556,5798659175.74,,27.843823,1.052275,,0.0,net_margin,,"2017,2018,2019,2020,2021,2022,2023,2024,2025","2021,2022,2023,2024,2025"
601928,凤凰传媒,SH,出版,保留,,通过,11.4,9263794902.21,,38.389266,1.089016,13.955934,0.0,,,"2016,2017,2018,2019,2020,2021,2022,2023,2024,2025","2021,2022,2023,2024,2025"
601929,吉视传媒,SH,电视广播Ⅱ,保留,,排除,-1.289,-190703396.11,-2.64303,18.98588,6.096597,-4.498055,0.0,,"roe,fcf,interest_coverage,net_margin","2016,2017,2018,2019,2020,2021,2022,2023,2024,2025","2021,2022,2023,2024,2025"
601933,永辉超市,SH,一般零售,保留,,排除,-14.828,12995387814.42,-2.339063,19.981507,-1.757152,-0.453617,0.0,,"roe,interest_coverage,ocf_ni,net_margin","2016,2017,2018,2019,2020,2021,2022,2023,2024,2025","2021,2022,2023,2024,2025"
601939,建设银行,SH,银行Ⅱ,金融,金融行业,行业排除,,,,,,,,,,,
601949,中国出版,SH,出版,保留,,通过,10.038,2409138867.1,,32.339246,1.24187,12.095573,0.0,,,"2016,2017,2018,2019,2020,2021,2022,2023,2024,2025","2021,2022,2023,2024,2025"
601952,苏垦农发,SH,种植业,保留,,排除,12.584,6035575049.12,2.918647,13.83755,2.355505,8.469115,0.0,,gross_margin,"2016,2017,2018,2019,2020,2021,2022,2023,2024,2025","2021,2022,2023,2024,2025"
601956,东贝集团,SH,家电零部件Ⅱ,保留,,排除,7.62,727840201.38,4.564736,11.568146,5.91433,,0.0,net_margin,"roe,gross_margin","2017,2018,2019,2020,2021,2022,2023,2024,2025","2021,2022,2023,2024,2025"
601958,金钼股份,SH,小金属,周期,周期性行业,行业排除,,,,,,,,,,,
601963,重庆银行,SH,银行Ⅱ,金融,金融行业,行业排除,,,,,,,,,,,
601965,中国汽研,SH,专业服务,保留,,通过,11.558,1172226210.88,72.958914,42.097425,0.993456,18.379771,-0.000405,,,"2016,2017,2018,2019,2020,2021,2022,2023,2024,2025","2021,2022,2023,2024,2025"
601966,玲珑轮胎,SH,汽车零部件,周期,周期性行业,行业排除,,,,,,,,,,,
601968,宝钢包装,SH,包装印刷,保留,,排除,4.535,189579464.86,16.607998,8.351439,3.879042,2.017004,0.0,,"roe,gross_margin,net_margin","2016,2017,2018,2019,2020,2021,2022,2023,2024,2025","2021,2022,2023,2024,2025"
601969,海南矿业,SH,油气开采Ⅱ,保留,,排除,4.603,1503495170.0,6.146904,33.860886,2.235357,2.799795,0.0,,"roe,net_margin","2016,2017,2018,2019,2020,2021,2022,2023,2024,2025","2021,2022,2023,2024,2025"
601975,招商南油,SH,航运港口,周期,周期性行业,行业排除,,,,,,,,,,,
601985,中国核电,SH,电力,保留,,排除,10.69,-123563838619.83,3.383178,43.777734,4.447129,12.455899,0.0,,fcf,"2016,2017,2018,2019,2020,2021,2022,2023,2024,2025","2021,2022,2023,2024,2025"
601988,中国银行,SH,银行Ⅱ,金融,金融行业,行业排除,,,,,,,,,,,
601990,南京证券,SH,证券Ⅱ,金融,金融行业,行业排除,,,,,,,,,,,
601991,大唐发电,SH,电力,保留,,排除,-0.371,-906772000.0,3.116907,10.412607,-4.929479,0.468691,0.0,,"roe,fcf,gross_margin,ocf_ni,net_margin","2016,2017,2018,2019,2020,2021,2022,2023,2024,2025","2021,2022,2023,2024,2025"
601992,金隅集团,SH,水泥,周期,周期性行业,行业排除,,,,,,,,,,,
601995,中金公司,SH,证券Ⅱ,金融,金融行业,行业排除,,,,,,,,,,,
601996,丰林集团,SH,家居用品,保留,,排除,3.059,189610168.99,,6.562399,2.701244,4.272135,0.0,,"roe,gross_margin,net_margin","2016,2017,2018,2019,2020,2021,2022,2023,2024,2025","2021,2022,2023,2024,2025"
601997,贵阳银行,SH,银行Ⅱ,金融,金融行业,行业排除,,,,,,,,,,,
601998,中信银行,SH,银行Ⅱ,金融,金融行业,行业排除,,,,,,,,,,,
601999,出版传媒,SH,出版,保留,,排除,5.692,814242942.87,,20.547949,1.869644,5.562835,0.0,,roe,"2016,2017,2018,2019,2020,2021,2022,2023,2024,2025","2021,2022,2023,2024,2025"
603000,人民网,SH,数字媒体,保留,,排除,6.948,1787856886.78,,51.237922,1.719112,11.647614,0.0,,roe,"2016,2017,2018,2019,2020,2021,2022,2023,2024,2025","2021,2022,2023,2024,2025"
603001,奥康国际,SH,服装家纺,保留,,排除,-1.378,860182734.9,-26.796584,40.773759,-0.32089,-1.381267,0.0,,"roe,interest_coverage,ocf_ni,net_margin","2016,2017,2018,2019,2020,2021,2022,2023,2024,2025","2021,2022,2023,2024,2025"
603002,宏昌电子,SH,电子化学品Ⅱ,保留,,排除,9.001,-788589880.5,,8.890647,1.225658,6.208233,0.0,,"fcf,gross_margin","2016,2017,2018,2019,2020,2021,2022,2023,2024,2025","2021,2022,2023,2024,2025"
603004,鼎龙科技,SH,化学制品,周期,周期性行业,行业排除,,,,,,,,,,,
603005,晶方科技,SH,半导体,保留,,排除,7.574,756589199.19,83.4524,44.992304,1.506155,21.733933,0.0,,roe,"2016,2017,2018,2019,2020,2021,2022,2023,2024,2025","2021,2022,2023,2024,2025"
603006,联明股份,SH,汽车零部件,周期,周期性行业,行业排除,,,,,,,,,,,
603007,顺景科技,SH,汽车零部件,周期,周期性行业,行业排除,,,,,,,,,,,
603008,ST喜临门,SH,家居用品,保留,,排除,8.335,1553795051.75,4.990471,33.645777,2.729237,4.265485,0.0,,net_margin,"2016,2017,2018,2019,2020,2021,2022,2023,2024,2025","2021,2022,2023,2024,2025"
603009,北特科技,SH,汽车零部件,周期,周期性行业,行业排除,,,,,,,,,,,
603010,万盛股份,SH,化学制品,周期,周期性行业,行业排除,,,,,,,,,,,
603011,合锻智能,SH,专用设备,保留,,排除,0.185,103748263.11,-14.626677,27.592076,-1.073844,1.815784,0.0,,"roe,interest_coverage,ocf_ni,net_margin","2016,2017,2018,2019,2020,2021,2022,2023,2024,2025","2021,2022,2023,2024,2025"
603012,创力集团,SH,专用设备,保留,,通过,8.628,830459199.0,3.06288,42.718986,1.156665,11.617353,0.0,,,"2016,2017,2018,2019,2020,2021,2022,2023,2024,2025","2021,2022,2023,2024,2025"
603013,亚普股份,SH,汽车零部件,周期,周期性行业,行业排除,,,,,,,,,,,
603014,威高血净,SH,医疗器械,保留,,数据不足,8.253333,1633369373.87,208.417787,43.123845,1.564711,,0.0,net_margin,,"2020,2021,2022,2023,2024,2025","2021,2022,2023,2024,2025"
603015,弘讯科技,SH,自动化设备,保留,,排除,4.764,172774955.25,3.077296,36.500511,1.515564,8.098566,0.0,,roe,"2016,2017,2018,2019,2020,2021,2022,2023,2024,2025","2021,2022,2023,2024,2025"
603016,新宏泰,SH,电网设备,保留,,排除,7.762,344749454.0,,29.229445,1.305353,12.452271,0.0,,roe,"2016,2017,2018,2019,2020,2021,2022,2023,2024,2025","2021,2022,2023,2024,2025"
603017,中衡设计,SH,工程咨询服务Ⅱ,保留,,排除,4.767,1023361766.17,11.574536,27.676632,2.519342,5.062815,0.0,,roe,"2016,2017,2018,2019,2020,2021,2022,2023,2024,2025","2021,2022,2023,2024,2025"
603018,华设集团,SH,工程咨询服务Ⅱ,保留,,通过,14.402,1736854964.11,63.51565,35.64719,0.845713,10.326977,0.0,,,"2016,2017,2018,2019,2020,2021,2022,2023,2024,2025","2021,2022,2023,2024,2025"
603019,中科曙光,SH,计算机设备,保留,,排除,11.072,-111104561.4,,27.227344,0.844671,9.331173,0.0,,fcf,"2016,2017,2018,2019,2020,2021,2022,2023,2024,2025","2021,2022,2023,2024,2025"
603020,爱普股份,SH,化学制品,周期,周期性行业,行业排除,,,,,,,,,,,
603021,*ST华鹏,SH,家居用品,保留,,排除,-31.056667,-75166678.15,-1.927658,10.053677,-0.088785,-24.045426,0.0,,"roe,fcf,interest_coverage,gross_margin,ocf_ni,net_margin","2016,2017,2018,2019,2020,2021,2022,2023,2024,2025","2021,2022,2023,2024,2025"
603022,新通联,SH,包装印刷,保留,,排除,5.337,78793284.37,14.617571,18.825419,1.437015,4.95767,0.0,,"roe,net_margin","2016,2017,2018,2019,2020,2021,2022,2023,2024,2025","2021,2022,2023,2024,2025"
603023,威帝股份,SH,汽车零部件,周期,周期性行业,行业排除,,,,,,,,,,,
603025,大豪科技,SH,自动化设备,保留,,排除,20.339,1295876043.27,49.438952,41.155417,0.591972,27.617136,0.0,,ocf_ni,"2016,2017,2018,2019,2020,2021,2022,2023,2024,2025","2021,2022,2023,2024,2025"
603026,石大胜华,SH,电池,保留,,排除,14.101,-3049869040.74,-1.061318,13.66307,-25.951249,5.297669,0.0,,"fcf,interest_coverage,gross_margin,ocf_ni","2016,2017,2018,2019,2020,2021,2022,2023,2024,2025","2021,2022,2023,2024,2025"
603027,千禾味业,SH,调味发酵品Ⅱ,保留,,通过,14.322,666412117.08,,37.820196,1.174392,14.989059,0.0,,,"2016,2017,2018,2019,2020,2021,2022,2023,2024,2025","2021,2022,2023,2024,2025"
603028,赛福天,SH,通用设备,保留,,排除,-1.795,-679856624.92,-2.408962,10.219924,0.435379,0.32963,0.0,,"roe,fcf,interest_coverage,gross_margin,ocf_ni,net_margin","2016,2017,2018,2019,2020,2021,2022,2023,2024,2025","2021,2022,2023,2024,2025"
603029,天鹅股份,SH,专用设备,保留,,排除,4.785,62661937.93,15.648472,31.98167,1.059723,6.644364,0.0,,roe,"2016,2017,2018,2019,2020,2021,2022,2023,2024,2025","2021,2022,2023,2024,2025"
603030,全筑股份,SH,装修装饰Ⅱ,保留,,排除,-8.76375,-536363022.34,-8.577012,6.04087,0.490196,-11.112855,0.0,,"roe,fcf,interest_coverage,gross_margin,ocf_ni,net_margin","2016,2017,2018,2019,2020,2021,2022,2023,2024,2025","2021,2022,2023,2024,2025"
603031,安孚科技,SH,电池,保留,,排除,6.07,3472626475.33,32.550356,42.957428,5.82691,1.637732,0.0,,"roe,net_margin","2016,2017,2018,2019,2020,2021,2022,2023,2024,2025","2021,2022,2023,2024,2025"
603032,德新科技,SH,电池,保留,,通过,10.905,589513543.14,10.65435,47.383779,1.143662,21.537562,0.0,,,"2016,2017,2018,2019,2020,2021,2022,2023,2024,2025","2021,2022,2023,2024,2025"
603033,三维股份,SH,橡胶,保留,,排除,3.753,-3650588546.11,-1.997244,10.015765,0.215262,5.093209,0.0,,"roe,fcf,interest_coverage,gross_margin,ocf_ni","2016,2017,2018,2019,2020,2021,2022,2023,2024,2025","2021,2022,2023,2024,2025"
603035,常熟汽饰,SH,汽车零部件,周期,周期性行业,行业排除,,,,,,,,,,,
603036,如通股份,SH,专用设备,保留,,排除,6.562,312745789.55,,43.909218,0.914301,23.031651,0.0,,roe,"2016,2017,2018,2019,2020,2021,2022,2023,2024,2025","2021,2022,2023,2024,2025"
603037,凯众股份,SH,汽车零部件,周期,周期性行业,行业排除,,,,,,,,,,,
603038,华立股份,SH,装修建材,保留,,排除,5.895,-214941812.58,0.889818,21.392828,7.709254,6.632744,0.0,,"roe,fcf,interest_coverage","2016,2017,2018,2019,2020,2021,2022,2023,2024,2025","2021,2022,2023,2024,2025"
603039,泛微网络,SH,软件开发,保留,,通过,15.884,916626521.59,,93.924418,1.20376,11.792135,0.0,,,"2016,2017,2018,2019,2020,2021,2022,2023,2024,2025","2021,2022,2023,2024,2025"
603040,新坐标,SH,汽车零部件,周期,周期性行业,行业排除,,,,,,,,,,,
603041,美思德,SH,化学制品,周期,周期性行业,行业排除,,,,,,,,,,,
603042,华脉科技,SH,通信设备,保留,,排除,0.08,138354947.57,-11.114206,17.309353,-1.569015,-1.358971,0.0,,"roe,interest_coverage,ocf_ni,net_margin","2016,2017,2018,2019,2020,2021,2022,2023,2024,2025","2021,2022,2023,2024,2025"
603043,广州酒家,SH,休闲食品,保留,,通过,19.173,2096388143.69,,34.482547,1.623792,12.823851,0.0,,,"2016,2017,2018,2019,2020,2021,2022,2023,2024,2025","2021,2022,2023,2024,2025"
603045,福达合金,SH,金属新材料,保留,,排除,7.51724,-1053136183.85,2.087558,9.893874,-1.562131,2.788531,0.0,,"roe,fcf,gross_margin,ocf_ni,net_margin","2016,2017,2018,2019,2020,2021,2022,2023,2024,2025","2021,2022,2023,2024,2025"
603048,浙江黎明,SH,汽车零部件,周期,周期性行业,行业排除,,,,,,,,,,,
603049,中策橡胶,SH,汽车零部件,周期,周期性行业,行业排除,,,,,,,,,,,
603050,科林电气,SH,电网设备,保留,,排除,10.767,121783885.09,15.496496,21.906728,-0.024313,6.222512,0.0,,ocf_ni,"2016,2017,2018,2019,2020,2021,2022,2023,2024,2025","2021,2022,2023,2024,2025"
603051,鹿山新材,SH,化学制品,周期,周期性行业,行业排除,,,,,,,,,,,
603052,可川科技,SH,消费电子,保留,,排除,21.421,-44207818.69,,21.658797,2.081201,13.364563,0.0,,fcf,"2016,2017,2018,2019,2020,2021,2022,2023,2024,2025","2021,2022,2023,2024,2025"
603053,成都燃气,SH,燃气Ⅱ,保留,,通过,15.07,3066987555.04,,18.518753,1.594358,10.300623,0.0,,,"2016,2017,2018,2019,2020,2021,2022,2023,2024,2025","2021,2022,2023,2024,2025"
603055,台华新材,SH,纺织制造,保留,,排除,12.324,-1742914623.21,4.644255,22.551527,1.387795,9.212592,0.0,,fcf,"2016,2017,2018,2019,2020,2021,2022,2023,2024,2025","2021,2022,2023,2024,2025"
603057,紫燕食品,SH,休闲食品,保留,,数据不足,24.15,1228870389.5,17.467785,21.109115,1.331088,,0.0,net_margin,,"2018,2019,2020,2021,2022,2023,2024,2025","2021,2022,2023,2024,2025"
603058,永吉股份,SH,包装印刷,保留,,排除,11.509,-81302849.24,8.880332,34.039153,1.378123,22.508615,0.0,,fcf,"2016,2017,2018,2019,2020,2021,2022,2023,2024,2025","2021,2022,2023,2024,2025"
603059,倍加洁,SH,个护用品,保留,,通过,11.953,330560305.05,6.94485,23.474387,0.808405,8.580424,0.0,,,"2016,2017,2018,2019,2020,2021,2022,2023,2024,2025","2021,2022,2023,2024,2025"
603060,国检集团,SH,专业服务,保留,,通过,15.582,71292410.46,3.414416,43.17054,1.617357,13.544849,0.0,,,"2016,2017,2018,2019,2020,2021,2022,2023,2024,2025","2021,2022,2023,2024,2025"
603061,金海通,SH,半导体,保留,,排除,20.50875,-141228043.27,146.148566,52.397159,0.350194,,0.0,net_margin,"fcf,ocf_ni","2018,2019,2020,2021,2022,2023,2024,2025","2021,2022,2023,2024,2025"
603062,麦加芯彩,SH,化学制品,周期,周期性行业,行业排除,,,,,,,,,,,
603063,禾望电气,SH,风电设备,保留,,通过,10.152,182038745.18,15.059047,35.155641,0.753817,13.934446,0.0,,,"2016,2017,2018,2019,2020,2021,2022,2023,2024,2025","2021,2022,2023,2024,2025"
603065,宿迁联盛,SH,化学制品,周期,周期性行业,行业排除,,,,,,,,,,,
603066,音飞储存,SH,物流,保留,,通过,8.788,93404360.6,8.371145,22.24211,1.353181,10.567093,0.0,,,"2016,2017,2018,2019,2020,2021,2022,2023,2024,2025","2021,2022,2023,2024,2025"
603067,振华股份,SH,化学原料,周期,周期性行业,行业排除,,,,,,,,,,,
603068,博通集成,SH,半导体,保留,,排除,11.072,-182106756.6,,28.99054,2.534731,4.168465,0.0,,"fcf,net_margin","2016,2017,2018,2019,2020,2021,2022,2023,2024,2025","2021,2022,2023,2024,2025"
603069,海汽集团,SH,铁路公路,周期,周期性行业,行业排除,,,,,,,,,,,
603070,万控智造,SH,电网设备,保留,,数据不足,13.15,655166635.11,,23.82184,2.0531,,0.0,net_margin,,"2018,2019,2020,2021,2022,2023,2024,2025","2021,2022,2023,2024,2025"
603071,物产环能,SH,贸易Ⅱ,保留,,排除,28.941111,3104257865.89,108.816911,4.606997,1.160696,,0.0,net_margin,gross_margin,"2017,2018,2019,2020,2021,2022,2023,2024,2025","2021,2022,2023,2024,2025"
603072,天和磁材,SH,金属新材料,保留,,排除,17.625556,-57474607.33,34.59012,14.830837,0.429599,,0.0,net_margin,"fcf,gross_margin,ocf_ni","2017,2018,2019,2020,2021,2022,2023,2024,2025","2021,2022,2023,2024,2025"
603073,彩蝶实业,SH,化学纤维,保留,,排除,16.95625,-10250314.66,62.235494,26.586172,1.234601,,0.0,net_margin,fcf,"2018,2019,2020,2021,2022,2023,2024,2025","2021,2022,2023,2024,2025"
603075,热威股份,SH,家电零部件Ⅱ,保留,,数据不足,21.311429,500270445.6,,29.761393,1.121281,,0.0,net_margin,,"2019,2020,2021,2022,2023,2024,2025","2021,2022,2023,2024,2025"
603076,乐惠国际,SH,专用设备,保留,,排除,6.374,-245265328.77,2.390696,22.975483,4.082739,4.004538,0.0,,"roe,fcf,net_margin","2016,2017,2018,2019,2020,2021,2022,2023,2024,2025","2021,2022,2023,2024,2025"
603077,和邦生物,SH,农化制品,保留,,排除,6.748,1590372253.99,-7.159353,25.362798,2.941195,10.244812,0.0,,"roe,interest_coverage","2016,2017,2018,2019,2020,2021,2022,2023,2024,2025","2021,2022,2023,2024,2025"
603078,江化微,SH,电子化学品Ⅱ,保留,,排除,7.81,-350322007.02,27.921769,25.743776,0.896513,10.969593,0.0,,"roe,fcf","2016,2017,2018,2019,2020,2021,2022,2023,2024,2025","2021,2022,2023,2024,2025"
603079,圣达生物,SH,化学制品,周期,周期性行业,行业排除,,,,,,,,,,,
603080,新疆火炬,SH,燃气Ⅱ,保留,,通过,12.127,896884778.77,270.935643,27.246471,1.975873,17.008592,0.0,,,"2016,2017,2018,2019,2020,2021,2022,2023,2024,2025","2021,2022,2023,2024,2025"
603081,大丰实业,SH,专用设备,保留,,排除,12.073,-995541014.13,,28.755779,1.129703,9.789372,0.0,,fcf,"2016,2017,2018,2019,2020,2021,2022,2023,2024,2025","2021,2022,2023,2024,2025"
603082,北自科技,SH,自动化设备,保留,,数据不足,30.954286,380778651.66,,17.445486,0.895797,,0.0,net_margin,,"2019,2020,2021,2022,2023,2024,2025","2021,2022,2023,2024,2025"
603083,剑桥科技,SH,通信设备,保留,,排除,4.238,-1511767531.03,1.634342,20.668242,0.49932,1.902732,0.0,,"roe,fcf,interest_coverage,ocf_ni,net_margin","2016,2017,2018,2019,2020,2021,2022,2023,2024,2025","2021,2022,2023,2024,2025"
603085,天成自控,SH,汽车零部件,周期,周期性行业,行业排除,,,,,,,,,,,
603086,先达股份,SH,农化制品,保留,,排除,9.536,-640162787.85,9.016586,19.286494,0.577156,7.955612,0.0,,"fcf,ocf_ni","2016,2017,2018,2019,2020,2021,2022,2023,2024,2025","2021,2022,2023,2024,2025"
603087,甘李药业,SH,生物制品,保留,,排除,17.507,-789580694.08,,77.852808,0.38979,28.104713,0.0,,"fcf,ocf_ni","2016,2017,2018,2019,2020,2021,2022,2023,2024,2025","2021,2022,2023,2024,2025"
603088,宁波精达,SH,通用设备,保留,,通过,14.213,698073836.54,,39.75309,1.300753,15.785184,0.0,,,"2016,2017,2018,2019,2020,2021,2022,2023,2024,2025","2021,2022,2023,2024,2025"
603089,正裕工业,SH,汽车零部件,周期,周期性行业,行业排除,,,,,,,,,,,
603090,宏盛股份,SH,通用设备,保留,,排除,7.816,112777461.68,,22.816361,0.424115,7.572955,0.0,,"roe,ocf_ni","2016,2017,2018,2019,2020,2021,2022,2023,2024,2025","2021,2022,2023,2024,2025"
603091,众鑫股份,SH,包装印刷,保留,,排除,30.667143,-359732530.65,,32.43146,1.331212,,0.0,net_margin,fcf,"2019,2020,2021,2022,2023,2024,2025","2021,2022,2023,2024,2025"
603092,德力佳,SH,风电设备,保留,,数据不足,29.694,310344591.16,,25.316051,0.856344,,,"net_margin,share_inflation",,"2021,2022,2023,2024,2025","2021,2022,2023,2024,2025"
603093,南华期货,SH,多元金融,金融,金融行业,行业排除,,,,,,,,,,,
603095,越剑智能,SH,专用设备,保留,,排除,12.217,-24512409.22,,17.022111,1.056581,15.986987,0.0,,fcf,"2016,2017,2018,2019,2020,2021,2022,2023,2024,2025","2021,2022,2023,2024,2025"
603096,新经典,SH,出版,保留,,通过,11.626,418285935.94,,48.343344,0.750863,19.341694,0.0,,,"2016,2017,2018,2019,2020,2021,2022,2023,2024,2025","2021,2022,2023,2024,2025"
603097,江苏华辰,SH,电网设备,保留,,排除,15.44625,-744987170.22,4.882855,20.693674,0.030831,,0.0,net_margin,"fcf,ocf_ni","2018,2019,2020,2021,2022,2023,2024,2025","2021,2022,2023,2024,2025"
603098,森特股份,SH,专业工程,周期,周期性行业,行业排除,,,,,,,,,,,
603099,长白山,SH,旅游及景区,保留,,排除,5.093,160629498.35,39.868552,20.805774,0.925671,3.606309,0.0,,"roe,net_margin","2016,2017,2018,2019,2020,2021,2022,2023,2024,2025","2021,2022,2023,2024,2025"
603100,川仪股份,SH,通用设备,保留,,通过,14.735,2767706455.77,,34.236837,1.064979,8.341456,0.0,,,"2016,2017,2018,2019,2020,2021,2022,2023,2024,2025","2021,2022,2023,2024,2025"
603101,汇嘉时代,SH,一般零售,保留,,排除,3.993,38626679.86,1.227999,35.559925,4.538025,1.63226,0.0,,"roe,interest_coverage,net_margin","2016,2017,2018,2019,2020,2021,2022,2023,2024,2025","2021,2022,2023,2024,2025"
603102,百合股份,SH,食品加工,保留,,通过,16.219,406386994.87,,37.441527,1.152635,17.571693,0.0,,,"2016,2017,2018,2019,2020,2021,2022,2023,2024,2025","2021,2022,2023,2024,2025"
603103,横店影视,SH,影视院线,保留,,排除,6.868,1890845866.17,1.991981,6.987966,10.278749,-1.463476,0.0,,"roe,interest_coverage,gross_margin,net_margin","2016,2017,2018,2019,2020,2021,2022,2023,2024,2025","2021,2022,2023,2024,2025"
603105,芯能科技,SH,电力,保留,,通过,8.496,124296929.66,2.614011,56.383743,2.41497,20.780568,0.0,,,"2016,2017,2018,2019,2020,2021,2022,2023,2024,2025","2021,2022,2023,2024,2025"
603106,恒银科技,SH,计算机设备,保留,,排除,2.283,-121629552.07,,16.915608,0.390656,-2.41943,0.0,,"roe,fcf,ocf_ni,net_margin","2016,2017,2018,2019,2020,2021,2022,2023,2024,2025","2021,2022,2023,2024,2025"
603107,上海汽配,SH,汽车零部件,周期,周期性行业,行业排除,,,,,,,,,,,
603108,润达医疗,SH,医疗服务,保留,,排除,7.204,583411529.26,-1.646179,25.659035,2.632098,2.799163,0.0,,"roe,interest_coverage,net_margin","2016,2017,2018,2019,2020,2021,2022,2023,2024,2025","2021,2022,2023,2024,2025"
603109,神驰机电,SH,通用设备,保留,,通过,14.103,39308732.46,,24.478888,0.979535,7.759537,0.0,,,"2016,2017,2018,2019,2020,2021,2022,2023,2024,2025","2021,2022,2023,2024,2025"
603110,东方材料,SH,化学制品,周期,周期性行业,行业排除,,,,,,,,,,,
603111,康尼机电,SH,轨交设备Ⅱ,保留,,排除,3.372,1297192068.99,,32.616808,1.001755,0.905997,0.0,,"roe,net_margin","2016,2017,2018,2019,2020,2021,2022,2023,2024,2025","2021,2022,2023,2024,2025"
603112,华翔股份,SH,家电零部件Ⅱ,保留,,排除,15.266,-2607843.85,20.503657,21.188025,0.589728,9.778616,0.0,,"fcf,ocf_ni","2016,2017,2018,2019,2020,2021,2022,2023,2024,2025","2021,2022,2023,2024,2025"
603113,金能科技,SH,化学原料,周期,周期性行业,行业排除,,,,,,,,,,,
603115,海星股份,SH,元件,保留,,排除,12.358,-73109741.15,,23.218511,0.788724,10.594438,0.0,,fcf,"2016,2017,2018,2019,2020,2021,2022,2023,2024,2025","2021,2022,2023,2024,2025"
603116,红蜻蜓,SH,服装家纺,保留,,排除,2.534,664412498.1,,36.668306,1.099812,2.639158,0.0,,"roe,net_margin","2016,2017,2018,2019,2020,2021,2022,2023,2024,2025","2021,2022,2023,2024,2025"
603117,万林物流,SH,物流,保留,,排除,-4.499,-778514210.49,3.461187,24.871821,4.312922,-17.003667,0.0,,"roe,fcf,net_margin","2016,2017,2018,2019,2020,2021,2022,2023,2024,2025","2021,2022,2023,2024,2025"
603118,共进股份,SH,通信设备,保留,,排除,4.579,133401115.14,2.09102,12.438805,2.984872,2.315577,0.0,,"roe,gross_margin,net_margin","2016,2017,2018,2019,2020,2021,2022,2023,2024,2025","2021,2022,2023,2024,2025"
603119,浙江荣泰,SH,汽车零部件,周期,周期性行业,行业排除,,,,,,,,,,,
603120,肯特催化,SH,化学制品,周期,周期性行业,行业排除,,,,,,,,,,,
603121,华培动力,SH,汽车零部件,周期,周期性行业,行业排除,,,,,,,,,,,
603122,合富中国,SH,医疗服务,保留,,排除,8.026667,-23699842.47,,19.236926,0.849927,,0.0,net_margin,fcf,"2017,2018,2019,2020,2021,2022,2023,2024,2025","2021,2022,2023,2024,2025"
603123,翠微股份,SH,多元金融,金融,金融行业,行业排除,,,,,,,,,,,
603124,江南新材,SH,金属新材料,保留,,排除,16.871429,-4099557127.64,7.373027,3.670745,-4.81171,,0.0,net_margin,"fcf,gross_margin,ocf_ni","2019,2020,2021,2022,2023,2024,2025","2021,2022,2023,2024,2025"
603125,常青科技,SH,化学制品,周期,周期性行业,行业排除,,,,,,,,,,,
603126,中材节能,SH,环保设备Ⅱ,保留,,排除,6.387,-554368315.52,27.493279,17.718283,-0.574947,4.913583,0.0,,"roe,fcf,ocf_ni,net_margin","2016,2017,2018,2019,2020,2021,2022,2023,2024,2025","2021,2022,2023,2024,2025"
603127,昭衍新药,SH,医疗服务,保留,,通过,14.971,1945291637.28,,37.677388,1.954196,25.420797,0.0,,,"2016,2017,2018,2019,2020,2021,2022,2023,2024,2025","2021,2022,2023,2024,2025"
603128,华贸物流,SH,物流,保留,,排除,10.682,2181051233.98,8.915658,10.74154,0.712159,3.432921,0.0,,"gross_margin,net_margin","2016,2017,2018,2019,2020,2021,2022,2023,2024,2025","2021,2022,2023,2024,2025"
603129,春风动力,SH,摩托车及其他,保留,,通过,21.195,7700960485.89,,27.326057,1.764623,6.80199,0.0,,,"2016,2017,2018,2019,2020,2021,2022,2023,2024,2025","2021,2022,2023,2024,2025"
603130,云中马,SH,纺织制造,保留,,排除,19.39625,-1027982489.31,14.71928,10.266831,0.393998,,0.0,net_margin,"fcf,gross_margin,ocf_ni","2018,2019,2020,2021,2022,2023,2024,2025","2021,2022,2023,2024,2025"
603131,上海沪工,SH,通用设备,保留,,排除,5.005,399376198.13,-0.226329,21.186262,1.530557,4.601697,0.0,,"roe,interest_coverage,net_margin","2016,2017,2018,2019,2020,2021,2022,2023,2024,2025","2021,2022,2023,2024,2025"
603132,金徽股份,SH,工业金属,周期,周期性行业,行业排除,,,,,,,,,,,
603135,中重科技,SH,专用设备,保留,,排除,13.18125,64112426.37,,23.047117,-1.281036,,0.0,net_margin,ocf_ni,"2018,2019,2020,2021,2022,2023,2024,2025","2021,2022,2023,2024,2025"
603136,天目湖,SH,旅游及景区,保留,,通过,10.983,478013801.98,,48.670757,2.846421,17.453365,0.0,,,"2016,2017,2018,2019,2020,2021,2022,2023,2024,2025","2021,2022,2023,2024,2025"
603137,恒尚节能,SH,装修装饰Ⅱ,保留,,排除,19.3775,-702159402.73,-2.322182,14.764455,1.15827,,0.0,net_margin,"fcf,interest_coverage,gross_margin","2018,2019,2020,2021,2022,2023,2024,2025","2021,2022,2023,2024,2025"
603138,海量数据,SH,IT服务Ⅱ,保留,,排除,5.181,-358637316.88,,38.764869,-0.292356,-2.586974,0.0,,"roe,fcf,ocf_ni,net_margin","2016,2017,2018,2019,2020,2021,2022,2023,2024,2025","2021,2022,2023,2024,2025"
603139,康惠股份,SH,中药Ⅱ,保留,,排除,-2.819,-556718732.73,-10.095848,34.361804,0.359026,-2.797432,0.0,,"roe,fcf,interest_coverage,ocf_ni,net_margin","2016,2017,2018,2019,2020,2021,2022,2023,2024,2025","2021,2022,2023,2024,2025"
603150,万朗磁塑,SH,塑料,保留,,排除,17.351111,-712289074.5,3.076793,23.120092,1.094467,,0.0,net_margin,fcf,"2016,2018,2019,2020,2021,2022,2023,2024,2025","2021,2022,2023,2024,2025"
603151,邦基科技,SH,饲料,保留,,排除,20.993333,-1371821446.75,5.028246,11.239996,-1.374073,,0.0,net_margin,"fcf,gross_margin,ocf_ni","2018,2019,2020,2021,2022,2023,2024,2025","2021,2022,2023,2024,2025"
603153,上海建科,SH,工程咨询服务Ⅱ,保留,,数据不足,10.36375,939653869.44,,34.525647,0.962781,,0.0,net_margin,,"2018,2019,2020,2021,2022,2023,2024,2025","2021,2022,2023,2024,2025"
603155,新亚强,SH,化学制品,周期,周期性行业,行业排除,,,,,,,,,,,
603156,养元饮品,SH,饮料乳品,保留,,通过,22.141,8376797532.1,,45.768485,1.151289,29.855214,0.0,,,"2016,2017,2018,2019,2020,2021,2022,2023,2024,2025","2021,2022,2023,2024,2025"
603158,腾龙股份,SH,汽车零部件,周期,周期性行业,行业排除,,,,,,,,,,,
603159,上海亚虹,SH,专用设备,保留,,排除,7.85,151854776.11,,18.082317,-0.815662,5.582521,0.0,,"roe,ocf_ni","2016,2017,2018,2019,2020,2021,2022,2023,2024,2025","2021,2022,2023,2024,2025"
603160,汇顶科技,SH,半导体,保留,,通过,18.23,1418504296.63,,43.767863,3.096196,16.065744,0.0,,,"2016,2017,2018,2019,2020,2021,2022,2023,2024,2025","2021,2022,2023,2024,2025"
603161,科华控股,SH,汽车零部件,周期,周期性行业,行业排除,,,,,,,,,,,
603162,海通发展,SH,航运港口,周期,周期性行业,行业排除,,,,,,,,,,,
603163,圣晖集成,SH,专业工程,周期,周期性行业,行业排除,,,,,,,,,,,
603165,荣晟环保,SH,造纸,保留,,排除,18.886,-295541670.29,3.492879,12.937278,0.139712,12.343717,0.0,,"fcf,gross_margin,ocf_ni","2016,2017,2018,2019,2020,2021,2022,2023,2024,2025","2021,2022,2023,2024,2025"
603166,福达股份,SH,汽车零部件,周期,周期性行业,行业排除,,,,,,,,,,,
603167,渤海轮渡,SH,航运港口,周期,周期性行业,行业排除,,,,,,,,,,,
603168,莎普爱思,SH,化学制药,保留,,排除,-0.009,-415587910.84,-26.645904,54.787616,1.329861,-8.495566,0.0,,"roe,fcf,interest_coverage,net_margin","2016,2017,2018,2019,2020,2021,2022,2023,2024,2025","2021,2022,2023,2024,2025"
603169,兰石重装,SH,专用设备,保留,,排除,-6.949,546063240.18,-5.602123,13.682059,1.383479,-6.31265,0.0,,"roe,interest_coverage,gross_margin,net_margin","2016,2017,2018,2019,2020,2021,2022,2023,2024,2025","2021,2022,2023,2024,2025"
603170,宝立食品,SH,调味发酵品Ⅱ,保留,,数据不足,27.41,466656332.54,102.278718,33.005848,1.01801,,0.0,net_margin,,"2018,2019,2020,2021,2022,2023,2024,2025","2021,2022,2023,2024,2025"
603171,税友股份,SH,IT服务Ⅱ,保留,,通过,16.124,168079189.02,,57.199082,1.698659,12.647964,0.0,,,"2016,2017,2018,2019,2020,2021,2022,2023,2024,2025","2021,2022,2023,2024,2025"
603172,万丰股份,SH,化学制品,周期,周期性行业,行业排除,,,,,,,,,,,
603173,福斯达,SH,专用设备,保留,,数据不足,28.50375,1422414062.6,,22.936219,1.334164,,0.0,net_margin,,"2018,2019,2020,2021,2022,2023,2024,2025","2021,2022,2023,2024,2025"
603175,超颖电子,SH,元件,保留,,排除,12.813333,-2239766940.6,3.669882,19.931495,2.2742,,0.0,net_margin,fcf,"2020,2021,2022,2023,2024,2025","2021,2022,2023,2024,2025"
603176,汇通集团,SH,基础建设,周期,周期性行业,行业排除,,,,,,,,,,,
603177,德创环保,SH,环境治理,保留,,排除,-3.38,-135741630.94,-0.944915,20.165811,0.441087,-3.283917,0.0,,"roe,fcf,interest_coverage,ocf_ni,net_margin","2016,2017,2018,2019,2020,2021,2022,2023,2024,2025","2021,2022,2023,2024,2025"
603178,圣龙股份,SH,汽车零部件,周期,周期性行业,行业排除,,,,,,,,,,,
603179,新泉股份,SH,汽车零部件,周期,周期性行业,行业排除,,,,,,,,,,,
603180,金牌家居,SH,家居用品,保留,,排除,18.089,-1137428780.16,-0.797746,28.81144,-1.777057,8.71771,0.0,,"fcf,interest_coverage,ocf_ni","2016,2017,2018,2019,2020,2021,2022,2023,2024,2025","2021,2022,2023,2024,2025"
603181,皇马科技,SH,化学制品,周期,周期性行业,行业排除,,,,,,,,,,,
603182,嘉华股份,SH,农产品加工,保留,,排除,18.196,-105039494.5,,12.888195,1.110917,7.518368,0.0,,"fcf,gross_margin","2016,2017,2018,2019,2020,2021,2022,2023,2024,2025","2021,2022,2023,2024,2025"
603183,建研院,SH,专业服务,保留,,排除,9.476,-21307334.74,13.436267,50.80495,3.795089,11.966366,0.0,,fcf,"2016,2017,2018,2019,2020,2021,2022,2023,2024,2025","2021,2022,2023,2024,2025"
603185,弘元绿能,SH,光伏设备,保留,,排除,18.263,-4193490657.51,2.329508,12.136404,0.77675,11.845008,0.0,,"fcf,gross_margin","2016,2017,2018,2019,2020,2021,2022,2023,2024,2025","2021,2022,2023,2024,2025"
603186,华正新材,SH,元件,保留,,排除,9.551,-1100024227.75,4.242394,12.32233,1.88549,3.564547,0.0,,"fcf,gross_margin,net_margin","2016,2017,2018,2019,2020,2021,2022,2023,2024,2025","2021,2022,2023,2024,2025"
603187,海容冷链,SH,通用设备,保留,,通过,15.457,469426749.43,44.058414,25.714879,1.027299,12.266687,0.0,,,"2016,2017,2018,2019,2020,2021,2022,2023,2024,2025","2021,2022,2023,2024,2025"
603188,亚邦股份,SH,化学制品,周期,周期性行业,行业排除,,,,,,,,,,,
603189,*ST网达,SH,软件开发,保留,,排除,3.79,-294602850.42,,31.492459,1.762806,9.541505,0.0,,"roe,fcf","2016,2017,2018,2019,2020,2021,2022,2023,2024,2025","2021,2022,2023,2024,2025"
603190,亚通精工,SH,汽车零部件,周期,周期性行业,行业排除,,,,,,,,,,,
603191,望变电气,SH,电网设备,保留,,排除,11.983,-451013911.8,3.830409,15.811643,1.384552,8.325578,0.0,,fcf,"2016,2017,2018,2019,2020,2021,2022,2023,2024,2025","2021,2022,2023,2024,2025"
603192,汇得科技,SH,化学制品,周期,周期性行业,行业排除,,,,,,,,,,,
603193,润本股份,SH,个护用品,保留,,数据不足,30.085714,720600088.03,,56.013211,1.006332,,0.0,net_margin,,"2019,2020,2021,2022,2023,2024,2025","2021,2022,2023,2024,2025"
603194,中力股份,SH,工程机械,周期,周期性行业,行业排除,,,,,,,,,,,
603195,公牛集团,SH,家居用品,保留,,通过,41.921,15785501676.95,,40.907974,1.065792,22.897687,0.0,,,"2016,2017,2018,2019,2020,2021,2022,2023,2024,2025","2021,2022,2023,2024,2025"
603196,璞源材料,SH,服装家纺,保留,,排除,2.18,343794813.48,3.210538,56.952247,3.469781,0.938033,0.0,,"roe,net_margin","2016,2017,2018,2019,2020,2021,2022,2023,2024,2025","2021,2022,2023,2024,2025"
603197,保隆科技,SH,汽车零部件,周期,周期性行业,行业排除,,,,,,,,,,,
603198,迎驾贡酒,SH,白酒Ⅱ,保留,,通过,22.026,5781267250.74,,70.607678,0.899243,28.134482,0.0,,,"2016,2017,2018,2019,2020,2021,2022,2023,2024,2025","2021,2022,2023,2024,2025"
603199,九华旅游,SH,旅游及景区,保留,,排除,8.279,346274421.38,,43.473487,0.627365,17.656475,0.0,,ocf_ni,"2016,2017,2018,2019,2020,2021,2022,2023,2024,2025","2021,2022,2023,2024,2025"
603200,上海洗霸,SH,环境治理,保留,,排除,7.569,-99028375.79,26.932291,31.600741,1.113923,11.985442,0.0,,"roe,fcf","2016,2017,2018,2019,2020,2021,2022,2023,2024,2025","2021,2022,2023,2024,2025"
603201,常润股份,SH,汽车零部件,周期,周期性行业,行业排除,,,,,,,,,,,
603202,天有为,SH,汽车零部件,周期,周期性行业,行业排除,,,,,,,,,,,
603203,快克智能,SH,自动化设备,保留,,通过,19.415,811348693.86,,49.419231,1.08514,30.356062,0.0,,,"2016,2017,2018,2019,2020,2021,2022,2023,2024,2025","2021,2022,2023,2024,2025"
603205,健尔康,SH,医疗器械,保留,,数据不足,45.194286,382436371.06,,23.699978,1.089663,,0.0,net_margin,,"2019,2020,2021,2022,2023,2024,2025","2021,2022,2023,2024,2025"
603206,嘉环科技,SH,通信服务,保留,,排除,16.73625,-898350543.15,0.995052,14.334655,-1.354165,,0.0,net_margin,"fcf,interest_coverage,gross_margin,ocf_ni","2018,2019,2020,2021,2022,2023,2024,2025","2021,2022,2023,2024,2025"
603207,小方制药,SH,化学制药,保留,,数据不足,48.344286,597563334.74,,63.692643,0.999414,,0.0,net_margin,,"2019,2020,2021,2022,2023,2024,2025","2021,2022,2023,2024,2025"
603208,江山欧派,SH,家居用品,保留,,排除,12.28,127589789.8,-6.772158,23.282905,-0.015866,6.771903,0.0,,"interest_coverage,ocf_ni","2016,2017,2018,2019,2020,2021,2022,2023,2024,2025","2021,2022,2023,2024,2025"
603209,兴通股份,SH,航运港口,周期,周期性行业,行业排除,,,,,,,,,,,
603210,泰鸿万立,SH,汽车零部件,周期,周期性行业,行业排除,,,,,,,,,,,
603211,晋拓股份,SH,汽车零部件,周期,周期性行业,行业排除,,,,,,,,,,,
603212,赛伍技术,SH,光伏设备,保留,,排除,10.75,-678863464.28,-10.397078,8.841334,-0.56039,4.537215,0.0,,"fcf,interest_coverage,gross_margin,ocf_ni,net_margin","2016,2017,2018,2019,2020,2021,2022,2023,2024,2025","2021,2022,2023,2024,2025"
603213,镇洋发展,SH,化学原料,周期,周期性行业,行业排除,,,,,,,,,,,
603214,爱婴室,SH,专业连锁Ⅱ,保留,,排除,15.477,1119331420.28,5.655124,28.049494,2.826731,4.041042,0.0,,net_margin,"2016,2017,2018,2019,2020,2021,2022,2023,2024,2025","2021,2022,2023,2024,2025"
603215,比依股份,SH,小家电,保留,,排除,30.10625,-744555388.64,60.539035,17.156088,0.962854,,0.0,net_margin,fcf,"2018,2019,2020,2021,2022,2023,2024,2025","2021,2022,2023,2024,2025"
603216,梦天家居,SH,家居用品,保留,,数据不足,25.904444,607678439.45,,29.832415,1.668535,,0.0,net_margin,,"2017,2018,2019,2020,2021,2022,2023,2024,2025","2021,2022,2023,2024,2025"
603217,元利科技,SH,化学制品,周期,周期性行业,行业排除,,,,,,,,,,,
603218,日月股份,SH,风电设备,保留,,排除,10.615,-2412125759.05,,17.212863,0.775218,13.283931,0.0,,fcf,"2016,2017,2018,2019,2020,2021,2022,2023,2024,2025","2021,2022,2023,2024,2025"
603219,富佳股份,SH,小家电,保留,,数据不足,19.805556,411135150.53,4.55557,17.430013,1.05137,,0.0,net_margin,,"2017,2018,2019,2020,2021,2022,2023,2024,2025","2021,2022,2023,2024,2025"
603220,中贝通信,SH,通信服务,保留,,排除,10.099,-2674493729.11,0.652076,18.3892,2.719216,6.228003,0.0,,"fcf,interest_coverage","2016,2017,2018,2019,2020,2021,2022,2023,2024,2025","2021,2022,2023,2024,2025"
603221,爱丽家居,SH,家居用品,保留,,排除,14.492,-579566467.54,,13.27144,0.188676,8.106097,0.0,,"fcf,gross_margin,ocf_ni","2016,2017,2018,2019,2020,2021,2022,2023,2024,2025","2021,2022,2023,2024,2025"
603222,济民健康,SH,医疗器械,保留,,排除,1.544,-113322511.98,-8.596602,41.025667,0.91616,-0.112679,0.0,,"roe,fcf,interest_coverage,net_margin","2016,2017,2018,2019,2020,2021,2022,2023,2024,2025","2021,2022,2023,2024,2025"
603223,恒通股份,SH,炼化及贸易,保留,,排除,6.211,-1669747391.06,16.722958,11.278946,1.837877,4.100011,0.0,,"roe,fcf,gross_margin,net_margin","2016,2017,2018,2019,2020,2021,2022,2023,2024,2025","2021,2022,2023,2024,2025"
603225,新凤鸣,SH,化学纤维,保留,,排除,12.872,-8114661619.23,2.625799,6.197743,0.014239,3.011291,0.0,,"fcf,gross_margin,ocf_ni,net_margin","2016,2017,2018,2019,2020,2021,2022,2023,2024,2025","2021,2022,2023,2024,2025"
603226,菲林格尔,SH,家居用品,保留,,排除,5.794,-358749367.38,-747.79948,13.856025,2.65192,2.318467,0.0,,"roe,fcf,interest_coverage,gross_margin,net_margin","2016,2017,2018,2019,2020,2021,2022,2023,2024,2025","2021,2022,2023,2024,2025"
603227,雪峰科技,SH,化学制品,周期,周期性行业,行业排除,,,,,,,,,,,
603228,景旺电子,SH,元件,保留,,排除,17.141,-1306527496.62,22.278664,22.645656,1.692999,12.03936,0.0,,fcf,"2016,2017,2018,2019,2020,2021,2022,2023,2024,2025","2021,2022,2023,2024,2025"
603229,奥翔药业,SH,化学制药,保留,,排除,12.575,-111234404.66,27.420661,53.815737,0.927346,23.837843,0.0,,fcf,"2016,2017,2018,2019,2020,2021,2022,2023,2024,2025","2021,2022,2023,2024,2025"
603230,内蒙新华,SH,出版,保留,,数据不足,14.191111,982072286.98,,39.573735,1.395767,,0.0,net_margin,,"2017,2018,2019,2020,2021,2022,2023,2024,2025","2021,2022,2023,2024,2025"
603231,索宝蛋白,SH,农产品加工,保留,,排除,15.221429,188027071.4,,13.905965,1.251757,,0.0,net_margin,gross_margin,"2019,2020,2021,2022,2023,2024,2025","2021,2022,2023,2024,2025"
603232,格尔软件,SH,软件开发,保留,,排除,6.396,-428017182.17,-60.416422,48.047182,0.404828,10.671956,0.0,,"roe,fcf,interest_coverage,ocf_ni","2016,2017,2018,2019,2020,2021,2022,2023,2024,2025","2021,2022,2023,2024,2025"
603233,大参林,SH,医药商业,保留,,通过,20.466,10854864070.97,12.495525,36.098721,3.208034,5.514308,0.0,,,"2016,2017,2018,2019,2020,2021,2022,2023,2024,2025","2021,2022,2023,2024,2025"
603235,天新药业,SH,化学制品,周期,周期性行业,行业排除,,,,,,,,,,,
603236,移远通信,SH,通信设备,保留,,排除,16.752,-1378781157.28,15.409543,18.262148,2.263513,3.66719,0.0,,"fcf,net_margin","2016,2017,2018,2019,2020,2021,2022,2023,2024,2025","2021,2022,2023,2024,2025"
603237,五芳斋,SH,食品加工,保留,,数据不足,14.92625,192813952.92,40.317897,37.684869,1.883398,,0.0,net_margin,,"2018,2019,2020,2021,2022,2023,2024,2025","2021,2022,2023,2024,2025"
603238,诺邦股份,SH,个护用品,保留,,通过,9.966,341824757.42,,16.609338,3.251418,6.771891,0.0,,,"2016,2017,2018,2019,2020,2021,2022,2023,2024,2025","2021,2022,2023,2024,2025"
603239,浙江仙通,SH,汽车零部件,周期,周期性行业,行业排除,,,,,,,,,,,
603248,锡华科技,SH,风电设备,保留,,排除,26.495,-218195773.8,179.124788,29.722874,0.542816,,0.0,net_margin,"fcf,ocf_ni","2020,2021,2022,2023,2024,2025","2021,2022,2023,2024,2025"
603255,鼎际得,SH,化学制品,周期,周期性行业,行业排除,,,,,,,,,,,
603256,宏和科技,SH,玻璃玻纤,周期,周期性行业,行业排除,,,,,,,,,,,
603257,中国瑞林,SH,工程咨询服务Ⅱ,保留,,数据不足,9.548571,871829584.68,,20.107289,1.380642,,0.0,net_margin,,"2019,2020,2021,2022,2023,2024,2025","2021,2022,2023,2024,2025"
603258,电魂网络,SH,游戏Ⅱ,保留,,通过,10.319,524762913.93,,74.87338,1.865824,20.27197,0.0,,,"2016,2017,2018,2019,2020,2021,2022,2023,2024,2025","2021,2022,2023,2024,2025"
603259,药明康德,SH,医疗服务,保留,,通过,19.67,26241930114.77,60.096996,40.775455,1.141894,22.224463,0.0,,,"2016,2017,2018,2019,2020,2021,2022,2023,2024,2025","2021,2022,2023,2024,2025"
603260,合盛硅业,SH,化学制品,周期,周期性行业,行业排除,,,,,,,,,,,
603261,立航科技,SH,航空装备Ⅱ,保留,,排除,18.691,-474568255.79,-60.907617,17.270831,-0.249545,5.780139,0.0,,"fcf,interest_coverage,ocf_ni","2016,2017,2018,2019,2020,2021,2022,2023,2024,2025","2021,2022,2023,2024,2025"
603262,技源集团,SH,食品加工,保留,,数据不足,29.82,324484658.52,,41.226778,1.15135,,0.0,net_margin,,"2019,2020,2021,2022,2023,2024,2025","2021,2022,2023,2024,2025"
603266,天龙股份,SH,汽车零部件,周期,周期性行业,行业排除,,,,,,,,,,,
603267,鸿远电子,SH,军工电子Ⅱ,保留,,通过,16.182,1240581549.18,,44.168363,1.28116,22.035525,0.0,,,"2016,2017,2018,2019,2020,2021,2022,2023,2024,2025","2021,2022,2023,2024,2025"
603268,松发股份,SH,航海装备Ⅱ,保留,,排除,-11.918,-18892367660.6,5.425752,9.670007,-2.64634,-14.948024,0.0,,"roe,fcf,gross_margin,ocf_ni,net_margin","2016,2017,2018,2019,2020,2021,2022,2023,2024,2025","2021,2022,2023,2024,2025"
603269,海鸥股份,SH,通用设备,保留,,排除,7.921,379274307.13,4.563087,29.037626,0.987429,6.121891,0.0,,roe,"2016,2017,2018,2019,2020,2021,2022,2023,2024,2025","2021,2022,2023,2024,2025"
603270,金帝股份,SH,通用设备,保留,,排除,15.102857,-2091847165.85,14.455907,30.918732,-0.499351,,0.0,net_margin,"fcf,ocf_ni","2019,2020,2021,2022,2023,2024,2025","2021,2022,2023,2024,2025"
603271,永杰新材,SH,工业金属,周期,周期性行业,行业排除,,,,,,,,,,,
603272,*ST联翔,SH,家居用品,保留,,排除,17.3225,-130439668.4,-488.914395,38.386571,-0.623165,,0.0,net_margin,"fcf,interest_coverage,ocf_ni","2018,2019,2020,2021,2022,2023,2024,2025","2021,2022,2023,2024,2025"
603273,天元智能,SH,工程机械,周期,周期性行业,行业排除,,,,,,,,,,,
603275,众辰科技,SH,自动化设备,保留,,排除,28.247143,306263149.99,,41.15049,0.686384,,0.0,net_margin,ocf_ni,"2019,2020,2021,2022,2023,2024,2025","2021,2022,2023,2024,2025"
603276,恒兴新材,SH,化学制品,周期,周期性行业,行业排除,,,,,,,,,,,
603277,银都股份,SH,通用设备,保留,,通过,20.928,1691917799.23,,40.694502,1.036463,17.919527,0.0,,,"2016,2017,2018,2019,2020,2021,2022,2023,2024,2025","2021,2022,2023,2024,2025"
603278,大业股份,SH,通用设备,保留,,排除,6.82,-302943310.63,-0.187573,5.344981,2.559314,3.187336,0.0,,"roe,fcf,interest_coverage,gross_margin,net_margin","2016,2017,2018,2019,2020,2021,2022,2023,2024,2025","2021,2022,2023,2024,2025"
603279,景津装备,SH,通用设备,保留,,通过,16.813,3054811082.4,,28.739182,1.143787,12.34781,0.0,,,"2016,2017,2018,2019,2020,2021,2022,2023,2024,2025","2021,2022,2023,2024,2025"
603280,南方路机,SH,工程机械,周期,周期性行业,行业排除,,,,,,,,,,,
603281,江瀚新材,SH,化学制品,周期,周期性行业,行业排除,,,,,,,,,,,
603282,亚光股份,SH,环保设备Ⅱ,保留,,数据不足,20.063333,19975911.88,,33.974414,0.931204,,0.0,net_margin,,"2016,2018,2019,2020,2021,2022,2023,2024,2025","2021,2022,2023,2024,2025"
603283,赛腾股份,SH,自动化设备,保留,,通过,19.845,778320153.17,18.061519,42.784456,1.104469,11.975131,0.0,,,"2016,2017,2018,2019,2020,2021,2022,2023,2024,2025","2021,2022,2023,2024,2025"
603284,林平发展,SH,造纸,保留,,数据不足,15.805,,14.034075,,,,,"fcf,gross_margin,ocf_ni,net_margin,share_inflation",,"2022,2023,2024,2025","2022,2023,2024,2025"
603285,键邦股份,SH,化学制品,周期,周期性行业,行业排除,,,,,,,,,,,
603286,日盈电子,SH,汽车零部件,周期,周期性行业,行业排除,,,,,,,,,,,
603288,海天味业,SH,调味发酵品Ⅱ,保留,,通过,28.448,24763011361.89,,37.2552,1.010411,24.953645,0.0,,,"2016,2017,2018,2019,2020,2021,2022,2023,2024,2025","2021,2022,2023,2024,2025"
603289,泰瑞机器,SH,专用设备,保留,,排除,10.039,-512349596.49,,30.067385,0.842786,10.754574,0.0,,fcf,"2016,2017,2018,2019,2020,2021,2022,2023,2024,2025","2021,2022,2023,2024,2025"
603290,斯达半导,SH,半导体,保留,,排除,16.271,-3607269549.29,,34.435413,1.099441,17.311322,0.0,,fcf,"2016,2017,2018,2019,2020,2021,2022,2023,2024,2025","2021,2022,2023,2024,2025"
603291,联合水务,SH,环境治理,保留,,数据不足,11.11875,63939102.7,3.781082,33.014171,2.133591,,0.0,net_margin,,"2018,2019,2020,2021,2022,2023,2024,2025","2021,2022,2023,2024,2025"
603293,埃泰克,SH,汽车零部件,周期,周期性行业,行业排除,,,,,,,,,,,
603296,华勤技术,SH,消费电子,保留,,排除,19.575,-2873454174.8,,9.2307,0.830829,,0.0,net_margin,"fcf,gross_margin","2018,2019,2020,2021,2022,2023,2024,2025","2021,2022,2023,2024,2025"
603297,永新光学,SH,光学光电子,保留,,通过,16.949,515652275.83,,40.31849,0.933066,25.380204,0.0,,,"2016,2017,2018,2019,2020,2021,2022,2023,2024,2025","2021,2022,2023,2024,2025"
603298,杭叉集团,SH,工程机械,周期,周期性行业,行业排除,,,,,,,,,,,
603299,苏盐井神,SH,化学原料,周期,周期性行业,行业排除,,,,,,,,,,,
603300,海南华铁,SH,多元金融,金融,金融行业,行业排除,,,,,,,,,,,
603301,振德医疗,SH,医疗器械,保留,,通过,21.294,146686994.33,13.321371,34.485131,1.749114,10.200011,0.0,,,"2016,2017,2018,2019,2020,2021,2022,2023,2024,2025","2021,2022,2023,2024,2025"
603303,得邦照明,SH,照明设备Ⅱ,保留,,通过,12.89142,2168473449.33,,17.201245,1.671227,7.164526,0.0,,,"2016,2017,2018,2019,2020,2021,2022,2023,2024,2025","2021,2022,2023,2024,2025"
603305,旭升集团,SH,汽车零部件,周期,周期性行业,行业排除,,,,,,,,,,,
603306,华懋科技,SH,汽车零部件,周期,周期性行业,行业排除,,,,,,,,,,,
603307,扬州金泉,SH,服装家纺,保留,,数据不足,19.6925,689762112.85,,26.179199,0.876721,,0.0,net_margin,,"2018,2019,2020,2021,2022,2023,2024,2025","2021,2022,2023,2024,2025"
603308,应流股份,SH,通用设备,保留,,排除,5.326,-2582417662.43,2.348593,35.873059,0.553078,9.655836,0.0,,"roe,fcf,ocf_ni","2016,2017,2018,2019,2020,2021,2022,2023,2024,2025","2021,2022,2023,2024,2025"
603309,维力医疗,SH,医疗器械,保留,,通过,9.689,267013348.0,6.949632,44.142242,2.198419,11.491317,0.0,,,"2016,2017,2018,2019,2020,2021,2022,2023,2024,2025","2021,2022,2023,2024,2025"
603310,巍华新材,SH,化学制品,周期,周期性行业,行业排除,,,,,,,,,,,
603311,金海高科,SH,家电零部件Ⅱ,保留,,通过,8.449,239206789.8,182.208858,24.049023,1.689247,11.044876,0.0,,,"2016,2017,2018,2019,2020,2021,2022,2023,2024,2025","2021,2022,2023,2024,2025"
603312,西典新能,SH,电网设备,保留,,排除,29.584286,-133772099.74,,17.696967,0.432847,,0.0,net_margin,"fcf,ocf_ni","2019,2020,2021,2022,2023,2024,2025","2021,2022,2023,2024,2025"
603313,梦百合,SH,家居用品,保留,,排除,6.751,1046293314.65,0.214019,34.798826,-14.849281,3.651075,0.0,,"roe,interest_coverage,ocf_ni,net_margin","2016,2017,2018,2019,2020,2021,2022,2023,2024,2025","2021,2022,2023,2024,2025"
603315,福鞍股份,SH,环境治理,保留,,排除,5.202,-181321786.47,1.055879,18.973235,0.682901,8.063772,0.0,,"roe,fcf,interest_coverage,ocf_ni","2016,2017,2018,2019,2020,2021,2022,2023,2024,2025","2021,2022,2023,2024,2025"
603316,诚邦股份,SH,半导体,保留,,排除,-1.011,-234036930.53,,7.60079,-0.785689,-4.850577,0.0,,"roe,fcf,gross_margin,ocf_ni,net_margin","2016,2017,2018,2019,2020,2021,2022,2023,2024,2025","2021,2022,2023,2024,2025"
603317,天味食品,SH,调味发酵品Ⅱ,保留,,通过,15.676,1896659533.12,,36.955548,1.313131,16.018533,0.0,,,"2016,2017,2018,2019,2020,2021,2022,2023,2024,2025","2021,2022,2023,2024,2025"
603318,水发燃气,SH,燃气Ⅱ,保留,,排除,2.087,739144154.04,0.942985,14.947921,3.011858,-1.141742,0.0,,"roe,interest_coverage,gross_margin,net_margin","2016,2017,2018,2019,2020,2021,2022,2023,2024,2025","2021,2022,2023,2024,2025"
603319,美湖股份,SH,汽车零部件,周期,周期性行业,行业排除,,,,,,,,,,,
603320,迪贝电气,SH,电机Ⅱ,保留,,排除,8.043,227792785.16,,14.109228,1.683441,6.455537,0.0,,gross_margin,"2016,2017,2018,2019,2020,2021,2022,2023,2024,2025","2021,2022,2023,2024,2025"
603321,梅轮电梯,SH,专用设备,保留,,排除,7.384,222191850.15,,24.541399,1.46424,7.990858,0.0,,roe,"2016,2017,2018,2019,2020,2021,2022,2023,2024,2025","2021,2022,2023,2024,2025"
603322,超讯科技,SH,通信服务,保留,,排除,-8.412,67468194.95,-6.851349,9.342764,-0.321294,-1.601614,0.0,,"roe,interest_coverage,gross_margin,ocf_ni,net_margin","2016,2017,2018,2019,2020,2021,2022,2023,2024,2025","2021,2022,2023,2024,2025"
603323,苏农银行,SH,银行Ⅱ,金融,金融行业,行业排除,,,,,,,,,,,
603324,盛剑科技,SH,环保设备Ⅱ,保留,,排除,18.366,-1125847792.85,-1.147724,26.183575,0.812519,9.502472,0.0,,"fcf,interest_coverage","2016,2017,2018,2019,2020,2021,2022,2023,2024,2025","2021,2022,2023,2024,2025"
603325,博隆技术,SH,专用设备,保留,,数据不足,25.755,1209148631.71,,33.531878,1.182173,,0.0,net_margin,,"2018,2019,2020,2021,2022,2023,2024,2025","2021,2022,2023,2024,2025"
603326,我乐家居,SH,家居用品,保留,,通过,13.066,740836430.89,22.737177,44.958165,1.721063,8.278774,0.0,,,"2016,2017,2018,2019,2020,2021,2022,2023,2024,2025","2021,2022,2023,2024,2025"
603327,福蓉科技,SH,消费电子,保留,,排除,18.488,-220214079.37,5.634584,17.846138,0.811814,13.255978,0.0,,fcf,"2016,2017,2018,2019,2020,2021,2022,2023,2024,2025","2021,2022,2023,2024,2025"
603328,依顿电子,SH,元件,保留,,通过,10.121,848069122.83,43.184637,19.037543,1.744292,13.161643,0.0,,,"2016,2017,2018,2019,2020,2021,2022,2023,2024,2025","2021,2022,2023,2024,2025"
603329,上海雅仕,SH,物流,保留,,排除,7.874,-1005529764.8,0.754574,10.206375,1.337673,2.334547,0.0,,"roe,fcf,interest_coverage,gross_margin,net_margin","2016,2017,2018,2019,2020,2021,2022,2023,2024,2025","2021,2022,2023,2024,2025"
603330,天洋新材,SH,塑料,保留,,排除,0.643,-1049114916.5,-19.239431,17.581911,0.52496,-0.914035,0.0,,"roe,fcf,interest_coverage,ocf_ni,net_margin","2016,2017,2018,2019,2020,2021,2022,2023,2024,2025","2021,2022,2023,2024,2025"
603331,百达精工,SH,通用设备,保留,,排除,7.021,-485053549.69,-6.342724,21.685141,1.837257,5.221522,0.0,,"roe,fcf,interest_coverage","2016,2017,2018,2019,2020,2021,2022,2023,2024,2025","2021,2022,2023,2024,2025"
603332,苏州龙杰,SH,化学纤维,保留,,排除,8.237,-152821399.53,,6.890527,2.336617,4.506774,0.0,,"fcf,gross_margin,net_margin","2016,2017,2018,2019,2020,2021,2022,2023,2024,2025","2021,2022,2023,2024,2025"
603333,福华尚纬,SH,电网设备,保留,,排除,0.659,138448172.17,-2.165688,17.279837,5.445654,-0.435407,0.0,,"roe,interest_coverage,net_margin","2016,2017,2018,2019,2020,2021,2022,2023,2024,2025","2021,2022,2023,2024,2025"
603334,丰倍生物,SH,化学制品,周期,周期性行业,行业排除,,,,,,,,,,,
603335,迪生力,SH,汽车零部件,周期,周期性行业,行业排除,,,,,,,,,,,
603336,宏辉果蔬,SH,种植业,保留,,排除,6.084,-83953967.5,0.797566,9.032969,2.412443,5.808336,0.0,,"roe,fcf,interest_coverage,gross_margin","2016,2017,2018,2019,2020,2021,2022,2023,2024,2025","2021,2022,2023,2024,2025"
603337,杰克科技,SH,专用设备,保留,,通过,16.04,2435168184.89,,29.376516,1.396557,10.48737,0.0,,,"2016,2017,2018,2019,2020,2021,2022,2023,2024,2025","2021,2022,2023,2024,2025"
603338,浙江鼎力,SH,工程机械,周期,周期性行业,行业排除,,,,,,,,,,,
603339,四方科技,SH,通用设备,保留,,通过,10.231,785195572.09,,23.321369,1.221664,13.311464,0.0,,,"2016,2017,2018,2019,2020,2021,2022,2023,2024,2025","2021,2022,2023,2024,2025"
603341,龙旗科技,SH,消费电子,保留,,排除,17.53125,2338100247.72,,8.172674,2.268676,,0.0,net_margin,gross_margin,"2016,2019,2020,2021,2022,2023,2024,2025","2021,2022,2023,2024,2025"
603344,星德胜,SH,电机Ⅱ,保留,,数据不足,21.99,486592645.95,,17.326186,1.117886,,0.0,net_margin,,"2019,2020,2021,2022,2023,2024,2025","2021,2022,2023,2024,2025"
603345,安井食品,SH,食品加工,保留,,通过,14.08,3117481206.35,1319.932012,22.436796,1.30227,7.896391,0.0,,,"2016,2017,2018,2019,2020,2021,2022,2023,2024,2025","2021,2022,2023,2024,2025"
603348,文灿股份,SH,汽车零部件,周期,周期性行业,行业排除,,,,,,,,,,,
603350,安乃达,SH,电机Ⅱ,保留,,数据不足,21.75875,410581560.92,,18.984179,0.939755,,0.0,net_margin,,"2016,2019,2020,2021,2022,2023,2024,2025","2021,2022,2023,2024,2025"
603351,威尔药业,SH,化学制药,保留,,通过,12.373,31503124.84,15.055264,27.943095,1.039532,12.139931,0.0,,,"2016,2017,2018,2019,2020,2021,2022,2023,2024,2025","2021,2022,2023,2024,2025"
603352,至信股份,SH,汽车零部件,周期,周期性行业,行业排除,,,,,,,,,,,
603353,和顺石油,SH,炼化及贸易,保留,,排除,19.563,347041908.36,-2.790703,9.025472,0.133093,4.892842,0.0,,"interest_coverage,gross_margin,ocf_ni,net_margin","2016,2017,2018,2019,2020,2021,2022,2023,2024,2025","2021,2022,2023,2024,2025"
603355,莱克电气,SH,小家电,保留,,通过,17.35,3077019349.14,11.193191,23.142329,1.137608,8.919956,0.0,,,"2016,2017,2018,2019,2020,2021,2022,2023,2024,2025","2021,2022,2023,2024,2025"
603356,华菱精工,SH,专用设备,保留,,排除,-0.799,360768327.49,-6.733459,4.757493,-12.614025,-0.086443,0.0,,"roe,interest_coverage,gross_margin,ocf_ni,net_margin","2016,2017,2018,2019,2020,2021,2022,2023,2024,2025","2021,2022,2023,2024,2025"
603357,设计总院,SH,工程咨询服务Ⅱ,保留,,排除,17.107,630914141.78,56.396002,34.146636,0.57401,18.257522,0.0,,ocf_ni,"2016,2017,2018,2019,2020,2021,2022,2023,2024,2025","2021,2022,2023,2024,2025"
603358,华达科技,SH,汽车零部件,周期,周期性行业,行业排除,,,,,,,,,,,
603359,*ST东珠,SH,基础建设,周期,周期性行业,行业排除,,,,,,,,,,,
603360,百傲化学,SH,农化制品,保留,,通过,22.662,1216457116.87,14.717982,46.476214,1.193584,27.26692,0.0,,,"2016,2017,2018,2019,2020,2021,2022,2023,2024,2025","2021,2022,2023,2024,2025"
603363,傲农生物,SH,饲料,保留,,排除,-5.32875,-3003807025.74,0.696785,2.376178,0.103039,-1.442334,0.0,,"roe,fcf,interest_coverage,gross_margin,ocf_ni,net_margin","2016,2017,2018,2019,2020,2021,2022,2023,2024,2025","2021,2022,2023,2024,2025"
603365,水星家纺,SH,服装家纺,保留,,通过,15.299,1680652383.11,,40.610518,1.117917,9.497678,0.0,,,"2016,2017,2018,2019,2020,2021,2022,2023,2024,2025","2021,2022,2023,2024,2025"
603366,日出东方,SH,厨卫电器,保留,,排除,2.919,-576998187.33,7.87324,27.590986,1.147279,2.857841,0.0,,"roe,fcf,net_margin","2016,2017,2018,2019,2020,2021,2022,2023,2024,2025","2021,2022,2023,2024,2025"
603367,辰欣药业,SH,化学制药,保留,,通过,9.686,1709919469.82,,55.741174,0.906338,11.383261,0.0,,,"2016,2017,2018,2019,2020,2021,2022,2023,2024,2025","2021,2022,2023,2024,2025"
603368,柳药集团,SH,医药商业,保留,,排除,12.714,2397266307.61,4.04972,11.444589,0.902358,4.064065,0.0,,"gross_margin,net_margin","2016,2017,2018,2019,2020,2021,2022,2023,2024,2025","2021,2022,2023,2024,2025"
603369,今世缘,SH,白酒Ⅱ,保留,,通过,21.15,5412732237.84,,75.707273,0.982679,30.071042,0.0,,,"2016,2017,2018,2019,2020,2021,2022,2023,2024,2025","2021,2022,2023,2024,2025"
603370,华新精科,SH,电机Ⅱ,保留,,排除,17.79,-47045978.08,,19.260164,0.182064,,0.0,net_margin,"fcf,ocf_ni","2016,2017,2019,2020,2021,2022,2023,2024,2025","2021,2022,2023,2024,2025"
603373,安邦护卫,SH,专业服务,保留,,数据不足,10.37875,967914927.88,,23.999154,3.292649,,0.0,net_margin,,"2018,2019,2020,2021,2022,2023,2024,2025","2021,2022,2023,2024,2025"
603375,盛景微,SH,半导体,保留,,排除,19.92,-192725401.52,20.531031,39.851447,0.470559,,0.0,net_margin,"fcf,ocf_ni","2018,2019,2020,2021,2022,2023,2024,2025","2021,2022,2023,2024,2025"
603376,大明电子,SH,汽车零部件,周期,周期性行业,行业排除,,,,,,,,,,,
603377,ST东时,SH,教育,保留,,排除,-15.37,254298598.21,-6.794195,36.699232,-0.084937,-15.855115,0.0,,"roe,interest_coverage,ocf_ni,net_margin","2016,2017,2018,2019,2020,2021,2022,2023,2024,2025","2021,2022,2023,2024,2025"
603378,*ST亚士,SH,装修建材,保留,,排除,3.161111,-2707587512.7,-6.672804,21.168954,2.705437,-28.360541,0.0,,"roe,fcf,interest_coverage,net_margin","2016,2017,2018,2019,2020,2021,2022,2023,2024,2025","2021,2022,2023,2024,2025"
603379,三美股份,SH,化学制品,周期,周期性行业,行业排除,,,,,,,,,,,
603380,易德龙,SH,消费电子,保留,,通过,18.544,266119276.95,,24.678234,1.187428,10.595556,0.0,,,"2016,2017,2018,2019,2020,2021,2022,2023,2024,2025","2021,2022,2023,2024,2025"
603381,永臻股份,SH,光伏设备,保留,,排除,15.848333,-12765278737.65,-1.901192,7.522912,-3.789734,,0.0,net_margin,"fcf,interest_coverage,gross_margin,ocf_ni","2020,2021,2022,2023,2024,2025","2021,2022,2023,2024,2025"
603382,海阳科技,SH,化学纤维,保留,,排除,18.035,-193225459.91,27.187996,10.036627,1.63946,,0.0,net_margin,"fcf,gross_margin","2020,2021,2022,2023,2024,2025","2021,2022,2023,2024,2025"
603383,顶点软件,SH,软件开发,保留,,通过,12.896,928560488.74,,68.741252,1.100217,33.032235,0.0,,,"2016,2017,2018,2019,2020,2021,2022,2023,2024,2025","2021,2022,2023,2024,2025"
603385,惠达卫浴,SH,家居用品,保留,,排除,4.902,657133991.67,-270.205531,25.654767,0.070178,4.741464,0.0,,"roe,interest_coverage,ocf_ni,net_margin","2016,2017,2018,2019,2020,2021,2022,2023,2024,2025","2021,2022,2023,2024,2025"
603386,骏亚科技,SH,元件,保留,,排除,8.999,65621491.91,-0.026901,18.995921,-1.629341,3.839334,0.0,,"interest_coverage,ocf_ni,net_margin","2016,2017,2018,2019,2020,2021,2022,2023,2024,2025","2021,2022,2023,2024,2025"
603387,基蛋生物,SH,医疗器械,保留,,通过,20.331,1101981846.98,,67.207356,1.382667,29.223821,0.0,,,"2016,2017,2018,2019,2020,2021,2022,2023,2024,2025","2021,2022,2023,2024,2025"
603389,亚振家居,SH,家居用品,保留,,排除,-12.06,-113496359.27,-3.006391,34.742523,-0.045214,-22.997702,0.0,,"roe,fcf,interest_coverage,ocf_ni,net_margin","2016,2017,2018,2019,2020,2021,2022,2023,2024,2025","2021,2022,2023,2024,2025"
603390,通达电气,SH,汽车零部件,周期,周期性行业,行业排除,,,,,,,,,,,
603391,力聚热能,SH,专用设备,保留,,数据不足,26.992857,600651328.71,,42.007876,1.228687,,0.0,net_margin,,"2019,2020,2021,2022,2023,2024,2025","2021,2022,2023,2024,2025"
603392,万泰生物,SH,医疗器械,保留,,通过,22.967,2967312914.93,,74.997357,1.210852,19.259054,0.0,,,"2016,2017,2018,2019,2020,2021,2022,2023,2024,2025","2021,2022,2023,2024,2025"
603393,新天然气,SH,燃气Ⅱ,保留,,通过,17.766,857237807.78,3.888491,48.228928,2.022998,25.215022,0.0,,,"2016,2017,2018,2019,2020,2021,2022,2023,2024,2025","2021,2022,2023,2024,2025"
603395,红四方,SH,农化制品,保留,,排除,14.267143,591808902.15,22.676211,11.563467,1.910858,,0.0,net_margin,gross_margin,"2019,2020,2021,2022,2023,2024,2025","2021,2022,2023,2024,2025"
603396,金辰股份,SH,光伏设备,保留,,排除,7.738,-183562502.89,3.646462,27.890518,1.29055,7.015448,0.0,,"roe,fcf","2016,2017,2018,2019,2020,2021,2022,2023,2024,2025","2021,2022,2023,2024,2025"
603398,*ST沐邦,SH,光伏设备,保留,,排除,-26.344,-1253201849.97,-10.199156,-6.537727,0.334817,-67.434259,0.0,,"roe,fcf,interest_coverage,gross_margin,ocf_ni,net_margin","2016,2017,2018,2019,2020,2021,2022,2023,2024,2025","2021,2022,2023,2024,2025"
603399,永杉锂业,SH,能源金属,周期,周期性行业,行业排除,,,,,,,,,,,
603400,华之杰,SH,通用设备,保留,,排除,25.383333,284823982.12,,23.652227,0.97139,,0.298301,net_margin,share_inflation,"2017,2018,2019,2020,2021,2022,2023,2024,2025","2021,2022,2023,2024,2025"
603402,陕西旅游,SH,旅游及景区,保留,,通过,27.459,1426897100.95,111.695813,48.684718,1.324912,18.041413,0.0,,,"2016,2017,2018,2019,2020,2021,2022,2023,2024,2025","2021,2022,2023,2024,2025"
603406,天富龙,SH,化学纤维,保留,,数据不足,17.93,827575641.79,,18.754985,0.881602,,0.0,net_margin,,"2020,2021,2022,2023,2024,2025","2021,2022,2023,2024,2025"
603407,长裕集团,SH,化学原料,周期,周期性行业,行业排除,,,,,,,,,,,
603408,建霖家居,SH,家居用品,保留,,通过,22.428,959263418.2,85.973044,24.940592,1.304972,9.355742,0.0,,,"2016,2017,2018,2019,2020,2021,2022,2023,2024,2025","2021,2022,2023,2024,2025"
603409,汇通控股,SH,汽车零部件,周期,周期性行业,行业排除,,,,,,,,,,,
603416,信捷电气,SH,自动化设备,保留,,排除,15.31,399004146.11,,37.695701,0.662796,21.274063,0.0,,ocf_ni,"2016,2017,2018,2019,2020,2021,2022,2023,2024,2025","2021,2022,2023,2024,2025"
603418,友升股份,SH,汽车零部件,周期,周期性行业,行业排除,,,,,,,,,,,
603421,鼎信通讯,SH,通信设备,保留,,排除,4.095,189809530.98,-34.392144,37.636529,0.247267,3.437177,0.0,,"roe,interest_coverage,ocf_ni,net_margin","2016,2017,2018,2019,2020,2021,2022,2023,2024,2025","2021,2022,2023,2024,2025"
603429,*ST集友,SH,包装印刷,保留,,通过,12.546,474376567.09,,31.175528,2.159702,17.204492,0.0,,,"2016,2017,2018,2019,2020,2021,2022,2023,2024,2025","2021,2022,2023,2024,2025"
603435,嘉德利,SH,电子化学品Ⅱ,保留,,数据不足,25.1175,,161.532226,,,,,"fcf,gross_margin,ocf_ni,net_margin,share_inflation",,"2022,2023,2024,2025","2022,2023,2024,2025"
603439,三力制药,SH,中药Ⅱ,保留,,通过,17.617,670920158.98,8.94092,71.040671,1.473866,13.991057,0.0,,,"2016,2017,2018,2019,2020,2021,2022,2023,2024,2025","2021,2022,2023,2024,2025"
603444,吉比特,SH,游戏Ⅱ,保留,,通过,34.326,9255455502.02,,88.782591,1.356028,34.774723,0.0,,,"2016,2017,2018,2019,2020,2021,2022,2023,2024,2025","2021,2022,2023,2024,2025"
603456,九洲药业,SH,医疗服务,保留,,通过,9.971,2307360548.48,,35.255762,1.570176,12.616694,-0.008698,,,"2016,2017,2018,2019,2020,2021,2022,2023,2024,2025","2021,2022,2023,2024,2025"
603458,勘设股份,SH,工程咨询服务Ⅱ,保留,,排除,9.464,1060156910.51,-11.743374,29.452053,1.659449,5.104709,0.0,,interest_coverage,"2016,2017,2018,2019,2020,2021,2022,2023,2024,2025","2021,2022,2023,2024,2025"
603459,红板科技,SH,元件,保留,,数据不足,13.89,,19.012379,,,,,"fcf,gross_margin,ocf_ni,net_margin,share_inflation",,"2022,2023,2024,2025","2022,2023,2024,2025"
603466,风语筑,SH,数字媒体,保留,,排除,12.431,,-1.73371,26.960663,-1.093247,8.062429,0.0,fcf,"interest_coverage,ocf_ni","2016,2017,2018,2019,2020,2021,2022,2023,2024,2025","2021,2022,2023,2024,2025"
603477,巨星农牧,SH,养殖业,保留,,排除,5.834,-2403650823.29,-0.404695,11.931453,9.278039,5.049014,0.0,,"roe,fcf,interest_coverage,gross_margin","2016,2017,2018,2019,2020,2021,2022,2023,2024,2025","2021,2022,2023,2024,2025"
603486,科沃斯,SH,小家电,保留,,通过,22.046,5468904951.68,,48.588687,1.331512,7.396835,0.0,,,"2016,2017,2018,2019,2020,2021,2022,2023,2024,2025","2021,2022,2023,2024,2025"
603488,展鹏科技,SH,专用设备,保留,,排除,6.338,33028658.44,-27.401308,23.046256,1.223973,13.295265,0.0,,"roe,interest_coverage","2016,2017,2018,2019,2020,2021,2022,2023,2024,2025","2021,2022,2023,2024,2025"
603489,八方股份,SH,电机Ⅱ,保留,,通过,27.884,463256451.78,,28.253506,1.760643,17.303233,0.0,,,"2016,2017,2018,2019,2020,2021,2022,2023,2024,2025","2021,2022,2023,2024,2025"
603496,恒为科技,SH,计算机设备,保留,,通过,9.262,5477358.24,14.67095,37.119621,0.901241,12.957493,0.0,,,"2016,2017,2018,2019,2020,2021,2022,2023,2024,2025","2021,2022,2023,2024,2025"
603499,翔港科技,SH,包装印刷,保留,,排除,6.997,178555885.17,16.851935,20.239552,4.100949,6.802767,0.0,,roe,"2016,2017,2018,2019,2020,2021,2022,2023,2024,2025","2021,2022,2023,2024,2025"
603500,祥和实业,SH,轨交设备Ⅱ,保留,,排除,10.918,-10798200.52,76.159201,28.138323,0.844987,18.729306,0.0,,fcf,"2016,2017,2018,2019,2020,2021,2022,2023,2024,2025","2021,2022,2023,2024,2025"
603501,豪威集团,SH,半导体,保留,,通过,14.915,8612111940.17,,29.417329,2.899117,8.390079,0.0,,,"2016,2017,2018,2019,2020,2021,2022,2023,2024,2025","2021,2022,2023,2024,2025"
603505,金石资源,SH,化学制品,周期,周期性行业,行业排除,,,,,,,,,,,
603506,南都物业,SH,房地产服务,周期,周期性行业,行业排除,,,,,,,,,,,
603507,振江股份,SH,风电设备,保留,,排除,9.693,-1667213944.38,0.883212,19.482578,1.215598,6.444047,0.0,,"fcf,interest_coverage","2016,2017,2018,2019,2020,2021,2022,2023,2024,2025","2021,2022,2023,2024,2025"
603508,思维列控,SH,计算机设备,保留,,排除,7.73,1514520796.54,,63.489274,0.706246,28.958651,0.0,,roe,"2016,2017,2018,2019,2020,2021,2022,2023,2024,2025","2021,2022,2023,2024,2025"
603511,爱慕股份,SH,服装家纺,保留,,数据不足,10.344444,1945325865.7,14.223328,66.256887,2.724754,,0.0,net_margin,,"2017,2018,2019,2020,2021,2022,2023,2024,2025","2021,2022,2023,2024,2025"
603515,欧普照明,SH,照明设备Ⅱ,保留,,通过,17.08,2834122886.49,,37.320405,0.954763,10.979533,0.0,,,"2016,2017,2018,2019,2020,2021,2022,2023,2024,2025","2021,2022,2023,2024,2025"
603516,淳中科技,SH,计算机设备,保留,,通过,15.54,248829257.82,,50.147345,2.011942,29.300221,0.0,,,"2016,2017,2018,2019,2020,2021,2022,2023,2024,2025","2021,2022,2023,2024,2025"
603517,ST绝味,SH,休闲食品,保留,,通过,14.047,2142719110.21,15.026663,28.447538,1.650449,8.998356,0.0,,,"2016,2017,2018,2019,2020,2021,2022,2023,2024,2025","2021,2022,2023,2024,2025"
603518,锦泓集团,SH,服装家纺,保留,,排除,4.518,2846514692.16,3.819818,68.905962,3.695639,4.070662,0.0,,"roe,net_margin","2016,2017,2018,2019,2020,2021,2022,2023,2024,2025","2021,2022,2023,2024,2025"
603519,立霸股份,SH,家电零部件Ⅱ,保留,,排除,20.384,595778498.56,,13.383397,0.640889,14.735349,0.0,,"gross_margin,ocf_ni","2016,2017,2018,2019,2020,2021,2022,2023,2024,2025","2021,2022,2023,2024,2025"
603520,司太立,SH,化学制药,保留,,排除,8.031,-1119916087.15,0.18777,25.151055,0.005923,7.697206,0.0,,"fcf,interest_coverage,ocf_ni","2016,2017,2018,2019,2020,2021,2022,2023,2024,2025","2021,2022,2023,2024,2025"
603527,众源新材,SH,工业金属,周期,周期性行业,行业排除,,,,,,,,,,,
603528,多伦科技,SH,软件开发,保留,,排除,3.695,192071607.2,-30.738415,36.246844,1.98219,4.920679,0.0,,"roe,interest_coverage,net_margin","2016,2017,2018,2019,2020,2021,2022,2023,2024,2025","2021,2022,2023,2024,2025"
603529,爱玛科技,SH,摩托车及其他,保留,,通过,28.328,6389003120.08,,16.141663,2.058857,6.431474,0.0,,,"2016,2017,2018,2019,2020,2021,2022,2023,2024,2025","2021,2022,2023,2024,2025"
603530,神马电力,SH,电网设备,保留,,排除,15.601,-132479759.78,,37.945195,0.148119,18.329096,0.0,,"fcf,ocf_ni","2016,2017,2018,2019,2020,2021,2022,2023,2024,2025","2021,2022,2023,2024,2025"
603533,掌阅科技,SH,数字媒体,保留,,排除,7.775,-229019961.59,,68.578541,2.533473,4.978353,0.0,,"roe,fcf,net_margin","2016,2017,2018,2019,2020,2021,2022,2023,2024,2025","2021,2022,2023,2024,2025"
603535,嘉诚国际,SH,物流,保留,,排除,8.799,-1403205581.66,0.728684,28.060748,1.80131,11.776885,0.0,,"fcf,interest_coverage","2016,2017,2018,2019,2020,2021,2022,2023,2024,2025","2021,2022,2023,2024,2025"
603536,惠发食品,SH,食品加工,保留,,排除,-2.984,65235524.8,-3.461193,16.527463,1.251737,-0.369542,0.0,,"roe,interest_coverage,net_margin","2016,2017,2018,2019,2020,2021,2022,2023,2024,2025","2021,2022,2023,2024,2025"
603538,美诺华,SH,化学制药,保留,,排除,8.185,-850721551.79,3.654554,35.183237,1.230974,10.542929,0.0,,fcf,"2016,2017,2018,2019,2020,2021,2022,2023,2024,2025","2021,2022,2023,2024,2025"
603551,奥普科技,SH,厨卫电器,保留,,通过,22.203,1579670576.94,,45.015775,2.682965,14.221744,0.0,,,"2016,2017,2018,2019,2020,2021,2022,2023,2024,2025","2021,2022,2023,2024,2025"
603556,海兴电力,SH,电网设备,保留,,通过,13.17,2438625787.94,,39.035731,0.841824,18.074961,0.0,,,"2016,2017,2018,2019,2020,2021,2022,2023,2024,2025","2021,2022,2023,2024,2025"
603557,*ST起步,SH,服装家纺,保留,,排除,-399.22067,-682212626.47,-12.699768,39.702742,0.52101,-51.272715,0.0,,"roe,fcf,interest_coverage,ocf_ni,net_margin","2016,2017,2018,2019,2020,2021,2022,2023,2024,2025","2021,2022,2023,2024,2025"
603558,健盛集团,SH,纺织制造,保留,,排除,6.826,738290527.61,223.945698,27.497576,1.359149,8.16468,0.0,,roe,"2016,2017,2018,2019,2020,2021,2022,2023,2024,2025","2021,2022,2023,2024,2025"
603559,中通国脉,SH,通信服务,保留,,排除,-23.857778,-619208261.09,,3.644692,0.378622,-29.739922,0.0,,"roe,fcf,gross_margin,ocf_ni,net_margin","2016,2017,2018,2019,2020,2021,2022,2023,2024,2025","2021,2022,2023,2024,2025"
603565,中谷物流,SH,航运港口,周期,周期性行业,行业排除,,,,,,,,,,,
603566,普莱柯,SH,动物保健Ⅱ,保留,,通过,8.883,173015074.96,,62.003203,1.734808,19.276732,0.0,,,"2016,2017,2018,2019,2020,2021,2022,2023,2024,2025","2021,2022,2023,2024,2025"
603567,珍宝岛,SH,中药Ⅱ,保留,,排除,5.07302,-1958287171.92,-15.230152,29.016859,-0.78826,-4.788715,0.0,,"roe,fcf,interest_coverage,ocf_ni,net_margin","2016,2017,2018,2019,2020,2021,2022,2023,2024,2025","2021,2022,2023,2024,2025"
603568,伟明环保,SH,环境治理,保留,,排除,22.739,-661207580.48,9.51881,48.925423,1.106079,41.435003,0.0,,fcf,"2016,2017,2018,2019,2020,2021,2022,2023,2024,2025","2021,2022,2023,2024,2025"
603569,长久物流,SH,物流,保留,,排除,8.12,790962777.5,-1.051389,9.775604,2.440505,3.256109,0.0,,"interest_coverage,gross_margin,net_margin","2016,2017,2018,2019,2020,2021,2022,2023,2024,2025","2021,2022,2023,2024,2025"
603577,汇金通,SH,电网设备,保留,,排除,5.71216,-886725596.85,1.409926,12.739484,0.244513,3.78535,0.0,,"roe,fcf,interest_coverage,gross_margin,ocf_ni,net_margin","2016,2017,2018,2019,2020,2021,2022,2023,2024,2025","2021,2022,2023,2024,2025"
603578,三星新材,SH,家电零部件Ⅱ,保留,,排除,7.724,-1047163105.57,-2.812736,18.333255,-0.621045,10.804565,0.0,,"roe,fcf,interest_coverage,ocf_ni","2016,2017,2018,2019,2020,2021,2022,2023,2024,2025","2021,2022,2023,2024,2025"
603579,荣泰健康,SH,其他家电Ⅱ,保留,,通过,17.254,667249637.74,10.245925,29.262887,1.321169,11.030165,0.0,,,"2016,2017,2018,2019,2020,2021,2022,2023,2024,2025","2021,2022,2023,2024,2025"
603580,艾艾精工,SH,塑料,保留,,排除,6.555,-150778235.05,,32.154047,-0.47427,11.385885,0.0,,"roe,fcf,ocf_ni","2016,2017,2018,2019,2020,2021,2022,2023,2024,2025","2021,2022,2023,2024,2025"
603583,捷昌驱动,SH,自动化设备,保留,,排除,17.144,-133434078.17,,28.352483,1.595673,15.832505,0.0,,fcf,"2016,2017,2018,2019,2020,2021,2022,2023,2024,2025","2021,2022,2023,2024,2025"
603585,苏利股份,SH,农化制品,保留,,排除,11.848,-1385704057.63,3.911494,18.769536,3.907787,10.382294,0.0,,fcf,"2016,2017,2018,2019,2020,2021,2022,2023,2024,2025","2021,2022,2023,2024,2025"
603586,金麒麟,SH,汽车零部件,周期,周期性行业,行业排除,,,,,,,,,,,
603587,地素时尚,SH,服装家纺,保留,,通过,22.082,2760824672.82,,75.230783,1.432359,21.591775,0.0,,,"2016,2017,2018,2019,2020,2021,2022,2023,2024,2025","2021,2022,2023,2024,2025"
603588,高能环境,SH,环境治理,保留,,排除,10.341,-6197142359.3,2.553109,19.909818,0.256114,7.408427,0.0,,"fcf,ocf_ni","2016,2017,2018,2019,2020,2021,2022,2023,2024,2025","2021,2022,2023,2024,2025"
603589,口子窖,SH,白酒Ⅱ,保留,,排除,19.785,1882686756.6,,73.389795,0.415862,30.091808,0.0,,ocf_ni,"2016,2017,2018,2019,2020,2021,2022,2023,2024,2025","2021,2022,2023,2024,2025"
603590,康辰药业,SH,生物制品,保留,,通过,11.925,158534623.64,83.202582,88.177109,1.552114,27.947697,0.0,,,"2016,2017,2018,2019,2020,2021,2022,2023,2024,2025","2021,2022,2023,2024,2025"
603595,ST东尼,SH,消费电子,保留,,排除,3.752,-1927958399.83,-1.357488,19.124022,14.140952,1.00748,0.0,,"roe,fcf,interest_coverage,net_margin","2016,2017,2018,2019,2020,2021,2022,2023,2024,2025","2021,2022,2023,2024,2025"
603596,伯特利,SH,汽车零部件,周期,周期性行业,行业排除,,,,,,,,,,,
603598,引力传媒,SH,广告营销,保留,,排除,-7.769,38281587.08,1.028712,4.317083,3.110058,-0.406212,0.0,,"roe,interest_coverage,gross_margin,net_margin","2016,2017,2018,2019,2020,2021,2022,2023,2024,2025","2021,2022,2023,2024,2025"
603599,广信股份,SH,农化制品,保留,,通过,13.541,4274980810.35,,36.939546,0.801891,18.857046,0.0,,,"2016,2017,2018,2019,2020,2021,2022,2023,2024,2025","2021,2022,2023,2024,2025"
603600,永艺股份,SH,家居用品,保留,,通过,15.232,511607436.3,22.160943,19.787339,1.38767,6.408178,0.0,,,"2016,2017,2018,2019,2020,2021,2022,2023,2024,2025","2021,2022,2023,2024,2025"
603601,再升科技,SH,专业工程,周期,周期性行业,行业排除,,,,,,,,,,,
603602,纵横通信,SH,广告营销,保留,,排除,4.179,-679277671.8,-5.099898,13.971182,0.655127,3.353392,0.0,,"roe,fcf,interest_coverage,gross_margin,ocf_ni,net_margin","2016,2017,2018,2019,2020,2021,2022,2023,2024,2025","2021,2022,2023,2024,2025"
603605,珀莱雅,SH,化妆品,保留,,通过,25.75,5695964471.67,,70.148018,1.241461,12.531931,0.0,,,"2016,2017,2018,2019,2020,2021,2022,2023,2024,2025","2021,2022,2023,2024,2025"
603606,东方电缆,SH,电网设备,保留,,通过,17.772,2282964476.51,,22.773444,1.02025,10.438749,0.0,,,"2016,2017,2018,2019,2020,2021,2022,2023,2024,2025","2021,2022,2023,2024,2025"
603607,京华激光,SH,包装印刷,保留,,通过,14.011,426201372.94,140.235662,30.334258,1.094418,14.217012,0.0,,,"2016,2017,2018,2019,2020,2021,2022,2023,2024,2025","2021,2022,2023,2024,2025"
603608,天创时尚,SH,服装家纺,保留,,排除,-0.716,57429725.0,1.705876,59.830039,1.529169,-1.121839,0.0,,"roe,interest_coverage,net_margin","2016,2017,2018,2019,2020,2021,2022,2023,2024,2025","2021,2022,2023,2024,2025"
603609,禾丰股份,SH,饲料,保留,,排除,9.817,-251067482.42,0.65595,5.508436,3.444041,2.436069,0.0,,"fcf,interest_coverage,gross_margin,net_margin","2016,2017,2018,2019,2020,2021,2022,2023,2024,2025","2021,2022,2023,2024,2025"
603610,麒盛科技,SH,家居用品,保留,,通过,15.654,56225008.1,8.220021,34.357952,5.538307,7.86202,0.0,,,"2016,2017,2018,2019,2020,2021,2022,2023,2024,2025","2021,2022,2023,2024,2025"
603611,诺力股份,SH,工程机械,周期,周期性行业,行业排除,,,,,,,,,,,
603612,索通发展,SH,非金属材料Ⅱ,保留,,排除,9.58,-3039788581.15,5.395444,11.030509,-0.41362,4.556592,0.0,,"fcf,gross_margin,ocf_ni,net_margin","2016,2017,2018,2019,2020,2021,2022,2023,2024,2025","2021,2022,2023,2024,2025"
603613,国联股份,SH,互联网电商,保留,,排除,20.524,2312120103.1,13.423549,5.254745,0.56643,2.486119,0.0,,"gross_margin,ocf_ni,net_margin","2016,2017,2018,2019,2020,2021,2022,2023,2024,2025","2021,2022,2023,2024,2025"
603615,茶花股份,SH,家居用品,保留,,排除,2.701,-147435702.48,,19.831429,-8.225535,3.945974,0.0,,"roe,fcf,ocf_ni,net_margin","2016,2017,2018,2019,2020,2021,2022,2023,2024,2025","2021,2022,2023,2024,2025"
603616,韩建河山,SH,水泥,周期,周期性行业,行业排除,,,,,,,,,,,
603617,君禾股份,SH,通用设备,保留,,排除,11.258,-502478213.54,,22.196499,1.968564,8.941753,0.0,,fcf,"2016,2017,2018,2019,2020,2021,2022,2023,2024,2025","2021,2022,2023,2024,2025"
603618,杭电股份,SH,电网设备,保留,,排除,3.232,-1773481836.61,-1.767772,13.360703,-1.13157,1.545961,0.0,,"roe,fcf,interest_coverage,gross_margin,ocf_ni,net_margin","2016,2017,2018,2019,2020,2021,2022,2023,2024,2025","2021,2022,2023,2024,2025"
603619,中曼石油,SH,油服工程,保留,,通过,12.798,198050007.83,4.28577,42.947705,2.969074,9.070878,0.0,,,"2016,2017,2018,2019,2020,2021,2022,2023,2024,2025","2021,2022,2023,2024,2025"
603626,科森科技,SH,消费电子,保留,,排除,1.956,159415248.0,-8.105262,11.759699,1.255184,-0.482557,0.0,,"roe,interest_coverage,gross_margin,net_margin","2016,2017,2018,2019,2020,2021,2022,2023,2024,2025","2021,2022,2023,2024,2025"
603628,清源股份,SH,光伏设备,保留,,排除,6.185,-324879932.03,19.568932,21.742274,0.394662,4.85961,0.0,,"roe,fcf,ocf_ni,net_margin","2016,2017,2018,2019,2020,2021,2022,2023,2024,2025","2021,2022,2023,2024,2025"
603629,利通电子,SH,消费电子,保留,,排除,11.122,-129944459.63,4.591963,18.251212,5.626385,4.236681,0.0,,"fcf,net_margin","2016,2017,2018,2019,2020,2021,2022,2023,2024,2025","2021,2022,2023,2024,2025"
603630,拉芳家化,SH,化妆品,保留,,排除,5.637,113028708.35,,49.208675,1.185656,7.995786,0.0,,roe,"2016,2017,2018,2019,2020,2021,2022,2023,2024,2025","2021,2022,2023,2024,2025"
603633,徕木股份,SH,消费电子,保留,,排除,4.269,-1578474561.31,-3.838513,22.815426,1.27091,7.109078,0.0,,"roe,fcf,interest_coverage","2016,2017,2018,2019,2020,2021,2022,2023,2024,2025","2021,2022,2023,2024,2025"
603636,南威软件,SH,IT服务Ⅱ,保留,,排除,2.779,-547821040.01,-20.313694,29.459899,-1.218714,-0.432273,0.0,,"roe,fcf,interest_coverage,ocf_ni,net_margin","2016,2017,2018,2019,2020,2021,2022,2023,2024,2025","2021,2022,2023,2024,2025"
603637,镇海股份,SH,专业工程,周期,周期性行业,行业排除,,,,,,,,,,,
603638,艾迪精密,SH,工程机械,周期,周期性行业,行业排除,,,,,,,,,,,
603639,海利尔,SH,农化制品,保留,,通过,15.244,503641039.11,14.556204,27.218432,1.670112,11.645669,0.0,,,"2016,2017,2018,2019,2020,2021,2022,2023,2024,2025","2021,2022,2023,2024,2025"
603648,畅联股份,SH,物流,保留,,通过,9.174,938436151.87,18.654121,19.940347,2.021039,9.63259,0.0,,,"2016,2017,2018,2019,2020,2021,2022,2023,2024,2025","2021,2022,2023,2024,2025"
603650,彤程新材,SH,橡胶,保留,,排除,18.641,-587930357.81,6.94459,24.298522,0.584737,15.774307,0.0,,"fcf,ocf_ni","2016,2017,2018,2019,2020,2021,2022,2023,2024,2025","2021,2022,2023,2024,2025"
603655,朗博科技,SH,汽车零部件,周期,周期性行业,行业排除,,,,,,,,,,,
603656,泰禾智能,SH,专用设备,保留,,排除,6.84,-128864873.45,25.879326,40.929879,2.654163,11.310942,0.0,,"roe,fcf","2016,2017,2018,2019,2020,2021,2022,2023,2024,2025","2021,2022,2023,2024,2025"
603657,春光科技,SH,家电零部件Ⅱ,保留,,排除,12.544,-201405362.08,-0.833115,13.878151,-0.44933,10.555499,0.0,,"fcf,interest_coverage,gross_margin,ocf_ni","2016,2017,2018,2019,2020,2021,2022,2023,2024,2025","2021,2022,2023,2024,2025"
603658,安图生物,SH,医疗器械,保留,,通过,21.993,2967189183.57,129.667624,63.055776,1.279075,28.225184,0.0,,,"2016,2017,2018,2019,2020,2021,2022,2023,2024,2025","2021,2022,2023,2024,2025"
603659,璞泰来,SH,电池,保留,,排除,21.07,-5121968536.18,26.355846,32.670253,1.020134,16.113453,0.0,,fcf,"2016,2017,2018,2019,2020,2021,2022,2023,2024,2025","2021,2022,2023,2024,2025"
603660,苏州科达,SH,计算机设备,保留,,排除,-5.416,-495200653.69,-29.194289,57.045296,-0.246416,-6.453365,0.0,,"roe,fcf,interest_coverage,ocf_ni,net_margin","2016,2017,2018,2019,2020,2021,2022,2023,2024,2025","2021,2022,2023,2024,2025"
603661,恒林股份,SH,家居用品,保留,,通过,14.54,1380270855.97,2.642223,21.04998,2.622039,6.581096,0.0,,,"2016,2017,2018,2019,2020,2021,2022,2023,2024,2025","2021,2022,2023,2024,2025"
603662,柯力传感,SH,通用设备,保留,,通过,12.104,451519355.55,29.265902,41.908356,0.776553,22.080351,0.0,,,"2016,2017,2018,2019,2020,2021,2022,2023,2024,2025","2021,2022,2023,2024,2025"
603663,三祥新材,SH,化学原料,周期,周期性行业,行业排除,,,,,,,,,,,
603665,康隆达,SH,服装家纺,保留,,排除,0.236,-421907885.48,0.558903,20.911424,0.342278,0.456935,0.0,,"roe,fcf,interest_coverage,ocf_ni,net_margin","2016,2017,2018,2019,2020,2021,2022,2023,2024,2025","2021,2022,2023,2024,2025"
603666,亿嘉和,SH,自动化设备,保留,,排除,17.185,-479065469.33,-12.878562,39.70341,-2.296137,14.017197,0.0,,"fcf,interest_coverage,ocf_ni","2016,2017,2018,2019,2020,2021,2022,2023,2024,2025","2021,2022,2023,2024,2025"
603667,五洲新春,SH,通用设备,保留,,排除,6.265,-8738987.24,4.500931,17.953261,1.720674,5.319537,0.0,,"roe,fcf","2016,2017,2018,2019,2020,2021,2022,2023,2024,2025","2021,2022,2023,2024,2025"
603668,天马科技,SH,饲料,保留,,排除,4.655,-2318840648.05,-0.888424,9.0928,4.126443,2.441509,0.0,,"roe,fcf,interest_coverage,gross_margin,net_margin","2016,2017,2018,2019,2020,2021,2022,2023,2024,2025","2021,2022,2023,2024,2025"
603669,灵康药业,SH,化学制药,保留,,排除,-0.175,-351799961.81,-3.123869,56.890185,0.814847,-14.268286,0.0,,"roe,fcf,interest_coverage,net_margin","2016,2017,2018,2019,2020,2021,2022,2023,2024,2025","2021,2022,2023,2024,2025"
603676,卫信康,SH,化学制药,保留,,通过,13.74,870073166.24,,54.140062,1.321681,15.41839,0.0,,,"2016,2017,2018,2019,2020,2021,2022,2023,2024,2025","2021,2022,2023,2024,2025"
603677,奇精机械,SH,家电零部件Ⅱ,保留,,排除,8.443,15394882.62,6.540758,13.401244,1.795463,4.702646,0.0,,"gross_margin,net_margin","2016,2017,2018,2019,2020,2021,2022,2023,2024,2025","2021,2022,2023,2024,2025"
603678,火炬电子,SH,军工电子Ⅱ,保留,,通过,11.911,629134435.09,19.534251,33.370388,1.425596,13.989303,0.0,,,"2016,2017,2018,2019,2020,2021,2022,2023,2024,2025","2021,2022,2023,2024,2025"
603679,华体科技,SH,光学光电子,保留,,排除,3.45546,-226164634.1,-11.930782,18.692896,0.068026,-0.319217,0.0,,"roe,fcf,interest_coverage,ocf_ni,net_margin","2016,2017,2018,2019,2020,2021,2022,2023,2024,2025","2021,2022,2023,2024,2025"
603680,今创集团,SH,轨交设备Ⅱ,保留,,通过,13.072,1298073113.62,19.727555,26.346593,1.031846,12.302425,0.0,,,"2016,2017,2018,2019,2020,2021,2022,2023,2024,2025","2021,2022,2023,2024,2025"
603681,永冠新材,SH,化学制品,周期,周期性行业,行业排除,,,,,,,,,,,
603682,锦和商管,SH,一般零售,保留,,排除,12.316,2745242638.86,-1.40462,31.679749,11.971181,12.540436,0.0,,interest_coverage,"2016,2017,2018,2019,2020,2021,2022,2023,2024,2025","2021,2022,2023,2024,2025"
603683,晶华新材,SH,化学制品,周期,周期性行业,行业排除,,,,,,,,,,,
603685,晨丰科技,SH,光学光电子,保留,,排除,10.486,-371949233.17,0.221148,15.131327,7.061334,7.326495,0.0,,"fcf,interest_coverage","2016,2017,2018,2019,2020,2021,2022,2023,2024,2025","2021,2022,2023,2024,2025"
603686,福龙马,SH,环境治理,保留,,排除,11.323,-108896832.21,14.363695,22.133847,1.630357,6.101039,0.0,,fcf,"2016,2017,2018,2019,2020,2021,2022,2023,2024,2025","2021,2022,2023,2024,2025"
603687,大胜达,SH,包装印刷,保留,,通过,9.068,203620246.76,,16.514614,2.575329,8.189664,0.0,,,"2016,2017,2018,2019,2020,2021,2022,2023,2024,2025","2021,2022,2023,2024,2025"
603688,石英股份,SH,非金属材料Ⅱ,保留,,排除,20.161,4435575213.26,122.029512,56.413107,0.69518,30.97586,0.0,,ocf_ni,"2016,2017,2018,2019,2020,2021,2022,2023,2024,2025","2021,2022,2023,2024,2025"
603689,皖天然气,SH,燃气Ⅱ,保留,,排除,9.442,-360282359.56,7.802209,10.553171,1.7356,5.051035,0.0,,"fcf,gross_margin","2016,2017,2018,2019,2020,2021,2022,2023,2024,2025","2021,2022,2023,2024,2025"
603690,至纯科技,SH,半导体,保留,,排除,5.977,-5941376213.64,-2.980917,31.904702,-0.860856,6.020633,0.0,,"roe,fcf,interest_coverage,ocf_ni","2016,2017,2018,2019,2020,2021,2022,2023,2024,2025","2021,2022,2023,2024,2025"
603693,江苏新能,SH,电力,保留,,排除,7.269,542993874.57,3.552648,50.116462,2.38161,20.511633,0.0,,roe,"2016,2017,2018,2019,2020,2021,2022,2023,2024,2025","2021,2022,2023,2024,2025"
603696,安记食品,SH,调味发酵品Ⅱ,保留,,排除,6.093,144309433.76,,18.02098,1.498391,9.349097,0.0,,roe,"2016,2017,2018,2019,2020,2021,2022,2023,2024,2025","2021,2022,2023,2024,2025"
603697,有友食品,SH,休闲食品,保留,,通过,15.055,862948760.61,,29.452464,1.200734,15.868278,0.0,,,"2016,2017,2018,2019,2020,2021,2022,2023,2024,2025","2021,2022,2023,2024,2025"
603698,航天工程,SH,专用设备,保留,,排除,6.425,99263419.06,78.295716,19.242121,1.826503,9.022075,0.0,,roe,"2016,2017,2018,2019,2020,2021,2022,2023,2024,2025","2021,2022,2023,2024,2025"
603699,纽威股份,SH,通用设备,保留,,通过,17.602,4075787745.01,93.098125,33.364569,1.250869,13.190869,0.0,,,"2016,2017,2018,2019,2020,2021,2022,2023,2024,2025","2021,2022,2023,2024,2025"
603700,宁水集团,SH,通用设备,保留,,通过,18.249,101413882.11,,24.79194,1.135695,11.47364,0.0,,,"2016,2017,2018,2019,2020,2021,2022,2023,2024,2025","2021,2022,2023,2024,2025"
603701,德宏股份,SH,汽车零部件,周期,周期性行业,行业排除,,,,,,,,,,,
603703,盛洋科技,SH,光学光电子,保留,,排除,-1.247,-224223707.68,-0.991739,23.906585,7.195061,-0.998095,0.0,,"roe,fcf,interest_coverage,net_margin","2016,2017,2018,2019,2020,2021,2022,2023,2024,2025","2021,2022,2023,2024,2025"
603706,东方环宇,SH,燃气Ⅱ,保留,,通过,14.021,1264938726.47,,26.754511,1.943779,20.113942,0.0,,,"2016,2017,2018,2019,2020,2021,2022,2023,2024,2025","2021,2022,2023,2024,2025"
603707,健友股份,SH,化学制药,保留,,排除,16.963,3185388615.33,5.646926,48.018903,-0.700916,23.848778,0.0,,ocf_ni,"2016,2017,2018,2019,2020,2021,2022,2023,2024,2025","2021,2022,2023,2024,2025"
603708,家家悦,SH,一般零售,保留,,排除,9.368,3840626589.16,1.649133,23.506023,9.18906,1.526817,0.0,,"interest_coverage,net_margin","2016,2017,2018,2019,2020,2021,2022,2023,2024,2025","2021,2022,2023,2024,2025"
603709,中源家居,SH,家居用品,保留,,排除,13.102,-332044050.23,-2.758433,19.603055,0.00152,2.937652,0.0,,"fcf,interest_coverage,ocf_ni,net_margin","2016,2017,2018,2019,2020,2021,2022,2023,2024,2025","2021,2022,2023,2024,2025"
603711,香飘飘,SH,饮料乳品,保留,,通过,11.985,1267602311.12,,36.079384,2.03155,8.116631,0.0,,,"2016,2017,2018,2019,2020,2021,2022,2023,2024,2025","2021,2022,2023,2024,2025"
603712,七一二,SH,军工电子Ⅱ,保留,,排除,10.086,-675065154.37,-19.270997,39.990928,0.35864,9.225642,0.0,,"fcf,interest_coverage,ocf_ni","2016,2017,2018,2019,2020,2021,2022,2023,2024,2025","2021,2022,2023,2024,2025"
603713,密尔克卫,SH,物流,保留,,排除,14.124,-24697934.21,5.108615,11.173189,1.033287,6.038897,0.0,,"fcf,gross_margin","2016,2017,2018,2019,2020,2021,2022,2023,2024,2025","2021,2022,2023,2024,2025"
603716,塞力医疗,SH,医药商业,保留,,排除,-3.524,-102258395.53,-4.778244,20.231583,0.285294,-1.020302,0.0,,"roe,fcf,interest_coverage,ocf_ni,net_margin","2016,2017,2018,2019,2020,2021,2022,2023,2024,2025","2021,2022,2023,2024,2025"
603717,天域生物,SH,基础建设,周期,周期性行业,行业排除,,,,,,,,,,,
603718,*ST海利,SH,医疗器械,保留,,排除,3.597,347480084.57,,59.701412,0.633652,5.809977,0.0,,"roe,ocf_ni","2016,2017,2018,2019,2020,2021,2022,2023,2024,2025","2021,2022,2023,2024,2025"
603719,良品铺子,SH,休闲食品,保留,,排除,13.666,1265073078.32,-16.999557,26.612442,1.190775,2.09984,0.0,,"interest_coverage,net_margin","2016,2017,2018,2019,2020,2021,2022,2023,2024,2025","2021,2022,2023,2024,2025"
603721,中广天择,SH,影视院线,保留,,排除,4.097,12065570.49,,23.768382,1.203298,4.90178,0.0,,"roe,net_margin","2016,2017,2018,2019,2020,2021,2022,2023,2024,2025","2021,2022,2023,2024,2025"
603722,阿科力,SH,化学制品,周期,周期性行业,行业排除,,,,,,,,,,,
603725,天安新材,SH,家居用品,保留,,排除,5.238,923787405.61,3.181681,22.009243,-0.208473,2.621364,0.0,,"roe,ocf_ni,net_margin","2016,2017,2018,2019,2020,2021,2022,2023,2024,2025","2021,2022,2023,2024,2025"
603726,朗迪集团,SH,家电零部件Ⅱ,保留,,通过,12.082,580975962.31,22.940187,20.821209,1.054251,7.803419,0.0,,,"2016,2017,2018,2019,2020,2021,2022,2023,2024,2025","2021,2022,2023,2024,2025"
603727,博迈科,SH,油服工程,保留,,排除,4.209,350733732.63,,13.323256,-0.101792,4.953155,0.0,,"roe,gross_margin,ocf_ni,net_margin","2016,2017,2018,2019,2020,2021,2022,2023,2024,2025","2021,2022,2023,2024,2025"
603728,鸣志电器,SH,电机Ⅱ,保留,,排除,9.503,-345714842.94,6.213091,37.423112,1.806401,7.681419,0.0,,fcf,"2016,2017,2018,2019,2020,2021,2022,2023,2024,2025","2021,2022,2023,2024,2025"
603729,ST龙韵,SH,广告营销,保留,,排除,-7.78,44112256.23,-14.03003,9.664659,-0.487587,-10.05031,0.0,,"roe,interest_coverage,gross_margin,ocf_ni,net_margin","2016,2017,2018,2019,2020,2021,2022,2023,2024,2025","2021,2022,2023,2024,2025"
603730,岱美股份,SH,汽车零部件,周期,周期性行业,行业排除,,,,,,,,,,,
603733,仙鹤股份,SH,造纸,保留,,排除,13.426,-9956843496.14,3.137788,14.453289,0.362697,10.614436,0.0,,"fcf,gross_margin,ocf_ni","2016,2017,2018,2019,2020,2021,2022,2023,2024,2025","2021,2022,2023,2024,2025"
603737,三棵树,SH,装修建材,保留,,豁免B通过,14.407,356581618.85,8.475149,29.9684,3.060355,4.228313,0.0,,net_margin,"2016,2017,2018,2019,2020,2021,2022,2023,2024,2025","2021,2022,2023,2024,2025"
603738,泰晶科技,SH,元件,保留,,通过,8.644,463838818.26,,29.246736,1.900681,11.120188,0.0,,,"2016,2017,2018,2019,2020,2021,2022,2023,2024,2025","2021,2022,2023,2024,2025"
603739,蔚蓝生物,SH,化学制品,周期,周期性行业,行业排除,,,,,,,,,,,
603755,日辰股份,SH,调味发酵品Ⅱ,保留,,排除,19.436,-230855328.97,61.375107,39.583754,1.121423,22.770058,0.0,,fcf,"2016,2017,2018,2019,2020,2021,2022,2023,2024,2025","2021,2022,2023,2024,2025"
603757,大元泵业,SH,通用设备,保留,,通过,19.867,202775197.05,15.901491,28.295135,1.174013,13.869698,0.0,,,"2016,2017,2018,2019,2020,2021,2022,2023,2024,2025","2021,2022,2023,2024,2025"
603758,秦安股份,SH,汽车零部件,周期,周期性行业,行业排除,,,,,,,,,,,
603759,海天股份,SH,环境治理,保留,,排除,11.235,-346055335.78,1.564837,41.68506,1.211333,16.620239,0.0,,"fcf,interest_coverage","2016,2017,2018,2019,2020,2021,2022,2023,2024,2025","2021,2022,2023,2024,2025"
603766,隆鑫通用,SH,摩托车及其他,保留,,通过,11.161,7056974109.63,,17.249261,2.660108,6.491576,0.0,,,"2016,2017,2018,2019,2020,2021,2022,2023,2024,2025","2021,2022,2023,2024,2025"
603767,中马传动,SH,汽车零部件,周期,周期性行业,行业排除,,,,,,,,,,,
603768,常青股份,SH,汽车零部件,周期,周期性行业,行业排除,,,,,,,,,,,
603773,沃格光电,SH,光学光电子,保留,,排除,1.642,-1115787691.06,-1.906867,19.721072,-8.573406,5.234192,0.0,,"roe,fcf,interest_coverage,ocf_ni","2016,2017,2018,2019,2020,2021,2022,2023,2024,2025","2021,2022,2023,2024,2025"
603776,永安行,SH,摩托车及其他,保留,,排除,10.645,184626965.34,-13.210509,10.348431,-0.519776,8.980564,0.0,,"interest_coverage,gross_margin,ocf_ni","2016,2017,2018,2019,2020,2021,2022,2023,2024,2025","2021,2022,2023,2024,2025"
603777,来伊份,SH,休闲食品,保留,,排除,1.116,1631803816.91,-6.193606,39.704054,5.209383,0.388804,0.0,,"roe,interest_coverage,net_margin","2016,2017,2018,2019,2020,2021,2022,2023,2024,2025","2021,2022,2023,2024,2025"
603778,国晟科技,SH,光伏设备,保留,,排除,-13.726,-904547887.09,-20.426271,1.411528,-0.134038,-28.194873,0.0,,"roe,fcf,interest_coverage,gross_margin,ocf_ni,net_margin","2016,2017,2018,2019,2020,2021,2022,2023,2024,2025","2021,2022,2023,2024,2025"
603779,威龙股份,SH,非白酒,保留,,排除,-5.778,133778106.4,-1.378855,49.13674,1.363226,-17.849372,0.0,,"roe,interest_coverage,net_margin","2016,2017,2018,2019,2020,2021,2022,2023,2024,2025","2021,2022,2023,2024,2025"
603786,科博达,SH,汽车零部件,周期,周期性行业,行业排除,,,,,,,,,,,
603787,新日股份,SH,摩托车及其他,保留,,排除,7.901,-475480538.57,,13.986711,6.83511,2.133022,0.0,,"roe,fcf,gross_margin,net_margin","2016,2017,2018,2019,2020,2021,2022,2023,2024,2025","2021,2022,2023,2024,2025"
603788,宁波高发,SH,汽车零部件,周期,周期性行业,行业排除,,,,,,,,,,,
603789,ST星农,SH,专用设备,保留,,排除,-20.427,-362406626.05,-5.142058,-2.925332,0.186366,-33.596073,0.0,,"roe,fcf,interest_coverage,gross_margin,ocf_ni,net_margin","2016,2017,2018,2019,2020,2021,2022,2023,2024,2025","2021,2022,2023,2024,2025"
603790,雅运股份,SH,化学制品,周期,周期性行业,行业排除,,,,,,,,,,,
603797,联泰环保,SH,环境治理,保留,,排除,9.4,-588372936.22,0.847063,57.24108,1.227746,27.540093,0.0,,"fcf,interest_coverage","2016,2017,2018,2019,2020,2021,2022,2023,2024,2025","2021,2022,2023,2024,2025"
603798,康普顿,SH,炼化及贸易,保留,,通过,8.92,420197768.03,,21.309796,1.636768,8.523827,0.0,,,"2016,2017,2018,2019,2020,2021,2022,2023,2024,2025","2021,2022,2023,2024,2025"
603799,华友钴业,SH,能源金属,周期,周期性行业,行业排除,,,,,,,,,,,
603800,洪田股份,SH,专用设备,保留,,排除,6.271,-362741717.33,1.132168,20.711695,3.055091,2.666173,0.0,,"roe,fcf,interest_coverage,net_margin","2016,2017,2018,2019,2020,2021,2022,2023,2024,2025","2021,2022,2023,2024,2025"
603801,志邦家居,SH,家居用品,保留,,通过,18.066,699332292.73,15.00903,36.096049,1.005677,9.635719,0.0,,,"2016,2017,2018,2019,2020,2021,2022,2023,2024,2025","2021,2022,2023,2024,2025"
603803,瑞斯康达,SH,通信设备,保留,,排除,-0.914,-5751749.73,-9.423083,40.547776,0.410852,-2.21523,0.0,,"roe,fcf,interest_coverage,ocf_ni,net_margin","2016,2017,2018,2019,2020,2021,2022,2023,2024,2025","2021,2022,2023,2024,2025"
603806,福斯特,SH,光伏设备,保留,,通过,14.113,2769167845.97,36.616719,16.202536,1.03835,12.892113,0.0,,,"2016,2017,2018,2019,2020,2021,2022,2023,2024,2025","2021,2022,2023,2024,2025"
603808,歌力思,SH,服装家纺,保留,,通过,9.269,1605060356.89,,66.578044,4.606668,9.643686,0.0,,,"2016,2017,2018,2019,2020,2021,2022,2023,2024,2025","2021,2022,2023,2024,2025"
603809,豪能股份,SH,汽车零部件,周期,周期性行业,行业排除,,,,,,,,,,,
603810,丰山集团,SH,农化制品,保留,,排除,9.368,-218572371.22,2.460691,13.844728,-0.883628,5.547685,0.0,,"fcf,gross_margin,ocf_ni","2016,2017,2018,2019,2020,2021,2022,2023,2024,2025","2021,2022,2023,2024,2025"
603811,诚意药业,SH,化学制药,保留,,通过,17.402,427205419.63,56.014999,68.561645,1.104963,22.60099,0.0,,,"2016,2017,2018,2019,2020,2021,2022,2023,2024,2025","2021,2022,2023,2024,2025"
603813,原尚股份,SH,物流,保留,,排除,0.966,38693518.72,-2.641698,18.784266,0.132154,-2.138894,0.0,,"roe,interest_coverage,ocf_ni,net_margin","2016,2017,2018,2019,2020,2021,2022,2023,2024,2025","2021,2022,2023,2024,2025"
603815,交建股份,SH,基础建设,周期,周期性行业,行业排除,,,,,,,,,,,
603816,顾家家居,SH,家居用品,保留,,通过,21.727,5271388229.34,1599.84645,31.571498,1.443105,9.842877,0.0,,,"2016,2017,2018,2019,2020,2021,2022,2023,2024,2025","2021,2022,2023,2024,2025"
603817,海峡环保,SH,环境治理,保留,,排除,7.505,-714100349.05,3.352494,40.317925,1.033859,19.544939,0.0,,"roe,fcf","2016,2017,2018,2019,2020,2021,2022,2023,2024,2025","2021,2022,2023,2024,2025"
603818,曲美家居,SH,家居用品,保留,,排除,1.94,2331199688.38,-0.669609,34.35109,0.761908,1.291222,0.0,,"roe,interest_coverage,net_margin","2016,2017,2018,2019,2020,2021,2022,2023,2024,2025","2021,2022,2023,2024,2025"
603819,神力股份,SH,电机Ⅱ,保留,,排除,4.643,1727758.97,1.423404,8.719028,-1.524684,3.627212,0.0,,"roe,interest_coverage,gross_margin,ocf_ni,net_margin","2016,2017,2018,2019,2020,2021,2022,2023,2024,2025","2021,2022,2023,2024,2025"
603822,ST嘉澳,SH,化学制品,周期,周期性行业,行业排除,,,,,,,,,,,
603823,百合花,SH,化学制品,周期,周期性行业,行业排除,,,,,,,,,,,
603825,ST华扬,SH,广告营销,保留,,排除,-72.954,465331199.88,-9.511824,10.026586,0.301155,-8.368623,0.0,,"roe,interest_coverage,gross_margin,ocf_ni,net_margin","2016,2017,2018,2019,2020,2021,2022,2023,2024,2025","2021,2022,2023,2024,2025"
603826,坤彩科技,SH,非金属材料Ⅱ,保留,,排除,8.828,-1737850607.52,-2.283454,33.909523,-0.414771,16.050884,0.0,,"fcf,interest_coverage,ocf_ni","2016,2017,2018,2019,2020,2021,2022,2023,2024,2025","2021,2022,2023,2024,2025"
603828,*ST利达,SH,装修装饰Ⅱ,保留,,排除,-9.107,-663113194.55,-4.419452,7.139867,8.128771,-4.017222,0.0,,"roe,fcf,interest_coverage,gross_margin,net_margin","2016,2017,2018,2019,2020,2021,2022,2023,2024,2025","2021,2022,2023,2024,2025"
603829,洛凯股份,SH,电网设备,保留,,通过,10.666,114679051.48,15.600308,21.275353,1.03778,7.415475,0.0,,,"2016,2017,2018,2019,2020,2021,2022,2023,2024,2025","2021,2022,2023,2024,2025"
603833,欧派家居,SH,家居用品,保留,,通过,20.845,12591310396.11,,33.906266,1.567647,13.158814,0.0,,,"2016,2017,2018,2019,2020,2021,2022,2023,2024,2025","2021,2022,2023,2024,2025"
603836,海程邦达,SH,物流,保留,,排除,16.463333,1228564108.49,2.341374,7.634688,2.407353,,0.0,net_margin,gross_margin,"2017,2018,2019,2020,2021,2022,2023,2024,2025","2021,2022,2023,2024,2025"
603838,*ST四通,SH,家居用品,保留,,排除,1.29189,-222522350.34,-67.941916,6.473538,1.453405,-1.077084,0.0,,"roe,fcf,interest_coverage,gross_margin,net_margin","2016,2017,2018,2019,2020,2021,2022,2023,2024,2025","2021,2022,2023,2024,2025"
603839,安正时尚,SH,服装家纺,保留,,排除,3.239,608678144.48,-28.902347,47.505177,2.419704,4.83563,0.0,,"roe,interest_coverage,net_margin","2016,2017,2018,2019,2020,2021,2022,2023,2024,2025","2021,2022,2023,2024,2025"
603843,*ST正平,SH,基础建设,周期,周期性行业,行业排除,,,,,,,,,,,
603848,好太太,SH,家居用品,保留,,排除,17.641,-706745090.22,,47.795028,1.007188,18.767157,0.0,,fcf,"2016,2017,2018,2019,2020,2021,2022,2023,2024,2025","2021,2022,2023,2024,2025"
603855,华荣股份,SH,专用设备,保留,,通过,17.351,1493472561.47,112.085841,49.664397,0.951403,11.043793,0.0,,,"2016,2017,2018,2019,2020,2021,2022,2023,2024,2025","2021,2022,2023,2024,2025"
603856,东宏股份,SH,装修建材,保留,,排除,10.412,75280903.26,38.59906,19.318591,0.376064,8.548408,0.0,,ocf_ni,"2016,2017,2018,2019,2020,2021,2022,2023,2024,2025","2021,2022,2023,2024,2025"
603858,步长制药,SH,中药Ⅱ,保留,,排除,7.388,4151238721.25,4.994166,67.268385,0.0467,6.282692,0.0,,"roe,ocf_ni","2016,2017,2018,2019,2020,2021,2022,2023,2024,2025","2021,2022,2023,2024,2025"
603859,能科科技,SH,IT服务Ⅱ,保留,,排除,8.04,-201569445.89,50.069291,46.175863,1.232565,14.563354,0.0,,fcf,"2016,2017,2018,2019,2020,2021,2022,2023,2024,2025","2021,2022,2023,2024,2025"
603860,中公高科,SH,工程咨询服务Ⅱ,保留,,通过,8.255,121746530.82,,49.992422,1.19897,21.286485,0.0,,,"2016,2017,2018,2019,2020,2021,2022,2023,2024,2025","2021,2022,2023,2024,2025"
603861,白云电器,SH,电网设备,保留,,排除,5.581,-302909080.99,6.792408,17.949392,4.28845,4.957903,0.0,,"roe,fcf,net_margin","2016,2017,2018,2019,2020,2021,2022,2023,2024,2025","2021,2022,2023,2024,2025"
603863,松炀资源,SH,造纸,保留,,排除,-6.981,-656372195.49,-7.759221,-7.900604,0.679025,-6.999736,0.0,,"roe,fcf,interest_coverage,gross_margin,ocf_ni,net_margin","2016,2017,2018,2019,2020,2021,2022,2023,2024,2025","2021,2022,2023,2024,2025"
603866,桃李面包,SH,休闲食品,保留,,通过,16.244,781925422.65,16.689623,23.793029,1.802004,10.98559,0.0,,,"2016,2017,2018,2019,2020,2021,2022,2023,2024,2025","2021,2022,2023,2024,2025"
603867,新化股份,SH,化学制品,周期,周期性行业,行业排除,,,,,,,,,,,
603868,飞科电器,SH,小家电,保留,,通过,26.659,3525776140.66,,53.685882,1.157964,17.552492,0.0,,,"2016,2017,2018,2019,2020,2021,2022,2023,2024,2025","2021,2022,2023,2024,2025"
603869,ST智知,SH,IT服务Ⅱ,保留,,排除,3.526,-90918694.33,,35.71853,8.262973,5.085633,0.0,,"roe,fcf","2016,2017,2018,2019,2020,2021,2022,2023,2024,2025","2021,2022,2023,2024,2025"
603871,嘉友国际,SH,物流,保留,,排除,24.506,1449415997.56,,18.070714,0.599313,11.335092,0.0,,ocf_ni,"2016,2017,2018,2019,2020,2021,2022,2023,2024,2025","2021,2022,2023,2024,2025"
603876,鼎胜新材,SH,工业金属,周期,周期性行业,行业排除,,,,,,,,,,,
603877,太平鸟,SH,服装家纺,保留,,通过,13.088,3028386940.44,3.410782,53.446341,2.953584,5.531857,-0.002486,,,"2016,2017,2018,2019,2020,2021,2022,2023,2024,2025","2021,2022,2023,2024,2025"
603878,武进不锈,SH,普钢,保留,,排除,8.587,1155334440.08,49.653679,14.326548,2.361421,8.295696,0.0,,gross_margin,"2016,2017,2018,2019,2020,2021,2022,2023,2024,2025","2021,2022,2023,2024,2025"
603879,永悦科技,SH,塑料,保留,,排除,-4.823,-219703407.8,-779.439599,7.650235,0.54484,-6.174967,0.0,,"roe,fcf,interest_coverage,gross_margin,ocf_ni,net_margin","2016,2017,2018,2019,2020,2021,2022,2023,2024,2025","2021,2022,2023,2024,2025"
603880,南卫股份,SH,医疗器械,保留,,排除,-6.739,-396086264.04,-4.248956,8.957354,0.131948,-3.56735,0.0,,"roe,fcf,interest_coverage,gross_margin,ocf_ni,net_margin","2016,2017,2018,2019,2020,2021,2022,2023,2024,2025","2021,2022,2023,2024,2025"
603881,数据港,SH,通信服务,保留,,通过,9.106,1867661925.36,2.537933,32.050695,8.840628,12.878575,0.0,,,"2016,2017,2018,2019,2020,2021,2022,2023,2024,2025","2021,2022,2023,2024,2025"
603882,金域医学,SH,医疗服务,保留,,排除,19.479,3997466296.29,,38.956908,-1.150964,7.709797,0.0,,ocf_ni,"2016,2017,2018,2019,2020,2021,2022,2023,2024,2025","2021,2022,2023,2024,2025"
603883,老百姓,SH,医药商业,保留,,排除,13.433,10342684171.0,5.688014,32.404144,4.291017,3.955041,0.0,,net_margin,"2016,2017,2018,2019,2020,2021,2022,2023,2024,2025","2021,2022,2023,2024,2025"
603885,吉祥航空,SH,航空机场,周期,周期性行业,行业排除,,,,,,,,,,,
603886,元祖股份,SH,休闲食品,保留,,通过,18.248,2040329884.41,17.274412,61.930811,2.030743,10.764251,0.0,,,"2016,2017,2018,2019,2020,2021,2022,2023,2024,2025","2021,2022,2023,2024,2025"
603887,城地香江,SH,IT服务Ⅱ,保留,,排除,1.149,-1919122820.6,-0.237325,20.258447,65.278949,-2.577314,0.0,,"roe,fcf,interest_coverage,net_margin","2016,2017,2018,2019,2020,2021,2022,2023,2024,2025","2021,2022,2023,2024,2025"
603888,新华网,SH,数字媒体,保留,,通过,9.474,1029759616.78,,34.508297,1.765089,15.099581,0.0,,,"2016,2017,2018,2019,2020,2021,2022,2023,2024,2025","2021,2022,2023,2024,2025"
603889,新澳股份,SH,纺织制造,保留,,排除,11.344,-312545702.91,28.772787,19.088629,0.730924,8.334657,0.0,,fcf,"2016,2017,2018,2019,2020,2021,2022,2023,2024,2025","2021,2022,2023,2024,2025"
603890,春秋电子,SH,消费电子,保留,,排除,14.925,-85072783.96,3.42824,16.442743,5.310447,6.435406,0.0,,fcf,"2016,2017,2018,2019,2020,2021,2022,2023,2024,2025","2021,2022,2023,2024,2025"
603893,瑞芯微,SH,半导体,保留,,通过,14.974,1931483341.55,,38.293764,1.357365,14.793674,0.0,,,"2016,2017,2018,2019,2020,2021,2022,2023,2024,2025","2021,2022,2023,2024,2025"
603895,天永智能,SH,专用设备,保留,,排除,-5.4829,-508109559.95,1.462206,16.575583,-4.34596,-4.102823,0.0,,"roe,fcf,interest_coverage,ocf_ni,net_margin","2016,2017,2018,2019,2020,2021,2022,2023,2024,2025","2021,2022,2023,2024,2025"
603896,寿仙谷,SH,中药Ⅱ,保留,,排除,11.907,-142976516.96,13.888694,81.895084,3.545113,23.700814,0.0,,fcf,"2016,2017,2018,2019,2020,2021,2022,2023,2024,2025","2021,2022,2023,2024,2025"
603897,长城科技,SH,电网设备,保留,,排除,12.685,-32458567.45,170.292725,4.564164,0.663426,2.775619,0.0,,"fcf,gross_margin,ocf_ni,net_margin","2016,2017,2018,2019,2020,2021,2022,2023,2024,2025","2021,2022,2023,2024,2025"
603898,好莱客,SH,家居用品,保留,,排除,11.755,842606647.51,0.755859,33.609618,1.159885,11.512877,0.0,,interest_coverage,"2016,2017,2018,2019,2020,2021,2022,2023,2024,2025","2021,2022,2023,2024,2025"
603899,晨光股份,SH,文娱用品,保留,,通过,22.609,8651989877.29,,19.737913,1.435588,8.163232,0.0,,,"2016,2017,2018,2019,2020,2021,2022,2023,2024,2025","2021,2022,2023,2024,2025"
603900,莱绅通灵,SH,饰品,保留,,排除,4.344,-138634527.7,,47.487093,-0.578297,3.895489,0.0,,"roe,fcf,ocf_ni,net_margin","2016,2017,2018,2019,2020,2021,2022,2023,2024,2025","2021,2022,2023,2024,2025"
603901,永创智能,SH,专用设备,保留,,排除,7.808,-738400894.56,2.401908,28.765058,5.021278,5.754885,0.0,,"roe,fcf","2016,2017,2018,2019,2020,2021,2022,2023,2024,2025","2021,2022,2023,2024,2025"
603903,中持股份,SH,环境治理,保留,,排除,7.787,151230369.49,-2.080634,30.544058,-0.360066,5.736907,0.0,,"roe,interest_coverage,ocf_ni","2016,2017,2018,2019,2020,2021,2022,2023,2024,2025","2021,2022,2023,2024,2025"
603906,龙蟠科技,SH,电池,保留,,排除,3.569,-7017301533.8,-1.005993,13.662555,-1.943492,2.880801,0.0,,"roe,fcf,interest_coverage,gross_margin,ocf_ni,net_margin","2016,2017,2018,2019,2020,2021,2022,2023,2024,2025","2021,2022,2023,2024,2025"
603908,牧高笛,SH,服装家纺,保留,,排除,13.944,222180186.46,-18.516724,27.713892,-0.013361,7.174188,0.0,,"interest_coverage,ocf_ni","2016,2017,2018,2019,2020,2021,2022,2023,2024,2025","2021,2022,2023,2024,2025"
603909,建发合诚,SH,工程咨询服务Ⅱ,保留,,排除,8.636,1532994955.09,,14.547429,4.28783,7.828762,0.0,,gross_margin,"2016,2017,2018,2019,2020,2021,2022,2023,2024,2025","2021,2022,2023,2024,2025"
603912,佳力图,SH,通用设备,保留,,排除,10.201,-755090571.11,-4.11312,23.783672,0.749219,10.471378,0.0,,"fcf,interest_coverage","2016,2017,2018,2019,2020,2021,2022,2023,2024,2025","2021,2022,2023,2024,2025"
603915,国茂股份,SH,通用设备,保留,,通过,13.748,1375218878.8,,24.255512,1.226549,12.731765,0.0,,,"2016,2017,2018,2019,2020,2021,2022,2023,2024,2025","2021,2022,2023,2024,2025"
603916,苏博特,SH,水泥,周期,周期性行业,行业排除,,,,,,,,,,,
603917,合力科技,SH,汽车零部件,周期,周期性行业,行业排除,,,,,,,,,,,
603918,金桥信息,SH,IT服务Ⅱ,保留,,排除,4.77,125710382.28,,29.462596,1.477735,2.759441,0.0,,"roe,net_margin","2016,2017,2018,2019,2020,2021,2022,2023,2024,2025","2021,2022,2023,2024,2025"
603919,金徽酒,SH,白酒Ⅱ,保留,,通过,12.176,1178799068.57,,62.610389,1.232028,15.972773,0.0,,,"2016,2017,2018,2019,2020,2021,2022,2023,2024,2025","2021,2022,2023,2024,2025"
603920,世运电路,SH,元件,保留,,通过,14.046,1757353727.19,,19.950724,1.880389,11.333214,0.0,,,"2016,2017,2018,2019,2020,2021,2022,2023,2024,2025","2021,2022,2023,2024,2025"
603922,ST金鸿顺,SH,汽车零部件,周期,周期性行业,行业排除,,,,,,,,,,,
603926,铁流股份,SH,汽车零部件,周期,周期性行业,行业排除,,,,,,,,,,,
603927,中科软,SH,软件开发,保留,,通过,21.536,2036743479.21,,28.639746,1.107289,7.093198,0.0,,,"2016,2017,2018,2019,2020,2021,2022,2023,2024,2025","2021,2022,2023,2024,2025"
603928,兴业股份,SH,塑料,保留,,排除,9.338,281593098.27,357.230536,14.284396,1.841122,7.85738,0.0,,gross_margin,"2016,2017,2018,2019,2020,2021,2022,2023,2024,2025","2021,2022,2023,2024,2025"
603929,亚翔集成,SH,专业工程,周期,周期性行业,行业排除,,,,,,,,,,,
603931,格林达,SH,电子化学品Ⅱ,保留,,通过,15.569,441621674.71,,32.40684,1.156261,19.271583,0.0,,,"2016,2017,2018,2019,2020,2021,2022,2023,2024,2025","2021,2022,2023,2024,2025"
603933,睿能科技,SH,其他电子Ⅱ,保留,,排除,8.776,-506753805.11,1.899768,21.612733,0.388067,3.653429,0.0,,"fcf,interest_coverage,ocf_ni,net_margin","2016,2017,2018,2019,2020,2021,2022,2023,2024,2025","2021,2022,2023,2024,2025"
603936,博敏电子,SH,元件,保留,,排除,3.072,-3469783026.97,0.133575,13.419901,13.898379,1.373794,0.0,,"roe,fcf,interest_coverage,gross_margin,net_margin","2016,2017,2018,2019,2020,2021,2022,2023,2024,2025","2021,2022,2023,2024,2025"
603937,丽岛新材,SH,工业金属,周期,周期性行业,行业排除,,,,,,,,,,,
603938,三孚股份,SH,化学原料,周期,周期性行业,行业排除,,,,,,,,,,,
603939,益丰药房,SH,医药商业,保留,,通过,13.537,15113133143.07,17.27212,39.511783,2.713065,6.110174,0.0,,,"2016,2017,2018,2019,2020,2021,2022,2023,2024,2025","2021,2022,2023,2024,2025"
603948,建业股份,SH,化学制品,周期,周期性行业,行业排除,,,,,,,,,,,
603949,雪龙集团,SH,汽车零部件,周期,周期性行业,行业排除,,,,,,,,,,,
603950,长源东谷,SH,汽车零部件,周期,周期性行业,行业排除,,,,,,,,,,,
603955,大千生态,SH,基础建设,周期,周期性行业,行业排除,,,,,,,,,,,
603956,威派格,SH,专用设备,保留,,排除,7.004,-821093161.69,-12.862229,51.240912,0.424598,6.065473,0.0,,"roe,fcf,interest_coverage,ocf_ni","2016,2017,2018,2019,2020,2021,2022,2023,2024,2025","2021,2022,2023,2024,2025"
603958,哈森股份,SH,服装家纺,保留,,排除,-3.949,-153657404.91,-2.058968,48.689797,-2.965718,-4.100315,0.0,,"roe,fcf,interest_coverage,ocf_ni,net_margin","2016,2017,2018,2019,2020,2021,2022,2023,2024,2025","2021,2022,2023,2024,2025"
603959,ST百利,SH,专业工程,周期,周期性行业,行业排除,,,,,,,,,,,
603960,克来机电,SH,汽车零部件,周期,周期性行业,行业排除,,,,,,,,,,,
603966,法兰泰克,SH,专用设备,保留,,通过,11.638,397551130.9,,25.002662,1.185248,9.896679,0.0,,,"2016,2017,2018,2019,2020,2021,2022,2023,2024,2025","2021,2022,2023,2024,2025"
603967,中创物流,SH,物流,保留,,排除,15.618,775436452.94,14.890584,5.571722,1.328159,3.333546,0.0,,"gross_margin,net_margin","2016,2017,2018,2019,2020,2021,2022,2023,2024,2025","2021,2022,2023,2024,2025"
603968,醋化股份,SH,化学制品,周期,周期性行业,行业排除,,,,,,,,,,,
603969,银龙股份,SH,通用设备,保留,,排除,8.686,-82071469.85,23.187872,17.083743,0.165439,6.75093,0.0,,"fcf,ocf_ni","2016,2017,2018,2019,2020,2021,2022,2023,2024,2025","2021,2022,2023,2024,2025"
603970,中农立华,SH,农化制品,保留,,排除,16.217,1130559485.45,4.257301,6.770397,1.214076,2.213848,0.0,,"gross_margin,net_margin","2016,2017,2018,2019,2020,2021,2022,2023,2024,2025","2021,2022,2023,2024,2025"
603976,正川股份,SH,医疗器械,保留,,排除,7.091,-16441577.0,1.342937,20.307982,3.145303,10.281484,0.0,,"roe,fcf,interest_coverage","2016,2017,2018,2019,2020,2021,2022,2023,2024,2025","2021,2022,2023,2024,2025"
603977,国泰集团,SH,化学制品,周期,周期性行业,行业排除,,,,,,,,,,,
603978,深圳新星,SH,金属新材料,保留,,排除,1.797,-1570199277.37,-1.261773,6.582503,-0.066057,2.661943,0.0,,"roe,fcf,interest_coverage,gross_margin,ocf_ni,net_margin","2016,2017,2018,2019,2020,2021,2022,2023,2024,2025","2021,2022,2023,2024,2025"
603979,金诚信,SH,工业金属,周期,周期性行业,行业排除,,,,,,,,,,,
603980,吉华集团,SH,化学制品,周期,周期性行业,行业排除,,,,,,,,,,,
603982,泉峰汽车,SH,汽车零部件,周期,周期性行业,行业排除,,,,,,,,,,,
603983,丸美生物,SH,化妆品,保留,,排除,18.288,-50331403.73,,70.218808,0.707666,17.808163,0.0,,fcf,"2016,2017,2018,2019,2020,2021,2022,2023,2024,2025","2021,2022,2023,2024,2025"
603985,恒润股份,SH,风电设备,保留,,排除,11.163,-2367539996.84,3.375481,11.527076,0.469084,7.938809,0.0,,"fcf,gross_margin,ocf_ni","2016,2017,2018,2019,2020,2021,2022,2023,2024,2025","2021,2022,2023,2024,2025"
603986,兆易创新,SH,半导体,保留,,通过,14.842,5490613408.14,,41.368085,2.386012,17.639841,0.0,,,"2016,2017,2018,2019,2020,2021,2022,2023,2024,2025","2021,2022,2023,2024,2025"
603987,康德莱,SH,医疗器械,保留,,通过,11.75,541761208.68,18.440538,34.030349,1.568584,9.433334,0.0,,,"2016,2017,2018,2019,2020,2021,2022,2023,2024,2025","2021,2022,2023,2024,2025"
603988,中电电机,SH,电机Ⅱ,保留,,排除,8.041,83276116.13,,24.197758,-0.09565,9.056617,0.0,,ocf_ni,"2016,2017,2018,2019,2020,2021,2022,2023,2024,2025","2021,2022,2023,2024,2025"
603989,艾华集团,SH,元件,保留,,排除,13.144,50685108.93,23.7072,24.167382,0.338107,12.71956,0.0,,ocf_ni,"2016,2017,2018,2019,2020,2021,2022,2023,2024,2025","2021,2022,2023,2024,2025"
603990,麦迪科技,SH,软件开发,保留,,排除,2.232,-1162365600.3,9.448927,46.779989,1.050099,1.492635,0.003398,,"roe,fcf,net_margin","2016,2017,2018,2019,2020,2021,2022,2023,2024,2025","2021,2022,2023,2024,2025"
603991,领先股份,SH,半导体,保留,,排除,-5.285,,-4.292494,12.557179,0.482625,-9.232775,0.0,fcf,"roe,interest_coverage,gross_margin,ocf_ni,net_margin","2016,2017,2018,2019,2020,2021,2022,2023,2024,2025","2021,2022,2023,2024,2025"
603992,松霖科技,SH,家居用品,保留,,通过,15.519,1031470025.23,316.248449,32.736769,1.48346,11.639995,0.0,,,"2016,2017,2018,2019,2020,2021,2022,2023,2024,2025","2021,2022,2023,2024,2025"
603993,洛阳钼业,SH,工业金属,周期,周期性行业,行业排除,,,,,,,,,,,
603995,甬金股份,SH,特钢Ⅱ,保留,,排除,17.564,-2035963557.72,5.64893,5.052825,1.673529,1.852452,0.0,,"fcf,gross_margin,net_margin","2016,2017,2018,2019,2020,2021,2022,2023,2024,2025","2021,2022,2023,2024,2025"
603997,继峰股份,SH,汽车零部件,周期,周期性行业,行业排除,,,,,,,,,,,
603998,方盛制药,SH,中药Ⅱ,保留,,通过,10.658,382330261.46,32.187533,68.6507,1.238648,10.427963,0.0,,,"2016,2017,2018,2019,2020,2021,2022,2023,2024,2025","2021,2022,2023,2024,2025"
603999,读者传媒,SH,出版,保留,,排除,4.232,576182540.58,,20.566124,1.684133,7.674052,0.0,,roe,"2016,2017,2018,2019,2020,2021,2022,2023,2024,2025","2021,2022,2023,2024,2025"
605001,威奥股份,SH,轨交设备Ⅱ,保留,,排除,7.917,-671368429.74,2.554998,23.964028,0.993304,5.167126,0.0,,"roe,fcf","2016,2017,2018,2019,2020,2021,2022,2023,2024,2025","2021,2022,2023,2024,2025"
605003,众望布艺,SH,服装家纺,保留,,排除,22.5,-258476762.5,,34.058779,0.97363,25.741613,0.0,,fcf,"2016,2017,2018,2019,2020,2021,2022,2023,2024,2025","2021,2022,2023,2024,2025"
605005,合兴股份,SH,汽车零部件,周期,周期性行业,行业排除,,,,,,,,,,,
605006,山东玻纤,SH,玻璃玻纤,周期,周期性行业,行业排除,,,,,,,,,,,
605007,五洲特纸,SH,造纸,保留,,排除,22.541,-5858138891.19,1.404533,10.682789,0.866833,7.011739,0.0,,"fcf,interest_coverage,gross_margin","2016,2017,2018,2019,2020,2021,2022,2023,2024,2025","2021,2022,2023,2024,2025"
605008,长鸿高科,SH,塑料,保留,,排除,12.861,-2210103163.59,-0.243371,13.167855,4.12187,11.355008,0.0,,"fcf,interest_coverage,gross_margin","2016,2017,2018,2019,2020,2021,2022,2023,2024,2025","2021,2022,2023,2024,2025"
605009,豪悦护理,SH,个护用品,保留,,通过,32.494,660883849.77,40.756515,27.164646,1.476992,13.085396,0.0,,,"2016,2017,2018,2019,2020,2021,2022,2023,2024,2025","2021,2022,2023,2024,2025"
605011,杭州热电,SH,电力,保留,,排除,13.532,765208461.76,25.147972,11.222063,1.629049,8.406425,0.0,,gross_margin,"2016,2017,2018,2019,2020,2021,2022,2023,2024,2025","2021,2022,2023,2024,2025"
605016,百龙创园,SH,化学制品,周期,周期性行业,行业排除,,,,,,,,,,,
605018,长华集团,SH,汽车零部件,周期,周期性行业,行业排除,,,,,,,,,,,
605020,永和股份,SH,化学制品,周期,周期性行业,行业排除,,,,,,,,,,,
605028,世茂能源,SH,电力,保留,,通过,23.558,346110167.13,,61.920799,1.255,39.851236,0.0,,,"2016,2017,2018,2019,2020,2021,2022,2023,2024,2025","2021,2022,2023,2024,2025"
605033,美邦股份,SH,农化制品,保留,,数据不足,17.456667,99261554.08,,35.600957,3.628683,,0.0,net_margin,,"2017,2018,2019,2020,2021,2022,2023,2024,2025","2021,2022,2023,2024,2025"
605050,福然德,SH,物流,保留,,排除,15.503,-1792036564.27,425.292215,5.685577,-0.087471,4.090703,0.0,,"fcf,gross_margin,ocf_ni,net_margin","2016,2017,2018,2019,2020,2021,2022,2023,2024,2025","2021,2022,2023,2024,2025"
605055,迎丰股份,SH,纺织制造,保留,,排除,23.206,475795406.62,-3.361271,13.491897,1.675749,7.383979,0.0,,"interest_coverage,gross_margin","2016,2017,2018,2019,2020,2021,2022,2023,2024,2025","2021,2022,2023,2024,2025"
605056,咸亨国际,SH,通用设备,保留,,数据不足,19.87,1156258545.44,,33.46383,1.638635,,0.0,net_margin,,"2017,2018,2019,2020,2021,2022,2023,2024,2025","2021,2022,2023,2024,2025"
605058,澳弘电子,SH,元件,保留,,通过,13.10875,266104370.34,,23.394324,1.769333,12.519147,0.0,,,"2016,2017,2018,2019,2020,2021,2022,2023,2024,2025","2021,2022,2023,2024,2025"
605060,联德股份,SH,通用设备,保留,,通过,16.6,148490131.46,,35.756509,1.235487,20.349631,0.0,,,"2016,2017,2018,2019,2020,2021,2022,2023,2024,2025","2021,2022,2023,2024,2025"
605066,天正电气,SH,电网设备,保留,,通过,15.68,290835416.73,,25.030446,1.705014,5.394361,0.0,,,"2016,2017,2018,2019,2020,2021,2022,2023,2024,2025","2021,2022,2023,2024,2025"
605068,明新旭腾,SH,汽车零部件,周期,周期性行业,行业排除,,,,,,,,,,,
605069,正和生态,SH,环境治理,保留,,排除,-1.349,-334755785.87,-3.719963,7.800572,-1.199924,-38.51137,0.0,,"roe,fcf,interest_coverage,gross_margin,ocf_ni,net_margin","2016,2017,2018,2019,2020,2021,2022,2023,2024,2025","2021,2022,2023,2024,2025"
605077,华康股份,SH,化学制品,周期,周期性行业,行业排除,,,,,,,,,,,
605080,浙江自然,SH,文娱用品,保留,,通过,20.889,144718384.48,,35.044977,1.093435,20.959824,0.0,,,"2016,2017,2018,2019,2020,2021,2022,2023,2024,2025","2021,2022,2023,2024,2025"
605086,龙高股份,SH,非金属材料Ⅱ,保留,,通过,13.438889,491185999.42,,62.256681,1.222048,34.109977,0.0,,,"2016,2017,2018,2019,2020,2021,2022,2023,2024,2025","2021,2022,2023,2024,2025"
605088,冠盛股份,SH,汽车零部件,周期,周期性行业,行业排除,,,,,,,,,,,
605089,味知香,SH,食品加工,保留,,通过,28.996,446624816.93,,24.244509,1.397789,15.500245,0.0,,,"2016,2017,2018,2019,2020,2021,2022,2023,2024,2025","2021,2022,2023,2024,2025"
605090,九丰能源,SH,燃气Ⅱ,保留,,排除,26.47,2223491803.43,25.610371,8.100453,1.1346,4.828077,0.0,,"gross_margin,net_margin","2016,2017,2018,2019,2020,2021,2022,2023,2024,2025","2021,2022,2023,2024,2025"
605098,行动教育,SH,教育,保留,,通过,33.775,1681023196.84,,77.480417,1.541689,29.665193,0.0,,,"2016,2017,2018,2019,2020,2021,2022,2023,2024,2025","2021,2022,2023,2024,2025"
605099,共创草坪,SH,家居用品,保留,,通过,30.632,1537655969.39,,30.39058,0.952794,18.698686,0.0,,,"2016,2017,2018,2019,2020,2021,2022,2023,2024,2025","2021,2022,2023,2024,2025"
605100,华丰股份,SH,通用设备,保留,,通过,10.39,116848906.64,,15.953937,3.759506,9.132,0.0,,,"2016,2017,2018,2019,2020,2021,2022,2023,2024,2025","2021,2022,2023,2024,2025"
605108,同庆楼,SH,酒店餐饮,保留,,排除,16.518,-1882335827.49,1.855137,20.898604,3.520394,9.703409,0.0,,"fcf,interest_coverage","2016,2017,2018,2019,2020,2021,2022,2023,2024,2025","2021,2022,2023,2024,2025"
605111,新洁能,SH,半导体,保留,,通过,19.432,1326506957.59,,35.197994,0.968504,18.411521,0.0,,,"2016,2017,2018,2019,2020,2021,2022,2023,2024,2025","2021,2022,2023,2024,2025"
605116,奥锐特,SH,化学制药,保留,,排除,15.567,-155178694.2,16.235417,54.980294,1.038219,21.583118,0.0,,fcf,"2016,2017,2018,2019,2020,2021,2022,2023,2024,2025","2021,2022,2023,2024,2025"
605117,德业股份,SH,光伏设备,保留,,通过,41.527,8518377658.96,,35.541334,1.277102,16.035591,0.0,,,"2016,2017,2018,2019,2020,2021,2022,2023,2024,2025","2021,2022,2023,2024,2025"
605118,力鼎光电,SH,计算机设备,保留,,通过,32.604,530362084.06,,43.197538,1.220565,31.971591,0.0,,,"2016,2017,2018,2019,2020,2021,2022,2023,2024,2025","2021,2022,2023,2024,2025"
605122,四方新材,SH,水泥,周期,周期性行业,行业排除,,,,,,,,,,,
605123,派克新材,SH,航空装备Ⅱ,保留,,排除,16.177,-421284986.54,,22.536786,1.235637,13.587528,0.0,,fcf,"2016,2017,2018,2019,2020,2021,2022,2023,2024,2025","2021,2022,2023,2024,2025"
605128,上海沿浦,SH,汽车零部件,周期,周期性行业,行业排除,,,,,,,,,,,
605133,嵘泰股份,SH,汽车零部件,周期,周期性行业,行业排除,,,,,,,,,,,
605136,丽人丽妆,SH,互联网电商,保留,,排除,10.241,741196311.23,,34.747273,-2.681439,3.292533,0.0,,"ocf_ni,net_margin","2016,2017,2018,2019,2020,2021,2022,2023,2024,2025","2021,2022,2023,2024,2025"
605138,盛泰集团,SH,服装家纺,保留,,排除,13.254444,-692066821.36,0.299683,16.953341,8.634274,,0.0,net_margin,"fcf,interest_coverage","2017,2018,2019,2020,2021,2022,2023,2024,2025","2021,2022,2023,2024,2025"
605151,西上海,SH,汽车零部件,周期,周期性行业,行业排除,,,,,,,,,,,
605155,西大门,SH,家居用品,保留,,通过,15.319,256965476.22,,39.211937,1.238546,17.427173,0.0,,,"2016,2017,2018,2019,2020,2021,2022,2023,2024,2025","2021,2022,2023,2024,2025"
605158,华达新材,SH,金属新材料,保留,,排除,15.598,-342938409.23,,6.280238,1.522339,3.12108,0.0,,"fcf,gross_margin,net_margin","2016,2017,2018,2019,2020,2021,2022,2023,2024,2025","2021,2022,2023,2024,2025"
605162,新中港,SH,电力,保留,,通过,22.074,115024099.65,6.637541,25.680995,1.776261,17.810618,0.0,,,"2016,2017,2018,2019,2020,2021,2022,2023,2024,2025","2021,2022,2023,2024,2025"
605166,聚合顺,SH,化学纤维,保留,,排除,16.696,-314605301.92,,7.057445,1.195401,4.055877,0.0,,"fcf,gross_margin,net_margin","2016,2017,2018,2019,2020,2021,2022,2023,2024,2025","2021,2022,2023,2024,2025"
605167,利柏特,SH,专业工程,周期,周期性行业,行业排除,,,,,,,,,,,
605168,三人行,SH,广告营销,保留,,通过,36.384,668970284.33,11.862232,18.109424,0.893903,11.391542,0.0,,,"2016,2017,2018,2019,2020,2021,2022,2023,2024,2025","2021,2022,2023,2024,2025"
605169,洪通燃气,SH,燃气Ⅱ,保留,,通过,14.378,107239337.81,101.68159,21.235383,1.566269,12.241948,0.0,,,"2016,2017,2018,2019,2020,2021,2022,2023,2024,2025","2021,2022,2023,2024,2025"
605177,东亚药业,SH,化学制药,保留,,排除,8.412,-1326545872.5,-6.679121,25.812498,0.621364,7.042518,0.0,,"fcf,interest_coverage,ocf_ni","2016,2017,2018,2019,2020,2021,2022,2023,2024,2025","2021,2022,2023,2024,2025"
605178,时空科技,SH,专业工程,周期,周期性行业,行业排除,,,,,,,,,,,
605179,一鸣食品,SH,饮料乳品,保留,,排除,17.547,363668897.12,6.081623,29.444871,10.140055,4.350099,0.0,,net_margin,"2016,2017,2018,2019,2020,2021,2022,2023,2024,2025","2021,2022,2023,2024,2025"
605180,华生科技,SH,纺织制造,保留,,排除,15.095,-317605129.98,21.000426,28.868638,1.400812,20.728846,0.0,,fcf,"2016,2017,2018,2019,2020,2021,2022,2023,2024,2025","2021,2022,2023,2024,2025"
605183,确成股份,SH,橡胶,保留,,通过,15.78,811126049.67,,31.963499,1.042487,21.663759,0.0,,,"2016,2017,2018,2019,2020,2021,2022,2023,2024,2025","2021,2022,2023,2024,2025"
605186,健麾信息,SH,自动化设备,保留,,排除,22.869,-250665951.52,8.26971,47.902973,0.646279,22.397804,0.0,,"fcf,ocf_ni","2016,2017,2018,2019,2020,2021,2022,2023,2024,2025","2021,2022,2023,2024,2025"
605188,国光连锁,SH,一般零售,保留,,排除,10.23866,426322286.6,0.635705,24.223427,18.699447,2.360073,0.0,,"interest_coverage,net_margin","2016,2017,2018,2019,2020,2021,2022,2023,2024,2025","2021,2022,2023,2024,2025"
605189,富春染织,SH,纺织制造,保留,,排除,13.679,-2046974786.86,1.391869,12.774099,-0.141403,6.154987,0.0,,"fcf,interest_coverage,gross_margin,ocf_ni","2016,2017,2018,2019,2020,2021,2022,2023,2024,2025","2021,2022,2023,2024,2025"
605196,华通线缆,SH,电网设备,保留,,排除,8.722,-2800590922.59,1.617847,14.822302,-0.657686,4.54832,0.0,,"fcf,interest_coverage,gross_margin,ocf_ni,net_margin","2016,2017,2018,2019,2020,2021,2022,2023,2024,2025","2021,2022,2023,2024,2025"
605198,安德利,SH,农产品加工,保留,,排除,8.488,299672734.91,,24.531527,0.680871,17.856658,0.0,,ocf_ni,"2016,2017,2018,2019,2020,2021,2022,2023,2024,2025","2021,2022,2023,2024,2025"
605199,ST葫芦娃,SH,中药Ⅱ,保留,,排除,4.813,-901860771.36,-6.368159,49.098897,1.375467,0.047036,0.0,,"roe,fcf,interest_coverage,net_margin","2016,2017,2018,2019,2020,2021,2022,2023,2024,2025","2021,2022,2023,2024,2025"
605208,永茂泰,SH,工业金属,周期,周期性行业,行业排除,,,,,,,,,,,
605218,伟时电子,SH,光学光电子,保留,,排除,15.663,-610865468.87,2.094164,15.331091,0.722666,6.08185,0.0,,fcf,"2016,2017,2018,2019,2020,2021,2022,2023,2024,2025","2021,2022,2023,2024,2025"
605222,起帆电缆,SH,电网设备,保留,,排除,19.345,-2450014679.57,0.999417,6.457551,0.034223,3.342246,0.0,,"fcf,interest_coverage,gross_margin,ocf_ni,net_margin","2016,2017,2018,2019,2020,2021,2022,2023,2024,2025","2021,2022,2023,2024,2025"
605228,神通科技,SH,汽车零部件,周期,周期性行业,行业排除,,,,,,,,,,,
605255,天普股份,SH,汽车零部件,周期,周期性行业,行业排除,,,,,,,,,,,
605258,协和电子,SH,元件,保留,,排除,22.033,-3310559.83,53.316735,20.972473,1.391545,13.47154,0.0,,fcf,"2016,2017,2018,2019,2020,2021,2022,2023,2024,2025","2021,2022,2023,2024,2025"
605259,绿田机械,SH,专用设备,保留,,数据不足,14.284444,556618051.84,,20.225603,1.016343,,0.0,net_margin,,"2017,2018,2019,2020,2021,2022,2023,2024,2025","2021,2022,2023,2024,2025"
605266,健之佳,SH,医药商业,保留,,排除,22.066,2759560700.55,1.610414,35.958002,3.999819,4.103227,0.0,,"interest_coverage,net_margin","2016,2017,2018,2019,2020,2021,2022,2023,2024,2025","2021,2022,2023,2024,2025"
605268,王力安防,SH,家居用品,保留,,排除,15.365,-634806936.31,,25.887444,1.374972,6.61818,0.0,,fcf,"2016,2017,2018,2019,2020,2021,2022,2023,2024,2025","2021,2022,2023,2024,2025"
605277,新亚电子,SH,消费电子,保留,,通过,23.365,471878441.48,12.714589,17.519279,1.313214,8.394434,0.0,,,"2016,2017,2018,2019,2020,2021,2022,2023,2024,2025","2021,2022,2023,2024,2025"
605286,同力天启,SH,专用设备,保留,,排除,19.313,-617030418.7,18.413622,19.133651,0.499963,8.149675,0.0,,"fcf,ocf_ni","2016,2017,2018,2019,2020,2021,2022,2023,2024,2025","2021,2022,2023,2024,2025"
605287,德才股份,SH,装修装饰Ⅱ,保留,,排除,13.81,334728581.89,1.023415,14.029245,0.997878,1.817271,0.0,,"interest_coverage,gross_margin,net_margin","2016,2017,2018,2019,2020,2021,2022,2023,2024,2025","2021,2022,2023,2024,2025"
605288,凯迪股份,SH,自动化设备,保留,,排除,19.262,-72360306.33,,22.313707,1.272434,13.149902,0.0,,fcf,"2016,2017,2018,2019,2020,2021,2022,2023,2024,2025","2021,2022,2023,2024,2025"
605289,罗曼股份,SH,专业工程,周期,周期性行业,行业排除,,,,,,,,,,,
605296,神农集团,SH,养殖业,保留,,排除,20.412,-1537766043.32,17.634814,16.289357,1.645362,13.191724,0.0,,fcf,"2016,2017,2018,2019,2020,2021,2022,2023,2024,2025","2021,2022,2023,2024,2025"
605298,必得科技,SH,轨交设备Ⅱ,保留,,排除,15.444,-34561356.9,,46.41702,0.485616,23.260254,0.0,,"fcf,ocf_ni","2016,2017,2018,2019,2020,2021,2022,2023,2024,2025","2021,2022,2023,2024,2025"
605299,舒华体育,SH,文娱用品,保留,,通过,13.163,542539896.24,,29.778777,1.425574,9.066373,0.0,,,"2016,2017,2018,2019,2020,2021,2022,2023,2024,2025","2021,2022,2023,2024,2025"
605300,佳禾食品,SH,饮料乳品,保留,,排除,13.809,176480982.48,,14.589174,1.108682,8.668682,0.0,,gross_margin,"2016,2017,2018,2019,2020,2021,2022,2023,2024,2025","2021,2022,2023,2024,2025"
605303,园林股份,SH,基础建设,周期,周期性行业,行业排除,,,,,,,,,,,
605305,中际联合,SH,工程机械,周期,周期性行业,行业排除,,,,,,,,,,,
605318,法狮龙,SH,装修建材,保留,,排除,19.272,-133773381.75,,24.014276,-1.928491,8.490735,0.0,,"fcf,ocf_ni","2016,2017,2018,2019,2020,2021,2022,2023,2024,2025","2021,2022,2023,2024,2025"
605319,无锡振华,SH,汽车零部件,周期,周期性行业,行业排除,,,,,,,,,,,
605333,沪光股份,SH,汽车零部件,周期,周期性行业,行业排除,,,,,,,,,,,
605336,*ST帅电,SH,厨卫电器,保留,,通过,26.001,413077405.04,,44.430666,1.089827,17.473033,0.0,,,"2016,2017,2018,2019,2020,2021,2022,2023,2024,2025","2021,2022,2023,2024,2025"
605337,李子园,SH,饮料乳品,保留,,通过,25.816,452268803.48,57.962448,36.511832,1.357539,17.312534,0.0,,,"2016,2017,2018,2019,2020,2021,2022,2023,2024,2025","2021,2022,2023,2024,2025"
605338,巴比食品,SH,食品加工,保留,,通过,17.079,387112496.33,,26.99981,0.893555,14.700018,0.0,,,"2016,2017,2018,2019,2020,2021,2022,2023,2024,2025","2021,2022,2023,2024,2025"
605339,南侨食品,SH,休闲食品,保留,,通过,12.708,137459918.26,,23.99402,1.217518,9.749989,0.0,,,"2016,2017,2018,2019,2020,2021,2022,2023,2024,2025","2021,2022,2023,2024,2025"
605358,立昂微,SH,半导体,保留,,排除,7.45,-7209046153.58,-1.060269,24.832668,1.828536,9.723876,0.0,,"roe,fcf,interest_coverage","2016,2017,2018,2019,2020,2021,2022,2023,2024,2025","2021,2022,2023,2024,2025"
605365,立达信,SH,照明设备Ⅱ,保留,,数据不足,17.891111,182055225.0,22.33944,26.738789,1.055348,,0.0,net_margin,,"2017,2018,2019,2020,2021,2022,2023,2024,2025","2021,2022,2023,2024,2025"
605366,宏柏新材,SH,化学制品,周期,周期性行业,行业排除,,,,,,,,,,,
605368,蓝天燃气,SH,燃气Ⅱ,保留,,通过,15.967,1545075930.07,12.665632,19.454571,1.357548,9.634153,0.0,,,"2016,2017,2018,2019,2020,2021,2022,2023,2024,2025","2021,2022,2023,2024,2025"
605369,拱东医疗,SH,医疗器械,保留,,通过,20.637,514687682.65,,35.434459,1.984348,17.128563,0.0,,,"2016,2017,2018,2019,2020,2021,2022,2023,2024,2025","2021,2022,2023,2024,2025"
605376,博迁新材,SH,金属新材料,保留,,排除,18.697,-496753534.13,43.611448,28.737545,-0.300895,17.306378,0.0,,"fcf,ocf_ni","2016,2017,2018,2019,2020,2021,2022,2023,2024,2025","2021,2022,2023,2024,2025"
605377,华旺科技,SH,造纸,保留,,通过,16.386,1411104068.28,,17.678944,1.270587,11.303729,0.0,,,"2016,2017,2018,2019,2020,2021,2022,2023,2024,2025","2021,2022,2023,2024,2025"
605378,野马电池,SH,电池,保留,,通过,18.017,68801039.86,,17.571023,1.405978,9.624665,0.0,,,"2016,2017,2018,2019,2020,2021,2022,2023,2024,2025","2021,2022,2023,2024,2025"
605388,均瑶健康,SH,饮料乳品,保留,,排除,20.134444,-773210745.49,-124.038398,31.746178,-0.446052,11.517372,0.0,,"fcf,interest_coverage,ocf_ni","2016,2017,2018,2019,2020,2021,2022,2023,2024,2025","2021,2022,2023,2024,2025"
605389,长龄液压,SH,工程机械,周期,周期性行业,行业排除,,,,,,,,,,,
605398,新炬网络,SH,IT服务Ⅱ,保留,,通过,23.687,246491643.71,,39.094848,1.677712,12.611243,0.0,,,"2016,2017,2018,2019,2020,2021,2022,2023,2024,2025","2021,2022,2023,2024,2025"
605399,晨光新材,SH,化学制品,周期,周期性行业,行业排除,,,,,,,,,,,
605488,福莱新材,SH,塑料,保留,,排除,18.951111,-1717635181.53,3.449614,14.039846,1.156605,,0.0,net_margin,"fcf,gross_margin","2017,2018,2019,2020,2021,2022,2023,2024,2025","2021,2022,2023,2024,2025"
605499,东鹏饮料,SH,饮料乳品,保留,,排除,39.648889,13071328435.93,,43.896954,1.578947,,0.269812,net_margin,share_inflation,"2017,2018,2019,2020,2021,2022,2023,2024,2025","2021,2022,2023,2024,2025"
605500,森林包装,SH,造纸,保留,,排除,15.986,-1502155442.13,-1.784911,11.180291,0.979111,7.485845,0.0,,"fcf,interest_coverage,gross_margin","2016,2017,2018,2019,2020,2021,2022,2023,2024,2025","2021,2022,2023,2024,2025"
605507,国邦医药,SH,化学制药,保留,,排除,15.526667,-73135862.21,46.683996,26.425402,0.656751,,0.4,net_margin,"fcf,ocf_ni,share_inflation","2017,2018,2019,2020,2021,2022,2023,2024,2025","2021,2022,2023,2024,2025"
605555,德昌股份,SH,小家电,保留,,排除,34.397778,-550002606.23,,17.27303,0.834473,,0.0,net_margin,fcf,"2017,2018,2019,2020,2021,2022,2023,2024,2025","2021,2022,2023,2024,2025"
605566,福莱蒽特,SH,化学制品,周期,周期性行业,行业排除,,,,,,,,,,,
605567,春雪食品,SH,食品加工,保留,,排除,16.194444,-471882540.79,13.025551,7.994157,2.322414,,0.0,net_margin,"fcf,gross_margin","2017,2018,2019,2020,2021,2022,2023,2024,2025","2021,2022,2023,2024,2025"
605577,龙版传媒,SH,出版,保留,,数据不足,9.312222,1324739453.44,,43.4269,1.040938,,0.0,net_margin,,"2017,2018,2019,2020,2021,2022,2023,2024,2025","2021,2022,2023,2024,2025"
605580,恒盛能源,SH,电力,保留,,通过,23.602,85722038.81,10.958554,25.917542,1.212298,15.915111,0.0,,,"2016,2017,2018,2019,2020,2021,2022,2023,2024,2025","2021,2022,2023,2024,2025"
605588,冠石科技,SH,光学光电子,保留,,排除,16.645556,-1325972648.92,-3.152864,12.002836,-2.277316,,0.0,net_margin,"fcf,interest_coverage,gross_margin,ocf_ni","2017,2018,2019,2020,2021,2022,2023,2024,2025","2021,2022,2023,2024,2025"
605589,圣泉集团,SH,塑料,保留,,排除,11.459,-1821753188.58,21.55713,23.385185,0.300251,9.049115,0.0,,"fcf,ocf_ni","2016,2017,2018,2019,2020,2021,2022,2023,2024,2025","2021,2022,2023,2024,2025"
605598,上海港湾,SH,专业工程,周期,周期性行业,行业排除,,,,,,,,,,,
605599,菜百股份,SH,饰品,保留,,排除,18.648889,3066669667.89,22.241668,10.094707,0.693371,,0.0,net_margin,"gross_margin,ocf_ni","2017,2018,2019,2020,2021,2022,2023,2024,2025","2021,2022,2023,2024,2025"
688001,华兴源创,SH,通用设备,保留,,排除,13.179,-290978922.98,1.993083,49.48828,1.87759,12.328299,0.0,,"fcf,interest_coverage","2016,2017,2018,2019,2020,2021,2022,2023,2024,2025","2021,2022,2023,2024,2025"
688002,睿创微纳,SH,军工电子Ⅱ,保留,,通过,15.257,582552847.14,18.654134,51.319652,1.100939,23.963008,0.0,,,"2016,2017,2018,2019,2020,2021,2022,2023,2024,2025","2021,2022,2023,2024,2025"
688003,天准科技,SH,自动化设备,保留,,排除,12.036,-722160133.06,3.805128,40.901173,0.016269,12.390195,0.0,,"fcf,ocf_ni","2016,2017,2018,2019,2020,2021,2022,2023,2024,2025","2021,2022,2023,2024,2025"
688004,博汇科技,SH,IT服务Ⅱ,保留,,排除,7.477,-229687685.48,-16.338135,49.422436,0.169629,2.333757,0.0,,"roe,fcf,interest_coverage,ocf_ni,net_margin","2016,2017,2018,2019,2020,2021,2022,2023,2024,2025","2021,2022,2023,2024,2025"
688005,容百科技,SH,电池,保留,,排除,7.205,-5956316748.03,-0.896707,10.122129,-0.317107,3.350525,-0.000149,,"roe,fcf,interest_coverage,gross_margin,ocf_ni,net_margin","2016,2017,2018,2019,2020,2021,2022,2023,2024,2025","2021,2022,2023,2024,2025"
688006,杭可科技,SH,电池,保留,,通过,21.518,1389255159.6,,31.132567,1.499554,18.567416,0.0,,,"2016,2017,2018,2019,2020,2021,2022,2023,2024,2025","2021,2022,2023,2024,2025"
688007,光峰科技,SH,消费电子,保留,,排除,30.344,221088143.63,-18.093999,31.63666,1.534275,4.89003,0.0,,"interest_coverage,net_margin","2016,2017,2018,2019,2020,2021,2022,2023,2024,2025","2021,2022,2023,2024,2025"
688008,澜起科技,SH,半导体,保留,,通过,17.424,4364576920.35,,54.758174,1.014992,36.261363,0.0,,,"2016,2017,2018,2019,2020,2021,2022,2023,2024,2025","2021,2022,2023,2024,2025"
688009,中国通号,SH,轨交设备Ⅱ,保留,,排除,10.271,6963599852.71,,25.919273,0.631521,9.502881,0.0,,ocf_ni,"2016,2017,2018,2019,2020,2021,2022,2023,2024,2025","2021,2022,2023,2024,2025"
688010,福光股份,SH,光学光电子,保留,,排除,5.158,-340111876.66,-0.260441,22.539347,1.541956,7.448025,0.0,,"roe,fcf,interest_coverage","2016,2017,2018,2019,2020,2021,2022,2023,2024,2025","2021,2022,2023,2024,2025"
688011,新光光电,SH,军工电子Ⅱ,保留,,排除,6.535,-203350537.48,,35.195801,-2.196478,3.882718,0.0,,"roe,fcf,ocf_ni,net_margin","2016,2017,2018,2019,2020,2021,2022,2023,2024,2025","2021,2022,2023,2024,2025"
688012,中微公司,SH,半导体,保留,,排除,9.335,-211485059.11,,42.626283,0.595079,12.138809,0.0,,"fcf,ocf_ni","2016,2017,2018,2019,2020,2021,2022,2023,2024,2025","2021,2022,2023,2024,2025"
688013,天臣医疗,SH,医疗器械,保留,,数据不足,17.721111,111740095.86,,58.652626,1.253298,,0.0,net_margin,,"2017,2018,2019,2020,2021,2022,2023,2024,2025","2021,2022,2023,2024,2025"
688015,交控科技,SH,轨交设备Ⅱ,保留,,排除,12.986,-112971280.33,,34.959636,1.602609,7.130022,0.0,,fcf,"2016,2017,2018,2019,2020,2021,2022,2023,2024,2025","2021,2022,2023,2024,2025"
688016,心脉医疗,SH,医疗器械,保留,,通过,28.255,1049485851.21,,74.754635,0.956193,40.927529,0.0,,,"2016,2017,2018,2019,2020,2021,2022,2023,2024,2025","2021,2022,2023,2024,2025"
688017,绿的谐波,SH,自动化设备,保留,,排除,9.495556,-34613044.88,84.249498,43.358033,0.780746,,0.0,net_margin,fcf,"2017,2018,2019,2020,2021,2022,2023,2024,2025","2021,2022,2023,2024,2025"
688018,乐鑫科技,SH,半导体,保留,,排除,14.057,427579514.17,,42.135952,0.962509,13.216375,0.399959,,share_inflation,"2016,2017,2018,2019,2020,2021,2022,2023,2024,2025","2021,2022,2023,2024,2025"
688019,安集科技,SH,电子化学品Ⅱ,保留,,通过,18.671,171381100.2,84.544856,55.256589,0.720419,25.275207,0.0,,,"2016,2017,2018,2019,2020,2021,2022,2023,2024,2025","2021,2022,2023,2024,2025"
688020,方邦股份,SH,元件,保留,,排除,10.381,-637322610.78,-132.232523,33.416243,-0.037504,13.220834,0.0,,"fcf,interest_coverage,ocf_ni","2016,2017,2018,2019,2020,2021,2022,2023,2024,2025","2021,2022,2023,2024,2025"
688021,奥福科技,SH,汽车零部件,周期,周期性行业,行业排除,,,,,,,,,,,
688022,ST瀚川,SH,专用设备,保留,,排除,4.978,-1915994884.12,1.215133,20.533552,-0.530224,-15.601769,0.0,,"roe,fcf,interest_coverage,ocf_ni,net_margin","2016,2017,2018,2019,2020,2021,2022,2023,2024,2025","2021,2022,2023,2024,2025"
688023,安恒信息,SH,软件开发,保留,,排除,2.604,-941010402.69,-0.325013,62.385788,-1.993481,0.315257,0.0,,"roe,fcf,interest_coverage,ocf_ni,net_margin","2016,2017,2018,2019,2020,2021,2022,2023,2024,2025","2021,2022,2023,2024,2025"
688025,杰普特,SH,自动化设备,保留,,排除,11.077,62696109.23,50.619358,37.55869,0.37794,9.235853,0.0,,ocf_ni,"2016,2017,2018,2019,2020,2021,2022,2023,2024,2025","2021,2022,2023,2024,2025"
688026,洁特生物,SH,医疗器械,保留,,排除,14.791,-102459313.85,2.767422,37.436831,2.350357,18.505516,0.0,,fcf,"2016,2017,2018,2019,2020,2021,2022,2023,2024,2025","2021,2022,2023,2024,2025"
688027,国盾量子,SH,通信设备,保留,,排除,1.601,-357058012.75,,48.988016,-0.429829,-5.434976,0.0,,"roe,fcf,ocf_ni,net_margin","2016,2017,2018,2019,2020,2021,2022,2023,2024,2025","2021,2022,2023,2024,2025"
688028,沃尔德,SH,通用设备,保留,,排除,10.275,-314132226.28,61.095827,45.851282,1.479384,19.345406,0.0,,fcf,"2016,2017,2018,2019,2020,2021,2022,2023,2024,2025","2021,2022,2023,2024,2025"
688029,南微医学,SH,医疗器械,保留,,通过,14.813,1110800271.25,,64.276521,0.945242,16.228722,0.0,,,"2016,2017,2018,2019,2020,2021,2022,2023,2024,2025","2021,2022,2023,2024,2025"
688030,山石网科,SH,软件开发,保留,,排除,1.121,-1016116403.83,-6.825903,68.910229,0.342443,-2.935944,0.0,,"roe,fcf,interest_coverage,ocf_ni,net_margin","2016,2017,2018,2019,2020,2021,2022,2023,2024,2025","2021,2022,2023,2024,2025"
688031,星环科技,SH,软件开发,保留,,排除,-36.53875,-1598259513.5,-3728.783323,54.858729,0.949144,,0.0,net_margin,"roe,fcf,interest_coverage","2018,2019,2020,2021,2022,2023,2024,2025","2021,2022,2023,2024,2025"
688032,禾迈股份,SH,光伏设备,保留,,排除,10.576667,-1665638074.65,,39.56933,0.719174,,0.0,net_margin,fcf,"2017,2018,2019,2020,2021,2022,2023,2024,2025","2021,2022,2023,2024,2025"
688033,*ST天宜,SH,轨交设备Ⅱ,保留,,排除,1.101,-3505858141.02,-23.314595,17.361165,-0.767003,-26.573393,0.0,,"roe,fcf,interest_coverage,ocf_ni,net_margin","2016,2017,2018,2019,2020,2021,2022,2023,2024,2025","2021,2022,2023,2024,2025"
688035,德邦科技,SH,电子化学品Ⅱ,保留,,排除,7.95125,-635705295.5,,29.810401,0.564306,,0.0,net_margin,"roe,fcf,ocf_ni","2018,2019,2020,2021,2022,2023,2024,2025","2021,2022,2023,2024,2025"
688036,传音控股,SH,消费电子,保留,,通过,23.39,18149851418.99,23.875562,21.320113,1.008185,5.511636,0.0,,,"2016,2017,2018,2019,2020,2021,2022,2023,2024,2025","2021,2022,2023,2024,2025"
688037,芯源微,SH,半导体,保留,,排除,9.745,-1342835170.99,2.375557,37.613826,-0.097997,11.389713,0.0,,"fcf,ocf_ni","2016,2017,2018,2019,2020,2021,2022,2023,2024,2025","2021,2022,2023,2024,2025"
688038,中科通达,SH,软件开发,保留,,排除,2.26,-255608725.22,,21.757393,-1.015787,,0.0,net_margin,"roe,fcf,ocf_ni","2017,2018,2019,2020,2021,2022,2023,2024,2025","2021,2022,2023,2024,2025"
688039,当虹科技,SH,IT服务Ⅱ,保留,,排除,7.456,-693414459.39,-19.863668,37.767221,-0.02879,3.534787,0.0,,"roe,fcf,interest_coverage,ocf_ni,net_margin","2016,2017,2018,2019,2020,2021,2022,2023,2024,2025","2021,2022,2023,2024,2025"
688041,海光信息,SH,半导体,保留,,排除,3.9925,-724850529.92,,57.916854,0.749682,,0.0,net_margin,"roe,fcf","2018,2019,2020,2021,2022,2023,2024,2025","2021,2022,2023,2024,2025"
688045,必易微,SH,半导体,保留,,排除,23.38625,-26686696.97,26.718376,30.108335,1.064716,,0.0,net_margin,fcf,"2018,2019,2020,2021,2022,2023,2024,2025","2021,2022,2023,2024,2025"
688046,药康生物,SH,医疗服务,保留,,排除,-67.12,-50742565.87,,67.893205,0.939644,,0.0,net_margin,"roe,fcf","2018,2019,2020,2021,2022,2023,2024,2025","2021,2022,2023,2024,2025"
688047,龙芯中科,SH,半导体,保留,,排除,3.86625,-2403106211.59,,42.998884,-2.459678,,0.0,net_margin,"roe,fcf,ocf_ni","2018,2019,2020,2021,2022,2023,2024,2025","2021,2022,2023,2024,2025"
688048,长光华芯,SH,半导体,保留,,排除,-4.28625,-1004442177.01,,38.73864,0.221201,,0.0,net_margin,"roe,fcf,ocf_ni","2018,2019,2020,2021,2022,2023,2024,2025","2021,2022,2023,2024,2025"
688049,炬芯科技,SH,半导体,保留,,豁免A通过,7.058889,310041428.57,,45.297741,0.719476,,0.0,net_margin,roe,"2017,2018,2019,2020,2021,2022,2023,2024,2025","2021,2022,2023,2024,2025"
688050,爱博医疗,SH,医疗器械,保留,,排除,8.937,-6261563.01,14.985126,74.887908,1.065229,23.413058,0.0,,fcf,"2016,2017,2018,2019,2020,2021,2022,2023,2024,2025","2021,2022,2023,2024,2025"
688051,佳华科技,SH,IT服务Ⅱ,保留,,排除,10.151,-592152986.79,-76.190957,15.505525,0.330353,-20.847109,0.0,,"fcf,interest_coverage,ocf_ni,net_margin","2016,2017,2018,2019,2020,2021,2022,2023,2024,2025","2021,2022,2023,2024,2025"
688052,纳芯微,SH,半导体,保留,,排除,12.004,-3053111702.56,-8.169252,41.950213,0.498974,6.481051,0.0,,"fcf,interest_coverage,ocf_ni","2016,2017,2018,2019,2020,2021,2022,2023,2024,2025","2021,2022,2023,2024,2025"
688053,ST思科瑞,SH,军工电子Ⅱ,保留,,排除,20.58125,-343708388.46,,53.26732,-0.170347,,0.0,net_margin,"fcf,ocf_ni","2018,2019,2020,2021,2022,2023,2024,2025","2021,2022,2023,2024,2025"
688055,龙腾光电,SH,光学光电子,保留,,排除,12.421,1333828852.35,-5.921481,13.339903,-0.577135,5.632605,0.0,,"interest_coverage,gross_margin,ocf_ni","2016,2017,2018,2019,2020,2021,2022,2023,2024,2025","2021,2022,2023,2024,2025"
688056,莱伯泰科,SH,通用设备,保留,,通过,12.431,51446553.94,,46.156164,0.954607,14.014164,0.0,,,"2016,2017,2018,2019,2020,2021,2022,2023,2024,2025","2021,2022,2023,2024,2025"
688057,金达莱,SH,环境治理,保留,,通过,14.205,899320186.54,,63.225908,1.312763,34.695682,0.0,,,"2016,2017,2018,2019,2020,2021,2022,2023,2024,2025","2021,2022,2023,2024,2025"
688058,宝兰德,SH,软件开发,保留,,排除,11.744,-315477855.97,,84.214406,0.124778,15.47237,0.0,,"fcf,ocf_ni","2016,2017,2018,2019,2020,2021,2022,2023,2024,2025","2021,2022,2023,2024,2025"
688059,华锐精密,SH,通用设备,保留,,排除,20.494444,-372440808.36,5.251551,44.901372,0.951972,,0.0,net_margin,fcf,"2017,2018,2019,2020,2021,2022,2023,2024,2025","2021,2022,2023,2024,2025"
688060,云涌科技,SH,计算机设备,保留,,排除,13.17062,-349145529.23,-116.148362,30.875391,-0.938237,13.0379,0.0,,"fcf,interest_coverage,ocf_ni","2016,2017,2018,2019,2020,2021,2022,2023,2024,2025","2021,2022,2023,2024,2025"
688061,灿瑞科技,SH,半导体,保留,,排除,9.26125,-548803121.99,-53.211107,33.812287,-1.513058,,0.0,net_margin,"fcf,interest_coverage,ocf_ni","2018,2019,2020,2021,2022,2023,2024,2025","2021,2022,2023,2024,2025"
688062,迈威生物,SH,化学制药,保留,,排除,-78.07375,-4921127793.18,-10.972266,91.094708,0.652076,,0.0,net_margin,"roe,fcf,interest_coverage,ocf_ni","2017,2018,2019,2020,2021,2022,2023,2024,2025","2021,2022,2023,2024,2025"
688063,派能科技,SH,电池,保留,,排除,15.766667,-354592247.46,,28.447397,5.39644,,0.0,net_margin,fcf,"2017,2018,2019,2020,2021,2022,2023,2024,2025","2021,2022,2023,2024,2025"
688065,凯赛生物,SH,化学制品,周期,周期性行业,行业排除,,,,,,,,,,,
688066,*ST航图,SH,IT服务Ⅱ,保留,,排除,-0.576667,-2970592461.84,-14.689692,35.370235,0.01953,-42.302289,0.0,,"roe,fcf,interest_coverage,ocf_ni,net_margin","2016,2017,2018,2019,2020,2021,2022,2023,2024,2025","2021,2022,2023,2024,2025"
688067,爱威科技,SH,医疗器械,保留,,通过,10.641,110421742.92,,57.782994,1.327806,16.274244,0.0,,,"2016,2017,2018,2019,2020,2021,2022,2023,2024,2025","2021,2022,2023,2024,2025"
688068,热景生物,SH,医疗器械,保留,,排除,25.156,1927350634.25,,56.690686,0.278372,8.72095,0.0,,ocf_ni,"2016,2017,2018,2019,2020,2021,2022,2023,2024,2025","2021,2022,2023,2024,2025"
688069,德林海,SH,环境治理,保留,,排除,19.771,-83979536.81,,39.752722,-1.080566,18.197052,0.0,,"fcf,ocf_ni","2016,2017,2018,2019,2020,2021,2022,2023,2024,2025","2021,2022,2023,2024,2025"
688070,纵横股份,SH,航空装备Ⅱ,保留,,排除,6.037778,-566441358.3,3.167547,43.180483,-0.198404,,0.0,net_margin,"roe,fcf,ocf_ni","2017,2018,2019,2020,2021,2022,2023,2024,2025","2021,2022,2023,2024,2025"
688071,华依科技,SH,专用设备,保留,,排除,13.706667,-1116861122.56,-3.562952,36.840793,0.179554,,0.0,net_margin,"fcf,interest_coverage,ocf_ni","2017,2018,2019,2020,2021,2022,2023,2024,2025","2021,2022,2023,2024,2025"
688072,拓荆科技,SH,半导体,保留,,排除,5.90125,75235319.39,10.2748,43.40582,0.737626,,0.0,net_margin,roe,"2017,2018,2019,2020,2021,2022,2023,2024,2025","2021,2022,2023,2024,2025"
688073,毕得医药,SH,医疗服务,保留,,排除,-0.78875,-147084890.31,13.401554,43.940887,0.110155,,0.0,net_margin,"roe,fcf,ocf_ni","2018,2019,2020,2021,2022,2023,2024,2025","2021,2022,2023,2024,2025"
688075,安旭生物,SH,医疗器械,保留,,排除,37.41,2496131363.52,1.210003,52.826282,-0.400407,,0.0,net_margin,"interest_coverage,ocf_ni","2017,2018,2019,2020,2021,2022,2023,2024,2025","2021,2022,2023,2024,2025"
688076,ST诺泰,SH,化学制药,保留,,排除,-3.381,-2177878573.84,7.068218,60.625008,1.435972,-71.648671,0.0,,"roe,fcf,net_margin","2016,2017,2018,2019,2020,2021,2022,2023,2024,2025","2021,2022,2023,2024,2025"
688077,大地熊,SH,金属新材料,保留,,排除,10.193,-601950627.4,2.613215,16.72121,-0.179316,6.04976,0.0,,"fcf,ocf_ni","2016,2017,2018,2019,2020,2021,2022,2023,2024,2025","2021,2022,2023,2024,2025"
688078,龙软科技,SH,软件开发,保留,,排除,11.347,-36336447.98,,46.143785,-0.110001,14.511372,0.0,,"fcf,ocf_ni","2016,2017,2018,2019,2020,2021,2022,2023,2024,2025","2021,2022,2023,2024,2025"
688079,美迪凯,SH,光学光电子,保留,,排除,15.786667,-1868006804.85,-4.586455,28.156341,1.449583,,0.0,net_margin,"fcf,interest_coverage","2017,2018,2019,2020,2021,2022,2023,2024,2025","2021,2022,2023,2024,2025"
688080,映翰通,SH,通信设备,保留,,通过,15.162,511618168.79,,49.306786,1.014298,17.807338,0.0,,,"2016,2017,2018,2019,2020,2021,2022,2023,2024,2025","2021,2022,2023,2024,2025"
688081,兴图新科,SH,军工电子Ⅱ,保留,,排除,1.904,-329512391.97,-44.292327,52.557885,0.654826,-13.886797,0.0,,"roe,fcf,interest_coverage,ocf_ni,net_margin","2016,2017,2018,2019,2020,2021,2022,2023,2024,2025","2021,2022,2023,2024,2025"
688082,盛美上海,SH,半导体,保留,,排除,33.025556,-1651290933.4,44.915686,47.862281,-0.071151,,0.0,net_margin,"fcf,ocf_ni","2017,2018,2019,2020,2021,2022,2023,2024,2025","2021,2022,2023,2024,2025"
688083,中望软件,SH,软件开发,保留,,排除,25.719,-184280493.15,2.416701,96.063438,4.649813,14.716651,0.0,,fcf,"2016,2017,2018,2019,2020,2021,2022,2023,2024,2025","2021,2022,2023,2024,2025"
688084,晶品特装,SH,军工电子Ⅱ,保留,,排除,6.468333,-239616347.46,,29.276776,-0.335239,,0.0,net_margin,"roe,fcf,ocf_ni","2018,2019,2020,2021,2022,2023,2024,2025","2021,2022,2023,2024,2025"
688085,三友医疗,SH,医疗器械,保留,,通过,9.094,325136490.43,,81.373449,1.285289,18.951639,0.0,,,"2016,2017,2018,2019,2020,2021,2022,2023,2024,2025","2021,2022,2023,2024,2025"
688087,英科再生,SH,家居用品,保留,,排除,14.878889,-101466209.04,3.105122,26.350834,1.257843,,0.0,net_margin,fcf,"2017,2018,2019,2020,2021,2022,2023,2024,2025","2021,2022,2023,2024,2025"
688088,虹软科技,SH,IT服务Ⅱ,保留,,通过,18.947,272784204.74,,90.091982,1.176177,26.253589,0.0,,,"2016,2017,2018,2019,2020,2021,2022,2023,2024,2025","2021,2022,2023,2024,2025"
688089,ST嘉必优,SH,化学制品,周期,周期性行业,行业排除,,,,,,,,,,,
688090,瑞松科技,SH,自动化设备,保留,,排除,6.805,50493004.92,,18.170261,2.54184,3.959866,0.0,,"roe,net_margin","2016,2017,2018,2019,2020,2021,2022,2023,2024,2025","2021,2022,2023,2024,2025"
688091,上海谊众,SH,化学制药,保留,,排除,-14.835556,-89322105.94,,90.88786,3.773975,,0.0,net_margin,"roe,fcf","2017,2018,2019,2020,2021,2022,2023,2024,2025","2021,2022,2023,2024,2025"
688092,爱科科技,SH,专用设备,保留,,数据不足,17.848889,226957728.42,,42.915461,0.996823,,0.0,net_margin,,"2017,2018,2019,2020,2021,2022,2023,2024,2025","2021,2022,2023,2024,2025"
688093,世华科技,SH,其他电子Ⅱ,保留,,数据不足,31.233333,25031828.57,183.530143,58.934795,0.955602,,0.0,net_margin,,"2017,2018,2019,2020,2021,2022,2023,2024,2025","2021,2022,2023,2024,2025"
688095,福昕软件,SH,软件开发,保留,,排除,6.655,54792255.36,,93.598107,-5.600717,7.606165,0.0,,"roe,ocf_ni","2016,2017,2018,2019,2020,2021,2022,2023,2024,2025","2021,2022,2023,2024,2025"
688096,京源环保,SH,环境治理,保留,,排除,8.977,-765308263.05,-2.422932,31.582486,-0.173453,8.913851,0.0,,"fcf,interest_coverage,ocf_ni","2016,2017,2018,2019,2020,2021,2022,2023,2024,2025","2021,2022,2023,2024,2025"
688097,博众精工,SH,自动化设备,保留,,排除,17.548,-514142157.86,7.939642,32.453587,-0.256874,9.453902,0.0,,"fcf,ocf_ni","2016,2017,2018,2019,2020,2021,2022,2023,2024,2025","2021,2022,2023,2024,2025"
688098,申联生物,SH,动物保健Ⅱ,保留,,排除,7.901,-315892042.97,,67.772485,-0.506579,19.894588,0.0,,"roe,fcf,ocf_ni","2016,2017,2018,2019,2020,2021,2022,2023,2024,2025","2021,2022,2023,2024,2025"
688099,晶晨股份,SH,半导体,保留,,通过,17.013,1079181537.66,,37.611882,0.870062,9.988114,0.0,,,"2016,2017,2018,2019,2020,2021,2022,2023,2024,2025","2021,2022,2023,2024,2025"
688100,威胜信息,SH,通信设备,保留,,通过,15.289,1497690727.93,,38.549285,0.736601,18.793878,0.0,,,"2016,2017,2018,2019,2020,2021,2022,2023,2024,2025","2021,2022,2023,2024,2025"
688101,三达膜,SH,环境治理,保留,,通过,10.353,312154191.0,16.70065,34.53614,0.875743,25.232043,0.0,,,"2016,2017,2018,2019,2020,2021,2022,2023,2024,2025","2021,2022,2023,2024,2025"
688102,斯瑞新材,SH,金属新材料,保留,,排除,10.297778,-677718532.42,13.018164,21.273443,1.201043,,0.0,net_margin,fcf,"2017,2018,2019,2020,2021,2022,2023,2024,2025","2021,2022,2023,2024,2025"
688103,国力电子,SH,其他电子Ⅱ,保留,,排除,11.665,-144158893.74,3.462714,34.166519,0.934653,12.237744,0.0,,fcf,"2016,2017,2018,2019,2020,2021,2022,2023,2024,2025","2021,2022,2023,2024,2025"
688105,诺唯赞,SH,生物制品,保留,,排除,18.516667,148425284.45,-7.09822,72.121802,-2.701769,,0.0,net_margin,"interest_coverage,ocf_ni","2017,2018,2019,2020,2021,2022,2023,2024,2025","2021,2022,2023,2024,2025"
688106,金宏气体,SH,电子化学品Ⅱ,保留,,排除,10.843,-2103577682.84,2.978058,33.105217,2.393909,10.182267,0.0,,fcf,"2016,2017,2018,2019,2020,2021,2022,2023,2024,2025","2021,2022,2023,2024,2025"
688107,安路科技,SH,半导体,保留,,排除,-6.3925,-1052878978.13,-54190.006681,38.357413,0.460589,,0.0,net_margin,"roe,fcf,interest_coverage,ocf_ni","2018,2019,2020,2021,2022,2023,2024,2025","2021,2022,2023,2024,2025"
688108,赛诺医疗,SH,医疗器械,保留,,排除,2.633,-274189151.9,15.95906,64.823156,18.151326,-7.140127,0.0,,"roe,fcf,net_margin","2016,2017,2018,2019,2020,2021,2022,2023,2024,2025","2021,2022,2023,2024,2025"
688109,品茗科技,SH,软件开发,保留,,通过,24.953,5740837.76,,74.96354,1.552609,15.016792,0.0,,,"2016,2017,2018,2019,2020,2021,2022,2023,2024,2025","2021,2022,2023,2024,2025"
688110,东芯股份,SH,半导体,保留,,排除,12.051111,-1121857111.62,-22.854663,26.585564,0.499995,,0.0,net_margin,"fcf,interest_coverage,ocf_ni","2017,2018,2019,2020,2021,2022,2023,2024,2025","2021,2022,2023,2024,2025"
688111,金山办公,SH,软件开发,保留,,通过,17.889,9458314612.79,3981.912785,85.658974,1.496593,29.663825,0.0,,,"2016,2017,2018,2019,2020,2021,2022,2023,2024,2025","2021,2022,2023,2024,2025"
688112,鼎阳科技,SH,通用设备,保留,,数据不足,28.33,362717749.16,,59.574089,0.732012,,0.0,net_margin,,"2017,2018,2019,2020,2021,2022,2023,2024,2025","2021,2022,2023,2024,2025"
688113,联测科技,SH,专用设备,保留,,数据不足,15.976667,21866239.8,,40.000962,0.837282,,0.0,net_margin,,"2017,2018,2019,2020,2021,2022,2023,2024,2025","2021,2022,2023,2024,2025"
688114,华大智造,SH,医疗器械,保留,,排除,3.272857,-1524193260.61,,56.774573,0.93117,,0.0,net_margin,"roe,fcf","2017,2018,2019,2020,2021,2022,2023,2024,2025","2021,2022,2023,2024,2025"
688115,思林杰,SH,通用设备,保留,,排除,23.93625,-442674405.1,,63.151902,-1.146597,,0.0,net_margin,"fcf,ocf_ni","2018,2019,2020,2021,2022,2023,2024,2025","2021,2022,2023,2024,2025"
688116,天奈科技,SH,电池,保留,,排除,9.313,-1027808329.94,8.487124,34.874546,0.698142,17.578085,0.0,,"fcf,ocf_ni","2016,2017,2018,2019,2020,2021,2022,2023,2024,2025","2021,2022,2023,2024,2025"
688117,圣诺生物,SH,生物制品,保留,,排除,11.19,-434763854.68,11.908527,63.364895,1.035825,,0.0,net_margin,fcf,"2017,2018,2019,2020,2021,2022,2023,2024,2025","2021,2022,2023,2024,2025"
688118,普元信息,SH,软件开发,保留,,排除,7.858,-83151880.44,,51.412249,2.327564,7.274954,0.0,,"roe,fcf","2016,2017,2018,2019,2020,2021,2022,2023,2024,2025","2021,2022,2023,2024,2025"
688119,中钢洛耐,SH,装修建材,保留,,排除,12.115556,-293586695.39,-10.00643,17.67894,-0.009263,,0.0,net_margin,"fcf,interest_coverage,ocf_ni","2017,2018,2019,2020,2021,2022,2023,2024,2025","2021,2022,2023,2024,2025"
688120,华海清科,SH,半导体,保留,,数据不足,8.901429,1789568854.93,,44.203003,0.956879,,0.0,net_margin,,"2017,2018,2019,2020,2021,2022,2023,2024,2025","2021,2022,2023,2024,2025"
688121,*ST卓然,SH,,保留,,数据不足,20.27875,,2.396915,,,,0.0,"fcf,gross_margin,ocf_ni,net_margin",,"2017,2018,2019,2020,2021,2022,2023,2024","2021,2022,2023,2024"
688122,西部超导,SH,航空装备Ⅱ,保留,,排除,12.991,-287457504.47,19.924845,36.04242,0.415371,17.420109,0.0,,"fcf,ocf_ni","2016,2017,2018,2019,2020,2021,2022,2023,2024,2025","2021,2022,2023,2024,2025"
688123,聚辰股份,SH,半导体,保留,,通过,15.99,788942708.4,,52.899285,0.899004,21.60615,0.0,,,"2016,2017,2018,2019,2020,2021,2022,2023,2024,2025","2021,2022,2023,2024,2025"
688125,安达智能,SH,自动化设备,保留,,排除,13.19,-283152901.83,,52.15802,2.194571,,0.0,net_margin,fcf,"2018,2019,2020,2021,2022,2023,2024,2025","2021,2022,2023,2024,2025"
688126,沪硅产业,SH,半导体,保留,,排除,-2.234286,-18943262480.46,-18.734461,5.81976,0.645189,-4.867822,0.0,,"roe,fcf,interest_coverage,gross_margin,ocf_ni,net_margin","2016,2017,2018,2019,2020,2021,2022,2023,2024,2025","2021,2022,2023,2024,2025"
688127,蓝特光学,SH,光学光电子,保留,,排除,20.312,-275832459.7,845.178533,42.534618,1.378371,29.233051,0.0,,fcf,"2016,2017,2018,2019,2020,2021,2022,2023,2024,2025","2021,2022,2023,2024,2025"
688128,中国电研,SH,专用设备,保留,,通过,16.047,1877353220.52,,30.545669,1.33247,9.258264,0.0,,,"2016,2017,2018,2019,2020,2021,2022,2023,2024,2025","2021,2022,2023,2024,2025"
688129,东来技术,SH,化学制品,周期,周期性行业,行业排除,,,,,,,,,,,
688130,晶华微,SH,半导体,保留,,排除,29.45625,12958943.37,,62.482697,0.323929,,0.0,net_margin,ocf_ni,"2018,2019,2020,2021,2022,2023,2024,2025","2021,2022,2023,2024,2025"
688131,皓元医药,SH,医疗服务,保留,,排除,16.883,-1201357521.11,4.707856,49.159761,0.356585,12.628689,0.0,,"fcf,ocf_ni","2016,2017,2018,2019,2020,2021,2022,2023,2024,2025","2021,2022,2023,2024,2025"
688132,邦彦技术,SH,军工电子Ⅱ,保留,,排除,-46.621111,-334480386.15,-791.406217,60.394904,0.026188,,0.0,net_margin,"roe,fcf,interest_coverage,ocf_ni","2017,2018,2019,2020,2021,2022,2023,2024,2025","2021,2022,2023,2024,2025"
688133,泰坦科技,SH,化学制品,周期,周期性行业,行业排除,,,,,,,,,,,
688135,利扬芯片,SH,半导体,保留,,排除,5.699,-1114733121.15,-0.280331,33.822175,-2.934965,11.284311,0.0,,"roe,fcf,interest_coverage,ocf_ni","2016,2017,2018,2019,2020,2021,2022,2023,2024,2025","2021,2022,2023,2024,2025"
688136,科兴制药,SH,生物制品,保留,,排除,9.835556,-1026280087.74,4.606233,71.524117,1.265016,,0.0,net_margin,fcf,"2017,2018,2019,2020,2021,2022,2023,2024,2025","2021,2022,2023,2024,2025"
688137,近岸蛋白,SH,生物制品,保留,,排除,18.101429,-131970018.99,,75.836818,1.165058,,0.0,net_margin,fcf,"2018,2019,2020,2021,2022,2023,2024,2025","2021,2022,2023,2024,2025"
688138,清溢光电,SH,半导体,保留,,排除,9.245,-1164042664.51,8.891259,27.726839,2.184775,13.857138,0.0,,fcf,"2016,2017,2018,2019,2020,2021,2022,2023,2024,2025","2021,2022,2023,2024,2025"
688139,海尔生物,SH,医疗器械,保留,,通过,13.506,1110981785.25,,48.335333,0.846162,19.932482,0.0,,,"2016,2017,2018,2019,2020,2021,2022,2023,2024,2025","2021,2022,2023,2024,2025"
688141,杰华特,SH,半导体,保留,,排除,-9.37,-2878549022.96,,32.644643,-1.334078,,0.0,net_margin,"roe,fcf,ocf_ni","2018,2019,2020,2021,2022,2023,2024,2025","2021,2022,2023,2024,2025"
688143,长盈通,SH,通信设备,保留,,排除,11.11,-410749510.71,7.245895,51.817192,0.299442,,0.0,net_margin,"fcf,ocf_ni","2018,2019,2020,2021,2022,2023,2024,2025","2021,2022,2023,2024,2025"
688146,中船特气,SH,半导体,保留,,排除,15.074286,-201751890.91,,34.73268,1.717636,,0.0,net_margin,fcf,"2019,2020,2021,2022,2023,2024,2025","2021,2022,2023,2024,2025"
688147,微导纳米,SH,半导体,保留,,排除,-14.95,-1251910168.52,4.695553,40.62223,-0.16561,,0.0,net_margin,"roe,fcf,ocf_ni","2017,2018,2019,2020,2021,2022,2023,2024,2025","2021,2022,2023,2024,2025"
688148,芳源股份,SH,电池,保留,,排除,-6.682,-1793941567.95,-1.034779,5.339853,-11.005238,-1.901888,0.0,,"roe,fcf,interest_coverage,gross_margin,ocf_ni,net_margin","2016,2017,2018,2019,2020,2021,2022,2023,2024,2025","2021,2022,2023,2024,2025"
688150,莱特光电,SH,电子化学品Ⅱ,保留,,数据不足,12.342222,187665532.31,187.447126,64.247303,1.340691,,0.0,net_margin,,"2016,2018,2019,2020,2021,2022,2023,2024,2025","2021,2022,2023,2024,2025"
688151,华强科技,SH,医疗器械,保留,,排除,8.742222,-94918525.44,,24.315152,-2.97733,,0.0,net_margin,"fcf,ocf_ni","2017,2018,2019,2020,2021,2022,2023,2024,2025","2021,2022,2023,2024,2025"
688152,麒麟信安,SH,软件开发,保留,,排除,23.9175,-105548448.16,-443.973959,68.148478,0.073312,,0.0,net_margin,"fcf,interest_coverage,ocf_ni","2018,2019,2020,2021,2022,2023,2024,2025","2021,2022,2023,2024,2025"
688153,唯捷创芯,SH,半导体,保留,,排除,-7.39375,154814344.31,,26.44979,7.132582,,0.0,net_margin,roe,"2018,2019,2020,2021,2022,2023,2024,2025","2021,2022,2023,2024,2025"
688155,先惠技术,SH,电池,保留,,排除,11.971,-78048077.89,18.727854,24.409312,2.126683,8.147585,0.0,,fcf,"2016,2017,2018,2019,2020,2021,2022,2023,2024,2025","2021,2022,2023,2024,2025"
688156,路德科技,SH,环境治理,保留,,排除,5.818,-903841952.16,-3.557064,30.140475,-0.280545,5.876084,0.0,,"roe,fcf,interest_coverage,ocf_ni","2016,2017,2018,2019,2020,2021,2022,2023,2024,2025","2021,2022,2023,2024,2025"
688157,松井股份,SH,化学制品,周期,周期性行业,行业排除,,,,,,,,,,,
688158,优刻得,SH,IT服务Ⅱ,保留,,排除,-5.676667,-2680356921.42,-149.008548,13.482287,-0.906051,-12.243498,0.0,,"roe,fcf,interest_coverage,gross_margin,ocf_ni,net_margin","2016,2017,2018,2019,2020,2021,2022,2023,2024,2025","2021,2022,2023,2024,2025"
688159,有方科技,SH,通信设备,保留,,排除,6.43,-312020461.46,0.583737,13.807605,2.678649,1.069937,0.0,,"roe,fcf,interest_coverage,gross_margin,net_margin","2016,2017,2018,2019,2020,2021,2022,2023,2024,2025","2021,2022,2023,2024,2025"
688160,步科股份,SH,自动化设备,保留,,通过,15.036,123982465.02,181.904366,36.553961,0.984483,12.233588,0.0,,,"2016,2017,2018,2019,2020,2021,2022,2023,2024,2025","2021,2022,2023,2024,2025"
688161,威高骨科,SH,医疗器械,保留,,数据不足,14.684444,1783287674.74,,70.976382,1.164746,,0.0,net_margin,,"2017,2018,2019,2020,2021,2022,2023,2024,2025","2021,2022,2023,2024,2025"
688162,巨一科技,SH,专用设备,保留,,排除,12.423333,-723329696.7,11.37144,16.428794,2.978874,,0.0,net_margin,fcf,"2017,2018,2019,2020,2021,2022,2023,2024,2025","2021,2022,2023,2024,2025"
688163,赛伦生物,SH,生物制品,保留,,通过,19.071,102093311.42,,79.867635,1.082895,33.33241,0.0,,,"2016,2017,2018,2019,2020,2021,2022,2023,2024,2025","2021,2022,2023,2024,2025"
688165,埃夫特,SH,自动化设备,保留,,排除,-10.562,-1085174010.09,-32.258701,12.227118,1.384628,-13.059024,0.0,,"roe,fcf,interest_coverage,gross_margin,net_margin","2016,2017,2018,2019,2020,2021,2022,2023,2024,2025","2021,2022,2023,2024,2025"
688166,博瑞医药,SH,化学制药,保留,,排除,10.733,-1497913725.72,0.280786,56.675425,2.049198,16.774902,0.0,,"fcf,interest_coverage","2016,2017,2018,2019,2020,2021,2022,2023,2024,2025","2021,2022,2023,2024,2025"
688167,炬光科技,SH,半导体,保留,,排除,0.816,-766180450.47,,43.696868,-0.291641,2.264372,0.0,,"roe,fcf,ocf_ni,net_margin","2016,2017,2018,2019,2020,2021,2022,2023,2024,2025","2021,2022,2023,2024,2025"
688168,安博通,SH,软件开发,保留,,排除,6.56,-789909079.92,-22.027819,64.895316,1.919109,8.635963,0.0,,"roe,fcf,interest_coverage","2016,2017,2018,2019,2020,2021,2022,2023,2024,2025","2021,2022,2023,2024,2025"
688169,石头科技,SH,小家电,保留,,通过,25.692,5617598697.0,,48.757362,0.908011,14.819999,0.0,,,"2016,2017,2018,2019,2020,2021,2022,2023,2024,2025","2021,2022,2023,2024,2025"
688170,德龙激光,SH,自动化设备,保留,,排除,6.44625,-349783894.17,76.74378,45.746274,0.764864,,0.0,net_margin,"roe,fcf","2018,2019,2020,2021,2022,2023,2024,2025","2021,2022,2023,2024,2025"
688171,纬德信息,SH,软件开发,保留,,排除,31.893333,-136259804.1,,44.264744,0.905219,,0.0,net_margin,fcf,"2017,2018,2019,2020,2021,2022,2023,2024,2025","2021,2022,2023,2024,2025"
688172,燕东微,SH,半导体,保留,,排除,1.562857,-20098330631.3,,27.737976,0.040766,,0.0,net_margin,"roe,fcf,ocf_ni","2019,2020,2021,2022,2023,2024,2025","2021,2022,2023,2024,2025"
688173,希荻微,SH,半导体,保留,,排除,-17.915,-1021863150.37,,40.432493,2.434665,,0.0,net_margin,"roe,fcf","2018,2019,2020,2021,2022,2023,2024,2025","2021,2022,2023,2024,2025"
688175,高凌信息,SH,军工电子Ⅱ,保留,,排除,9.26875,-16246162.3,,44.912729,0.914394,,0.0,net_margin,fcf,"2018,2019,2020,2021,2022,2023,2024,2025","2021,2022,2023,2024,2025"
688176,亚虹医药,SH,化学制药,保留,,排除,-763.175,-1843966578.51,-97.291726,77.316353,0.960246,,0.0,net_margin,"roe,fcf,interest_coverage","2018,2019,2020,2021,2022,2023,2024,2025","2021,2022,2023,2024,2025"
688177,百奥泰,SH,生物制品,保留,,排除,-125.605556,-1622626372.31,-20.834562,74.891965,1.053496,,0.0,net_margin,"roe,fcf,interest_coverage","2016,2017,2018,2019,2020,2021,2022,2023,2024,2025","2021,2022,2023,2024,2025"
688178,万德斯,SH,环境治理,保留,,排除,12.51,-803519781.37,-7.063414,18.987388,0.179699,4.644347,0.0,,"fcf,interest_coverage,ocf_ni,net_margin","2016,2017,2018,2019,2020,2021,2022,2023,2024,2025","2021,2022,2023,2024,2025"
688179,阿拉丁,SH,化学制品,周期,周期性行业,行业排除,,,,,,,,,,,
688180,君实生物,SH,生物制品,保留,,排除,-28.379,-9927228981.31,-15.312053,71.725512,0.834836,-2819.012262,0.0,,"roe,fcf,interest_coverage,net_margin","2016,2017,2018,2019,2020,2021,2022,2023,2024,2025","2021,2022,2023,2024,2025"
688181,八亿时空,SH,光学光电子,保留,,排除,12.04,-951416695.7,9.80737,43.301353,1.437962,19.49796,0.0,,fcf,"2016,2017,2018,2019,2020,2021,2022,2023,2024,2025","2021,2022,2023,2024,2025"
688182,灿勤科技,SH,通信设备,保留,,排除,29.96,-595514693.76,,30.746477,0.979705,,0.0,net_margin,fcf,"2017,2018,2019,2020,2021,2022,2023,2024,2025","2021,2022,2023,2024,2025"
688183,生益电子,SH,元件,保留,,排除,14.898889,-787881411.38,28.565535,22.4662,-2.227937,,0.0,net_margin,"fcf,ocf_ni","2017,2018,2019,2020,2021,2022,2023,2024,2025","2021,2022,2023,2024,2025"
688184,ST帕瓦,SH,电池,保留,,排除,-7.99625,-2391983840.04,-302.525359,-4.389188,-0.426518,,0.0,net_margin,"roe,fcf,interest_coverage,gross_margin,ocf_ni","2018,2019,2020,2021,2022,2023,2024,2025","2021,2022,2023,2024,2025"
688185,康希诺,SH,生物制品,保留,,排除,-10.605,-4376237553.05,1.061629,62.062321,1.485009,-8054.385922,0.0,,"roe,fcf,interest_coverage,net_margin","2016,2017,2018,2019,2020,2021,2022,2023,2024,2025","2021,2022,2023,2024,2025"
688186,广大特材,SH,特钢Ⅱ,保留,,排除,10.299,-6931584560.96,1.857148,16.645748,-4.79028,5.989772,0.0,,"fcf,interest_coverage,ocf_ni","2016,2017,2018,2019,2020,2021,2022,2023,2024,2025","2021,2022,2023,2024,2025"
688187,时代电气,SH,轨交设备Ⅱ,保留,,数据不足,10.594444,1914515822.0,,32.188777,0.930024,,0.0,net_margin,,"2017,2018,2019,2020,2021,2022,2023,2024,2025","2021,2022,2023,2024,2025"
688188,柏楚电子,SH,计算机设备,保留,,通过,33.638,3475572745.41,,79.376131,1.090129,57.796631,0.0,,,"2016,2017,2018,2019,2020,2021,2022,2023,2024,2025","2021,2022,2023,2024,2025"
688189,ST南新,SH,化学制药,保留,,排除,19.598,-216317373.35,-1547.770617,68.040268,-1.701609,-22.839271,0.0,,"fcf,interest_coverage,ocf_ni,net_margin","2016,2017,2018,2019,2020,2021,2022,2023,2024,2025","2021,2022,2023,2024,2025"
688190,云路股份,SH,金属新材料,保留,,排除,18.7325,167295381.29,134.510462,27.797618,0.275446,,0.0,net_margin,ocf_ni,"2018,2019,2020,2021,2022,2023,2024,2025","2021,2022,2023,2024,2025"
688191,智洋创新,SH,电网设备,保留,,排除,16.598,-65602548.72,88.534563,32.095614,0.923331,13.416889,0.0,,fcf,"2016,2017,2018,2019,2020,2021,2022,2023,2024,2025","2021,2022,2023,2024,2025"
688192,迪哲医药,SH,化学制药,保留,,排除,-83.90375,-3725321731.69,-25.383776,,0.793487,,0.0,"gross_margin,net_margin","roe,fcf,interest_coverage","2018,2019,2020,2021,2022,2023,2024,2025","2021,2022,2023,2024,2025"
688193,仁度生物,SH,医疗器械,保留,,排除,2.205,28657066.13,,75.787075,0.369658,,0.0,net_margin,"roe,ocf_ni","2018,2019,2020,2021,2022,2023,2024,2025","2021,2022,2023,2024,2025"
688195,腾景科技,SH,光学光电子,保留,,排除,4.358889,-275434973.75,13.895512,34.135736,1.395708,,0.4,net_margin,"roe,fcf,share_inflation","2017,2018,2019,2020,2021,2022,2023,2024,2025","2021,2022,2023,2024,2025"
688196,卓越新能,SH,化学制品,周期,周期性行业,行业排除,,,,,,,,,,,
688197,首药控股,SH,化学制药,保留,,排除,-102.14625,-811332422.63,,98.612258,0.916788,,0.0,net_margin,"roe,fcf","2017,2018,2019,2020,2021,2022,2023,2024,2025","2021,2022,2023,2024,2025"
688198,佰仁医疗,SH,医疗器械,保留,,通过,17.917,75391282.2,,88.996641,1.205338,33.389834,0.0,,,"2016,2017,2018,2019,2020,2021,2022,2023,2024,2025","2021,2022,2023,2024,2025"
688199,久日新材,SH,化学制品,周期,周期性行业,行业排除,,,,,,,,,,,
688200,华峰测控,SH,半导体,保留,,通过,21.953,1066564825.42,,75.07849,0.792874,41.62628,0.0,,,"2016,2017,2018,2019,2020,2021,2022,2023,2024,2025","2021,2022,2023,2024,2025"
688201,ST信安,SH,软件开发,保留,,排除,17.5,-288978441.1,30.282417,70.653281,1.217202,,0.0,net_margin,fcf,"2017,2018,2019,2020,2021,2022,2023,2024,2025","2021,2022,2023,2024,2025"
688202,美迪西,SH,医疗服务,保留,,排除,11.583,-514526959.6,-18.557434,26.712495,-0.00387,8.415135,0.0,,"fcf,interest_coverage,ocf_ni","2016,2017,2018,2019,2020,2021,2022,2023,2024,2025","2021,2022,2023,2024,2025"
688203,海正生材,SH,塑料,保留,,排除,7.11875,-739126869.37,7.488745,12.965013,2.37252,,0.0,net_margin,"roe,fcf,gross_margin","2018,2019,2020,2021,2022,2023,2024,2025","2021,2022,2023,2024,2025"
688205,德科立,SH,通信设备,保留,,排除,15.1425,-107613579.79,1284.493797,30.061915,0.815856,,0.0,net_margin,fcf,"2018,2019,2020,2021,2022,2023,2024,2025","2021,2022,2023,2024,2025"
688206,概伦电子,SH,软件开发,保留,,排除,22.6225,-276678436.34,,86.780256,1.428484,,0.0,net_margin,fcf,"2018,2019,2020,2021,2022,2023,2024,2025","2021,2022,2023,2024,2025"
688207,格灵深瞳,SH,IT服务Ⅱ,保留,,排除,-33.6525,-389604128.32,,50.895524,1.636551,,0.0,net_margin,"roe,fcf","2018,2019,2020,2021,2022,2023,2024,2025","2021,2022,2023,2024,2025"
688208,道通科技,SH,计算机设备,保留,,排除,16.132,416286019.33,,56.14395,0.028205,15.721039,0.0,,ocf_ni,"2016,2017,2018,2019,2020,2021,2022,2023,2024,2025","2021,2022,2023,2024,2025"
688209,英集芯,SH,半导体,保留,,数据不足,16.61,183904604.18,,36.932297,0.856981,,0.0,net_margin,,"2018,2019,2020,2021,2022,2023,2024,2025","2021,2022,2023,2024,2025"
688210,统联精密,SH,消费电子,保留,,排除,9.23375,-448723538.04,-0.094543,38.893065,-6.118849,,0.0,net_margin,"fcf,interest_coverage,ocf_ni","2017,2018,2019,2020,2021,2022,2023,2024,2025","2021,2022,2023,2024,2025"
688211,中科微至,SH,专用设备,保留,,排除,30.074444,-1288743452.29,,21.379194,4.721112,,0.0,net_margin,fcf,"2017,2018,2019,2020,2021,2022,2023,2024,2025","2021,2022,2023,2024,2025"
688212,澳华内镜,SH,医疗器械,保留,,排除,3.177778,-682845802.84,0.365196,68.422591,-1.132367,,0.0,net_margin,"roe,fcf,interest_coverage,ocf_ni","2017,2018,2019,2020,2021,2022,2023,2024,2025","2021,2022,2023,2024,2025"
688213,思特威,SH,半导体,保留,,排除,9.4,-4175747379.49,21.689558,23.156139,14.05327,,0.0,net_margin,fcf,"2018,2019,2020,2021,2022,2023,2024,2025","2021,2022,2023,2024,2025"
688215,瑞晟智能,SH,自动化设备,保留,,排除,15.313,-375954671.76,10.863532,30.18052,-1.998508,9.406229,0.0,,"fcf,ocf_ni","2016,2017,2018,2019,2020,2021,2022,2023,2024,2025","2021,2022,2023,2024,2025"
688216,气派科技,SH,半导体,保留,,排除,1.738,-844756545.89,-3.143029,5.205944,0.414278,0.284841,0.0,,"roe,fcf,interest_coverage,gross_margin,ocf_ni,net_margin","2016,2017,2018,2019,2020,2021,2022,2023,2024,2025","2021,2022,2023,2024,2025"
688217,睿昂基因,SH,医疗器械,保留,,排除,2.644444,-75770090.56,,71.405671,0.886017,,0.0,net_margin,"roe,fcf","2017,2018,2019,2020,2021,2022,2023,2024,2025","2021,2022,2023,2024,2025"
688218,江苏北人,SH,自动化设备,保留,,排除,9.49,-45875087.42,-63.008144,20.538574,0.97405,6.412406,0.0,,"fcf,interest_coverage","2016,2017,2018,2019,2020,2021,2022,2023,2024,2025","2021,2022,2023,2024,2025"
688219,会通股份,SH,塑料,保留,,排除,8.073333,-72896182.43,3.462334,12.211383,2.46377,,0.0,net_margin,"fcf,gross_margin","2017,2018,2019,2020,2021,2022,2023,2024,2025","2021,2022,2023,2024,2025"
688220,翱捷科技,SH,半导体,保留,,排除,-39.843333,-3337416910.76,,27.29087,1.104002,,0.0,net_margin,"roe,fcf","2017,2018,2019,2020,2021,2022,2023,2024,2025","2021,2022,2023,2024,2025"
688221,前沿生物,SH,化学制药,保留,,排除,-22.976,-1843726733.63,,16.861544,0.851797,,0.0,net_margin,"roe,fcf","2016,2017,2018,2019,2020,2021,2022,2023,2024,2025","2021,2022,2023,2024,2025"
688222,成都先导,SH,医疗服务,保留,,排除,3.602,52649117.57,,50.005812,2.063342,-0.9798,0.0,,"roe,net_margin","2016,2017,2018,2019,2020,2021,2022,2023,2024,2025","2021,2022,2023,2024,2025"
688223,晶科能源,SH,光伏设备,保留,,排除,6.64,-14471266770.85,-6.714555,8.756694,17.357272,1.77189,0.0,,"roe,fcf,interest_coverage,gross_margin,net_margin","2016,2017,2018,2019,2020,2021,2022,2023,2024,2025","2021,2022,2023,2024,2025"
688225,亚信安全,SH,软件开发,保留,,排除,8.707778,622724694.96,-5.238584,48.939274,23.677333,,0.0,net_margin,interest_coverage,"2017,2018,2019,2020,2021,2022,2023,2024,2025","2021,2022,2023,2024,2025"
688226,威腾电气,SH,电网设备,保留,,排除,9.593,-1403346416.09,0.537475,16.544729,1.195944,4.656639,0.0,,"fcf,interest_coverage,net_margin","2016,2017,2018,2019,2020,2021,2022,2023,2024,2025","2021,2022,2023,2024,2025"
688227,品高股份,SH,IT服务Ⅱ,保留,,排除,7.548889,-505187078.77,-14.386321,38.358146,2.821402,,0.0,net_margin,"roe,fcf,interest_coverage","2017,2018,2019,2020,2021,2022,2023,2024,2025","2021,2022,2023,2024,2025"
688228,开普云,SH,IT服务Ⅱ,保留,,排除,19.574,-79121722.73,-3.088491,41.570463,-1.745732,14.985313,0.0,,"fcf,interest_coverage,ocf_ni","2016,2017,2018,2019,2020,2021,2022,2023,2024,2025","2021,2022,2023,2024,2025"
688229,博睿数据,SH,IT服务Ⅱ,保留,,排除,10.107,-415769783.25,,67.370382,0.839459,-21.090404,0.0,,"fcf,net_margin","2016,2017,2018,2019,2020,2021,2022,2023,2024,2025","2021,2022,2023,2024,2025"
688230,芯导科技,SH,半导体,保留,,排除,27.99,209936886.25,,34.451857,0.680701,,0.0,net_margin,ocf_ni,"2018,2019,2020,2021,2022,2023,2024,2025","2021,2022,2023,2024,2025"
688231,隆达股份,SH,金属新材料,保留,,排除,2.08625,-1753840533.11,268.64763,16.698728,-2.010194,,0.0,net_margin,"roe,fcf,ocf_ni","2018,2019,2020,2021,2022,2023,2024,2025","2021,2022,2023,2024,2025"
688232,新点软件,SH,软件开发,保留,,排除,25.181111,-189679657.15,,62.080901,1.893026,,0.0,net_margin,fcf,"2017,2018,2019,2020,2021,2022,2023,2024,2025","2021,2022,2023,2024,2025"
688233,神工股份,SH,半导体,保留,,排除,15.752,-259586269.02,,38.050975,1.27792,25.012186,0.0,,fcf,"2016,2017,2018,2019,2020,2021,2022,2023,2024,2025","2021,2022,2023,2024,2025"
688234,天岳先进,SH,半导体,保留,,排除,-13.52,-3375464930.57,-5.650795,15.488231,0.108485,,0.0,net_margin,"roe,fcf,interest_coverage,ocf_ni","2018,2019,2020,2021,2022,2023,2024,2025","2021,2022,2023,2024,2025"
688235,百济神州,SH,化学制药,保留,,排除,-37.745,-24975827000.0,9.417853,84.564235,2.444588,,0.0,net_margin,"roe,fcf","2017,2018,2019,2020,2021,2022,2023,2024,2025","2021,2022,2023,2024,2025"
688236,春立医疗,SH,医疗器械,保留,,数据不足,17.218889,754592497.16,,71.656578,0.791306,,0.0,net_margin,,"2017,2018,2019,2020,2021,2022,2023,2024,2025","2021,2022,2023,2024,2025"
688237,超卓航科,SH,航空装备Ⅱ,保留,,排除,9.34,-618385882.41,,40.013107,-0.161141,19.385898,0.0,,"fcf,ocf_ni","2016,2017,2018,2019,2020,2021,2022,2023,2024,2025","2021,2022,2023,2024,2025"
688238,和元生物,SH,医疗服务,保留,,排除,-11.784,-1710400932.38,-37.580989,7.408725,0.778204,-41.386801,0.0,,"roe,fcf,interest_coverage,gross_margin,net_margin","2016,2017,2018,2019,2020,2021,2022,2023,2024,2025","2021,2022,2023,2024,2025"
688239,航宇科技,SH,航空装备Ⅱ,保留,,排除,7.898,-814222401.67,7.138327,29.488736,0.585112,4.309474,0.0,,"roe,fcf,ocf_ni,net_margin","2016,2017,2018,2019,2020,2021,2022,2023,2024,2025","2021,2022,2023,2024,2025"
688244,永信至诚,SH,软件开发,保留,,排除,6.082222,-235571755.74,,55.859624,-1.226954,,0.0,net_margin,"roe,fcf,ocf_ni","2016,2018,2019,2020,2021,2022,2023,2024,2025","2021,2022,2023,2024,2025"
688246,嘉和美康,SH,软件开发,保留,,排除,-8.892222,-1133906255.65,-29.794263,40.760469,-2.351971,,0.0,net_margin,"roe,fcf,interest_coverage,ocf_ni","2017,2018,2019,2020,2021,2022,2023,2024,2025","2021,2022,2023,2024,2025"
688247,宣泰医药,SH,化学制药,保留,,豁免A通过,7.84875,89678051.81,,59.259478,1.021506,,0.0,net_margin,roe,"2018,2019,2020,2021,2022,2023,2024,2025","2021,2022,2023,2024,2025"
688248,南网科技,SH,电网设备,保留,,数据不足,12.4525,1117634162.27,,29.754245,1.106779,,0.0,net_margin,,"2018,2019,2020,2021,2022,2023,2024,2025","2021,2022,2023,2024,2025"
688249,晶合集成,SH,半导体,保留,,排除,-3.4775,-24908821769.85,1.199812,32.784533,3.495595,,0.0,net_margin,"roe,fcf,interest_coverage","2018,2019,2020,2021,2022,2023,2024,2025","2021,2022,2023,2024,2025"
688251,井松智能,SH,IT服务Ⅱ,保留,,排除,16.6625,-37219944.39,15.498245,23.962696,0.838655,,0.0,net_margin,fcf,"2018,2019,2020,2021,2022,2023,2024,2025","2021,2022,2023,2024,2025"
688252,天德钰,SH,半导体,保留,,数据不足,18.55625,734988106.18,,28.679452,1.166354,,0.0,net_margin,,"2018,2019,2020,2021,2022,2023,2024,2025","2021,2022,2023,2024,2025"
688253,英诺特,SH,医疗器械,保留,,数据不足,35.725,785430593.62,,74.450525,1.158155,,0.0,net_margin,,"2018,2019,2020,2021,2022,2023,2024,2025","2021,2022,2023,2024,2025"
688255,凯尔达,SH,自动化设备,保留,,排除,12.894,-59009872.72,,19.351649,0.845678,7.815706,0.0,,fcf,"2016,2017,2018,2019,2020,2021,2022,2023,2024,2025","2021,2022,2023,2024,2025"
688256,寒武纪,SH,半导体,保留,,排除,-11.7075,-6739164395.61,188.062791,61.834839,1.230738,,0.0,net_margin,"roe,fcf","2017,2018,2019,2020,2021,2022,2023,2024,2025","2021,2022,2023,2024,2025"
688257,新锐股份,SH,通用设备,保留,,排除,15.057,-276118713.82,11.299102,32.907861,0.519847,11.020772,0.0,,"fcf,ocf_ni","2016,2017,2018,2019,2020,2021,2022,2023,2024,2025","2021,2022,2023,2024,2025"
688258,卓易信息,SH,IT服务Ⅱ,保留,,通过,9.651,124213749.97,6.692303,51.639028,1.533112,21.088775,0.0,,,"2016,2017,2018,2019,2020,2021,2022,2023,2024,2025","2021,2022,2023,2024,2025"
688259,创耀科技,SH,半导体,保留,,数据不足,24.9,127994111.61,,29.693233,1.535548,,0.0,net_margin,,"2017,2018,2019,2020,2021,2022,2023,2024,2025","2021,2022,2023,2024,2025"
688260,昀冢科技,SH,消费电子,保留,,排除,9.624444,-1355919654.67,-7.77509,17.192931,-0.028044,,0.0,net_margin,"fcf,interest_coverage,ocf_ni","2017,2018,2019,2020,2021,2022,2023,2024,2025","2021,2022,2023,2024,2025"
688261,东微半导,SH,半导体,保留,,排除,9.61875,-184175553.52,,23.187493,-0.891096,,0.0,net_margin,"fcf,ocf_ni","2018,2019,2020,2021,2022,2023,2024,2025","2021,2022,2023,2024,2025"
688262,国芯科技,SH,半导体,保留,,排除,0.691111,-1310370384.61,-253.801771,32.866858,-0.001595,,0.0,net_margin,"roe,fcf,interest_coverage,ocf_ni","2017,2018,2019,2020,2021,2022,2023,2024,2025","2021,2022,2023,2024,2025"
688265,南模生物,SH,医疗服务,保留,,排除,7.834,-198851233.45,14.673396,48.462907,2.291426,7.717597,0.0,,"roe,fcf","2016,2017,2018,2019,2020,2021,2022,2023,2024,2025","2021,2022,2023,2024,2025"
688266,泽璟制药,SH,化学制药,保留,,排除,-77.675714,-1547414182.69,,92.794864,0.510553,,0.0,net_margin,"roe,fcf,ocf_ni","2016,2017,2018,2019,2020,2021,2022,2023,2024,2025","2021,2022,2023,2024,2025"
688267,中触媒,SH,化学制品,周期,周期性行业,行业排除,,,,,,,,,,,
688268,华特气体,SH,电子化学品Ⅱ,保留,,排除,10.282,-121444736.86,4.767524,28.879439,1.237874,9.480381,0.0,,fcf,"2016,2017,2018,2019,2020,2021,2022,2023,2024,2025","2021,2022,2023,2024,2025"
688269,凯立新材,SH,化学制品,周期,周期性行业,行业排除,,,,,,,,,,,
688270,ST臻镭,SH,半导体,保留,,排除,-4.1325,-189338221.93,,82.337365,0.261299,,0.0,net_margin,"roe,fcf,ocf_ni","2018,2019,2020,2021,2022,2023,2024,2025","2021,2022,2023,2024,2025"
688271,联影医疗,SH,医疗器械,保留,,排除,12.5275,-2385040924.61,,48.083953,0.417409,,0.0,net_margin,"fcf,ocf_ni","2018,2019,2020,2021,2022,2023,2024,2025","2021,2022,2023,2024,2025"
688272,富吉瑞,SH,军工电子Ⅱ,保留,,排除,2.511111,-336907799.41,-29.96049,38.364444,0.642125,,0.0,net_margin,"roe,fcf,interest_coverage,ocf_ni","2017,2018,2019,2020,2021,2022,2023,2024,2025","2021,2022,2023,2024,2025"
688273,麦澜德,SH,医疗器械,保留,,数据不足,37.045,248259808.79,,70.9505,1.210753,,0.0,net_margin,,"2018,2019,2020,2021,2022,2023,2024,2025","2021,2022,2023,2024,2025"
688275,万润新能,SH,电池,保留,,排除,0.29125,-11139058237.63,-2.553756,10.749348,-1.139128,,0.0,net_margin,"roe,fcf,interest_coverage,gross_margin,ocf_ni","2018,2019,2020,2021,2022,2023,2024,2025","2021,2022,2023,2024,2025"
688276,百克生物,SH,生物制品,保留,,排除,12.971111,-1270149546.94,-398.9541,84.914715,0.435145,,0.0,net_margin,"fcf,interest_coverage,ocf_ni","2017,2018,2019,2020,2021,2022,2023,2024,2025","2021,2022,2023,2024,2025"
688277,天智航,SH,医疗器械,保留,,排除,-7.106,-1071248821.01,-10.737438,68.170999,0.789744,-45.109109,0.0,,"roe,fcf,interest_coverage,net_margin","2016,2017,2018,2019,2020,2021,2022,2023,2024,2025","2021,2022,2023,2024,2025"
688278,特宝生物,SH,生物制品,保留,,通过,18.323,1063998954.15,,91.529345,0.942111,15.764824,0.0,,,"2016,2017,2018,2019,2020,2021,2022,2023,2024,2025","2021,2022,2023,2024,2025"
688279,峰岹科技,SH,半导体,保留,,数据不足,26.0,251739129.56,,54.82785,0.755962,,0.0,net_margin,,"2018,2019,2020,2021,2022,2023,2024,2025","2021,2022,2023,2024,2025"
688280,精进电动,SH,汽车零部件,周期,周期性行业,行业排除,,,,,,,,,,,
688281,华秦科技,SH,航空装备Ⅱ,保留,,排除,-9.1225,-524763451.76,13.054364,54.303126,0.805911,,0.0,net_margin,"roe,fcf","2018,2019,2020,2021,2022,2023,2024,2025","2021,2022,2023,2024,2025"
688282,理工导航,SH,航天装备Ⅱ,保留,,排除,22.863333,-379510297.77,,29.81434,-0.044257,,0.0,net_margin,"fcf,ocf_ni","2017,2018,2019,2020,2021,2022,2023,2024,2025","2021,2022,2023,2024,2025"
688283,坤恒顺维,SH,通信设备,保留,,通过,27.135,78129553.23,,62.991679,1.080469,29.477495,0.0,,,"2016,2017,2018,2019,2020,2021,2022,2023,2024,2025","2021,2022,2023,2024,2025"
688285,高铁电气,SH,轨交设备Ⅱ,保留,,排除,12.796,-112484409.53,18.598055,19.991649,1.040181,7.189953,0.0,,fcf,"2016,2017,2018,2019,2020,2021,2022,2023,2024,2025","2021,2022,2023,2024,2025"
688286,敏芯股份,SH,半导体,保留,,排除,10.976,-448839757.29,,26.086644,1.109303,3.021679,0.0,,"fcf,net_margin","2016,2017,2018,2019,2020,2021,2022,2023,2024,2025","2021,2022,2023,2024,2025"
688288,鸿泉技术,SH,计算机设备,保留,,排除,13.446,-445587004.75,14.651053,37.844172,1.598491,5.287133,0.0,,fcf,"2016,2017,2018,2019,2020,2021,2022,2023,2024,2025","2021,2022,2023,2024,2025"
688289,圣湘生物,SH,医疗器械,保留,,数据不足,24.21125,2824051993.97,,71.147767,0.83969,,0.0,net_margin,,"2017,2018,2019,2020,2021,2022,2023,2024,2025","2021,2022,2023,2024,2025"
688290,景业智能,SH,自动化设备,保留,,排除,24.695,-200699796.82,,40.942629,-0.130377,,0.0,net_margin,"fcf,ocf_ni","2018,2019,2020,2021,2022,2023,2024,2025","2021,2022,2023,2024,2025"
688291,金橙子,SH,软件开发,保留,,排除,18.316,-58205833.66,,58.79208,0.597421,23.949024,0.0,,"fcf,ocf_ni","2016,2017,2018,2019,2020,2021,2022,2023,2024,2025","2021,2022,2023,2024,2025"
688292,浩瀚深度,SH,计算机设备,保留,,排除,5.684,108497920.58,-0.350177,52.698955,-1.531752,5.800947,0.0,,"roe,interest_coverage,ocf_ni","2016,2017,2018,2019,2020,2021,2022,2023,2024,2025","2021,2022,2023,2024,2025"
688293,奥浦迈,SH,生物制品,保留,,排除,-4.94375,-43805327.33,,57.314628,1.959697,,0.0,net_margin,"roe,fcf","2018,2019,2020,2021,2022,2023,2024,2025","2021,2022,2023,2024,2025"
688295,中复神鹰,SH,化学纤维,保留,,排除,7.25375,-3145723430.52,4.572526,30.410544,0.556131,,0.0,net_margin,"roe,fcf,ocf_ni","2018,2019,2020,2021,2022,2023,2024,2025","2021,2022,2023,2024,2025"
688296,和达科技,SH,软件开发,保留,,排除,11.494,-117011616.25,-63.310582,35.906664,0.087285,8.226791,0.0,,"fcf,interest_coverage,ocf_ni","2016,2017,2018,2019,2020,2021,2022,2023,2024,2025","2021,2022,2023,2024,2025"
688297,中无人机,SH,航空装备Ⅱ,保留,,排除,9.3075,-1291175311.17,,22.102175,-3.336802,,0.0,net_margin,"fcf,ocf_ni","2018,2019,2020,2021,2022,2023,2024,2025","2021,2022,2023,2024,2025"
688298,东方生物,SH,医疗器械,保留,,豁免B通过,36.537,2224343042.24,,48.025911,1.528403,3.005162,0.0,,net_margin,"2016,2017,2018,2019,2020,2021,2022,2023,2024,2025","2021,2022,2023,2024,2025"
688299,长阳科技,SH,光学光电子,保留,,排除,7.675,-774552020.79,-8.333552,27.081912,-1.007728,7.449197,0.0,,"roe,fcf,interest_coverage,ocf_ni","2016,2017,2018,2019,2020,2021,2022,2023,2024,2025","2021,2022,2023,2024,2025"
688300,联瑞新材,SH,非金属材料Ⅱ,保留,,通过,18.424,547533384.59,46.382607,40.390788,1.094328,24.640159,0.0,,,"2016,2017,2018,2019,2020,2021,2022,2023,2024,2025","2021,2022,2023,2024,2025"
688301,奕瑞科技,SH,医疗器械,保留,,排除,19.57,-3323054043.24,39.73834,54.197835,0.86877,26.08187,0.0,,fcf,"2016,2017,2018,2019,2020,2021,2022,2023,2024,2025","2021,2022,2023,2024,2025"
688302,海创药业,SH,化学制药,保留,,排除,-61.327143,-1454806576.97,,,0.877642,,0.0,"gross_margin,net_margin","roe,fcf","2018,2019,2020,2021,2022,2023,2024,2025","2021,2022,2023,2024,2025"
688303,大全能源,SH,光伏设备,保留,,排除,24.692,3455577691.68,-64.430433,35.952453,1.232189,19.491793,0.0,,interest_coverage,"2016,2017,2018,2019,2020,2021,2022,2023,2024,2025","2021,2022,2023,2024,2025"
688305,科德数控,SH,通用设备,保留,,排除,5.418889,-584557814.42,,42.557714,0.552608,,0.0,net_margin,"roe,fcf,ocf_ni","2017,2018,2019,2020,2021,2022,2023,2024,2025","2021,2022,2023,2024,2025"
688306,均普智能,SH,自动化设备,保留,,排除,7.728571,-194041008.41,0.198645,19.527784,3.495148,,0.0,net_margin,"roe,fcf,interest_coverage","2017,2018,2019,2020,2021,2022,2023,2024,2025","2021,2022,2023,2024,2025"
688307,中润光学,SH,光学光电子,保留,,数据不足,10.175714,12856334.9,,32.862304,1.909424,,0.0,net_margin,,"2019,2020,2021,2022,2023,2024,2025","2021,2022,2023,2024,2025"
688308,欧科亿,SH,通用设备,保留,,排除,10.655556,-1533222750.71,5.967374,28.967657,0.313576,,0.0,net_margin,"fcf,ocf_ni","2017,2018,2019,2020,2021,2022,2023,2024,2025","2021,2022,2023,2024,2025"
688309,恒誉环保,SH,环保设备Ⅱ,保留,,排除,15.047,-44209356.32,,43.08323,3.203057,15.312166,0.0,,fcf,"2016,2017,2018,2019,2020,2021,2022,2023,2024,2025","2021,2022,2023,2024,2025"
688310,迈得医疗,SH,自动化设备,保留,,排除,12.537,40376879.94,,48.081294,0.67549,18.575259,0.0,,ocf_ni,"2016,2017,2018,2019,2020,2021,2022,2023,2024,2025","2021,2022,2023,2024,2025"
688311,盟升电子,SH,军工电子Ⅱ,保留,,排除,3.275,-769934347.0,-4.93136,43.300089,-1.556716,-10.025933,0.0,,"roe,fcf,interest_coverage,ocf_ni,net_margin","2016,2017,2018,2019,2020,2021,2022,2023,2024,2025","2021,2022,2023,2024,2025"
688312,燕麦科技,SH,专用设备,保留,,排除,14.492,-3939551.07,,53.262817,0.775642,26.072138,0.0,,fcf,"2016,2017,2018,2019,2020,2021,2022,2023,2024,2025","2021,2022,2023,2024,2025"
688313,仕佳光子,SH,通信设备,保留,,排除,4.144444,-234742022.49,74.823151,25.735404,0.342114,,0.0,net_margin,"roe,fcf,ocf_ni","2017,2018,2019,2020,2021,2022,2023,2024,2025","2021,2022,2023,2024,2025"
688314,康拓医疗,SH,医疗器械,保留,,数据不足,18.674444,352334441.69,396.709633,80.788328,1.278351,,0.0,net_margin,,"2017,2018,2019,2020,2021,2022,2023,2024,2025","2021,2022,2023,2024,2025"
688315,诺禾致源,SH,医疗服务,保留,,通过,10.496,801389308.25,,43.235261,1.630752,8.557739,0.0,,,"2016,2017,2018,2019,2020,2021,2022,2023,2024,2025","2021,2022,2023,2024,2025"
688316,青云科技,SH,IT服务Ⅱ,保留,,排除,-72.868333,-783938846.77,-6.790376,20.642685,0.54831,,0.0,net_margin,"roe,fcf,interest_coverage,ocf_ni","2017,2018,2019,2020,2021,2022,2023,2024,2025","2021,2022,2023,2024,2025"
688317,之江生物,SH,医疗器械,保留,,排除,16.724,614221261.24,,60.869837,-0.068779,7.249537,0.0,,ocf_ni,"2016,2017,2018,2019,2020,2021,2022,2023,2024,2025","2021,2022,2023,2024,2025"
688318,财富趋势,SH,软件开发,保留,,通过,13.192,918364945.07,,84.903605,0.830505,75.802044,0.0,,,"2016,2017,2018,2019,2020,2021,2022,2023,2024,2025","2021,2022,2023,2024,2025"
688319,欧林生物,SH,生物制品,保留,,排除,-2.56,-591241816.83,2.13059,93.549442,1.244625,-3461.11011,0.0,,"roe,fcf,net_margin","2016,2017,2018,2019,2020,2021,2022,2023,2024,2025","2021,2022,2023,2024,2025"
688320,禾川科技,SH,自动化设备,保留,,排除,7.7425,-994582521.92,-24.777924,28.951154,-0.615355,,0.0,net_margin,"roe,fcf,interest_coverage,ocf_ni","2018,2019,2020,2021,2022,2023,2024,2025","2021,2022,2023,2024,2025"
688321,微芯生物,SH,化学制药,保留,,排除,2.828,-1180852371.71,2.329873,90.45473,1.525393,8.527687,0.0,,"roe,fcf","2016,2017,2018,2019,2020,2021,2022,2023,2024,2025","2021,2022,2023,2024,2025"
688322,奥比中光,SH,光学光电子,保留,,排除,-17.03125,-1021708252.14,,43.878411,0.602621,,0.0,net_margin,"roe,fcf,ocf_ni","2018,2019,2020,2021,2022,2023,2024,2025","2021,2022,2023,2024,2025"
688323,瑞华泰,SH,塑料,保留,,排除,2.995556,-842262476.97,-1.816801,29.40915,-0.626647,,0.0,net_margin,"roe,fcf,interest_coverage,ocf_ni","2017,2018,2019,2020,2021,2022,2023,2024,2025","2021,2022,2023,2024,2025"
688325,赛微微电,SH,半导体,保留,,排除,15.7525,16770223.59,,56.325526,0.618618,,0.0,net_margin,ocf_ni,"2018,2019,2020,2021,2022,2023,2024,2025","2021,2022,2023,2024,2025"
688326,经纬恒润,SH,软件开发,保留,,排除,0.2125,-3087000345.86,452.281267,25.874842,1.290608,,0.0,net_margin,"roe,fcf","2018,2019,2020,2021,2022,2023,2024,2025","2021,2022,2023,2024,2025"
688327,云从科技,SH,IT服务Ⅱ,保留,,排除,-56.427778,-2200206553.4,,37.458264,0.508219,,0.0,net_margin,"roe,fcf,ocf_ni","2017,2018,2019,2020,2021,2022,2023,2024,2025","2021,2022,2023,2024,2025"
688328,深科达,SH,专用设备,保留,,排除,5.16,-437204064.3,5.285582,30.135587,0.705876,1.496634,0.0,,"roe,fcf,net_margin","2016,2017,2018,2019,2020,2021,2022,2023,2024,2025","2021,2022,2023,2024,2025"
688329,艾隆科技,SH,自动化设备,保留,,通过,10.321,104760478.79,2.88346,51.563809,1.413037,14.796094,0.0,,,"2016,2017,2018,2019,2020,2021,2022,2023,2024,2025","2021,2022,2023,2024,2025"
688330,宏力达,SH,电网设备,保留,,排除,24.167,749021479.72,,48.916043,0.682692,33.311994,0.0,,ocf_ni,"2016,2017,2018,2019,2020,2021,2022,2023,2024,2025","2021,2022,2023,2024,2025"
688331,荣昌生物,SH,生物制品,保留,,排除,-53.293333,-6231189635.45,11.146707,81.002987,0.821786,,0.0,net_margin,"roe,fcf","2018,2019,2020,2021,2022,2023,2024,2025","2021,2022,2023,2024,2025"
688332,中科蓝讯,SH,半导体,保留,,排除,48.78,427834606.66,,22.87317,0.432003,,0.0,net_margin,ocf_ni,"2018,2019,2020,2021,2022,2023,2024,2025","2021,2022,2023,2024,2025"
688333,铂力特,SH,通用设备,保留,,排除,8.705,-3120343798.68,12.105477,45.02733,0.286493,12.559676,0.0,,"fcf,ocf_ni","2016,2017,2018,2019,2020,2021,2022,2023,2024,2025","2021,2022,2023,2024,2025"
688334,西高院,SH,专业服务,保留,,数据不足,9.562857,1128892794.88,,48.498582,1.817308,,0.0,net_margin,,"2019,2020,2021,2022,2023,2024,2025","2021,2022,2023,2024,2025"
688335,复洁科技,SH,环境治理,保留,,排除,16.045,-6583707.73,,33.079403,2.686129,10.723267,0.0,,fcf,"2016,2017,2018,2019,2020,2021,2022,2023,2024,2025","2021,2022,2023,2024,2025"
688336,三生国健,SH,生物制品,保留,,排除,10.2,2476085430.13,,79.497309,-1.180348,24.680002,0.0,,ocf_ni,"2016,2017,2018,2019,2020,2021,2022,2023,2024,2025","2021,2022,2023,2024,2025"
688337,普源精电,SH,通用设备,保留,,排除,7.03375,-306318111.8,32.955271,54.648114,-2.508885,,0.0,net_margin,"roe,fcf,ocf_ni","2018,2019,2020,2021,2022,2023,2024,2025","2021,2022,2023,2024,2025"
688338,赛科希德,SH,医疗器械,保留,,通过,15.452,180684399.66,,61.502042,0.996289,33.337538,0.0,,,"2016,2017,2018,2019,2020,2021,2022,2023,2024,2025","2021,2022,2023,2024,2025"
688339,亿华通,SH,电池,保留,,排除,-5.15,-1587590548.44,-62.938752,29.797759,1.018697,-43.481725,0.0,,"roe,fcf,interest_coverage,net_margin","2016,2017,2018,2019,2020,2021,2022,2023,2024,2025","2021,2022,2023,2024,2025"
688343,云天励飞,SH,IT服务Ⅱ,保留,,排除,-48.5,-3353255613.12,-18.033166,28.519049,0.532388,,0.0,net_margin,"roe,fcf,interest_coverage,ocf_ni","2017,2018,2019,2020,2021,2022,2023,2024,2025","2021,2022,2023,2024,2025"
688345,博力威,SH,电池,保留,,排除,14.69,-756594051.2,3.411539,17.517738,0.839933,,0.0,net_margin,fcf,"2017,2018,2019,2020,2021,2022,2023,2024,2025","2021,2022,2023,2024,2025"
688347,华虹宏力,SH,半导体,保留,,排除,6.497143,-28679040789.37,-5.760521,25.443016,5.951309,,0.0,net_margin,"roe,fcf,interest_coverage","2019,2020,2021,2022,2023,2024,2025","2021,2022,2023,2024,2025"
688348,昱能科技,SH,光伏设备,保留,,排除,48.68625,-969044502.51,,32.406325,-0.170223,,0.0,net_margin,"fcf,ocf_ni","2018,2019,2020,2021,2022,2023,2024,2025","2021,2022,2023,2024,2025"
688349,三一重能,SH,风电设备,保留,,排除,113.655,-10395161106.25,,18.490384,-0.014321,,0.0,net_margin,"fcf,ocf_ni","2017,2018,2019,2020,2021,2022,2023,2024,2025","2021,2022,2023,2024,2025"
688350,富淼科技,SH,化学制品,周期,周期性行业,行业排除,,,,,,,,,,,
688351,微电生理,SH,医疗器械,保留,,排除,-5.09197,-145038895.37,,64.349891,-1.676851,-5.420659,0.0,,"roe,fcf,ocf_ni,net_margin","2016,2017,2018,2019,2020,2021,2022,2023,2024,2025","2021,2022,2023,2024,2025"
688352,颀中科技,SH,半导体,保留,,排除,6.03,-460763616.87,26.51804,35.211288,2.053907,,0.0,net_margin,"roe,fcf","2019,2020,2021,2022,2023,2024,2025","2021,2022,2023,2024,2025"
688353,华盛锂电,SH,电池,保留,,排除,14.325,-1523721724.31,,22.171409,-2.254401,,0.0,net_margin,"fcf,ocf_ni","2018,2019,2020,2021,2022,2023,2024,2025","2021,2022,2023,2024,2025"
688355,明志科技,SH,通用设备,保留,,数据不足,14.79,296647188.95,,31.467457,3.436942,,0.0,net_margin,,"2017,2018,2019,2020,2021,2022,2023,2024,2025","2021,2022,2023,2024,2025"
688356,键凯科技,SH,化学制药,保留,,通过,14.489,77896635.56,202.047559,76.771455,1.603668,32.846073,0.0,,,"2016,2017,2018,2019,2020,2021,2022,2023,2024,2025","2021,2022,2023,2024,2025"
688357,建龙微纳,SH,化学制品,周期,周期性行业,行业排除,,,,,,,,,,,
688358,祥生医疗,SH,医疗器械,保留,,排除,20.966,288796820.33,,58.342183,0.693034,27.229417,0.0,,ocf_ni,"2016,2017,2018,2019,2020,2021,2022,2023,2024,2025","2021,2022,2023,2024,2025"
688359,三孚新科,SH,电子化学品Ⅱ,保留,,排除,8.427,-252676781.7,-6.887741,33.542458,0.773829,6.640635,0.0,,"fcf,interest_coverage","2016,2017,2018,2019,2020,2021,2022,2023,2024,2025","2021,2022,2023,2024,2025"
688360,德马科技,SH,通用设备,保留,,通过,13.046,97902760.38,12.037341,24.182795,1.083188,6.486618,0.0,,,"2016,2017,2018,2019,2020,2021,2022,2023,2024,2025","2021,2022,2023,2024,2025"
688361,中科飞测,SH,半导体,保留,,排除,-22.4625,-2428096625.35,2.502247,48.845308,3.158005,,0.0,net_margin,"roe,fcf","2018,2019,2020,2021,2022,2023,2024,2025","2021,2022,2023,2024,2025"
688362,甬矽电子,SH,半导体,保留,,排除,0.385,-5690952049.81,0.174247,20.405965,8.579023,,0.0,net_margin,"roe,fcf,interest_coverage","2018,2019,2020,2021,2022,2023,2024,2025","2021,2022,2023,2024,2025"
688363,华熙生物,SH,医疗美容,保留,,通过,14.69,244834767.39,,74.555399,1.770742,20.409821,0.0,,,"2016,2017,2018,2019,2020,2021,2022,2023,2024,2025","2021,2022,2023,2024,2025"
688365,光云科技,SH,IT服务Ⅱ,保留,,排除,5.678,-324603194.6,-5.584357,64.720706,-1.046976,2.524551,0.0,,"roe,fcf,interest_coverage,ocf_ni,net_margin","2016,2017,2018,2019,2020,2021,2022,2023,2024,2025","2021,2022,2023,2024,2025"
688366,昊海生科,SH,医疗器械,保留,,排除,7.759,940673494.91,,70.318662,1.455327,19.971453,0.0,,roe,"2016,2017,2018,2019,2020,2021,2022,2023,2024,2025","2021,2022,2023,2024,2025"
688367,工大高科,SH,轨交设备Ⅱ,保留,,通过,8.417,65140612.25,,32.466292,1.697918,13.739028,0.0,,,"2016,2017,2018,2019,2020,2021,2022,2023,2024,2025","2021,2022,2023,2024,2025"
688368,晶丰明源,SH,半导体,保留,,排除,15.247,525215359.92,4.748976,33.418498,-0.757515,4.707377,0.0,,"ocf_ni,net_margin","2016,2017,2018,2019,2020,2021,2022,2023,2024,2025","2021,2022,2023,2024,2025"
688369,致远互联,SH,软件开发,保留,,排除,7.255,-368214650.9,,66.801118,0.502314,1.818306,0.0,,"roe,fcf,ocf_ni,net_margin","2016,2017,2018,2019,2020,2021,2022,2023,2024,2025","2021,2022,2023,2024,2025"
688370,丛麟科技,SH,环境治理,保留,,数据不足,24.94875,587601533.53,3.010537,38.202205,2.720422,,0.0,net_margin,,"2018,2019,2020,2021,2022,2023,2024,2025","2021,2022,2023,2024,2025"
688371,菲沃泰,SH,电子化学品Ⅱ,保留,,排除,16.65625,-752258967.53,,52.579604,1.333811,,0.0,net_margin,fcf,"2018,2019,2020,2021,2022,2023,2024,2025","2021,2022,2023,2024,2025"
688372,伟测科技,SH,半导体,保留,,排除,11.4575,-4584194088.31,5.106967,42.895069,3.011643,,0.0,net_margin,fcf,"2018,2019,2020,2021,2022,2023,2024,2025","2021,2022,2023,2024,2025"
688373,盟科药业,SH,化学制药,保留,,排除,-70.146667,-1451643717.46,-34.85253,84.674112,0.911062,,0.0,net_margin,"roe,fcf,interest_coverage","2018,2019,2020,2021,2022,2023,2024,2025","2021,2022,2023,2024,2025"
688375,国博电子,SH,军工电子Ⅱ,保留,,数据不足,12.795,633080613.13,,35.663751,1.289346,,0.0,net_margin,,"2018,2019,2020,2021,2022,2023,2024,2025","2021,2022,2023,2024,2025"
688376,美埃科技,SH,环保设备Ⅱ,保留,,排除,17.666667,-667242366.91,6.361765,27.397284,0.454069,,0.0,net_margin,"fcf,ocf_ni","2017,2018,2019,2020,2021,2022,2023,2024,2025","2021,2022,2023,2024,2025"
688377,迪威尔,SH,专用设备,保留,,排除,5.396,-464021761.74,15.200262,21.369734,1.225575,6.73327,0.0,,"roe,fcf","2016,2017,2018,2019,2020,2021,2022,2023,2024,2025","2021,2022,2023,2024,2025"
688378,奥来德,SH,光学光电子,保留,,排除,14.377,-528240008.94,,53.344996,0.761303,18.674595,0.0,,fcf,"2016,2017,2018,2019,2020,2021,2022,2023,2024,2025","2021,2022,2023,2024,2025"
688379,华光新材,SH,通用设备,保留,,排除,9.163,-1777566476.33,5.005773,12.656155,-11.589504,5.485384,0.0,,"fcf,gross_margin,ocf_ni","2016,2017,2018,2019,2020,2021,2022,2023,2024,2025","2021,2022,2023,2024,2025"
688380,中微半导,SH,半导体,保留,,排除,23.48125,402650273.84,101.895064,38.326,-0.377471,,0.0,net_margin,ocf_ni,"2018,2019,2020,2021,2022,2023,2024,2025","2021,2022,2023,2024,2025"
688381,帝奥微,SH,半导体,保留,,排除,7.59125,-457376080.89,,48.489388,0.987124,,0.0,net_margin,"roe,fcf","2018,2019,2020,2021,2022,2023,2024,2025","2021,2022,2023,2024,2025"
688382,益方生物,SH,化学制药,保留,,排除,-105.0,-1489107668.21,,,0.85446,,0.0,"gross_margin,net_margin","roe,fcf","2018,2019,2020,2021,2022,2023,2024,2025","2021,2022,2023,2024,2025"
688383,新益昌,SH,专用设备,保留,,排除,16.077778,-826629703.79,-7.139227,35.61508,0.276911,,0.0,net_margin,"fcf,interest_coverage,ocf_ni","2017,2018,2019,2020,2021,2022,2023,2024,2025","2021,2022,2023,2024,2025"
688385,复旦微电,SH,半导体,保留,,排除,10.938889,-1364397396.33,6.400297,59.385485,1.02779,,0.0,net_margin,fcf,"2017,2018,2019,2020,2021,2022,2023,2024,2025","2021,2022,2023,2024,2025"
688386,泛亚微透,SH,塑料,保留,,排除,12.566667,-70234053.21,18.678688,45.712509,1.413997,,0.0,net_margin,fcf,"2017,2018,2019,2020,2021,2022,2023,2024,2025","2021,2022,2023,2024,2025"
688387,信科移动,SH,通信设备,保留,,排除,-14.586,-3392539352.84,,20.117081,-0.047693,,0.0,net_margin,"roe,fcf,ocf_ni","2018,2019,2020,2021,2022,2023,2024,2025","2021,2022,2023,2024,2025"
688388,嘉元科技,SH,电池,保留,,排除,13.181,-7057491182.49,0.590152,12.535023,7.556722,11.172403,0.0,,"fcf,interest_coverage,gross_margin","2016,2017,2018,2019,2020,2021,2022,2023,2024,2025","2021,2022,2023,2024,2025"
688389,普门科技,SH,医疗器械,保留,,通过,14.067,835768572.15,,62.705427,1.069022,22.606466,0.0,,,"2016,2017,2018,2019,2020,2021,2022,2023,2024,2025","2021,2022,2023,2024,2025"
688390,固德威,SH,光伏设备,保留,,通过,26.511,64754192.02,4.948061,27.468117,4.245363,8.274962,0.0,,,"2016,2017,2018,2019,2020,2021,2022,2023,2024,2025","2021,2022,2023,2024,2025"
688391,钜泉科技,SH,半导体,保留,,排除,16.163333,86313977.89,,45.9536,0.297713,,0.0,net_margin,ocf_ni,"2016,2018,2019,2020,2021,2022,2023,2024,2025","2021,2022,2023,2024,2025"
688392,骄成超声,SH,电池,保留,,排除,17.2575,-333936496.51,,55.420141,-0.040155,,0.0,net_margin,"fcf,ocf_ni","2018,2019,2020,2021,2022,2023,2024,2025","2021,2022,2023,2024,2025"
688393,安必平,SH,医疗器械,保留,,排除,8.813,-170038874.84,,69.673487,0.143537,12.663227,0.0,,"fcf,ocf_ni","2016,2017,2018,2019,2020,2021,2022,2023,2024,2025","2021,2022,2023,2024,2025"
688395,正弦电气,SH,自动化设备,保留,,通过,14.058,151188471.81,,31.979267,1.233323,14.402856,0.0,,,"2016,2017,2018,2019,2020,2021,2022,2023,2024,2025","2021,2022,2023,2024,2025"
688396,华润微,SH,半导体,保留,,排除,6.46564,689144333.35,,31.568663,1.938542,10.093837,0.0,,roe,"2016,2017,2018,2019,2020,2021,2022,2023,2024,2025","2021,2022,2023,2024,2025"
688398,赛特新材,SH,化学制品,周期,周期性行业,行业排除,,,,,,,,,,,
688399,硕世生物,SH,医疗器械,保留,,排除,22.717,2120513145.63,-13.176199,63.814674,-14.287181,10.268458,0.0,,"interest_coverage,ocf_ni","2016,2017,2018,2019,2020,2021,2022,2023,2024,2025","2021,2022,2023,2024,2025"
688400,凌云光,SH,专用设备,保留,,排除,8.395,-409616763.0,,33.415768,0.530763,,0.0,net_margin,"fcf,ocf_ni","2018,2019,2020,2021,2022,2023,2024,2025","2021,2022,2023,2024,2025"
688401,路维光电,SH,半导体,保留,,通过,10.867,113096222.19,13.977577,32.740275,1.797306,13.245338,0.0,,,"2016,2017,2018,2019,2020,2021,2022,2023,2024,2025","2021,2022,2023,2024,2025"
688403,汇成股份,SH,半导体,保留,,排除,-12.295,-769164823.57,4.43971,25.665745,2.98015,,0.0,net_margin,"roe,fcf","2018,2019,2020,2021,2022,2023,2024,2025","2021,2022,2023,2024,2025"
688408,中信博,SH,光伏设备,保留,,排除,10.834,-2206964091.97,0.382816,15.556653,23.445607,4.230391,0.0,,"fcf,interest_coverage,net_margin","2016,2017,2018,2019,2020,2021,2022,2023,2024,2025","2021,2022,2023,2024,2025"
688409,富创精密,SH,半导体,保留,,排除,5.16625,-4326079473.57,0.611138,27.588087,-9.262096,,0.0,net_margin,"roe,fcf,interest_coverage,ocf_ni","2018,2019,2020,2021,2022,2023,2024,2025","2021,2022,2023,2024,2025"
688410,山外山,SH,医疗器械,保留,,排除,1.85,401465124.41,,45.907594,2.059061,4.254552,0.0,,"roe,net_margin","2016,2017,2018,2019,2020,2021,2022,2023,2024,2025","2021,2022,2023,2024,2025"
688411,海博思创,SH,其他电源设备Ⅱ,保留,,数据不足,14.35,1193460000.72,38.540655,19.339277,1.197983,,0.0,net_margin,,"2020,2021,2022,2023,2024,2025","2021,2022,2023,2024,2025"
688416,恒烁股份,SH,半导体,保留,,排除,1.99875,-598555878.34,-131.039732,22.543555,-3.949331,,0.0,net_margin,"roe,fcf,interest_coverage,ocf_ni","2018,2019,2020,2021,2022,2023,2024,2025","2021,2022,2023,2024,2025"
688418,震有科技,SH,通信设备,保留,,排除,1.445,-514915165.92,-3.348747,42.44379,1.383643,-1.696419,0.0,,"roe,fcf,interest_coverage,net_margin","2016,2017,2018,2019,2020,2021,2022,2023,2024,2025","2021,2022,2023,2024,2025"
688419,耐科装备,SH,半导体,保留,,数据不足,17.92625,75982871.03,,38.417018,0.742056,,0.0,net_margin,,"2018,2019,2020,2021,2022,2023,2024,2025","2021,2022,2023,2024,2025"
688420,美腾科技,SH,专用设备,保留,,排除,42.57875,-238063536.64,,45.858921,-0.204705,,0.0,net_margin,"fcf,ocf_ni","2018,2019,2020,2021,2022,2023,2024,2025","2021,2022,2023,2024,2025"
688425,铁建重工,SH,工程机械,周期,周期性行业,行业排除,,,,,,,,,,,
688426,康为世纪,SH,医疗器械,保留,,排除,12.8625,-399335001.5,-195.894742,61.640451,0.646189,,0.0,net_margin,"fcf,interest_coverage,ocf_ni","2018,2019,2020,2021,2022,2023,2024,2025","2021,2022,2023,2024,2025"
688428,诺诚健华,SH,化学制药,保留,,排除,-7.583333,-2215246902.54,,86.324658,-0.00409,,0.0,net_margin,"roe,fcf,ocf_ni","2018,2019,2020,2021,2022,2023,2024,2025","2021,2022,2023,2024,2025"
688429,时创能源,SH,光伏设备,保留,,排除,9.844286,-1148806047.18,-4.759634,17.249065,-0.126675,,0.0,net_margin,"fcf,interest_coverage,ocf_ni","2019,2020,2021,2022,2023,2024,2025","2021,2022,2023,2024,2025"
688432,有研硅,SH,半导体,保留,,数据不足,13.0075,570353583.15,,34.764809,1.348856,,0.0,net_margin,,"2018,2019,2020,2021,2022,2023,2024,2025","2021,2022,2023,2024,2025"
688433,华曙高科,SH,通用设备,保留,,排除,10.721429,-513922328.21,,50.341085,0.687511,,0.0,net_margin,"fcf,ocf_ni","2019,2020,2021,2022,2023,2024,2025","2021,2022,2023,2024,2025"
688435,英方软件,SH,软件开发,保留,,排除,7.835556,-103110479.28,,85.529753,0.483992,,0.0,net_margin,"roe,fcf,ocf_ni","2016,2018,2019,2020,2021,2022,2023,2024,2025","2021,2022,2023,2024,2025"
688439,振华风光,SH,军工电子Ⅱ,保留,,排除,21.94375,-770332076.93,65.386024,70.733896,0.287946,,0.0,net_margin,"fcf,ocf_ni","2018,2019,2020,2021,2022,2023,2024,2025","2021,2022,2023,2024,2025"
688443,智翔金泰,SH,生物制品,保留,,排除,-55.992,-2187008331.33,,50.687112,0.574055,,0.0,net_margin,"roe,fcf,ocf_ni","2019,2020,2021,2022,2023,2024,2025","2021,2022,2023,2024,2025"
688448,磁谷科技,SH,通用设备,保留,,排除,15.265,-111007369.49,,34.454688,1.7976,,0.0,net_margin,fcf,"2018,2019,2020,2021,2022,2023,2024,2025","2021,2022,2023,2024,2025"
688449,联芸科技,SH,半导体,保留,,排除,-1.744286,-92827446.38,14.522617,44.014314,0.364518,,0.0,net_margin,"roe,fcf,ocf_ni","2019,2020,2021,2022,2023,2024,2025","2021,2022,2023,2024,2025"
688450,光格科技,SH,电网设备,保留,,排除,17.44,-408687958.35,-54.394804,56.150893,0.078459,,0.0,net_margin,"fcf,interest_coverage,ocf_ni","2019,2020,2021,2022,2023,2024,2025","2021,2022,2023,2024,2025"
688455,科捷智能,SH,自动化设备,保留,,排除,19.72375,-702770557.56,1.880358,16.370193,-1.711887,,0.0,net_margin,"fcf,interest_coverage,ocf_ni","2018,2019,2020,2021,2022,2023,2024,2025","2021,2022,2023,2024,2025"
688456,有研粉材,SH,金属新材料,保留,,排除,9.612222,-380134912.02,6.33935,7.970428,-0.25856,,0.0,net_margin,"fcf,gross_margin,ocf_ni","2017,2018,2019,2020,2021,2022,2023,2024,2025","2021,2022,2023,2024,2025"
688458,美芯晟,SH,半导体,保留,,排除,-0.914286,-382105715.9,,32.025656,1.063467,,0.0,net_margin,"roe,fcf","2019,2020,2021,2022,2023,2024,2025","2021,2022,2023,2024,2025"
688459,哈铁科技,SH,轨交设备Ⅱ,保留,,豁免A通过,6.66,257941587.19,,36.951066,1.139912,,0.0,net_margin,roe,"2018,2019,2020,2021,2022,2023,2024,2025","2021,2022,2023,2024,2025"
688466,金科环境,SH,环境治理,保留,,排除,13.25,-448985522.6,2.481058,35.00132,1.205275,12.070395,0.0,,fcf,"2016,2017,2018,2019,2020,2021,2022,2023,2024,2025","2021,2022,2023,2024,2025"
688468,科美诊断,SH,医疗器械,保留,,豁免A通过,-6.361111,191737332.44,,73.150397,1.511884,,0.0,net_margin,roe,"2017,2018,2019,2020,2021,2022,2023,2024,2025","2021,2022,2023,2024,2025"
688469,芯联集成,SH,半导体,保留,,排除,-23.031429,-24499218492.7,-8.041907,-3.381382,-1.718847,,0.0,net_margin,"roe,fcf,interest_coverage,gross_margin,ocf_ni","2019,2020,2021,2022,2023,2024,2025","2021,2022,2023,2024,2025"
688472,阿特斯,SH,光伏设备,保留,,排除,16.24375,-8212369725.31,2.109163,11.942999,-6.816971,,0.0,net_margin,"fcf,gross_margin,ocf_ni","2016,2018,2019,2020,2021,2022,2023,2024,2025","2021,2022,2023,2024,2025"
688475,萤石网络,SH,计算机设备,保留,,数据不足,32.645,1246107838.34,,40.083977,1.526837,,0.0,net_margin,,"2018,2019,2020,2021,2022,2023,2024,2025","2021,2022,2023,2024,2025"
688478,晶升股份,SH,半导体,保留,,排除,8.768333,-394384243.67,,29.876085,0.078806,,0.0,net_margin,"fcf,ocf_ni","2019,2020,2021,2022,2023,2024,2025","2021,2022,2023,2024,2025"
688479,友车科技,SH,软件开发,保留,,通过,16.909,159836238.77,,37.027403,0.718079,17.049548,0.0,,,"2016,2017,2018,2019,2020,2021,2022,2023,2024,2025","2021,2022,2023,2024,2025"
688480,赛恩斯,SH,环境治理,保留,,数据不足,11.695,138521047.11,87.327723,30.972728,0.922808,,0.0,net_margin,,"2018,2019,2020,2021,2022,2023,2024,2025","2021,2022,2023,2024,2025"
688484,南芯科技,SH,半导体,保留,,排除,10.058571,122334388.64,,41.253947,0.599874,,0.0,net_margin,ocf_ni,"2019,2020,2021,2022,2023,2024,2025","2021,2022,2023,2024,2025"
688485,九州一轨,SH,轨交设备Ⅱ,保留,,排除,6.22,-95527336.06,,34.459972,3.667602,,0.0,net_margin,"roe,fcf","2018,2019,2020,2021,2022,2023,2024,2025","2021,2022,2023,2024,2025"
688486,龙迅股份,SH,半导体,保留,,数据不足,21.512222,209121359.44,160.234619,58.176324,0.82115,,0.0,net_margin,,"2017,2018,2019,2020,2021,2022,2023,2024,2025","2021,2022,2023,2024,2025"
688488,艾迪药业,SH,生物制品,保留,,排除,-2.63,-689791762.0,3.504894,48.802489,0.541292,-11.328057,0.0,,"roe,fcf,ocf_ni,net_margin","2016,2017,2018,2019,2020,2021,2022,2023,2024,2025","2021,2022,2023,2024,2025"
688489,三未信安,SH,计算机设备,保留,,排除,15.20405,-115474842.95,,73.065806,-0.050587,,0.0,net_margin,"fcf,ocf_ni","2018,2019,2020,2021,2022,2023,2024,2025","2021,2022,2023,2024,2025"
688496,*ST清越,SH,光学光电子,保留,,排除,5.23875,-624046880.13,-7.828412,12.765503,-0.347826,4.766803,0.0,,"roe,fcf,interest_coverage,gross_margin,ocf_ni,net_margin","2016,2017,2018,2019,2020,2021,2022,2023,2024,2025","2021,2022,2023,2024,2025"
688498,源杰科技,SH,半导体,保留,,排除,10.32875,-572933709.6,,52.328096,-0.488635,,0.0,net_margin,"fcf,ocf_ni","2018,2019,2020,2021,2022,2023,2024,2025","2021,2022,2023,2024,2025"
688499,利元亨,SH,电池,保留,,排除,18.71,-1642398643.54,1.509884,26.896973,3.535023,2.545415,0.0,,"fcf,interest_coverage,net_margin","2016,2017,2018,2019,2020,2021,2022,2023,2024,2025","2021,2022,2023,2024,2025"
688500,慧辰股份,SH,IT服务Ⅱ,保留,,排除,-0.23,-146712247.35,,29.950233,0.294474,-2.962992,0.0,,"roe,fcf,ocf_ni,net_margin","2016,2017,2018,2019,2020,2021,2022,2023,2024,2025","2021,2022,2023,2024,2025"
688501,青达环保,SH,环保设备Ⅱ,保留,,排除,11.024444,-635845348.59,10.456229,31.737551,-0.233727,,0.0,net_margin,"fcf,ocf_ni","2017,2018,2019,2020,2021,2022,2023,2024,2025","2021,2022,2023,2024,2025"
688502,茂莱光学,SH,光学光电子,保留,,排除,16.797,-579525247.92,6.853052,49.882706,1.244236,13.085599,0.0,,fcf,"2016,2017,2018,2019,2020,2021,2022,2023,2024,2025","2021,2022,2023,2024,2025"
688503,聚和材料,SH,光伏设备,保留,,排除,20.81375,-9727410924.18,13.867657,9.575651,-4.574914,,0.0,net_margin,"fcf,gross_margin,ocf_ni","2018,2019,2020,2021,2022,2023,2024,2025","2021,2022,2023,2024,2025"
688505,复旦张江,SH,化学制药,保留,,排除,8.905,248646242.0,,91.542199,0.359675,12.090469,0.0,,ocf_ni,"2016,2017,2018,2019,2020,2021,2022,2023,2024,2025","2021,2022,2023,2024,2025"
688506,百利天恒,SH,生物制品,保留,,排除,-17.32,1742475864.29,,77.50407,0.981457,,0.0,net_margin,roe,"2018,2019,2020,2021,2022,2023,2024,2025","2021,2022,2023,2024,2025"
688507,索辰科技,SH,软件开发,保留,,排除,5.238571,-469646532.85,,69.228673,-0.249465,,0.0,net_margin,"roe,fcf,ocf_ni","2019,2020,2021,2022,2023,2024,2025","2021,2022,2023,2024,2025"
688508,芯朋微,SH,半导体,保留,,排除,13.025,119970802.36,96.304637,39.215252,0.424655,16.518179,0.0,,ocf_ni,"2016,2017,2018,2019,2020,2021,2022,2023,2024,2025","2021,2022,2023,2024,2025"
688509,正元地信,SH,IT服务Ⅱ,保留,,排除,1.114444,-303940623.71,-21.352999,26.037314,-0.211901,,0.0,net_margin,"roe,fcf,interest_coverage,ocf_ni","2017,2018,2019,2020,2021,2022,2023,2024,2025","2021,2022,2023,2024,2025"
688510,航亚科技,SH,航空装备Ⅱ,保留,,排除,4.91966,-307465281.36,34.06684,34.623133,2.01272,4.299449,0.001541,,"roe,fcf,net_margin","2016,2017,2018,2019,2020,2021,2022,2023,2024,2025","2021,2022,2023,2024,2025"
688511,天微电子,SH,军工电子Ⅱ,保留,,排除,16.672222,93352698.17,,56.819083,0.506651,,0.0,net_margin,ocf_ni,"2017,2018,2019,2020,2021,2022,2023,2024,2025","2021,2022,2023,2024,2025"
688512,慧智微,SH,半导体,保留,,排除,-36.13,-1983760032.45,-126.06502,11.020916,1.020658,,0.0,net_margin,"roe,fcf,interest_coverage,gross_margin","2019,2020,2021,2022,2023,2024,2025","2021,2022,2023,2024,2025"
688513,苑东生物,SH,化学制药,保留,,通过,14.433,128388146.54,,79.886852,0.900777,18.183498,0.0,,,"2016,2017,2018,2019,2020,2021,2022,2023,2024,2025","2021,2022,2023,2024,2025"
688515,裕太微,SH,半导体,保留,,排除,-24.522857,-886852878.37,-71.10528,43.942833,34.241747,,0.0,net_margin,"roe,fcf,interest_coverage","2019,2020,2021,2022,2023,2024,2025","2021,2022,2023,2024,2025"
688516,奥特维,SH,光伏设备,保留,,排除,-52.138,1201673592.23,9.948474,35.386446,0.973638,9.167119,0.0,,roe,"2016,2017,2018,2019,2020,2021,2022,2023,2024,2025","2021,2022,2023,2024,2025"
688517,金冠电气,SH,电网设备,保留,,数据不足,17.108889,282123923.2,68.30828,31.650108,1.268361,,0.0,net_margin,,"2017,2018,2019,2020,2021,2022,2023,2024,2025","2021,2022,2023,2024,2025"
688518,联赢激光,SH,自动化设备,保留,,排除,11.842,-1225492721.14,41.487953,32.619189,-0.064641,8.642811,0.0,,"fcf,ocf_ni","2016,2017,2018,2019,2020,2021,2022,2023,2024,2025","2021,2022,2023,2024,2025"
688519,南亚新材,SH,元件,保留,,排除,12.48,-1083032273.96,36.591437,10.163258,2.477113,4.605527,0.0,,"fcf,gross_margin,net_margin","2016,2017,2018,2019,2020,2021,2022,2023,2024,2025","2021,2022,2023,2024,2025"
688520,神州细胞,SH,生物制品,保留,,排除,-207.26,-3670761197.47,-5.075498,95.5142,0.878698,-26574.542293,0.0,,"roe,fcf,interest_coverage,net_margin","2016,2017,2018,2019,2020,2021,2022,2023,2024,2025","2021,2022,2023,2024,2025"
688521,芯原股份,SH,半导体,保留,,排除,-13.985556,-2240212002.62,-9.572522,40.089511,1.647928,-9.24375,0.0,,"roe,fcf,interest_coverage,net_margin","2016,2017,2018,2019,2020,2021,2022,2023,2024,2025","2021,2022,2023,2024,2025"
688522,纳睿雷达,SH,军工电子Ⅱ,保留,,排除,58.0,-11027647.83,,73.017981,0.782071,,0.0,net_margin,fcf,"2018,2019,2020,2021,2022,2023,2024,2025","2021,2022,2023,2024,2025"
688523,航天环宇,SH,航天装备Ⅱ,保留,,排除,12.337143,-615446339.27,19.735674,51.177166,1.273947,,0.0,net_margin,fcf,"2019,2020,2021,2022,2023,2024,2025","2021,2022,2023,2024,2025"
688525,佰维存储,SH,半导体,保留,,排除,-3.82125,-8056477619.35,4.761543,14.524809,-1.953816,,0.0,net_margin,"roe,fcf,gross_margin,ocf_ni","2018,2019,2020,2021,2022,2023,2024,2025","2021,2022,2023,2024,2025"
688526,科前生物,SH,动物保健Ⅱ,保留,,通过,28.175,1541613792.38,,71.247554,1.094077,46.664937,0.0,,,"2016,2017,2018,2019,2020,2021,2022,2023,2024,2025","2021,2022,2023,2024,2025"
688528,秦川物联,SH,通用设备,保留,,排除,3.426,-310312589.74,-20.418398,25.618872,2.719121,1.838569,0.0,,"roe,fcf,interest_coverage,net_margin","2016,2017,2018,2019,2020,2021,2022,2023,2024,2025","2021,2022,2023,2024,2025"
688529,豪森智能,SH,专用设备,保留,,排除,6.012222,-1995448838.27,-13.17605,21.632744,-0.215583,,0.0,net_margin,"roe,fcf,interest_coverage,ocf_ni","2017,2018,2019,2020,2021,2022,2023,2024,2025","2021,2022,2023,2024,2025"
688530,欧莱新材,SH,半导体,保留,,排除,5.787143,-559030197.78,-11.983134,19.960562,0.078538,,0.0,net_margin,"roe,fcf,interest_coverage,ocf_ni","2019,2020,2021,2022,2023,2024,2025","2021,2022,2023,2024,2025"
688531,日联科技,SH,专用设备,保留,,排除,10.35125,-461504070.98,,41.505724,0.567491,,0.0,net_margin,"fcf,ocf_ni","2016,2019,2020,2021,2022,2023,2024,2025","2021,2022,2023,2024,2025"
688533,上声电子,SH,汽车零部件,周期,周期性行业,行业排除,,,,,,,,,,,
688535,华海诚科,SH,半导体,保留,,排除,12.854,-146722207.28,2.893975,27.063718,0.343036,8.688039,0.0,,"fcf,ocf_ni","2016,2017,2018,2019,2020,2021,2022,2023,2024,2025","2021,2022,2023,2024,2025"
688536,思瑞浦,SH,半导体,保留,,排除,10.204444,-48231205.65,,53.149997,1.555646,,0.0,net_margin,fcf,"2017,2018,2019,2020,2021,2022,2023,2024,2025","2021,2022,2023,2024,2025"
688538,和辉光电,SH,光学光电子,保留,,排除,-14.264444,-9653146954.98,-3.71636,-26.721579,-0.050226,,0.0,net_margin,"roe,fcf,interest_coverage,gross_margin,ocf_ni","2017,2018,2019,2020,2021,2022,2023,2024,2025","2021,2022,2023,2024,2025"
688539,高华科技,SH,元件,保留,,排除,13.926667,-144058261.85,,53.991396,0.217929,,0.0,net_margin,"fcf,ocf_ni","2016,2017,2019,2020,2021,2022,2023,2024,2025","2021,2022,2023,2024,2025"
688543,国科军工,SH,地面兵装Ⅱ,保留,,数据不足,14.154444,459796486.16,,34.512861,1.625152,,0.0,net_margin,,"2016,2017,2019,2020,2021,2022,2023,2024,2025","2021,2022,2023,2024,2025"
688545,兴福电子,SH,电子化学品Ⅱ,保留,,排除,9.18,-1177329783.6,,27.996514,1.473635,,0.0,net_margin,fcf,"2020,2021,2022,2023,2024,2025","2021,2022,2023,2024,2025"
688548,广钢气体,SH,电子化学品Ⅱ,保留,,排除,10.787143,-2735580016.35,19.582673,31.726744,2.021882,,0.0,net_margin,fcf,"2019,2020,2021,2022,2023,2024,2025","2021,2022,2023,2024,2025"
688549,中巨芯,SH,电子化学品Ⅱ,保留,,排除,0.5975,-999421595.15,,18.420046,2.528472,,0.0,net_margin,"roe,fcf","2018,2019,2020,2021,2022,2023,2024,2025","2021,2022,2023,2024,2025"
688550,瑞联新材,SH,电子化学品Ⅱ,保留,,通过,12.436,146046694.35,,39.664964,1.532001,14.28967,0.0,,,"2016,2017,2018,2019,2020,2021,2022,2023,2024,2025","2021,2022,2023,2024,2025"
688551,科威尔,SH,其他电源设备Ⅱ,保留,,排除,27.63,-143763119.06,,48.1604,0.766912,,0.0,net_margin,fcf,"2017,2018,2019,2020,2021,2022,2023,2024,2025","2021,2022,2023,2024,2025"
688552,航天南湖,SH,军工电子Ⅱ,保留,,排除,12.998571,-759372018.85,,30.636905,0.446462,,0.0,net_margin,"fcf,ocf_ni","2019,2020,2021,2022,2023,2024,2025","2021,2022,2023,2024,2025"
688553,汇宇制药,SH,化学制药,保留,,排除,18.35,-384415182.96,,85.704523,-0.124024,,0.0,net_margin,"fcf,ocf_ni","2017,2018,2019,2020,2021,2022,2023,2024,2025","2021,2022,2023,2024,2025"
688556,高测股份,SH,光伏设备,保留,,排除,20.329,-1055710615.64,-0.078661,30.050838,7.628686,8.965964,0.0,,"fcf,interest_coverage","2016,2017,2018,2019,2020,2021,2022,2023,2024,2025","2021,2022,2023,2024,2025"
688557,兰剑智能,SH,通用设备,保留,,排除,13.808889,78429156.96,,31.183064,0.510588,,0.0,net_margin,ocf_ni,"2017,2018,2019,2020,2021,2022,2023,2024,2025","2021,2022,2023,2024,2025"
688558,国盛智科,SH,通用设备,保留,,通过,14.645,486646533.83,,25.9609,0.974756,14.315172,0.0,,,"2016,2017,2018,2019,2020,2021,2022,2023,2024,2025","2021,2022,2023,2024,2025"
688559,海目星,SH,自动化设备,保留,,排除,7.963,-2046774228.82,-14.047643,24.999558,1.224979,3.298581,0.0,,"roe,fcf,interest_coverage,net_margin","2016,2017,2018,2019,2020,2021,2022,2023,2024,2025","2021,2022,2023,2024,2025"
688560,明冠新材,SH,光伏设备,保留,,排除,7.249,-528803428.32,,8.353195,-1.803546,3.184255,0.0,,"roe,fcf,gross_margin,ocf_ni,net_margin","2016,2017,2018,2019,2020,2021,2022,2023,2024,2025","2021,2022,2023,2024,2025"
688561,奇安信,SH,软件开发,保留,,排除,-14.228889,-4746018374.63,-18.062785,59.003257,-6.016782,-23.575759,0.0,,"roe,fcf,interest_coverage,ocf_ni,net_margin","2016,2017,2018,2019,2020,2021,2022,2023,2024,2025","2021,2022,2023,2024,2025"
688562,航天软件,SH,IT服务Ⅱ,保留,,排除,29.277143,-135016890.92,,20.595069,3.028907,,0.0,net_margin,fcf,"2019,2020,2021,2022,2023,2024,2025","2021,2022,2023,2024,2025"
688563,航材股份,SH,航空装备Ⅱ,保留,,排除,22.714286,269300578.02,,32.09055,0.465128,,0.0,net_margin,ocf_ni,"2019,2020,2021,2022,2023,2024,2025","2021,2022,2023,2024,2025"
688565,力源科技,SH,环境治理,保留,,排除,4.699,-50525352.05,8.480549,15.353427,7.064001,2.505573,0.0,,"roe,fcf,net_margin","2016,2017,2018,2019,2020,2021,2022,2023,2024,2025","2021,2022,2023,2024,2025"
688566,吉贝尔,SH,化学制药,保留,,排除,15.361,-98613293.2,,88.792353,0.988718,22.126264,0.0,,fcf,"2016,2017,2018,2019,2020,2021,2022,2023,2024,2025","2021,2022,2023,2024,2025"
688567,孚能科技,SH,电池,保留,,排除,-4.263,-5526676879.88,-3.928645,5.755345,-0.752242,-8.232181,0.0,,"roe,fcf,interest_coverage,gross_margin,ocf_ni,net_margin","2016,2017,2018,2019,2020,2021,2022,2023,2024,2025","2021,2022,2023,2024,2025"
688568,中科星图,SH,IT服务Ⅱ,保留,,排除,32.89,-1547864805.66,2.182753,48.390772,1.232359,15.651702,0.0,,fcf,"2016,2017,2018,2019,2020,2021,2022,2023,2024,2025","2021,2022,2023,2024,2025"
688569,铁科轨道,SH,轨交设备Ⅱ,保留,,通过,11.385,690601941.04,,38.322251,1.217484,13.497903,0.0,,,"2016,2017,2018,2019,2020,2021,2022,2023,2024,2025","2021,2022,2023,2024,2025"
688570,天玛智控,SH,自动化设备,保留,,数据不足,21.107143,1495999242.79,,43.716321,1.200848,,0.0,net_margin,,"2019,2020,2021,2022,2023,2024,2025","2021,2022,2023,2024,2025"
688571,杭华股份,SH,化学制品,周期,周期性行业,行业排除,,,,,,,,,,,
688573,信宇人,SH,电池,保留,,排除,-6.832857,-578813247.96,-62.153452,18.030027,0.299554,,0.0,net_margin,"roe,fcf,interest_coverage,ocf_ni","2019,2020,2021,2022,2023,2024,2025","2021,2022,2023,2024,2025"
688575,亚辉龙,SH,医疗器械,保留,,数据不足,18.464444,168041946.92,5.106373,59.54683,4.491397,,0.0,net_margin,,"2017,2018,2019,2020,2021,2022,2023,2024,2025","2021,2022,2023,2024,2025"
688576,西山科技,SH,医疗器械,保留,,排除,-10.747143,-118044640.35,,68.267801,0.81922,,0.0,net_margin,"roe,fcf","2016,2019,2020,2021,2022,2023,2024,2025","2021,2022,2023,2024,2025"
688577,浙海德曼,SH,通用设备,保留,,排除,10.698,-218602720.68,17.853576,28.749957,2.135724,9.04708,0.0,,fcf,"2016,2017,2018,2019,2020,2021,2022,2023,2024,2025","2021,2022,2023,2024,2025"
688578,艾力斯,SH,化学制药,保留,,豁免A通过,-3.847778,3823931537.68,,96.772188,1.101671,,0.0,net_margin,roe,"2017,2018,2019,2020,2021,2022,2023,2024,2025","2021,2022,2023,2024,2025"
688579,地纬智能,SH,软件开发,保留,,通过,9.472,35420553.17,,52.581793,0.890073,16.010235,0.0,,,"2016,2017,2018,2019,2020,2021,2022,2023,2024,2025","2021,2022,2023,2024,2025"
688580,伟思医疗,SH,医疗器械,保留,,通过,19.913,125130918.96,,69.324929,1.045682,30.711581,0.0,,,"2016,2017,2018,2019,2020,2021,2022,2023,2024,2025","2021,2022,2023,2024,2025"
688581,安杰思,SH,医疗器械,保留,,数据不足,19.505556,722661393.39,,69.372785,0.99696,,0.0,net_margin,,"2017,2018,2019,2020,2021,2022,2023,2024,2025","2021,2022,2023,2024,2025"
688582,芯动联科,SH,半导体,保留,,排除,16.062857,464698226.66,,85.024577,0.550541,,0.0,net_margin,ocf_ni,"2019,2020,2021,2022,2023,2024,2025","2021,2022,2023,2024,2025"
688583,思看科技,SH,通用设备,保留,,数据不足,34.853333,237907854.58,,76.036564,0.976298,,0.0,net_margin,,"2020,2021,2022,2023,2024,2025","2021,2022,2023,2024,2025"
688584,上海合晶,SH,半导体,保留,,排除,7.95,76149943.48,,34.848963,2.608648,,0.0,net_margin,roe,"2017,2018,2019,2020,2021,2022,2023,2024,2025","2021,2022,2023,2024,2025"
688585,上纬新材,SH,塑料,保留,,排除,7.166,182622131.58,7.405725,13.315693,0.378566,4.826,0.0,,"roe,gross_margin,ocf_ni,net_margin","2016,2017,2018,2019,2020,2021,2022,2023,2024,2025","2021,2022,2023,2024,2025"
688586,江航装备,SH,航空装备Ⅱ,保留,,排除,9.617,75634352.93,,36.517393,0.027141,13.520353,0.0,,ocf_ni,"2016,2017,2018,2019,2020,2021,2022,2023,2024,2025","2021,2022,2023,2024,2025"
688588,凌志软件,SH,软件开发,保留,,通过,13.565,546020441.03,4.210336,38.077727,1.230811,19.102818,0.0,,,"2016,2017,2018,2019,2020,2021,2022,2023,2024,2025","2021,2022,2023,2024,2025"
688589,力合微,SH,半导体,保留,,排除,8.316,250543611.09,1.44794,42.726425,1.491099,12.43903,0.0,,interest_coverage,"2016,2017,2018,2019,2020,2021,2022,2023,2024,2025","2021,2022,2023,2024,2025"
688590,新致软件,SH,软件开发,保留,,排除,7.124,-938428307.49,-2.311496,24.462916,1.844119,3.518674,0.0,,"roe,fcf,interest_coverage,net_margin","2016,2017,2018,2019,2020,2021,2022,2023,2024,2025","2021,2022,2023,2024,2025"
688591,泰凌微,SH,半导体,保留,,豁免A通过,4.065714,305022077.82,,45.876193,1.327222,,0.0,net_margin,roe,"2019,2020,2021,2022,2023,2024,2025","2021,2022,2023,2024,2025"
688592,司南导航,SH,通信设备,保留,,排除,7.291,-110064452.61,17.043714,52.553355,-1.442128,5.956241,0.0,,"roe,fcf,ocf_ni","2016,2017,2018,2019,2020,2021,2022,2023,2024,2025","2021,2022,2023,2024,2025"
688593,新相微,SH,半导体,保留,,排除,11.494286,-304244233.05,,31.780446,0.013477,,0.0,net_margin,"fcf,ocf_ni","2019,2020,2021,2022,2023,2024,2025","2021,2022,2023,2024,2025"
688595,芯海科技,SH,半导体,保留,,排除,5.466,-633504805.11,-10.618011,37.79848,-5.618983,3.04837,0.0,,"roe,fcf,interest_coverage,ocf_ni,net_margin","2016,2017,2018,2019,2020,2021,2022,2023,2024,2025","2021,2022,2023,2024,2025"
688596,正帆科技,SH,专用设备,保留,,排除,11.292,-1067786164.63,1.134763,25.504359,0.349367,7.427978,0.0,,"fcf,interest_coverage,ocf_ni","2016,2017,2018,2019,2020,2021,2022,2023,2024,2025","2021,2022,2023,2024,2025"
688597,煜邦电力,SH,电网设备,保留,,通过,10.085,158856909.12,4.516328,35.89312,1.540092,9.509411,0.0,,,"2016,2017,2018,2019,2020,2021,2022,2023,2024,2025","2021,2022,2023,2024,2025"
688598,金博股份,SH,非金属材料Ⅱ,保留,,排除,12.61,-3452572353.17,-104.142002,22.378164,0.384836,-7.02216,0.0,,"fcf,interest_coverage,ocf_ni,net_margin","2016,2017,2018,2019,2020,2021,2022,2023,2024,2025","2021,2022,2023,2024,2025"
688599,天合光能,SH,光伏设备,保留,,排除,3.43,-2338101257.18,-5.914666,11.472572,0.830078,1.185865,0.0,,"roe,fcf,interest_coverage,gross_margin,net_margin","2016,2017,2018,2019,2020,2021,2022,2023,2024,2025","2021,2022,2023,2024,2025"
688600,皖仪科技,SH,通用设备,保留,,排除,13.202,-123525328.65,20.908856,48.627263,1.309228,11.017655,0.0,,fcf,"2016,2017,2018,2019,2020,2021,2022,2023,2024,2025","2021,2022,2023,2024,2025"
688601,力芯微,SH,半导体,保留,,数据不足,14.097778,464496435.8,,42.204632,0.750804,,0.0,net_margin,,"2017,2018,2019,2020,2021,2022,2023,2024,2025","2021,2022,2023,2024,2025"
688602,康鹏科技,SH,化学制药,保留,,排除,9.983,-70045053.43,,24.148995,0.034372,14.434687,0.0,,"fcf,ocf_ni","2016,2017,2018,2019,2020,2021,2022,2023,2024,2025","2021,2022,2023,2024,2025"
688603,天承科技,SH,电子化学品Ⅱ,保留,,排除,18.625714,-16489569.94,,35.141652,0.788413,,0.0,net_margin,fcf,"2019,2020,2021,2022,2023,2024,2025","2021,2022,2023,2024,2025"
688605,先锋精科,SH,半导体,保留,,排除,12.99,-140342868.1,,,0.772881,,0.0,"gross_margin,net_margin",fcf,"2020,2021,2023,2024","2021,2022,2023,2024,2025"
688606,奥泰生物,SH,医疗器械,保留,,通过,37.197,1461831107.31,,54.109179,0.903945,32.836798,0.0,,,"2016,2017,2018,2019,2020,2021,2022,2023,2024,2025","2021,2022,2023,2024,2025"
688607,康众医疗,SH,医疗器械,保留,,排除,10.707778,-272168549.93,-1.218576,39.57457,3.952386,,0.0,net_margin,"fcf,interest_coverage","2017,2018,2019,2020,2021,2022,2023,2024,2025","2021,2022,2023,2024,2025"
688608,恒玄科技,SH,半导体,保留,,排除,10.48,285263899.15,,36.851229,0.55267,,0.0,net_margin,ocf_ni,"2017,2018,2019,2020,2021,2022,2023,2024,2025","2021,2022,2023,2024,2025"
688609,九联科技,SH,黑色家电,保留,,排除,0.39,-895660693.55,-5.546083,14.571699,-0.613557,,0.0,net_margin,"roe,fcf,interest_coverage,gross_margin,ocf_ni","2017,2018,2019,2020,2021,2022,2023,2024,2025","2021,2022,2023,2024,2025"
688610,埃科光电,SH,通用设备,保留,,排除,-106.212857,-299817839.55,,43.130126,-0.413869,,0.0,net_margin,"roe,fcf,ocf_ni","2019,2020,2021,2022,2023,2024,2025","2021,2022,2023,2024,2025"
688611,杭州柯林,SH,电网设备,保留,,排除,25.085,-377139101.59,-4.933641,53.564299,-4.64812,30.84054,0.0,,"fcf,interest_coverage,ocf_ni","2016,2017,2018,2019,2020,2021,2022,2023,2024,2025","2021,2022,2023,2024,2025"
688612,威迈斯,SH,汽车零部件,周期,周期性行业,行业排除,,,,,,,,,,,
688613,奥精医疗,SH,医疗器械,保留,,数据不足,9.086667,132482989.7,5.849929,78.227121,1.500177,,0.0,net_margin,,"2017,2018,2019,2020,2021,2022,2023,2024,2025","2021,2022,2023,2024,2025"
688615,合合信息,SH,软件开发,保留,,豁免A通过,-62.1375,1809094446.42,,84.47412,1.437561,,0.0,net_margin,roe,"2018,2019,2020,2021,2022,2023,2024,2025","2021,2022,2023,2024,2025"
688616,西力科技,SH,电网设备,保留,,通过,12.818,205780197.14,,30.096081,1.209094,13.383315,0.0,,,"2016,2017,2018,2019,2020,2021,2022,2023,2024,2025","2021,2022,2023,2024,2025"
688617,惠泰医疗,SH,医疗器械,保留,,数据不足,23.834444,1500605301.44,,71.429611,1.094585,,0.0,net_margin,,"2017,2018,2019,2020,2021,2022,2023,2024,2025","2021,2022,2023,2024,2025"
688618,三旺通信,SH,通信设备,保留,,排除,18.836667,-8421499.5,21.707622,58.493716,0.955201,,0.0,net_margin,fcf,"2017,2018,2019,2020,2021,2022,2023,2024,2025","2021,2022,2023,2024,2025"
688619,罗普特,SH,计算机设备,保留,,排除,2.275556,-868587622.05,-35.054369,20.611659,0.378999,,0.0,net_margin,"roe,fcf,interest_coverage,ocf_ni","2017,2018,2019,2020,2021,2022,2023,2024,2025","2021,2022,2023,2024,2025"
688620,安凯微,SH,半导体,保留,,排除,2.852857,-319673592.07,,24.138983,0.505717,,0.0,net_margin,"roe,fcf,ocf_ni","2019,2020,2021,2022,2023,2024,2025","2021,2022,2023,2024,2025"
688621,阳光诺和,SH,医疗服务,保留,,排除,26.075556,75606517.13,15.192486,53.976526,0.527979,,0.0,net_margin,ocf_ni,"2017,2018,2019,2020,2021,2022,2023,2024,2025","2021,2022,2023,2024,2025"
688622,*ST禾信,SH,通用设备,保留,,排除,6.83,-527797476.05,-12.203213,41.989785,0.397096,-5.059429,0.0,,"roe,fcf,interest_coverage,ocf_ni,net_margin","2016,2017,2018,2019,2020,2021,2022,2023,2024,2025","2021,2022,2023,2024,2025"
688623,双元科技,SH,自动化设备,保留,,排除,19.568571,81274943.12,,41.207393,0.658788,,0.0,net_margin,ocf_ni,"2019,2020,2021,2022,2023,2024,2025","2021,2022,2023,2024,2025"
688625,呈和科技,SH,化学制品,周期,周期性行业,行业排除,,,,,,,,,,,
688626,翔宇医疗,SH,医疗器械,保留,,排除,20.233333,-593414368.96,,67.434383,1.495313,,0.0,net_margin,fcf,"2017,2018,2019,2020,2021,2022,2023,2024,2025","2021,2022,2023,2024,2025"
688627,精智达,SH,通用设备,保留,,排除,10.492222,-44066189.3,,36.602618,0.461087,,0.0,net_margin,"fcf,ocf_ni","2016,2017,2019,2020,2021,2022,2023,2024,2025","2021,2022,2023,2024,2025"
688628,优利德,SH,通用设备,保留,,排除,20.525556,-77523046.56,,40.436359,0.633296,,0.0,net_margin,"fcf,ocf_ni","2017,2018,2019,2020,2021,2022,2023,2024,2025","2021,2022,2023,2024,2025"
688629,华丰科技,SH,军工电子Ⅱ,保留,,排除,-119.8,-673062048.85,53.477319,27.685888,0.855311,,0.0,net_margin,"roe,fcf","2019,2020,2021,2022,2023,2024,2025","2021,2022,2023,2024,2025"
688630,芯碁微装,SH,专用设备,保留,,排除,13.345556,-424130684.85,,40.855763,-0.103606,,0.0,net_margin,"fcf,ocf_ni","2017,2018,2019,2020,2021,2022,2023,2024,2025","2021,2022,2023,2024,2025"
688631,莱斯信息,SH,软件开发,保留,,排除,10.434286,-47928004.13,,28.315043,-0.246936,,0.0,net_margin,"fcf,ocf_ni","2019,2020,2021,2022,2023,2024,2025","2021,2022,2023,2024,2025"
688633,星球石墨,SH,专用设备,保留,,排除,16.768889,239118074.49,7.661605,40.540464,0.503256,,0.0,net_margin,ocf_ni,"2017,2018,2019,2020,2021,2022,2023,2024,2025","2021,2022,2023,2024,2025"
688635,长进光子,SH,通信设备,保留,,数据不足,21.2,,,,,,,"fcf,gross_margin,ocf_ni,net_margin,share_inflation",,"2022,2023,2024,2025","2022,2023,2024,2025"
688636,智明达,SH,军工电子Ⅱ,保留,,排除,15.417778,-400056764.47,37.048248,49.049398,0.344312,,0.0,net_margin,"fcf,ocf_ni","2017,2018,2019,2020,2021,2022,2023,2024,2025","2021,2022,2023,2024,2025"
688638,誉辰智能,SH,电池,保留,,排除,19.808571,-408821923.62,-16.87987,21.551084,-0.643828,4.934444,0.0,,"fcf,interest_coverage,ocf_ni,net_margin","2016,2017,2018,2019,2020,2021,2022,2023,2024,2025","2021,2022,2023,2024,2025"
688639,华恒生物,SH,化学制品,周期,周期性行业,行业排除,,,,,,,,,,,
688646,ST逸飞,SH,自动化设备,保留,,排除,4.061429,-521549138.11,-12.064619,28.558243,-0.487383,,0.0,net_margin,"roe,fcf,interest_coverage,ocf_ni","2019,2020,2021,2022,2023,2024,2025","2021,2022,2023,2024,2025"
688648,中邮科技,SH,专用设备,保留,,排除,9.622857,-740297964.35,,12.234206,0.880877,,0.0,net_margin,"fcf,gross_margin","2019,2020,2021,2022,2023,2024,2025","2021,2022,2023,2024,2025"
688651,盛邦安全,SH,软件开发,保留,,排除,20.871111,-98059337.28,,73.75488,-7.616642,,0.0,net_margin,"fcf,ocf_ni","2016,2017,2019,2020,2021,2022,2023,2024,2025","2021,2022,2023,2024,2025"
688652,京仪装备,SH,半导体,保留,,排除,5.955714,37685504.13,,35.103449,0.667573,,0.0,net_margin,"roe,ocf_ni","2019,2020,2021,2022,2023,2024,2025","2021,2022,2023,2024,2025"
688653,康希通信,SH,半导体,保留,,排除,-18.744286,-447591667.36,-5.484003,25.480761,-2.230453,,0.0,net_margin,"roe,fcf,interest_coverage,ocf_ni","2019,2020,2021,2022,2023,2024,2025","2021,2022,2023,2024,2025"
688655,迅捷兴,SH,元件,保留,,排除,7.083333,-274453104.75,-4.485006,20.209207,-7.535838,,0.0,net_margin,"roe,fcf,interest_coverage,ocf_ni","2017,2018,2019,2020,2021,2022,2023,2024,2025","2021,2022,2023,2024,2025"
688656,浩欧博,SH,医疗器械,保留,,排除,17.755,-355439282.1,19.780294,63.31547,2.135916,15.566852,0.0,,fcf,"2016,2017,2018,2019,2020,2021,2022,2023,2024,2025","2021,2022,2023,2024,2025"
688657,浩辰软件,SH,软件开发,保留,,通过,22.541,300290989.92,,92.056233,1.151234,22.147254,0.0,,,"2016,2017,2018,2019,2020,2021,2022,2023,2024,2025","2021,2022,2023,2024,2025"
688658,悦康药业,SH,化学制药,保留,,排除,18.285556,218478149.11,-17.636839,60.910404,1.415869,,0.0,net_margin,interest_coverage,"2017,2018,2019,2020,2021,2022,2023,2024,2025","2021,2022,2023,2024,2025"
688659,元琛科技,SH,化学制品,周期,周期性行业,行业排除,,,,,,,,,,,
688660,电气风电,SH,风电设备,保留,,排除,-3.84,-8824138531.71,-6.631508,7.994447,1.046377,,0.0,net_margin,"roe,fcf,interest_coverage,gross_margin","2017,2018,2019,2020,2021,2022,2023,2024,2025","2021,2022,2023,2024,2025"
688661,和林微纳,SH,半导体,保留,,排除,23.046667,-355462106.53,,29.268421,0.844139,,0.0,net_margin,fcf,"2017,2018,2019,2020,2021,2022,2023,2024,2025","2021,2022,2023,2024,2025"
688662,富信科技,SH,其他电子Ⅱ,保留,,排除,13.292222,-64483177.76,,26.099651,0.391721,,0.0,net_margin,"fcf,ocf_ni","2017,2018,2019,2020,2021,2022,2023,2024,2025","2021,2022,2023,2024,2025"
688663,新风光,SH,电网设备,保留,,通过,15.734,809544611.43,,25.294463,1.481807,11.294046,0.0,,,"2016,2017,2018,2019,2020,2021,2022,2023,2024,2025","2021,2022,2023,2024,2025"
688665,四方光电,SH,通用设备,保留,,排除,24.526667,-129732294.58,17.630715,45.087931,0.543832,,0.0,net_margin,"fcf,ocf_ni","2017,2018,2019,2020,2021,2022,2023,2024,2025","2021,2022,2023,2024,2025"
688667,菱电电控,SH,汽车零部件,周期,周期性行业,行业排除,,,,,,,,,,,
688668,鼎通科技,SH,通信设备,保留,,排除,16.172222,-693718863.09,61.105094,31.047057,0.799058,,0.0,net_margin,fcf,"2017,2018,2019,2020,2021,2022,2023,2024,2025","2021,2022,2023,2024,2025"
688669,聚石化学,SH,塑料,保留,,排除,7.802,-871776169.28,-1.080462,12.885521,1.499568,2.548601,0.0,,"roe,fcf,interest_coverage,gross_margin,net_margin","2016,2017,2018,2019,2020,2021,2022,2023,2024,2025","2021,2022,2023,2024,2025"
688670,金迪克,SH,生物制品,保留,,排除,32.628333,-756432993.14,-214.514979,74.865995,0.677266,,0.0,net_margin,"fcf,interest_coverage,ocf_ni","2017,2018,2019,2020,2021,2022,2023,2024,2025","2021,2022,2023,2024,2025"
688671,碧兴物联,SH,环保设备Ⅱ,保留,,排除,8.995714,-26182917.84,,28.148677,-2.725635,,0.0,net_margin,"fcf,ocf_ni","2019,2020,2021,2022,2023,2024,2025","2021,2022,2023,2024,2025"
688676,金盘科技,SH,电网设备,保留,,排除,12.233333,-1592266126.9,12.13138,23.314028,0.392579,,0.0,net_margin,"fcf,ocf_ni","2017,2018,2019,2020,2021,2022,2023,2024,2025","2021,2022,2023,2024,2025"
688677,海泰新光,SH,医疗器械,保留,,通过,21.756,277864115.39,,64.341988,0.861187,30.852569,0.0,,,"2016,2017,2018,2019,2020,2021,2022,2023,2024,2025","2021,2022,2023,2024,2025"
688678,福立旺,SH,消费电子,保留,,排除,13.405,-1527117019.61,1.142416,28.211082,0.964673,13.687825,0.0,,"fcf,interest_coverage","2016,2017,2018,2019,2020,2021,2022,2023,2024,2025","2021,2022,2023,2024,2025"
688679,通源环境,SH,环境治理,保留,,排除,6.969,-252607320.56,-2.316665,18.503802,-0.50221,5.450013,0.0,,"roe,fcf,interest_coverage,ocf_ni","2016,2017,2018,2019,2020,2021,2022,2023,2024,2025","2021,2022,2023,2024,2025"
688680,海优新材,SH,光伏设备,保留,,排除,1.849,-5456390938.32,-8.93904,4.979406,-12.014813,-2.16379,0.0,,"roe,fcf,interest_coverage,gross_margin,ocf_ni,net_margin","2016,2017,2018,2019,2020,2021,2022,2023,2024,2025","2021,2022,2023,2024,2025"
688681,科汇股份,SH,电网设备,保留,,通过,9.487,5930620.01,58.302846,43.086808,1.202279,9.69036,0.0,,,"2016,2017,2018,2019,2020,2021,2022,2023,2024,2025","2021,2022,2023,2024,2025"
688682,霍莱沃,SH,军工电子Ⅱ,保留,,排除,21.665556,11404130.14,-8.798952,36.308761,-0.836535,,0.0,net_margin,"interest_coverage,ocf_ni","2017,2018,2019,2020,2021,2022,2023,2024,2025","2021,2022,2023,2024,2025"
688683,莱尔科技,SH,电子化学品Ⅱ,保留,,排除,11.685556,-494022362.85,111.584419,24.778087,1.230626,,0.0,net_margin,fcf,"2017,2018,2019,2020,2021,2022,2023,2024,2025","2021,2022,2023,2024,2025"
688685,迈信林,SH,航空装备Ⅱ,保留,,排除,9.055556,-990632180.85,0.009322,33.341136,7.920432,,0.0,net_margin,"fcf,interest_coverage","2017,2018,2019,2020,2021,2022,2023,2024,2025","2021,2022,2023,2024,2025"
688686,奥普特,SH,自动化设备,保留,,排除,24.343333,-33204737.96,,64.272587,0.512802,,0.0,net_margin,"fcf,ocf_ni","2017,2018,2019,2020,2021,2022,2023,2024,2025","2021,2022,2023,2024,2025"
688687,凯因科技,SH,生物制品,保留,,排除,6.5,-81290119.36,,84.372999,1.625995,,0.0,net_margin,"roe,fcf","2017,2018,2019,2020,2021,2022,2023,2024,2025","2021,2022,2023,2024,2025"
688689,银河微电,SH,半导体,保留,,排除,10.145,-106039535.59,2.000568,27.718823,1.019696,10.27348,0.0,,fcf,"2016,2017,2018,2019,2020,2021,2022,2023,2024,2025","2021,2022,2023,2024,2025"
688690,纳微科技,SH,化学制药,保留,,数据不足,13.151111,143841520.07,303.101543,76.385099,1.183782,,0.0,net_margin,,"2017,2018,2019,2020,2021,2022,2023,2024,2025","2021,2022,2023,2024,2025"
688691,灿芯股份,SH,半导体,保留,,数据不足,10.298333,145792481.47,,20.817406,1.187302,,0.0,net_margin,,"2019,2020,2021,2022,2023,2024,2025","2021,2022,2023,2024,2025"
688692,达梦数据,SH,软件开发,保留,,数据不足,36.294286,1449768038.14,,93.225267,0.985514,,0.0,net_margin,,"2019,2020,2021,2022,2023,2024,2025","2021,2022,2023,2024,2025"
688693,锴威特,SH,半导体,保留,,排除,2.004286,-315136613.16,,39.951518,0.08233,,0.0,net_margin,"roe,fcf,ocf_ni","2019,2020,2021,2022,2023,2024,2025","2021,2022,2023,2024,2025"
688695,中创股份,SH,软件开发,保留,,排除,20.844,-120055246.6,,86.410407,0.17962,24.410182,0.0,,"fcf,ocf_ni","2016,2017,2018,2019,2020,2021,2022,2023,2024,2025","2021,2022,2023,2024,2025"
688696,极米科技,SH,黑色家电,保留,,数据不足,13.155556,429101657.59,,33.318958,1.076787,,0.0,net_margin,,"2017,2018,2019,2020,2021,2022,2023,2024,2025","2021,2022,2023,2024,2025"
688697,纽威数控,SH,通用设备,保留,,数据不足,18.968889,500833874.27,34.965657,24.368609,1.001674,,0.0,net_margin,,"2017,2018,2019,2020,2021,2022,2023,2024,2025","2021,2022,2023,2024,2025"
688698,伟创电气,SH,自动化设备,保留,,排除,17.676667,-158137594.06,,36.691696,0.537899,,0.0,net_margin,"fcf,ocf_ni","2017,2018,2019,2020,2021,2022,2023,2024,2025","2021,2022,2023,2024,2025"
688699,明微电子,SH,半导体,保留,,排除,17.367,319266963.56,-18.488848,29.91696,-4.770798,11.623513,0.0,,"interest_coverage,ocf_ni","2016,2017,2018,2019,2020,2021,2022,2023,2024,2025","2021,2022,2023,2024,2025"
688700,东威科技,SH,专用设备,保留,,排除,27.138889,-82186603.93,,38.251446,0.802292,,0.0,net_margin,fcf,"2017,2018,2019,2020,2021,2022,2023,2024,2025","2021,2022,2023,2024,2025"
688701,卓锦股份,SH,环境治理,保留,,排除,2.994,-212523877.7,-7.376658,13.919734,-0.763764,-7.323373,0.0,,"roe,fcf,interest_coverage,gross_margin,ocf_ni,net_margin","2016,2017,2018,2019,2020,2021,2022,2023,2024,2025","2021,2022,2023,2024,2025"
688702,盛科通信,SH,半导体,保留,,排除,-3.99,-799288337.04,,43.171265,13.768141,,0.0,net_margin,"roe,fcf","2018,2019,2020,2021,2022,2023,2024,2025","2021,2022,2023,2024,2025"
688707,振华新材,SH,电池,保留,,排除,5.708,12252815.31,-11.682345,1.740729,3.838102,-4.719223,0.0,,"roe,interest_coverage,gross_margin,net_margin","2016,2017,2018,2019,2020,2021,2022,2023,2024,2025","2021,2022,2023,2024,2025"
688708,佳驰科技,SH,航空装备Ⅱ,保留,,数据不足,32.511429,833173095.98,,77.030129,0.716981,,0.0,net_margin,,"2019,2020,2021,2022,2023,2024,2025","2021,2022,2023,2024,2025"
688709,成都华微,SH,半导体,保留,,排除,13.1925,-1202647672.46,26.741196,76.131153,-0.42696,,0.0,net_margin,"fcf,ocf_ni","2018,2019,2020,2021,2022,2023,2024,2025","2021,2022,2023,2024,2025"
688710,益诺思,SH,医疗服务,保留,,排除,13.164286,-305568248.04,,36.363307,0.120466,,0.0,net_margin,"fcf,ocf_ni","2019,2020,2021,2022,2023,2024,2025","2021,2022,2023,2024,2025"
688711,宏微科技,SH,半导体,保留,,排除,8.065,-609047851.99,0.307213,19.477369,-0.742291,5.286388,0.0,,"fcf,interest_coverage,ocf_ni","2016,2017,2018,2019,2020,2021,2022,2023,2024,2025","2021,2022,2023,2024,2025"
688712,北芯生命,SH,医疗器械,保留,,排除,-35.294286,-433914986.79,42.898978,64.125733,0.608241,,0.0,net_margin,"roe,fcf,ocf_ni","2019,2020,2021,2022,2023,2024,2025","2021,2022,2023,2024,2025"
688716,中研股份,SH,塑料,保留,,排除,8.275,-373480160.66,,43.243229,-0.403481,15.735617,0.0,,"fcf,ocf_ni","2016,2017,2018,2019,2020,2021,2022,2023,2024,2025","2021,2022,2023,2024,2025"
688717,艾罗能源,SH,光伏设备,保留,,数据不足,55.578,1202848508.57,,36.793091,1.921499,,0.0,net_margin,,"2019,2020,2021,2022,2023,2024,2025","2021,2022,2023,2024,2025"
688718,唯赛勃,SH,塑料,保留,,排除,10.177778,-85386454.1,496.274607,33.003563,0.875788,,0.0,net_margin,fcf,"2017,2018,2019,2020,2021,2022,2023,2024,2025","2021,2022,2023,2024,2025"
688719,爱科赛博,SH,其他电源设备Ⅱ,保留,,排除,9.112857,-440037702.49,-45.525036,38.454088,0.083708,,0.0,net_margin,"fcf,interest_coverage,ocf_ni","2019,2020,2021,2022,2023,2024,2025","2021,2022,2023,2024,2025"
688720,艾森股份,SH,半导体,保留,,排除,7.174286,-640581336.33,,27.03692,-1.386332,,0.0,net_margin,"roe,fcf,ocf_ni","2019,2020,2021,2022,2023,2024,2025","2021,2022,2023,2024,2025"
688721,龙图光罩,SH,半导体,保留,,排除,26.985,-756190508.05,61.571456,56.390752,1.210949,,0.0,net_margin,fcf,"2020,2021,2022,2023,2024,2025","2021,2022,2023,2024,2025"
688722,同益中,SH,化学纤维,保留,,数据不足,13.48,89713083.6,31.364674,35.237161,1.056026,,0.0,net_margin,,"2017,2018,2019,2020,2021,2022,2023,2024,2025","2021,2022,2023,2024,2025"
688726,拉普拉斯,SH,光伏设备,保留,,排除,7.676,492294887.91,70.179908,27.025918,0.909799,,0.0,net_margin,roe,"2020,2021,2022,2023,2024,2025","2021,2022,2023,2024,2025"
688727,恒坤新材,SH,半导体,保留,,排除,7.084444,-979671235.0,,60.593664,1.372046,,0.0,net_margin,"roe,fcf","2016,2017,2018,2019,2021,2022,2023,2024,2025","2021,2022,2023,2024,2025"
688728,格科微,SH,半导体,保留,,排除,21.221111,-9756282058.0,0.032736,27.207901,9.528677,,0.0,net_margin,"fcf,interest_coverage","2017,2018,2019,2020,2021,2022,2023,2024,2025","2021,2022,2023,2024,2025"
688729,屹唐股份,SH,半导体,保留,,排除,4.34625,-919071185.99,44.701895,33.879504,0.503804,,0.0,net_margin,"roe,fcf,ocf_ni","2018,2019,2020,2021,2022,2023,2024,2025","2021,2022,2023,2024,2025"
688733,壹石通,SH,电池,保留,,排除,7.589,-1604086702.17,-2.285139,30.394111,-0.567481,13.666429,0.0,,"roe,fcf,interest_coverage,ocf_ni","2016,2017,2018,2019,2020,2021,2022,2023,2024,2025","2021,2022,2023,2024,2025"
688737,中自科技,SH,汽车零部件,周期,周期性行业,行业排除,,,,,,,,,,,
688739,成大生物,SH,生物制品,保留,,通过,14.901,329192370.15,,84.584388,1.366699,35.750833,0.0,,,"2016,2017,2018,2019,2020,2021,2022,2023,2024,2025","2021,2022,2023,2024,2025"
688750,金天钛业,SH,小金属,周期,周期性行业,行业排除,,,,,,,,,,,
688755,汉邦科技,SH,专用设备,保留,,豁免A通过,7.816667,99267114.58,,38.337708,2.533512,,0.0,net_margin,roe,"2020,2021,2022,2023,2024,2025","2021,2022,2023,2024,2025"
688757,胜科纳米,SH,专业服务,保留,,排除,13.773333,-840131097.15,3.648174,50.004906,2.640925,,0.0,net_margin,fcf,"2020,2021,2022,2023,2024,2025","2021,2022,2023,2024,2025"
688758,赛分科技,SH,化学制药,保留,,排除,4.697143,93742453.82,,72.200479,0.596707,,0.0,net_margin,"roe,ocf_ni","2019,2020,2021,2022,2023,2024,2025","2021,2022,2023,2024,2025"
688759,必贝特,SH,化学制药,保留,,排除,-47.03,-644135434.93,,,0.883563,,0.0,"gross_margin,net_margin","roe,fcf","2019,2020,2021,2022,2023,2024,2025","2021,2022,2023,2024,2025"
688765,禾元生物,SH,生物制品,保留,,排除,-34.593333,-1799341478.51,-28.766016,55.928657,0.589346,,0.0,net_margin,"roe,fcf,interest_coverage,ocf_ni","2016,2017,2019,2020,2021,2022,2023,2024,2025","2021,2022,2023,2024,2025"
688766,普冉股份,SH,半导体,保留,,排除,16.794444,-315917408.61,,30.458586,-0.12717,,0.0,net_margin,"fcf,ocf_ni","2017,2018,2019,2020,2021,2022,2023,2024,2025","2021,2022,2023,2024,2025"
688767,博拓生物,SH,医疗器械,保留,,数据不足,35.23,1167543587.12,,52.899472,1.230477,,0.0,net_margin,,"2017,2018,2019,2020,2021,2022,2023,2024,2025","2021,2022,2023,2024,2025"
688768,容知日新,SH,通用设备,保留,,排除,12.887778,-70811033.25,,62.597469,0.124964,,0.0,net_margin,"fcf,ocf_ni","2017,2018,2019,2020,2021,2022,2023,2024,2025","2021,2022,2023,2024,2025"
688772,珠海冠宇,SH,电池,保留,,排除,6.661111,-6392694995.15,0.553098,23.416087,8.08928,,0.0,net_margin,"roe,fcf,interest_coverage","2017,2018,2019,2020,2021,2022,2023,2024,2025","2021,2022,2023,2024,2025"
688775,影石创新,SH,消费电子,保留,,数据不足,30.27125,3413231412.25,15.95256,51.158011,1.16145,,0.0,net_margin,,"2017,2018,2019,2020,2021,2022,2023,2024,2025","2021,2022,2023,2024,2025"
688776,国光电气,SH,军工电子Ⅱ,保留,,排除,6.933333,-77379900.34,,33.360393,0.787567,,0.0,net_margin,"roe,fcf","2017,2018,2019,2020,2021,2022,2023,2024,2025","2021,2022,2023,2024,2025"
688777,中控技术,SH,自动化设备,保留,,排除,15.632,894736546.12,,34.649092,0.42197,10.952125,0.0,,ocf_ni,"2016,2017,2018,2019,2020,2021,2022,2023,2024,2025","2021,2022,2023,2024,2025"
688778,厦钨新能,SH,电池,保留,,排除,14.654444,256725028.29,34.176389,9.254799,1.819316,,0.0,net_margin,gross_margin,"2017,2018,2019,2020,2021,2022,2023,2024,2025","2021,2022,2023,2024,2025"
688779,五矿新能,SH,电池,保留,,排除,9.301111,-2267526075.97,0.742654,9.272029,-0.203862,,0.0,net_margin,"fcf,interest_coverage,gross_margin,ocf_ni","2017,2018,2019,2020,2021,2022,2023,2024,2025","2021,2022,2023,2024,2025"
688781,视涯科技,SH,光学光电子,保留,,排除,-12.105,,,,,,,"fcf,gross_margin,ocf_ni,net_margin,share_inflation",roe,"2022,2023,2024,2025","2022,2023,2024,2025"
688783,西安奕材,SH,半导体,保留,,排除,-8.616,-12681037251.46,-4.498688,-15.089431,-0.334748,,,"net_margin,share_inflation","roe,fcf,interest_coverage,gross_margin,ocf_ni","2021,2022,2023,2024,2025","2021,2022,2023,2024,2025"
688785,恒运昌,SH,其他电源设备Ⅱ,保留,,数据不足,23.5675,,,,,,,"fcf,gross_margin,ocf_ni,net_margin,share_inflation",,"2022,2023,2024,2025","2022,2023,2024,2025"
688786,悦安新材,SH,金属新材料,保留,,数据不足,18.915556,39534200.27,75.816745,37.070017,1.327553,,0.0,net_margin,,"2017,2018,2019,2020,2021,2022,2023,2024,2025","2021,2022,2023,2024,2025"
688787,海天瑞声,SH,IT服务Ⅱ,保留,,排除,20.947,-341558050.44,16.810929,59.859144,0.846188,16.236162,0.0,,fcf,"2016,2017,2018,2019,2020,2021,2022,2023,2024,2025","2021,2022,2023,2024,2025"
688788,科思科技,SH,军工电子Ⅱ,保留,,排除,8.672222,-698853012.56,,51.993379,0.236427,,0.0,net_margin,"fcf,ocf_ni","2017,2018,2019,2020,2021,2022,2023,2024,2025","2021,2022,2023,2024,2025"
688789,宏华数科,SH,专用设备,保留,,排除,19.621111,-367822285.01,,44.867251,0.527721,,0.0,net_margin,"fcf,ocf_ni","2017,2018,2019,2020,2021,2022,2023,2024,2025","2021,2022,2023,2024,2025"
688790,昂瑞微,SH,半导体,保留,,排除,-20.5125,,-26.74922,,,,,"fcf,gross_margin,ocf_ni,net_margin,share_inflation","roe,interest_coverage","2022,2023,2024,2025","2022,2023,2024,2025"
688793,倍轻松,SH,小家电,保留,,排除,18.301,110050186.93,-14.057486,56.684515,1.563361,1.291396,0.0,,"interest_coverage,net_margin","2016,2017,2018,2019,2020,2021,2022,2023,2024,2025","2021,2022,2023,2024,2025"
688795,摩尔线程,SH,半导体,保留,,排除,-238.6575,,-22.460534,,,,,"fcf,gross_margin,ocf_ni,net_margin,share_inflation","roe,interest_coverage","2022,2023,2024,2025","2022,2023,2024,2025"
688796,百奥赛图,SH,医疗服务,保留,,排除,-23.622,-854695933.83,2.62493,73.450966,1.96202,,0.0,net_margin,"roe,fcf","2020,2021,2022,2023,2024,2025","2021,2022,2023,2024,2025"
688797,臻宝科技,SH,半导体,保留,,数据不足,22.865,,41.968487,,,,,"fcf,gross_margin,ocf_ni,net_margin,share_inflation",,"2022,2023,2024,2025","2022,2023,2024,2025"
688798,艾为电子,SH,半导体,保留,,排除,15.528,-580468762.7,79.182457,33.839026,3.892132,6.2805,0.0,,fcf,"2016,2017,2018,2019,2020,2021,2022,2023,2024,2025","2021,2022,2023,2024,2025"
688799,华纳药厂,SH,化学制药,保留,,排除,16.291111,-156660509.32,,65.359489,0.941053,,0.0,net_margin,fcf,"2017,2018,2019,2020,2021,2022,2023,2024,2025","2021,2022,2023,2024,2025"
688800,瑞可达,SH,其他电子Ⅱ,保留,,排除,12.795,-790192505.73,12.308959,24.182131,0.590966,10.862246,0.0,,"fcf,ocf_ni","2016,2017,2018,2019,2020,2021,2022,2023,2024,2025","2021,2022,2023,2024,2025"
688802,沐曦股份,SH,半导体,保留,,排除,-76.425,,-1749.447841,,,,,"fcf,gross_margin,ocf_ni,net_margin,share_inflation","roe,interest_coverage","2022,2023,2024,2025","2022,2023,2024,2025"
688805,健信超导,SH,医疗器械,保留,,数据不足,12.355,,52.053245,,,,,"fcf,gross_margin,ocf_ni,net_margin,share_inflation",,"2022,2023,2024,2025","2022,2023,2024,2025"
688806,泰诺麦博,SH,生物制品,保留,,排除,-103.2825,,-36.180471,,,,,"fcf,gross_margin,ocf_ni,net_margin,share_inflation","roe,interest_coverage","2022,2023,2024,2025","2022,2023,2024,2025"
688807,优迅股份,SH,半导体,保留,,数据不足,16.93,,,,,,,"fcf,gross_margin,ocf_ni,net_margin,share_inflation",,"2022,2023,2024,2025","2022,2023,2024,2025"
688808,联讯仪器,SH,通用设备,保留,,豁免A通过,2.85,,,,,,,"fcf,gross_margin,ocf_ni,net_margin,share_inflation",roe,"2022,2023,2024,2025","2022,2023,2024,2025"
688809,强一股份,SH,半导体,保留,,排除,10.596,-483459449.62,186.08974,49.956268,0.879145,,,"net_margin,share_inflation",fcf,"2021,2022,2023,2024,2025","2021,2022,2023,2024,2025"
688811,有研复材,SH,金属新材料,保留,,数据不足,14.3775,,26.905635,,,,,"fcf,gross_margin,ocf_ni,net_margin,share_inflation",,"2022,2023,2024,2025","2022,2023,2024,2025"
688813,泰金新能,SH,专用设备,保留,,数据不足,41.57,146258704.32,18.505467,21.872394,1.374454,,,"net_margin,share_inflation",,"2021,2022,2023,2024,2025","2021,2022,2023,2024,2025"
688816,易思维,SH,自动化设备,保留,,数据不足,13.8025,,,,,,,"fcf,gross_margin,ocf_ni,net_margin,share_inflation",,"2022,2023,2024,2025","2022,2023,2024,2025"
688818,电科蓝天,SH,航天装备Ⅱ,保留,,数据不足,8.165,,,,,,,"fcf,gross_margin,ocf_ni,net_margin,share_inflation",,"2022,2023,2024,2025","2022,2023,2024,2025"
688819,天能股份,SH,电池,保留,,排除,22.331,9257695979.29,,15.964841,2.534133,4.068745,0.0,,net_margin,"2016,2017,2018,2019,2020,2021,2022,2023,2024,2025","2021,2022,2023,2024,2025"
688820,盛合晶微,SH,半导体,保留,,豁免A通过,0.085,,,,,,,"fcf,gross_margin,ocf_ni,net_margin,share_inflation",roe,"2022,2023,2024,2025","2022,2023,2024,2025"
688825,长鑫科技,SH,半导体,保留,,豁免A通过,-16.945,,2.613865,,,,,"fcf,gross_margin,ocf_ni,net_margin,share_inflation",roe,"2022,2023,2024,2025","2022,2023,2024,2025"
688981,中芯国际,SH,半导体,保留,,排除,5.195556,-115718852000.0,,25.940839,3.969351,12.508009,0.0,,"roe,fcf","2016,2017,2018,2019,2020,2021,2022,2023,2024,2025","2021,2022,2023,2024,2025"
920000,安徽凤凰,SZ,汽车零部件,周期,周期性行业,行业排除,,,,,,,,,,,
920001,纬达光电,SZ,光学光电子,保留,,排除,14.948,-70368813.79,-14.272555,30.397957,0.508798,19.570825,0.0,,"fcf,interest_coverage,ocf_ni","2016,2017,2018,2019,2020,2021,2022,2023,2024,2025","2021,2022,2023,2024,2025"
920002,万达轴承,SZ,通用设备,保留,,排除,11.908333,108885313.99,,31.557819,0.939718,,0.4,net_margin,share_inflation,"2020,2021,2022,2023,2024,2025","2021,2022,2023,2024,2025"
920003,中诚咨询,SZ,工程咨询服务Ⅱ,保留,,通过,40.811,399201137.14,197.658707,45.488566,1.092722,18.211231,0.0,,,"2016,2017,2018,2019,2020,2021,2022,2023,2024,2025","2021,2022,2023,2024,2025"
920005,鼎佳精密,SZ,消费电子,保留,,数据不足,24.705714,304805591.35,,32.521104,1.14245,,0.0,net_margin,,"2019,2020,2021,2022,2023,2024,2025","2021,2022,2023,2024,2025"
920006,晟楠科技,SZ,航空装备Ⅱ,保留,,通过,10.718,6494846.46,5.332722,49.492077,1.147946,14.391448,0.0,,,"2016,2017,2018,2019,2020,2021,2022,2023,2024,2025","2021,2022,2023,2024,2025"
920007,酉立智能,SZ,光伏设备,保留,,排除,31.426,-8097266.39,,15.758443,0.493896,,,"net_margin,share_inflation","fcf,ocf_ni","2021,2022,2023,2024,2025","2021,2022,2023,2024,2025"
920008,成电光信,SZ,军工电子Ⅱ,保留,,排除,13.635,-93380402.79,8.63015,45.079063,-0.175919,13.549916,0.0,,"fcf,ocf_ni","2016,2017,2018,2019,2020,2021,2022,2023,2024,2025","2021,2022,2023,2024,2025"
920009,丹娜生物,SZ,医疗器械,保留,,数据不足,30.38,350631183.28,,77.250147,1.247029,,0.0,net_margin,,"2017,2018,2019,2020,2021,2022,2023,2024,2025","2021,2022,2023,2024,2025"
920010,凯添燃气,SZ,燃气Ⅱ,保留,,排除,11.406,-201904209.23,5.487166,21.370178,1.352701,12.382207,0.0,,fcf,"2016,2017,2018,2019,2020,2021,2022,2023,2024,2025","2021,2022,2023,2024,2025"
920011,晨光电机,SZ,电机Ⅱ,保留,,数据不足,23.7775,,,,,,,"fcf,gross_margin,ocf_ni,net_margin,share_inflation",,"2022,2023,2024,2025","2022,2023,2024,2025"
920012,创达新材,SZ,半导体,保留,,数据不足,10.025714,,,,,,,"fcf,gross_margin,ocf_ni,net_margin,share_inflation",,"2016,2017,2018,2022,2023,2024,2025","2022,2023,2024,2025"
920014,特瑞斯,SZ,燃气Ⅱ,保留,,排除,13.336,-66766482.53,19.136361,32.471036,1.298314,8.42763,0.0,,fcf,"2016,2017,2018,2019,2020,2021,2022,2023,2024,2025","2021,2022,2023,2024,2025"
920015,锦华新材,SZ,化学制品,周期,周期性行业,行业排除,,,,,,,,,,,
920016,中草香料,SZ,化学制品,周期,周期性行业,行业排除,,,,,,,,,,,
920017,星昊医药,SZ,化学制药,保留,,排除,6.507,287706491.57,,72.591001,1.427428,12.849504,0.0,,roe,"2016,2017,2018,2019,2020,2021,2022,2023,2024,2025","2021,2022,2023,2024,2025"
920018,宏远股份,SZ,电网设备,保留,,排除,15.934286,-592333547.73,13.08675,7.851859,-1.712546,,0.0,net_margin,"fcf,gross_margin,ocf_ni","2019,2020,2021,2022,2023,2024,2025","2021,2022,2023,2024,2025"
920019,铜冠矿建,SZ,专业工程,周期,周期性行业,行业排除,,,,,,,,,,,
920020,泰凯英,SZ,工程机械,周期,周期性行业,行业排除,,,,,,,,,,,
920021,流金科技,SZ,电视广播Ⅱ,保留,,通过,10.043,74290260.59,9.59281,19.462037,2.395151,5.756951,0.0,,,"2016,2017,2018,2019,2020,2021,2022,2023,2024,2025","2021,2022,2023,2024,2025"
920022,世昌股份,SZ,汽车零部件,周期,周期性行业,行业排除,,,,,,,,,,,
920023,*ST田野,SZ,农产品加工,保留,,排除,4.146,-375540096.06,4.734603,23.514203,4.086509,10.513327,0.0,,"roe,fcf","2016,2017,2018,2019,2020,2021,2022,2023,2024,2025","2021,2022,2023,2024,2025"
920026,卓兆点胶,SZ,专用设备,保留,,排除,50.525,112979919.56,31.508345,57.074362,0.495113,,0.0,net_margin,ocf_ni,"2020,2021,2022,2023,2024,2025","2021,2022,2023,2024,2025"
920027,交大铁发,SZ,轨交设备Ⅱ,保留,,数据不足,20.713333,102507201.17,44.422402,44.873434,0.702927,,0.0,net_margin,,"2016,2017,2018,2020,2021,2022,2023,2024,2025","2021,2022,2023,2024,2025"
920028,新恒泰,SZ,塑料,保留,,数据不足,15.8075,,23.005943,,,,,"fcf,gross_margin,ocf_ni,net_margin,share_inflation",,"2022,2023,2024,2025","2022,2023,2024,2025"
920029,开发科技,SZ,通用设备,保留,,数据不足,30.573333,1932802168.07,,30.247105,1.220938,,0.0,net_margin,,"2020,2021,2022,2023,2024,2025","2021,2022,2023,2024,2025"
920030,德众汽车,SZ,汽车服务,周期,周期性行业,行业排除,,,,,,,,,,,
920033,康普化学,SZ,化学制品,周期,周期性行业,行业排除,,,,,,,,,,,
920035,精创电气,SZ,自动化设备,保留,,排除,16.858,123716186.18,,43.043748,0.601946,,,"net_margin,share_inflation",ocf_ni,"2021,2022,2023,2024,2025","2021,2022,2023,2024,2025"
920036,觅睿科技,SZ,计算机设备,保留,,排除,37.765714,162948081.05,27.961341,29.943129,-1.755614,,0.0,net_margin,ocf_ni,"2019,2020,2021,2022,2023,2024,2025","2021,2022,2023,2024,2025"
920037,广信科技,SZ,电网设备,保留,,排除,12.848889,86099223.39,,27.360696,-0.157163,,0.0,net_margin,ocf_ni,"2016,2017,2018,2019,2021,2022,2023,2024,2025","2021,2022,2023,2024,2025"
920039,国义招标,SZ,专业服务,保留,,排除,11.992,59787491.92,,48.713816,0.159186,26.374189,0.0,,ocf_ni,"2016,2017,2018,2019,2020,2021,2022,2023,2024,2025","2021,2022,2023,2024,2025"
920045,蘅东光,SZ,通信设备,保留,,数据不足,27.722,31483373.04,17.310057,27.041632,1.453977,,,"net_margin,share_inflation",,"2021,2022,2023,2024,2025","2021,2022,2023,2024,2025"
920046,亿能电力,SZ,电网设备,保留,,排除,12.552,-67593020.3,8.443878,25.824985,-0.020006,8.531326,0.0,,"fcf,ocf_ni","2016,2017,2018,2019,2020,2021,2022,2023,2024,2025","2021,2022,2023,2024,2025"
920047,诺思兰德,SZ,生物制品,保留,,排除,-29.022,-393435869.2,-78.13123,59.645763,0.69199,-190.159414,0.0,,"roe,fcf,interest_coverage,ocf_ni,net_margin","2016,2017,2018,2019,2020,2021,2022,2023,2024,2025","2021,2022,2023,2024,2025"
920050,爱伦医疗,SZ,医疗器械,保留,,排除,13.84,-553088271.16,34.937353,23.116597,0.831832,,,"net_margin,share_inflation",fcf,"2021,2022,2023,2024,2025","2021,2022,2023,2024,2025"
920055,隆源股份,SZ,汽车零部件,周期,周期性行业,行业排除,,,,,,,,,,,
920056,能之光,SZ,塑料,保留,,排除,20.862,-28536954.24,283.891943,15.176801,-0.585645,7.640177,0.0,,"fcf,ocf_ni","2016,2017,2018,2019,2020,2021,2022,2023,2024,2025","2021,2022,2023,2024,2025"
920057,百甲科技,SZ,专业工程,周期,周期性行业,行业排除,,,,,,,,,,,
920058,华洋赛车,SZ,摩托车及其他,保留,,通过,34.269,10708810.34,29.271243,21.212662,0.928157,8.520923,0.0,,,"2016,2017,2018,2019,2020,2021,2022,2023,2024,2025","2021,2022,2023,2024,2025"
920060,万源通,SZ,元件,保留,,数据不足,15.654286,111058400.12,58.234322,19.350849,0.971359,,0.0,net_margin,,"2019,2020,2021,2022,2023,2024,2025","2021,2022,2023,2024,2025"
920061,西磁科技,SZ,专用设备,保留,,通过,22.308,82628382.11,,32.773971,1.405786,16.406019,0.0,,,"2016,2017,2018,2019,2020,2021,2022,2023,2024,2025","2021,2022,2023,2024,2025"
920062,科润智控,SZ,电网设备,保留,,排除,10.4,-641863956.14,0.590423,17.08996,0.634396,6.242557,0.0,,"fcf,interest_coverage,ocf_ni","2016,2017,2018,2019,2020,2021,2022,2023,2024,2025","2021,2022,2023,2024,2025"
920065,千岸科技,SZ,互联网电商,保留,,数据不足,28.01,,,,,,,"fcf,gross_margin,ocf_ni,net_margin,share_inflation",,"2022,2023,2024,2025","2022,2023,2024,2025"
920066,科拜尔,SZ,塑料,保留,,排除,21.238333,-150884061.48,537.881995,18.148217,-0.740114,,0.0,net_margin,"fcf,ocf_ni","2020,2021,2022,2023,2024,2025","2021,2022,2023,2024,2025"
920068,天工股份,SZ,小金属,周期,周期性行业,行业排除,,,,,,,,,,,
920069,普昂医疗,SZ,医疗器械,保留,,数据不足,14.12,,,,,,,"fcf,gross_margin,ocf_ni,net_margin,share_inflation",,"2022,2023,2024,2025","2022,2023,2024,2025"
920072,科莱瑞迪,SZ,医疗器械,保留,,通过,20.461,80920173.33,,63.158744,1.053687,24.33677,0.0,,,"2016,2017,2018,2019,2020,2021,2022,2023,2024,2025","2021,2022,2023,2024,2025"
920075,柏星龙,SZ,包装印刷,保留,,排除,13.669,-12034615.71,10.928873,33.969487,1.384583,7.953757,0.0,,fcf,"2016,2017,2018,2019,2020,2021,2022,2023,2024,2025","2021,2022,2023,2024,2025"
920076,国亮新材,SZ,装修建材,保留,,排除,9.028,-88834765.93,4.88955,19.95055,-1.1123,,,"net_margin,share_inflation","fcf,ocf_ni","2021,2022,2023,2024,2025","2021,2022,2023,2024,2025"
920077,吉林碳谷,SZ,化学纤维,保留,,排除,7.16442,-3065974437.95,2.059458,27.639273,-1.430532,-0.042402,0.0,,"roe,fcf,ocf_ni,net_margin","2016,2017,2018,2019,2020,2021,2022,2023,2024,2025","2021,2022,2023,2024,2025"
920078,族兴新材,SZ,金属新材料,保留,,排除,11.727778,-301970446.96,50.382242,22.186452,-0.387459,,,"net_margin,share_inflation","fcf,ocf_ni","2016,2017,2018,2019,2021,2022,2023,2024,2025","2021,2022,2023,2024,2025"
920079,乔路铭,SZ,汽车零部件,周期,周期性行业,行业排除,,,,,,,,,,,
920080,奥美森,SZ,专用设备,保留,,通过,17.423,164624309.83,26.758853,43.082015,1.609971,13.29115,0.0,,,"2016,2017,2018,2019,2020,2021,2022,2023,2024,2025","2021,2022,2023,2024,2025"
920081,欧伦电气,SZ,小家电,保留,,数据不足,33.655,,,,,,,"fcf,gross_margin,ocf_ni,net_margin,share_inflation",,"2022,2023,2024,2025","2022,2023,2024,2025"
920082,方正阀门,SZ,通用设备,保留,,数据不足,17.043333,183977836.98,55.947721,26.404437,1.110692,,0.0,net_margin,,"2020,2021,2022,2023,2024,2025","2021,2022,2023,2024,2025"
920083,金戈新材,SZ,非金属材料Ⅱ,保留,,数据不足,16.095,,124.337182,,,,,"fcf,gross_margin,ocf_ni,net_margin,share_inflation",,"2022,2023,2024,2025","2022,2023,2024,2025"
920086,科马材料,SZ,汽车零部件,周期,周期性行业,行业排除,,,,,,,,,,,
920087,秋乐种业,SZ,种植业,保留,,通过,10.359,215781334.71,,30.186261,1.403093,8.477514,0.0,,,"2016,2017,2018,2019,2020,2021,2022,2023,2024,2025","2021,2022,2023,2024,2025"
920088,科力股份,SZ,油服工程,保留,,数据不足,10.227143,213498105.43,,31.066155,1.647623,,0.0,net_margin,,"2019,2020,2021,2022,2023,2024,2025","2021,2022,2023,2024,2025"
920089,禾昌聚合,SZ,塑料,保留,,排除,11.728,-796343585.09,78.763131,17.04026,-0.929148,8.435378,0.0,,"fcf,ocf_ni","2016,2017,2018,2019,2020,2021,2022,2023,2024,2025","2021,2022,2023,2024,2025"
920090,*ST同辉,SZ,计算机设备,保留,,排除,-12.671,-68771448.79,-91.168462,6.621373,0.081585,-26.508357,0.0,,"roe,fcf,interest_coverage,gross_margin,ocf_ni,net_margin","2016,2017,2018,2019,2020,2021,2022,2023,2024,2025","2021,2022,2023,2024,2025"
920091,大鹏工业,SZ,专用设备,保留,,数据不足,20.297778,44344859.43,238.94681,32.840564,0.705141,,0.0,net_margin,,"2017,2018,2019,2020,2021,2022,2023,2024,2025","2021,2022,2023,2024,2025"
920092,汉鑫科技,SZ,IT服务Ⅱ,保留,,排除,17.264,-81548721.07,-45.049393,31.381616,1.783566,6.75623,0.0,,"fcf,interest_coverage","2016,2017,2018,2019,2020,2021,2022,2023,2024,2025","2021,2022,2023,2024,2025"
920096,嘉晨智能,SZ,自动化设备,保留,,数据不足,16.868571,228434730.07,,31.660107,0.923296,,0.0,net_margin,,"2019,2020,2021,2022,2023,2024,2025","2021,2022,2023,2024,2025"
920098,科隆新材,SZ,橡胶,保留,,排除,10.568571,7710748.45,58.789062,38.459449,0.4396,,0.0,net_margin,ocf_ni,"2016,2020,2021,2022,2023,2024,2025","2021,2022,2023,2024,2025"
920099,瑞华技术,SZ,化学制品,周期,周期性行业,行业排除,,,,,,,,,,,
920100,三协电机,SZ,电机Ⅱ,保留,,数据不足,24.432857,51367132.11,117.67746,25.012539,0.855563,,0.0,net_margin,,"2019,2020,2021,2022,2023,2024,2025","2021,2022,2023,2024,2025"
920101,志高机械,SZ,工程机械,周期,周期性行业,行业排除,,,,,,,,,,,
920106,林泰新材,SZ,汽车零部件,周期,周期性行业,行业排除,,,,,,,,,,,
920108,宏海科技,SZ,家电零部件Ⅱ,保留,,排除,10.285,-395399206.73,2.286943,28.707888,0.919146,8.617229,0.0,,fcf,"2016,2017,2018,2019,2020,2021,2022,2023,2024,2025","2021,2022,2023,2024,2025"
920110,雷特科技,SZ,其他电源设备Ⅱ,保留,,通过,17.267,65381090.47,,47.163161,0.763824,23.37399,0.0,,,"2016,2017,2018,2019,2020,2021,2022,2023,2024,2025","2021,2022,2023,2024,2025"
920111,聚星科技,SZ,电网设备,保留,,排除,16.164286,-31654545.32,102.762878,21.36742,0.733491,,0.0,net_margin,fcf,"2019,2020,2021,2022,2023,2024,2025","2021,2022,2023,2024,2025"
920112,巴兰仕,SZ,专用设备,保留,,数据不足,24.528889,379361414.5,,26.316032,1.515441,,0.0,net_margin,,"2016,2017,2018,2020,2021,2022,2023,2024,2025","2021,2022,2023,2024,2025"
920116,星图测控,SZ,IT服务Ⅱ,保留,,排除,45.835,-25827667.72,,53.584108,0.307822,,0.0,net_margin,"fcf,ocf_ni","2020,2021,2022,2023,2024,2025","2021,2022,2023,2024,2025"
920117,龙鑫智能,SZ,通用设备,保留,,数据不足,40.7675,,450.976067,,,,,"fcf,gross_margin,ocf_ni,net_margin,share_inflation",,"2022,2023,2024,2025","2022,2023,2024,2025"
920118,太湖远大,SZ,电网设备,保留,,排除,16.63,-1160320345.64,2.552938,9.56996,-3.920254,,0.0,net_margin,"fcf,gross_margin,ocf_ni","2020,2021,2022,2023,2024,2025","2021,2022,2023,2024,2025"
920119,美德乐,SZ,自动化设备,保留,,数据不足,32.025,,921.91092,,,,,"fcf,gross_margin,ocf_ni,net_margin,share_inflation",,"2022,2023,2024,2025","2022,2023,2024,2025"
920121,江天科技,SZ,包装印刷,保留,,数据不足,29.86,382786980.17,,29.68519,1.160219,,,"net_margin,share_inflation",,"2021,2022,2023,2024,2025","2021,2022,2023,2024,2025"
920122,中纺标,SZ,专业服务,保留,,通过,13.953,118001100.12,,49.594329,1.846451,15.833626,0.0,,,"2016,2017,2018,2019,2020,2021,2022,2023,2024,2025","2021,2022,2023,2024,2025"
920123,芭薇股份,SZ,化妆品,保留,,排除,16.743,-44995372.21,6.40678,28.555978,1.700404,8.06217,0.0,,fcf,"2016,2017,2018,2019,2020,2021,2022,2023,2024,2025","2021,2022,2023,2024,2025"
920124,南特科技,SZ,通用设备,保留,,排除,14.931667,-198407936.99,6.625785,22.648178,0.336678,,,"net_margin,share_inflation","fcf,ocf_ni","2016,2021,2022,2023,2024,2025","2021,2022,2023,2024,2025"
920125,鸿仕达,SZ,自动化设备,保留,,数据不足,15.685,,22.462962,,,,,"fcf,gross_margin,ocf_ni,net_margin,share_inflation",,"2022,2023,2024,2025","2022,2023,2024,2025"
920126,永大股份,SZ,专用设备,保留,,数据不足,21.47,,4948.628207,,,,,"fcf,gross_margin,ocf_ni,net_margin,share_inflation",,"2022,2023,2024,2025","2022,2023,2024,2025"
920128,胜业电气,SZ,元件,保留,,排除,11.486667,-104635339.87,6.94995,23.933635,-0.121976,,0.0,net_margin,"fcf,ocf_ni","2020,2021,2022,2023,2024,2025","2021,2022,2023,2024,2025"
920130,立方控股,SZ,IT服务Ⅱ,保留,,排除,5.171,10349123.08,,47.839577,0.474061,2.392711,0.0,,"roe,ocf_ni,net_margin","2016,2017,2018,2019,2020,2021,2022,2023,2024,2025","2021,2022,2023,2024,2025"
920132,泰鹏智能,SZ,家居用品,保留,,通过,43.454,41259985.64,16.101951,22.571302,1.91132,7.031583,0.0,,,"2016,2017,2018,2019,2020,2021,2022,2023,2024,2025","2021,2022,2023,2024,2025"
920136,永励精密,SZ,汽车零部件,周期,周期性行业,行业排除,,,,,,,,,,,
920139,华岭股份,SZ,半导体,保留,,排除,11.065,-632093456.82,-18.209294,38.591566,-1.169989,21.366586,0.0,,"fcf,interest_coverage,ocf_ni","2016,2017,2018,2019,2020,2021,2022,2023,2024,2025","2021,2022,2023,2024,2025"
920145,恒合股份,SZ,环保设备Ⅱ,保留,,排除,8.769,-65044799.35,,35.542217,0.998072,8.654167,0.0,,fcf,"2016,2017,2018,2019,2020,2021,2022,2023,2024,2025","2021,2022,2023,2024,2025"
920146,华阳变速,SZ,汽车零部件,周期,周期性行业,行业排除,,,,,,,,,,,
920149,旭杰科技,SZ,工程咨询服务Ⅱ,保留,,排除,1.738,-109802040.78,-2.715298,15.681649,-1.550989,0.768457,0.0,,"roe,fcf,interest_coverage,ocf_ni,net_margin","2016,2017,2018,2019,2020,2021,2022,2023,2024,2025","2021,2022,2023,2024,2025"
920152,昆工科技,SZ,电池,保留,,排除,0.106,-670471967.17,-6.725363,10.707022,-2.593817,0.136978,0.0,,"roe,fcf,interest_coverage,gross_margin,ocf_ni,net_margin","2016,2017,2018,2019,2020,2021,2022,2023,2024,2025","2021,2022,2023,2024,2025"
920156,海昌智能,SZ,自动化设备,保留,,数据不足,34.2325,,108.622588,,,,,"fcf,gross_margin,ocf_ni,net_margin,share_inflation",,"2022,2023,2024,2025","2022,2023,2024,2025"
920158,长江能科,SZ,专用设备,保留,,数据不足,14.14,111978761.56,,42.886271,0.895576,,0.0,net_margin,,"2020,2021,2022,2023,2024,2025","2021,2022,2023,2024,2025"
920159,农大科技,SZ,农化制品,保留,,数据不足,30.688,505267263.36,56.053238,16.95512,1.501265,,,"net_margin,share_inflation",,"2021,2022,2023,2024,2025","2021,2022,2023,2024,2025"
920160,北矿检测,SZ,专业服务,保留,,数据不足,22.795,413465067.78,,62.669023,2.116272,,0.0,net_margin,,"2020,2021,2022,2023,2024,2025","2021,2022,2023,2024,2025"
920161,龙辰科技,SZ,塑料,保留,,排除,7.755,-848181791.75,7.270408,33.717515,-0.718615,6.579431,0.0,,"roe,fcf,ocf_ni","2016,2017,2018,2019,2020,2021,2022,2023,2024,2025","2021,2022,2023,2024,2025"
920163,方大新材,SZ,包装印刷,保留,,排除,15.072,-172418284.23,9.991592,17.858386,1.465929,10.791903,0.0,,fcf,"2016,2017,2018,2019,2020,2021,2022,2023,2024,2025","2021,2022,2023,2024,2025"
920166,海圣医疗,SZ,医疗器械,保留,,数据不足,23.1025,,507.947464,,,,,"fcf,gross_margin,ocf_ni,net_margin,share_inflation",,"2022,2023,2024,2025","2022,2023,2024,2025"
920167,同享科技,SZ,光伏设备,保留,,排除,18.811,-610806675.25,0.638076,9.089144,-4.235105,5.42272,0.0,,"fcf,interest_coverage,gross_margin,ocf_ni","2016,2017,2018,2019,2020,2021,2022,2023,2024,2025","2021,2022,2023,2024,2025"
920168,通宝光电,SZ,汽车零部件,周期,周期性行业,行业排除,,,,,,,,,,,
920169,七丰精工,SZ,通用设备,保留,,排除,16.631,-87664967.02,,26.021118,1.005074,11.852397,0.0,,fcf,"2016,2017,2018,2019,2020,2021,2022,2023,2024,2025","2021,2022,2023,2024,2025"
920171,志晟信息,SZ,IT服务Ⅱ,保留,,排除,10.03,-201530980.46,0.689396,28.314976,1.461942,-1.160672,0.0,,"fcf,interest_coverage,net_margin","2016,2017,2018,2019,2020,2021,2022,2023,2024,2025","2021,2022,2023,2024,2025"
920174,五新智能,SZ,基础建设,周期,周期性行业,行业排除,,,,,,,,,,,
920175,东方碳素,SZ,非金属材料Ⅱ,保留,,排除,9.227,-508859806.11,-15.093726,21.901968,-0.550506,6.413389,0.0,,"fcf,interest_coverage,ocf_ni","2016,2017,2018,2019,2020,2021,2022,2023,2024,2025","2021,2022,2023,2024,2025"
920176,维琪科技,SZ,化妆品,保留,,数据不足,13.77,,,,,,,"fcf,gross_margin,ocf_ni,net_margin,share_inflation",,"2022,2023,2024,2025","2022,2023,2024,2025"
920177,恒道科技,SZ,通用设备,保留,,数据不足,31.0425,,253.831188,,,,,"fcf,gross_margin,ocf_ni,net_margin,share_inflation",,"2022,2023,2024,2025","2022,2023,2024,2025"
920178,锐翔智能,SZ,自动化设备,保留,,数据不足,31.37,,81.559984,,,,,"fcf,gross_margin,ocf_ni,net_margin,share_inflation",,"2022,2023,2024,2025","2022,2023,2024,2025"
920179,凯德石英,SZ,半导体,保留,,排除,11.094,-384475455.64,13.077848,43.158232,1.206121,17.120959,0.0,,fcf,"2016,2017,2018,2019,2020,2021,2022,2023,2024,2025","2021,2022,2023,2024,2025"
920180,爱得科技,SZ,医疗器械,保留,,数据不足,24.47125,255432048.54,,59.652477,0.962034,,0.0,net_margin,,"2016,2019,2020,2021,2022,2023,2024,2025","2021,2022,2023,2024,2025"
920181,赛英电子,SZ,半导体,保留,,数据不足,21.72,,154.985394,,,,,"fcf,gross_margin,ocf_ni,net_margin,share_inflation",,"2016,2017,2018,2022,2023,2024,2025","2022,2023,2024,2025"
920183,海菲曼,SZ,消费电子,保留,,数据不足,50.842,198507113.67,,66.83486,0.843006,,,"net_margin,share_inflation",,"2021,2022,2023,2024,2025","2021,2022,2023,2024,2025"
920184,国源科技,SZ,IT服务Ⅱ,保留,,排除,6.116,-64421134.99,1021.741444,38.353525,-1.195241,4.850116,0.0,,"roe,fcf,ocf_ni,net_margin","2016,2017,2018,2019,2020,2021,2022,2023,2024,2025","2021,2022,2023,2024,2025"
920185,贝特瑞,SZ,电池,保留,,排除,15.344,-7623797217.66,2.911886,20.448488,0.86182,10.285329,0.0,,fcf,"2016,2017,2018,2019,2020,2021,2022,2023,2024,2025","2021,2022,2023,2024,2025"
920186,中科仪,SZ,通用设备,保留,,排除,16.116,96029837.79,,26.751357,0.595051,23.52926,0.0,,ocf_ni,"2016,2017,2018,2019,2020,2021,2022,2023,2024,2025","2021,2022,2023,2024,2025"
920187,通领科技,SZ,汽车零部件,周期,周期性行业,行业排除,,,,,,,,,,,
920188,悦龙科技,SZ,橡胶,保留,,数据不足,20.24,,,,,,,"fcf,gross_margin,ocf_ni,net_margin,share_inflation",,"2022,2023,2024,2025","2022,2023,2024,2025"
920189,康美特,SZ,电子化学品Ⅱ,保留,,排除,11.067,36283572.56,99.431598,34.080958,0.441403,9.158668,0.0,,ocf_ni,"2016,2017,2018,2019,2020,2021,2022,2023,2024,2025","2021,2022,2023,2024,2025"
920190,雷神科技,SZ,计算机设备,保留,,排除,12.198,-1330103386.94,0.791903,9.540203,-4.630495,1.723171,0.0,,"fcf,interest_coverage,gross_margin,ocf_ni,net_margin","2016,2017,2018,2019,2020,2021,2022,2023,2024,2025","2021,2022,2023,2024,2025"
920191,瑞尔竞达,SZ,装修建材,保留,,数据不足,17.531667,248420516.42,,37.205717,0.980425,,0.0,net_margin,,"2020,2021,2022,2023,2024,2025","2021,2022,2023,2024,2025"
920193,吉和昌,SZ,电池,保留,,数据不足,14.4375,,52.644763,,,,0.0,"fcf,gross_margin,ocf_ni,net_margin",,"2016,2017,2018,2019,2022,2023,2024,2025","2022,2023,2024,2025"
920195,三祥科技,SZ,汽车零部件,周期,周期性行业,行业排除,,,,,,,,,,,
920198,微创光电,SZ,计算机设备,保留,,排除,6.924,-246990095.9,-5.374942,45.587614,-1.026416,0.618185,0.0,,"roe,fcf,interest_coverage,ocf_ni,net_margin","2016,2017,2018,2019,2020,2021,2022,2023,2024,2025","2021,2022,2023,2024,2025"
920199,倍益康,SZ,小家电,保留,,排除,26.832,-230642851.89,2.028166,38.15505,0.787651,11.822374,0.0,,fcf,"2016,2017,2018,2019,2020,2021,2022,2023,2024,2025","2021,2022,2023,2024,2025"
920200,振宏股份,SZ,风电设备,保留,,数据不足,19.45,,19.415966,,,,,"fcf,gross_margin,ocf_ni,net_margin,share_inflation",,"2022,2023,2024,2025","2022,2023,2024,2025"
920204,沪江材料,SZ,包装印刷,保留,,排除,12.629,-133107328.31,15.567687,30.316823,1.206015,11.466159,0.0,,fcf,"2016,2017,2018,2019,2020,2021,2022,2023,2024,2025","2021,2022,2023,2024,2025"
920206,彩客科技,SZ,化学制品,周期,周期性行业,行业排除,,,,,,,,,,,
920207,众诚科技,SZ,软件开发,保留,,排除,11.718,-83044691.22,-0.925439,23.793855,18.372311,4.502333,0.0,,"fcf,interest_coverage,net_margin","2016,2017,2018,2019,2020,2021,2022,2023,2024,2025","2021,2022,2023,2024,2025"
920208,青矩技术,SZ,工程咨询服务Ⅱ,保留,,通过,30.618,637054969.76,179.681162,46.212988,0.815627,17.52408,0.0,,,"2016,2017,2018,2019,2020,2021,2022,2023,2024,2025","2021,2022,2023,2024,2025"
920211,新睿电子,SZ,自动化设备,保留,,数据不足,28.3225,,501.809073,,,,,"fcf,gross_margin,ocf_ni,net_margin,share_inflation",,"2022,2023,2024,2025","2022,2023,2024,2025"
920212,智新电子,SZ,消费电子,保留,,排除,16.558,-6346500.41,8.106575,17.613105,1.51772,8.626879,0.0,,fcf,"2016,2017,2018,2019,2020,2021,2022,2023,2024,2025","2021,2022,2023,2024,2025"
920218,新天力,SZ,包装印刷,保留,,数据不足,13.624,134437393.86,42.283386,18.637014,1.792241,,,"net_margin,share_inflation",,"2021,2022,2023,2024,2025","2021,2022,2023,2024,2025"
920220,朗信电气,SZ,汽车零部件,周期,周期性行业,行业排除,,,,,,,,,,,
920221,易实精密,SZ,汽车零部件,周期,周期性行业,行业排除,,,,,,,,,,,
920222,益坤电气,SZ,电网设备,保留,,排除,20.122857,74650996.25,57.746043,30.107743,0.632534,,0.0,net_margin,ocf_ni,"2019,2020,2021,2022,2023,2024,2025","2021,2022,2023,2024,2025"
920223,荣亿精密,SZ,通用设备,保留,,排除,5.524,-281491887.42,-4.089492,15.828585,2.164238,4.659839,0.0,,"roe,fcf,interest_coverage,net_margin","2016,2017,2018,2019,2020,2021,2022,2023,2024,2025","2021,2022,2023,2024,2025"
920225,利通科技,SZ,橡胶,保留,,通过,14.522,274643371.32,,39.183906,1.310946,15.408836,0.0,,,"2016,2017,2018,2019,2020,2021,2022,2023,2024,2025","2021,2022,2023,2024,2025"
920227,美登科技,SZ,IT服务Ⅱ,保留,,通过,28.087,234135491.07,,68.548286,1.085823,42.150934,0.0,,,"2016,2017,2018,2019,2020,2021,2022,2023,2024,2025","2021,2022,2023,2024,2025"
920230,欧康医药,SZ,化学制药,保留,,排除,14.703,-138181375.76,13.232186,20.066851,1.02106,9.076339,0.0,,fcf,"2016,2017,2018,2019,2020,2021,2022,2023,2024,2025","2021,2022,2023,2024,2025"
920237,力佳科技,SZ,电池,保留,,通过,14.079,119454972.27,,29.593342,1.385016,12.455695,0.0,,,"2016,2017,2018,2019,2020,2021,2022,2023,2024,2025","2021,2022,2023,2024,2025"
920238,长鹰硬科,SZ,通用设备,保留,,排除,15.792857,-318901086.53,104.816648,23.144107,0.032257,,0.0,net_margin,"fcf,ocf_ni","2019,2020,2021,2022,2023,2024,2025","2021,2022,2023,2024,2025"
920239,长虹能源,SZ,电池,保留,,排除,14.699,101287020.27,6.847659,16.370337,1.514023,4.81776,0.0,,net_margin,"2016,2017,2018,2019,2020,2021,2022,2023,2024,2025","2021,2022,2023,2024,2025"
920242,建邦科技,SZ,汽车零部件,周期,周期性行业,行业排除,,,,,,,,,,,
920245,威博液压,SZ,工程机械,周期,周期性行业,行业排除,,,,,,,,,,,
920247,华密新材,SZ,汽车零部件,周期,周期性行业,行业排除,,,,,,,,,,,
920249,利尔达,SZ,通信设备,保留,,排除,8.711,35037255.1,4.372268,16.830861,1.410463,2.504995,0.0,,net_margin,"2016,2017,2018,2019,2020,2021,2022,2023,2024,2025","2021,2022,2023,2024,2025"
920252,天宏锂电,SZ,电池,保留,,排除,22.643,-119089159.74,11.744753,13.17915,0.750169,3.973701,0.0,,"fcf,gross_margin,net_margin","2016,2017,2018,2019,2020,2021,2022,2023,2024,2025","2021,2022,2023,2024,2025"
920258,聚仁新材,SZ,化学制品,周期,周期性行业,行业排除,,,,,,,,,,,
920260,中寰股份,SZ,通用设备,保留,,通过,13.836,145661081.09,,34.235056,0.901611,18.46502,0.0,,,"2016,2017,2018,2019,2020,2021,2022,2023,2024,2025","2021,2022,2023,2024,2025"
920261,一诺威,SZ,化学制品,周期,周期性行业,行业排除,,,,,,,,,,,
920262,太湖雪,SZ,服装家纺,保留,,通过,17.991,88078664.52,12.023683,40.861071,0.922966,7.771574,0.0,,,"2016,2017,2018,2019,2020,2021,2022,2023,2024,2025","2021,2022,2023,2024,2025"
920263,中航泰达,SZ,环境治理,保留,,排除,11.996,394901426.1,0.007781,20.346597,3.923884,10.946458,0.0,,interest_coverage,"2016,2017,2018,2019,2020,2021,2022,2023,2024,2025","2021,2022,2023,2024,2025"
920266,生物谷,SZ,中药Ⅱ,保留,,排除,4.469,-194808547.06,-22.809447,75.147179,-1.382087,5.392073,0.0,,"roe,fcf,interest_coverage,ocf_ni","2016,2017,2018,2019,2020,2021,2022,2023,2024,2025","2021,2022,2023,2024,2025"
920267,鑫汇科,SZ,消费电子,保留,,排除,15.729,-138470596.14,-4.969314,15.86105,1.842849,3.76449,0.0,,"fcf,interest_coverage,net_margin","2016,2017,2018,2019,2020,2021,2022,2023,2024,2025","2021,2022,2023,2024,2025"
920270,天铭科技,SZ,汽车零部件,周期,周期性行业,行业排除,,,,,,,,,,,
920271,邦德股份,SZ,汽车零部件,周期,周期性行业,行业排除,,,,,,,,,,,
920273,一致魔芋,SZ,农产品加工,保留,,通过,18.542,106304196.77,,22.651814,1.147106,11.086984,0.0,,,"2016,2017,2018,2019,2020,2021,2022,2023,2024,2025","2021,2022,2023,2024,2025"
920274,宏裕包材,SZ,包装印刷,保留,,排除,15.684,90463825.89,3.767194,11.191967,7.242184,7.826098,0.0,,gross_margin,"2016,2017,2018,2019,2020,2021,2022,2023,2024,2025","2021,2022,2023,2024,2025"
920275,驱动力,SZ,动物保健Ⅱ,保留,,通过,17.118,75681745.43,33.404771,34.748918,1.447551,18.669557,0.0,,,"2016,2017,2018,2019,2020,2021,2022,2023,2024,2025","2021,2022,2023,2024,2025"
920278,鹿得医疗,SZ,医疗器械,保留,,通过,10.972,128627955.74,,25.392154,2.281737,8.695596,0.0,,,"2016,2017,2018,2019,2020,2021,2022,2023,2024,2025","2021,2022,2023,2024,2025"
920284,灵鸽科技,SZ,专用设备,保留,,排除,9.487,-218650374.14,-8.585606,22.96538,-1.517388,2.722673,0.0,,"fcf,interest_coverage,ocf_ni,net_margin","2016,2017,2018,2019,2020,2021,2022,2023,2024,2025","2021,2022,2023,2024,2025"
920299,灿能电力,SZ,电网设备,保留,,通过,21.641,112040382.57,,55.645266,1.092478,29.058401,0.0,,,"2016,2017,2018,2019,2020,2021,2022,2023,2024,2025","2021,2022,2023,2024,2025"
920300,辰光医疗,SZ,医疗器械,保留,,排除,-1.888,-92709108.17,-10.083366,41.176418,0.520104,-7.512816,0.0,,"roe,fcf,interest_coverage,ocf_ni,net_margin","2016,2017,2018,2019,2020,2021,2022,2023,2024,2025","2021,2022,2023,2024,2025"
920304,迪尔化工,SZ,化学原料,周期,周期性行业,行业排除,,,,,,,,,,,
920339,恒太照明,SZ,照明设备Ⅱ,保留,,数据不足,30.167778,339048459.7,,23.201101,1.81162,,0.0,net_margin,,"2017,2018,2019,2020,2021,2022,2023,2024,2025","2021,2022,2023,2024,2025"
920344,三元基因,SZ,生物制品,保留,,排除,11.981,-608438164.41,0.377135,80.213547,4.10877,15.243563,0.0,,"fcf,interest_coverage","2016,2017,2018,2019,2020,2021,2022,2023,2024,2025","2021,2022,2023,2024,2025"
920346,威贸电子,SZ,消费电子,保留,,通过,16.228,165105334.71,,30.517557,1.193726,17.400334,0.0,,,"2016,2017,2018,2019,2020,2021,2022,2023,2024,2025","2021,2022,2023,2024,2025"
920351,华光源海,SZ,物流,保留,,排除,13.221,14752263.68,3.133976,6.999655,0.820176,2.354506,0.0,,"gross_margin,net_margin","2016,2017,2018,2019,2020,2021,2022,2023,2024,2025","2021,2022,2023,2024,2025"
920357,雅葆轩,SZ,消费电子,保留,,排除,26.026,-74861329.34,32.645714,26.191926,0.486069,19.492222,0.0,,"fcf,ocf_ni","2016,2017,2018,2019,2020,2021,2022,2023,2024,2025","2021,2022,2023,2024,2025"
920363,莱赛激光,SZ,通用设备,保留,,排除,14.608,-3240463.49,,27.465841,0.294497,9.570404,0.0,,"fcf,ocf_ni","2016,2017,2018,2019,2020,2021,2022,2023,2024,2025","2021,2022,2023,2024,2025"
920367,新赣江,SZ,化学制药,保留,,通过,36.9,49088697.89,,45.033198,1.435382,25.993925,0.0,,,"2016,2017,2018,2019,2020,2021,2022,2023,2024,2025","2021,2022,2023,2024,2025"
920368,连城数控,SZ,光伏设备,保留,,排除,18.005,-801718180.13,4.477227,28.246953,0.108608,13.867052,0.0,,"fcf,ocf_ni","2016,2017,2018,2019,2020,2021,2022,2023,2024,2025","2021,2022,2023,2024,2025"
920370,新安洁,SZ,环境治理,保留,,排除,3.803,-204333162.57,-20.543846,13.721162,0.143541,0.567126,0.0,,"roe,fcf,interest_coverage,gross_margin,ocf_ni,net_margin","2016,2017,2018,2019,2020,2021,2022,2023,2024,2025","2021,2022,2023,2024,2025"
920371,欧福蛋业,SZ,农产品加工,保留,,排除,9.688,119464925.63,,15.030328,1.602784,4.911819,0.0,,net_margin,"2016,2017,2018,2019,2020,2021,2022,2023,2024,2025","2021,2022,2023,2024,2025"
920374,云里物里,SZ,通信设备,保留,,通过,36.628,157185438.41,,43.537777,1.409727,14.312268,0.0,,,"2016,2017,2018,2019,2020,2021,2022,2023,2024,2025","2021,2022,2023,2024,2025"
920375,派诺科技,SZ,电网设备,保留,,排除,6.533,-70180008.78,,38.480067,1.894783,8.215597,0.0,,"roe,fcf","2016,2017,2018,2019,2020,2021,2022,2023,2024,2025","2021,2022,2023,2024,2025"
920378,泰德股份,SZ,汽车零部件,周期,周期性行业,行业排除,,,,,,,,,,,
920392,佳合科技,SZ,包装印刷,保留,,通过,21.172,26499457.1,14.847737,15.945351,1.383502,8.250958,0.0,,,"2016,2017,2018,2019,2020,2021,2022,2023,2024,2025","2021,2022,2023,2024,2025"
920394,民士达,SZ,造纸,保留,,排除,11.925,-56560497.83,,34.387502,0.465767,19.018356,0.0,,"fcf,ocf_ni","2016,2017,2018,2019,2020,2021,2022,2023,2024,2025","2021,2022,2023,2024,2025"
920395,朗鸿科技,SZ,专用设备,保留,,通过,27.312,142809586.43,83.233539,55.593631,1.068486,23.97377,0.0,,,"2016,2017,2018,2019,2020,2021,2022,2023,2024,2025","2021,2022,2023,2024,2025"
920396,常辅股份,SZ,自动化设备,保留,,通过,14.033,72773628.85,441.981183,39.419789,1.432857,13.146165,0.0,,,"2016,2017,2018,2019,2020,2021,2022,2023,2024,2025","2021,2022,2023,2024,2025"
920402,硅烷科技,SZ,化学制品,周期,周期性行业,行业排除,,,,,,,,,,,
920403,康农种业,SZ,种植业,保留,,通过,20.285,81775631.98,,34.958432,0.753887,25.182229,0.0,,,"2016,2017,2018,2019,2020,2021,2022,2023,2024,2025","2021,2022,2023,2024,2025"
920405,海希通讯,SZ,自动化设备,保留,,排除,19.812,-376867239.02,17.081622,45.088076,1.192089,27.843509,0.0,,fcf,"2016,2017,2018,2019,2020,2021,2022,2023,2024,2025","2021,2022,2023,2024,2025"
920407,驰诚股份,SZ,通用设备,保留,,通过,16.335,43558897.89,2488.75292,44.779506,0.847341,17.194315,0.0,,,"2016,2017,2018,2019,2020,2021,2022,2023,2024,2025","2021,2022,2023,2024,2025"
920414,欧普泰,SZ,光伏设备,保留,,排除,16.258,-166281840.34,-41.650749,41.186411,-0.735676,6.174551,0.0,,"fcf,interest_coverage,ocf_ni","2016,2017,2018,2019,2020,2021,2022,2023,2024,2025","2021,2022,2023,2024,2025"
920415,恒拓开源,SZ,软件开发,保留,,排除,3.866,,,42.950336,1.631763,6.053188,0.0,fcf,roe,"2016,2017,2018,2019,2020,2021,2022,2023,2024,2025","2021,2022,2023,2024,2025"
920418,苏轴股份,SZ,汽车零部件,周期,周期性行业,行业排除,,,,,,,,,,,
920419,路斯股份,SZ,饲料,保留,,排除,16.049,-61913370.95,,19.038854,1.027063,9.244565,0.0,,fcf,"2016,2017,2018,2019,2020,2021,2022,2023,2024,2025","2021,2022,2023,2024,2025"
920422,润普食品,SZ,化学制品,周期,周期性行业,行业排除,,,,,,,,,,,
920425,乐创技术,SZ,自动化设备,保留,,通过,16.317,65754035.93,,66.419698,0.852575,21.42411,0.0,,,"2016,2017,2018,2019,2020,2021,2022,2023,2024,2025","2021,2022,2023,2024,2025"
920427,华维设计,SZ,工程咨询服务Ⅱ,保留,,排除,21.127,44657598.03,-355.479949,37.211382,0.160118,19.748729,0.0,,"interest_coverage,ocf_ni","2016,2017,2018,2019,2020,2021,2022,2023,2024,2025","2021,2022,2023,2024,2025"
920429,康比特,SZ,食品加工,保留,,通过,10.546,214986798.01,48.736159,39.680456,1.182724,12.113583,0.0,,,"2016,2017,2018,2019,2020,2021,2022,2023,2024,2025","2021,2022,2023,2024,2025"
920433,大唐药业,SZ,中药Ⅱ,保留,,排除,11.305,-275617206.02,,68.157021,1.407059,10.03138,0.0,,fcf,"2016,2017,2018,2019,2020,2021,2022,2023,2024,2025","2021,2022,2023,2024,2025"
920436,大地电气,SZ,汽车零部件,周期,周期性行业,行业排除,,,,,,,,,,,
920438,戈碧迦,SZ,光学光电子,保留,,排除,8.673,-19516380.17,4.070809,28.555185,1.837992,10.904282,0.0,,fcf,"2016,2017,2018,2019,2020,2021,2022,2023,2024,2025","2021,2022,2023,2024,2025"
920445,龙竹科技,SZ,家居用品,保留,,通过,19.098,61827951.23,13.535225,25.325609,2.236805,13.743826,0.0,,,"2016,2017,2018,2019,2020,2021,2022,2023,2024,2025","2021,2022,2023,2024,2025"
920454,同心传动,SZ,汽车零部件,周期,周期性行业,行业排除,,,,,,,,,,,
920455,汇隆活塞,SZ,专用设备,保留,,通过,15.517,70365880.71,106.184544,40.312157,0.782705,23.055094,0.0,,,"2016,2017,2018,2019,2020,2021,2022,2023,2024,2025","2021,2022,2023,2024,2025"
920469,富恒新材,SZ,塑料,保留,,排除,2.601,-801941426.12,-4.18059,15.588592,-3.541796,0.456774,0.0,,"roe,fcf,interest_coverage,ocf_ni,net_margin","2016,2017,2018,2019,2020,2021,2022,2023,2024,2025","2021,2022,2023,2024,2025"
920471,美邦科技,SZ,化学制品,周期,周期性行业,行业排除,,,,,,,,,,,
920475,三友科技,SZ,专用设备,保留,,排除,10.946,-49765683.01,-23.795444,19.229978,-0.250351,8.601611,0.0,,"fcf,interest_coverage,ocf_ni","2016,2017,2018,2019,2020,2021,2022,2023,2024,2025","2021,2022,2023,2024,2025"
920476,海能技术,SZ,通用设备,保留,,通过,9.102222,146387922.26,47.277286,66.554042,1.345972,13.15066,0.0,,,"2016,2017,2018,2020,2021,2022,2023,2024,2025","2021,2022,2023,2024,2025"
920478,峆一药业,SZ,化学制药,保留,,通过,15.304,26899377.58,,36.155843,1.042378,19.312622,0.0,,,"2016,2017,2018,2019,2020,2021,2022,2023,2024,2025","2021,2022,2023,2024,2025"
920489,佳先股份,SZ,化学原料,周期,周期性行业,行业排除,,,,,,,,,,,
920491,奥迪威,SZ,元件,保留,,通过,8.132,165175389.12,,35.444815,1.047539,12.645696,0.0,,,"2016,2017,2018,2019,2020,2021,2022,2023,2024,2025","2021,2022,2023,2024,2025"
920493,并行科技,SZ,IT服务Ⅱ,保留,,排除,-134.768,-1300816291.44,0.45975,29.002475,5.614557,-39.953838,0.0,,"roe,fcf,interest_coverage,net_margin","2016,2017,2018,2019,2020,2021,2022,2023,2024,2025","2021,2022,2023,2024,2025"
920496,许昌智能,SZ,电网设备,保留,,通过,8.457,8697675.65,32.510207,25.038307,1.352418,7.192232,0.0,,,"2016,2017,2018,2019,2020,2021,2022,2023,2024,2025","2021,2022,2023,2024,2025"
920504,博迅生物,SZ,医疗器械,保留,,通过,16.624,76419086.21,,40.184735,1.127951,13.73666,0.0,,,"2016,2017,2018,2019,2020,2021,2022,2023,2024,2025","2021,2022,2023,2024,2025"
920505,九菱科技,SZ,通用设备,保留,,排除,15.937778,-10946772.18,,25.621199,0.783066,,0.0,net_margin,fcf,"2017,2018,2019,2020,2021,2022,2023,2024,2025","2021,2022,2023,2024,2025"
920508,殷图网联,SZ,电网设备,保留,,数据不足,9.565,,,33.564376,1.952462,15.327013,0.0,fcf,,"2016,2017,2018,2019,2020,2021,2022,2023,2024,2025","2021,2022,2023,2024,2025"
920509,同惠电子,SZ,通用设备,保留,,通过,21.793,140447689.11,,56.641405,1.008108,30.115626,0.0,,,"2016,2017,2018,2019,2020,2021,2022,2023,2024,2025","2021,2022,2023,2024,2025"
920510,丰光精密,SZ,通用设备,保留,,排除,10.503,-92488085.94,-6.247667,33.337446,0.844726,13.920042,0.0,,"fcf,interest_coverage","2016,2017,2018,2019,2020,2021,2022,2023,2024,2025","2021,2022,2023,2024,2025"
920519,万德股份,SZ,化学制品,周期,周期性行业,行业排除,,,,,,,,,,,
920522,纳科诺尔,SZ,电池,保留,,通过,14.445,83788765.05,,22.081888,0.993861,5.778494,0.0,,,"2016,2017,2018,2019,2020,2021,2022,2023,2024,2025","2021,2022,2023,2024,2025"
920523,德瑞锂电,SZ,电池,保留,,通过,25.759,70064651.03,,35.785941,1.168579,21.430178,0.0,,,"2016,2017,2018,2019,2020,2021,2022,2023,2024,2025","2021,2022,2023,2024,2025"
920526,凯华材料,SZ,电子化学品Ⅱ,保留,,排除,15.789,-6100546.84,,28.263614,0.887579,16.474728,0.0,,fcf,"2016,2017,2018,2019,2020,2021,2022,2023,2024,2025","2021,2022,2023,2024,2025"
920527,夜光明,SZ,纺织制造,保留,,通过,13.131,33372530.67,1089.078917,19.5918,1.686795,7.644401,0.0,,,"2016,2017,2018,2019,2020,2021,2022,2023,2024,2025","2021,2022,2023,2024,2025"
920533,骏创科技,SZ,汽车零部件,周期,周期性行业,行业排除,,,,,,,,,,,
920541,铁大科技,SZ,轨交设备Ⅱ,保留,,排除,11.546,108615504.05,,44.83469,0.593713,15.043403,0.0,,ocf_ni,"2016,2017,2018,2019,2020,2021,2022,2023,2024,2025","2021,2022,2023,2024,2025"
920547,无锡晶海,SZ,生物制品,保留,,通过,15.771,104708018.48,,31.897375,1.378242,12.876124,0.0,,,"2016,2017,2018,2019,2020,2021,2022,2023,2024,2025","2021,2022,2023,2024,2025"
920553,凯腾精工,SZ,专用设备,保留,,排除,10.239,-41278187.52,15.284576,36.299574,2.139316,6.90417,0.0,,fcf,"2016,2017,2018,2019,2020,2021,2022,2023,2024,2025","2021,2022,2023,2024,2025"
920556,雅达股份,SZ,电网设备,保留,,通过,10.322,82325078.14,,33.688234,1.299522,13.848083,0.0,,,"2016,2017,2018,2019,2020,2021,2022,2023,2024,2025","2021,2022,2023,2024,2025"
920564,天润科技,SZ,IT服务Ⅱ,保留,,通过,16.897,6313521.64,32.426708,33.163071,1.490077,13.142154,0.0,,,"2016,2017,2018,2019,2020,2021,2022,2023,2024,2025","2021,2022,2023,2024,2025"
920566,梓橦宫,SZ,化学制药,保留,,通过,14.267,310805451.37,330.57986,79.341836,1.026919,18.387796,0.0,,,"2016,2017,2018,2019,2020,2021,2022,2023,2024,2025","2021,2022,2023,2024,2025"
920570,坤博精工,SZ,通用设备,保留,,排除,18.235,-58340978.37,23.200581,26.25333,2.125557,,0.0,net_margin,fcf,"2018,2019,2020,2021,2022,2023,2024,2025","2021,2022,2023,2024,2025"
920571,国航远洋,SZ,航运港口,周期,周期性行业,行业排除,,,,,,,,,,,
920575,*ST康乐,SZ,生物制品,保留,,排除,-66.232857,-2000000817.4,-34.890488,87.032185,0.536363,-63330.126624,0.0,,"roe,fcf,interest_coverage,ocf_ni,net_margin","2016,2017,2018,2019,2020,2021,2022,2023,2024,2025","2021,2022,2023,2024,2025"
920576,天力复合,SZ,金属新材料,保留,,数据不足,17.72625,165242576.03,,21.186136,0.951018,,0.0,net_margin,,"2018,2019,2020,2021,2022,2023,2024,2025","2021,2022,2023,2024,2025"
920578,巨能股份,SZ,自动化设备,保留,,排除,16.855,77290028.59,-8.852118,29.649541,-1.113077,7.317256,0.0,,"interest_coverage,ocf_ni","2016,2017,2018,2019,2020,2021,2022,2023,2024,2025","2021,2022,2023,2024,2025"
920579,机科股份,SZ,自动化设备,保留,,排除,9.813,-273995869.88,-18.200523,20.262172,0.43086,4.328169,0.0,,"fcf,interest_coverage,ocf_ni,net_margin","2016,2017,2018,2019,2020,2021,2022,2023,2024,2025","2021,2022,2023,2024,2025"
920580,科创新材,SZ,装修建材,保留,,排除,10.784,-31589473.82,,36.250237,0.483431,16.659354,0.0,,"fcf,ocf_ni","2016,2017,2018,2019,2020,2021,2022,2023,2024,2025","2021,2022,2023,2024,2025"
920592,华信永道,SZ,软件开发,保留,,排除,8.917,-49093102.37,-92.016422,40.412648,-0.471965,5.41495,0.0,,"fcf,interest_coverage,ocf_ni","2016,2017,2018,2019,2020,2021,2022,2023,2024,2025","2021,2022,2023,2024,2025"
920593,鼎智科技,SZ,自动化设备,保留,,数据不足,29.97875,10188613.13,,52.520193,1.205089,,0.0,net_margin,,"2017,2018,2019,2020,2021,2022,2023,2024,2025","2021,2022,2023,2024,2025"
920599,同力股份,SZ,工程机械,周期,周期性行业,行业排除,,,,,,,,,,,
920608,丰安股份,SZ,专用设备,保留,,排除,12.393,-37894032.57,,32.49448,0.324222,27.397468,0.0,,"fcf,ocf_ni","2016,2017,2018,2019,2020,2021,2022,2023,2024,2025","2021,2022,2023,2024,2025"
920627,力王股份,SZ,电池,保留,,通过,16.31,67629803.71,,15.892,1.887847,8.133344,0.0,,,"2016,2017,2018,2019,2020,2021,2022,2023,2024,2025","2021,2022,2023,2024,2025"
920634,新威凌,SZ,工业金属,周期,周期性行业,行业排除,,,,,,,,,,,
920639,晨光电缆,SZ,电网设备,保留,,排除,4.764,2281797.88,1.313572,12.137446,1.327132,1.495924,0.0,,"roe,interest_coverage,gross_margin,net_margin","2016,2017,2018,2019,2020,2021,2022,2023,2024,2025","2021,2022,2023,2024,2025"
920640,富士达,SZ,通信设备,保留,,通过,13.208,129542741.2,52.918612,36.882382,0.963549,10.509603,0.0,,,"2016,2017,2018,2019,2020,2021,2022,2023,2024,2025","2021,2022,2023,2024,2025"
920641,格利尔,SZ,照明设备Ⅱ,保留,,排除,16.135,2091115.32,4.701996,21.808705,0.237801,6.353419,0.0,,ocf_ni,"2016,2017,2018,2019,2020,2021,2022,2023,2024,2025","2021,2022,2023,2024,2025"
920642,通易航天,SZ,航空装备Ⅱ,保留,,排除,12.502,-68492341.73,-9.800149,32.386799,1.602672,11.657879,0.0,,"fcf,interest_coverage","2016,2017,2018,2019,2020,2021,2022,2023,2024,2025","2021,2022,2023,2024,2025"
920651,天罡股份,SZ,通用设备,保留,,通过,17.272,183351850.64,1602.130699,49.830508,0.91831,23.532801,0.0,,,"2016,2017,2018,2019,2020,2021,2022,2023,2024,2025","2021,2022,2023,2024,2025"
920656,海昇药业,SZ,化学制药,保留,,排除,32.104,220600110.13,,49.071862,0.697218,26.889389,0.0,,ocf_ni,"2016,2017,2018,2019,2020,2021,2022,2023,2024,2025","2021,2022,2023,2024,2025"
920662,方盛股份,SZ,通用设备,保留,,通过,21.977,37296463.2,,25.386553,1.195292,12.579221,0.0,,,"2016,2017,2018,2019,2020,2021,2022,2023,2024,2025","2021,2022,2023,2024,2025"
920663,明阳科技,SZ,汽车零部件,周期,周期性行业,行业排除,,,,,,,,,,,
920665,科强股份,SZ,橡胶,保留,,数据不足,14.985,194707020.26,405.323162,36.856822,1.06732,,0.0,net_margin,,"2016,2019,2020,2021,2022,2023,2024,2025","2021,2022,2023,2024,2025"
920670,数字人,SZ,医疗服务,保留,,排除,14.025,91965180.61,,66.981537,0.058042,17.525676,0.0,,ocf_ni,"2016,2017,2018,2019,2020,2021,2022,2023,2024,2025","2021,2022,2023,2024,2025"
920675,秉扬科技,SZ,非金属材料Ⅱ,保留,,通过,16.186,134601402.73,17.005465,22.828854,0.914522,14.159369,0.0,,,"2016,2017,2018,2019,2020,2021,2022,2023,2024,2025","2021,2022,2023,2024,2025"
920679,前进科技,SZ,通用设备,保留,,数据不足,19.183333,137250130.98,,36.974276,1.555806,,0.0,net_margin,,"2017,2018,2019,2020,2021,2022,2023,2024,2025","2021,2022,2023,2024,2025"
920682,球冠电缆,SZ,电网设备,保留,,排除,12.135,-317109384.1,3.62799,11.531019,-0.135624,3.586435,0.0,,"fcf,gross_margin,ocf_ni,net_margin","2016,2017,2018,2019,2020,2021,2022,2023,2024,2025","2021,2022,2023,2024,2025"
920685,新芝生物,SZ,通用设备,保留,,通过,19.244,111520203.57,,64.157055,1.343749,24.615537,0.0,,,"2016,2017,2018,2019,2020,2021,2022,2023,2024,2025","2021,2022,2023,2024,2025"
920689,克莱特,SZ,通用设备,保留,,通过,12.413,25594893.53,20.149113,28.644562,0.926018,10.436006,0.0,,,"2016,2017,2018,2019,2020,2021,2022,2023,2024,2025","2021,2022,2023,2024,2025"
920690,捷众科技,SZ,汽车零部件,周期,周期性行业,行业排除,,,,,,,,,,,
920693,阿为特,SZ,通用设备,保留,,排除,8.788571,-27911818.85,3.440316,28.171157,3.790782,,0.0,net_margin,fcf,"2019,2020,2021,2022,2023,2024,2025","2021,2022,2023,2024,2025"
920694,中裕科技,SZ,橡胶,保留,,排除,27.344,-135909120.19,8.122626,45.673397,0.803998,16.26766,0.0,,fcf,"2016,2017,2018,2019,2020,2021,2022,2023,2024,2025","2021,2022,2023,2024,2025"
920699,海达尔,SZ,家电零部件Ⅱ,保留,,通过,31.37,90992234.65,193.492809,25.640936,0.700396,13.057719,0.0,,,"2016,2017,2018,2019,2020,2021,2022,2023,2024,2025","2021,2022,2023,2024,2025"
920701,豪声电子,SZ,消费电子,保留,,排除,15.028,-302504286.0,,15.903545,1.053975,9.350668,0.0,,fcf,"2016,2017,2018,2019,2020,2021,2022,2023,2024,2025","2021,2022,2023,2024,2025"
920703,广厦环能,SZ,专用设备,保留,,通过,20.694,460300783.74,,44.317872,0.914508,18.407807,0.0,,,"2016,2017,2018,2019,2020,2021,2022,2023,2024,2025","2021,2022,2023,2024,2025"
920706,铁拓机械,SZ,工程机械,周期,周期性行业,行业排除,,,,,,,,,,,
920717,瑞星股份,SZ,专用设备,保留,,排除,11.669,31354703.52,-11.105863,40.345577,0.437419,15.25784,0.0,,"interest_coverage,ocf_ni","2016,2017,2018,2019,2020,2021,2022,2023,2024,2025","2021,2022,2023,2024,2025"
920718,合肥高科,SZ,家电零部件Ⅱ,保留,,排除,10.202,-94809650.5,,12.034279,0.701071,4.4069,0.0,,"fcf,gross_margin,net_margin","2016,2017,2018,2019,2020,2021,2022,2023,2024,2025","2021,2022,2023,2024,2025"
920719,宁新新材,SZ,非金属材料Ⅱ,保留,,排除,-2.103,-676823871.93,-13.322304,13.259508,-0.504027,-15.990277,0.0,,"roe,fcf,interest_coverage,gross_margin,ocf_ni,net_margin","2016,2017,2018,2019,2020,2021,2022,2023,2024,2025","2021,2022,2023,2024,2025"
920720,吉冈精密,SZ,通用设备,保留,,排除,29.596,-170348373.76,14.019297,22.275288,0.705579,12.242817,0.0,,fcf,"2016,2017,2018,2019,2020,2021,2022,2023,2024,2025","2021,2022,2023,2024,2025"
920725,惠丰钻石,SZ,通用设备,保留,,排除,19.638,-163904320.36,-108.55338,28.3975,0.910051,16.671498,0.0,,"fcf,interest_coverage","2016,2017,2018,2019,2020,2021,2022,2023,2024,2025","2021,2022,2023,2024,2025"
920726,朱老六,SZ,调味发酵品Ⅱ,保留,,通过,13.609,117357586.15,,27.36209,2.141182,13.866715,0.0,,,"2016,2017,2018,2019,2020,2021,2022,2023,2024,2025","2021,2022,2023,2024,2025"
920729,永顺生物,SZ,动物保健Ⅱ,保留,,通过,12.518,270430351.39,3974.050009,60.876255,1.334284,21.439118,0.0,,,"2016,2017,2018,2019,2020,2021,2022,2023,2024,2025","2021,2022,2023,2024,2025"
920735,德源药业,SZ,化学制药,保留,,通过,17.426,377730008.95,,81.759139,0.855783,16.96698,0.0,,,"2016,2017,2018,2019,2020,2021,2022,2023,2024,2025","2021,2022,2023,2024,2025"
920748,路桥信息,SZ,IT服务Ⅱ,保留,,排除,11.208,-38866386.27,-25.995299,32.985951,0.861113,-0.387209,0.0,,"fcf,interest_coverage,net_margin","2016,2017,2018,2019,2020,2021,2022,2023,2024,2025","2021,2022,2023,2024,2025"
920751,惠同新材,SZ,金属新材料,保留,,通过,11.859,168364443.82,,38.616385,1.233871,15.705352,0.0,,,"2016,2017,2018,2019,2020,2021,2022,2023,2024,2025","2021,2022,2023,2024,2025"
920753,天纺标,SZ,专业服务,保留,,通过,16.455,166930918.58,120.141893,51.430388,1.678003,20.261345,0.0,,,"2016,2017,2018,2019,2020,2021,2022,2023,2024,2025","2021,2022,2023,2024,2025"
920765,美之高,SZ,家居用品,保留,,排除,13.98,-323161.66,,22.330854,0.566606,4.995179,0.0,,"fcf,ocf_ni,net_margin","2016,2017,2018,2019,2020,2021,2022,2023,2024,2025","2021,2022,2023,2024,2025"
920768,拾比佰,SZ,家电零部件Ⅱ,保留,,排除,8.604,-168011505.88,10.237111,8.145079,2.714423,2.645578,0.0,,"fcf,gross_margin,net_margin","2016,2017,2018,2019,2020,2021,2022,2023,2024,2025","2021,2022,2023,2024,2025"
920770,艾能聚,SZ,光伏设备,保留,,通过,12.453,52370448.38,6.387816,34.634526,1.299502,12.943782,0.0,,,"2016,2017,2018,2019,2020,2021,2022,2023,2024,2025","2021,2022,2023,2024,2025"
920779,武汉蓝电,SZ,电池,保留,,通过,34.535,283692944.75,,62.15254,0.926093,46.552883,0.0,,,"2016,2017,2018,2019,2020,2021,2022,2023,2024,2025","2021,2022,2023,2024,2025"
920781,瑞奇智造,SZ,专用设备,保留,,排除,11.832,-222979520.11,-17.272719,24.088178,-0.355697,5.396552,0.0,,"fcf,interest_coverage,ocf_ni","2016,2017,2018,2019,2020,2021,2022,2023,2024,2025","2021,2022,2023,2024,2025"
920786,骑士乳业,SZ,饮料乳品,保留,,排除,8.901,-375429687.54,1.640244,18.565024,-2.900058,5.225482,0.0,,"fcf,interest_coverage,ocf_ni","2016,2017,2018,2019,2020,2021,2022,2023,2024,2025","2021,2022,2023,2024,2025"
920790,联迪信息,SZ,IT服务Ⅱ,保留,,排除,15.839,16823724.44,1.777722,27.413254,1.649567,11.546156,0.0,,interest_coverage,"2016,2017,2018,2019,2020,2021,2022,2023,2024,2025","2021,2022,2023,2024,2025"
920792,东和新材,SZ,装修建材,保留,,排除,14.633,-302726967.86,7.954871,29.380927,1.125891,11.536115,0.0,,fcf,"2016,2017,2018,2019,2020,2021,2022,2023,2024,2025","2021,2022,2023,2024,2025"
920799,艾融软件,SZ,软件开发,保留,,通过,23.019,203943231.59,3.68587,32.267493,0.701185,17.502359,0.0,,,"2016,2017,2018,2019,2020,2021,2022,2023,2024,2025","2021,2022,2023,2024,2025"
920802,保丽洁,SZ,环境治理,保留,,通过,13.324,115423968.97,21.89059,35.392392,1.423123,19.298275,0.0,,,"2016,2017,2018,2019,2020,2021,2022,2023,2024,2025","2021,2022,2023,2024,2025"
920806,云星宇,SZ,IT服务Ⅱ,保留,,数据不足,10.575714,523520346.22,,16.284741,1.787676,,0.0,net_margin,,"2016,2020,2021,2022,2023,2024,2025","2021,2022,2023,2024,2025"
920807,奔朗新材,SZ,通用设备,保留,,排除,6.807,2954315.45,2.443684,32.891862,0.87711,6.256949,0.0,,roe,"2016,2017,2018,2019,2020,2021,2022,2023,2024,2025","2021,2022,2023,2024,2025"
920808,曙光数创,SZ,计算机设备,保留,,排除,31.121,-577046365.21,19.807778,33.554718,-2.469856,12.536967,0.0,,"fcf,ocf_ni","2016,2017,2018,2019,2020,2021,2022,2023,2024,2025","2021,2022,2023,2024,2025"
920809,安达科技,SZ,电池,保留,,排除,1.808,-2880486742.88,-6.50316,5.924974,0.414036,-33.903888,0.0,,"roe,fcf,interest_coverage,gross_margin,ocf_ni,net_margin","2016,2017,2018,2019,2020,2021,2022,2023,2024,2025","2021,2022,2023,2024,2025"
920810,春光智能,SZ,专用设备,保留,,排除,11.041,-117346886.5,0.451958,34.83695,-2.666314,2.141053,0.0,,"fcf,interest_coverage,ocf_ni,net_margin","2016,2017,2018,2019,2020,2021,2022,2023,2024,2025","2021,2022,2023,2024,2025"
920819,颖泰生物,SZ,农化制品,保留,,排除,5.367,943458817.55,-1.21415,17.413044,0.016764,3.283917,0.0,,"roe,interest_coverage,ocf_ni,net_margin","2016,2017,2018,2019,2020,2021,2022,2023,2024,2025","2021,2022,2023,2024,2025"
920821,则成电子,SZ,元件,保留,,排除,18.275,-236655439.32,8.574898,26.11549,1.662794,12.081401,0.0,,fcf,"2016,2017,2018,2019,2020,2021,2022,2023,2024,2025","2021,2022,2023,2024,2025"
920826,盖世食品,SZ,食品加工,保留,,排除,22.206,-45041436.3,13.850115,18.974794,1.029233,9.248638,0.0,,fcf,"2016,2017,2018,2019,2020,2021,2022,2023,2024,2025","2021,2022,2023,2024,2025"
920832,齐鲁华信,SZ,非金属材料Ⅱ,保留,,排除,8.176,-104035487.4,-1.870424,18.534341,-0.003941,6.514357,0.0,,"fcf,interest_coverage,ocf_ni","2016,2017,2018,2019,2020,2021,2022,2023,2024,2025","2021,2022,2023,2024,2025"
920833,美心翼申,SZ,通用设备,保留,,数据不足,11.89875,261237983.72,8.104222,23.414143,2.273644,,0.0,net_margin,,"2016,2017,2020,2021,2022,2023,2024,2025","2021,2022,2023,2024,2025"
920834,三维装备,SZ,橡胶,保留,,通过,16.981,166078710.25,2979.72013,31.892577,1.127008,12.81213,0.0,,,"2016,2017,2018,2019,2020,2021,2022,2023,2024,2025","2021,2022,2023,2024,2025"
920837,华原股份,SZ,汽车零部件,周期,周期性行业,行业排除,,,,,,,,,,,
920839,万通液压,SZ,工程机械,周期,周期性行业,行业排除,,,,,,,,,,,
920855,浙江大农,SZ,专用设备,保留,,通过,12.152,225532061.82,,32.044109,1.472519,15.809487,0.0,,,"2016,2017,2018,2019,2020,2021,2022,2023,2024,2025","2021,2022,2023,2024,2025"
920856,浩淼科技,SZ,专用设备,保留,,排除,8.659,-50494819.34,9.60521,19.426714,2.339543,6.685823,0.0,,fcf,"2016,2017,2018,2019,2020,2021,2022,2023,2024,2025","2021,2022,2023,2024,2025"
920857,泓禧科技,SZ,消费电子,保留,,排除,15.683,-72556230.21,,14.468238,1.021709,5.675323,0.0,,"fcf,gross_margin","2016,2017,2018,2019,2020,2021,2022,2023,2024,2025","2021,2022,2023,2024,2025"
920866,绿亨科技,SZ,农化制品,保留,,通过,15.798,70252764.16,,41.925345,1.400506,14.602044,0.0,,,"2016,2017,2018,2019,2020,2021,2022,2023,2024,2025","2021,2022,2023,2024,2025"
920870,恒进感应,SZ,通用设备,保留,,通过,20.358,137849105.97,,48.0724,1.207219,29.888399,0.0,,,"2016,2017,2018,2019,2020,2021,2022,2023,2024,2025","2021,2022,2023,2024,2025"
920871,派特尔,SZ,汽车零部件,周期,周期性行业,行业排除,,,,,,,,,,,
920873,中设咨询,SZ,工程咨询服务Ⅱ,保留,,排除,-1.341,-127258634.72,-66.822333,14.42031,0.24947,-17.17384,0.0,,"roe,fcf,interest_coverage,gross_margin,ocf_ni,net_margin","2016,2017,2018,2019,2020,2021,2022,2023,2024,2025","2021,2022,2023,2024,2025"
920876,慧为智能,SZ,消费电子,保留,,排除,13.873,-99327475.6,39.266818,17.287155,3.374533,3.598962,0.0,,"fcf,net_margin","2016,2017,2018,2019,2020,2021,2022,2023,2024,2025","2021,2022,2023,2024,2025"
920879,基康技术,SZ,通用设备,保留,,排除,8.618,165011854.81,,53.13006,0.612345,15.576427,0.0,,ocf_ni,"2016,2017,2018,2019,2020,2021,2022,2023,2024,2025","2021,2022,2023,2024,2025"
920885,星辰科技,SZ,自动化设备,保留,,排除,11.907,-18564172.76,,44.446894,0.625585,20.600102,0.0,,"fcf,ocf_ni","2016,2017,2018,2019,2020,2021,2022,2023,2024,2025","2021,2022,2023,2024,2025"
920892,广咨国际,SZ,工程咨询服务Ⅱ,保留,,通过,29.313,575456829.54,,37.400529,1.35391,16.101306,0.0,,,"2016,2017,2018,2019,2020,2021,2022,2023,2024,2025","2021,2022,2023,2024,2025"
920895,花溪科技,SZ,专用设备,保留,,排除,17.065,-5345832.26,,29.348519,2.385571,10.957012,0.0,,fcf,"2016,2017,2018,2019,2020,2021,2022,2023,2024,2025","2021,2022,2023,2024,2025"
920896,旺成科技,SZ,汽车零部件,周期,周期性行业,行业排除,,,,,,,,,,,
920906,舜宇精工,SZ,汽车零部件,周期,周期性行业,行业排除,,,,,,,,,,,
920914,远航精密,SZ,电池,保留,,排除,12.251,-412293737.99,17.684264,14.619112,-0.24002,8.553565,0.0,,"fcf,gross_margin,ocf_ni","2016,2017,2018,2019,2020,2021,2022,2023,2024,2025","2021,2022,2023,2024,2025"
920924,广脉科技,SZ,通信服务,保留,,排除,9.523,-235027447.89,2.094924,23.796125,1.14185,5.379804,0.0,,fcf,"2016,2017,2018,2019,2020,2021,2022,2023,2024,2025","2021,2022,2023,2024,2025"
920925,锦好医疗,SZ,医疗器械,保留,,排除,32.237,-122908579.37,6.712501,43.902348,0.975317,13.480688,0.0,,fcf,"2016,2017,2018,2019,2020,2021,2022,2023,2024,2025","2021,2022,2023,2024,2025"
920926,鸿智科技,SZ,小家电,保留,,通过,23.687,65788889.64,,17.544126,0.933207,6.925794,0.0,,,"2016,2017,2018,2019,2020,2021,2022,2023,2024,2025","2021,2022,2023,2024,2025"
920931,无锡鼎邦,SZ,专用设备,保留,,排除,13.526,-179298829.9,4.290214,20.678769,0.094843,6.149572,0.0,,"fcf,ocf_ni","2016,2017,2018,2019,2020,2021,2022,2023,2024,2025","2021,2022,2023,2024,2025"
920932,科达自控,SZ,软件开发,保留,,排除,6.463,-661669972.64,-2.959428,40.82374,0.075012,6.393845,0.0,,"roe,fcf,interest_coverage,ocf_ni","2016,2017,2018,2019,2020,2021,2022,2023,2024,2025","2021,2022,2023,2024,2025"
920942,恒立钻具,SZ,工程机械,周期,周期性行业,行业排除,,,,,,,,,,,
920943,优机股份,SZ,通用设备,保留,,排除,11.386,-49054231.84,26.67411,25.155621,0.887772,6.388771,0.0,,fcf,"2016,2017,2018,2019,2020,2021,2022,2023,2024,2025","2021,2022,2023,2024,2025"
920946,森萱医药,SZ,化学制药,保留,,通过,14.905,809144467.62,,44.58151,1.361918,20.440236,0.0,,,"2016,2017,2018,2019,2020,2021,2022,2023,2024,2025","2021,2022,2023,2024,2025"
920950,迅安科技,SZ,通用设备,保留,,通过,32.486,94412965.02,,40.136652,0.941597,21.587669,0.0,,,"2016,2017,2018,2019,2020,2021,2022,2023,2024,2025","2021,2022,2023,2024,2025"
920953,国子软件,SZ,IT服务Ⅱ,保留,,排除,27.592,-16939680.47,,64.993552,-0.016721,21.944834,0.0,,"fcf,ocf_ni","2016,2017,2018,2019,2020,2021,2022,2023,2024,2025","2021,2022,2023,2024,2025"
920957,汉维科技,SZ,化学制品,周期,周期性行业,行业排除,,,,,,,,,,,
920961,创远信科,SZ,通用设备,保留,,排除,5.488,-147644032.92,-4.542044,48.66955,14.197956,9.8235,0.0,,"roe,fcf,interest_coverage","2016,2017,2018,2019,2020,2021,2022,2023,2024,2025","2021,2022,2023,2024,2025"
920964,润农节水,SZ,农业综合Ⅱ,保留,,排除,7.45,-18028249.44,-2.005974,18.827601,1.784864,7.836278,0.0,,"roe,fcf,interest_coverage","2016,2017,2018,2019,2020,2021,2022,2023,2024,2025","2021,2022,2023,2024,2025"
920970,大禹生物,SZ,动物保健Ⅱ,保留,,排除,12.415,-149319889.79,-8.569842,30.477348,-0.336929,10.720833,0.0,,"fcf,interest_coverage,ocf_ni","2016,2017,2018,2019,2020,2021,2022,2023,2024,2025","2021,2022,2023,2024,2025"
920971,天马新材,SZ,非金属材料Ⅱ,保留,,排除,15.487,-127850749.82,18.164043,26.970875,0.535167,14.25797,0.0,,"fcf,ocf_ni","2016,2017,2018,2019,2020,2021,2022,2023,2024,2025","2021,2022,2023,2024,2025"
920974,凯大催化,SZ,化学制品,周期,周期性行业,行业排除,,,,,,,,,,,
920976,视声智能,SZ,计算机设备,保留,,通过,18.89,165945385.47,,47.472936,1.166203,10.648112,0.0,,,"2016,2017,2018,2019,2020,2021,2022,2023,2024,2025","2021,2022,2023,2024,2025"
920978,开特股份,SZ,汽车零部件,周期,周期性行业,行业排除,,,,,,,,,,,
920981,晶赛科技,SZ,元件,保留,,排除,10.457,-185549688.08,5.792054,16.267393,0.416117,7.279318,0.0,,"fcf,ocf_ni","2016,2017,2018,2019,2020,2021,2022,2023,2024,2025","2021,2022,2023,2024,2025"
920982,锦波生物,SZ,医疗美容,保留,,通过,26.895,991916821.84,95.000868,87.822762,1.02573,33.713667,0.0,,,"2016,2017,2018,2019,2020,2021,2022,2023,2024,2025","2021,2022,2023,2024,2025"
920985,海泰新能,SZ,光伏设备,保留,,排除,7.463,-1773472939.8,-11.647088,8.474974,1.216349,-1.579279,0.0,,"roe,fcf,interest_coverage,gross_margin,net_margin","2016,2017,2018,2019,2020,2021,2022,2023,2024,2025","2021,2022,2023,2024,2025"
920992,中科美菱,SZ,医疗器械,保留,,排除,12.256,25286075.45,,36.668023,0.533219,8.704856,0.0,,ocf_ni,"2016,2017,2018,2019,2020,2021,2022,2023,2024,2025","2021,2022,2023,2024,2025"
