SECUCODE,SECURITY_CODE,SECURITY_NAME_ABBR,ORG_CODE,ORG_TYPE,REPORT_DATE,REPORT_TYPE,REPORT_DATE_NAME,SECURITY_TYPE_CODE,NOTICE_DATE,UPDATE_DATE,CURRENCY,EPSJB,EPSKCJB,EPSXS,BPS,MGZBGJ,MGWFPLR,MGJYXJJE,TOTALOPERATEREVE,MLR,PARENTNETPROFIT,KCFJCXSYJLR,TOTALOPERATEREVETZ,PARENTNETPROFITTZ,KCFJCXSYJLRTZ,YYZSRGDHBZC,NETPROFITRPHBZC,KFJLRGDHBZC,ROEJQ,ROEKCJQ,ZZCJLL,XSJLL,XSMLL,YSZKYYSR,XSJXLYYSR,JYXJLYYSR,TAXRATE,LD,SD,XJLLB,ZCFZL,QYCS,CQBL,ZZCZZTS,CHZZTS,YSZKZZTS,TOAZZL,CHZZL,YSZKZZL,TOTALDEPOSITS,GROSSLOANS,LTDRR,NEWCAPITALADER,HXYJBCZL,NONPERLOAN,BLDKBBL,NZBJE,TOTAL_ROI,NET_ROI,EARNED_PREMIUM,COMPENSATE_EXPENSE,SURRENDER_RATE_LIFE,SOLVENCY_AR,JZB,JZC,JZBJZC,ZYGPGMJZC,ZYGDSYLZQJZB,YYFXZB,JJYWFXZB,ZQZYYWFXZB,ZQCXYWFXZB,RZRQYWFXZB,EPSJBTZ,BPSTZ,MGZBGJTZ,MGWFPLRTZ,MGJYXJJETZ,ROEJQTZ,ZZCJLLTZ,ZCFZLTZ,REPORT_YEAR,ROIC,ROICTZ,NBV_LIFE,NBV_RATE,NHJZ_CURRENT_AMT,DJD_TOI_YOY,DJD_DPNP_YOY,DJD_DEDUCTDPNP_YOY,DJD_TOI_QOQ,DJD_DPNP_QOQ,DJD_DEDUCTDPNP_QOQ,XSMLL_TB,PER_TOI,PER_OI,PER_EBIT,STAFF_NUM,AVG_TOI,AVG_NET_PROFIT,PREPAID_ACCOUNTS_RATIO,ACCOUNTS_PAYABLE_TR,FIXED_ASSET_TR,CURRENT_ASSET_TR,PREPAID_ACCOUNTS_TDAYS,PAYABLE_TDAYS,OPERATE_CYCLE,GUARD_SPEED_RATIO,CASH_RATIO,INTEREST_COVERAGE_RATIO,CA_TA,NCA_TA,LIQUIDATION_RATIO,INTEREST_DEBT_RATIO,FC_LIABILITIES,FCFF_FORWARD,FCFF_BACK,SS_OI,SS_TA,NCO_OP,NCO_NETPROFIT,NCO_FIXED,FIRST_ADEQUACY_RATIO,NET_INTEREST_SPREAD,NET_INTEREST_MARGIN,LOAN_ADVANCES,NON_PERFORMING_LOAN,OVERDUE_LOANS,LOAN_PROVISION_RATIO,REVENUE_RATIO,LIABILITY,CAPITAL_PROVISIONS_SUM,RISK_COVERAGE,CAPITAL_LEVERAGE_RATIO,LIQUIDITY_COVERAGE_RATIO,NET_FUNDING_RATIO,NET_CAPITAL_LIABILITIES,NET_ASSETS_LIABILITIES,PROPRIETARY_CAPITAL,IS_BZ
000682.SZ,000682,东方电子,10005606,通用,2026-03-31 00:00:00,一季报,2026一季报,058001001,2026-04-29 00:00:00,2026-04-29 00:00:00,CNY,0.1759,,0.1759,4.588538971043,0.859463255311,2.592305510849,-0.282924825941,1518934346.19,462514697.44,235825663.52,125406054.56,8.051134991794,95.055281106625,9.661415914689,1.350993403164,12.601387565531,1.513293057001,3.91,,1.5859899687,14.6564669315,30.449946609,0.005817742638,0.320559485807,-0.249730974905,13.844002733,1.601362843335,0.958975609281,-0.052762940305,52.8068040969,2.118949524108,1.118949524108,831.708932513038,389.22224566536,105.071083370655,0.108210933515,0.231230360038,0.856562977299,,,,,,,,,,,,,,,,,,,,,,,,,95.011086474501,17.5253532003,0.00028165088,32.927098035006,-18.947750833779,67.094017094,95.82435199923,-1.601858929258,2026,2.990225974856,122.899057472809,,,,8.051134991794,95.055281106625,9.661415914689,-52.722975459959,-43.444000670127,-51.164622137067,-2.409857226569,1.132918437728,1.132918437728,0.176390367931,,,,3.389520329772,0.550210781525,1.534555894514,0.131357038538,26.552429619461,163.573675802117,494.339898544741,0.833722475565,0.557698745396,,81.8955867319,18.1044132681,185.167200946835,1.0061670299,55.769874539623,-483641123.36997,69780577.7731858,1.162882222132,0.125650163885,-1.46638063215,-1.703896144086,-0.382389199708,,,,,,,,,7423377714.64,,,,,,,,,0
000682.SZ,000682,东方电子,10005606,通用,2025-12-31 00:00:00,年报,2025年报,058001001,2026-04-24 00:00:00,2026-04-24 00:00:00,CNY,0.6802,0.5446,0.6802,4.410641185368,0.859463255311,2.416411639622,0.602842373966,8377482887.4,2701273336.32,911992429.9,730100077.37,11.036447792893,33.350030626001,12.690291239321,3.699021513092,20.357473199031,-0.438569761039,16.5,13.21,6.9610565473,11.0703131083,32.2444506617,0.001043232422,0.423561824599,0.096478508235,9.6794286259,1.57249326463,1.008391668175,0.109431457134,54.2740853545,2.18694367899,1.186943678991,572.515492712165,268.135726206228,72.288056368321,0.628803944317,1.342603632472,4.98007579794,,,,,,,,,,,,,,,,,,,,,,,,,33.346402666144,15.6278019206,0.00028165088,29.914993744601,-22.290165751271,17.4377224199,11.381744436164,-2.393606704886,2025,13.437834630536,15.699433277746,,,,10.254987245435,58.71469261013,-1.236917224215,60.440314935145,116.471476216768,44.29186601129,-4.336308704333,6.248462844159,6.248462844159,0.70211427725,8999.0,930934.869141016,101343.75262807,18.532858079399,3.165347308433,8.508728610535,0.750886760357,19.424958549711,113.731595594866,340.424156727119,0.90051959675,0.618646595848,188.857257715087,82.8643357454,17.1356642546,180.163262958457,1.7152576957,61.729266010642,702178826.27117,388118414.667602,1.018702660739,0.608888683106,0.78554986921,0.87150658966,0.818350638707,,,,,,,,,7607038265.97,,,,,,,,,0
000682.SZ,000682,东方电子,10005606,通用,2025-09-30 00:00:00,三季报,2025三季报,058001001,2025-10-25 00:00:00,2025-10-25 00:00:00,CNY,0.3692,,0.3692,4.103228989956,0.859463255311,2.147208406193,-0.264606112734,5164644598.68,1659105165.68,495015157.26,473306621.38,11.528195012563,17.528482944479,22.026369910428,2.414230804177,3.294472716848,3.762085243236,9.26,,3.4772780342,8.7174596462,32.1242853013,0.001729814375,0.348026310846,-0.068690992145,12.4521624889,1.592992188217,0.937851696907,-0.049878319652,55.2065398819,2.23246875183,1.23246875183,676.884068888398,344.082077601578,84.566016689488,0.398886622407,0.784696494168,3.192771878938,,,,,,,,,,,,,,,,,,,,,,,,,17.542184017829,12.3052837091,0.000286238187,24.652674486285,-407.957322925903,4.6327683616,3.292528278718,-1.82375946375,2025,6.346577029738,4.537593084993,,,,10.509488467494,14.346205819106,17.563526063375,14.013890179566,6.135903543201,-1.664799231423,-2.004476325915,3.852122446788,3.852122446788,0.335068343492,,,,10.248940819601,1.980122152669,5.307281688107,0.468881210709,26.344185682449,136.355224164362,428.645812195575,0.801935388268,0.520653922622,,85.4119237533,14.5880762467,178.30776913921,2.3740381064,51.460831385113,-507345145.82845,-9046014.88594104,1.06423105904,0.414336136349,-0.682964565704,-0.787970291035,-0.367726204693,,,,,,,,,7323422447.58,,,,,,,,,0
000682.SZ,000682,东方电子,10005606,通用,2025-06-30 00:00:00,中报,2025中报,058001001,2025-08-23 00:00:00,2025-08-23 00:00:00,CNY,0.2255,0.2203,0.2255,3.995044533962,0.859463190369,2.040536667395,-0.411000123271,3162131520.83,1046052457.84,302390576.91,295338546.61,12.183091048578,19.649631352123,24.883069832042,2.804091836435,4.288626888556,6.107091973732,5.74,5.61,2.2117529927,8.8436869978,33.0806119527,0.00296653388,0.307235438109,-0.174261874157,10.3866745899,1.618646822581,0.940508731203,-0.083126522751,54.0275218464,2.175214476494,1.175214476496,719.729402372153,374.723432436138,87.832171700378,0.250093992835,0.480354267759,2.049362967069,,,,,,,,,,,,,,,,,,,,,,,,,19.628647214854,13.2597580929,0.000278682054,27.780577419977,-209.782495321921,6.8901303538,3.291931559691,-1.123284401971,2025,4.128322486862,8.695624864129,,,,13.960360492234,19.935149687118,28.991494716407,24.941848655959,50.112214687662,58.259007581995,2.102075879914,2.358520044961,2.358520044961,0.20726128431,,,,6.769332967897,1.240308430242,3.242805009308,0.295123456841,26.590507639915,145.125192743292,462.518344761168,0.804454968382,0.523164219908,-327.440581328157,84.7692941666,15.2307058334,181.967825945132,1.5093440851,51.788432414703,-552609909.979688,57326511.5428517,1.063126689246,0.265588167537,-1.757312940032,-1.970466324744,-0.568815582963,,,,,,,,,6838664144.81,,,,,,,,,0
000682.SZ,000682,东方电子,10005606,通用,2025-03-31 00:00:00,一季报,2025一季报,058001001,2025-04-29 00:00:00,2026-04-29 00:00:00,CNY,0.0902,,0.0902,3.904297112149,0.859460834632,1.950170844899,-0.23785638985,1405755105.03,438621839.02,120901962.86,114357500.78,10.038947705784,19.223576320734,18.890279783891,1.699821988783,2.850409647182,2.804534607991,2.34,,0.809904362,7.1867272791,31.2018670571,0.003394822393,0.433468102872,-0.226853514185,13.5593690117,1.623418983203,0.974301673541,-0.049749116918,53.6664651611,2.158263994916,1.158263994918,798.619547558243,396.088753298726,89.086390001997,0.112694461681,0.227221801302,1.010255326296,,,,,,,,,,,,,,,,,,,,,,,,,19.312169312169,11.7207663271,-0.006809321067,24.687969461548,-132.866778412813,6.8493150685,1.05453249272,-0.408732628853,2025,1.341515755499,1.340355843648,,,,10.038947705784,19.223576320734,18.890279783891,-51.758695195009,-53.980902244873,-56.017962872049,-2.948098859281,1.048502116904,1.048502116904,0.070680925427,,,,3.073425695969,0.589454477151,1.439552219625,0.13321074605,29.283284810831,152.683546378332,485.209211320581,0.823348665761,0.578373791188,,84.4793446539,15.5206553461,183.179485840187,1.4285686828,55.419347955719,-515460442.299128,-47950883.612709,1.231564227813,0.140545468261,-2.685996575971,-3.156562164898,-0.328239439911,,,,,,,,,6610782655.84,,,,,,,,,0
000682.SZ,000682,东方电子,10005606,通用,2024-12-31 00:00:00,年报,2024年报,058001001,2025-04-23 00:00:00,2026-04-24 00:00:00,CNY,0.5101,0.4832,0.5101,3.814516156241,0.859460834632,1.859994424025,0.775760725517,7544804479.9,2543055494.82,683908676.75,647881968.66,16.466833072969,26.344724927343,37.692959917464,7.640491556542,10.666663403484,21.525868660172,14.05,13.31,6.2497284295,9.8458087801,33.7060489983,0.000750937261,0.49416449358,0.137854249032,8.2889775347,1.568766756954,1.007973060767,0.152499985123,55.6050515978,2.252508530791,1.252508530791,567.143228833793,288.092923515576,71.865996071619,0.634760289284,1.249596816218,5.009323180343,,,,,,,,,,,,,,,,,,,,,,,,,26.356205102799,11.5655580353,-0.006809321067,24.965654071623,-17.386162921965,13.2151490733,6.881225832285,1.367491642705,2024,11.614434271495,7.640793476231,,,,22.516289848295,33.494964348046,79.007968285169,60.810658782972,55.957155360854,71.759123690602,0.768293434991,5.627398001613,5.627398001613,0.535609425208,8153.0,925402.2421072,83884.2974058629,20.790914916885,3.092148068313,8.123156137402,0.756775041232,17.31525531412,116.423920215569,359.958518129391,0.877467299585,0.609293655701,205.458989021335,84.7149663803,15.2850336197,176.794376936819,2.1756245381,60.416185597538,914925658.972688,92571278.3459067,1.076669664086,0.643182006584,1.285584265609,1.400131285418,1.059691231795,,,,,,,,,7022808534.22,,,,,,,,,0
000682.SZ,000682,东方电子,10005606,通用,2024-09-30 00:00:00,三季报,2024三季报,058001001,2024-10-23 00:00:00,2025-10-25 00:00:00,CNY,0.3141,,0.3141,3.653638417034,0.859460795206,1.722553017849,0.085922981217,4630797259.92,1518039261.11,421187396.33,387872409.65,12.957124744241,22.260025835092,19.243979520882,3.396350184097,4.443914262863,2.91532878415,8.85,,3.3664371394,8.4584629934,32.7813803089,0.001099284837,0.479499938058,0.024876766348,10.3346797126,1.546124625776,0.890850922686,0.017384036483,56.232077721,2.284778321496,1.284778321496,678.398233397452,367.981181095112,81.889153890885,0.39799631943,0.733733174062,3.297139940654,,,,,,,,,,,,,,,,,,,,,,,,,22.217898832685,11.614010977,-0.007360567303,26.657675148039,-44.304374524628,10.2117061021,-0.970127159661,5.336308940951,2024,6.071095423613,2.664647009828,,,,14.555215701785,18.495987687232,11.081735814076,17.574193910119,11.323549281286,7.894046351918,0.122019182819,3.453944938636,3.453944938636,0.282325205492,,,,13.843823919044,1.951230560633,4.976564368745,0.475300393785,19.503281866261,138.374216480296,449.88796515796,0.767352231211,0.516205813438,,84.4785690779,15.5214309221,175.047066935951,2.854983838,50.700066565952,-4464864.57916606,1752859.42616215,1.150890414605,0.439433054964,0.264192201642,0.294105044467,0.116961371566,,,,,,,,,6819949344.84,,,,,,,,,0
000682.SZ,000682,东方电子,10005606,通用,2024-06-30 00:00:00,中报,2024中报,058001001,2024-08-23 00:00:00,2025-08-23 00:00:00,CNY,0.1885,0.1764,0.1885,3.527329213157,0.859460795206,1.596906751085,-0.132673772559,2818723830.19,913253804.34,252730053.15,236492061.74,11.953096334793,24.904638018729,25.129424141484,2.62947277782,4.555969346084,5.338984710946,5.37,5.02,2.1412640458,8.5503371607,32.3995488511,0.001749502792,0.4453105303,-0.063106327794,10.178361787,1.579367493793,0.887869993248,-0.029541642848,54.6412990355,2.204648675417,1.204648675417,718.762682214386,392.282478430149,88.132896237289,0.25043036381,0.458853020202,2.042370189621,,,,,,,,,,,,,,,,,,,,,,,,,24.917163684559,11.2751332334,-0.393800325517,27.347816180366,-208.76617588525,12.8151260504,-2.334948234619,4.165917673769,2024,3.798057642175,1.33126746802,,,,12.700662526352,20.53760369643,23.020979922728,20.642559317404,49.221601266831,45.865878452768,-0.940561222701,2.102384613328,2.102384613328,0.172714796495,,,,10.226418835239,1.191751071921,3.238404504179,0.300665763858,17.601469576011,151.038253072309,481.57423282156,0.766365493483,0.521988934848,-66.392501544011,83.6494355305,16.3505644695,180.036717951959,2.3846572393,51.169216758096,-144412770.048673,66623388.0486875,1.141129056284,0.282928252797,-0.665439144469,-0.738056600675,-0.205711539309,,,,,,,,,6212007751.86,,,,,,,,,0
000682.SZ,000682,东方电子,10005606,通用,2024-03-31 00:00:00,一季报,2024一季报,058001001,2024-04-27 00:00:00,2025-04-29 00:00:00,CNY,0.0756,,0.0756,3.494692383973,0.859519362065,1.564040904123,-0.102142689254,1277506859.47,410714254.18,101407763.96,96187426.75,11.064308215048,32.043218312622,28.337845431234,1.96456890981,4.546217767478,4.513840742941,2.19,,0.801452782,6.9774492629,32.1496711454,0.003458011851,0.523639873282,-0.107197437755,9.8339855289,1.592189293296,0.906878694694,-0.023652944617,53.8867177592,2.168572592118,1.168572592117,783.540150795662,421.461653591207,96.200491758256,0.114863290552,0.213542558933,0.935546153196,,,,,,,,,,,,,,,,,,,,,,,,,31.937172774869,10.8731104449,-0.387012788163,26.608415367638,-7.430173121184,19.6721311475,-2.591303398236,3.511006271398,2024,1.323772493525,0.150073166778,,,,11.064308215048,32.043218312622,28.337845431234,-46.288602305149,-48.472290433369,-33.778142993451,3.760718175003,0.952846368276,0.952846368276,0.059876642136,,,,4.986381535473,0.522869889741,1.466074075975,0.138419667312,18.049160370047,172.1269512088,518.938915623724,0.773536916318,0.536977154464,,83.0368381316,16.9631618684,182.414139131007,1.916328228,52.505961331954,-235943154.729891,-50154810.8290646,1.320776839108,0.151986970766,-1.386803382426,-1.536341343602,-0.158016784632,,,,,,,,,5982298201.42,,,,,,,,,0
000682.SZ,000682,东方电子,10005606,通用,2023-12-31 00:00:00,年报,2023年报,058001001,2024-04-19 00:00:00,2025-04-23 00:00:00,CNY,0.4037,0.3509,0.4037,3.419080425371,0.859519362065,1.488404504296,0.939020329953,6478071293.63,2166854086.68,541303704.72,470526575.25,18.640502226421,23.464843667139,41.103137519583,6.938623750412,7.80193758796,11.211642852408,12.41,10.79,5.8473584868,9.3450432465,33.4490620505,0.000704667813,0.524258826455,0.194343325262,8.4946440721,1.560559587714,0.945513784839,0.212629027935,54.8549152166,2.215080567016,1.215080567018,575.339373551241,304.296165292287,76.178490244137,0.62571764866,1.183057958204,4.725743432907,,,,,,,,,,,,,,,,,,,,,,,,,23.455657492355,10.4863041396,-0.387012788163,26.344154578144,205.165405072005,12.7157129882,4.291255014916,4.893461961736,2023,10.78999317676,7.381648313266,,,,21.465477026004,24.853478602929,48.495177683257,50.361227285286,38.434413999273,6.583532477517,4.113496562253,4.831760127011,4.831760127011,0.453039789725,7627.0,849360.337436738,70972.0341838206,25.694810035977,2.812652603024,8.438964914796,0.759016691014,14.010611461846,127.993055243633,381.626331059871,0.832177467894,0.567745214541,121.128433054606,82.9271923902,17.0728076098,179.12416379412,2.6710945364,55.930065104689,1041133529.1044,169575186.396625,1.148517818619,0.66773980754,1.895140509694,2.079640726485,1.437003783559,,,,,,,,,6112118156.64,,,,,,,,,0
000682.SZ,000682,东方电子,10005606,通用,2023-09-30 00:00:00,三季报,2023三季报,058001001,2023-10-28 00:00:00,2024-10-23 00:00:00,CNY,0.257,,0.257,3.27345857841,0.859524061053,1.360006818249,0.154272405568,4099606173.94,1342269664.57,344501314.68,325276304.27,17.060970022531,22.685337443848,38.034786511738,4.613967628904,5.953778235106,12.346449361375,8.03,,3.3994157953,8.2062812464,32.7414294842,0.001113494354,0.464295406908,0.050452939088,10.0693182386,1.593198177591,0.875352555856,0.039085667391,53.3833758619,2.145157480811,1.14515748081,651.787268747031,362.141752440027,81.303601956456,0.414245587397,0.745564404493,3.32088608011,,,,,,,,,,,,,,,,,,,,,,,,,22.731614135626,9.4965753537,-2.012209923803,26.483450812999,171.955930521019,12.9395218003,-4.282546225318,6.154740773609,2023,5.913520964068,-4.211868658845,,,,20.322769807622,24.762067293794,51.787653748783,15.670766001323,13.241588405221,19.490672456338,3.140878421725,3.05774863379,3.05774863379,0.248045679586,,,,12.935539415553,1.741081214976,5.539037161471,0.504236421666,20.872728328234,155.076051408505,444.548249728652,0.705402571722,0.458513002745,,82.4196310604,17.5803689396,184.199122952132,3.0871715151,45.076530303944,60887417.0420464,80997750.6781099,1.147783946617,0.459993900137,0.549586280588,0.614808797959,0.251905365605,,,,,,,,,5460799690.84,,,,,,,,,0
000682.SZ,000682,东方电子,10005606,通用,2023-06-30 00:00:00,中报,2023中报,058001001,2023-08-18 00:00:00,2024-08-23 00:00:00,CNY,0.1509,0.141,0.1509,3.169916863419,0.862858735716,1.253972623153,-0.042969011155,2517772104.99,823492251.91,202338405.65,188997962.2,15.100628754822,21.267101724766,29.569726075917,2.195496645336,4.287037949934,6.496108861409,4.76,4.45,2.1924567766,8.4390013699,32.7071799023,0.001627454888,0.448153154034,-0.022881226464,8.0765880115,1.610340800952,0.881386425098,-0.0115640973,52.4560242503,2.103315896981,1.103315896982,692.839312866256,383.673122583114,88.481803053998,0.259800500141,0.469149360237,2.034316591516,,,,,,,,,,,,,,,,,,,,,,,,,21.204819277108,9.1208323652,-1.628167762676,26.631189301923,86.556273584495,10.9557109557,0.316050031487,5.345866090287,2023,3.748159612603,0.999305098409,,,,10.007040210222,18.368854587948,25.222173248395,18.890892844107,63.465174922991,52.170081674857,2.562256481597,1.877915557637,1.877915557637,0.1512391932,,,,9.170257022219,1.072080551894,3.836505447233,0.317660484442,19.628675571892,167.897831634014,472.196018625907,0.719246812332,0.456637808892,-23.252848701034,81.7054078531,18.2945921469,187.392725411817,2.7123424978,44.439317357429,-3468464.91651204,135739278.641275,1.172556529139,0.300676324282,-0.24800501872,-0.271136660152,-0.088173803983,,,,,,,,,5150463880.66,,,,,,,,,0
000682.SZ,000682,东方电子,10005606,通用,2023-03-31 00:00:00,一季报,2023一季报,058001001,2023-04-28 00:00:00,2024-04-27 00:00:00,CNY,0.0573,,0.0573,3.151974694271,0.862858735716,1.235337240089,-0.095078213398,1150240684.88,356395564.79,76798918.76,74948606.49,21.805964422927,26.323088741287,36.796911496648,3.771227416705,3.65015686721,6.045763464507,1.83,,0.8227733354,6.8832607897,30.984433908,0.003562350536,0.510307235856,-0.110823699905,8.8774472495,1.628597022885,0.942791723658,-0.026174427234,52.058925616,2.085894012283,1.085894012284,752.933334631917,393.58430869766,102.181214328721,0.119532494924,0.228667652676,0.88078812325,,,,,,,,,,,,,,,,,,,,,,,,,26.490066225166,9.2137989728,-1.628167762676,27.203416013591,62.061783552391,15.8227848101,3.107545266852,8.351613213336,2023,1.32178884315,3.80405463718,,,,21.805964422927,26.323088741287,36.796911496648,-41.258531677826,-51.277968940413,-23.377033565896,-1.888999068603,0.857923111024,0.857923111024,0.054081899851,,,,4.08496385364,0.512276555151,1.749624576915,0.145958872852,22.032018697006,175.686353581946,495.708476652183,0.763759926627,0.463803743551,,81.921047038,18.078952962,188.723430581815,2.824891699,45.558403784387,-157385093.345598,-18822915.1228483,1.294838305859,0.153830318226,-1.455911094507,-1.610046506889,-0.194416578738,,,,,,,,,5040313227.03,,,,,,,,,0
000682.SZ,000682,东方电子,10005606,通用,2022-12-31 00:00:00,年报,2022年报,058001001,2023-04-19 00:00:00,2024-04-19 00:00:00,CNY,0.327,0.2487,0.327,3.094573985433,0.862858735716,1.178055691825,0.307708644016,5460252756.91,1754242622.79,438427400.58,333462872.28,21.729561337166,26.064453473761,25.962124653724,7.283972245051,8.015791952351,5.109615650022,11.01,8.38,5.6067581946,9.0465961805,32.127498504,0.000776851596,0.416732263099,0.075555712837,7.8884558158,1.620903334727,0.967013232191,0.085407636928,52.2958382636,2.096253164505,1.096253164503,580.865896463798,286.309619850761,79.028427952809,0.619764393454,1.257380035598,4.555322803776,,,,,,,,,,,,,,,,,,,,,,,,,25.769230769231,8.9473331769,-1.628167762676,27.24653378505,104.16043668989,16.1392405063,0.267686964217,9.433335381141,2022,10.048265552119,10.315868307651,,,,23.353616483038,26.009381859312,19.864588326449,48.94667836167,38.333059426259,8.946731977571,-2.858504808557,4.072605928278,4.072605928278,0.377990453831,6884.0,793180.237784718,63687.8850348635,20.434745547035,2.732300225955,8.236430579539,0.758973719961,17.617053227865,131.757116798602,365.333897530295,0.807866650847,0.517294575174,26.279047551846,81.8679085394,18.1320914606,187.809301462186,3.4172780498,49.870696599081,175634035.715996,202945463.321348,1.109929233074,0.633696441617,0.769306450021,0.835183878335,0.625869066355,,,,,,,,,5001426571.24,,,,,,,,,0
000682.SZ,000682,东方电子,10005606,通用,2022-09-30 00:00:00,三季报,2022三季报,058001001,2022-10-27 00:00:00,2023-10-28 00:00:00,CNY,0.2094,,0.2094,2.989553388164,0.877174656541,1.075244871568,-0.214398458127,3502111910.7,1111723614.58,280800723.1,235648065.6,20.840004860277,26.095388866359,28.679269604754,3.821606482502,6.71086766299,6.019606695217,7.11,,3.5515108909,8.6051798627,31.7443771909,0.001208264564,0.330732559334,-0.08207898845,10.4831434952,1.674595651477,0.938858027338,-0.066280824145,50.2882635979,2.011597406116,1.011597406117,654.200038885144,331.994054058601,89.70072490767,0.412717798764,0.813267577233,3.010009119524,,,,,,,,,,,,,,,,,,,,,,,,,26.068633353402,8.447893537,-1.921026757642,28.729248238399,31.156708103049,15.0485436893,-1.899844684606,17.156586983494,2022,6.173542464261,13.385346220765,,,,16.61843963915,28.868437764163,25.098565672113,5.753870418703,7.4387223777,-1.422274352701,1.135426900909,2.612099176354,2.612099176354,0.235375396514,,,,11.016254586109,1.76986018663,5.298215463073,0.506767865742,24.509237498964,152.55442324747,421.681815563761,0.742244510819,0.429758776707,,81.4700205517,18.5299794483,195.165763881035,3.2848879734,38.051470773756,-594930006.838793,103785604.898442,1.084439249225,0.426038648922,-0.854658899464,-0.953832340051,-0.438662414365,,,,,,,,,4482836392.7,,,,,,,,,0
000682.SZ,000682,东方电子,10005606,通用,2022-06-30 00:00:00,中报,2022中报,058001001,2022-08-20 00:00:00,2023-08-18 00:00:00,CNY,0.1245,0.1088,0.1245,2.904960303832,0.877140047198,0.990255741943,-0.319621285252,2187452955.06,697580374.92,166853501.71,145865834.5,23.527478646161,24.269211646491,30.986978476717,4.878776679451,5.770073142495,9.175428130384,4.29,3.75,2.1855493472,8.2990577635,31.8900744039,0.001980146686,0.279060262246,-0.195901305287,9.4117201904,1.687134753534,0.954331860927,-0.10395058181,49.7940984275,1.99179771437,0.99179771437,683.503394383735,345.691862703578,94.500413412596,0.263349094502,0.520694929271,1.904753571967,,,,,,,,,,,,,,,,,,,,,,,,,24.375624375624,7.9472221532,-1.92489793902,28.658997581034,-5.385357436373,13.1926121372,2.120168548809,17.598379274398,2022,3.711074654376,18.528654326631,,,,22.465140233939,24.323817065288,38.145756665165,31.642664290442,74.449823560339,66.235712536477,1.625043594957,1.631542397251,1.631542397251,0.13749983279,,,,7.377067414302,1.097738731507,3.31476810229,0.323733102269,24.399939690268,163.973443619769,440.18660629284,0.763824545471,0.440477116434,-133.998940056462,81.2894926791,18.7105073209,196.795594989096,3.1235710735,38.018103312345,-584800299.042666,146378490.367235,1.073844640314,0.274546360016,-2.151626267608,-2.360524662791,-0.656126831114,,,,,,,,,4260321351.56,,,,,,,,,0
000682.SZ,000682,东方电子,10005606,通用,2022-03-31 00:00:00,一季报,2022一季报,058001001,2022-04-29 00:00:00,2023-04-28 00:00:00,CNY,0.0453,,0.0453,2.886059018106,0.877140047198,0.971150994842,-0.250613292613,944322135.89,298226361.26,60795630.89,54788229.99,24.954395282203,24.174067330579,20.598155380947,4.204351265493,3.403189613014,3.53482099493,1.58,,0.7979758739,6.8781730112,31.5809986789,0.00497146639,0.31880097223,-0.355815030645,7.1089950187,1.747345196658,1.022039037364,-0.088346218746,48.0462856732,1.924790196346,0.924790196347,775.757251915857,375.612649881606,105.358008739525,0.116015673431,0.239608543611,0.854230267606,,,,,,,,,,,,,,,,,,,,,,,,,24.109589041096,9.7886096258,-1.92489793902,37.24341718327,-279.440786532739,12.8571428571,25.095602721381,10.602384006583,2022,1.2733499166,51.972140202519,,,,24.954395282203,24.174067330579,20.598155380947,-40.512169585514,-51.398963737164,-32.861201122949,7.355552818467,0.704335879683,0.704335879683,0.045567531139,,,,3.206604900102,0.517715475729,1.429863584316,0.143030184484,28.06706869223,173.84066001363,480.987785386477,0.832047787737,0.494762030214,,80.8221233648,19.1778766352,203.569570058929,2.2771733536,43.868457809834,-523401703.89445,13912527.6930491,1.162311917888,0.133486674193,-4.864077703349,-5.173103817871,-0.513652510458,,,,,,,,,3950615537.22,,,,,,,,,0
000682.SZ,000682,东方电子,10005606,通用,2021-12-31 00:00:00,年报,2021年报,058001001,2022-04-23 00:00:00,2023-04-19 00:00:00,CNY,0.26,0.1975,0.26,2.840431147047,0.877140047198,0.925805722783,0.150719036952,4485560201.59,1483504329.25,347780352.43,264732651.34,19.383555532037,23.119751193212,14.494893167477,9.137378224735,12.698990665275,0.982521076419,9.48,7.22,5.5917897025,9.3504182689,33.0728886154,0.000913584011,0.390266562045,0.045049687047,7.7381405999,1.772125123013,1.146182964587,0.054597385038,47.7878500929,1.91526302169,0.91526302169,601.980896257192,266.983109896733,88.460564539423,0.598025622139,1.34839990492,4.069610021984,,,,,,,,,,,,,,,,,,,,,,,,,23.398196487898,8.9951498448,-2.753645621641,36.716056834298,-37.161920925956,13.3971291866,13.584985302032,6.788202003336,2021,9.108631157302,24.71995356139,,,,24.541321265683,34.629232074244,3.259255928485,40.814105943629,41.471730091514,13.703972919339,-3.675998469861,3.345617846266,3.345617846266,0.308162706564,5792.0,774440.64253971,60044.9503504834,18.760858871988,2.75612284818,7.126132093683,0.726704535976,19.188886951094,130.618270603477,355.443873457374,0.967995857138,0.605946608515,23.933695409668,81.4092982568,18.5907017432,204.61713355862,1.8526817718,58.498987591249,225734496.743897,233609673.111042,1.057089542292,0.588533880518,0.448341547563,0.481793281875,0.303090047223,,,,,,,,,3850121985.06,,,,,,,,,0
000682.SZ,000682,东方电子,10005606,通用,2021-09-30 00:00:00,三季报,2021三季报,058001001,2021-10-29 00:00:00,2022-10-27 00:00:00,CNY,0.1661,,0.1661,2.756672620059,0.894355464319,0.83527627659,-0.31142970102,2898139498.38,909667721.86,222689128.94,183128227.51,16.735519333197,17.478163543428,20.974128696143,4.807577453078,4.103984395652,3.168755167345,6.18,,3.6202907931,8.7602130333,31.3879895143,0.001945194054,0.310306292445,-0.144072502781,9.5701483903,1.974416393689,1.193407682954,-0.143725260367,42.9239745649,1.752049117606,0.752049117606,653.333572950374,300.052485718896,100.123378109966,0.413265154553,0.899842570386,2.696672895949,,,,,,,,,,,,,,,,,,,,,,,,,17.468175388968,8.7343942753,0.016299379303,34.154262377402,-65.679194883938,8.9947089947,11.127487227474,6.250392604874,2021,5.444744554769,21.203700166517,,,,21.436033586527,16.66856334838,12.637026908653,11.055872563403,3.649833103882,8.858917979688,-1.728515048065,2.161617900772,2.161617900772,0.18377967083,,,,13.153751327791,1.86874123842,4.607702953945,0.503062138238,20.526463764717,144.482282752149,403.485782915365,1.01133578882,0.575117510201,,81.0045306129,18.9954693871,227.405378174408,1.1114750091,52.191330851048,-435258863.989449,107180462.989209,1.008879874718,0.412916296675,-1.491852319676,-1.644623278378,-0.627166943785,,,,,,,,,3039461522.22,,,,,,,,,0
000682.SZ,000682,东方电子,10005606,通用,2021-06-30 00:00:00,中报,2021中报,058001001,2021-08-27 00:00:00,2022-08-20 00:00:00,CNY,0.1001,0.083,0.1001,2.691093152642,0.894355477349,0.769674690897,-0.303288135114,1770822961.04,555686610.17,134267771.96,111359034.46,13.928149826507,18.017486003125,27.034045479952,1.682742981448,3.230940964947,6.827160952418,3.79,3.14,2.1401740501,8.321680643,31.3801335535,0.003226655191,0.286468004538,-0.229625774341,10.1950077161,2.014458899122,1.256646714377,-0.147610790727,42.3425039824,1.734379862238,0.734379862238,699.897522665044,314.353045630273,103.116980312033,0.25718050739,0.572604600153,1.745590294201,,,,,,,,,,,,,,,,,,,,,,,,,17.903415783274,8.5719937118,0.017759852776,35.961910753429,-186.31199556701,10.4956268222,11.115482410779,2.355258438737,2021,3.130951477901,21.14463245347,,,,7.578503146684,15.387735584907,24.743214592262,34.318463836548,74.239696366574,45.120058511299,-1.153941326858,1.320793085986,1.320793085986,0.10524290107,,,,6.957477665323,1.202457660416,2.998938809422,0.312443727768,25.871444891178,149.693420338582,420.654216295276,1.038123987763,0.633402093944,-167.17033317585,81.289963102,18.710036898,230.134934286751,0.9534570874,56.730984367741,-373244713.386219,108769470.766897,1.046430450022,0.27144781927,-2.490369927283,-2.759367779096,-0.690635633102,,,,,,,,,2890518100.26,,,,,,,,,0
000682.SZ,000682,东方电子,10005606,通用,2021-03-31 00:00:00,一季报,2021一季报,058001001,2021-04-29 00:00:00,2022-04-29 00:00:00,CNY,0.0365,,0.0365,2.628741750117,0.894355477349,0.707612076975,-0.066048063758,755733428.79,222315621.22,48960006.06,45430404.65,23.738012189248,22.897780472032,30.512247574483,3.709535082835,3.238007291494,3.237230580217,1.4,,0.6378928248,5.800868944,29.417200927,0.008416322155,0.583622442197,-0.11717415092,15.78534881,2.001907268375,1.339169179539,-0.031353098495,43.4405515801,1.768051188505,0.768051188505,818.441883499457,339.680751018528,117.75021847344,0.109965046773,0.264954666198,0.764329792053,,,,,,,,,,,,,,,,,,,,,,,,,22.895622895623,6.7957892922,0.017868307245,28.902112215708,-86.329178110243,15.7024793388,3.983515172129,3.682055704683,2021,0.837883782451,14.079153558909,,,,23.738012189248,22.897780472032,30.512247574483,-40.708824348941,-47.306870663592,-42.514026072145,-13.790346306662,0.563674353425,0.563674353425,0.030699525873,,,,3.422414845304,0.560570225682,1.282286063222,0.13211959917,26.297221134222,160.55080322988,461.846758919253,1.138001604942,0.75173176519,,83.1432253089,16.8567746911,224.180659970768,1.0778712907,64.991427297,-260671133.515185,-44006094.7100956,1.353493596555,0.150413829496,-1.714237043177,-2.019941357942,-0.150975918134,,,,,,,,,2954149032.63,,,,,,,,,0
000682.SZ,000682,东方电子,10005606,通用,2020-12-31 00:00:00,年报,2020年报,058001001,2021-04-23 00:00:00,2022-04-23 00:00:00,CNY,0.2107,0.17,0.2107,2.606016094379,0.901977305787,0.677174096606,0.239853030476,3757268060.58,1290059653.79,282473241.75,231217868.34,9.906137493868,14.322109739667,2.024959538284,-0.787873710205,7.50383431951,7.892476633263,8.36,6.86,4.9230007713,8.6514350307,34.3350443192,0.001189843024,0.451329084342,0.085588100313,8.2025682303,1.943957854926,1.355587716376,0.108041682894,44.750121452,1.80995872983,0.809958729831,632.645972596435,244.516862247089,112.502313743643,0.569038633918,1.472291099647,3.199934188201,,,,,,,,,,,,,,,,,,,,,,,,,14.324470971243,7.1759383928,0.87023523771,30.416565253071,-36.741058271802,5.6890012642,-0.616982864221,3.612526450775,2020,7.303266957054,3.168776509283,,,,0.718569449765,34.327858910925,27.108628120128,37.303075999557,22.5982147405,24.030309362352,-1.469786629315,2.802410961339,2.802410961339,0.229160593533,5665.0,663242.376095322,49862.8846866726,18.597477374974,2.577659934409,6.332049105706,0.678949470985,19.357464065769,139.661557055834,360.874057840133,1.185352592483,0.779516912308,73.896650039824,83.3178270953,16.6821729047,217.682702528915,1.5379000648,69.964536178946,189660490.478682,68011030.1445034,1.107592567858,0.59925142596,0.909843494763,0.989293683752,0.543026386833,,,,,,,,,3107687606.3,,,,,,,,,0
000682.SZ,000682,东方电子,10005606,通用,2020-09-30 00:00:00,三季报,2020三季报,058001001,2020-10-30 00:00:00,2021-10-29 00:00:00,CNY,0.1414,,0.1414,2.53523518334,0.894209713686,0.622623733147,-0.187971520044,2482654392.54,792961763.82,189557890.78,151378009.07,15.306293899129,6.544179223334,-7.95149190532,4.731694303,-0.52145244623,-3.476213139632,5.67,,3.2577815655,8.1792153165,31.9400785789,,0.322380519578,-0.1015117103,9.7709025318,2.142084604019,1.501178033457,-0.104462978771,40.3988856065,1.677820977302,0.677820977302,677.88097237771,239.047842878503,142.842336816853,0.398300012837,1.12948101413,1.890195904217,,,,,,,,,,,,,,,,,,,,,,,,,6.556141672946,6.2562308529,0.001864015615,31.690726717179,7.211062297811,-0.8741258741,-9.20110747071,8.777149945088,2020,4.492226348939,-1.485876962563,,,,22.311409568159,-1.758017831058,-10.770315663482,-1.617137984773,2.511929455215,20.55903585625,-7.491846745488,1.851722520377,1.851722520377,0.141861996333,,,,11.011578460285,1.79167165122,4.047403511341,0.475164491072,24.519645478057,150.697255167346,381.885851999894,1.341346731909,0.731661344688,,83.2830405141,16.7169594859,240.78759698486,1.86620138,62.758759473226,-484093301.415771,-1801543.89190017,1.021496728812,0.408698640616,-1.134383682178,-1.241093508019,-0.398613838145,,,,,,,,,2506798571.29,,,,,,,,,0
000682.SZ,000682,东方电子,10005606,通用,2020-06-30 00:00:00,中报,2020中报,058001001,2020-08-28 00:00:00,2021-08-27 00:00:00,CNY,0.0849,0.0654,0.0849,2.478625528224,0.894196669337,0.566095818036,-0.105929244953,1554333115.86,493445883.6,113769388.34,87660779.47,11.492576605373,12.899939874172,-5.788198473477,4.12136559825,4.929148207638,-2.013337457211,3.43,2.64,1.9260808698,7.6992158585,31.7464691812,,0.352466334546,-0.091371790314,8.7210350788,2.086427850929,1.485561399606,-0.057827874415,41.3681765141,1.70555841614,0.705558416139,719.522672325867,246.868554819751,148.906327190541,0.250165848726,0.729132959568,1.208813644095,,,,,,,,,,,,,,,,,,,,,,,,,12.898936170213,6.4110776661,-0.037038260383,36.325547848715,-15.532558434752,4.5731707317,-9.390142015842,16.297069994063,2020,2.584473958517,0.570002078021,,,,17.664892530909,19.797444872034,-7.920036633526,54.494617691287,85.580138521877,51.831464872518,-5.31350539085,1.159321105449,1.159321105449,0.079999873516,,,,7.715017896642,1.181327020579,2.520732055132,0.298737626854,23.331118917862,152.371017393454,395.787722658534,1.347007245058,0.781301410657,-60.249517948748,83.1130325494,16.8869674506,235.382307952634,2.0404567476,69.244046648793,-255945548.64311,54250307.8618188,1.090966629551,0.275044090797,-1.108087457731,-1.186767483769,-0.222365544793,,,,,,,,,2550466512.75,,,,,,,,,0
000682.SZ,000682,东方电子,10005606,通用,2020-03-31 00:00:00,一季报,2020一季报,058001001,2020-04-29 00:00:00,2021-04-29 00:00:00,CNY,0.0297,,0.0297,2.461465725886,0.894195699714,0.548953050351,-0.035446978529,610752844.19,208406348.53,39837990.46,34809303.72,3.134282475229,2.001087608684,-2.355803050699,0.542938133719,0.316309066046,-0.370572268722,1.21,,0.613455723,6.2504796422,34.1228617292,,0.579395250626,-0.077813344436,13.5867192518,2.091766064601,1.512892416346,-0.01905852261,41.8978494252,1.721106689007,0.721106689008,917.006960217027,319.329102127494,183.678658526524,0.098145383737,0.281840895178,0.489986156922,,,,,,,,,,,,,,,,,,,,,,,,,2.061855670103,7.780266554,-0.037146655314,48.677946430123,-11.384610211394,-5.46875,-22.830573618765,19.97452902834,2020,0.734475805887,-27.288781892161,,,,3.134282475229,2.001087608684,-2.355803050699,-51.738982331185,-42.406158875368,-44.013198623761,-4.269049584147,0.455538555576,0.455538555576,0.024672278262,,,,2.694423118975,0.45590586925,1.032816257782,0.11635689679,33.402326221966,197.409171652159,503.04891296476,1.37242722721,0.839541598019,,84.3376800086,15.6623199914,233.464144257795,1.6944918,73.928576254999,-164534683.22059,-25251207.9906599,1.401382698848,0.138388639084,-1.074663697384,-1.244917972547,-0.080804758009,,,,,,,,,2591275224.61,,,,,,,,,0
000682.SZ,000682,东方电子,10005606,通用,2019-12-31 00:00:00,年报,2019年报,058001001,2020-04-15 00:00:00,2021-04-23 00:00:00,CNY,0.1843,0.17,0.1843,2.43153093265,0.894195699714,0.519239327682,0.379160675034,3418615326.0,1191292545.84,247085399.66,226628728.29,12.367450818458,44.409083936684,62.551118315415,1.955718260358,-4.26115044365,-1.59930983398,7.91,7.23,4.9535634087,8.2706927392,34.8472241606,0.263254127996,0.52380635326,0.148700836021,10.1216211846,2.027560515061,1.488349095605,0.195142223287,43.1898757659,1.760249627125,0.760249627126,601.072226286275,190.980901568283,132.352435785775,0.598929686411,1.885005238973,2.72001038638,,,,,,,,,,,,,,,,,,,,,,,,,31.642857142857,7.8600301609,-0.037146655314,52.67608007466,91.134035923559,23.0171073095,10.351586492206,18.829996244717,2019,7.078950826171,18.305930082544,,,,5.464921774796,-13.717830274446,-5.592989333235,66.739190749984,-10.336606835466,-12.931281564113,7.658335112856,2.549822080223,2.549822080223,0.210874688153,5087.0,672029.747591901,48571.928378219,22.271696168146,2.701875945906,5.805002747607,0.719980625292,16.164013610912,133.240758349949,323.334373537214,1.35267897561,0.828407502963,105.421043234933,84.3593360072,15.6406639928,226.465994519284,1.8814480068,76.698781781185,434967799.508601,-1459600.47787522,1.129280419952,0.616593531361,1.615877363221,1.797924801575,0.855015877059,,,,,,,,,2704176435.76,,,,,,,,,0
000682.SZ,000682,东方电子,10005606,通用,2019-09-30 00:00:00,三季报,2019三季报,058001001,2019-10-30 00:00:00,2020-10-30 00:00:00,CNY,0.1327,,0.1327,2.385963781126,0.894193045788,0.472792389159,-0.202579665959,2153095298.26,743394291.15,177914825.72,164454603.56,16.863002750612,95.654542780037,123.557825399615,4.037831102741,14.017931829923,17.116171035721,5.72,,3.5879089213,8.900266916,34.5267713766,0.282285962884,0.332328486198,-0.126145846605,9.7232797809,2.326834272978,1.662818450764,-0.138845563618,37.1391286009,1.590814727418,0.590814727417,669.769528711956,216.18567269088,169.485974190993,0.403123743953,1.248926428099,1.59305217608,,,,,,,,,,,,,,,,,,,,,,,,,66.290726817043,8.5247430926,-0.43770760732,64.967043362467,-34.877190953096,22.7467811159,35.998497502464,9.203456921379,2019,4.559982072044,38.306682162945,,,,20.694311064754,69.867102662224,89.167102101833,-5.35462777531,25.004269524189,24.410073706803,2.54087509716,1.605916258134,1.605916258134,0.135075988762,,,,15.178955847442,1.842358908958,3.65034265769,0.491225722454,17.787784793214,146.551249426588,385.671133739993,1.568377241259,0.731494820079,,82.3465443407,17.6534556593,262.896753130276,2.7090595172,71.36026159738,-236260951.387968,-35720199.6739024,1.016896935351,0.396110100907,-1.279464627471,-1.417326556564,-0.455404268072,,,,,,,,,2052844169.58,,,,,,,,,0
000682.SZ,000682,东方电子,10005606,通用,2019-06-30 00:00:00,中报,2019中报,058001001,2019-08-28 00:00:00,2020-08-29 00:00:00,CNY,0.0752,0.0695,0.0752,2.32929276029,0.894527986942,0.415252919918,-0.091687786013,1394113548.35,467418114.7,100770105.34,93046495.29,14.87768887846,121.383266336248,159.80660555591,1.68792906961,11.75031437712,12.684363630262,3.28,3.03,2.1256857837,7.9381901862,33.5279802175,0.382910069766,0.417685581479,-0.088176670448,10.6289735892,2.42100815513,1.786792798287,-0.069328745368,35.5711253226,1.552099124821,0.552099124821,672.194472236807,202.307310797534,165.319155937631,0.267779649245,0.88973551816,1.088803042691,,,,,,,,,,,,,,,,,,,,,,,,,71.689497716895,7.6140321778,-0.400414195941,64.310278446705,-7.690260792055,40.7725321888,34.754392781119,2.55028118168,2019,2.5698258975,34.249780059657,,,,7.14799510513,62.776428819482,62.778289692808,35.415850889338,58.011516756654,61.006378772203,4.510776844972,1.039819098945,1.039819098945,0.075922871113,,,,11.250221987052,1.20426591413,2.385223627491,0.327745281348,15.999684291312,149.468649646235,367.635005137166,1.689952788147,0.864499322366,-47.005501953298,81.6455155586,18.3544844414,274.007537415231,1.8410811776,82.333505423901,-55064756.2434891,19699864.5418528,1.067273126225,0.282990139069,-0.988956576571,-1.110790600621,-0.209885237799,,,,,,,,,1870251552.79,,,,,,,,,0
000682.SZ,000682,东方电子,10005606,通用,2019-03-31 00:00:00,一季报,2019一季报,058001001,2019-04-30 00:00:00,2020-04-29 00:00:00,CNY,0.0291,,0.0291,2.283781442175,0.894527986942,0.369222916735,-0.03182394629,592191877.94,211084100.6,39056436.94,35649126.94,27.315025981805,413.546068990303,6350.20939538979,4.176136590017,18.381651919723,25.173182878022,1.28,,0.7949465893,6.8842207735,35.6445450306,0.88800345854,0.63191105547,-0.07204966135,8.9841612311,2.472884955286,1.840719940143,-0.025330472647,34.9222870592,1.536624375398,0.536624375399,779.39811044987,238.913468046892,178.134712938028,0.115473721059,0.376705427014,0.505235608016,,,,,,,,,,,,,,,,,,,,,,,,,273.076923076923,27.5679057075,92.827587829946,20.017942390276,30.165045865302,190.9090909091,36.882122933302,4.777443305096,2019,1.010127219706,33.170434922945,,,,27.315025981805,413.546068990303,6350.20939538979,-50.648374807512,-51.281680503973,-45.86932229604,1.102733745306,0.44169459916,0.44169459916,0.028802529746,,,,4.889492513196,0.536099991022,1.010976041363,0.14133557281,18.40681824486,167.87912983999,417.064178416515,1.766379812403,0.986077717703,,81.6401726423,18.3598273577,278.75459204362,2.2598427097,92.789754867527,-1242263.97612086,-17818298.3538126,1.399464230788,0.162432584441,-0.952262785829,-1.046591382251,-0.072531287078,,,,,,,,,1781778740.88,,,,,,,,,0
000682.SZ,000682,东方电子,10005606,通用,2018-12-31 00:00:00,年报,2018年报,058001001,2019-04-02 00:00:00,2020-04-15 00:00:00,CNY,0.14,0.1115,0.14,2.254339192214,0.894527986942,0.340092126696,0.198374231571,3042353725.3,984759629.9,171101008.97,139419974.86,12.327729353485,169.375481015517,160.03378506814,6.964650351735,43.093627785136,42.181270866468,6.43,5.24,4.4888918829,7.3371160711,32.3683476287,0.14444514756,0.408143649449,0.087421027854,11.6235222997,2.371428334547,1.832081441142,0.149652390079,36.345937163,1.570991631062,0.570991631062,588.421787500777,155.479058062342,142.690689436643,0.611806033779,2.3154243696,2.522939663557,,,,,,,,,,,,,,,,,,,,,,,,,115.716486902928,26.5365026621,92.827587829946,13.415177774789,1.081641238283,70.5570291777,-1.202391238444,6.314705067237,2018,5.983597627973,-7.917312799623,,,,19.772679508805,179.919417828647,168.856073772694,90.816732392184,76.523850294557,74.463072539968,2.125039938572,2.269182100022,2.269182100022,0.170141479577,4564.0,666598.099320771,37489.2657690622,28.595459254833,3.058910578829,5.175699661479,0.753615449513,12.589411374436,117.6889584454,298.173627216572,1.686441740877,0.880731276269,34.042826077733,81.7628195747,18.2371804253,267.818858257916,2.5666328076,88.073127626851,59542920.0399096,39050193.7865237,1.019371082626,0.601652759955,1.048087565225,1.191490321346,0.455994230394,,,,,,,,,1873492566.74,,,,,,,,,0
000682.SZ,000682,东方电子,10005606,通用,2018-09-30 00:00:00,三季报,2018三季报,058001001,2018-10-31 00:00:00,2019-10-30 00:00:00,CNY,0.0798,,0.0798,2.198543588434,0.898124203751,0.286598086213,-0.150195644295,1842409699.89,620361962.29,90933143.28,73562445.54,7.957235052383,160.717472210751,152.612725570599,-1.830412944268,44.340730695267,45.331550122854,4.66,,2.6381974707,6.8924959469,33.6712275411,0.220372479299,0.326824758557,-0.109297816144,13.3470036229,2.516414681882,1.837540013216,-0.129712482872,34.0091144071,1.515360782047,0.515360782047,705.395985833573,206.874266987141,176.85247854374,0.382763731893,1.30514057612,1.526696160683,,,,,,,,,,,,,,,,,,,,,,,,,123.529411764706,25.4664027762,93.602800928603,4.735745998029,-8.118760145492,121.9047619048,-0.734402810276,2.193448754683,2018,3.29700778063,-18.019943869481,,,,-7.777398980236,423.054073640204,427.021222449921,-15.977300086551,19.786281519126,7.054867329139,2.271499669373,1.374187056926,1.374187056926,0.094303928316,,,,11.427748753644,,3.13394388781,0.474477508855,23.626700745753,,383.732732595416,1.48700858375,0.558860806073,,80.7813865104,19.2186134896,286.101660155573,1.2820496918,55.88608060732,-568948902.134884,18666343.4588037,1.022611744989,0.389592113554,-1.373139543562,-1.585750894682,-0.345161125855,,,,,,,,,1644682812.83,,,,,,,,,0
000682.SZ,000682,东方电子,10005606,通用,2018-06-30 00:00:00,中报,2018中报,058001001,2018-08-23 00:00:00,2019-08-28 00:00:00,CNY,0.0438,0.0345,0.0438,2.1644879512,0.898124203751,0.252724859238,-0.085140276696,1213563366.36,389321845.73,45518393.06,35813752.73,18.42740067761,73.764642673615,63.101235322685,5.347966914644,31.980490595238,41.84415927159,2.33,1.84,1.5774519404,6.2416276084,32.0808831679,0.389682232761,0.364603548455,-0.094061728884,14.1050259328,2.453006823185,1.835300175992,-0.072199041138,34.6865214924,1.531077539965,0.531077539966,712.220094150668,196.039319492107,173.730692793544,0.252730864347,0.918183150535,1.036086353572,,,,,,,,,,,,,,,,,,,,,,,,,63.432835820896,24.1755352407,93.602800928603,-4.546682861371,2.718353583926,41.2121212121,-6.48385433421,6.777977321072,2018,1.914212370671,-24.175755552223,,,,24.458630578696,112.519447978817,129.611973431597,60.903361349959,398.513168485627,6279.99612254214,-4.458850716977,0.90515321913,0.90515321913,0.055617571341,,,,9.10608593433,1.253465010672,2.051262028295,0.313672382282,19.766999927093,143.601934212347,369.764126659061,1.634708500185,0.765528068447,-49.956719378411,80.5844276909,19.4155723091,280.433017074354,2.4546701774,76.552806844747,-234599618.96529,65221345.579077,1.018699103754,0.256871999695,-1.295152111154,-1.507006421811,-0.193189032712,,,,,,,,,1669369077.6,,,,,,,,,0
000682.SZ,000682,东方电子,10005606,通用,2018-03-31 00:00:00,一季报,2018一季报,058001001,2018-04-27 00:00:00,2019-04-30 00:00:00,CNY,0.0078,,0.0078,1.790247656343,0.463900418508,0.307639765673,-0.045570225805,465139030.82,163988336.57,7605245.04,552681.7,9.861162008256,-8.980046061363,-91.627533494618,1.541501538038,-1.181301231993,-11.281125730751,0.44,,0.5807526741,5.9701639166,35.2557677821,1.180192530763,0.611105620074,-0.095831815256,13.1725233516,2.557630109661,1.954355372987,-0.029658194487,33.3299667921,1.499924256647,0.499924256648,925.204095416447,257.828870776671,214.793542275142,0.097275833998,0.349068743655,0.419007010391,,,,,,,,,,,,,,,,,,,,,,,,,-8.235294117647,2.3858170846,-4.840495172498,24.790659896562,32.475734673116,-16.9811320755,-9.855261746162,7.792867188275,2018,0.758522130149,-7.344230823212,,,,9.861162008256,-8.980046061363,-91.627533494618,-53.572044290646,-73.445023816986,-97.743738135301,10.609958096938,0.475522932367,0.475522932367,0.029509481432,,,,2.797342483116,0.476943687642,0.788167694785,0.120760702646,32.173393334291,188.701522489915,472.602922345834,1.804924161548,0.970009794509,,80.5463720975,19.4536279025,291.886167066805,1.8519706986,97.000979450881,-44995394.683194,-24794937.221564,1.373143094623,0.133831713794,-1.397626551119,-1.605178963175,-0.075815724479,,,,,,,,,1590649240.41,,,,,,,,,0
000682.SZ,000682,东方电子,10005606,通用,2017-12-31 00:00:00,年报,2017年报,058001001,2018-04-12 00:00:00,2019-04-02 00:00:00,CNY,0.0649,0.0548,0.0649,1.781572229979,0.463900418508,0.29986473889,0.196251494476,2708461875.63,858442117.45,63517662.53,53616100.24,14.196918233747,6.348736504079,20.233477081198,6.881558820355,-2.788024294188,-4.546055740907,3.77,3.18,4.543522803,6.8759616709,31.6948200443,0.173778169375,0.395428509896,0.070876385814,14.1331953053,2.491355138291,1.962834705172,0.123917572441,34.187121283,1.519459442429,0.519459442429,544.80769853714,161.164448077093,145.418568667106,0.660783614047,2.23374326221,2.475612318975,,,,,,,,,,,,,,,,,,,,,,,,,6.219312602291,10.9389419234,31.366316113318,26.002820848493,418.995801168201,-2.8350515464,2.333982584159,-15.664651474884,2017,6.498070169208,-10.20784166455,,,,21.074438689827,-5.980298532602,-9.440294052854,46.925120582326,229.850353746243,241.988709692009,5.031051049833,2.768926381073,2.768926381073,0.206905569382,4134.0,655167.362271408,15364.6982414127,26.096188541457,3.343491078279,5.070988739836,0.846380374562,13.795117989284,107.671888924347,306.586861796292,1.863264297953,0.950527075359,65.355554107265,80.5587183689,19.4412816311,284.458872233305,1.6048021039,95.052707535921,67707979.2679507,-924830020.195781,1.000502924284,0.565622405131,0.887758615468,1.030785062602,0.324067362311,,,,,,,,,1637860909.01,,,,,,,,,0
000682.SZ,000682,东方电子,10005606,通用,2017-09-30 00:00:00,三季报,2017三季报,058001001,2017-10-30 00:00:00,2018-10-31 00:00:00,CNY,0.0357,,0.0357,1.752296662522,0.463900418508,0.27363922745,-0.138917283266,1706610676.9,561873802.69,34878039.63,29120641.24,10.511755521074,19.181967051189,65.982916693923,5.47017038583,3.252351729625,4.345422930798,2.1,,2.6577158103,6.2387574824,32.9233732271,0.290357045551,0.362306050301,-0.079622010737,14.4044679484,2.558276156538,1.885462042652,-0.094771676562,33.2791532349,1.498781937706,0.498781937705,633.801595228004,212.553991664565,168.985774288224,0.426000821129,1.270265488244,1.597767629478,,,,,,,,,,,,,,,,,,,,,,,,,19.397993311037,11.2731855811,31.375538098027,30.601561611142,19.140383197469,9.375,10.14060449681,-21.222486513833,2017,4.021719350108,3.472904916401,,,,23.876653178933,31.068499506352,48.495173422143,13.392487883871,-51.330243455114,-53.35846393693,6.993800175404,1.744709559329,1.744709559329,0.125431426982,,,,14.120376834538,2.136884066047,3.191343419208,0.549748023102,19.121302721864,126.352198647571,381.530567688881,1.73308665513,0.84098963206,,79.6471968179,20.3528031821,291.563388756121,1.7780054435,84.098963205981,-219343602.747125,-948198359.736643,0.998301231183,0.369938985895,-1.097924328318,-1.276247890097,-0.228887358861,,,,,,,,,1532633206.18,,,,,,,,,0
000682.SZ,000682,东方电子,10005606,通用,2017-06-30 00:00:00,中报,2017中报,058001001,2017-08-17 00:00:00,2018-08-23 00:00:00,CNY,0.0268,0.0224,0.0268,1.743087273193,0.463900418508,0.264762783331,-0.087519362421,1024731911.21,344085296.95,26195428.69,21957989.87,3.109377740706,15.703964285056,72.613907848885,1.507715198357,1.500539136225,13.238666315112,1.65,1.39,1.6868230926,6.5009379528,33.5780796114,0.505653535468,0.436923869377,-0.083542064255,10.1697118097,2.592691725648,1.91137782212,-0.062471574386,32.4847148847,1.48114608165,0.481146081649,693.711650407126,234.216471026231,174.447806205268,0.259473802832,0.768519819342,1.031827249167,,,,,,,,,,,,,,,,,,,,,,,,,16.017316017316,11.1637990863,31.375538098027,30.585964672434,40.493704501352,10.7382550336,-5.015233217252,-21.153289251035,2017,2.524538667825,-13.341095717695,,,,6.308956503297,5.534213025564,69.435311250188,42.031373531493,113.508203907478,132.637275147862,9.763550532891,1.047608330029,1.047608330029,0.074300758955,,,,10.110207520103,1.34705255725,1.916008698239,0.336333380519,17.80378885815,133.625075748692,408.6749246442,1.739428956482,0.89748367872,-69.772093221172,79.0997017626,20.9002982374,298.434496107121,1.6003802677,89.748367872038,-139730417.845603,-891679847.600491,1.094848488299,0.249778605321,-1.172631439758,-1.285077089821,-0.144170443734,,,,,,,,,1459110245.2,,,,,,,,,0
000682.SZ,000682,东方电子,10005606,通用,2017-03-31 00:00:00,一季报,2017一季报,058001001,2017-04-29 00:00:00,2018-04-27 00:00:00,CNY,0.0085,,0.0085,1.748530907228,0.487497722218,0.246524672542,-0.067487184917,423388049.35,134950514.46,8355579.97,6601181.38,-1.117565231781,45.676294429583,80.491007906716,-0.201754849841,4.38648254106,6.601515477894,0.53,,0.6442446729,5.8861515549,31.8739545595,1.213671782231,0.5493759393,-0.155917202957,8.5166945274,2.763750586127,2.06958222031,-0.052809447386,30.9203824534,1.447605003495,0.447605003496,822.286411116864,266.065941919525,207.772732276011,0.109450914892,0.338262008849,0.433165598845,,,,,,,,,,,,,,,,,,,,,,,,,44.06779661017,12.6387674388,37.446788237754,32.920258150696,38.766357797752,39.4736842105,-2.166150959468,-25.800825168684,2017,0.81864533303,-28.293255962536,,,,-1.117565231781,45.676294429583,80.491007906716,-48.833249400696,-72.569850618865,-75.595434048549,4.445825423338,0.432839889616,0.432839889616,0.02372361249,,,,3.663597879172,0.645976059489,0.893993861894,0.141237233399,24.566014876158,139.324048744461,473.792295353254,1.933099001699,1.043923939336,,79.7919969412,20.2080030588,313.249057061812,1.2860223522,104.392393933577,-111428128.482508,-958140217.309489,1.344879180705,0.131510777329,-2.446424760345,-2.648881896823,-0.140058071033,,,,,,,,,1338768170.01,,,,,,,,,0
000682.SZ,000682,东方电子,10005606,通用,2016-12-31 00:00:00,年报,2016年报,058001001,2017-04-07 00:00:00,2018-04-12 00:00:00,CNY,0.0611,0.0456,0.0611,1.605903390722,0.35313498333,0.237982560129,-0.061521654441,2371746906.59,715713026.23,59725827.14,44593320.88,13.847991799461,18.952911841911,23.625730662579,5.255382563648,10.043971902755,15.564625504352,3.88,2.89,4.4398963944,6.2480438536,30.1766189403,0.195013264309,0.313787676329,-0.02537295101,12.584829735,1.963444467599,1.316075844686,-0.04650660162,40.5371198209,1.681721431905,0.681721431905,506.609971825985,173.176743127446,129.142798710412,0.710605830956,2.07880107628,2.787611880762,,,,,,,,,,,,,,,,,,,,,,,,,19.103313840156,3.8436737073,-0.435835342845,32.503796197655,-136.188459473209,15.1335311573,24.781959008086,-3.462563625723,2016,7.236790260607,20.965144170182,,,,16.701435688402,21.796562591501,28.541463403359,50.325637703567,359.829059786483,460.775592444711,-4.903375601119,2.424694487294,2.424694487294,0.171565818033,4245.0,558715.407912839,14069.6883722026,29.669305309234,3.805677400985,4.960512761435,0.966801700808,12.133752248252,94.595511407988,302.320181905667,1.210727763768,0.335979590238,-18.816861248039,74.5743642621,25.4256357379,236.828027531832,0.8805772753,33.597959023756,-132379811.738612,-47220002.2857643,0.983746260753,0.68485346323,-0.555113561997,-0.406094316957,-0.126463619408,,,,,,,,,1381041310.97,,,,,,,,,0
000682.SZ,000682,东方电子,10005606,通用,2016-09-30 00:00:00,三季报,2016三季报,058001001,2016-10-27 00:00:00,2017-10-30 00:00:00,CNY,0.0299,,0.0299,1.57476992626,0.353110194808,0.209522171155,-0.171800570865,1544279763.59,475194814.47,29264527.59,17544360.48,12.37571193828,16.130664672845,16.74257894738,2.5675613834,2.090947050684,2.738895491168,1.92,,2.413020904,5.2021878557,30.7712906478,0.351957242492,0.288156434405,-0.108820305272,10.8067739246,1.895729327508,1.181896939507,-0.125085030647,42.2444829269,1.731436321026,0.731436321025,582.088086649892,216.513225624218,129.232342383107,0.463847321724,1.247036984561,2.089260281297,,,,,,,,,,,,,,,,,,,,,,,,,15.891472868217,3.5233132447,-0.524858387022,33.745936751219,5.540067962915,12.2807017544,11.427372337941,3.319941422114,2016,3.886736680832,4.415447640583,,,,11.417485944376,20.163854533969,27.107952480158,-2.68838596378,-60.811907708905,-46.781279162742,-9.198954593456,1.57875472261,1.57875472261,0.08927268433,,,,14.273375656077,2.451165465002,3.266206027475,0.628700747042,18.91633811831,110.151682477209,345.749532760788,0.935374647266,0.23449446507,,75.1257399265,24.8742600735,227.158594960049,1.2388854232,23.449446506987,-254638135.755365,-80609578.4074331,0.940077054008,0.428224277559,-3.008014808238,-2.091818063675,-0.361229416362,,,,,,,,,1432148808.7,,,,,,,,,0
000682.SZ,000682,东方电子,10005606,通用,2016-06-30 00:00:00,中报,2016中报,058001001,2016-08-12 00:00:00,2017-08-17 00:00:00,CNY,0.0231,0.013,0.0231,1.568034996573,0.353110194808,0.202749800865,-0.147075803808,993829982.94,304025353.82,22640044.23,12720869.45,12.913568329484,15.001253363906,13.24102590867,3.045446280791,5.254973183465,5.029959139436,1.49,0.83,1.7758880184,5.8665084542,30.591284127,0.513516181571,0.297193647596,-0.144757293128,11.0474632539,1.940266964283,1.239675652545,-0.113096519393,41.1998351943,1.700675505425,0.700675505426,594.616051697124,214.856591020986,126.895301196693,0.302716348619,0.837768109159,1.418492239685,,,,,,,,,,,,,,,,,,,,,,,,,14.925373134328,3.4634739035,-0.524858387022,34.252806223032,16.886326418133,11.1940298507,12.427849621279,3.899953549578,2016,2.913190154818,11.218524011565,,,,12.966837941373,18.625947027027,24.759214021621,32.109358328927,194.720385776914,147.816915838215,-9.47306287897,1.016016537956,1.016016537956,0.067074919876,,,,10.49057387547,1.643383968943,2.092286105172,0.411196242202,17.158260561979,109.530093637078,341.743019488155,1.012449318878,0.322234285294,-71.523008609704,74.8444371863,25.1555628137,232.72227072469,2.2948680401,32.223428529441,-173293361.183701,-57412941.9066209,0.988865526418,0.298019073729,-3.625058407061,-2.467520404294,-0.306356182591,,,,,,,,,1358628592.1,,,,,,,,,0
000682.SZ,000682,东方电子,10005606,通用,2016-03-31 00:00:00,一季报,2016一季报,058001001,2016-04-28 00:00:00,2017-04-29 00:00:00,CNY,0.0059,,0.0059,1.552334908297,0.354681057643,0.185468096415,-0.110212593094,428173163.76,130666514.53,5735716.99,3657346.4,12.843271164543,5.500534784061,-7.843682412188,2.33924904196,0.595594766938,-0.862978626874,0.38,,0.6585089713,5.0398417641,30.5172125648,1.345656947087,0.388534793701,-0.251781081381,11.5397466217,1.84814831115,1.195422673357,-0.083392371031,41.672137896,1.714446516516,0.714446516517,688.807257799756,241.920096406668,146.890942753964,0.130660644151,0.37202366127,0.612699451121,,,,,,,,,,,,,,,,,,,,,,,,,5.357142857143,3.4203126491,-0.082328532988,35.921192238522,-98.082302810277,2.7027027027,5.362767125944,-1.513028563473,2016,1.141657376888,4.940252452775,,,,12.843271164543,5.500534784061,-7.843682412188,-39.612801116337,-77.066289892426,-82.619640404775,-12.698514405179,0.437731828338,0.437731828338,0.026124630666,,,,5.530890533605,0.716607155511,0.896877091038,0.180096179742,16.272243945739,125.591824345966,388.82629503467,0.966688944357,0.288428748012,,72.7185585625,27.2814414375,230.006454142071,2.2705694127,28.842874801178,-142537740.833502,-8677145.02520382,1.105676722597,0.144091988922,-14.208524204949,-4.995813225191,-0.227240951396,,,,,,,,,1369157961.3,,,,,,,,,0
000682.SZ,000682,东方电子,10005606,通用,2015-12-31 00:00:00,年报,2015年报,058001001,2016-04-09 00:00:00,2017-04-07 00:00:00,CNY,0.0513,0.0369,0.0513,1.546462421243,0.354680807644,0.17960433358,0.170003518626,2083257569.24,661071517.72,50209638.6,36071229.38,13.183907988258,13.685934804919,17.806159873237,5.100096228211,3.359000475527,14.677229532429,3.37,2.42,3.55812365,5.4435860853,31.7325868621,0.257150417582,0.431587427578,0.079822671664,13.3933711582,1.827030036587,1.243502898135,0.128424724541,41.9910879586,1.723873047794,0.723873047793,550.765286277117,191.522987677812,115.635557080858,0.653635966118,1.879669925605,3.113229261725,,,,,,,,,,,,,,,,,,,,,,,,,13.495575221239,3.4137628899,-0.082398960538,37.212912594156,41.84035820225,10.4918032787,-5.465524394626,-3.552569851081,2015,5.982541756347,-1.571554202473,,,,16.628289294779,6.979701434763,28.105247953994,43.519268011722,353.664956341965,454.521750953024,-11.148658431737,2.129764828496,2.129764828496,0.137782321364,3998.0,521074.929774887,12558.6889944972,24.507427358108,3.400631559085,4.391064696243,0.911175812713,14.689424342246,105.862688663886,307.156567359653,1.039694139784,0.396582735807,20.785428737067,72.3815223509,27.6184776491,228.008440944141,2.9542780287,39.6582735807,66453003.421015,-28123479.7526739,1.03561524348,0.660089528826,2.079955187891,1.466361887418,0.346153878862,,,,,,,,,1372447328.92,,,,,,,,,0
000682.SZ,000682,东方电子,10005606,通用,2015-09-30 00:00:00,三季报,2015三季报,058001001,2015-10-31 00:00:00,2016-10-27 00:00:00,CNY,0.0258,,0.0258,1.521174194394,0.354973301955,0.156656849729,-0.181876661522,1374211328.19,465702305.54,25199655.64,15028244.74,11.485096586071,21.2281616431,5.886311026025,0.682716201241,-0.10361642675,-3.765001538394,1.71,,2.1655548842,4.9144128508,33.8886964462,0.291265402663,0.298301116306,-0.129459750972,10.9477449397,1.865824830847,1.156460261854,-0.147895754611,40.8870565986,1.691676885737,0.691676885736,612.72585581923,239.379019973574,134.950473114897,0.440653837986,1.127918394978,2.000734000911,,,,,,,,,,,,,,,,,,,,,,,,,21.12676056338,3.3766224991,0.0,43.326281881642,-38.667144375381,18.75,-10.384649824811,1.781583934841,2015,3.722377070307,-2.655088381653,,,,2.796660830081,-0.905707818779,-24.487564444227,-1.335187744845,-61.31345338211,-47.764670476233,-5.370852493999,1.404889629066,1.404889629066,0.083189709791,,,,11.780804860355,2.138120062541,2.92154113645,0.617434338078,22.91863783506,126.279157438486,374.335690549801,0.93890066471,0.228410631836,,71.6789877616,28.3210122384,233.855426106269,4.7373593976,22.841063183556,-223589807.2889,-64929949.4262894,0.912518904564,0.400482742211,-3.961259709696,-2.634287246545,-0.376695087734,,,,,,,,,1280257816.84,,,,,,,,,0
000682.SZ,000682,东方电子,10005606,通用,2015-06-30 00:00:00,中报,2015中报,058001001,2015-08-11 00:00:00,2016-08-12 00:00:00,CNY,0.0201,0.0115,0.0201,1.515544508041,0.354973301955,0.15102090345,-0.176957409617,880168785.42,297430734.44,19686780.42,11233445.96,17.037567057413,29.31663511036,22.536667988493,5.679755768585,7.487042917774,5.942124206263,1.34,0.76,1.5795801702,5.5109710925,33.792465646,0.408871544926,0.249412133987,-0.196659127246,8.6350971017,1.907708604151,1.213492398713,-0.154150044062,39.6533721015,1.657093419838,0.657093419838,627.99901856305,237.406334708834,138.139958707327,0.286624651758,0.758193753426,1.303026305237,,,,,,,,,,,,,,,,,,,,,,,,,28.846153846154,3.7914620128,1.605560531084,45.754226487336,-167.634322639742,26.4150943396,-3.76789147345,1.034004345338,2015,2.61933898216,1.493651463302,,,,26.792583145686,31.181558980848,33.752012050843,31.964852844881,162.110938546565,83.055773304735,-7.382488436591,0.899817934184,0.899817934184,0.057326143252,,,,7.212985938322,1.372237131582,1.877197283335,0.404760283558,24.954991114522,131.172663862029,375.547126297632,0.994613303578,0.278993061299,-34.87202256946,70.5657053835,29.4342946165,240.567708303175,5.6941895442,27.899306129864,-166931829.59722,-37141485.6481655,0.898717015774,0.260575847447,-5.073238510077,-3.568502246593,-0.368846677165,,,,,,,,,1203746101.26,,,,,,,,,0
000682.SZ,000682,东方电子,10005606,通用,2015-03-31 00:00:00,一季报,2015一季报,058001001,2015-04-30 00:00:00,2016-04-28 00:00:00,CNY,0.0056,,0.0056,1.500996147212,0.354973301955,0.136452670375,-0.055639797968,379440581.03,132637707.0,5436671.01,3968633.4,6.250048519878,24.671063801637,6.230727155628,1.21266193401,2.435986663037,0.760215321171,0.37,,0.6249921004,5.0873870864,34.956120571,1.254616073847,0.37459075849,-0.143434322186,18.9434619673,1.787221035316,1.125190667184,-0.044731460789,42.3123356198,1.733472850295,0.733472850295,732.593000002604,285.010115798535,151.088252051961,0.122851296695,0.315778265441,0.595678345455,,,,,,,,,,,,,,,,,,,,,,,,,24.444444444445,2.1728009377,1.605560531084,21.282639536688,-125.670219037102,23.3333333333,-2.818737394962,11.961368831184,2015,1.087911788093,4.538650078374,,,,6.250048519878,24.671063801637,6.230727155628,-37.587278103312,-76.744748591831,-75.839797707256,-4.960556748585,0.387911324991,0.387911324991,0.025893442699,,,,2.968480289313,0.567433071131,0.805220939613,0.173202926329,30.31854391084,158.609014135558,436.073260095068,0.901333506076,0.301052739209,,70.8012407373,29.1987592627,226.291403850673,4.1806747413,30.105273920929,-23710993.6673805,-6078552.63153121,1.126658808263,0.139192236524,-3.116051815025,-2.819410431119,-0.114823794453,,,,,,,,,1299535592.7,,,,,,,,,0
000682.SZ,000682,东方电子,10005606,通用,2014-12-31 00:00:00,年报,2014年报,058001001,2015-04-04 00:00:00,2016-04-09 00:00:00,CNY,0.0452,0.0313,0.0452,1.495412581486,0.354973301955,0.13089462951,0.119855533912,1840595192.61,657354698.27,44165215.94,30619136.91,10.526743516611,21.050656675634,671.528479047725,4.647358651485,15.344285396014,39.118892952349,3.05,2.12,3.763837084,5.9145878093,35.7142461802,0.230401559459,0.437771504134,0.063695848202,14.3923463023,1.74141690337,1.143585552153,0.092508343427,43.5377986679,1.771096373162,0.771096373163,565.713011426817,190.130462649254,137.835591996657,0.636365069794,1.893436722258,2.611807260992,,,,,,,,,,,,,,,,,,,,,,,,,21.179624664879,2.1018526114,1.605560531084,21.142832269033,-1.751558373283,724.3243243243,6.33155729553,13.294536384799,2014,6.078061791866,16.108532964732,,,,15.533671775967,33.567575197699,110.148861306772,26.49848167706,320.225586099114,226.866296673125,-3.894939123878,1.881685185068,1.881685185068,0.134063188842,3844.0,478822.890897503,11489.3902029136,21.918958105151,2.91999190207,4.300485717086,0.911705089414,16.424138331439,123.288013143048,327.970125395503,0.918418844774,0.330445500416,12.788707080356,71.0555557391,28.9444442609,219.807821652432,5.5717701604,33.044550041608,-75567564.5325058,33532379.9815845,1.170068847293,0.693388253456,1.534546149733,1.076927932363,0.250260231395,,,,,,,,,1352258395.85,,,,,,,,,0
000682.SZ,000682,东方电子,10005606,通用,2014-09-30 00:00:00,三季报,2014三季报,058001001,2014-10-28 00:00:00,2015-10-31 00:00:00,CNY,0.0213,,0.0213,1.471487612596,0.354973301955,0.109300853739,-0.131160602132,1232641285.94,441434879.92,20786965.09,14192811.7,8.213725135821,9.509024695658,13.316766872351,2.538606382929,-2.86555449294,-8.857984642055,1.44,,2.4164999411,5.4303742065,35.8121121656,0.213846071957,0.313728061116,-0.104082570577,15.9769285947,1.866781735632,1.221135590759,-0.120182221249,40.1713699256,1.671440577457,0.671440577455,606.745736187535,201.581066772454,165.524217199754,0.444996946656,1.339411504875,1.631181252917,,,,,,,,,,,,,,,,,,,,,,,,,9.79381443299,1.7120265478,1.605560531084,19.532449022063,-121.062713750592,6.6666666667,11.7677502283,9.141143238809,2014,3.82390513117,14.987783412093,,,,9.963229009984,-16.877520640832,-29.856567028605,21.696233227786,-48.786540725887,-7.477750220593,3.771762915342,1.260159135245,1.260159135245,0.084878109179,,,,14.266401338982,1.996116273739,3.197900175643,0.644758570203,18.925585617884,135.262661575447,367.105113128107,1.135112978081,0.280284078071,,69.6491764568,30.3508235432,241.094699898541,6.248574033,28.028407807112,-214466580.513832,-11274585.4318393,1.032063225296,0.444622015258,-2.514690518513,-1.916674001084,-0.334647439324,,,,,,,,,1149393383.59,,,,,,,,,0
000682.SZ,000682,东方电子,10005606,通用,2014-06-30 00:00:00,中报,2014中报,058001001,2014-08-16 00:00:00,2015-08-11 00:00:00,CNY,0.0156,0.0094,0.0156,1.460182252615,0.349364050648,0.103613395707,-0.066119101568,752039543.84,274389475.82,15223702.97,9167415.88,7.124541608949,23.879559032993,71.019732218568,2.070539661353,7.207125911793,-5.599393446291,1.06,0.64,1.6414273722,5.9149495202,36.4860435954,0.404023641561,0.385967900874,-0.085999828293,11.0623590082,1.884447564392,1.272387020899,-0.064879213533,39.2475507216,1.646024171663,0.646024171663,648.637235896351,207.702366919489,177.193782762832,0.277504882604,0.866624693159,1.015836996047,,,,,,,,,,,,,,,,,,,,,,,,,23.809523809524,1.4038054723,0.0,22.477275039651,-238.656905054206,20.4545454545,3.860623657382,14.406165672885,2014,2.580790960218,15.49551076635,,,,9.662162708052,32.266702187832,-20.868061921521,10.584323387249,149.10246376487,45.389572912038,5.73750608452,0.76882829745,0.76882829745,0.053153783086,,,,9.343000441765,1.257587240648,1.949692010361,0.405490970321,19.265759551435,143.131223172438,384.908521519694,1.209028489542,0.325405086325,-15.071957731002,68.528359692,31.471640308,246.776894104566,5.4361076618,32.540508632494,-112050697.634691,33599148.6226401,1.132042498089,0.310568212672,-2.572730527577,-1.453940190018,-0.168462122067,,,,,,,,,1075867937.48,,,,,,,,,0
000682.SZ,000682,东方电子,10005606,通用,2014-03-31 00:00:00,一季报,2014一季报,058001001,2014-04-30 00:00:00,2015-04-30 00:00:00,CNY,0.0045,,0.0045,1.469076049043,0.349364050648,0.112507998586,-0.024655356921,357120383.77,131351181.85,4360812.24,3735862.03,4.451665048854,6.981049285674,348.481354706525,0.913967690036,0.779952277276,25.757003011405,0.3,,0.6431199633,4.8222396544,36.7806453564,0.909085846439,0.460363789808,-0.067531745025,11.4865175482,1.954058280069,1.401752447913,-0.025885438417,37.7919063169,1.607507867215,0.607507867214,674.837656503259,200.665760351466,186.458433276402,0.133365408899,0.44850700908,0.482681305525,,,,,,,,,,,,,,,,,,,,,,,,,7.142857142857,2.6063730812,0.0,47.644722494181,49.613745873413,3.4482758621,-6.076102386253,7.948620647312,2014,1.040679009416,-3.331713382703,,,,4.451665048854,6.981049285674,348.481354706525,-32.133951685606,-75.085256783048,-52.205551663755,-1.032614385438,0.365092845034,0.365092845034,0.021349208104,,,,4.397265981632,0.624294825102,0.925422843138,0.195612023108,20.467263153047,144.162655817779,387.120108253948,1.322757723339,0.395523917458,,68.0139178204,31.9860821796,255.87438224984,4.9547029551,39.552391745766,-69837473.4738116,-6013602.66344478,1.267753452773,0.169138562325,-1.832881848776,-1.400422829749,-0.062760343638,,,,,,,,,1011592512.67,,,,,,,,,0
000682.SZ,000682,东方电子,10005606,通用,2013-12-31 00:00:00,年报,2013年报,058001001,2014-03-29 00:00:00,2015-04-04 00:00:00,CNY,0.0373,0.0208,0.0373,1.464628254276,0.349364050648,0.108049834281,0.121992300262,1665293967.82,618851059.32,36484904.05,3968633.4,15.82829255145,48.615672026358,-73.518943492327,-1.678573293648,20.394934245795,0.672083057366,0.37,1.438,3.539717822,5.3983933256,37.1616706286,0.158591262019,0.455531418476,0.071656044216,14.8986068346,1.934644670906,1.414528412963,0.12609990107,38.4288599055,1.624137539869,0.624137539869,549.032915876865,147.150509437491,158.028016956113,0.655698391826,2.446474710663,2.278077058323,,,,,,,,,,,,,,,,,,,,,,,,,48.605577689243,2.5944436679,0.0,49.997141619267,1235.50573027961,-79.0960451977,28.943639932545,10.790156407847,2013,5.234810600623,47.305975294602,,,,-5.125883296011,54.587014320145,1.768044479339,20.399371856226,161.51700781433,9.101348580852,6.601184232213,1.702470483793,1.702470483793,0.108755562327,3068.0,542794.644009127,11892.0808507171,27.94817036414,2.938150444815,4.86490855467,0.969767818168,12.880986315366,122.526060786063,305.175413880752,1.362654488213,0.451846954607,21.104163473682,68.3430246444,31.6569753556,251.500441100826,5.1039461665,45.184695460706,18559072.9822118,24333467.0992619,1.137412088155,0.707086816795,1.846522905678,1.327358713862,0.307921438599,,,,,,,,,1029422149.36,,,,,,,,,0
000682.SZ,000682,东方电子,10005606,通用,2013-09-30 00:00:00,三季报,2013三季报,058001001,2013-10-30 00:00:00,2014-10-28 00:00:00,CNY,0.0194,,0.0194,1.446719392524,0.349364050648,0.091440319874,-0.059331851992,1139080356.39,393101864.54,18981965.32,12524899.97,28.989134801901,43.504343444494,71.433817296393,6.131923238685,6.771240468322,17.08454200459,1.35,,2.1620726338,4.7028061971,34.510459454,0.241134132609,0.366064430223,-0.050950078793,11.8194499557,2.022662812089,1.405812001452,-0.06835349821,36.8068069781,1.582448919227,0.582448919228,587.287241582277,160.525657214569,173.36342246605,0.45974095959,1.681974113578,1.557421953024,,,,,,,,,,,,,,,,,,,,,,,,,43.703703703704,1.8816473608,-0.242266448164,48.66071898337,65.078368456739,40.625,34.684779761597,33.638704093272,2013,3.325488167266,59.56310716102,,,,28.849500244671,40.281848201968,69.92979128309,21.363043349435,-18.507780109056,4.378480354838,-0.019732069529,1.164509523781,1.164509523781,0.065194945328,,,,17.328476302998,2.086681413882,3.317190881266,0.685981106119,15.581289161199,129.39205678633,333.889052869756,1.346567271038,0.298664145457,,67.2253229478,32.7746770522,262.345782720786,4.3897212816,29.866414545685,-139718556.92413,-16148427.2591853,1.072117017644,0.478043572157,-1.560109046807,-1.083397372934,-0.148929992517,,,,,,,,,940280030.48,,,,,,,,,0
000682.SZ,000682,东方电子,10005606,通用,2013-06-30 00:00:00,中报,2013中报,058001001,2013-08-14 00:00:00,2014-08-16 00:00:00,CNY,0.0126,0.0055,0.0126,1.439967904374,0.349364050648,0.084598057618,-0.019523919513,702023581.66,242241981.62,12289116.21,5360443.36,29.076219643653,45.32242696763,73.486080241531,4.063026593832,10.552216301528,11.516613770178,0.88,0.38,1.5804135527,5.4474162919,34.5062456516,0.33035143938,0.488650888733,-0.027203615361,10.634399673,2.129224083505,1.568587617539,-0.025321281835,34.3054506641,1.522196301077,0.522196301077,620.429336922398,153.879503238135,178.036031063587,0.290121677503,1.16974643284,1.011031300376,,,,,,,,,,,,,,,,,,,,,,,,,46.511627906977,1.9866655427,-0.242266448164,49.382362412168,83.198779522177,44.262295082,64.054975227712,49.293299883567,2013,2.234537899433,104.783106235516,,,,20.922037323688,49.222955966469,35.070948887088,5.330010104305,101.481117412059,556.536247116278,0.673449438669,0.71769576411,0.71769576411,0.043575745998,,,,13.140350542852,1.382979237644,2.104022248068,0.437459688445,13.698264701006,130.153797758123,331.927154722013,1.523263558556,0.44586548436,-10.52657492022,65.8463633816,34.1536366184,280.929815894289,5.2714616084,44.586548436002,-42448474.585903,6906327.61912114,1.135447573948,0.326841031755,-0.642701061872,-0.499385651908,-0.05158305905,,,,,,,,,836652944.07,,,,,,,,,0
000682.SZ,000682,东方电子,10005606,通用,2013-03-31 00:00:00,一季报,2013一季报,058001001,2013-04-26 00:00:00,2014-04-30 00:00:00,CNY,0.0042,,0.0042,1.431759066155,0.349364050648,0.076201842291,-0.04893270466,341900134.96,127065169.33,4076247.4,-1503477.81,38.945159675866,38.051920329938,24.519460751639,6.665505395065,4.576632735334,3.258871739356,0.29,,0.6847245266,4.8424346226,37.1644104045,0.632350675338,0.442071933776,-0.139994594432,10.9775649194,2.165520377412,1.650103057119,-0.061882482541,35.0091609233,1.538678395612,0.538678395612,636.48825057543,159.598966709299,186.873027911025,0.141400881978,0.563913425354,0.481610433598,,,,,,,,,,,,,,,,,,,,,,,,,40.0,1.8461800117,0.0,49.399947266552,57.906217903753,38.0952380952,65.345339647035,56.688612794072,2013,1.076546451616,107.518380300691,,,,38.945159675866,38.051920329938,24.519460751639,-38.356833421403,-63.998336227036,-119.574698270191,-0.890900523746,0.34953281488,0.34953281488,0.020714751428,,,,5.682477207187,0.624761432609,1.156550730752,0.208563092807,15.838162955792,144.054986915823,346.479842859912,1.588281674106,0.47802981809,,68.7807277945,31.2192722055,275.583617602571,5.1494163267,47.802981809011,-76167255.7728067,-64475053.2409594,1.13421617855,0.159241694847,-3.647448747601,-2.890996065881,-0.162717519667,,,,,,,,,852550318.15,,,,,,,,,0
000682.SZ,000682,东方电子,10005606,通用,2012-12-31 00:00:00,年报,2012年报,058001001,2013-04-15 00:00:00,2014-03-29 00:00:00,CNY,0.0251,0.0153,0.0251,1.427590229951,0.349364050648,0.072034595536,-0.010743433257,1437726423.43,501198145.09,24549836.2,14986688.31,21.577822904871,12.837004469168,-16.883871977808,12.594775370205,12.070276206717,-2.690517636535,1.77,1.0826,2.7451666665,4.1512151768,34.8604669791,0.129231387733,0.353856482144,-0.007309339822,14.6885704863,2.098272987355,1.6229432584,-0.013750018789,34.6861681141,1.531069256122,0.531069256122,544.388609213332,110.707358762276,155.978000482709,0.661292308302,3.251816356427,2.308017790239,,,,,,,,,,,,,,,,,,,,,,,,,13.063063063063,1.7681568246,0.0,50.113796687004,90.600489597413,10.625,26.083728439079,53.176785776994,2012,3.553698748577,41.172457472718,,,,40.836608696965,30.467767479467,-5.118759932697,63.515608180569,137.316758809165,82.174763088935,4.018955100324,1.469822654112,1.469822654112,0.068498032734,2900.0,495767.732217241,8465.46075862069,22.338838620668,3.563292680139,4.787108012675,1.015041680595,16.115430444398,101.030151692719,266.687118388931,1.567601813161,0.479369121783,-5.944708378882,66.8004328669,33.1995671331,277.898129484061,4.5405735036,47.936912178284,-110316758.01871,-49680928.8369868,0.950836542615,0.569440418076,-0.26744206864,-0.176077112623,-0.035373019631,,,,,,,,,832703047.18,,,,,,,,,0
000682.SZ,000682,东方电子,10005606,通用,2012-09-30 00:00:00,三季报,2012三季报,058001001,2012-10-29 00:00:00,2013-10-30 00:00:00,CNY,0.0135,,0.0135,1.42,0.350212498028,0.061509402416,-0.1699,883082407.01,304815942.51,13227450.03,7305968.08,11.961783155674,1.138116745672,-26.469243008248,3.582554919611,-5.245082280879,-3.357475318508,0.96,0.53,1.6052835648,3.7030808564,34.5172704258,0.162358418911,0.239032282779,-0.188192840476,14.7696090006,2.445769259793,1.852698588529,-0.298421616687,27.5420262624,1.380110356966,0.380110356966,622.838140958078,126.766345814112,181.054418411595,0.433499463576,2.129902840269,1.49126435228,,,,,,,,,,,,,,,,,,,,,,,,,0.746268656716,2.1582733813,0.242854803872,51.650939235953,29.208333333333,0.0,28.627897668881,30.294564095802,2012,2.084120964071,42.544862096411,,,,14.968885119928,-20.265057248919,-11.261435200094,13.896184538936,-13.31373163199,-17.03338020681,4.400093400468,0.902796600326,0.902796600326,0.039036390221,,,,12.989760589184,2.727565880811,2.932551935171,0.681596350117,20.785602486378,98.989359670286,307.816605384898,1.779106941646,0.365852738851,,64.0462869796,35.9537130204,349.557212359927,3.0094310507,36.585273885126,-228444819.64927,-32720857.3795308,0.902612450008,0.374806380905,-7.575156562937,-5.082061336913,-0.556410133682,,,,,,,,,585721902.62,,,,,,,,,1
000682.SZ,000682,东方电子,10005606,通用,2012-06-30 00:00:00,中报,2012中报,058001001,2012-08-17 00:00:00,2013-08-14 00:00:00,CNY,0.0086,0.0032,0.0086,1.41,0.350212498028,0.056631891645,-0.116205364597,543882973.64,186418162.87,8456448.51,3089840.61,10.164733501116,19.188449454483,-40.405289469652,3.710500823153,3.40175160002,-13.903750854865,0.61,0.22,0.9633438733,3.4821787145,34.2754180412,0.247543295148,0.252209736319,-0.208993140471,17.4331528818,2.769625885025,2.127951174596,-0.252172015671,22.9785601168,1.298339788917,0.298339788917,650.642191239471,126.379349054535,182.748573057987,0.276649750698,1.424283329093,0.984959811111,,,,,,,,,,,,,,,,,,,,,,,,,17.808219178082,1.5768215512,0.242854803872,64.423496675331,35.441464112778,17.3076923077,29.339831217666,22.083220267491,2012,1.091172968567,29.598171030236,,,,17.383739056658,16.034652774749,83.688034601159,21.029180424967,86.397963964783,355.12223318699,0.896046455905,0.556024778299,0.556024778299,0.021132992588,2462.0,220911.037221771,3434.78818440292,8.36688507996,1.86956732568,1.801886320378,0.43903982107,21.5133826125,96.278961194687,309.118986582063,2.044987678363,0.522169707431,-105.04042952503,62.9128265864,37.0871734136,420.18182057744,0.6047261219,52.216970743083,-118257829.972721,7506817.75118349,0.933216694509,0.255779330116,-10.731053025643,-6.001792486983,-0.37876407545,,,,,,,,,455979511.05,,,,,,,,,0
000682.SZ,000682,东方电子,10005606,通用,2012-03-31 00:00:00,一季报,2012一季报,058001001,2012-04-25 00:00:00,2013-04-26 00:00:00,CNY,0.003,0.0,0.003,1.41,0.349364050648,0.051005267194,-0.116246871208,246068402.64,92271922.07,2952691.56,-1991874.76,2.533000042976,25.549087913905,-182.367956370689,0.514050149909,2.761740512985,2.654417418369,0.21,,0.4141178264,3.2767349459,37.4984846002,0.637960121152,0.127822215459,-0.462100821276,13.7463227005,2.858635212818,2.266239621708,-0.264833969511,22.3431430651,1.287716293795,0.287716293796,712.131007908826,136.661727362796,202.805067530527,0.12638124025,0.65856038656,0.443775893255,,,,,,,,,,,,,,,,,,,,,,,,,25.0,1.8699542347,0.0,72.352297690224,16.966520565714,23.5294117647,15.743116371347,16.915377620178,2012,0.518771614377,27.653123075205,,,,2.533000042976,25.549087913905,,-37.517690069058,-65.976158196284,-124.605966840112,11.916767199047,0.251561706572,0.251561706572,0.009363134881,,,,3.191328263857,0.835912144233,0.813421372693,0.200336148673,28.201423532419,107.666817166032,339.447558814517,2.153669792554,0.548942160573,,63.0552085307,36.9447914693,432.180633141143,0.4297167416,54.894216057311,-114416343.45193,-1561256.55350444,0.856870627792,0.108321442063,-18.360985693621,-14.102477890718,-0.377216340564,,,,,,,,,434911548.03,,,,,,,,,0
000682.SZ,000682,东方电子,10005606,通用,2011-12-31 00:00:00,年报,2011年报,058001001,2012-03-29 00:00:00,2013-04-15 00:00:00,CNY,0.0222,0.0184,0.0222,1.4,0.349364050648,0.047986658872,-0.114297796341,1182556480.35,396316912.57,21756901.75,18031023.18,15.12659821253,8.173702638752,24.688504868657,5.151473214594,18.384480796514,27.011535689735,1.6,1.32,2.1772568915,3.5102310325,33.5135715846,0.127706297441,0.271031761244,-0.09454254364,15.1275264569,2.823340996798,2.334739157314,-0.256801362597,22.6445332027,1.292733456861,0.292733456862,580.401502755713,80.844366546549,143.12645905464,0.620260282392,4.453000442433,2.515258201578,,,,,,,,,,,,,,,,,,,,,,,,,7.766990291262,1.6086548417,0.0,76.491065407439,-225.050249186426,6.6666666667,5.768309583952,6.592262309928,2011,2.517274836888,12.381591379745,,,,17.248274885106,63.754815642853,185.955880799178,33.482390311434,45.035348907147,70.380646456643,5.668661664199,1.208956221615,1.208956221615,0.04627888741,2241.0,527691.423627845,9708.56838464971,18.986743074343,4.519363194993,3.860069781973,0.971753611077,18.960597854535,79.657240294129,223.968455205501,2.224368563839,0.793658471005,-56.274710256351,63.1139579369,36.8860420631,426.033833812148,0.4621178454,79.3327795479,-156629414.881782,61197871.7498382,1.0303885827,0.625652465791,-4.505268284469,-2.693342482721,-0.368278321518,,,,,,,,,441014777.61,,,,,,,,,0
000682.SZ,000682,东方电子,10005606,通用,2011-09-30 00:00:00,三季报,2011三季报,058001001,2011-10-22 00:00:00,2012-10-29 00:00:00,CNY,0.0134,0.0,0.0134,1.39,0.349364050648,0.040559855894,-0.24,788735568.62,260775618.39,13078600.29,9935934.81,14.095715108264,-11.710780305745,-14.566098111755,2.987224766586,4.488531999927,39.265631712013,0.96,0.0,1.2480057545,2.9691611805,33.0624899859,0.114639606412,0.081390512149,-0.301756078677,19.2617441735,2.990464387275,2.473017767462,-0.606689237613,21.1382772977,1.26804229699,0.26804229699,642.363639642042,87.808900314418,168.100368251809,0.420322669805,3.074859143358,1.606183274956,,,,,,,,,,,,,,,,,,,,,,,,,-11.258278145695,0.7246376812,-0.066818317209,39.355971931473,-84.615384615385,-20.6611570248,-13.224182542738,21.146770494699,2011,1.462080732634,-7.383382825091,,,,12.43088046279,15.199435455117,118.135151007217,16.288507029717,26.150602275115,71.740160117271,8.116115037872,0.80634353516,0.80634353516,0.02819023111,,,,12.515994033727,3.123078119479,2.581342493492,0.663402716089,21.572397627582,86.453168851582,255.906351440641,2.346592118612,0.628590168602,,62.155920277,37.844079723,456.565195343991,1.3775140951,62.859016860192,-271146543.338153,47393793.0586445,0.863623203201,0.360892977736,-11.320311934139,-10.163007675782,-0.788170675749,,,,,,,,,398976106.08,,,,,,,,,1
000682.SZ,000682,东方电子,10005606,通用,2011-06-30 00:00:00,中报,2011中报,058001001,2011-08-25 00:00:00,2012-08-17 00:00:00,CNY,0.0073,0.0053,0.0073,1.39,0.349364050648,0.034442699973,-0.18,493699713.47,167714837.8,7095023.51,5184756.47,15.114369721439,-26.241466719554,-45.145753188348,2.369766195982,-9.952587516329,-26.386278042151,0.52,0.0,0.7448160897,2.7810215107,33.9710219034,0.17499379188,0.054912482346,-0.354276744442,24.7251007274,3.262952259146,2.798508408745,-0.521144241426,18.8220461964,1.231861550021,0.23186155002,672.090572246756,81.800329754224,166.269990911704,0.267821045902,2.200480126924,1.08257659132,,,,,,,,,,,,,,,,,,,,,,,,,-25.510204081633,1.0964609674,-0.066818317209,47.805922151831,-102.247191011236,-34.1772151899,-24.705336255901,14.926032952816,2011,0.841966333238,-19.026964126302,,,,11.066266763894,-29.070560460292,-53.497139069321,5.717240406908,101.681944187971,,8.095055337684,0.504721212159,0.504721212159,0.017511923018,,,,7.433858115153,2.131982365715,1.612199677197,0.42934274376,24.213537198549,84.428465682751,248.065986716067,2.64078765778,0.852996245132,-169.050054654641,60.1298010756,39.8701989244,511.988126128394,1.4275943431,85.299624513196,-196800088.911795,79826496.9294488,0.897781568749,0.243368872889,-12.579874257018,-12.739086809477,-0.576635403728,,,,,,,,,342795699.26,,,,,,,,,0
000682.SZ,000682,东方电子,10005606,通用,2011-03-31 00:00:00,一季报,2011一季报,058001001,2011-04-30 00:00:00,2012-04-25 00:00:00,CNY,0.0024,0.0,0.0024,1.38,0.349364050648,0.029593610226,-0.14,239989469.28,80410126.59,2351822.39,2418264.15,19.727647909163,-19.789064847523,-30.961932336758,3.849699429355,-2.884834195726,-4.240797547396,0.17,0.0,0.3577904582,2.7471866619,33.5056895751,0.37258250005,-0.067466097027,-0.57592176767,12.170619726,3.277062226677,2.855968935243,-0.406397084195,19.1105255099,1.236254786304,0.236254786303,691.037991349706,79.978959261658,164.657401285561,0.130238859696,1.125295963224,0.546589459674,,,,,,,,,,,,,,,,,,,,,,,,,-20.0,0.9066359679,-0.066818317209,85.203126127332,-100.0,-22.7272727273,43.5468573847,8.902499154749,2011,0.4063916353,65.865565820024,,,,19.727647909163,-19.789064847523,,-28.550388195324,-55.622394120061,,14.353915941807,0.245347065302,0.245347065302,0.007143692613,,,,4.024083543479,1.026479473972,0.780845962272,0.206958258065,22.365340835394,87.678324099109,244.632898479176,2.724996387956,1.105298367221,,61.2432907246,38.7567092754,503.889888692757,1.3188031514,110.529836722092,-136254250.464041,47329351.8874006,0.858855177764,0.113261121615,-25.785882874217,-20.964056635095,-0.452336375486,,,,,,,,,347779433.0,,,,,,,,,1
000682.SZ,000682,东方电子,10005606,通用,2010-12-31 00:00:00,年报,2010年报,058001001,2011-03-29 00:00:00,2012-03-29 00:00:00,CNY,0.0206,0.0148,0.0206,1.38,0.349364050648,0.027189285056,0.091401494267,1027179208.55,325777230.39,20112930.61,14460854.43,8.942016429171,2.816632225242,3.835238931756,1.059789621966,-6.840317756456,48.619520007786,1.5,1.08,2.0585153531,3.6022447847,31.7157150065,0.08794911026,0.38562122516,0.087039902011,8.1593763801,3.102958375494,2.741300762418,0.230286400452,21.244068483,1.26974563152,0.26974563152,629.972528760692,68.096169967044,140.689402918698,0.571453489739,5.286640939927,2.558828117339,,,,,,,,,,,,,,,,,,,,,,,,,3.0,1.5130900645,-0.066818317209,241.12369291581,280.839559445833,1.3513513514,-1.264717966789,15.162264273268,2010,2.239935211793,8.104608203576,,,,4.449478330207,53.354241667855,249.005871996981,27.997982773722,2.030528076677,29.971126803397,1.475399379075,1.05011026156,1.05011026156,0.036881344968,1842.0,557643.435694897,10919.0719923996,21.800646732606,5.085175726637,3.293913459057,0.927351346768,16.513271574717,70.794013688506,209.489415585189,2.651745711499,1.436915100848,71.106429137654,64.5754072588,35.4245927412,453.372688699917,1.2869093909,143.69151008481,57588428.9466576,-67037300.2402136,1.07399350708,0.591347490174,7.146768088402,2.416268388523,0.289214344773,,,,,,,,,396317099.48,,,,,,,,,0
000682.SZ,000682,东方电子,10005606,通用,2010-09-30 00:00:00,三季报,2010三季报,058001001,2010-10-30 00:00:00,2011-10-22 00:00:00,CNY,0.0151,0.0,0.0151,1.38,0.349597645912,0.029105215465,-0.13,691292892.0,211401087.72,14813360.38,11629967.25,11.267340141119,-8.026811013149,-26.516234499053,3.940868354866,0.203812858756,-25.74427419373,1.21,0.0,1.4381953303,3.6369800226,30.5805383169,0.089445834979,0.162867552224,-0.181911116092,10.1374983267,3.668296440116,3.176709050697,-0.417757156597,17.448486007,1.211364821346,0.211364821347,682.789455230561,76.775632828286,171.144701359932,0.395436686861,3.51674079462,1.577612382122,,,,,,,,,,,,,,,,,,,,,,,,,-8.484848484848,1.4705882353,0.014198806451,234.589834280042,-44.444444444444,,1.378307872433,1.730766547127,2010,1.57863758927,17.817904546875,,,,16.946751957342,-7.774196612363,-60.765729131461,14.87707194121,-22.32781799997,-63.387795386165,-2.368847757444,0.706725519355,0.706725519355,0.026457241463,,,,10.936357394677,4.019002325126,2.216794684275,0.653750906524,24.68829339204,67.180851902477,248.324906442924,2.983425635918,1.149731281885,,62.4948240476,37.5051759524,550.806796932849,1.4908928662,114.973128188457,-167431724.390872,-92574042.8932384,0.921847966231,0.360664657973,-8.715493609459,-5.001707871892,-0.406790995816,,,,,,,,,308301441.63,,,,,,,,,1
000682.SZ,000682,东方电子,10005606,通用,2010-06-30 00:00:00,中报,2010中报,058001001,2010-08-07 00:00:00,2011-08-25 00:00:00,CNY,0.0098,0.0097,0.0098,1.37,0.349597645912,0.023302652202,-0.089,428877571.64,134783310.25,9619257.86,9451877.97,8.056476591658,-8.162640480208,-8.011668977496,-0.123097799542,-1.942457319783,-10.242302045256,0.79,0.71,0.9892016946,3.9713701197,31.4269896965,0.138448236738,0.152993796946,-0.202756074251,12.0501569752,3.63299888216,3.16474521159,-0.315215413358,16.3775305845,1.195850836491,0.195850836492,722.650017095457,77.765645634504,179.562332065102,0.249083229422,2.314646763765,1.002437415074,,,,,,,,,,,,,,,,,,,,,,,,,-8.411214953271,1.5761763966,-0.197511125753,692.309478632753,-14.102564102564,0.0,3.196697787275,-4.96271583446,2010,1.039810752003,-10.406890405044,,,,-0.742883232897,-11.900661864183,-20.085764944745,13.961483591356,128.073102673122,69.837929341826,0.211770119627,0.438451961628,0.438451961628,0.017767192917,,,,8.160534019684,2.646185642439,1.374805512089,0.426141808176,22.057380015306,68.022438453749,257.749218597539,3.01068963936,1.11345802475,-120.499017494969,58.4653173566,41.5346826434,586.250263316565,1.5181826423,111.345802475038,-109132107.37565,-3207110.15095123,0.897022233685,0.224424272682,-7.814941061122,-5.1054439184,-0.281088866505,,,,,,,,,280747007.37,,,,,,,,,0
000682.SZ,000682,东方电子,10005606,通用,2010-03-31 00:00:00,一季报,2010一季报,058001001,2010-04-28 00:00:00,2011-04-30 00:00:00,CNY,0.003,0.0,0.003,1.37,0.349597645912,0.015979001459,-0.07,200446157.15,58730710.38,2932047.09,3502798.14,20.200226109829,1.676666381928,23.740857243046,3.617861625805,2.422170775184,4.825576433083,0.22,0.23,0.2492499416,2.1440504877,29.2999931827,0.419569353016,0.076211295079,-0.333925999589,9.688464446,3.385171968083,2.960091773526,-0.22585115004,17.5482892112,1.212831111002,0.212831111003,774.180899003765,79.676145985201,189.294691928832,0.116251899415,1.129572708207,0.475449148008,,,,,,,,,,,,,,,,,,,,,,,,,3.448275862069,1.6176859869,-0.197511125753,431.591385842361,-40.0,0.0,2.082928158554,-3.135243850537,2010,0.245012660278,14.623422161877,,,,20.200226109829,1.676666381928,,-37.667908705964,-15.155033614605,284.372409811154,-12.3502202658,0.204920976555,0.204920976555,0.004074037993,,,,4.080145072636,1.276311244772,0.641026525393,0.199066748149,22.058039211303,70.515715009686,269.387543054235,2.825502193282,1.120047417549,,58.3602959305,41.6397040695,547.730240394101,1.4432981517,111.998836857145,-87323494.0632441,-9134032.37957448,0.903695122199,0.105373343222,281.963055459463,-15.574539942058,-0.215332854338,,,,,,,,,301664146.82,,,,,,,,,1
000682.SZ,000682,东方电子,10005606,通用,2009-12-31 00:00:00,年报,2009年报,058001001,2011-03-29 00:00:00,2011-03-29 00:00:00,CNY,0.02,0.0123,0.02,1.36,0.349597645912,0.007970506189,0.024,942867813.74,294689422.78,19561942.63,13926731.02,9.198400147852,3.573800317359,10.159889065592,3.665614868137,18.678814868624,4.984589861196,1.48,0.91,2.0848832461,3.8211531145,31.2545850527,0.078337523684,0.311621013729,0.024627145143,4.5219727357,3.2171990677,2.819463751782,0.073919157386,18.4470743234,1.226197578693,0.226197578694,659.804391325027,73.610432219335,154.180650337133,0.545616253443,4.890611142281,2.334923346171,,,,,,,,,,,,,,,,,,,,,,,,,3.626943005181,1.4925373134,-0.197511125753,202.620709934912,4.347826086957,13.8461538462,8.58917949795,-9.390215231383,2009,2.07200715031,6.192298480713,,,,10.816355752477,75.388487984735,25.818433276,43.312810956851,-38.639796854678,-134.222291549672,-5.936873480313,0.963916674191,0.963916674191,0.031798347177,1702.0,553976.38880141,11493.5033078731,28.527456274393,5.626082916649,2.879677838172,0.934027024959,12.619421673539,63.987681186616,228.223209443654,2.738074915863,1.290834254288,14.700691763966,58.436379184,41.563620816,522.397651930058,1.3851671738,129.056025847264,-14480463.9119205,-1594767.13290083,1.070351334369,0.58354540925,1.600293000134,0.644495114581,0.073820055852,,,,,,,,,319028885.14,,,,,,,,,0
000682.SZ,000682,东方电子,10005606,通用,2009-09-30 00:00:00,三季报,2009三季报,058001001,2010-10-30 00:00:00,2010-10-30 00:00:00,CNY,0.0165,0.0,0.0165,1.36,0.349548014266,0.008698774584,-0.09,621290030.95,194603701.39,16106172.4,15826580.43,8.379367899591,-4.790772193891,-7.444796688179,3.024802579265,-6.983940842238,-10.324679835334,,1.19,1.4186420749,3.9013555284,31.3225211569,0.075442793712,0.173798780136,-0.13781425781,8.086886936,3.385050459162,2.845533586337,-0.300073519421,17.15163131,1.207024369715,0.207024369716,742.517095257696,93.043027503234,186.771272438638,0.363627991496,2.901883217317,1.445618464096,,,,,,,,,,,,,,,,,,,,,,,,,-4.624277456647,1.4925373134,-0.142992429964,188.932746829335,0.0,,7.009991625087,28.954413604351,2009,1.339896168873,2.416383984948,,,,13.541115791954,-19.419189662277,-21.575815083307,-2.499498680471,-25.803109602571,-25.42651461003,2.945421164967,0.635159893692,0.635159893692,0.021458260531,,,,15.816173662422,3.312479898697,1.852796481212,0.629408892382,17.071132738097,81.509928590422,279.816147400174,2.712037445423,0.951409412291,,57.1380050779,42.8619949221,561.922850229034,0.6513694759,95.136069827436,-137678288.621863,-23436607.4248189,0.935552018759,0.343843950633,-5.135467251379,-3.532471132298,-0.259180413929,,,,,,,,,289938821.85,,,,,,,,,1
000682.SZ,000682,东方电子,10005606,通用,2009-06-30 00:00:00,中报,2009中报,058001001,2010-08-07 00:00:00,2010-08-07 00:00:00,CNY,0.0107,0.0105,0.0107,1.35,0.35028950666,0.002941104812,-0.078,396901310.47,124470542.53,10474231.74,10275083.66,5.6636312563,5.508040633292,2.537510795066,2.665870496341,0.163857077506,-1.447502365587,0.79,0.78,0.958559446,4.1179846851,31.3605773643,0.115717317904,0.142625702931,-0.193299002715,6.6579237211,3.315500197337,2.861721018698,-0.265923898358,17.2327426318,1.208207244987,0.208207244988,773.282498420887,89.543305909106,188.519538353585,0.232773922037,2.010200518872,0.95480819427,,,,,,,,,,,,,,,,,,,,,,,,,5.940594059406,1.7736489434,0.068833152156,117.375733523668,13.333333333333,3.9473684211,32.021142446735,14.771439007998,2009,1.160592323119,59.967219021245,,,,11.08907761611,0.420592544227,-2.835846784657,38.007193253799,163.222326772037,,5.084196200357,0.405761852929,0.405761852929,0.01790104916,,,,11.786658061636,2.20861570313,1.178830338057,0.404000228299,15.271504361858,81.499013044645,278.06448528508,2.756479136214,1.095171692879,-68.432904556645,56.8200482461,43.1799517539,559.100465733695,1.1886867525,109.517169287942,-75821446.466273,3043323.0299927,0.963118987456,0.227070251146,-6.566124581315,-4.694019465771,-0.230330302917,,,,,,,,,290105952.13,,,,,,,,,0
000682.SZ,000682,东方电子,10005606,通用,2009-03-31 00:00:00,一季报,2009一季报,058001001,2010-04-28 00:00:00,2010-04-28 00:00:00,CNY,0.0029,0.0,0.0029,1.35,0.35028950666,-0.004818883162,-0.05,166760216.38,55745413.37,2883697.11,2830753.09,-1.008487916878,21.742686347333,19.98769626757,-0.19675721012,2.726828931909,3.243451979518,0.22,0.22,0.2441641772,2.4996045103,33.4284846711,0.459699439315,0.168913342292,-0.270327134604,9.2152397375,3.200875661763,2.737496712757,-0.148220870332,18.1162787259,1.221243959654,0.221243959655,921.365322910989,113.928928488159,216.00602915441,0.097681123613,0.789966176232,0.416655036678,,,,,,,,,,,,,,,,,,,,,,,,,20.833333333333,1.190191201,-0.077080359517,80.453945335538,37.5,,198.041309102862,18.95952964919,2009,0.213754445345,323.96639622344,,,,-1.008487916878,21.742686347333,,-42.534091430707,46.354428178765,,24.357499776779,0.170483020862,0.170483020862,0.003498860515,,,,5.950297590848,0.945908898376,0.492843805318,0.168289307339,15.12529392453,95.146583518263,329.9067720152,2.666969950775,1.209523120608,,57.6844922516,42.3155077484,532.161007842,1.2588754287,120.952312060796,-30963560.0059887,-8721582.8287588,1.084421386261,0.10715391962,-17.652457334541,-10.814796240434,-0.133992845616,,,,,,,,,305739432.99,,,,,,,,,1
000682.SZ,000682,东方电子,10005606,通用,2008-12-31 00:00:00,年报,2008年报,058001001,2010-03-27 00:00:00,2010-03-27 00:00:00,CNY,0.0193,0.0129,0.0193,1.34,0.35028950666,-0.007766956781,0.023,863444713.9,286898886.39,18886960.38,12642288.53,12.991643609145,4.259008187235,-16.018842385489,8.888432898015,-5.249985599718,-23.85699294075,1.3,0.97,1.9199732936,3.7317761741,33.2272445209,0.094286860084,0.321916029753,0.025972067336,20.1287617304,2.881382207291,2.480942871461,0.06408340199,20.3588104425,1.255631671948,0.255631671949,699.717765429162,78.670190795574,153.57112615103,0.514493153935,4.576066186689,2.344190662807,,,,,,,,,,,,,,,,,,,,,,,,,4.324324324324,0.7518796992,-0.512278881644,71.313767321055,-80.833333333333,-7.1428571429,30.107659621214,18.935577075925,2008,1.951184012357,38.592001448699,,,,32.079855002928,-34.688565709078,-228.432440180126,46.836596031615,-71.808555118123,-136.179544855799,16.011695288478,0.882720509536,0.882720509536,0.036079114253,1583.0,545448.334744157,11931.1183701832,34.07495807437,5.088062024218,2.475171768386,0.878380913666,10.564943299836,70.753854470815,232.240123954023,2.435609400641,1.130017480306,8.548614504414,58.3945231824,41.6054768176,473.991768380895,1.6215628335,113.00174803061,26205034.7243019,76746302.0367936,0.971063760565,0.485576915741,1.832160176958,0.695970661793,0.065900597451,,,,,,,,,351541537.96,,,,,,,,,0
000682.SZ,000682,东方电子,10005606,通用,2008-09-30 00:00:00,三季报,2008三季报,058001001,2009-10-29 00:00:00,2009-10-29 00:00:00,CNY,0.0173,0.0175,0.0173,1.34,0.350048557204,-0.009781295298,-0.09,573254894.35,174420468.18,16916608.58,17099611.76,5.288896699639,12.041151544444,30.935054055643,-1.005129257996,3.443989223711,7.962312342534,,1.3,1.3257099205,3.7123200307,30.4263373761,0.043861619443,0.189410456413,-0.146780581255,1.4161598594,4.332910252185,3.864794080192,-0.417113257523,13.3005384078,1.15340970017,0.15340970017,756.067668219616,69.824355280906,172.412912908224,0.35711089278,3.86684558581,1.566007994678,,,,,,,,,,,,,,,,,,,,,,,,,12.337662337662,0.7518796992,-0.782371455403,67.377107725296,-1700.0,,17.001974069682,-8.950235777224,2008,1.308283027323,17.618299370568,,,,-3.91446277843,10.491610847037,24.832835346553,-4.605123147271,-7.535110810857,-7.606695971017,11.741327615841,0.58605240647,0.58605240647,0.018913881267,,,,25.054568003549,4.07784690905,1.635804992675,0.625913679875,10.776477964487,66.211411566429,242.238971545571,3.796079808113,1.489024788666,,55.29385557,44.70614443,721.270430276928,1.8438630456,148.902478866591,-116188654.427649,28628131.1012074,0.917530209116,0.332738414421,-8.402952521481,-3.953877360806,-0.244962980992,,,,,,,,,210249234.02,,,,,,,,,1
000682.SZ,000682,东方电子,10005606,通用,2008-06-30 00:00:00,中报,2008中报,058001001,2009-08-08 00:00:00,2009-08-08 00:00:00,CNY,0.0101,0.0102,0.0101,1.33,0.350048557204,-0.01692650735,-0.09,375627172.52,112099491.93,9927425.13,10020804.66,10.876407451962,13.158401394061,35.61816313585,2.640815003935,4.063861306115,14.072610202408,0.76,0.77,0.7260651046,3.1184835355,29.8432861441,0.062517759624,0.10816114233,-0.239641775903,3.8083602625,3.836116680263,3.363370398323,-0.389593194178,15.0148353813,1.176675958077,0.176675958076,773.108407006067,75.503739183502,174.833202180599,0.232826338931,2.383987891812,1.02955272657,,,,,,,,,,,,,,,,,,,,,,,,,12.222222222222,0.7575757576,-1.622877869525,53.561967300953,-350.0,11.7647058824,24.286161728842,7.352974242731,2008,0.725518847062,9.522301007793,,,,11.046933486184,11.056307496678,39.814883139597,22.978253413457,219.111771360141,,11.413132661858,0.38401278482,0.38401278482,0.010742258974,,,,14.854111883445,2.501339604082,1.06592578316,0.407401331195,12.117856753228,71.961440064457,250.328530529873,3.287602212842,1.278452561901,-63.545142066612,55.5032174054,44.4967825946,639.298536466416,1.8620276451,127.845256190073,-93762534.4237923,52744855.440492,0.826215835047,0.194342908142,-17.254207841108,-7.68456120331,-0.259114969419,,,,,,,,,239774168.36,,,,,,,,,0
000682.SZ,000682,东方电子,10005606,通用,2008-03-31 00:00:00,一季报,2008一季报,058001001,2009-04-29 00:00:00,2009-04-29 00:00:00,CNY,0.0024,0.0,0.0024,1.33,0.350559719352,-0.024653994091,-0.08,168459106.11,45283418.02,2368682.01,2359202.8,10.667414228075,20.432789220126,23.572449073291,2.124935146381,2.218406820169,2.989540808027,,0.18,0.0819229314,0.7834581997,26.8809558982,0.145213340999,-0.065962598856,-0.487011201914,-3.293286843,3.977502305887,3.463857709649,-0.352416874813,15.2289428004,1.179647904644,0.179647904645,860.70208674275,84.547854130825,185.632300605418,0.104565797372,1.064485916588,0.484829416575,,,,,,,,,,,,,,,,,,,,,,,,,20.0,0.7575757576,-1.653213372282,33.505316925816,-300.0,,-40.201415244625,6.612407857007,2008,0.0504177801,-47.699452378107,,,,10.667414228075,20.432789220126,,-23.325861867122,-21.485077206922,,-2.625224271279,0.17221983711,0.17221983711,0.000668998469,,,,7.009554446504,1.210572696488,0.47483941979,0.178866882109,12.839617794093,74.344977597049,270.190299913035,3.39010539518,1.520843173884,,58.151261748,41.848738252,630.103229894286,1.9527585568,152.08431738838,-94165219.1005809,-7412846.43076667,0.726367897145,0.076846322464,106.373547375269,-62.161733974555,-0.232973971464,,,,,,,,,242492214.81,,,,,,,,,1
000682.SZ,000682,东方电子,10005606,通用,2007-12-31 00:00:00,年报,2007年报,058001001,2009-03-31 00:00:00,2009-03-31 00:00:00,CNY,0.0185,0.0154,0.0185,1.33,0.352093205797,-0.02707555526,0.12,764166876.7,218867240.96,18115423.03,15053720.25,1.890358860636,749.647383463991,4042.76765799466,0.116782566105,190.213193050569,513.282619885139,1.4,1.17,1.4756804474,3.0672074353,28.6412886548,0.054702143595,0.392469673974,0.152268486005,-0.4354168054,3.546280250004,3.132088673549,0.430876291142,17.117510961,1.206527472322,0.206527472322,748.261372346641,72.159133004371,154.162774075654,0.48111530717,4.988973467547,2.335194097009,,,,,,,,,,,,,,,,,,,,,,,,,740.909090909091,2.3076923077,-1.251610502985,40.617782066582,500.0,1455.5555555556,207.501376850605,25.072999534627,2007,1.407861919852,355.691367084687,,,,0.407360862734,134.063907260447,118.803460946903,6.820780604064,-52.306694977345,-64.834467370059,2.228324334808,0.781226364482,0.781226364482,0.019681050451,1460.0,523401.970342466,12407.8239931507,35.31145728489,5.817958417295,2.093284510807,0.840890467514,10.194991305387,61.8773759073,226.321133626558,3.065524220544,1.624925261902,33.10726811544,58.7618856296,41.2381143704,561.02214221369,1.9078912824,162.492526190173,92382024.7857023,1536413.88484778,1.065980106895,0.499820815126,15.980792231391,4.964401306993,0.325576124232,,,,,,,,,278973907.33,,,,,,,,,0
000682.SZ,000682,东方电子,10005606,通用,2007-09-30 00:00:00,三季报,2007三季报,058001001,2008-10-29 00:00:00,2008-10-29 00:00:00,CNY,0.0154,0.0134,0.0154,1.33,0.352808832804,-0.029982918791,-0.005,544459019.25,148252165.61,15098567.22,13059613.32,2.501279350092,37.402485291527,19.066094557747,-0.9159670162,34.137642323238,316.385257629586,,1.01,1.1330662846,3.2558557106,27.2292606731,0.04190029079,0.247029929168,-0.008701566312,7.1496108803,4.09396815785,3.586061351903,-0.021484354038,14.6079877541,1.17106972151,0.171069721511,775.842555546524,74.535189571538,179.327920247795,0.348008752639,3.622450034032,1.505621654603,,,,,,,,,,,,,,,,,,,,,,,,,37.5,1.5267175573,-2.391935693798,41.516892528751,89.248953454963,,47.77745466882,4.635987269591,2007,1.112312483963,52.860745546337,,,,-3.316795379898,33.536428042229,49.010596502574,10.248730986017,-7.062544498046,3.482060387649,-1.290543215484,0.556613683722,0.556613683722,0.017026499315,,,,23.87915730071,4.370919760095,1.485302300426,0.61778097931,11.306931672667,61.771895806692,253.864660959333,3.494118064627,1.454428317565,,57.0622912306,42.9377087694,657.321947850313,1.9467721816,144.906054656764,-19663136.7073758,2348263.93634408,0.936021256571,0.322118244253,-0.470945750541,-0.267258966158,-0.013145200025,,,,,,,,,231113854.55,,,,,,,,,1
000682.SZ,000682,东方电子,10005606,通用,2007-06-30 00:00:00,中报,2007中报,058001001,2008-08-19 00:00:00,2008-08-19 00:00:00,CNY,0.009,0.0076,0.009,1.32,0.355823132069,-0.036449664997,-0.02,338780071.57,90746129.96,8773034.09,7388984.21,6.388088815708,40.33184069281,3.157009974623,2.559240718343,86.733032248992,-9.461176283613,0.68,0.57,0.5841882109,2.6830273953,26.7861475852,0.068367213522,0.239505719106,-0.051589649176,12.817854499,4.216241531564,3.659120633523,-0.083525262123,13.986417691,1.16260708269,0.16260708269,826.694072477674,81.034599495664,187.4408777535,0.217734717101,2.221273395812,0.960302801381,,,,,,,,,,,,,,,,,,,,,,,,,40.625,-5.035971223,-21.060888904459,38.185673213571,60.0,21.4285714286,57.773544393314,3.863874404627,2007,0.662439375712,56.774436716875,,,,11.487452802812,46.53489541898,-1.111672802178,22.557957111399,246.054371554058,,-10.133766468815,0.34634309827,0.34634309827,0.010658696405,,,,19.103347328434,2.730249121405,0.920636304143,0.388936392415,9.422432461984,65.928049784472,268.475053510844,3.596715242398,1.490069685719,-12.294188786354,56.3743877007,43.6256122993,686.328275149864,1.9680878931,149.006968571913,-26832877.8834495,1778748.16999816,0.951600008601,0.205999452432,-3.654229898986,-1.922814849608,-0.048114458597,,,,,,,,,218883346.82,,,,,,,,,0
000682.SZ,000682,东方电子,10005606,通用,2007-03-31 00:00:00,一季报,2007一季报,058001001,2008-04-23 00:00:00,2008-04-23 00:00:00,CNY,0.002,0.0,0.002,1.32,0.356452642097,-0.037076639742,-0.02,152221055.57,42021637.03,1966808.23,1909165.69,0.740837815209,22.401244599125,17.745706345886,0.149257854986,16.882570634594,79.184206355604,,0.147,0.1369981108,1.4033445255,27.6056665569,0.137970716149,0.246425144337,-0.139664779031,-7.8564622636,4.064681593783,3.506767765609,-0.098488948375,14.2844000117,1.166648778211,0.166648778212,921.917875650328,92.769479377412,202.504259980814,0.097622578298,0.970146653878,0.444435094889,,,,,,,,,,,,,,,,,,,,,,,,,25.0,-5.035971223,-20.823058452203,42.456067761546,43.968779400296,,1.519957609424,4.689320838873,2007,0.096400099793,1441.3608287975,,,,0.740837815209,22.401244599125,,-30.434374833401,122.207615267434,,-6.156381085214,0.155619283518,0.155619283518,0.001193970307,,,,7.893257727826,1.261469322527,0.410837390549,0.175243882959,11.402136241254,71.34537352023,295.294192856045,3.437218049894,1.435713043605,,55.8262728009,44.1737271991,669.075081893199,1.9915091797,143.571304360462,-29599932.1922667,-1614612.58927988,0.894883186363,0.086672046775,39.664724151329,-9.952280177308,-0.05772318098,,,,,,,,,224503971.62,,,,,,,,,1
000682.SZ,000682,东方电子,10005606,通用,2006-12-31 00:00:00,年报,2006年报,058001001,2008-04-12 00:00:00,2008-04-12 00:00:00,CNY,0.0022,0.0015,0.0022,1.3,0.356555896851,-0.045595392362,0.02,749989385.89,210124372.37,2132110.73,363373.51,13.200438499074,-85.54221193323,-94.53289033357,-3.254627856829,-87.09965441521,-95.749367801042,0.09,0.11,0.4798939317,0.9928784634,28.0169794831,0.03192732912,0.32103093449,0.021844971473,13.9341514656,4.221852526816,3.697710814575,0.080443505551,13.6860161863,1.158560821568,0.158560821567,744.823435372155,67.582512852819,161.475325519293,0.483336026907,5.326821759114,2.229442788502,,,,,,,,,,,,,,,,,,,,,,,,,-86.25,-6.4748201439,-21.221052090751,31.71246461967,-47.368421052632,-92.4369747899,-64.507848998484,-12.162673153839,2006,0.30895075517,-75.269174087695,,,,-10.338386581056,-259.893363796907,-338.281133875383,2.85874760657,-286.966032568109,-378.674070072266,-5.2316919056,0.766732371166,0.766732371166,0.00552024071,1442.0,520103.596317614,1478.57886962552,46.498660673409,5.71371160462,1.593498629685,0.872648054897,7.742158479112,63.006330195054,229.06121360468,3.633894965143,1.655520913863,7.577360731403,55.5852048266,44.4147951734,701.024797272005,2.0815958432,165.552091386314,2668520.94275065,-4839447.31973105,1.007429911189,0.488439185769,-4.934121221211,2.200165708024,0.043956573535,,,,,,,,,211707629.33,,,,,,,,,0
000682.SZ,000682,东方电子,10005606,通用,2006-09-30 00:00:00,三季报,2006三季报,058001001,2007-10-27 00:00:00,2007-10-27 00:00:00,CNY,0.0112,0.0,0.0112,1.31,0.361454594261,-0.051267656743,-0.0465071003,531172901.16,146525427.85,10988569.23,10968372.96,26.927517901544,19.335057692786,20.980695868926,6.192232389925,9.552145854616,5.438154665204,,0.0,0.76673826,2.2405452281,27.5852603794,0.027968232938,0.227112769244,-0.085643551696,5.5216527069,4.170387796114,3.643066345249,-0.218319911893,13.9607683124,1.162260494876,0.162260494876,788.987902566391,72.238974972829,181.513163879621,0.342210570177,3.737594561683,1.487495420327,,,,,,,,,,,,,,,,,,,,,,,,,,-3.6764705882,-69.901121847057,93.937024157164,45.805479758853,,3.716989607488,9.219572073758,2006,0.727663913968,16.006555012322,,,,26.982681163342,43.724072059337,13.104460211404,27.130148826468,1.984009323495,-31.325905090636,-8.670830435391,0.543030962395,0.543030962395,0.010805951015,,,,25.326051578963,4.25082054467,0.878558820126,0.614773681496,10.660959098112,63.51714855113,253.751474905031,3.541537633855,1.366403787865,,56.1410235932,43.8589764068,703.799406415855,2.2326479821,136.640378786491,-55928396.0826345,-10237477.1439119,0.910373099012,0.31240787992,-6.560602726378,-3.822442440401,-0.071013959269,,,,,,,,,216093979.2,,,,,,,,,1
000682.SZ,000682,东方电子,10005606,通用,2006-06-30 00:00:00,中报,2006中报,058001001,2007-08-21 00:00:00,2007-08-21 00:00:00,CNY,0.0064,0.0,0.0064,1.39,0.450756446495,-0.058966370568,-0.05,318437971.15,94915811.61,6251634.73,7162852.25,26.890692357735,5.739257400785,25.628582503237,2.955634359036,2.937985030883,24.465814262782,0.56,0.0,0.3702700685,1.796836872,29.8066877098,0.044468551061,0.220631572819,-0.156144231451,6.0414691685,4.295982683131,3.749698503038,-0.2509540215,13.4661043324,1.155616527241,0.15561652724,873.499276554773,82.213838164954,198.243652328264,0.20606771503,2.189412439775,0.907973586473,,,,,,,,,,,,,,,,,,,,,,,,,6.666666666667,2.962962963,-62.464819716997,93.056049547523,29.626944136842,16.6666666667,-0.379281406421,-9.397204524273,2006,0.422542979318,12.983499288753,,,,14.317048960338,10.217553150756,40.370774365284,10.744222510494,189.060743218019,,-11.892507798199,0.346900461612,0.346900461612,0.00663402817,,,,17.073901179735,2.394541949668,0.524930468859,0.372395195604,10.542406103044,75.170952851737,280.452190751675,3.663936267959,1.430816390056,-32.018531134766,55.4830616566,44.5169383434,729.518499385503,2.1551244084,143.081639005617,-60697421.2570911,-12995585.8899992,0.959669249011,0.199199245948,-21.93748581099,-8.689950316918,-0.077128683525,,,,,,,,,206585916.83,,,,,,,,,0
000682.SZ,000682,东方电子,10005606,通用,2006-03-31 00:00:00,一季报,2006一季报,058001001,2007-04-28 00:00:00,2007-04-28 00:00:00,CNY,0.0016,0.0,0.0016,1.39,0.450197538739,-0.064431884127,-0.035694385712,151101637.5,44449068.24,1606853.13,1621431.26,44.490619310312,-5.37446326237,-7.553207736367,7.02248728451,-0.618863720897,-1.993162217468,,0.0,0.134946974,1.3794301998,29.4166687902,0.10880001456,0.163209178325,-0.216845648744,4.8115827363,4.186028465878,3.648196918888,-0.162691733075,13.6445626901,1.158004673651,0.158004673651,919.981488452643,86.185999054493,205.253387519741,0.097828055379,1.044253138414,0.438482409901,,,,,,,,,,,,,,,,,,,,,,,,,,2.962962963,-62.507231178612,92.453223941399,41.054559174943,,223.646777000243,-1.975537387514,2006,0.006254220166,106.906531047283,,,,44.490619310312,-5.37446326237,,-38.085027619325,-70.990080054766,,-24.384529637832,0.164607341297,0.164607341297,0.000206828408,,,,11.697682395829,1.088968542138,0.247853107992,0.17754773033,7.693831731326,82.647015517364,291.427285505253,3.605524346255,1.484258903094,,55.0071668141,44.9928331859,719.807045013845,2.0202682323,148.425890309429,-42515590.0815187,-14754287.5912152,0.945337223033,0.093200583608,-183.136302174793,-15.719943552247,-0.050355192997,,,,,,,,,209120649.35,,,,,,,,,1
000682.SZ,000682,东方电子,10005606,通用,2005-12-31 00:00:00,年报,2005年报,058001001,2007-04-13 00:00:00,2007-04-13 00:00:00,CNY,0.016,0.0,,1.39,0.452603019352,-0.066769714426,0.038,662532226.76,195868768.55,14747143.34,6646537.79,29.315474719233,29.338337745474,-35.467056510941,13.474573110828,13.698403905416,-48.680711674965,1.19,0.0,1.3521128423,3.1297705745,29.5636590401,0.040290553156,0.362261288683,0.052904732335,1.8958546039,3.658660095614,3.250017584076,0.149283006661,15.581093685,1.184568769783,0.184568769783,833.301313008958,68.22571181151,185.49219059635,0.432016599974,5.276603064173,1.940782514038,,,,,,,,,,,,,,,,,,,,,,,,,33.333333333333,2.962962963,-62.30427427256,92.196307253487,-38.709677419355,27.9569892473,7.314238558793,-2.709645189006,2005,1.249253689567,2.421546929795,,,,47.57240916408,47.225551452169,-162.280581109861,45.673037257951,68.059004447483,-171.915667443264,-20.855079956414,0.721750407044,0.721750407044,0.018450586582,1313.0,504594.232109673,11231.6400152323,35.400155644909,4.984871710757,1.148096217806,0.787877934094,10.16944681292,72.218508497048,253.7162708043,3.205391745504,1.387049530242,14.721192671668,55.1905780032,44.8094219968,630.340903498073,2.1652585539,138.704953024229,-3229579.61279014,-1691528.35733069,1.037658319237,0.441685460269,68.97915951518,1.690370941731,0.061645463619,,,,,,,,,242519249.78,,,,,,,,,0
000682.SZ,000682,东方电子,10005606,通用,2005-09-30 00:00:00,三季报,2005三季报,058001001,2006-10-26 00:00:00,2006-10-26 00:00:00,CNY,,0.0,,1.36,1.200890586102,-0.845585700355,-0.085815134248,418485218.92,126400182.81,9208165.18,9066217.45,20.613609218217,20.529673857684,41.343340914841,3.862786107903,4.597081531241,6.307615070141,,0.0,0.7392600411,2.632306775,30.2042168027,0.020524632106,0.242557003786,-0.188236454261,1.8519962705,4.373123949279,3.795469120343,-0.437340502168,12.7822953774,1.146556200174,0.146556200175,961.397599948492,85.496792217039,223.841045480603,0.280841142119,3.158013218959,1.206213093851,,,,,,,,,,,,,,,,,,,,,,,,,,1.4925373134,0.034465173782,1.564678374237,-256.259672858697,,16.199156317404,-13.56241659181,2005,0.627261031836,29.316486713758,,,,14.891668792185,20.913289124302,29.59952233706,14.449807757925,-21.791612169889,-14.77050628026,-2.688654214115,0.455890090924,0.455890090924,0.009154312956,,,,25.52258897895,3.673247445295,0.723407374553,0.519707042213,10.578864088698,73.504440967035,309.340625472215,3.757429344144,1.255955678567,,53.6003530086,46.3996469914,766.632059018359,2.3287892643,115.291599205629,-108993557.562444,1722213.6317762,0.952072395599,0.271120153747,-29.989338176885,-7.151007475591,-0.137853369543,,,,,,,,,187843920.38,,,,,,,,,1
000682.SZ,000682,东方电子,10005606,通用,2005-06-30 00:00:00,中报,2005中报,058001001,2006-08-24 00:00:00,2006-08-24 00:00:00,CNY,0.006,0.0,,1.35,1.200890586102,-0.849176142191,-0.071049920153,250954554.06,84897706.6,5912311.93,5701610.34,24.761572122167,20.316880074392,49.328536663033,6.908074684391,23.62454655512,30.97127100745,0.48,0.0,0.3716797808,2.2300986451,33.8299127179,0.081535036161,0.201250581203,-0.259889350342,1.887232685,3.972627599641,3.356449426544,-0.31731192761,14.8627912215,1.174574565396,0.174574565395,1080.00966663732,112.505945470279,246.83626772396,0.166665174915,1.599915446669,0.729228332853,,,,,,,,,,,,,,,,,,,,,,,,,11.111111111111,0.7462686567,0.034465173782,1.487245464764,-141.000682475251,19.940029985,-7.767791205351,16.504553464249,2005,0.373986451099,-10.083073179879,,,,33.005402680097,128.473826148198,270.062061398799,39.974758280648,148.168528468151,,9.865150839695,0.273385269767,0.273385269767,0.005435584008,,,,13.836381539625,1.98874345678,0.432681059378,0.306170929167,13.00918159018,90.509411551473,359.352890164522,3.316657655558,1.238196063851,-40.407899105304,54.4060392178,45.5939607822,659.389439290937,2.2535866875,115.34604668432,-85576709.654028,-7033563.00999809,0.9667864804,0.161658199387,-126.832199755901,-11.653715449257,-0.113535640354,,,,,,,,,223063385.8,,,,,,,,,0
000682.SZ,000682,东方电子,10005606,通用,2005-03-31 00:00:00,一季报,2005一季报,058001001,2006-04-20 00:00:00,2006-04-20 00:00:00,CNY,,0.0,,1.35,1.200758313913,-0.853767007616,-0.060554955926,104575396.12,40682941.95,1698117.85,1753907.54,14.801614377692,-44.67685719257,-36.253938821076,2.631686174705,-12.02715677359,-9.684886462507,,0.0,0.0416957571,0.5951771861,38.9029766651,0.173840102495,0.062022694158,-0.531545131287,4.7097484244,4.196335537551,3.674847840187,-0.296043943867,13.9195485764,1.161703944928,0.161703944929,1284.68579273315,125.965160712727,289.440102808268,0.070056040558,0.714483270539,0.310945163185,,,,,,,,,,,,,,,,,,,,,,,,,,0.7462686567,0.030851753456,1.185003417021,2.906395285317,,-80.894283314214,14.843263824407,2005,-0.090555158931,-307.44669975172,,,,14.801614377692,-44.67685719257,,-36.764464840995,-54.864177168552,,-2.457940864753,0.113922510737,0.113922510737,-0.001259416849,,,,3.169917059639,0.817938105259,0.179596916054,0.129851063675,28.391910042669,110.032775611428,415.444359937435,3.54314046358,1.406307815116,,53.4252221627,46.5747778373,703.648132625704,2.4980012081,130.743903125995,-67230853.5947118,-479112.732134759,0.941256861385,0.066742169801,218.555397213066,-89.308720778254,-0.096003121005,,,,,,,,,205287498.52,,,,,,,,,1
000682.SZ,000682,东方电子,10005606,通用,2004-12-31 00:00:00,年报,2004年报,058001001,2006-03-28 00:00:00,2006-03-28 00:00:00,CNY,0.012,0.0,,1.35,1.200674640474,-0.85561690593,0.062,512337930.32,191377840.51,11401989.23,10299449.29,45.379529850662,12.320538045714,-2.8000844401,12.649797479164,5.839819380177,3.614544403609,0.93,0.0,1.2599566101,3.6222370943,37.3538301938,0.054012110742,0.476161140105,0.111906138092,0.3805394986,3.666382262004,3.305737262547,0.255486064901,16.0150445697,1.190689445361,0.190689445362,1034.96052440217,87.193220336418,241.914723635918,0.347839353784,4.12876137171,1.488127694707,,,,,,,,,,,,,,,,,,,,,,,,,9.090909090909,1.5037593985,0.032717745261,1.352673236304,169.565217391304,-80.2127659574,53.215026708387,21.756222275672,2004,1.21971765416,33.450576210849,,,,53.348248749721,20.079525817845,10.190248917905,13.412923482081,38.02337158372,49.64915200064,-13.695508408844,0.558131506389,0.558131506389,0.017033998203,1322.0,387547.60236006,8624.80274583964,29.158022836233,4.453603211098,1.024459054729,0.624453115199,12.346516155158,80.833424743118,329.111630431234,3.232514545096,1.47213053776,35.001368449734,54.4644424061,45.5355575939,611.982578752287,2.4936134856,138.800731834552,-10732779.4930276,41480172.7998105,1.080574566838,0.366474169167,6.343166969154,3.08942057573,0.09791453028,,,,,,,,,241933514.14,,,,,,,,,0
000682.SZ,000682,东方电子,10005606,通用,2004-09-30 00:00:00,三季报,2004三季报,058001001,2005-10-28 00:00:00,2005-10-28 00:00:00,CNY,,0.0,,1.34,1.200476839673,-0.859026705444,-0.024087804707,346963515.67,107693107.78,7639749.52,6414322.31,41.865772051321,8.856692016484,-9.278123962029,14.573474318659,0.640162972136,-2.778157467817,,0.0,0.636200868,2.6702344199,31.0387412267,0.031262615319,0.322735730596,-0.06372845389,0.2500619829,3.968352366408,3.55509325044,-0.109899816785,14.7878907223,1.173542127377,0.173542127377,1133.23217494072,88.970509437543,280.639917444747,0.23825656028,3.034713431528,0.96208694208,,,,,,,,,,,,,,,,,,,,,,,,,,460.6694560669,1012.05163653028,1.351541996922,23.133690881118,,49.21601090735,-82.485249819967,2004,0.485058825658,-48.820958780367,,,,65.764334930253,2.578780978061,-9.861964274326,32.493878168284,47.780030911725,143.366654206285,-28.130668372452,0.377975664503,0.377975664503,0.006740376792,,,,32.479777126422,3.614590281261,0.754739858418,0.429261346524,8.312864923582,74.697262757484,369.607011732058,3.511493991416,1.321946624382,,54.0438216038,45.9561783962,661.324803569764,2.505155481,112.431438454262,-100805635.507195,39644515.2890808,0.9772253888,0.22950605692,-7.372847767135,-2.386623938887,-0.043805617075,,,,,,,,,218469408.3,,,,,,,,,1
000682.SZ,000682,东方电子,10005606,通用,2004-06-30 00:00:00,中报,2004中报,058001001,2005-08-20 00:00:00,2005-08-20 00:00:00,CNY,0.0054,0.0,,1.34,1.200476839673,-0.8619961407,-0.029481211183,201147316.27,61937712.74,4913950.5,3818165.28,28.441868112914,12.68208039137,-8.876803625998,7.96652909411,-0.606955706416,-6.40347234196,0.4002,0.0,0.4029826301,2.8760402412,30.7922143276,0.058628077166,0.328743666315,-0.134539884259,0.4621874487,4.876665169887,4.441972422397,-0.162960735794,12.7572620808,1.146227209107,0.146227209107,1284.63910051333,94.86241908699,325.914452078778,0.140117173709,1.897484817828,0.552292170083,,,,,,,,,,,,,,,,,,,,,,,,,12.5,465.4008438819,1012.17664851518,1.295480443467,-221.853978501053,,66.818301697332,-84.916289289813,2004,0.415924414151,-73.591787772616,,,,36.265989347746,-3.422619001648,-39.603144891547,20.817108921472,-39.907939687377,,-27.979366876895,0.219126182139,0.219126182139,0.005688159362,,,,11.892268182447,2.269323450623,0.44564962864,0.24711067829,15.135884697394,79.318794308755,420.771491692305,4.336892314255,1.616378928484,,56.3977655085,43.6022344915,779.689595385985,0.0,137.807619304557,-113195188.13872,-7878270.34000256,1.05461148915,0.147728192747,-23.630145041636,-4.677955556124,-0.055449645581,,,,,,,,,183189608.12,,,,,,,,,0
000682.SZ,000682,东方电子,10005606,通用,2004-03-31 00:00:00,一季报,2004一季报,058001001,2005-04-25 00:00:00,2005-04-25 00:00:00,CNY,,0.0,,1.34,1.200387973175,-0.864005502342,-0.062367605059,91092269.64,36330588.79,3069452.97,2751397.51,20.109761088662,25.230993728893,13.513538680091,4.327697349326,6.092030389667,3.091196765708,,0.0,0.2182370742,3.4237366489,39.8832842058,0.162070348651,0.170401871985,-0.628488759543,1.0102637628,5.161093994055,4.697274650135,-0.368530476068,12.1204745606,1.137921483986,0.137921483986,1411.93378604956,120.464256696628,353.90957256384,0.063742365888,0.747109578127,0.254302248306,,,,,,,,,,,,,,,,,,,,,,,,,,477.5862068966,1037.12048993689,1.300536090453,-69.187696977943,,167.441031329578,-85.819082174691,2004,0.043652253345,104.983811076081,,,,20.109761088662,25.230993728893,,-15.532036479191,-2.032170842783,,-5.713140774811,0.099234241046,0.099234241046,0.000627111257,,,,4.710749896364,0.818811209059,0.202700711665,0.112465976413,19.105238439737,109.91544693609,474.378502631199,4.585987854145,1.647596602505,,56.3444279775,43.6555720225,820.444156970393,0.0,151.885338281099,-96003108.0644128,-4375806.8744747,1.121814262328,0.071813493818,-54.083783598804,-18.356807897032,-0.118255964321,,,,,,,,,172470986.85,,,,,,,,,1
000682.SZ,000682,东方电子,10005606,通用,2003-12-31 00:00:00,年报,2003年报,058001001,2005-04-23 00:00:00,2005-04-23 00:00:00,CNY,0.011,0.0,,1.33,1.200281935288,-0.867349307883,0.023,352414078.41,152529901.98,10151295.06,10596150.45,-6.934435764304,103.572140533887,103.844665955905,5.379194553409,105.388864028541,105.897102708814,4.7,0.0,0.8223453255,3.4542860191,43.2814439957,0.038959691372,0.610803148561,0.060640148959,0.5546037488,4.763572514637,4.329553217963,0.124427778799,13.1533684853,1.15145513713,0.151455137129,1512.19071643765,158.857542066192,365.06859672749,0.23806520969,2.266181355431,0.986116042922,,,,,,,,,,,,,,,,,,,,,,,,,103.548387096774,478.2608695652,1036.93474013743,1.219855865966,125.0,105.8153922296,104.739676197427,-84.642865592125,2003,0.913984554277,101.12055859112,,,,20.020867358066,101.603493450764,101.887953929221,22.595582191394,17.907437651089,22.416282219313,194.408655991263,0.383913407178,0.383913407178,0.007365523861,1322.0,266576.458706505,7678.74059001513,20.220937976248,2.48740039561,0.82023500829,0.405102287518,17.803328432285,144.729413340676,523.930771158338,4.294842916282,1.877523223131,,57.0067894552,42.9932105448,755.899059107167,0.0,187.7523223131,-1057108977.58679,-1031001478.82386,1.158233272466,0.284411352625,3.279050193925,1.755504570927,0.051536942876,,,,,,,,,188772768.55,,,,,,,,,0
000682.SZ,000682,东方电子,10005606,通用,2003-09-30 00:00:00,三季报,2003三季报,058001001,2004-10-28 00:00:00,2004-10-28 00:00:00,CNY,,0.0,,0.239,0.107951537522,-0.870795877435,-0.031337272445,244571689.6,105624989.31,7018171.67,7070314.89,-15.320339675242,107.904590698748,107.957387902181,-4.116918347708,13.230651341926,13.821491780167,,0.0,0.4263623348,2.6569852916,43.1877415913,0.198656268882,0.544784684965,-0.117618322207,0.1644987336,0.711799631999,0.638580936076,-0.022674770136,84.4310685011,6.423048364434,5.42304836443,1682.57364741705,189.219780170883,427.877509021128,0.160468458789,1.426912132316,0.631021716046,,,,,,,,,,,,,,,,,,,,,,,,,,-52.2,3.306087687058,-43.195683346722,,,108.318407867482,17.263608946969,2003,0.947768489012,104.888593441884,,,,-14.032866995407,110.194271667955,111.104219801156,8.91612721589,39.134119290834,63.067460190275,62.270672809706,0.266431894768,0.266431894768,0.002365257192,,,,12.700020514014,1.544367282658,0.562822192364,0.268060233163,21.259808179213,174.828878487574,617.113623573495,0.632217583791,0.223774456842,,59.302267269,40.697732731,117.762985789894,0.0,20.79124266265,-105776836.448776,-23347319.5142653,1.011925933598,0.162528743518,-15.15068089948,-4.426758498819,-0.067772234794,,,,,,,,,1285662620.92,,,,,,,,,1
000682.SZ,000682,东方电子,10005606,通用,2003-06-30 00:00:00,中报,2003中报,058001001,2004-08-20 00:00:00,2004-08-20 00:00:00,CNY,0.0048,0.0,,0.237,0.107939403446,-0.873309697036,-0.009159809464,156605723.06,66956325.99,4360897.92,4190113.42,-16.026744439082,106.95299770829,106.660032582744,-7.100560631368,13.841530434652,,,0.0,0.2415697954,2.348816581,42.7547120767,0.266389652401,0.516287189575,-0.053690664784,,0.708953318167,0.636201138753,-0.006628691912,84.5764170761,6.483577810253,5.483577810235,1750.16493224221,194.906333816884,441.466246326179,0.102847449794,0.923520526373,0.407732191301,,,,,,,,,,,,,,,,,,,,,,,,,,-55.0284629981,3.294475773527,-50.643409184124,93.264845982353,,106.710005190754,19.306137849957,2003,1.574981337509,112.478571173418,,,,-24.816304890091,105.793169821757,,6.492560303867,-22.079183030499,,76.719028366792,0.170603390746,0.170603390746,0.003889050904,,,,10.024821986241,0.954399857823,0.357345352784,0.171998072653,17.955431053743,188.600195740371,636.411769697534,0.632987057703,0.246890509415,,59.1667051862,40.8332948138,117.510709975249,0.0,23.112342402301,-72760404.5400003,-16961649.1400002,0.931662027856,0.09599468638,142.207587773375,-2.285860259089,-0.019470003455,,,,,,,,,1285488255.52,,,,,,,,,0
000682.SZ,000682,东方电子,10005606,通用,2003-03-31 00:00:00,一季报,2003一季报,058001001,2004-04-20 00:00:00,2004-04-20 00:00:00,CNY,,0.0,,0.232,0.105563832839,-0.875390268719,-0.036862967091,75840854.91,32080635.58,2451032.99,2423849.65,-4.085580459344,108.238170632131,,-0.853117498508,11.331982688604,,,0.0,0.0816019416,1.6448855455,42.2999392848,0.657331685925,0.312695197043,-0.446176856262,,0.696896041108,0.615974808447,-0.026182496023,85.4703109482,6.882459744561,5.882459744567,1814.16883285364,212.29547845235,450.832434329983,0.049609495197,0.423937432187,0.199630712315,,,,,,,,,,,,,,,,,,,,,,,,,,-58.7628865979,,,,,104.864339351816,22.530573542631,2003,-0.875880981009,,,,,-4.085580459344,108.238170632131,,-15.594551568099,101.254408096284,,,0.0826196307,0.0826196307,-0.002123452031,,,,4.291917540482,0.421776811282,0.171420392418,0.083231492182,20.969647983938,213.382996866146,663.216028660293,0.610880912108,0.225309876608,,58.7895715482,41.2104284518,116.394210042805,0.2337862825,22.078343780325,-53662657.9200003,5059912.84999984,0.756262232382,0.037437661838,26.461882119795,-27.125100435251,-0.076868055677,,,,,,,,,1309429735.8,,,,,,,,,1
000682.SZ,000682,东方电子,10005606,通用,2002-12-31 00:00:00,年报,2002年报,058001001,2004-04-20 00:00:00,2004-04-20 00:00:00,CNY,-0.31,0.0,,0.23,0.10557175297,-0.878060378922,-0.092,378672907.97,55669254.03,-284179610.62,-275606530.49,-47.879622515893,-947.304631646188,-537.702052413937,,,,-80.82,0.0,-17.3502427433,-76.3864502878,14.701145199,0.125250472669,0.399416750622,-0.221855764148,,0.714770496002,0.635779220285,-0.065147193346,85.6498884229,6.968586931378,5.968586931354,1584.94163514037,152.461582434449,402.204794999583,0.227137701489,2.361250580321,0.895066405164,,,,,,,,,,,,,,,,,,,,,,,,,-555.882352941176,-61.3445378151,1.028711771452,-54.457473787276,-309.090909090909,-804.0069686411,-1026.38161460469,18.645085413221,2002,-81.565083835808,-1830.15596640173,,,,,,,-12.188680585178,-649.601097849773,-620.00554884543,-2.11196659939,0.412519292534,0.412519292534,-0.321974405566,1492.0,253802.21713807,-190468.907922252,15.715189420453,3.594546569723,0.873365464222,0.34581681456,22.907773515697,100.151713997057,557.909455873013,0.625071221069,0.264751980838,-728.624105208162,60.4223955043,39.5776044957,116.168594065821,0.4175705525,26.475198083845,-144384378.71,-20439487.7899998,1.458704971426,0.362096042515,0.294941182877,,-0.188942082058,,,,,,,,,1306576134.14,,,,,,,,,0
000682.SZ,000682,东方电子,10005606,通用,2002-09-30 00:00:00,三季报,2002三季报,058001001,2003-10-23 00:00:00,2003-10-23 00:00:00,CNY,,0.0,,0.5,0.10449678227,-0.60811601096,0.0,288819875.59,76868345.57,-88786022.42,-88852208.5,,,,,,,,0.0,-5.125528125,-30.8461926999,26.6146314941,0.177803414274,,,,0.913288625383,0.783767392266,,72.0010830805,3.571566724796,2.571566724797,1624.90026897012,207.020546105964,444.973075824938,0.16616404413,1.30421837387,0.606778285404,,,,,,,,,,,,,,,,,,,,,,,,,,,,,,,,,2002,-19.387345261553,,,,,,,,-4.745957961469,20.933284171141,,,0.314635053738,0.314635053738,-0.102713060281,,,,7.559795792233,3.293595020561,0.702576387045,0.245882352042,35.715250440682,81.977291778274,655.156242742089,0.75945619729,0.285252259457,,64.8254241764,35.1745758236,137.794533422969,0.0,25.990582306448,-214955362.26,-22130994.3499999,,,,,,,,,,,,,,1200621338.44,,,,,,,,,0
000682.SZ,000682,东方电子,10005606,通用,2002-06-30 00:00:00,中报,2002中报,058001001,2003-08-05 00:00:00,2003-08-05 00:00:00,CNY,,0.0,,0.527,0.10449678227,-0.579719817658,-0.136,186494761.95,45119814.91,-62719680.1,-62914308.12,-30.21471392882,-204.422954875821,-125.265397963544,,,,,0.0,-3.6001431971,-33.7924636011,24.1936097498,0.285719711497,0.077796110026,-0.669031045995,,0.939533068539,0.80751997244,-0.105505877819,70.8902480629,3.435274893997,2.435274893999,1689.55597465155,208.705601195814,468.570732054393,0.106536866905,0.862458884518,0.384146912486,,,,,,,,,,,,,,,,,,,,,,,,,,-70.1585503964,0.0,-217.484903541029,-172.0,,-208.629263450251,546.689382157974,2002,-12.621487793924,-343.004088483958,,,,,,,35.85621313254,-10.807210169978,,2.113535386412,0.203163959295,0.203163959295,-0.068636068666,,,,5.439158383325,2.276630219996,0.44944062798,0.156759562036,33.093355132266,79.064223262536,680.517408399339,0.786645999856,0.305743903862,-1540.87942895074,65.6586024435,34.3413975565,139.970423656533,0.0,28.037597564168,-235239832.18,-62514943.9999998,1.240196421774,0.136678568554,1.930791592613,,-0.306278483832,,,,,,,,,1199618588.41,,,,,,,,,0
000682.SZ,000682,东方电子,10005606,通用,2002-03-31 00:00:00,一季报,2002一季报,058001001,2002-04-30 00:00:00,2002-04-30 00:00:00,CNY,,0.0,,0.5626,,,0.0,79071379.75,,-29752151.29,,,,,,,,,0.0,-1.677554457,-37.6269534996,,,,,,0.969842368462,0.79472477595,,69.7542731394,3.306252167815,2.306252167813,2018.66818740238,,551.857206270491,0.044583850165,,0.163085665961,,,,,,,,,,,,,,,,,,,,,,,,,,,,,,,,,2002,,,,,,,,,,,,,0.086138904969,0.086138904969,,,,,,,0.187142207118,0.064881091452,,,,0.742478726589,0.309462485427,,67.2588111189,32.7411888811,143.360392846724,69.3502504181,30.946248542693,-41454543.8100002,,,,,,,,,,,,,,,1212516609.59,,,,,,,,,0
000682.SZ,000682,东方电子,10005606,通用,2001-12-31 00:00:00,年报,2001年报,058001001,2003-04-26 00:00:00,2003-04-26 00:00:00,CNY,0.068,0.0,,0.595,0.10449678227,-0.56848034439,0.044,726535236.79,109113439.48,33539249.05,62966698.23,-16.562139936613,-72.637046727247,-86.706770216844,,,,11.48,0.0,1.872904478,4.684193795,15.0183272544,0.066290788707,0.068131305728,0.055334399895,,0.976533988698,0.844313130303,0.030954383547,72.1900010646,3.5958289762,2.595828976198,900.371474364773,73.700096076065,215.151250564625,0.399834968399,4.884661203541,1.673241494322,,,,,,,,,,,,,,,,,,,,,,,,,-86.923076923077,-60.8552631579,0.0,1.882075791334,-89.52380952381,-67.3770957658,-76.299668387368,-1.248677579754,2001,4.714319715664,-63.093020234915,,,,,,,,,,-8.18746934014,0.791474107531,0.791474107531,-0.023931851399,2396.0,303228.395989149,13998.0171327212,18.98104686641,7.911083943999,2.522596018796,0.530191190819,18.966287925725,45.505774246408,316.270766023383,0.828537276675,0.409974145383,50.231938212993,70.1168360244,29.8831639756,137.576620348575,0.1649200531,38.687523321143,-469955325.51,-49737694.8500001,0.912506109613,0.366520004308,-0.657767740254,1.181300396963,0.095149019389,,,,,,,,,1305785460.21,,,,,,,,,0
000682.SZ,000682,东方电子,10005606,通用,2001-06-30 00:00:00,中报,2001中报,058001001,2002-08-28 00:00:00,2002-08-28 00:00:00,CNY,0.271,0.0,,1.766,0.10449678227,0.493441965891,-0.05,267240807.41,63316971.44,60063115.6,249013723.08,-56.239623437106,-72.379518447088,14.458335361907,,,,16.62,0.0,3.3141559491,22.6748456934,23.6928529193,0.091996832139,0.504587071701,-0.171967808792,-52.2498472637,6.84404954792,6.22457843906,-0.228907525199,10.9620244307,1.123116281122,0.123116281122,1231.52690684481,90.671536327513,322.992737168793,0.146160022164,1.98518749423,0.557288072722,,,,,,,,,,,,,,,,,,,,,,,,,,22.4687933426,0.0,100.469770247113,-139.104771983559,,-78.42563483273,-19.60217601386,2001,5.193940510494,-69.633551231484,,,,,,,,,,-54.411613906785,0.291127214249,0.291127214249,0.043358103641,,,,5.585124242196,3.394640160794,1.083746171467,0.187773307866,32.228468373196,53.024765946886,194.413442240979,6.04728478581,2.895128143351,-72.086690957298,75.0246383494,24.9753616506,904.3745510699,0.4804891388,274.570034692834,-1474087066.20072,-1072760672.09,2.078896515784,0.303344796493,255.593133778906,-0.758407845932,-0.135295189049,,,,,,,,,200765859.62,,,,,,,,,0
000682.SZ,000682,东方电子,10005606,通用,2000-12-31 00:00:00,年报,2000年报,058001001,2002-04-30 00:00:00,2002-04-30 00:00:00,CNY,0.52,0.0,0.0,1.52,0.10449678227,-0.579384805554,0.42,870750084.24,142433822.79,122571744.05,473674940.23,1.75120548221,-59.783067948882,56.011756899797,,,,35.19,0.0,7.9024399684,14.1496387643,16.3576008051,0.04318696416,0.741763714607,0.437220417328,-203.4350225105,1.103403149021,1.042643640317,0.285306581791,73.1028195829,3.717861814855,2.717861814853,644.594577814927,32.45729366462,159.448543887985,0.558490580576,11.091497760715,2.257781671891,,,,,,,,,,,,,,,,,,,,,,,,,-3.703703703704,-21.2435233161,-79.795471266694,-318.690562632208,-23.636363636364,,-76.145884690315,425.524786856247,2000,12.773518032824,-66.892602313835,,,,,,,,,,-69.075473024315,0.94857910657,0.94857910657,0.036979617385,2550.0,341470.621270588,48067.3506078431,20.222845701153,13.487424241002,,0.68074728203,17.801648952871,26.691530834004,,0.725326511441,0.692448053232,,80.6618813301,19.3381186699,135.644479894735,10.9789296476,66.996583880043,835074278.092788,717225461.133121,1.273716719543,0.607600795597,21.137044307052,3.089975826313,2.480168082227,,,,,,,,,1334388126.73,,,,,,,,,0
000682.SZ,000682,东方电子,10005606,通用,2000-06-30 00:00:00,中报,2000中报,058001001,2001-08-14 00:00:00,2001-08-14 00:00:00,CNY,,0.0,,1.442,0.10449678227,0.246142830055,0.1278616329,610691288.33,317383880.27,217458611.23,217558400.0,54.599879256531,51.984214905855,,,,,,0.0,15.3615456279,35.6444934355,51.9712473937,0.036376022214,0.503600457559,0.192193409949,27.9335642875,6.591340941348,6.257749485478,0.61298402792,13.6347277665,1.157872804819,0.15787280482,417.666878959448,35.019105344246,,0.43096546331,5.140051358553,,,,,,,,,,,,,,,,,,,,,,,,,,,-56.5662650602,-92.664981985438,-67.266781581812,-78.68972785,,-14.163254455149,53.349009760226,2000,17.104207838351,-15.298272622667,,,,,,,,,,-3.814865573254,0.66527584339,0.66527584339,0.323090341578,,,,10.597944618568,6.924730573005,,0.520196743726,16.984425421948,25.993791108885,,4.013456745218,4.012934482599,,81.8894351152,18.1105648848,726.127677313594,1.2516279944,385.625569713147,4985554.71240368,-8597293.77106261,0.927395929896,0.367476821116,0.457958772601,0.539195234451,,,,,,,,,,210137436.83,,,,,,,,,0
000682.SZ,000682,东方电子,10005606,通用,1999-12-31 00:00:00,年报,1999年报,058001001,2001-04-10 00:00:00,2001-04-10 00:00:00,CNY,0.54,0.0,,1.93,0.517194850963,0.264933611483,0.55,855763899.91,452658314.52,304776465.53,303614900.34,89.976440052706,127.189420311391,,,,,,0.0,33.1282039422,35.6637179007,52.8952336699,0.03079380576,0.550932128137,0.366648760707,15.1804235236,6.662031962704,6.353720290955,1.925045309718,13.9104417929,1.161581056781,0.161581056781,387.55310932818,45.382634591133,,0.928904945761,7.932549602802,,,,,,,,,,,,,,,,,,,,,,,,,,-3.571428571429,16.9696969697,173.191242963623,-1.530536437777,71.875,,10.670253564214,-47.607199281564,1999,38.582066020131,7.80114503678,,,,,,,,,,11.696900134439,1.49160549204,1.49160549204,0.63086280801,,,,13.114073866592,12.640531034615,,1.144686494425,27.451423841458,28.479816157578,,4.445343503871,4.430639598809,,83.9876719499,16.0123280501,718.884428609155,1.39216085,424.658018808188,275176796.211795,-361534992.984037,1.024256632001,0.677966680493,0.87277846186,1.02807217612,,,,,,,,,,179843737.52,,,,,,,,,0
000682.SZ,000682,东方电子,10005606,通用,1999-06-30 00:00:00,中报,1999中报,058001001,2000-08-19 00:00:00,2000-08-19 00:00:00,CNY,,0.0,,3.32,1.424628842936,0.75196647916,0.6,395014078.45,213436042.04,143079734.54,,119.926025782978,108.233470045191,,,,,,0.0,17.8962349171,36.250934633,54.032515215,0.008920569449,0.586965750815,0.436890719002,14.4919869841,11.520905110295,11.067826094846,2.254067966757,8.8913047354,1.097590078637,0.097590078638,364.611230470648,42.661174870888,,0.493676510643,4.219293081936,,,,,,,,,,,,,,,,,,,,,,,,,,,34.4129554656,318.063075392533,-22.996279067218,900.0,,4.905764238668,-65.071204887842,1999,20.193458112318,2.907278728596,,,,,,,,,,-6.667847290098,1.377027399523,1.377027399523,0.592590780181,,,,7.935737007839,7.637858879943,,0.611752870514,22.68220328146,23.566814054745,,7.866375905587,7.863383594767,,83.9557209346,16.0442790654,1108.07077563184,2.2824143454,747.154891724013,117442702.79031,-393399049.615396,0.980566372115,0.36866752142,1.030663089062,1.205184703306,,,,,,,,,,93415767.38,,,,,,,,,0
000682.SZ,000682,东方电子,10005606,通用,1998-12-31 00:00:00,年报,1998年报,058001001,2000-04-05 00:00:00,2000-04-05 00:00:00,CNY,0.56,0.0,,1.65,0.189316042986,0.269051543391,0.32,450457909.24,213319047.7,134150817.9,,90.327601016384,89.97346400842,,,,,40.9,0.0,29.9341538266,29.8474238574,47.3560444437,0.017563966705,0.369240602525,0.172614314978,15.8020286602,3.365542698819,2.943095236907,0.639290886087,26.5502924107,1.36147580817,0.36147580817,358.956951009568,82.863180198268,,1.002905777385,4.344511025749,,,,,,,,,,,,,,,,,,,,,,,,,,8.317214700193,-16.2436548223,-44.444444218354,-43.180813032188,,,37.562804818501,26.203140463348,1998,35.790033590986,38.64952382823,,,,,,,,,,0.757695817402,1.832023389751,1.832023389751,0.668879206844,,,,10.888290780888,11.567926967522,,1.358842598221,33.063040585937,31.120528424041,185.473410528003,2.213452331172,0.725100209734,,74.4729774516,25.5270225484,376.643686077265,10.4668335476,72.510020973412,35966841.0897746,2541344.74772911,0.730317582313,0.598517802712,0.488222551181,0.578322322901,,,,,,,,,,145934578.73,,,,,,,,,0
000682.SZ,000682,东方电子,10005606,通用,1998-06-30 00:00:00,中报,1998中报,058001001,1998-08-18 00:00:00,1998-08-18 00:00:00,CNY,,0.0,,2.47,0.340768875988,0.976532653294,0.06,179612247.82,103982402.97,68711208.87,,112.625445960429,94.730949726079,,,,,,0.0,17.0593437329,38.3285975459,57.8927129035,0.035093989895,0.288628277131,0.047858096006,15.0171048183,3.591441283786,2.945996580072,0.092568057098,25.4555151612,1.341480864966,0.341480864966,404.420455221959,140.089939384605,109.968225352262,0.445081344615,1.284888842059,1.636836453652,,,,,,,,,,,,,,,,,,,,,,,,,,44.4444444444,-0.022464379433,246.815193084337,,,53.186330434826,-12.144497215901,1998,19.62296385815,,,,,,,,,,,,1.31487736325,1.31487736325,0.60680524612,,,,3.540832132292,4.829249506581,,0.611798429511,50.835507946966,37.272872266117,250.059397344614,1.975516295664,0.444822566889,,72.7462249373,27.2537750627,388.047087944865,13.7626789039,44.482256688891,-23862765.5167621,-8306590.60789144,0.489202578758,0.191662063735,0.105742850674,0.124862632786,,,,,,,,,,116699881.8,,,,,,,,,0
000682.SZ,000682,东方电子,10005606,通用,1997-12-31 00:00:00,年报,1997年报,058001001,1998-03-14 00:00:00,1998-03-14 00:00:00,CNY,0.517,0.0,,1.97,0.340768875988,0.473522339458,0.0,236675031.28,111237094.19,70615556.02,,72.347836393001,101.056323125805,,,,,,0.0,21.7603543822,30.0277553849,46.9999279554,0.024420823011,,,14.8437336062,4.252864369286,3.284024083285,,21.0377430492,1.266427833519,0.266427833519,496.774627321593,120.63105063937,104.122780123976,0.724674691904,2.984306263536,3.457456663867,,,,,,,,,,,,,,,,,,,,,,,,,,-32.3024054983,-73.409376706827,6.046779684154,,,43.936695226605,-34.164751262072,1997,25.813311580735,43.905718723628,,,,,,,,,,9.937027207792,1.732613698975,1.732613698975,0.634407880454,,,,8.851422621019,13.01168000102,,0.95287144314,40.671428245345,27.667449550848,224.752778877572,2.052407221164,0.756022644463,,72.7542022496,27.2457977504,467.791950314714,11.6706574554,75.602264446271,4394867.64270042,56336176.8683706,,,,,,,,,,,,,,73348546.81,,,,,,,,,0
000682.SZ,000682,东方电子,10005606,通用,1997-06-30 00:00:00,中报,1997中报,058001001,1997-07-14 00:00:00,1997-07-14 00:00:00,CNY,,0.0,,1.71,0.340845444802,0.281571474597,0.0,84473543.14,,35285201.95,,99.275124310745,390.331775103955,,,,,,0.0,11.1363355232,42.2411045206,,,,,14.9382197867,3.349481849375,3.349481849375,,28.9742979717,1.407941029012,0.407941029012,682.755902769778,,,0.263637413122,,,,,,,,,,,,,,,,,,,,,,,,,,,,45.0160399571,,,,,170.77670032526,-40.429146951896,1997,,,,,,,,,,,,,0.618400755051,0.618400755051,,,,,,,,0.34112039654,,,,,,,74.9846154744,9.6644997289,345.133470006901,22.3869299332,,1577764.96866055,,,,,,,,,,,,,,,97438728.76,,,,,,,,,0
000682.SZ,000682,东方电子,10005606,通用,1996-12-31 00:00:00,年报,1996年报,058001001,1997-04-11 00:00:00,1997-04-11 00:00:00,CNY,,0.0,,2.91,1.281537751977,0.446522130015,0.0,137324051.31,58708341.33,35122275.65,,44.853609781382,53.65218230151,,,,,,0.0,15.1180033333,25.9659712191,42.7516817119,0.060483403168,,,13.7480513241,3.653032945526,3.25814210139,,31.9551356644,1.469618625541,0.469618625541,618.319061899607,120.338967654256,156.204421979784,0.582223680593,2.991549678524,2.304672271356,,,,,,,,,,,,,,,,,,,,,,,,,,95.3020134228,,,,,7.981875844,-28.413339543062,1996,17.937655160397,,,,,,,,,,,,2.01060104407,2.01060104407,0.618935107321,,,,13.113295590524,10.663525580167,,0.761124894069,27.453053087596,33.759941521551,276.54350870081,2.270292591808,1.374924994527,,79.826811764,20.173188236,307.432339750986,17.1538775718,137.492499452741,-15948158.3703679,-78296964.7876427,,,,,,,,,,,,,,97315390.07,,,,,,,,,0
000682.SZ,000682,东方电子,10005606,通用,1996-06-30 00:00:00,中报,1996中报,058001001,1996-12-12 00:00:00,1996-12-12 00:00:00,CNY,,0.0,,1.179179903482,,,0.0,42390410.46,,7196189.14,,,,,,,,,0.0,4.1127377318,16.9759836291,,,,,,2.223920971885,2.223920971885,,48.6383801627,1.946979092886,0.946979092887,742.978826392661,,,0.242268007655,,,,,,,,,,,,,,,,,,,,,,,,,,,,,,,,,,,1996,,,,,,,,,,,,,0.532506241861,0.532506241861,,,,,,,,0.341888361463,,,,,,,71.2600040401,28.7399959599,205.598952237844,35.6992452784,,32511978.45,,,,,,,,,,,,,,,88892143.54,,,,,,,,,0
000682.SZ,000682,东方电子,10005606,通用,1995-12-31 00:00:00,年报,1995年报,058001001,1997-01-16 00:00:00,1997-01-16 00:00:00,CNY,,0.0,,1.49,,,0.0,94801953.17,,22858299.26,,16.389310301078,11.438404684948,,,,,,0.0,14.0005007462,24.1116332477,,,,,,2.104557227748,2.104557227748,,44.6383941651,1.806305985744,0.860995690246,619.99125077726,,,0.580653355267,,,,,,,,,,,,,,,,,,,,,,,,,,,,5.6737588652,,,,,-1.832795541784,-2.559137498868,1995,,,,,,,,,,,,,,,,,,,,,,0.850042373934,,,,,,,70.426349801,29.5736503785,224.022395675881,33.4637371094,,80732415.11,,,,,,,,,,,,,,,74628743.91,,,,,,,,,0
000682.SZ,000682,东方电子,10005606,通用,1994-12-31 00:00:00,年报,1994年报,058001001,1997-01-16 00:00:00,1997-01-16 00:00:00,CNY,,0.0,,1.41,,,0.0,81452457.21,,20512048.18,,22.143855151121,,,,,,,0.0,14.2618920682,25.1828476176,,,,,,1.828821595575,1.828821595575,,45.8107543584,1.845384611208,0.892634380662,635.667771079206,,,0.566333572943,,,,,,,,,,,,,,,,,,,,,,,,,,,,3.6764705882,,,,,,18.424696307477,1994,,,,,,,,,,,,,,,,,,,,,,0.779811371221,,,,,,,66.0870430681,33.9129569319,218.289354542514,36.136407853,,102703856.67,,,,,,,,,,,,,,,72999598.75,,,,,,,,,0
000682.SZ,000682,东方电子,10005606,通用,1993-12-31 00:00:00,年报,1993年报,058001001,1997-01-16 00:00:00,1997-01-16 00:00:00,CNY,,0.0,,1.36,,,0.0,66685677.4,,,,,,,,,,,0.0,,,,,,,,2.992704139326,2.992704139326,,38.6834467698,1.630880973113,0.630880973112,,,,,,,,,,,,,,,,,,,,,,,,,,,,,,,,,,,,,,,1993,,,,,,,,,,,,,,,,,,,,,,0.643727407557,,,,,,,80.7440837615,19.2559162385,258.508505188622,26.9803094467,,-2292164.98,,,,,,,,,,,,,,,49630085.09,,,,,,,,,0
