SECUCODE,SECURITY_CODE,SECURITY_NAME_ABBR,ORG_CODE,ORG_TYPE,REPORT_DATE,REPORT_TYPE,REPORT_DATE_NAME,SECURITY_TYPE_CODE,NOTICE_DATE,UPDATE_DATE,CURRENCY,ACCEPT_DEPOSIT_INTERBANK,ACCOUNTS_PAYABLE,ACCOUNTS_RECE,ACCRUED_EXPENSE,ADVANCE_RECEIVABLES,AGENT_TRADE_SECURITY,AGENT_UNDERWRITE_SECURITY,AMORTIZE_COST_FINASSET,AMORTIZE_COST_FINLIAB,AMORTIZE_COST_NCFINASSET,AMORTIZE_COST_NCFINLIAB,APPOINT_FVTPL_FINASSET,APPOINT_FVTPL_FINLIAB,ASSET_BALANCE,ASSET_OTHER,ASSIGN_CASH_DIVIDEND,AVAILABLE_SALE_FINASSET,BOND_PAYABLE,BORROW_FUND,BUY_RESALE_FINASSET,CAPITAL_RESERVE,CIP,CONSUMPTIVE_BIOLOGICAL_ASSET,CONTRACT_ASSET,CONTRACT_LIAB,CONVERT_DIFF,CREDITOR_INVEST,CURRENT_ASSET_BALANCE,CURRENT_ASSET_OTHER,CURRENT_LIAB_BALANCE,CURRENT_LIAB_OTHER,DEFER_INCOME,DEFER_INCOME_1YEAR,DEFER_TAX_ASSET,DEFER_TAX_LIAB,DERIVE_FINASSET,DERIVE_FINLIAB,DEVELOP_EXPENSE,DIV_HOLDSALE_ASSET,DIV_HOLDSALE_LIAB,DIVIDEND_PAYABLE,DIVIDEND_RECE,EQUITY_BALANCE,EQUITY_OTHER,EXPORT_REFUND_RECE,FEE_COMMISSION_PAYABLE,FIN_FUND,FINANCE_RECE,FIXED_ASSET,FIXED_ASSET_DISPOSAL,FVTOCI_FINASSET,FVTOCI_NCFINASSET,FVTPL_FINASSET,FVTPL_FINLIAB,GENERAL_RISK_RESERVE,GOODWILL,HOLD_MATURITY_INVEST,HOLDSALE_ASSET,HOLDSALE_LIAB,INSURANCE_CONTRACT_RESERVE,INTANGIBLE_ASSET,INTEREST_PAYABLE,INTEREST_RECE,INTERNAL_PAYABLE,INTERNAL_RECE,INVENTORY,INVEST_REALESTATE,LEASE_LIAB,LEND_FUND,LIAB_BALANCE,LIAB_EQUITY_BALANCE,LIAB_EQUITY_OTHER,LIAB_OTHER,LOAN_ADVANCE,LOAN_PBC,LONG_EQUITY_INVEST,LONG_LOAN,LONG_PAYABLE,LONG_PREPAID_EXPENSE,LONG_RECE,LONG_STAFFSALARY_PAYABLE,MINORITY_EQUITY,MONETARYFUNDS,NONCURRENT_ASSET_1YEAR,NONCURRENT_ASSET_BALANCE,NONCURRENT_ASSET_OTHER,NONCURRENT_LIAB_1YEAR,NONCURRENT_LIAB_BALANCE,NONCURRENT_LIAB_OTHER,NOTE_ACCOUNTS_PAYABLE,NOTE_ACCOUNTS_RECE,NOTE_PAYABLE,NOTE_RECE,OIL_GAS_ASSET,OTHER_COMPRE_INCOME,OTHER_CREDITOR_INVEST,OTHER_CURRENT_ASSET,OTHER_CURRENT_LIAB,OTHER_EQUITY_INVEST,OTHER_EQUITY_OTHER,OTHER_EQUITY_TOOL,OTHER_NONCURRENT_ASSET,OTHER_NONCURRENT_FINASSET,OTHER_NONCURRENT_LIAB,OTHER_PAYABLE,OTHER_RECE,PARENT_EQUITY_BALANCE,PARENT_EQUITY_OTHER,PERPETUAL_BOND,PERPETUAL_BOND_PAYBALE,PREDICT_CURRENT_LIAB,PREDICT_LIAB,PREFERRED_SHARES,PREFERRED_SHARES_PAYBALE,PREMIUM_RECE,PREPAYMENT,PRODUCTIVE_BIOLOGY_ASSET,PROJECT_MATERIAL,RC_RESERVE_RECE,REINSURE_PAYABLE,REINSURE_RECE,SELL_REPO_FINASSET,SETTLE_EXCESS_RESERVE,SHARE_CAPITAL,SHORT_BOND_PAYABLE,SHORT_FIN_PAYABLE,SHORT_LOAN,SPECIAL_PAYABLE,SPECIAL_RESERVE,STAFF_SALARY_PAYABLE,SUBSIDY_RECE,SURPLUS_RESERVE,TAX_PAYABLE,TOTAL_ASSETS,TOTAL_CURRENT_ASSETS,TOTAL_CURRENT_LIAB,TOTAL_EQUITY,TOTAL_LIAB_EQUITY,TOTAL_LIABILITIES,TOTAL_NONCURRENT_ASSETS,TOTAL_NONCURRENT_LIAB,TOTAL_OTHER_PAYABLE,TOTAL_OTHER_RECE,TOTAL_PARENT_EQUITY,TRADE_FINASSET,TRADE_FINASSET_NOTFVTPL,TRADE_FINLIAB,TRADE_FINLIAB_NOTFVTPL,TREASURY_SHARES,UNASSIGN_RPOFIT,UNCONFIRM_INVEST_LOSS,USERIGHT_ASSET,ACCEPT_DEPOSIT_INTERBANK_YOY,ACCOUNTS_PAYABLE_YOY,ACCOUNTS_RECE_YOY,ACCRUED_EXPENSE_YOY,ADVANCE_RECEIVABLES_YOY,AGENT_TRADE_SECURITY_YOY,AGENT_UNDERWRITE_SECURITY_YOY,AMORTIZE_COST_FINASSET_YOY,AMORTIZE_COST_FINLIAB_YOY,AMORTIZE_COST_NCFINASSET_YOY,AMORTIZE_COST_NCFINLIAB_YOY,APPOINT_FVTPL_FINASSET_YOY,APPOINT_FVTPL_FINLIAB_YOY,ASSET_BALANCE_YOY,ASSET_OTHER_YOY,ASSIGN_CASH_DIVIDEND_YOY,AVAILABLE_SALE_FINASSET_YOY,BOND_PAYABLE_YOY,BORROW_FUND_YOY,BUY_RESALE_FINASSET_YOY,CAPITAL_RESERVE_YOY,CIP_YOY,CONSUMPTIVE_BIOLOGICAL_ASSET_YOY,CONTRACT_ASSET_YOY,CONTRACT_LIAB_YOY,CONVERT_DIFF_YOY,CREDITOR_INVEST_YOY,CURRENT_ASSET_BALANCE_YOY,CURRENT_ASSET_OTHER_YOY,CURRENT_LIAB_BALANCE_YOY,CURRENT_LIAB_OTHER_YOY,DEFER_INCOME_1YEAR_YOY,DEFER_INCOME_YOY,DEFER_TAX_ASSET_YOY,DEFER_TAX_LIAB_YOY,DERIVE_FINASSET_YOY,DERIVE_FINLIAB_YOY,DEVELOP_EXPENSE_YOY,DIV_HOLDSALE_ASSET_YOY,DIV_HOLDSALE_LIAB_YOY,DIVIDEND_PAYABLE_YOY,DIVIDEND_RECE_YOY,EQUITY_BALANCE_YOY,EQUITY_OTHER_YOY,EXPORT_REFUND_RECE_YOY,FEE_COMMISSION_PAYABLE_YOY,FIN_FUND_YOY,FINANCE_RECE_YOY,FIXED_ASSET_DISPOSAL_YOY,FIXED_ASSET_YOY,FVTOCI_FINASSET_YOY,FVTOCI_NCFINASSET_YOY,FVTPL_FINASSET_YOY,FVTPL_FINLIAB_YOY,GENERAL_RISK_RESERVE_YOY,GOODWILL_YOY,HOLD_MATURITY_INVEST_YOY,HOLDSALE_ASSET_YOY,HOLDSALE_LIAB_YOY,INSURANCE_CONTRACT_RESERVE_YOY,INTANGIBLE_ASSET_YOY,INTEREST_PAYABLE_YOY,INTEREST_RECE_YOY,INTERNAL_PAYABLE_YOY,INTERNAL_RECE_YOY,INVENTORY_YOY,INVEST_REALESTATE_YOY,LEASE_LIAB_YOY,LEND_FUND_YOY,LIAB_BALANCE_YOY,LIAB_EQUITY_BALANCE_YOY,LIAB_EQUITY_OTHER_YOY,LIAB_OTHER_YOY,LOAN_ADVANCE_YOY,LOAN_PBC_YOY,LONG_EQUITY_INVEST_YOY,LONG_LOAN_YOY,LONG_PAYABLE_YOY,LONG_PREPAID_EXPENSE_YOY,LONG_RECE_YOY,LONG_STAFFSALARY_PAYABLE_YOY,MINORITY_EQUITY_YOY,MONETARYFUNDS_YOY,NONCURRENT_ASSET_1YEAR_YOY,NONCURRENT_ASSET_BALANCE_YOY,NONCURRENT_ASSET_OTHER_YOY,NONCURRENT_LIAB_1YEAR_YOY,NONCURRENT_LIAB_BALANCE_YOY,NONCURRENT_LIAB_OTHER_YOY,NOTE_ACCOUNTS_PAYABLE_YOY,NOTE_ACCOUNTS_RECE_YOY,NOTE_PAYABLE_YOY,NOTE_RECE_YOY,OIL_GAS_ASSET_YOY,OTHER_COMPRE_INCOME_YOY,OTHER_CREDITOR_INVEST_YOY,OTHER_CURRENT_ASSET_YOY,OTHER_CURRENT_LIAB_YOY,OTHER_EQUITY_INVEST_YOY,OTHER_EQUITY_OTHER_YOY,OTHER_EQUITY_TOOL_YOY,OTHER_NONCURRENT_ASSET_YOY,OTHER_NONCURRENT_FINASSET_YOY,OTHER_NONCURRENT_LIAB_YOY,OTHER_PAYABLE_YOY,OTHER_RECE_YOY,PARENT_EQUITY_BALANCE_YOY,PARENT_EQUITY_OTHER_YOY,PERPETUAL_BOND_PAYBALE_YOY,PERPETUAL_BOND_YOY,PREDICT_CURRENT_LIAB_YOY,PREDICT_LIAB_YOY,PREFERRED_SHARES_PAYBALE_YOY,PREFERRED_SHARES_YOY,PREMIUM_RECE_YOY,PREPAYMENT_YOY,PRODUCTIVE_BIOLOGY_ASSET_YOY,PROJECT_MATERIAL_YOY,RC_RESERVE_RECE_YOY,REINSURE_PAYABLE_YOY,REINSURE_RECE_YOY,SELL_REPO_FINASSET_YOY,SETTLE_EXCESS_RESERVE_YOY,SHARE_CAPITAL_YOY,SHORT_BOND_PAYABLE_YOY,SHORT_FIN_PAYABLE_YOY,SHORT_LOAN_YOY,SPECIAL_PAYABLE_YOY,SPECIAL_RESERVE_YOY,STAFF_SALARY_PAYABLE_YOY,SUBSIDY_RECE_YOY,SURPLUS_RESERVE_YOY,TAX_PAYABLE_YOY,TOTAL_ASSETS_YOY,TOTAL_CURRENT_ASSETS_YOY,TOTAL_CURRENT_LIAB_YOY,TOTAL_EQUITY_YOY,TOTAL_LIAB_EQUITY_YOY,TOTAL_LIABILITIES_YOY,TOTAL_NONCURRENT_ASSETS_YOY,TOTAL_NONCURRENT_LIAB_YOY,TOTAL_OTHER_PAYABLE_YOY,TOTAL_OTHER_RECE_YOY,TOTAL_PARENT_EQUITY_YOY,TRADE_FINASSET_NOTFVTPL_YOY,TRADE_FINASSET_YOY,TRADE_FINLIAB_NOTFVTPL_YOY,TRADE_FINLIAB_YOY,TREASURY_SHARES_YOY,UNASSIGN_RPOFIT_YOY,UNCONFIRM_INVEST_LOSS_YOY,USERIGHT_ASSET_YOY,OPINION_TYPE,OSOPINION_TYPE,LISTING_STATE
000682.SZ,000682,东方电子,10005606,通用,2026-03-31 00:00:00,一季报,2026一季报,058001001,2026-04-29 00:00:00,2026-04-29 00:00:00,CNY,,1938074496.76,1725019350.92,,8836769.11,,,,,,,,,0.0,,,,,,,1152305597.92,54939198.4,,169609978.82,3764504109.18,,,0.0,,0.0,,31137539.24,,125132471.72,72685832.48,,,14580177.68,,,,30246.77,0.0,,,,,115400710.14,991986581.68,,,,,,,,,,,,186822746.91,,,,,4618270083.09,106144922.29,7263747.32,,0.0,,,,,,119062180.65,,,47659604.09,,,482260112.75,4009424992.75,,0.0,,7072323.51,0.0,,2354773361.43,1761516239.43,416698864.67,36496888.51,,-3425161.85,,284498102.44,4351315.54,10233000.0,,,116835836.09,755550431.39,30598240.29,,,0.0,,,,,92461563.87,,,,330934647.46,,,,,,,,1340727007.0,,,127107026.04,,,523761262.34,,186796669.29,73703984.81,14057615948.54,11512567061.57,7189230791.44,6634238233.9,14057615948.54,7423377714.64,2545048886.97,234146923.2,325120639.48,222912307.44,6151978121.15,,,,,,3475574008.79,,16101736.07,,21.3600085316,39.0998426741,,85.1683600187,,,,,,,,,,,,,,,,0.0002816509,2450.6180129909,,-30.9682184408,3.6620127738,,,,,,,,14.7423633054,52.0467090658,171.6031309254,,,102.3015890432,,,,,,,,,,-1.7575241515,,2.1036764169,,,,,,,,,,,47.8280444519,,,,,10.9906341047,-5.3069970622,-1.4449761329,,,,,,,,8.9238990147,,,53.9952016435,,,1.9802568333,12.8628146962,,,,19.7019119013,,,27.9567933309,36.9984980709,71.2520937993,-20.0716974504,,10.4986776981,,-3.6467747325,-72.4565163116,-29.5053733811,,,50.0450687033,108.1802408992,-15.1651219388,,,,,,,,-10.4678576176,,,,7.0273606604,,,,,,,,0.0,,,-21.8747587863,,,22.3496660409,,42.8683164415,20.7859354073,14.1200060305,10.6297035092,12.1534457544,16.237360689,14.1200060305,12.2919645238,33.1178165653,16.7181368677,25.0043358842,-21.6584752988,17.5253532003,,,,,,32.927098035,,10.0885670612,,,0
000682.SZ,000682,东方电子,10005606,通用,2025-12-31 00:00:00,年报,2025年报,058001001,2026-04-24 00:00:00,2026-04-29 00:00:00,CNY,,1901979839.59,1821560145.15,,8739661.76,,,,,,,,,0.0,,,,,,,1152305597.92,34434364.31,,183114520.9,3624420544.44,,,0.0,,0.0,,33097193.27,,124918831.74,54779808.64,,,15584603.9,,,5512475.06,3740919.6,0.0,,,,,103651919.35,987653718.97,,,,,,,,,,,,185960501.28,,,,,4166383818.32,108337971.21,9124056.08,,0.0,,,,,,118191405.57,,,44906221.5,,,495463666.11,4559246359.87,,0.0,,7781863.15,0.0,,2263937777.1,1847165948.85,361957937.51,25605803.7,,-6111864.07,,213812281.1,3499403.86,10233000.0,,,121635487.03,631648852.79,30598240.29,,,0.0,,,,,93564074.76,,,,292409983.03,,,,,,,,1340727007.0,,,223504045.16,,,787910919.13,,186796669.29,126750746.88,14015967687.49,11614238522.53,7385874892.93,6408929421.52,14015967687.49,7607038265.97,2401729164.96,221163373.04,339329931.45,238453691.11,5913465755.41,,10000000.0,,,,3239748345.27,,18224206.66,,12.9113919584,18.0654254781,,54.2563252055,,,,,,,,,,,,,,,,0.0002816509,1454.221083764,,-34.9021066982,3.463423506,,,,,,,,7.4810325655,50.818199845,104.7195921417,,,152.6026903404,,,,,,,,,,-0.5518638137,,0.6273180257,,,,,,,,,,,41.9057374133,,,,,8.9325844591,-4.4175896288,28.0968078852,,,,,,,,22.3313467374,,,46.3249496944,,,0.546689992,10.647450738,,,,37.9930878575,,,15.5002829798,16.1570158325,31.3223184493,-45.9705618803,,-85.3917433162,,15.9417858952,-48.2377933095,-29.5053733811,,,29.484724593,74.0410763788,-15.405637661,,,,,,,,-8.0395671781,,,,-8.6636449675,,,,,,,,0.0,,,-14.6979962369,,,16.5279862495,,42.8683164415,-11.6009706179,10.9753459258,8.55104732,8.2938021412,14.3024010206,10.9753459258,8.319032605,24.411651007,9.1684231289,31.8348945998,-0.1329599891,15.6278019206,-71.4285714286,,,,,29.9149937446,,24.1422527518,标准无保留意见,,0
000682.SZ,000682,东方电子,10005606,通用,2025-09-30 00:00:00,三季报,2025三季报,058001001,2025-10-25 00:00:00,2025-10-25 00:00:00,CNY,,1856241604.94,1692370922.45,,8933876.47,,,,,,,,,0.0,,,,,,,1152305597.92,21775075.64,,168985480.48,3651174240.04,,,0.0,,0.0,,31204908.04,,78141619.05,27313463.6,,,9950574.69,,,,2018553.88,0.0,,,,,126539092.95,964751918.77,,,,,,,,,,,,129125196.69,,,,,4659752589.58,109591015.81,7791637.83,,0.0,,,,,,111386582.98,,,28057044.23,,,440765636.34,3660203353.16,,0.0,,8469403.69,0.0,,2190375514.9,1744476238.86,334133909.96,52105316.41,,-1290424.1,,305243218.85,5177129.36,14516000.0,,,95437357.37,352930904.55,35870218.07,,,0.0,,,,,108641714.68,,,,363932059.35,,,,,,,,1340727007.0,,,298666936.16,,,532004289.06,,130747442.08,61475388.63,13265498006.66,11330317042.95,7112600505.36,5942075559.08,13265498006.66,7323422447.58,1935180963.71,210821942.22,356323727.05,258185009.72,5501309922.74,,43000000.0,,,,2878820299.84,,19517673.93,,13.1910725882,26.3422583211,,75.4987138255,,,,,,,,,,,,,,,,0.0002862383,72.0633606921,,-30.4702467241,0.0777505157,,,,,,,,11.1891059825,27.866242228,2.7870540143,,,118.0954784613,,,,,,,,,,-7.7597927814,,-2.0491049768,,,,,,,,,,,0.1084069089,,,,,7.3102109954,-4.3943410316,7.1689378721,,,,,,,,19.8448251223,,,7.8693417313,,,7.5726553109,8.9425696876,,,,145.9707007127,,,14.2514500137,24.9684132569,20.5238728383,-7.6487072875,,78.0369238097,,104.2140143706,74.7902420108,22.2091261155,,,37.0637996903,-2.50635998,-0.8211429676,,,,,,,,14.1826809908,,,,26.0610728129,,,,,,,,0.0,,,-10.9904972031,,,22.9908773103,,28.3039371435,-20.6236486835,9.3771342279,10.5855786977,7.3320307185,11.9399789791,9.3771342279,7.3823583913,2.7999275175,9.1083880248,74.5049040895,-3.7861587432,12.3052837092,-29.5081967213,,,,,24.6526744862,,48.6372275634,,,0
000682.SZ,000682,东方电子,10005606,通用,2025-06-30 00:00:00,中报,2025中报,058001001,2025-08-23 00:00:00,2025-08-23 00:00:00,CNY,,1727693142.8,1543125712.73,,9380570.29,,,,,,,,,0.0,,,,,,,1152305510.85,3673458.67,,209144084.1,3564187177.59,,,0.0,,0.0,,34440953.2,,89665640.14,26604382.24,,,8485928.81,,,60332715.32,,0.0,,,,,94675842.38,968748011.93,,,,,,,,,,,,123907559.61,,,,,4495322307.91,110842374.63,5269647.25,,0.0,,,,,,112204726.58,,,29297853.8,,,462813422.09,3433013105.82,,0.0,,7414691.76,0.0,,1971703684.2,1592381821.67,244010541.4,49256108.94,,-3318477.83,,293019997.79,13398619.8,14516000.0,,,91425414.59,360930904.55,35969282.6,,,0.0,,,,,107461131.16,,,,305049414.88,,,,,,,,1340727007.0,,,178364536.16,,,492744315.88,,130747442.08,46899139.88,12657741667.75,10729878269.18,6628918748.36,5819077522.94,12657741667.75,6838664144.81,1927863398.57,209745396.45,344826012.8,272271694.63,5356264100.85,,35000000.0,,,,2735802618.75,,14165525.26,,4.8914402703,19.5496412392,,90.2225832104,,,,,,,,,,,,,,,,0.0002786821,-96.4585917311,,-13.6798266093,9.8629302731,,,,,,,,15.4200822838,32.46841271,-0.3938766543,,,-55.1391435946,,,-43.7499999953,,,,,,,-10.8341642813,,12.0325038074,,,,,,,,,,,5.7943249888,,,,,7.9641147153,-4.3910889323,-15.1368210584,,,,,,,,25.0984770409,,,18.8410918924,,,8.2576436369,11.4232698631,,,,101.7574931991,,,7.5633893185,21.0034970385,31.232872781,95.479256683,,50.9408826176,,70.8645808031,478.0362619568,22.2091261155,,,28.7948619816,-0.2964398225,-0.8187344321,,,,,,,,17.2191350566,,,,44.1256907852,,,,,,,,0.0,,,-31.7186524156,,,34.1607529887,,28.3039371435,-7.061679873,11.3384714265,12.8290176324,10.0910219075,12.8450625011,11.3384714265,10.0878237437,3.7128418045,9.9868427133,35.6800417698,75.1097003253,13.2597580929,-43.5483870968,,,,,27.78057742,,22.7107604554,,,0
000682.SZ,000682,东方电子,10005606,通用,2025-03-31 00:00:00,一季报,2025一季报,058001001,2025-04-29 00:00:00,2025-04-29 00:00:00,CNY,,1596963052.5,1240130339.3,,4772288.91,,,,,,,,,0.0,,,,,,,1152302352.45,2153956.34,,245698394.26,3631517475.35,,,0.0,,0.0,,27136916.43,,82298704.45,26761780.04,,,7207149.36,,,,,0.0,,,,,117465189.21,971548348.2,,,,,,,,,,,,126378420.01,,,,,4160954769.15,112093733.43,7370245.61,,0.0,,,,,,109307674.19,,,30948759.17,,,472895565.99,3552476520.76,,0.0,,5908279.49,0.0,,1840287881.66,1285792373.08,243324829.16,45662033.78,,-3826939.94,,295265780.31,15797985.43,14516000.0,,,77867161.58,362930904.55,36067995.84,,,0.0,,,,,103271921.58,,,,309205651.17,,,,,,,,1340727007.0,,,162696491.0,,,428085567.61,,130747442.08,61020336.98,12318274803.44,10406397826.61,6410173796.34,5707492147.6,12318274803.44,6610782655.84,1911876976.83,200608859.5,260087489.91,284539148.67,5234596581.61,,155000000.0,,,,2614646720.02,,14626165.55,,-9.5143114157,-1.6997858172,,8.0281675947,,,,,,,,,,,,,,,,-0.0068093211,-97.9214182691,,-2.1372890183,14.8878128096,,,,,,,,-16.2501316263,21.2339403103,2.0242209069,,,-60.0199995045,,,,,,,,,,-12.9980388221,,12.1037117981,,,,,,,,,,,4.2922280592,,,,,4.868031476,-4.2580065512,9.1388028707,,,,,,,,27.5601883911,,,25.2693224163,,,8.9891001968,16.858463329,,,,-31.8566521441,,,-1.4035011463,0.6630460629,139.4814982652,189.9410490126,,41.4457312264,,49.7211561264,626.2506032671,22.2091261155,,,-11.5417825971,0.2560402169,-1.0927485715,,,,,,,,13.9105324589,,,,65.6493722053,,,,,,,,0.0,,,-17.5468827286,,,25.7615170779,,28.3039371435,37.4203855187,10.9592626886,12.8868343994,10.7152318314,11.4892415732,10.9592626886,10.5057359774,1.5235536282,4.2052047869,57.7138934235,208.2530247662,11.7207663271,124.6376811594,,,,,24.6879694616,,-11.0050305367,,,0
000682.SZ,000682,东方电子,10005606,通用,2024-12-31 00:00:00,年报,2024年报,058001001,2025-04-23 00:00:00,2026-04-24 00:00:00,CNY,,1684488878.05,1542839605.9,,5665674.81,,,,,,,,,0.0,,,,,,,1152302352.45,2215538.36,,281291008.99,3503093578.02,,,0.0,,0.0,,30793520.01,,82827425.25,26758459.25,,,6169611.21,,,,,0.0,,,,,104227111.06,981496613.79,,,,,,,,,,,,131045089.98,,,,,3824736041.11,113345092.25,7122781.77,,0.0,,,,,,96615796.95,,,30689381.13,,,492769743.24,4120516405.45,,0.0,,5639313.73,0.0,,1960114485.17,1590231924.96,275625607.12,47392319.06,,-3296729.38,,184413479.1,6760538.4,14516000.0,,,93938097.65,362930904.55,36170543.1,,,0.0,,,,,101743839.05,,,,320146323.91,,,,,,,,1340727007.0,,,262015000.0,,,676155955.74,,130747442.08,143384772.17,12629803106.77,10699333455.8,6820219391.04,5606994572.55,12629803106.77,7022808534.22,1930469650.97,202589143.18,257390073.0,238771161.22,5114224829.31,,35000000.0,,,,2493744757.16,,14680099.85,,8.6318369668,4.9932632367,,24.1142039065,,,,,,,,,,,,,,,,-0.0068093211,-97.8120888222,,9.1602887948,14.3018677397,,,,,,,,-6.7908887352,20.9888853442,2.3483454262,,,-62.712801337,,,,,,,,,,23.803211539,,12.0292335101,,,,,,,,,,,4.3391833425,,,,,5.02706041,-4.2293307318,35.0970201388,,,,,,,,13.8119146638,,,23.2705903755,,,10.4461487899,24.4266830319,,,,19.0297883684,,,16.1222831989,6.9560108288,100.6968250942,173.2494684592,,49.3040608472,,11.0425379022,187.8166640104,22.2091261155,,,-6.8405801862,0.2560402169,-0.8115389453,,,,,,,,12.7622359413,,,,98.8471224558,,,,,,,,0.0,,,-8.8999037975,,,29.5353957983,,28.3039371435,1.8451168174,13.3497031421,15.7933364694,15.1875513805,11.4662702827,13.3497031421,14.8997508595,1.4803225636,5.9849356096,24.8347115035,202.6791061209,11.5655580353,-30.0,,,,,24.9656540716,,27.8338269952,标准无保留意见,,0
000682.SZ,000682,东方电子,10005606,通用,2024-09-30 00:00:00,三季报,2024三季报,058001001,2024-10-23 00:00:00,2024-10-23 00:00:00,CNY,,1639918734.31,1339512958.64,,5090565.21,,,,,,,,,0.0,,,,,,,1152302299.59,12655265.8,,243040529.44,3648337638.71,,,0.0,,0.0,,28064717.1,,61112000.86,26572863.54,,,4562485.55,,,,,0.0,,,,,137184311.23,984934255.62,,,,,,,,,,,,128985367.64,,,,,4342319846.69,114628168.45,7270425.54,,0.0,,,,,,92942338.45,,,26010211.78,,,409737618.79,3359754927.44,,0.0,,3443257.13,0.0,,1917153361.85,1395933735.09,277234627.54,56420776.45,,-5875425.14,,149472219.03,2961909.83,11878000.0,,,69629878.63,362004028.65,36167202.51,,,0.0,,,,,95147279.55,,,,288695035.85,,,,,,,,1340727007.0,,,335545000.0,,,432555894.14,,101904466.06,77447990.0,12128218663.16,10245745581.28,6626726856.6,5308269318.32,12128218663.16,6819949344.84,1882473081.88,193222488.24,204191239.73,268344976.51,4898531699.53,,61000000.0,,,,2309473352.02,,13131080.45,,-0.7575134753,11.9208736293,,11.5156569449,,,,,,,,,,,,,,,,-0.0073605673,-89.9845251953,,16.3025245324,33.0294223422,,,,,,,,-9.1790053582,19.948070612,49.236239174,,,-79.545060338,,,,,,,,,,-42.9287394762,,19.9543636514,,,,,,,,,,,7.7505850905,,,,,14.308802848,-3.8887747046,48.9498754146,,,,,,,,4.1826582715,,,60.2635015881,,,7.8861092206,40.8464946265,,,,16.0417599838,,,11.1185901719,15.5415380082,280.3688663796,398.1143079408,,-18.7914812077,,-20.5036679446,-31.054188779,-7.7580181719,,,-26.6632442746,15.6271202313,14.2501814909,,,,,,,,13.7280478277,,,,14.67541976,,,,,,,,0.0,,,8.9605939935,,,52.4241337138,,31.9180330295,41.3326323252,18.562352052,21.5241771771,25.2241212539,11.3171085588,18.562352052,24.8892054451,4.6768337831,14.3961832987,23.4885321198,172.8549554126,11.614010977,48.7804878049,,,,,26.6576751481,,20.0441692003,,,0
000682.SZ,000682,东方电子,10005606,通用,2024-06-30 00:00:00,中报,2024中报,058001001,2024-08-23 00:00:00,2024-08-23 00:00:00,CNY,,1647125006.91,1290782386.91,,4931365.21,,,,,,,,,0.0,,,,,,,1152302299.59,103728753.96,,242288767.37,3244212737.39,,,0.0,,0.0,,29839654.0,,67688317.77,26709585.06,,,18916109.7,,,107258160.56,,0.0,,,,,106179504.31,864702634.51,,,,,,,,,,,,117121177.93,,,,,4163718953.99,115933100.16,6209580.31,,0.0,,,,,,89693119.56,,,24652965.85,,,427511080.55,3081055788.47,,0.0,,3675051.49,0.0,,1833062063.86,1315980001.11,185937056.95,25197614.2,,-6764242.83,,171492533.1,2317954.89,11878000.0,,,70985296.45,362004028.65,36266206.52,,,0.0,,,,,91675417.25,,,,211655127.7,,,,,,,,1340727007.0,,,261220000.0,,,367279032.73,,101904466.06,50462650.73,11368704371.07,9509857033.53,6021307308.72,5156696619.21,11368704371.07,6212007751.86,1858847337.54,190700443.14,254146452.42,155486357.48,4729185538.66,,62000000.0,,,,2141016008.84,,11543833.0,,0.0814571478,7.2830344627,,20.3488071971,,,,,,,,,,,,,,,,-0.3938003255,-45.3978120465,,19.7189660378,30.8894918,,,,,,,,-7.4349202113,19.9729144338,50.5170773029,,,-41.7178149417,,,6.6666666614,,,,,,,-50.8125221529,,32.3459459791,,,,,,,,,,,5.8794280572,,,,,14.6560775372,-4.0711729498,8.9890187564,,,,,,,,2.1044366272,,,52.1674842275,,,2.232632269,39.1708254558,,,,-3.61467445,,,7.4155399401,7.627322815,206.1681056173,28.8014572742,,-11.3427804423,,-6.9265816466,14.3435424767,-7.7580181719,,,-62.5913694036,15.8221241904,14.3884094595,,,,,,,,12.7523805129,,,,8.5708713944,,,,,,,,0.0,,,1.7193569717,,,53.9858549316,,31.9180330295,65.8555470683,15.7870525843,18.5419893849,20.8667412004,10.4651054296,15.7870525843,20.6106458718,3.4832399004,13.0476237255,-1.9964722425,81.7717879171,11.2751332334,1.6393442623,,,,,27.3478161803,,-3.4247089993,,,0
000682.SZ,000682,东方电子,10005606,通用,2024-03-31 00:00:00,一季报,2024一季报,058001001,2024-04-27 00:00:00,2024-04-27 00:00:00,CNY,,1764879151.04,1261574402.06,,4417633.86,,,,,,,,,0.0,,,,,,,1152380821.76,103626251.88,,251064365.37,3160924894.07,,,0.0,,0.0,,32402339.2,,67884211.5,26230810.49,,82920.0,18026886.62,,,,,0.0,,,,,135014415.33,866651364.72,,,,,,,,,,,,121177217.48,,,,,3967800969.07,117078963.36,6753093.69,,0.0,,,,,,85691057.35,,,24705776.78,,,433892531.58,3039982231.12,2068240.66,0.0,,8670368.68,0.0,,1866484006.08,1277323132.34,101604855.04,15748730.28,,-6535714.68,,197210459.73,2175280.18,11878000.0,,,88027052.62,362004028.65,36466482.81,,,0.0,,,,,90660555.57,,,,186662736.51,,,,,,,,1340727007.0,,,197320000.0,,,340394722.93,,101904466.06,44404137.53,11101619193.35,9218433559.57,5789784919.66,5119320991.93,11101619193.35,5982298201.42,1883185633.78,192513281.76,164910956.33,92307009.44,4685428460.35,,69000000.0,,,,2096951880.21,,16434822.82,,11.3955470882,-5.8315854094,,7.8113145233,,,,,,,,,,,,,,,,-0.3870127881,-41.9967082208,,17.1413193641,27.3758406605,,,,,,,,-3.6223110353,16.069522908,46.6582736109,,-87.3087589766,-42.6159614408,,,,,,,,,,-41.0127025649,,32.1771402954,,,,,,,,,,,8.9715617209,,,,,18.7968320364,-4.0738517093,29.1497873427,,,,,,,,12.0708408331,,,51.8635598686,,,4.3794240525,37.0119232418,-79.2080076031,,,564.4904454437,,,10.7008604602,-7.5902606506,-0.1186143307,-62.9776909188,,-27.0121167328,,-3.6388804002,-74.8946957171,-7.7580181719,,,-46.2057070891,15.8221241904,14.6852857137,,,,,,,,11.0889034503,,,,-12.813975696,,,,,,,,0.0,,,-26.0892345288,,,56.4976623492,,31.9180330295,-7.9251176585,14.6631849594,16.2249345361,18.8825871192,10.2915585144,14.6631849594,18.6890165742,7.586438822,13.1482409299,6.3177081125,17.4401922679,10.8731104449,72.3648234905,,,,,26.6084153676,,99.4298538128,,,0
000682.SZ,000682,东方电子,10005606,通用,2023-12-31 00:00:00,年报,2023年报,058001001,2024-04-19 00:00:00,2025-04-23 00:00:00,CNY,0.0,1550640148.49,1469465333.62,,4564888.33,0.0,0.0,,,,,,,0.0,,,,,0.0,0.0,1152380821.76,101262719.55,,257686208.14,3064773697.31,,,0.0,,0.0,,33037027.81,,68458705.95,26144496.17,42535.0,0.0,16546191.27,,,0.0,0.0,0.0,,,0.0,,84187728.06,876107586.42,,,,,,0.0,0.0,,0.0,0.0,,125595280.49,0.0,0.0,,,3641667229.55,118350527.48,5272345.58,0.0,0.0,,,,,0.0,84890757.91,,0.0,24895947.23,,0.0,446162902.59,3311601904.87,2068504.79,0.0,,4737733.14,0.0,,1687974462.07,1486809308.46,137334313.58,17343974.84,0.0,-6502945.67,,166074625.62,2348904.44,11878000.0,,0.0,100835855.18,362004028.65,36466482.81,,,0.0,,0.0,,,90228646.32,0.0,,0.0,161001235.5,0.0,,0.0,0.0,0.0,0.0,0.0,1340727007.0,,,287612210.0,,0.0,521985478.62,,101904466.06,140787085.97,11142334524.63,9240025188.0,5920969157.95,5030216367.99,11142334524.63,6112118156.64,1902309336.63,191148998.69,206184698.07,78885908.01,4584053465.4,,50000000.0,,0.0,0.0,1995544116.25,,11483736.5,,2.3559999816,15.5109220632,,7.6166202478,,,,,,,,,,,,,,,,-0.3870127881,-37.0805513447,,11.8651468051,42.1408283269,,,,,,,,-5.9999124986,20.5918317294,46.6146511153,,-100.0,-42.6793784871,,,,-100.0,,,,,,-55.5266577034,,32.910984189,,,,,,,,,,,10.3601755175,,,,,15.295443976,-4.0577164194,-1.7830639442,,,,,,,,12.7389344806,,,39.2942462342,,,7.9480387494,37.4704457818,-79.2366123367,,,86.0994645639,,,4.873364206,10.8411712259,45.1922020611,-74.9520759616,,-22.5698261753,,2.7149990968,-67.711540626,-7.7580181719,,,-36.7602681265,15.8221241904,14.3317779717,,,,,,,,11.6932726285,,,,-7.7725809221,,,,,,,,0.0,,,-9.8125664355,,,32.2427886778,,31.9180330295,9.8054768141,16.5063039272,18.0137718528,22.5771305664,10.256354522,16.5063039272,22.2074955931,9.6999602392,11.7675088389,-1.0634848681,21.2427399548,10.4863041396,-44.3118073033,,,,,26.3441545781,,11.9713408491,标准无保留意见,,0
000682.SZ,000682,东方电子,10005606,通用,2023-09-30 00:00:00,三季报,2023三季报,058001001,2023-10-28 00:00:00,2023-10-28 00:00:00,CNY,,1652436160.9,1196839262.6,,4564888.33,,,,,,,,,0.0,,,,,,,1152387121.82,126357122.82,,208972703.23,2742504308.05,,,0.0,,0.0,,30901133.83,,50948715.18,17805905.38,,353001.0,22305055.04,,,196000.0,,0.0,,,,,240373718.7,821090809.57,,,,,,,,,,,,119707347.79,,,,,3798762421.18,119266160.74,4881122.27,,0.0,,,,,,89210949.3,,,16229653.99,1410888.12,,379787186.46,2385401877.66,10237002.8,0.0,,2967256.9,0.0,,1725321891.58,1208166135.88,72885730.68,11326873.28,,-4945998.72,,188024044.84,4295996.78,12877000.0,,,94945403.49,313078824.35,31656144.47,,,0.0,,,,,83662105.67,,,,251749709.27,,,,,,,,1340727007.0,,,307950780.83,,,283784387.42,,77248321.34,54798377.93,10229401199.67,8431034728.46,5291893279.22,4768601508.83,10229401199.67,5460799690.84,1798366471.21,168906411.62,165352390.4,98347114.9,4388814322.37,,41000000.0,,,,1823397870.93,,10938540.82,,9.9114452642,-0.4140225626,,7.8792949429,,,,,,,,,,,,,,,,-2.0122099238,-0.7461105494,,14.9518567581,33.9391872053,,,,,,,,-11.7695683109,-1.7605197332,88.4756650351,,-87.3796850329,-10.152678709,,,,,,,,,,13.8203655267,,25.3024608445,,,,,,,,,,,5.5100256795,,,,,19.0542907172,5.7741045078,278.2254228578,,,,,,,,21.7499454647,,,-1.2250157006,-88.5610118988,,-10.2726819561,44.5493001406,0.0590256212,,,26.8942697037,,,8.8813316812,-3.608793738,-10.1997111752,-78.0417425882,,35.5697644453,,-7.6708354924,-38.7223697517,7.1119614041,,,-50.1867014903,22.6526419912,20.5074883006,,,,,,,,13.1193471049,,,,2.4088639078,,,,,,,,0.0,,,6.4854419266,,,42.160165672,,34.4316742815,8.7919001536,14.7529775603,16.090532561,22.0216692052,7.6083197012,14.7529775603,21.815725859,8.8722029106,15.6978450058,10.8870237208,-3.3957743998,9.4965753537,-80.802007829,,,,,26.4834508129,,70.8732987802,,,0
000682.SZ,000682,东方电子,10005606,通用,2023-06-30 00:00:00,中报,2023中报,058001001,2023-08-18 00:00:00,2023-08-18 00:00:00,CNY,,1645784397.88,1203156112.59,,4097560.52,,,,,,,,,0.0,,,,,,,1156858010.2,189971790.23,,202381272.9,2478589146.29,,,0.0,,0.0,,32236404.99,,56419666.13,17745219.04,,1663134.5,32456075.01,,,100554525.53,,0.0,,,,,215866942.07,653365411.47,,,,,,,,,,,,110617501.51,,,,,3631485607.59,120853244.77,5697436.66,,0.0,,,,,,87844487.98,,,16201204.86,1410888.12,,418174775.57,2213866144.99,10292987.79,0.0,,3812874.49,0.0,,1706514778.85,1222719256.31,60730380.97,19563143.72,,-6075151.71,,184255114.01,2027184.78,12877000.0,,,189756468.81,312551709.08,31704441.64,,,0.0,,,,,81306857.41,,,,194946512.8,,,,,,,,1340727007.0,,,256804612.0,,,238514786.24,,77248321.34,30425663.55,9818631804.96,8022353161.84,4981773520.92,4668167924.3,9818631804.96,5150463880.66,1796278643.12,168690359.74,259323779.7,85539323.38,4249993148.73,,61000000.0,,,,1681234961.9,,11953195.15,,8.5146480772,2.6870141585,,-5.4004017825,,,,,,,,,,,,,,,,-1.6281677627,92.0405880623,,3.3477141248,35.0332555426,,,,,,,,-9.7070745091,3.3079461825,194.0726315202,,,64.4457708132,,,25.0000000062,,,,,,,36.0846473665,,0.0386646941,,,,,,,,,,,-5.5666899831,,,,,20.2120561371,6.0728187651,251.4011944579,,,,,,,,21.5454787217,,,-20.4394156099,-88.4260576375,,4.3360691084,41.2575877732,1.2465347882,,,87.3896820582,,,8.1053557843,-1.4765925457,-1.9198491878,-71.7993841279,,14.4239708465,,-9.8411165362,-48.1065837642,7.1119614041,,,-8.554477287,45.1332223123,32.2457758078,,,,,,,,15.1666353249,,,,-9.6521549721,,,,,,,,0.0,,,-2.5752523873,,,31.7911042476,,34.4316742815,-17.5032793439,14.7589297085,15.3460902215,20.846716038,8.674390863,14.7589297085,20.8937884175,12.2079577116,22.3006578964,19.7477348697,-6.9414917958,9.1208323652,-75.4590367068,,,,,26.6311893019,,224.920572651,,,0
000682.SZ,000682,东方电子,10005606,通用,2023-03-31 00:00:00,一季报,2023一季报,058001001,2023-04-28 00:00:00,2023-04-28 00:00:00,CNY,,1584335457.9,1339700161.19,,4097560.52,,,,,,,,,0.0,,,,,,,1156858010.2,178655811.94,,214326052.27,2481573332.65,,,0.0,,0.0,,33620166.19,,58485819.36,17885667.03,,653364.0,31414461.36,,,,,0.0,,,,,228887270.99,655674167.85,,,,,,,,,,,,111200771.62,,,,,3339988870.96,122051146.06,5228884.87,,0.0,,,,,,76461510.16,,,16268403.56,2875009.42,,415687800.08,2218772030.34,9947294.23,0.0,,1304814.65,0.0,,1686060973.98,1382238648.58,101725516.08,42538487.39,,-5145741.09,,204657708.99,8664623.84,12877000.0,,,163636415.42,312551709.08,31797002.19,,,0.0,,,,,81610811.48,,,,214097084.94,,,,,,,,1340727007.0,,,266970581.0,,,217507864.22,,77248321.34,48226113.79,9681938625.1,7931545495.26,4870170695.27,4641625398.07,9681938625.1,5040313227.03,1750393129.84,170142531.76,155111466.62,78599164.1,4225937597.99,,40031369.86,,,,1656250000.54,,8240904.01,,22.0449654437,23.3872692414,,-12.7188019451,,,,,,,,,,,,,,,,-1.6281677627,100.8045413667,,66.8029098181,33.3356195299,,,,,,,,-9.524548289,-1.5994522903,189.6546051662,,,86.253846488,,,,,,,,,,12.6852438306,,0.2335307365,,,,,,,,,,,-7.9712493651,,,,,21.078535794,6.5120834624,121.6447962499,,,,,,,,21.5653441872,,,-18.1250683817,-76.2558623289,,3.279710929,32.9853564269,-1.7978565798,,,-67.9394890597,,,20.6984624638,15.2205676189,2.9997782695,-62.6453016486,,24.6193447205,,24.9769537972,-69.2997926163,7.1119614041,,,-23.0706369128,57.5718514407,31.5556718524,,,,,,,,15.5711051486,,,,-0.3417969977,,,,,,,,0.0,,,53.4848822623,,,37.0397548764,,34.4316742815,58.3003215881,17.7490405405,19.3500527728,28.0523901879,8.6547051418,17.7490405405,27.5829849689,11.0018280829,15.4672354841,6.9106482589,-5.462909946,9.2137989728,-81.2303711604,,,,,27.2034160135,,100.9458260299,,,0
000682.SZ,000682,东方电子,10005606,通用,2022-12-31 00:00:00,年报,2022年报,058001001,2023-04-19 00:00:00,2024-04-19 00:00:00,CNY,0.0,1514947974.49,1272144059.95,,4241806.07,0.0,0.0,,,,,,,0.0,,,,,0.0,0.0,1156858010.2,160940252.52,,230354328.85,2156152974.05,,,0.0,,0.0,,35145741.55,,56768941.12,17832117.03,0.0,413042.5,28866036.05,,,0.0,2871490.84,0.0,,,0.0,,189299305.41,659168684.79,,,,,,0.0,0.0,,0.0,0.0,,113804893.75,0.0,0.0,,,3158552588.0,123355962.63,5368061.55,0.0,0.0,,,,,0.0,75298527.79,,0.0,17872918.59,2891071.2,0.0,413312652.79,2408955529.34,9962270.24,0.0,,2545806.97,0.0,,1609535914.91,1341387222.83,94587940.42,69243162.88,0.0,-5305502.89,,161684882.52,7274749.2,12877000.0,,0.0,159450162.41,312551709.08,31895316.82,,,0.0,,0.0,,,80782525.39,0.0,,0.0,174569815.69,0.0,,0.0,0.0,0.0,0.0,0.0,1340727007.0,,,318904972.27,,0.0,394717537.22,,77248321.34,128214994.42,9563718141.46,7829616021.02,4830402808.9,4562291570.22,9563718141.46,5001426571.24,1734102120.44,171023762.34,208401011.29,65064438.53,4148978917.43,,89785639.61,,0.0,0.0,1579451081.78,,10255960.51,,26.4783761514,13.0631346168,,3.5107914616,,,,,,,,,,,,,,,,-1.6281677627,152.1989357754,,21.7513356536,29.7984122263,,,,,,,,-9.1354868782,-1.8755242129,193.2238456295,-100.0,,95.8783649069,,,-100.0,,,,,,,9.609604743,,-1.131083602,,,,,,,,,,,-5.8164744638,,,,,36.3381143993,6.0746964224,109.4373081772,,,,,,,,17.8964574532,,,-12.0750979253,-77.6737521407,,3.7609403938,11.2612172589,5.1377028087,,,-59.759256976,,,24.1399325152,5.6418702775,-4.2221269607,-52.109702208,,26.3659446731,,64.7693392588,-66.3106267476,7.1119614041,,,3.7030442181,65.9375342158,32.3300793826,,,,,,,,14.3043932968,,,,-7.2161297205,,,,,,,,0.0,,,138.8753174481,,,26.3715106012,,34.4316742815,30.9188123155,18.705207432,19.3739200963,30.5108813727,8.4562199482,18.705207432,29.9030677638,15.7768925417,14.8022339466,24.3128842464,-7.3799882425,8.9473331769,15.7568454567,,,,,27.2465337851,,63.3675162116,标准无保留意见,,0
000682.SZ,000682,东方电子,10005606,通用,2022-09-30 00:00:00,三季报,2022三季报,058001001,2022-10-27 00:00:00,2022-10-27 00:00:00,CNY,,1503425013.59,1201815048.06,,4231477.72,,,,,,,,,0.0,,,,,,,1176051751.88,127306973.58,,181791498.74,2047574250.13,,,0.0,,0.0,,35023215.05,,51861751.55,9447323.28,,2797085.5,24825509.23,,,,,0.0,,,,,211186915.09,655287058.24,,,,,,,,,,,,113455898.64,,,,,3190781615.93,112755538.13,1290532.57,,0.0,,,,,,73273913.15,,,16430935.53,12334029.09,,423268180.46,1650234124.51,10230963.91,0.0,,2338369.5,0.0,,1584589263.32,1253398710.04,81164249.73,51583661.98,,-7676518.14,,203645344.18,7010709.72,12022000.0,,,190602522.48,255256486.34,26269026.86,,,0.0,,,,,73959148.29,,,,245828046.19,,,,,,,,1340727007.0,,,289195194.44,,,199622999.93,,57462887.19,50369906.08,8914279539.54,7262465372.9,4336847146.65,4431443146.84,8914279539.54,4482836392.7,1651814166.64,145989246.05,149117890.31,101804154.31,4008174966.38,,213564000.0,,,,1441609838.45,,6401550.68,,31.0209295539,12.3020038726,,-24.939778911,,,,,,,,,,,,,,,,-1.9210267576,670.3088313886,,-10.7976598451,47.5799377727,,,,,,,,0.7929976161,14.2711034801,,,5494.171,131.258444428,,,,,,,,,,202.2522088225,,-1.5729737376,,,,,,,,,,,-8.3191100676,,,,,40.6286867041,-4.0135683681,-5.4078897959,,,,,,,,35.5001086763,,,-17.6830995288,-44.6813349533,,22.4636091768,8.8378388885,23.4335725216,,,166.9428559719,,,32.7055083896,9.339333756,74.1906399505,-32.2825572801,,-13.3026308258,,206.4518283043,,-4.5570022229,,,26.7515260867,145.4291062035,31.3451343,,,,,,,,11.6457890781,,,,44.2181465382,,,,,,,,0.0,,,348.3646425426,,,53.1048097169,,33.5424746732,106.1459868497,25.8895055662,26.6129255749,49.2817897189,9.6464911281,25.8895055662,47.4878480918,22.8045437235,8.687585472,52.5311393307,-21.8221701883,8.447893537,38.1703421021,,,,,28.7292482385,,199.117642881,,,0
000682.SZ,000682,东方电子,10005606,通用,2022-06-30 00:00:00,中报,2022中报,058001001,2022-08-20 00:00:00,2022-08-20 00:00:00,CNY,,1516647224.17,1171673090.75,,4331477.72,,,,,,,,,0.0,,,,,,,1176005350.2,98922728.86,,195825591.9,1835539798.2,,,0.0,,0.0,,35702027.39,,54613094.36,6034298.04,586323.2,,19736643.18,,,80443620.42,,0.0,,,,,158626962.15,653112887.37,,,,,,,,,,,,117138223.25,,,,,3020899670.37,113934225.73,1621348.12,,0.0,,,,,,72272937.59,,,20363355.78,12190212.08,,400795984.69,1567254672.75,10166261.8,0.0,,2034730.22,0.0,,1578566359.15,1241044425.79,61919134.98,69371335.04,,-7099127.84,,204367120.5,3906439.25,12022000.0,,,207507664.87,215355040.08,23973878.52,,,0.0,,,,,70599316.53,,,,215773284.62,,,,,,,,1340727007.0,,,263592791.66,,,180979427.71,,57462887.19,36881058.19,8555876069.86,6955028251.44,4122390482.96,4295554718.3,8555876069.86,4260321351.56,1600847818.42,137930868.6,216558400.86,91919938.36,3894758733.61,,248564000.0,,,,1327662617.06,,3678805.27,,45.773013347,23.3788112679,,-24.1931619623,,,,,,,,,,,,,,,,-1.924897939,28.6689720443,,-6.6694001174,34.4052893334,,,,,,,,-4.1541927345,11.1471783022,,5.1917794702,,162.8209317219,,,2685.0581782302,,,,,,,53.2645249723,,10.9280700032,,,,,,,,,,,-6.5055220755,,,,,44.7095010668,-3.9736966101,90.6453963531,,,,,,,,34.0494883866,,,10.2691575455,-45.1950039802,,22.2023479408,0.2862939468,22.8819966991,,,4.0443861169,,,45.0275508145,23.0857182506,28.8837250152,18.3376785782,,-5.2409172342,,259.2822060821,,-4.5570022229,,,67.0282404081,179.6667520303,19.8693926,,,,,,,,9.0925621205,,,,-0.7557825774,,,,,,,,0.0,,,434.670976998,,,51.8415981764,,33.5424746732,41.1390392798,25.332969383,25.3322440844,49.6481854303,9.1350675845,25.332969383,47.3895406909,25.3361206059,1.5715378392,120.4239482192,-18.0321828846,7.9472221532,36.524318958,,,,,28.6589975811,,44.423991344,,,0
000682.SZ,000682,东方电子,10005606,通用,2022-03-31 00:00:00,一季报,2022一季报,058001001,2022-04-29 00:00:00,2022-04-29 00:00:00,CNY,,1298157160.47,1085768547.62,,4694665.76,,,,,,,,,0.0,,,,,,,1176005350.2,88970005.72,,128490595.58,1861148087.36,,,0.0,,0.0,,37159434.47,,59436477.46,6174825.71,2258291.6,,16866476.56,,,,,0.0,,,,,203120890.73,654146534.63,,,,,,,,,,,,120832642.9,,,,,2758530939.49,114589013.84,2359128.19,,0.0,,,,,,62897457.06,6872727.26,,19869822.47,12108291.57,,402487377.57,1668433344.81,10129406.43,0.0,,4069849.83,0.0,,1396920010.05,1199645755.22,98762849.58,113877207.6,,-6826341.68,,163756358.89,28223339.77,12022000.0,,,212709957.36,198355040.08,24169997.19,,,0.0,,,,,70615238.45,,,,214831372.12,,,,,,,,1340727007.0,,,173939333.35,,,158718807.12,,57462887.19,30464949.98,8222520184.16,6645615406.94,3803264185.95,4271904646.94,8222520184.16,3950615537.22,1576904777.22,147351351.27,145085142.73,83141086.8,3869417269.37,,213277365.27,,,,1302048366.66,,4101057.57,,40.7285436103,20.8758529326,,-26.1902568605,,,,,,,,,,,,,,,,-1.924897939,17.6096367426,,-38.1695667561,22.5511673658,,,,,,,,0.2780014044,15.4940146068,,,,215.6747538478,,,,,,,,,,62.7272332715,,11.5275793617,,,,,,,,,,,-4.364660136,,,,,47.3723289711,-3.9518873212,,,,,,,,,19.4679753273,-50.909091,,5.0999168951,-49.9637246979,,25.0478082806,-9.1065046422,72.927731489,,,,,,38.8158413403,21.0484889472,17.7754582077,22.7196035779,,4.2962429065,,228.5319750255,,-4.5570022229,,,202.3881495932,6502.6735478214,141.6999719,,,,,,,,2.7383655002,,,,19.4616537238,,,,,,,,0.0,,,193.3209668634,,,33.0878942466,,33.5424746732,9.4358741372,20.9115749521,17.5360973874,34.6593495701,11.0655354562,20.9115749521,33.731084437,37.5605541801,13.5310325748,67.4954656055,-16.7917481148,9.7886096258,-25.8344213477,,,,,37.2434171833,,,,,0
000682.SZ,000682,东方电子,10005606,通用,2021-12-31 00:00:00,年报,2021年报,058001001,2022-04-23 00:00:00,2023-04-19 00:00:00,CNY,,1197792081.61,1125162560.07,,4097936.08,,,,,,,,,0.0,,,,,,,1176005350.2,63814802.4,,189200658.55,1661155122.83,,,0.0,,0.0,,38679282.31,,57854007.03,6081400.71,1843059.4,,14736714.83,,,136680.0,,0.0,,,,,172703209.59,666709729.21,,,,,,,,,,,,120833121.4,,,,,2316705494.95,116291600.91,2563087.54,,0.0,,,,,,63868354.84,6872727.26,,20327481.94,12949203.19,,398331637.34,2165134975.77,9475449.79,0.0,,6326441.26,0.0,,1296549693.8,1269749597.68,98757612.19,144587037.61,,-7205229.79,,98128015.35,21593602.07,12022000.0,,,153756491.54,188355040.08,24102847.19,,,0.0,,,,,70673158.8,,,,188146727.62,,,,,,,,1340727007.0,,,133502689.05,,,312346932.74,,57462887.19,97934736.92,8056696372.77,6558899979.75,3701149481.25,4206574387.71,8056696372.77,3850121985.06,1497796393.02,148972503.81,167642326.5,70248791.05,3808242750.37,,77564000.0,,,,1241252735.77,,6277845.65,,22.1400590554,4.2536197927,,-8.335044771,,,,,,,,,,,,,,,,-2.7536456216,-7.8987644383,,-3.2840055958,23.1122486237,,,,,,,,12.6216395419,8.1415752253,,,,108.5730995703,,,0.0,,,,,,,29.5403929044,,12.5828292539,,,,,,,,,,,-4.2053872121,,,,,32.2896837947,-3.8962833697,,,,,,,,,23.346122427,-57.400450859,,-4.9375948158,-42.407571244,,16.1686915883,3.9711359379,13.547643468,,,7.8370668705,,,21.9254553303,10.4102243273,19.3813994118,104.2944369508,,-2.7637225632,,161.576011274,,-4.5570022229,,,96.9688702524,6169.8020692263,141.0284719,,,,,,,,-0.1646752245,,,,42.6572841287,,,,,,,,0.0,,,57.4324163325,,,28.0548904054,,33.5424746732,7.2026880152,16.0149239108,13.3574154795,24.3490289562,9.6362337418,16.0149239108,23.8902512999,29.2876449916,13.4877154235,25.7490221619,21.3100383345,8.9951498448,-67.3732470161,,,,,36.7160568343,,,标准无保留意见,,0
000682.SZ,000682,东方电子,10005606,通用,2021-09-30 00:00:00,三季报,2021三季报,058001001,2021-10-29 00:00:00,2021-10-29 00:00:00,CNY,,1147469353.72,1070163493.63,,5637443.72,,,,,,,,,0.0,,,,,,,1199086524.87,16526744.65,,203796782.04,1387434011.04,,,0.0,,0.0,,34747666.88,,45384834.81,,795949.0,50000.0,10734963.34,,,,2477707.46,0.0,,,,,69871090.74,665759276.82,,,,,,,,,,,,123750869.7,,6806096.21,,,2268940776.39,117470288.47,1364313.12,,0.0,,,,,,54076645.3,11963636.36,,19960585.78,22296324.54,,345627720.19,1516231984.54,8288639.55,0.0,,875981.3,0.0,,1194064423.21,1146338345.94,46595069.49,76174852.31,,-6775233.8,,66452644.55,,12596000.0,,,150374933.04,104004162.46,20000000.0,,,0.0,,,,,66244458.39,,,,170455696.52,,,,,,,,1340727007.0,,,64500000.0,,,130383232.44,,43029670.77,24434094.91,7081034673.58,5735958899.87,2905141447.47,4041573151.36,7081034673.58,3039461522.22,1345075773.71,134320074.75,97762260.85,130221259.09,3695945431.17,,154565731.51,,,,1119877462.33,,2140144.8,,20.4650131943,-21.1834040152,,,,,,,,,,,,,,,,,,0.0162993793,53.2229119426,,395.5777019796,43.9509323208,,,,,,,,22.3832109213,4.8973511556,,,,18.6658990429,,,,-18.0215309612,,,,,,-46.6714188512,,5.3021375376,,,,,,,,,,,-1.6227251234,,,,,46.7433504502,-3.8586969288,,,,,,,,,3.3596919441,,,17.9202786311,98.5588447965,,15.4936354758,0.1431614818,195.2563219162,,,,,,13.8763022997,-16.5116794898,-51.478330958,399.0879246969,,6.880800888,,94.4829523007,,0.647223332,,,,10257.3043808071,,,,,,,,,0.5361947108,,,,-1.7284842993,,,,,,,,0.0,,,-44.3005181347,,,20.6363705007,,34.6883694108,-33.3228159403,14.1160335058,10.9939751536,20.4196268201,9.2813397402,14.1160335058,21.2487336251,29.6699691635,42.4637821927,-29.971257684,29.1299508711,8.7343942753,-38.4395189416,,,,,34.1542623772,,,,,0
000682.SZ,000682,东方电子,10005606,通用,2021-06-30 00:00:00,中报,2021中报,058001001,2021-08-27 00:00:00,2021-08-27 00:00:00,CNY,,1040417008.16,949655032.91,,5713835.1,,,,,,,,,0.0,,,,,,,1199086542.34,76881572.37,,209819279.15,1365675270.15,,,0.0,,0.0,,37249440.96,,49135835.2,,557385.0,50000.0,7509540.07,,,2888400.0,2477707.46,0.0,,,,,103498811.73,588771523.16,,,,,,,,,,,,125288921.71,,3044301.37,,,2087561388.92,118648976.07,850452.28,,0.0,,,,,,53915116.32,12981818.18,,18466955.07,22242884.71,,327977319.13,1562780526.7,8273190.6,0.0,,1955636.72,0.0,,1088459641.14,1008276543.72,48042632.98,58621510.81,,-6745596.7,,56882060.13,,12596000.0,,,124235078.07,77004162.46,20000000.0,,,0.0,,,,,64715059.54,,,,217416480.5,,,,,,,,1340727007.0,,,49300000.0,,,119189622.53,,43029670.77,26131011.22,6826516687.49,5549272896.41,2754721329.3,3935998587.23,6826516687.49,2890518100.26,1277243791.08,135796770.96,98246312.44,112141498.45,3608021268.1,,182065731.51,,,,1031923644.69,,2547225.87,,20.6330802254,-27.0943796591,,,,,,,,,,,,,,,,,,0.0177598527,896.9162679259,,607.9022285916,39.8500760885,,,,,,,,26.6940681263,11.3248543955,,,,-56.210713907,,,-89.8476083447,-18.0215309612,,,,,,-14.7823306556,,-7.8154676312,,,,,,,,,,,6.3555150031,,,,,41.4628143808,-3.8218287313,,,,,,,,,8.6036085807,,,4.0676284884,95.6384213926,,12.4520965989,-8.1040132419,191.0690712947,,,,,,9.3468824438,-23.0739180149,-63.8654661153,621.3244807518,,8.4470639276,,36.2564740708,,0.647223332,,,,7568.4964363237,,,,,,,,,-0.6192973543,,,,53.5657636207,,,,,,,,0.0,,,-60.8108108108,,,-18.1097742535,,34.6883694108,-21.2822723781,10.7250559428,8.2963217195,12.1653372462,8.8850575081,10.7250559428,13.3329171667,22.6786211491,43.6707486324,-45.2532938439,37.3312334833,8.5719937118,-16.5746030524,,,,,35.9619107535,,,,,0
000682.SZ,000682,东方电子,10005606,通用,2021-03-31 00:00:00,一季报,2021一季报,058001001,2021-04-29 00:00:00,2021-04-29 00:00:00,CNY,,922454768.0,898250991.64,,6360496.0,,,,,,,,,0.0,,,,,,,1199086542.34,75648567.74,,207811248.99,1518670223.52,,,0.0,,0.0,,37056417.11,,51462820.53,,,,5342991.91,,,136680.0,,0.0,,,,,124822924.01,586533428.21,,,,,,,,,,,,126347271.91,,,,,1871810643.66,119303764.17,,,0.0,,,,,,52647964.35,14000000.0,,18905650.03,24199026.6,,321866798.87,1835591576.98,5857595.16,0.0,,,0.0,,1006311669.16,991045626.14,83856901.16,92794634.5,,-7132783.38,,49844877.01,,12596000.0,,,70343350.97,3004162.46,10000000.0,,,0.0,,,,,68733075.62,,,,179832913.26,,,,,,,,1340727007.0,,,59300000.0,,,119258635.82,,43029670.77,27838174.84,6800440890.31,5654105891.43,2824359539.9,3846291857.68,6800440890.31,2954149032.63,1146334998.88,129789492.73,86620340.56,99919280.74,3524425058.81,,287569205.48,,,,948714622.08,,,,10.9503811055,-26.6046961496,,,,,,,,,,,,,,,,,,0.0178683072,924.2471433809,,2877.19245877,42.0185771856,,,,,,,,18.4957714088,22.5552515272,,,,-75.6918174727,,,0.0,,,,,,,-11.1517388365,,-0.273604338,,,,,,,,,,,35.7767944247,,,,,29.6724703126,-4.2063178737,,,,,,,,,7.5922792371,,,6.6747619447,112.2312637732,,9.7336583732,-0.4288861207,105.4900542798,,,,,,0.4746759724,-20.9400885859,-50.7146021081,212.6083521762,,3.4742428852,,43.5008996317,,0.647223332,,,,199.1709588506,,,,,,,,,3.5410563491,,,,8.8502379739,,,,,,,,0.0,,,-43.4160305344,,,-14.0162610867,,34.6883694108,4.2246996521,9.9550698982,8.3978021385,13.2634101353,7.0355923643,9.9550698982,14.0036768219,18.3405677088,32.9064273556,-43.2027254736,32.7354572592,6.7957892922,15.027682192,,,,,28.9021122159,,,,,0
000682.SZ,000682,东方电子,10005606,通用,2020-12-31 00:00:00,年报,2020年报,058001001,2021-04-23 00:00:00,2022-04-23 00:00:00,CNY,,980670953.39,1079255149.42,,4470559.19,,,,,,,,,0.0,,,,,,,1209305333.57,69287672.43,,195624994.31,1349301260.76,,,0.0,,0.0,,34344449.67,,53498394.96,,,,7065491.6,,,136680.0,,0.0,,,,,133319967.4,592194861.0,,,,,,,,,,,,126137700.11,,,,,1751236701.53,121006351.25,,,0.0,,,,,,51779783.25,16133333.33,,21383302.79,22484210.98,,342890697.91,2082438511.65,8344911.0,0.0,,5866666.67,0.0,,1063395408.52,1150028999.05,82724455.13,70773849.63,,-7011452.69,,37514149.28,,12596000.0,,,78061315.65,3004162.46,10000000.0,,,0.0,,,,,70789731.95,,,,131887221.02,,,,,,,,1340727007.0,,,84800000.0,,,243916442.2,,43029670.77,91354740.01,6944534462.62,5786035216.14,2976420091.35,3836846856.32,6944534462.62,3107687606.3,1158499246.48,131267514.95,133315014.0,57908473.21,3493956158.41,,237731287.69,,,,907905599.76,,,,5.038503086,-14.9580550553,,-99.5032516605,,,,,,,,,,,,,,,,0.8702352377,1267.5673114758,,,,,,,,,,,4.6036987847,23.9768772044,,,,-67.2426315688,,,0.0,,,,,,,-32.272455547,,-0.3963695778,,,,,,,,,,,34.2703970181,,,,,24.6732762799,-3.7501662651,,,,,,,,,7.9617161873,,,-2.5629285144,89.6805528454,,15.4749779693,4.2248608473,181.5962427446,,,,,,-5.2306439781,-11.5093805959,-56.1045320096,131.8943888848,,8.7752231038,,85.9570455607,,0.647223332,,,,199.1709588506,,,,,,,,,6.7468744688,,,,-1.1636462907,,,,,,,,0.0,,,-28.013582343,,,4.4766023038,,34.6883694108,49.3293472837,10.9149450186,9.5455778665,14.2567405557,7.8687526925,10.9149450186,14.9217767452,18.3007506184,32.3949522735,-21.8248568735,-12.440741027,7.1759383928,48.5820548062,,,,,30.416565253,,,标准无保留意见,,0
000682.SZ,000682,东方电子,10005606,通用,2020-09-30 00:00:00,三季报,2020三季报,058001001,2020-10-30 00:00:00,2020-10-30 00:00:00,CNY,,952533290.2,1357789536.91,,,,,,,,,,,0.0,,,,,,,1198891113.06,10786079.21,,41123073.38,963824261.97,,,0.0,,0.0,,28392511.21,,43265949.34,,,,9046375.94,,,,3022388.06,0.0,,,,,131019969.47,632237191.37,,,,,,,,,,,,125792130.2,,,,,1546196655.2,122185038.81,,,0.0,,,,,,52318891.71,,,16927186.75,11229076.48,,299261269.91,1514064427.47,2807269.12,0.0,,,0.0,,1048562693.99,1373052349.04,96029403.79,15262812.13,,-7275872.07,,34168878.95,,12515000.0,,,,1004162.46,,,,0.0,,,,,65891153.51,,,,173453818.54,,,,,,,,1340727007.0,,,115800000.0,,,108079538.45,,31947577.18,36645361.16,6205118120.6,5167811038.33,2412514906.57,3698319549.31,6205118120.6,2506798571.29,1037307082.27,94283664.72,139603051.0,100845124.01,3399058279.4,,251079473.15,,,,834768454.23,,,,16.8424795139,-6.9060038053,,,,,,,,,,,,,,,,,,0.0018640155,8.8847595134,,,,,,,,,,,-4.8737499281,6.1429647709,,,,-68.8329457504,,,,,,,,,,,,6.0085581979,,,,,,,,,,,40.0485246928,,,,,19.037035032,-3.3161791153,,,,,,,,,17.7360764939,,,-3.5825067715,,,8.5567044494,8.4635268122,,,,,,,23.6369200918,-10.1088452239,192.1510497637,-77.8627884995,,-583.4296936674,,-47.8907918355,,-41.7892460607,,,,,,,,,,,,,-1.4162787385,,,,45.5511276756,,,,,,,,0.0,,,-22.6668431563,,,-21.5723557061,,20.5141788364,0.5202118628,12.2601916305,13.536884426,23.3291689011,6.4387491659,12.2601916305,22.1134369787,6.3049134161,-2.4836195534,-20.8001802283,-7.9999818976,6.2562308529,617.3699232857,,,,,31.6907267172,,,,,0
000682.SZ,000682,东方电子,10005606,通用,2020-06-30 00:00:00,中报,2020中报,058001001,2020-08-28 00:00:00,2020-08-29 00:00:00,CNY,,862464098.75,1302581376.4,,,,,,,,,,,0.0,,,,,,,1198873624.15,7711938.79,,29639584.49,976528085.18,,,0.0,,0.0,,29401093.13,,44137345.13,,,,17149263.53,,,28450439.05,3022388.06,0.0,,,,,121452290.97,638687975.12,,,,,,,,,,,,117801998.05,,,,,1475696208.97,123363726.41,,,0.0,,,,,,49643945.56,,,17745148.36,11369384.68,,291659585.77,1700597144.48,2842346.17,0.0,,,0.0,,995418997.61,1310708302.96,132954898.86,8126926.56,,-7367974.19,,41746317.39,,12515000.0,,,,1004162.46,,,,0.0,,,,,65118335.67,,,,141578744.75,,,,,,,,1340727007.0,,,125800000.0,,,145548044.89,,31947577.18,33195840.39,6165286284.45,5124156396.36,2455947083.95,3614819771.7,6165286284.45,2550466512.75,1041129888.09,94519428.8,179456115.88,81657679.47,3323160185.93,,218237776.71,,,,758979951.79,,,,4.6771126731,-1.0366591934,,,,,,,,,,,,,,,,,,-0.0370382603,-26.8032134009,,,,,,,,,,,-8.178666279,8.6570251626,,,,-34.3539230535,,,20715.363659643,,,,,,,,,9.0482723989,,,,,,,,,,,27.3134651132,,,,,31.2265481458,-3.6811417965,,,,,,,,,18.4675580108,,,-1.7047205844,,,10.2337463582,16.4893807213,,,,,,,18.851000325,-4.7554465193,877.0941598546,-86.437998875,,-2009.2089076258,,-37.2591283969,,-41.7892460607,,,,,,,,,,,,,0.0126005275,,,,44.2196362038,,,,,,,,0.0,,,29.958677686,,,29.3320568747,,20.5141788364,5.3377145779,17.2602534384,19.3679186677,38.5098001001,6.7096471254,17.2602534384,36.3702390165,7.8848108966,-2.6877332785,11.522860999,-13.5728396204,6.4110776662,198.9998893125,,,,,36.3255478485,,,,,0
000682.SZ,000682,东方电子,10005606,通用,2020-03-31 00:00:00,一季报,2020一季报,058001001,2020-04-29 00:00:00,2020-04-29 00:00:00,CNY,,831411986.88,1223853495.41,,,,,,,,,,,0.0,,,,,,,1198872324.15,7385772.88,,6980108.0,1069346175.42,,,0.0,,0.0,,31272354.0,,41991526.18,,,,21980219.64,,,136680.0,,0.0,,,,,140490002.14,588142611.91,,,,,,,,,,,,93055129.52,,,,,1443491158.26,124542413.99,,,0.0,,,,,,48932846.04,,,17722701.87,11402196.91,,293316384.09,1843498084.4,2850549.23,0.0,,,0.0,,1001557516.28,1253537486.21,170145529.4,29683990.8,,-7389513.01,,34734888.17,,12515000.0,,,,1004162.46,,,,0.0,,,,,66382436.15,,,,165211318.42,,,,,,,,1340727007.0,,,104800000.0,,,138699057.9,,31947577.18,26709767.39,6184745184.2,5216070602.8,2493620434.46,3593469959.59,6184745184.2,2591275224.61,968674581.4,97654790.15,152507917.47,75277007.97,3300153575.5,,250000000.0,,,,735996180.18,,,,17.6495061387,11.2970256133,,,,,,,,,,,,,,,,,,-0.0371466553,0.3928527383,,,,,,,,,,,-10.6761968602,2.0917197813,,,,1.6471395977,,,,,,,,,,,,-0.0198832547,,,,,,,,,,,-1.2193137198,,,,,35.560316233,-2.0597044327,,,,,,,,,133.0835783148,,,22.1313155143,,,13.5042709866,17.9482675371,,,,,,,38.6706136959,4.2189632527,992.7072010033,-71.226381717,,-2235.1357252783,,-3.2602194723,,-41.7892460607,,,,,,,,,,,,,6.4744299851,,,,84.9765922673,,,,,,,,0.0,,,-9.1066782307,,,26.9778798715,,20.5141788364,-30.0817112838,21.219005343,25.2242536082,48.0400595579,8.2257593682,21.219005343,45.4319307531,3.408970778,0.3069086463,-12.1323687955,-32.5272104649,7.7802665539,155.1020408163,,,,,48.67794643,,,,,0
000682.SZ,000682,东方电子,10005606,通用,2019-12-31 00:00:00,年报,2019年报,058001001,2020-04-15 00:00:00,2021-04-23 00:00:00,CNY,,933629978.13,1269085684.86,,899964596.6,,,,,,,,,0.0,,,,,,,1198872324.15,5066490.83,,,,,,0.0,,0.0,,32832920.89,,43151913.62,,,,21569167.3,,,136680.0,,0.0,,,,,196847484.25,594551482.2,,,,,,,,,,,,93943045.46,,,,,1404660849.37,125721101.59,,,0.0,,,,,,47961245.04,,,21945756.85,11853724.93,,296939392.36,1998024746.42,2963431.23,0.0,,,0.0,,1122087827.92,1299605547.79,188457849.79,30519862.93,,-7685908.29,,20173556.3,,12515000.0,,,,1004162.46,,,,0.0,,,,,66315507.88,,,,133439990.52,,,,,,,,1340727007.0,,,117800000.0,,,233465136.52,,31947577.18,61176682.06,6261135017.88,5281851927.6,2605028006.99,3556958582.12,6261135017.88,2704176435.76,979283090.28,99148428.77,170533763.89,66136321.72,3260019189.76,,160000000.0,,,,696158189.72,,,,30.5605964741,1.9679717988,,104.7918935325,,,,,,,,,,,,,,,,-0.0371466553,-31.95315553,,,,,,,,,,,-8.2570264955,4.6126646784,,,,8.2798668175,,,0.0,,,,,,,,,1.9349698075,,,,,,,,,,,-1.9361408924,,,,,46.5417381682,-3.6146122943,,,,,,,,,194.0682634259,,,39.322323833,,,14.7958098018,27.6484324146,,,,,,,50.3210379394,-4.1192096874,500.8020067934,-72.4665432026,,-10650.7685716288,,-89.3732181168,,,,,,,,,,,,,,,9.6459527539,,,,100.4393072952,,,,,,,,0.0,,,-10.9599395314,,,28.5497959539,,20.5141788364,-29.0946961507,21.4666254721,25.3240033205,46.5785559866,8.4068129482,21.4666254721,44.3387864872,4.1728288605,2.9905612909,-10.7690306628,-16.1896843284,7.8600301609,,,,,,52.6760800745,,,标准无保留意见,,0
000682.SZ,000682,东方电子,10005606,通用,2019-09-30 00:00:00,三季报,2019三季报,058001001,2019-10-30 00:00:00,2019-10-30 00:00:00,CNY,,815228583.1,1458514611.48,,607788579.45,,,,,,,,,0.0,,,,,,,1198868765.96,9905958.61,,,,,,0.0,,0.0,,29847188.54,,40761956.7,,,,29025444.2,,,,,0.0,,,,,,596402028.4,,,,,,,,,,,,89820389.38,,,,,1298920671.86,126375889.67,,,0.0,,,,,,44437434.36,,,17556136.53,,,275672766.07,1395920335.59,,0.0,,,0.0,,848098361.89,1527461019.34,32869778.79,68946407.86,,-1064611.64,,65571671.79,,21499463.85,,,,,,,,0.0,,,,,66837762.53,,,,119170370.79,,,,,,,,1340727007.0,,,149741721.05,,,137807962.26,,26509392.91,36455714.21,5527443014.73,4551658313.03,1956159218.51,3474598845.15,5527443014.73,2052844169.58,975784701.7,96684951.07,176266879.65,109614243.66,3198926079.08,,35000000.0,,,,633885524.85,,,,,17.0153713437,,49.6955761529,,,,,,,,,,,,,,,,-0.4377076073,46.7368659102,,,,,,,,,,,-5.2363317377,5.4635854506,,,,21.7407822217,,,,,,,,,,,,2.2264531658,,,,,,,,,,,-2.2532276083,,,,,23.2472112448,-3.980297185,,,,,,,,,152.7615383428,,,23.8799041313,,,13.1306694294,60.894447846,,,,,,,8.7969696513,14.8520047623,,-17.4379164832,,-327.4052595959,,-83.9144536783,,,,,,,,,,,,,,,10.0347084614,,,,-12.7193357267,,,,,,,,0.0,,,141.5189049194,,,31.4476894179,,46.7653574852,8.8513478838,14.2976873111,16.5122311312,26.0051446045,8.8764328397,14.2976873111,24.8170257247,4.9893196513,4.8201667005,5.8191312318,-1.2118437246,8.5247430926,,,,,,64.9670433627,,,,,0
000682.SZ,000682,东方电子,10005606,通用,2019-06-30 00:00:00,中报,2019中报,058001001,2019-08-28 00:00:00,2019-08-28 00:00:00,CNY,,823928055.26,1316226155.85,,533820116.06,,,,,,,,,0.0,,,,,,,1199317830.61,10535898.02,,,,,,0.0,,0.0,,32019893.35,,40620792.87,,,,26123820.84,,,136680.0,,0.0,,,,,,585692887.26,,,,,,,,,,,,92529095.76,,7002590.93,,,1124540902.6,128078476.75,,,0.0,,,,,,41905097.39,,,18052899.86,,,264582848.18,1459873109.42,,0.0,,,0.0,,837535228.89,1376150399.22,13607173.63,59924243.37,,-349324.06,,66537675.24,,21499463.85,,,,,,,,0.0,,,,,65110131.45,,,,98168840.58,,,,,,,,1340727007.0,,,96800000.0,,,112538258.81,,26509392.91,31513727.56,5257780111.9,4292741679.3,1773121527.99,3387528559.11,5257780111.9,1870251552.79,965038432.6,97130024.8,160914196.67,94481502.24,3122945710.93,,72989250.0,,,,556740804.47,,,,20.2950998971,11.9782149223,,12.8812662341,,,,,,,,,,,,,,,,-0.400414196,32.4950728075,,,,,,,,,,,2.2045198631,9.675132738,,,,21.5901723741,,,0.0,,,,,,,,,-0.8764144967,,,,,,,,,,,-1.806988568,,,,,15.1460373133,-3.5504448859,,,,,,,,,192.7899470342,,,26.8059620666,,,9.6149550316,20.617411739,,,,,,,17.6998397881,9.1090787885,-48.9667037776,-30.1831013049,,-256.2315781979,,-68.8275352892,,,,,,,,,,,,,,,14.2368408551,,,,-5.3284479866,,,,,,,,0.0,,,-17.9661016949,,,23.7710945578,,46.7653574852,-5.820901625,9.2473230162,10.6858268606,12.1487707274,7.7676804893,9.2473230162,12.0334369365,3.2768057847,9.9689267066,4.3756524526,-16.3521256262,7.6140321778,,,,,,64.3102784471,,,,,0
000682.SZ,000682,东方电子,10005606,通用,2019-03-31 00:00:00,一季报,2019一季报,058001001,2019-04-30 00:00:00,2019-04-30 00:00:00,CNY,,706685488.25,1099628214.38,,525868435.73,,,,,,,,,0.0,,,,,,,1199317830.61,7356871.21,,,,,,0.0,,0.0,,35010101.34,,41131177.21,,,,21624041.49,,,,,0.0,,,,,,588259577.06,,,,,,,,,,,,94203769.0,,,,,1064833129.91,127161566.41,,,0.0,,,,,,20993690.93,,,14511185.6,,,258418807.98,1562971735.74,,0.0,,,0.0,,722256496.59,1202792128.31,15571008.34,103163913.93,,346091.02,,35905485.81,,21499463.85,,,,,,,,0.0,,,,,62345894.84,,,,89314716.2,,,,,,,,1340727007.0,,,115300000.0,,,109230881.82,,26509392.91,38201403.21,5102125006.47,4165383663.71,1684422744.7,3320346265.59,5102125006.47,1781778740.88,936741342.76,97355996.18,173565527.35,111566467.74,3061927457.61,,98000000.0,,,,495027136.07,,,,11.7082747004,4.4245318666,,-4.2053051099,,,,,,,,,,,,,,,,164.300636151,5.6623903639,,,,,,,,,,,4.7918733864,13.5773245503,,,,-3.7932263976,,,,,,,,,,,,0.0543091034,,,,,,,,,,,0.9358159556,,,,,17.4406987415,-5.0834148697,,,,,,,,,61.4974817288,,,11.4889513742,,,-81.936663534,7.2080052477,,,,,,,13.6129040624,2.8757851245,402.2905916129,-11.1674749789,,46.3209226211,,-57.0958910095,,,,,,,,,,,,,,,14.8623437633,,,,-35.2675630044,,,,,,,,37.0657793969,,,30.4534757422,,,31.7739755147,,46.7653574852,11.4976548677,6.9083319658,8.3601216456,12.0735961513,4.3549763498,6.9083319658,12.0158169139,0.8972993532,11.0254877251,53.9356131231,25.9201215903,74.8519442183,,,,,,64.5035281532,,,,,0
000682.SZ,000682,东方电子,10005606,通用,2018-12-31 00:00:00,年报,2018年报,058001001,2019-04-02 00:00:00,2020-04-15 00:00:00,CNY,,715093223.64,1244592456.31,,439453232.78,,,,,,,,,0.0,,,21499463.85,,,,1199317830.61,7445592.62,,,,,,0.0,,0.0,,35787940.63,,41249225.18,,,,19919831.76,,,136680.0,,0.0,,,,,,583265471.43,,,,,,,,,,,,95797826.35,,2423552.77,,,958539776.4,130435851.93,,,0.0,,,,,,16309561.76,,,15751787.83,,,258667448.64,1565255999.33,,0.0,,,0.0,,746460936.74,1355438919.05,31367713.1,110846462.74,,-71491.71,,189836928.26,,,,,8381543.0,,,,,0.0,,,,,60481491.76,,,,66573763.56,,,,,,,,1340727007.0,,,132300000.0,,,181614552.39,,26509392.91,86279415.98,5154613453.32,4214557297.61,1777223134.35,3281120886.58,5154613453.32,1873492566.74,940056155.71,96269432.39,191114996.46,78911911.01,3022453437.94,,,,,,455970699.13,,,,13.4675117472,6.6342072992,,-6.6327174475,,,,,,,,,,,,0.0,,,,164.300636151,53.0359735526,,,,,,,,,,,1.2059668493,13.6351619561,,,,-2.1769969826,,,,,,,,,,,,-1.536046059,,,,,,,,,,,0.2796084292,,-74.7867849305,,,17.0730583627,-3.4885159315,,,,,,,,,23.5304163234,,,29.8524141239,,,-81.6592367992,6.2990765102,,,,,,,15.25223027,5.3289310853,79.6810746319,-7.3982029901,,88.9024043439,,182.0767530117,,,,,,,,,,,,,,,13.352861558,,,,-13.9170775324,,,,,,,,37.0657793969,,,72.077415327,,,20.7609265586,,46.7653574852,22.1791569011,7.5924056348,9.2005760225,14.7230182818,4.0631238531,7.5924056348,14.3865487255,0.9286399521,8.5113325041,43.8012530928,-42.2776482395,73.4382435953,,,,,,55.4533973718,,,标准无保留意见,,0
000682.SZ,000682,东方电子,10005606,通用,2018-09-30 00:00:00,三季报,2018三季报,058001001,2018-10-31 00:00:00,2018-10-31 00:00:00,CNY,0.0,,1246429930.3,,406016393.45,,,,,,,,,0.0,0.0,,21499463.85,,,,1204139375.61,6750831.53,,,,,,0.0,0.0,0.0,0.0,31496446.99,,38650266.37,,,,23842005.67,,,,,0.0,,,,,,583412619.66,,,,,,,,,,,,91890900.52,,,,,1053914858.39,131614539.48,,,0.0,,,0.0,,,17580773.82,,,14171900.32,,,243676420.78,867600065.93,,0.0,0.0,,0.0,0.0,779523882.52,1329938491.28,,83508560.98,,468156.12,,407643423.97,,,,,,,,166573735.39,110958892.03,0.0,0.0,,,,60742436.15,,,,136536965.87,,,,,,,,1340727007.0,,,62000000.0,,,104838634.19,,18062432.01,33491284.14,4836005998.69,3906592697.47,1552443929.69,3191323185.86,4836005998.69,1644682812.83,929413301.22,92238883.14,166573735.39,110958892.03,2947646765.08,,,,,,384249794.34,,,,,11.7583919917,,-18.0636257623,,,,,,,,,,,,0.0,,,,165.3631880269,-25.1852022757,,,,,,,,,,,-33.7702961707,2.1008485879,,,,-3.7878894627,,,,,,,,,,,,-1.7279473017,,,,,,,,,,,-7.1179756558,,,,,9.2499881435,-3.0859237627,,,,,,,,,198.3030085191,,,82.8417728047,,,-82.0657357185,-28.048492256,,,,,,,28.7354418638,13.561185221,,49.5741838871,,173.050239464,,237.4971869054,,,,,,,,62.0143133385,2.7688189055,,,,,,18.4633162038,,,,39.7629486318,,,,,,,,37.0657793969,,,-24.2831322358,,,-9.6604087898,,19.8120478098,4.6489039857,5.0076326326,6.5029592647,8.2746747781,3.8587938764,5.0076326326,7.3109212431,-0.8440711107,-6.6707408592,62.0143133385,2.7688189055,71.9715028465,,,,,,43.5568665591,,,,,0
000682.SZ,000682,东方电子,10005606,通用,2018-06-30 00:00:00,中报,2018中报,058001001,2018-08-23 00:00:00,2018-08-23 00:00:00,CNY,0.0,684922375.03,1175430557.42,,472904082.2,,,,,,,,,0.0,0.0,,21499463.85,,,,1204139375.61,7951916.85,,,,,,0.0,0.0,0.0,0.0,31329234.16,,37037377.44,,,,21485141.71,,,136680.0,,0.0,,,,,,590871369.6,,,,,,,,,,,,94231854.6,,,,,976621452.93,132793227.09,,,0.0,,,0.0,,,14312341.6,,,14236633.33,,,241374772.36,1210333639.54,,0.0,0.0,,0.0,0.0,711585700.03,1261261129.23,26663325.0,85830571.81,,223593.76,,213450158.2,,,,,,,,154031646.51,112951468.22,0.0,0.0,,,,56995738.82,,,,103694128.27,,,,,,,,1340727007.0,,,118000000.0,,,90924508.03,,18062432.01,33461487.85,4812731302.46,3878311976.39,1581044104.62,3143362224.86,4812731302.46,1669369077.6,934419326.07,88324972.98,154168326.51,112951468.22,2901987452.5,,,,,,338835044.12,,,,28.2264454999,21.7693121113,,-8.7338450557,,,,,,,,,,,,0.0,,,,165.3631880269,17.1534094281,,,,,,,,,,,-23.8993166078,-6.4800375084,,,,-0.8083223083,,,,,,,,,,,,-0.492980264,,,,,,,,,,,-3.4415237149,,,,,4.6034470827,-3.4287103562,,,,,,,,,155.4571170346,,,86.192322353,,,-81.8180060259,-1.5885722113,,,,,,,28.1003950459,20.7524609535,24.9452905342,8.3603599447,,123.1333376684,,29.0248233099,,,,,,,,73.6587384071,3.3764043234,,,,,,19.7707771159,,,,47.7176071055,,,,,,,,37.0657793969,,,64.1533581882,,,-4.3657014566,,19.8120478098,-18.4814621568,7.1476296539,9.1588238855,15.3748031984,3.653334124,7.1476296539,14.4100716921,-0.4639777068,-0.4850569822,73.8128345095,3.3764043234,70.2021651979,,,,,,30.833833096,,,,,0
000682.SZ,000682,东方电子,10005606,通用,2018-03-31 00:00:00,一季报,2018一季报,058001001,2018-04-27 00:00:00,2018-04-27 00:00:00,CNY,0.0,632616957.11,1053036288.24,,548953609.94,,,,,,,,,0.0,0.0,,21499463.85,,,,453770315.53,6962620.46,,,,,,0.0,0.0,0.0,0.0,33409175.93,,36214250.84,,,,22476630.99,,,,,0.0,,,,,,587940271.97,,,,,,,,,,,,93330368.52,,2926357.47,,,906698564.74,133971914.64,,,0.0,,,0.0,,,12999392.13,,,13015805.98,,,1430626110.89,1457887153.23,,0.0,0.0,,0.0,0.0,635716957.11,1169169330.62,3100000.0,116133042.38,,236528.73,,83687755.45,,,,,,,,112752029.13,85674627.29,0.0,0.0,,,,54278793.9,,,,137975210.49,,,,,,,,978163195.0,,,88384000.0,,,82892605.61,,18062432.01,34262068.79,4772429718.67,3844018999.29,1502961270.58,3181780478.26,4772429718.67,1590649240.41,928410719.38,87687969.83,112752029.13,88600984.76,1751154367.37,,,,,,300921896.1,,,,51.8496434748,12.7567051492,,6.8306314123,,,,,,,,,,,,0.0,,,,-4.8404951724,-89.038211648,,,,,,,,,,,-23.2695722952,-6.610451162,,,,9.8272501865,,,,,,,,,,,,24.7408557329,,,,,,,,,,,-4.0509682254,,,,,4.4905709378,-3.3995700044,,,,,,,,,161.8682683564,,,62.0552729297,,,11.7143977665,11.7208019195,,,,,,,38.3501380774,16.4824817058,-92.7723996443,66.3118132645,,126.7582703501,,7.852162383,,,,,,,,25.3365269567,-20.5002822667,,,,,,20.0976511716,,,,48.338967567,,,,,,,,0.0,,,58.7320460598,,,-7.2357818297,,19.8120478098,-17.7970162487,10.2247240703,11.2668184736,20.2338577464,6.3799464312,10.2247240703,18.8143904256,6.1099783826,-1.1816493459,25.3365269567,-17.7848389644,2.3858170847,,,,,,24.7906598967,,,,,0
000682.SZ,000682,东方电子,10005606,通用,2017-12-31 00:00:00,年报,2017年报,058001001,2018-04-12 00:00:00,2019-04-02 00:00:00,CNY,0.0,630218476.31,1167160602.43,,470671546.57,,,,,,,,,0.0,0.0,,21499463.85,,,,453770315.53,4865256.48,,,,,,0.0,0.0,0.0,0.0,35361492.75,,36299702.02,,,,20363136.63,,,,,0.0,,,,,,592364462.41,,,,,,,,,,,,95530714.42,,9612232.17,,,818753511.53,135150602.22,,,0.0,,,0.0,,,13202871.2,,,12130531.37,,,1410341793.35,1472501973.41,,0.0,0.0,,0.0,0.0,647675914.81,1286862882.86,17457438.5,119702280.43,,-644209.0,,67299742.44,,,,,,,,132902177.38,127097220.24,0.0,0.0,,,,53356828.34,,,,77336783.71,,,,,,,,978163195.0,,,76884000.0,,,150391817.59,,18062432.01,70617131.57,4790871086.96,3859464346.36,1549142587.92,3153010177.95,4790871086.96,1637860909.01,931406740.6,88718321.09,132902177.38,136709452.41,1742668384.6,,,,,,293316651.06,,,,32.2818174349,14.3205737268,,1.7619569071,,,,,,,,,,,,0.0,,,,31.3663161136,-90.8656820421,,,,,,,,,,,-21.2282880475,0.6604665002,,,,36.0010377578,,,,,,,,,,,,24.4845000864,,,,,,,,,,,-4.5662520226,,,,,-2.2589924865,-3.3709208009,,,,,,,,,161.3908965245,,,32.7694931468,,,209.9794492504,238.7023977217,,,,,,,32.8941552237,22.4938283802,59.5578032321,304.4115587052,,-5.1482127575,,-6.3584477993,,,,,,,,23.5605993184,56.2427695103,,,,,,26.5018828056,,,,19.9989425844,,,,,,,,0.0,,,156.28,,,1.8880028839,,19.8120478098,19.8488295222,40.6244069282,51.9090656101,19.7199908861,55.6415869858,40.6244069282,18.5960836942,7.5260704386,1.8933454358,23.5605993184,68.0592496235,10.9389419234,,,,,,26.0028208483,,,标准无保留意见,,0
000682.SZ,000682,东方电子,10005606,通用,2017-09-30 00:00:00,三季报,2017三季报,058001001,2017-10-30 00:00:00,2017-10-30 00:00:00,CNY,,594986472.58,1115289785.48,,495526434.05,,,,,,,,,0.0,,,21499463.85,,,,453770315.53,9023390.74,,,,,,0.0,,0.0,,47556376.02,,37854990.34,,,,24780670.06,,,,,0.0,,,,,,593670940.66,,,,,,,,,,,,98932921.81,,,,,964681897.27,135805390.29,,,0.0,,,,,,5893595.88,,,7750909.49,2112717.56,,1358719917.11,1205812210.38,,0.0,,,0.0,,605523911.08,1171120650.68,10537438.5,55830865.2,,-640868.7,,120784243.48,,,,,,,,102814209.41,107969414.47,0.0,,,,,51275312.98,,,,97691818.33,,,,,,,,978163195.0,,,81884000.0,,,116049489.25,,15075639.17,32003473.39,4605385225.29,3668060234.61,1433801517.18,3072752019.11,4605385225.29,1532633206.18,937324990.68,98831689.0,102814209.41,107969414.47,1714032102.0,,,,,,267663821.0,,,,24.3617556126,39.8265965577,,-8.8302129984,,,,,,,,,,,,0.0,,,,31.3755380983,-78.6636406318,,,,,,,,,,,-5.8354056116,5.3575474328,,,,118.539782551,,,,,,,,,,,,27.6124305431,,,,,,,,,,,-2.0125385401,,,,,0.590576912,-3.7141943317,,,,,,,,,19.5047119129,,,-21.8777304372,-79.1588719873,,225.3536637667,282.7511463294,,,,,,,19.4591404863,38.3548296382,-62.9691725553,14.3179977426,,-10.3557321754,,-47.1590906831,,,,,,,,-16.5967444583,13.4663514828,,,,,,34.3436281934,,,,-4.7989829613,,,,,,,,0.0,,,94.9619047619,,,2.8879186234,,21.0579219947,113.2999664819,35.8463005656,44.0222359037,6.723105603,56.9335825038,35.8463005656,7.0163377485,11.1531764264,11.4591895033,-16.5967444583,13.4663514828,11.2731855811,,,,,,30.6015616114,,,,,0
000682.SZ,000682,东方电子,10005606,通用,2017-06-30 00:00:00,中报,2017中报,058001001,2017-08-17 00:00:00,2017-08-17 00:00:00,CNY,,534150636.68,965292927.29,,518159313.81,,,,,,,,,0.0,,,21499463.85,,,,453770315.53,6787610.27,,,,,,0.0,,0.0,,41168137.74,,39603712.89,,,,21660226.15,,,,,0.0,,,,,,593798679.9,,,,,,,,,,,,97590453.19,,,,,933641749.07,137507977.35,,,0.0,,,,,,5602639.6,,,7646197.84,7078071.9,,1327548412.48,1229871028.94,,0.0,,,0.0,,555490636.68,1044501386.78,21340000.0,79208459.49,,-966543.45,,165433404.77,,,,,,,,88697895.61,109262330.18,0.0,,,,,47587349.93,,,,70197541.31,,,,,,,,978163195.0,,,71884000.0,,,95075207.76,,15075639.17,41047703.67,4491682473.99,3552907441.05,1370354757.53,3032572228.79,4491682473.99,1459110245.2,938775032.94,88755487.67,88697895.61,109262330.18,1705023816.31,,,,,,258981210.06,,,,19.867509568,33.9625970408,,1.5306299306,,,,,,,,,,,,0.0,,,,31.3755380983,-69.6622707234,,,,,,,,,,,-16.897643133,16.4301996629,,,,94.0693837161,,,,,,,,,,,,26.4483971674,,,,,,,,,,,-4.1436941947,,,,,4.7640327105,-3.3150469965,,,,,,,,,10.3194147438,,,-31.3085402114,-33.5735824254,,227.6015096955,200.0437022202,,,,,,,19.448512099,32.663282653,9.8382983219,18.6400087556,,-77.6385373571,,-19.1896840609,,,,,,,,-25.7100818607,20.527317566,,,,,,35.9902267689,,,,-16.7530896591,,,,,,,,0.0,,,10.0826952527,,,4.4025357999,,21.0579219947,226.6739202733,36.208363897,43.9524614903,7.7282743235,56.39661137,36.208363897,7.3958146976,13.1676301167,2.5113287017,-25.7924486596,20.527317566,11.1637990862,,,,,,30.5859646722,,,,,0
000682.SZ,000682,东方电子,10005606,通用,2017-03-31 00:00:00,一季报,2017一季报,058001001,2017-04-29 00:00:00,2017-04-29 00:00:00,CNY,,416607469.49,933901258.33,,513854128.43,,,,,,,,,0.0,,,21499463.85,,,,476852329.52,63517194.79,,,,,,0.0,,0.0,,43540974.46,,38777626.93,,,,20465440.91,,,,,0.0,,,,,,471329355.98,,,,,,,,,,,,97270776.78,,,,,867732424.66,138686664.9,,,0.0,,,,,,4964095.96,,,8031707.79,10409051.36,,1280610323.73,1304937959.79,,0.0,,,0.0,,459498606.9,1003729757.04,42891137.41,69828498.71,,-883946.26,,77594879.51,,,,,,,,89959433.11,107767209.41,0.0,,,,,45195549.93,,,,93013462.85,,,,,,,,978163195.0,,,55681257.94,,,89358383.27,,15075639.17,41679835.97,4329727072.51,3454775693.26,1250031645.62,2990958902.5,4329727072.51,1338768170.01,874951379.25,88736524.39,89959433.11,107767209.41,1710348578.77,,,,,,241141361.34,,,,-4.5451750899,30.2545054367,,-10.8161845437,,,,,,,,,,,,0.0,,,,37.4467882378,268.8253807678,,,,,,,,,,,6.5693218019,22.0828862993,,,,107.7239336191,,,,,,,,,,,,-0.6498446765,,,,,,,,,,,-7.0359189605,,,,,2.8345231129,-3.2877990035,,,,,,,,,12.929483921,,,-35.2421264526,-45.3978608176,,221.7995117592,249.9734537557,,,,,,,0.0269854316,26.256959161,87.0524963367,-10.4851503805,,-65.6607182545,,-67.0232199547,,,,,,,,6.8664585388,31.6890670796,,,,,,43.7137492878,,,,54.0082928078,,,,,,,,0.0,,,-10.6239840449,,,14.2525779856,,21.0579219947,71.4326185552,31.7809841653,44.599509304,-3.3048277748,56.0725810561,31.7809841653,-2.2195971648,-2.3867365219,16.1427373394,6.8569900774,31.6890670796,12.6387674388,,,,,,32.9202581506,,,,,0
000682.SZ,000682,东方电子,10005606,通用,2016-12-31 00:00:00,年报,2016年报,058001001,2017-04-29 00:00:00,2018-04-12 00:00:00,CNY,0.0,476421089.86,1020954115.59,,462522106.37,,,,,,,,,0.0,0.0,,21499463.85,,,,345423643.56,53263489.43,,,,,,0.0,0.0,0.0,0.0,44891106.05,,36061527.71,,,,14972780.33,,,,,0.0,,,,,,475853991.46,,,,,,,,,,,,100101606.03,,,,,837676562.13,139865352.48,,,0.0,,,0.0,,,5051006.51,,,9136535.12,10409051.36,,454979127.41,434748021.66,,0.0,0.0,,0.0,0.0,487362227.27,1050553240.01,10941137.41,29599124.42,,-612667.57,,71869528.92,,,,,,,,107560321.1,81345985.25,0.0,0.0,,,,42178683.16,,,,64447887.66,,,,,,,,978163195.0,,,30000000.0,,,147605030.36,,15075639.17,58921836.66,3406856029.91,2540641225.63,1293971521.76,2025814718.94,3406856029.91,1381041310.97,866214804.28,87069789.21,107560321.1,81345985.25,1570835591.53,,,,,,232785781.37,,,,20.9573041002,49.9904523422,,-13.6619387023,,,,,,,,,,,,0.0,,,,-0.4358353429,309.8927630096,,,,,,,,,,,6.6631233919,13.4333774177,,,,66.3348744369,,,,,,,,,,,,-0.9456183889,,,,,,,,,,,-6.7421911619,,,,,10.8650661012,-3.2609952744,,,,,,,,,9.7773301977,,,-33.4209821195,-45.3978608176,,18.7050765726,-15.3390329588,,,,,,,20.550098864,37.2123723921,5.1377621024,-65.1614798159,,-13.0638511472,,-66.837234326,,,,,,,,-2.3197689693,21.2406581994,,,,,,44.2590934862,,,,36.5857818723,,,,,,,,0.0,,,-63.5108960603,,,12.6941316254,,21.0579219947,150.9621987096,4.2353962879,7.3932705379,-0.0681026442,6.8480111377,4.2353962879,0.6261793709,-4.0406480514,12.2120449162,-2.3197689693,21.2406581994,3.8436737074,,,,,,32.503796198,,,标准无保留意见,,0
000682.SZ,000682,东方电子,10005606,通用,2016-09-30 00:00:00,三季报,2016三季报,058001001,2016-10-27 00:00:00,2016-10-27 00:00:00,CNY,,478432030.53,797623494.34,,543520447.23,,,,,,,,,0.0,,,21499463.85,,,,345399396.34,42291145.29,,,,,,0.0,,0.0,,50503457.62,,35930022.35,,,,11339203.22,,,,,0.0,,,,,,465214037.64,,,,,,,,,,,,100964878.91,,,,,959018157.45,141044040.03,,,0.0,,,,,,4931684.94,,,9921510.9,10137251.49,,417613221.68,315038170.87,,0.0,,,0.0,,506887885.36,846461705.56,28455854.83,48838211.22,,-580729.87,,228580932.92,,,,,,,,123273616.53,95155447.46,0.0,,,,,38167283.16,,,,102616359.96,,,,,,,,978163195.0,,,42000000.0,,,112792143.92,,12453244.63,15003974.88,3390144012.84,2546870774.22,1343478067.92,1957995204.14,3390144012.84,1432148808.7,843273238.62,88670740.78,123273616.53,95155447.46,1540381982.46,,,,,,204946876.36,,,,17.4726031717,11.3904784317,,35.7917738778,,,,,,,,,,,,0.0,,,,-0.5248583872,407.4365736459,,,,,,,,,,,37.2689757238,15.1889657939,,,,12.5757292636,,,,,,,,,,,,-1.4958617035,,,,,,,,,,,-4.8049059725,,,,,12.3892448654,-3.2346250393,,,,,,,,,13.4035783998,,,-3.6183791874,-44.1454847663,,15.04775375,14.660617988,,,,,,,19.3026281728,11.2036806199,61.6392059439,8.2392142014,,-4.8221465258,,29.6210563459,,,,,,,,6.7254388791,1.7998143075,,,,,,43.6490497956,,,,20.2177294912,,,,,,,,0.0,,,-65.0409107169,,,5.4793162544,,25.9220491253,-28.5037833218,8.2696065645,13.4758533667,11.6858096991,5.7833826338,8.2696065645,11.8640940803,-4.9071294108,14.636707031,6.3547186135,1.7998143075,3.5233132447,,,,,,33.7459367506,,,,,0
000682.SZ,000682,东方电子,10005606,通用,2016-06-30 00:00:00,中报,2016中报,058001001,2016-08-12 00:00:00,2016-08-12 00:00:00,CNY,,445617531.06,720568986.13,,510347777.97,,,,,,,,,0.0,,,21499463.85,,,,345399396.34,22373494.76,,,,,,0.0,,0.0,,49539073.61,,34014983.23,,,,11161073.29,,,,,0.0,,,,,,469597632.87,,,,,,,,,,,,101809111.43,132521.86,,,,891185385.78,142222727.61,,,0.0,,,,,,5078561.75,2048863.62,,11131220.48,10655507.49,,405232690.69,409897298.24,,0.0,,8195454.48,0.0,,465046091.34,787332686.1,19428560.28,66763699.97,,-544106.85,,204718175.95,,,,,,,,119394256.76,90653581.6,0.0,,,,,34993213.16,,,,84324500.48,,,,,,,,978163195.0,,,65300000.0,,,91065994.74,,12453244.63,12565344.56,3297655404.91,2468111628.15,1272047441.71,1939026812.81,3297655404.91,1358628592.1,829543776.76,86581150.39,119526778.62,90653581.6,1533794122.12,,,,,,198322393.0,,,,9.5485371043,3.9310486692,,41.8121294468,,,,,,,,,,,,0.0,,,,-0.5248583872,67.1395128897,,,,,,,,,,,31.863563961,9.1088895502,,,,15.1391140564,,,,,,,,,,,,0.0671899889,,,,,,,,,,,-6.3150515884,255.9270612231,,,,14.3238632623,-3.2086778781,,,,,,,,,12.4321501201,-89.8204864089,,-2.4954413887,-41.2899831862,,15.9545335148,30.8414163405,,,,-48.1114168533,,,12.2702776429,10.1438188599,161.0036054214,210.4142061567,,0.6907210144,,33.7387792535,,,,,,,,14.720719883,2.157609802,,,,,,51.0776174135,,,,-9.0385280859,,,,,,,,0.0,,,-49.6918335901,,,13.7131593957,,25.9220491253,5.5513989036,8.6301809796,15.2169416105,13.2835609225,5.8463872284,8.6301809796,12.8667075788,-7.1609027261,7.0778103937,7.4793424008,2.157609802,3.4634739035,,,,,,34.2528062236,,,,,0
000682.SZ,000682,东方电子,10005606,通用,2016-03-31 00:00:00,一季报,2016一季报,058001001,2016-04-28 00:00:00,2016-04-28 00:00:00,CNY,,436444642.67,716981923.35,,576174192.37,,,,,,,,,0.0,,,21499463.85,,,,346935956.55,17221481.52,,,,,,0.0,,0.0,,40856949.94,,31763360.21,,,,9852230.58,,,,,0.0,,,,,,474412299.05,,,,,,,,57700000.0,,,,104632644.88,7459.02,,,,843814312.93,143401415.2,,,0.0,,,,,,4395748.38,4097727.24,,12402673.76,19063449.74,,397952848.57,372867697.76,,0.0,,8195454.48,0.0,,459374642.67,794989649.45,22930000.0,78007726.1,,-533588.33,,235301564.93,,,,,,,,84179296.61,81834590.98,0.0,,,,,31448313.16,,,,60395100.26,,,,,,,,978163195.0,,,62300000.0,,,78211262.14,,12453244.63,24312663.67,3285547683.48,2389202916.31,1292754970.96,1916389722.18,3285547683.48,1369157961.3,896344767.17,76402990.34,84186755.63,81834590.98,1518436873.61,,,,,,181418065.76,,,,2.1297701573,16.3305351566,,21.031712362,,,,,,,,,,,,0.0,,,,-0.082328533,87.6353878784,,,,,,,,,,,6.55019491,-0.874048326,,,,7.4382368885,,,,,,,,,,,,0.0900651174,,,,,,,-7.9377742321,,,,6.2133828632,,,,,4.7575167804,-2.8394786207,,,,,,,,,24.3868131791,-83.0132394202,,-0.5423351086,-27.0143978329,,31.1049056133,1.7954571584,,,,-47.8850913036,,,5.9266361024,17.6648813285,262.2867832473,31.531663326,,-0.9717762007,,34.5691710451,,,,,,,,-24.6520137788,49.5427202065,,,,,,54.4119462706,,,,-37.9962670743,,,,,,,,0.0,,,-29.645815224,,,10.2192122598,,25.9220491253,21.4543845158,6.9760590316,9.8730012703,6.2508554638,8.163242292,6.9760590316,5.3574807024,-0.0484553666,-7.7646538149,-24.6453372899,49.2532985937,3.420312649,,,,,,35.9211922389,,,,,0
000682.SZ,000682,东方电子,10005606,通用,2015-12-31 00:00:00,年报,2015年报,058001001,2016-04-09 00:00:00,2017-04-07 00:00:00,CNY,,393875420.26,680679403.02,,535710553.86,,,,,,,,,0.0,,,21499463.85,,,,346935712.01,12994493.74,,,,,,0.0,,0.0,,42086809.97,,31790931.85,,,,9001588.14,,,,,0.0,,,,,,480396711.1,,,,,,,,57700000.0,,,,107338578.16,,,,,755582070.7,144580102.8,,,0.0,,,,,,4601138.05,6269022.66,,13722844.54,19063449.74,,383285315.63,513516484.46,,0.0,,8073022.68,0.0,,404281897.62,765640314.86,10406477.36,84960911.84,,-541877.5,,216717536.85,,,,,,,,110114728.4,67094641.73,0.0,,,,,29238145.16,,,,47184916.89,,,,,,,,978163195.0,,,82216324.22,,,130978453.12,,12453244.63,23478371.23,3268425267.46,2365735965.49,1294853351.13,1895977938.54,3268425267.46,1372447328.92,902689301.97,77593977.79,110114728.4,67094641.73,1512692622.91,,,,,,175682348.77,,,,-10.9985097834,3.5023341059,,26.3241849189,,,,,,,,,,,,0.0,,,,-0.0823989606,73.1825154944,,,,,,,,,,,7.5781252241,-3.2844214803,,,,15.9347641373,,,,,,,,,,,,2.546881697,,,,,,,-15.9810702585,,,,6.5915124544,,,,,-0.2726100432,-3.1580126317,,,,,,,,,18.4561288903,-77.6441174232,,12.3001157841,-27.0143978329,,31.747038354,22.6213356314,,,,-48.6636353238,,,-14.6235309918,11.1204561558,-66.4082225387,170.8184630366,,2.0857433832,,0.6843272612,,,,,,,,12.9651559022,19.5219178809,,,,,,64.5559732234,,,,-31.4936631892,,,,,,,,0.0,,,-36.2920695835,,,35.5034720412,,25.9220491253,-23.1997854514,5.2313978546,7.1951193204,2.1720437022,8.1140791206,5.2313978546,1.4929789404,0.4106689156,-8.6398032873,12.6919968702,16.9419850353,3.4137628898,,,,,,37.2129125936,,,标准无保留意见,,0
000682.SZ,000682,东方电子,10005606,通用,2015-09-30 00:00:00,三季报,2015三季报,058001001,2015-10-31 00:00:00,2015-10-31 00:00:00,CNY,,407271157.37,716060749.15,,400260215.85,,,,,,,,,0.0,,,21499463.85,,,,347221819.18,8334272.2,,,,,,0.0,,0.0,,36791603.75,,31192243.2,,,,10072511.45,,,,,0.0,,,,,,472278673.45,,,,,,,,58800000.0,,,,106061010.75,402616.67,,,,853300650.43,145758790.36,,,0.0,,,,,,4348791.29,13987927.69,,10293986.36,18149385.86,,362991199.8,274757084.34,,0.0,,13805490.2,0.0,,424875707.37,761181375.33,17604550.0,45120626.18,,-554014.48,,176345525.46,,,,,,,,115505373.25,93473105.14,0.0,,,,,26569812.48,,,,85358757.31,,,,,,,,978163195.0,,,120140429.46,,,106932949.44,,9889645.79,20985690.68,3131205626.78,2244416498.01,1202908472.92,1850947809.94,3131205626.78,1280257816.84,886789128.77,77349343.92,115907989.92,93473105.14,1487956610.14,,,,,,153235964.65,,,,-4.1385858645,-5.7259870776,,51.8463783365,,,,,,,,,,,,-13.7260680177,,,,0.0,-81.2176737544,,,,,,,,,,,,5.1847145289,,,,-54.8160265027,,,,,,,,,,,,23.1887706914,,,,,,,-15.7291293443,,,,75.4698711039,,,,,23.8035281805,-33.9886824307,,,,,,,,,25.2901345521,-56.3978668239,,10.8222067593,,,33.2190963509,-8.1718196805,,,,-11.4895592701,,,-11.8947849379,-4.7521773103,-69.3207628216,13.9231831913,,,,781.7276273,,,,,,,,-12.5511660013,-17.5612540052,,,,,,64.3705341983,,,,18.8335232084,,,,,,,,0.0,,,-6.9964643465,,,34.0265435488,,29.5536155842,156.8884296172,9.4358305365,12.6251587852,12.6829195952,8.1267287675,9.4358305365,11.3855217124,2.1169488707,-5.5299855274,-13.5094986109,-17.5612540052,3.3766224991,,,,,,43.3262818815,,,,,0
000682.SZ,000682,东方电子,10005606,通用,2015-06-30 00:00:00,中报,2015中报,058001001,2015-08-11 00:00:00,2015-08-11 00:00:00,CNY,,406776341.19,693314457.38,,359875971.09,,,,,,,,,0.0,,,21499463.85,,,,347221819.18,13386119.4,,,,,,0.0,,0.0,0.0,37568432.19,,31175262.96,,,,9693554.95,,,7098000.0,,0.0,0.0,,,,,469282322.13,,,,,,,,58800000.0,,,,108671791.1,37232.87,,,,779527003.68,146937477.96,,,0.0,,,,,,4517001.36,20127323.39,,11416102.63,18149385.86,0.0,349475504.24,313277943.41,,0.0,0.0,15794330.82,0.0,0.0,414220131.19,714822396.98,7443790.0,21507939.6,,-547891.25,,153073160.3,,,0.0,0.0,,,,104073838.52,88738941.5,0.0,0.0,0.0,0.0,,23162407.35,0.0,0.0,,92703535.58,,,,,,,,978163195.0,,,129800000.0,,,80083954.42,,9889645.79,11904479.42,3035671463.65,2142142981.45,1122887938.33,1831925362.39,3035671463.65,1203746101.26,893528482.2,80858162.93,111209071.39,88738941.5,1482449858.15,,,,,,147723089.43,,,,3.8389790696,-4.8735997967,,18.441907687,,,,,,,,,,,,,,,,1.6055605311,-68.0256182939,,,,,,,,,,,,27.0628950009,,,,-52.7040666813,,,21.9979615443,,,,,,,,,22.235738374,,,,,,,-16.0,,,,76.1090947832,,,,,27.7627043399,-33.9640601229,,,,,,,,,-84.1180253099,-44.0652606284,,23.5429861759,,,47.4136126608,-3.4232030967,,,,1.261393957,,,-6.8461565016,-6.5940945399,-85.935157053,-40.9951339452,,,,,,,,,,,,-20.1970970147,-23.2094584215,,,,,,83.2237007183,,,,46.7771704844,,,,,,,,0.0,,,41.6763978796,,,41.8080442903,,29.5536155842,123.0851821801,10.7409799968,14.0333053856,12.6428764466,10.0012393305,10.7409799968,11.8860465421,3.5720604154,2.3374068359,-18.367716859,-23.2094584215,3.7914620128,,,,,,45.7542264863,,,,,0
000682.SZ,000682,东方电子,10005606,通用,2015-03-31 00:00:00,一季报,2015一季报,058001001,2015-04-30 00:00:00,2015-04-30 00:00:00,CNY,,427343214.42,616331664.24,,476052252.03,,,,,,,,,0.0,,,21499463.85,,,,347221819.18,9178162.88,,,,,,0.0,,0.0,0.0,38345260.63,,32043435.32,,,,9170134.27,,,,,0.0,0.0,,,,,473985403.54,,,,,,,,62675000.0,,,,98511733.7,,106115.46,,,805492855.18,147592266.04,,,0.0,,,,,,3533934.4,24123064.67,,12470304.6,26119466.27,0.0,303537725.54,366291098.02,,0.0,0.0,15725738.92,0.0,0.0,433672454.42,675638848.63,6329240.0,59307184.39,,-528452.95,,174855476.26,,,0.0,0.0,,,,111720698.63,54723219.47,0.0,0.0,0.0,0.0,,20366502.67,0.0,0.0,,97405587.39,,,,,,,,978163195.0,,,88551946.41,,,70959736.09,,9889645.79,20017938.23,3071292505.28,2174513200.41,1216700764.73,1771756912.58,3071292505.28,1299535592.7,896779304.87,82834827.97,111720698.63,54829334.93,1468219187.04,,,,,,133472980.02,,,,20.2476880593,-15.3321164718,,46.6341371855,,,,,,,,,,,,,,,,1.6055605311,-72.332478132,,,,,,,,,,,,25.2369160614,,,,-50.486265057,,,,,,,,,,,,23.3467380423,,,,,,,-10.4642857143,,,,56.9871518134,,,,,56.53626836,-34.1734722707,,,,,,,,,-87.407071967,-40.1624974544,,29.8073252292,,,33.0400356243,-0.5999674007,,,,3.7196499565,,,10.9019145236,-10.4572387103,-82.2489817091,122.9349201411,,,,1648.5547626,,,,,,,,-9.4753923795,-49.95250793,,,,,,138.4493376945,,,,53.1585970768,,,,,,,,0.0,,,14.8140538259,,,69.7034203997,,29.5536155842,148.1745015177,14.7398751745,19.4421051564,30.5920364397,6.402157954,14.7398751745,28.4643348407,4.7412425892,3.6577669879,-9.4917024631,-49.8554593153,2.1728009377,,,,,,21.2826395364,,,,,0
000682.SZ,000682,东方电子,10005606,通用,2014-12-31 00:00:00,年报,2014年报,058001001,2015-04-04 00:00:00,2016-04-09 00:00:00,CNY,,442549241.93,657646427.88,,424076002.71,,,,,,,,,0.0,,,21499463.85,,,,347221819.18,7503352.0,,,,,,0.0,,0.0,0.0,39122089.07,,32870538.89,,,,7764356.28,,,,,0.0,0.0,,,,,468465450.29,,,,,,,,68675000.0,,,,100700867.91,236278.06,1238449.28,,,757647493.86,149294853.12,,,0.0,,,,,,3884254.95,28041937.68,,12219795.54,26119466.27,0.0,290925185.43,418782328.39,,0.0,0.0,15725738.92,0.0,0.0,473528481.93,689018333.21,30979240.0,31371905.33,,-553420.43,,215244559.65,,,0.0,0.0,,,,97476719.72,56135847.65,0.0,0.0,0.0,0.0,,17767902.67,0.0,0.0,1238449.28,68876718.69,,,,,,,,978163195.0,,,129051946.41,,,96660588.21,,9889645.79,30570710.47,3105941129.83,2206943730.73,1267326466.43,1753682733.98,3105941129.83,1352258395.85,898997399.1,84931929.42,97712997.78,57374296.93,1462757548.55,,,,,,128036309.01,,,,20.2933475968,-12.5232167115,,60.5733742444,,,,,,,,,,,,-13.7260680177,,,,1.6055605311,-57.9609102956,,,,,,,,,,,23.2777061182,28.3948857413,,,,-56.9715801117,,,,,,,,,,,,20.8853732659,,,,,,,-1.8928571429,,,,56.9252971026,11.8344416368,,,,53.9351394581,-33.9159288878,,,,,,,,,9.9282712753,-35.9270815171,,16.8856848832,,,34.2487998229,-2.058219374,,,,0.8216341795,,,8.7021582302,-10.8706369534,-54.2596209204,47.5709648283,,4.0535014958,,2052.4455965,,,,,,,,-26.5428145705,-36.8147057604,,,,,,133.1369907958,,,,76.2079630228,,,,,,,,0.0,,,67.3252562158,,,73.2952550111,,29.5536155842,187.7081707167,15.9463847044,20.5482906848,33.92433926,6.3255951872,15.9463847044,31.3609190059,6.0115071523,2.1776612296,-26.4941095796,-35.4207340751,2.1018526114,,,,,,21.1428322686,,,标准无保留意见,,0
000682.SZ,000682,东方电子,10005606,通用,2014-09-30 00:00:00,三季报,2014三季报,058001001,2014-10-28 00:00:00,2014-10-28 00:00:00,CNY,,424854109.49,759552634.87,,263595497.13,,,,,,,,,0.0,,,24920000.0,,,,347221819.18,44372949.82,,,,-577693.59,,0.0,,0.0,0.0,,,29654730.1,,,,22292221.49,,,1929015.0,,0.0,0.0,,,,,383378022.85,,,,,,,,69775000.0,,,,60444001.06,,,,,689237748.69,220808788.14,,,0.0,,,,,,3470976.63,32080833.37,,9288739.74,,,272476851.85,299207806.78,,0.0,0.0,15597583.84,0.0,0.0,482236729.2,799158819.42,57382619.71,39606184.55,,,,20000000.0,,,,,,,33631720.78,132083377.18,113384918.72,0.0,0.0,,,,16164583.64,,,,71830536.54,,,,,,,,978163195.0,,,129178346.41,,,79784904.25,,7633631.64,-36889207.21,2861225259.98,1992819830.15,1067516245.8,1711831876.39,2861225259.98,1149393383.59,868405429.83,81877137.79,134012392.18,113384918.72,1439355024.54,,,,,,106914072.31,,,,14.6494432371,0.9298555125,,-4.0323333668,,,,,,,,,,,,,,,,1.6055605311,219.5386360386,,,,2.3591884125,,,,,,,,34.3007522496,,,,57.4227320632,,,,,,,,,,,,-1.6192433114,,,,,,,24.5982142857,,,,-8.098472971,,,,,31.5983484231,-2.9919928299,,,,,,,,,-91.3321073699,-46.6576640633,,15.7617681235,,,36.7659678426,17.9916720143,,,,,,,15.8757270985,4.1379923884,25.8412860533,166.7307450746,,,,,,,,,,,8.2156237062,8.1459709512,-7.3115808877,,,,,,,,,,42.79759933,,,,,,,,0.0,,,148.4198969423,,,71.1252725559,,19.6961404642,41.0114013719,12.0012788226,16.0395590537,25.729160699,6.0380518551,12.0012788226,22.2394761487,3.718216498,-10.2419672632,9.7253915006,-7.3115808877,1.7120265478,,,,,,19.5324490222,,,,,0
000682.SZ,000682,东方电子,10005606,通用,2014-06-30 00:00:00,中报,2014中报,058001001,2014-08-16 00:00:00,2014-08-16 00:00:00,CNY,,391737616.1,728834956.33,,303841755.1,,,,,,,,,0.0,,,,,,,341735056.0,41865139.17,,,,-586155.33,,0.0,,0.0,0.0,,,24535300.38,,,,20495535.81,,,5818130.0,,0.0,0.0,,,,,383915807.58,,,,,,,,70000000.0,,,,61707086.3,,,,,610136586.97,222511375.22,,,0.0,,,,,,28441056.28,35983583.04,,9240591.46,,,237071392.48,324382205.1,,0.0,0.0,15597583.84,0.0,0.0,444662416.1,765286084.92,52924800.0,36451128.59,,,,,,,,,,,30386163.28,130413599.79,115559728.68,0.0,0.0,,,,12641600.0,,,,63159369.59,,,,,,,,978163195.0,,,91617236.14,,,56473491.91,,7633631.64,-51567621.72,2741235867.46,1878523975.26,996856591.16,1665367929.98,2741235867.46,1075867937.48,862711892.2,79011346.32,136231729.79,115559728.68,1428296537.5,,,,,,101350810.19,,,,22.2299461461,7.417638685,,31.0145567479,,,,,,,,,,,,,,,,0.0,48.2366020458,,,,-16.5643459168,,,,,,,,12.4916006803,,,,47.8579309147,,,,,,,,,,,,3.6966584333,,,,,,,25.0,,,,-7.3682657036,,,,,44.2955993938,-2.9702232763,,,,,,,,,-29.0105130105,-40.5840791039,,35.8068831685,,,22.4179979173,-3.5370523336,,,,,,,24.93523085,10.3524553259,49.4121883508,143.2226709249,,,,,,,,,,,38.875536672,11.8013908655,-2.9663981329,,,,,,,,,,84.7635726252,,,,,,,,0.0,,,34.7312296176,,,118.9415811583,,19.6961404642,-17.0404259008,12.3994512616,16.9776071095,32.1721776688,3.9438131584,12.3994512616,28.5919024257,3.5730145062,-4.1616787002,16.7891760909,-2.9663981329,1.4038054723,,,,,,22.4772750408,,,,,0
000682.SZ,000682,东方电子,10005606,通用,2014-03-31 00:00:00,一季报,2014一季报,058001001,2014-04-30 00:00:00,2014-04-30 00:00:00,CNY,,355385805.18,727940322.3,,324653086.36,,,,,,,,,0.0,,,,,,,341735056.0,33173057.29,,,,-586944.17,,0.0,,0.0,,,,25586253.9,,,,18520384.86,,,22240.0,,0.0,,,,,,384270724.19,,,,,,,,70000000.0,,,,62751462.5,,,,,514572669.72,224213962.26,,,0.0,,,,,,28062849.17,40314290.61,,9606780.34,,,228155174.58,368501989.83,,0.0,,15161774.0,0.0,,391041449.81,754543235.99,35655644.63,26602913.69,,,,10000000.0,,,,,,,31056320.04,123414728.4,109342580.83,0.0,,,,,8541228.45,,,,63597858.2,,,,,,,,978163195.0,,,77126400.0,,,41813969.29,,7633631.64,-41552974.29,2676743809.08,1820558334.57,931680673.57,1665151296.41,2676743809.08,1011592512.67,856185474.51,79911839.1,123436968.4,109342580.83,1436996121.83,,,,,,110051183.36,,,,3.5168418701,2.5848238163,,50.162772076,,,,,,,,,,,,,,,,0.0,-62.3256971115,,,,-83.6642749551,,,,,,,,45.6449939423,,,,58.9847150061,,,,,,,,,,,,30.6354589813,,,,,,,2233.3333333333,,,,-7.9405973624,,,,,29.0758210729,-2.948774794,,,,,,,,,-28.7076106869,-28.5203177882,,31.9484799164,,,25.238659492,-0.3351450898,,,,,,,3.0966616906,1.06108103,-0.9121595993,-28.1439875227,,,,25.0,,,,,,,36.9214688219,-3.5789990516,-2.4808463792,,,,,,,,,,59.7257415653,,,,,,,,0.0,,,11.7773913043,,,374.7169325928,,19.6961404642,-49.3004425938,9.917916594,8.6924838677,20.4548457371,5.2115059611,9.917916594,18.6548748073,12.6177282431,1.0499809008,-3.561623467,-2.4808463792,2.6063730812,,,,,,47.6447224948,,,,,0
000682.SZ,000682,东方电子,10005606,通用,2013-12-31 00:00:00,年报,2013年报,058001001,2014-03-29 00:00:00,2015-04-04 00:00:00,CNY,,367891700.39,751795394.34,,264101071.99,,,,,,,,,0.0,,,24920000.0,,,,341735056.0,17848512.07,,,,-576801.07,,0.0,,0.0,0.0,31734926.21,,25601127.88,,,,18044716.26,,,22240.0,,0.0,0.0,,,,,387528646.05,,,,,,,,70000000.0,,,,64171213.8,211274.86,,,,492186187.33,225916549.34,,,0.0,,,,,,3533444.95,43765663.16,,10454484.27,,0.0,216705986.06,427582922.95,,0.0,0.0,15597583.84,0.0,0.0,435620129.02,773054254.69,67728428.63,21258860.35,,-576801.07,,10000000.0,,,0.0,0.0,,,31734926.21,132698685.84,88843216.33,0.0,0.0,0.0,0.0,,7621228.45,0.0,0.0,,39088312.19,,,,,,,,978163195.0,,,77126400.0,,,55777977.42,,7633631.64,-34855031.43,2678773588.11,1830754893.49,946300331.54,1649351438.75,2678773588.11,1029422149.36,848018694.62,83121817.82,132932200.7,88843216.33,1432645452.69,,,,,,105690371.12,,,,6.8141223141,5.8536002313,,42.1431388733,,,,,,,,,,,,0.0,,,,0.0,-75.10516019,,,,-79.6164958263,,,,,,,35.136801312,46.0166667488,,,,63.0831603438,,,,,,,,,,,,30.4432282181,,,,,,,40.0,,,,-7.1036976809,237.4417212885,,,,35.4825392302,-2.9055180255,,,,,,,,,-77.0494030776,-2.6172766889,,38.2157679638,,,26.3162562275,16.7076111346,,,,,,,14.1274708518,4.4275692123,81.7052862092,-29.2693748588,,-79.6164958263,,53.8461538462,,,,,,,,1.7598311434,-2.8333998699,,,,,,,,,,9.1967425169,,,,,,,,0.0,,,20.51,,,207.2429092001,,19.6961404642,-120.062510627,11.5840650896,14.160824759,23.8163154239,5.189940715,11.5840650896,23.6241602389,6.3993992588,21.4778850078,1.8899813072,-2.8333998699,2.5944436679,,,,,,49.99714162,,,标准无保留意见,,0
000682.SZ,000682,东方电子,10005606,通用,2013-09-30 00:00:00,三季报,2013三季报,058001001,2013-10-30 00:00:00,2013-10-30 00:00:00,CNY,,370567965.7,752554961.08,,274671153.71,,,,,,,,,0.0,,,,,,,341735056.0,13886567.95,,,,-591651.77,,0.0,,0.0,,,,22080836.93,,,,14160738.54,,,,,0.0,,,,,,389688020.05,,,,,,,,56000000.0,,,,65770399.05,,,,,523743464.07,227619136.38,,,0.0,,,,,,40044065.82,60141410.77,,8024013.36,,,199228547.97,253583834.92,,0.0,,,0.0,,416167165.7,767403712.22,45599200.0,14848751.14,,,,,,,,,,,31078433.62,122134348.62,122329110.59,0.0,,,,,,,,,50302341.83,,,,,,,,978163195.0,,,52000000.0,,,46623682.79,,6377508.59,-62536164.73,2554636241.71,1717362463.63,849060186.09,1614356211.23,2554636241.71,940280030.48,837273778.08,91219844.39,122134348.62,122329110.59,1415127663.26,,,,,,89443555.44,,,,52.6318123732,16.0081805789,,91.5741933502,,,,,,,,,,,,,,,,-0.2422664482,-68.645881464,,,,-52.5518300802,,,,,,,,31.0682254417,,,,-9.954072028,,,,,,,,,,,,30.4691267927,,,,,,,12.0,,,,5.4556243809,,,,,58.5762404932,-2.8980277402,,,,,,,,,-1.817295324,253.7730045294,,435.3972641085,,,28.4774567187,24.463269022,,,,,,,51.357436953,15.2706887961,41.7400817974,-12.8185980496,,,,,,,,,,,162.7983271783,11.9928286788,0.8525737071,,,,,,,,,,22.7398620854,,,,,,,,0.0,,,10.6382978723,,,420.3473125204,,19.1950972912,-136.4130628215,20.1250254523,26.0876158631,52.4629874417,4.7653353881,20.1250254523,60.5335273061,9.5035417581,216.4502902027,11.9928286788,0.8525737071,2.1120949194,,,,,,48.6607189832,,,,,0
000682.SZ,000682,东方电子,10005606,通用,2013-06-30 00:00:00,中报,2013中报,058001001,2013-08-14 00:00:00,2013-08-14 00:00:00,CNY,,320492341.24,678505844.34,,231914500.68,,,,,,,,,0.0,,,,,,,341735056.0,28242106.6,,,,-502859.88,,0.0,,0.0,,,,21810784.3,,,,13861641.16,,,,,0.0,,,,,,370229680.86,,,,,,,,56000000.0,,,,66615492.81,,,,,422837972.56,229322773.62,,,0.0,,,,,,40063758.01,60562190.23,,6804214.37,,,193657302.45,336276480.19,,0.0,,,0.0,,355914351.04,693492575.82,35422009.8,14986731.48,,,,,,,,,,,21880141.03,116647564.74,119092485.96,0.0,,,,,,,,,34183886.3,,,,,,,,978163195.0,,,68000000.0,,,25793863.19,,6377508.59,-44059666.84,2438833852.56,1605883400.83,754210612.81,1602180908.49,2438833852.56,836652944.07,832950451.73,82442331.26,116647564.74,119092485.96,1408523606.04,,,,,,82750706.33,,,,59.3119449748,19.2989960296,,72.2547763753,,,,,,,,,,,,,,,,-0.2422664482,25.4777510016,,,,-29.6576784819,,,,,,,,30.4156211995,,,,-13.8550325251,,,,,,,,,,,,23.3679982919,,,,,,,12.0,,,,28.8443223669,,,,,46.1902648789,-2.8858415293,,,,,,,,,-2.4150127477,,,318.2136696219,,,31.4679396221,42.8710425841,,,,,,,63.1112059038,20.731901453,107.9895407325,164.6382984584,,,,,,,,,,,318.8022530681,15.332697039,6.3222964377,,,,,,,,,,-8.5899841894,,,,,,,,0.0,,,466.6666666667,,,152.1849401899,,19.1950972912,-73.1140158098,22.9022114766,28.6329690841,67.3216095962,4.828024607,22.9022114766,83.484767143,13.1808408142,1478.0078397362,15.332697039,6.3222964377,1.9866655427,,,,,,49.3823624124,,,,,0
000682.SZ,000682,东方电子,10005606,通用,2013-03-31 00:00:00,一季报,2013一季报,058001001,2013-04-26 00:00:00,2013-04-26 00:00:00,CNY,,343312062.81,709598452.5,,216200781.24,,,,,,,,,,,,,,,,341735056.0,88052212.64,,,,-319574.49,,,,,,,,17567547.78,,,,11649160.65,,,,,,,,,,,294154992.21,,,,,,,,3000000.0,,,,68164099.16,,,,,398659226.37,231026410.83,,,,,,,,,39363036.42,56399650.03,,7280705.58,,,182176314.81,369741159.17,,,,,,,379295937.81,746620982.38,35983875.0,37022529.88,,,,8000000.0,,,,,,,22681848.44,127995693.04,112124210.24,,,,,,,,,,39816912.15,,,,,,,,978163195.0,,,69000000.0,,,8808189.98,,6377508.59,-27831782.39,2435220655.58,1674962490.31,773468819.68,1582670337.43,2435220655.58,852550318.15,760258165.27,79081498.47,127995693.04,112124210.24,1400494022.62,,,,,,74537837.52,,,,83.843105583,23.7648745111,,37.7234448404,,,,,,,,,,,,,,,,0.0,1955.8204820387,,,,-864.4815211293,,,,,,,,5.6877159846,,,,-22.5296569046,,,,,,,,,,,,-2.4170078597,,,,,,,-94.0,,,,35.5567671252,,,,,56.7368454304,-2.865170472,,,,,,,,,-5.9884106347,,,314.7985494761,,,33.4707806062,56.8744841704,,,,,,,95.1943065889,26.6614716877,375.0198541669,129.6994031113,,,,,,,,,,,308.3729516738,57.0678135048,12.6425824833,,,,,,,,,,-17.6190739397,,,,,,,,0.0,,,885.7142857143,,,17.1508304666,,19.1950972912,-44.0906594351,25.1070102628,36.4669377611,80.1457043482,4.7017596679,25.1070102628,96.0284388887,5.7185506503,1323.8145113441,54.4811817829,12.6425824833,1.8461800117,,,,,,49.399947267,,,,,0
000682.SZ,000682,东方电子,10005606,通用,2012-12-31 00:00:00,年报,2012年报,058001001,2013-04-15 00:00:00,2015-04-04 00:00:00,CNY,,344422340.81,710221846.68,,185799380.88,,,,,,,,,0.0,,0.0,24920000.0,,,,341735056.0,71695629.32,,,,-321129.23,,0.0,,0.0,0.0,23483555.85,,17533017.6,,,,11064733.0,,,,,0.0,0.0,,,,,297086059.08,0.0,,,,,,,50000000.0,,,,69078329.49,62610.77,,,,363283852.02,232677022.16,,,0.0,0.0,,,0.0,,15395873.85,44941917.49,0.0,7563886.83,0.0,0.0,171558271.7,366371069.37,0.0,0.0,0.0,0.0,0.0,0.0,381696120.81,740277936.68,37273780.0,30056090.0,0.0,-321129.23,,6500000.0,0.0,,0.0,0.0,0.0,,0.0,130403799.17,91433904.46,0.0,0.0,0.0,0.0,,,0.0,0.0,0.0,35796225.5,0.0,,0.0,0.0,0.0,0.0,0.0,978163195.0,0.0,,64000000.0,0.0,0.0,18154357.92,0.0,6377508.59,-15838695.71,2400677539.36,1603662988.03,764277573.84,1567974492.18,2400677539.36,832703047.18,797014551.33,68425473.34,130466409.94,91433904.46,1396416220.48,0.0,,0.0,,,70461590.12,0.0,,,90.0460837835,32.5951108202,,23.0297259133,,,,,,,,,,,,,,,,0.0,10642.3848472376,,,,-869.1737542301,,,,,,,,5.6599604812,,,,-10.0326773592,,,,,,,,,,,,-2.1390893321,,,,,,,0.0,,,,32.6154721283,,,,,70.7808398535,-2.8600828231,,,,,,,,,-63.2267131448,,,331.6380563506,,,27.6608069497,6.0758816595,,,,,,,100.6128620452,34.2597024885,312.5912241105,90.8855665344,,,,,,,,,,,-100.0,50.7908304082,27.8776032489,,,,,,,,,,-25.5041626268,,,,,,,,0.0,,,611.1111111111,,,125.7293598745,,19.1950972912,-67.7106065582,23.2662146689,30.4661720943,75.5493658779,4.0778261114,23.2662146689,88.8152255788,10.9467088431,1110.7611797711,50.8632296025,27.8776032489,1.7681568246,,-100.0,,,,50.1137966857,,,标准无保留意见,,0
000682.SZ,000682,东方电子,10005606,通用,2012-09-30 00:00:00,三季报,2012三季报,058001001,2012-10-29 00:00:00,2012-10-29 00:00:00,CNY,,242785537.26,648708528.42,,143375863.37,,,,,,,,,,,,,,,,342564976.0,44289454.14,,,,-387836.56,,,0.0,,0.0,,,16846826.8,,,,15726128.72,,,,,,,,,,,298682170.74,,,,,,,,50000000.0,,,,62367843.76,,,,,330278648.58,234412474.93,,,,,,,,,40785254.34,17000000.0,,1498702.72,,,155068875.94,203741904.67,,,,,,,274956536.05,665740545.35,32170998.79,17032016.93,,,,,,,,,,,11825963.26,109055508.34,121294981.47,,,,,,,,,,40982889.32,,,,,,,,978163195.0,,,47000000.0,,,8960108.31,,5350478.95,-26452076.71,2126647825.54,1362038969.39,556895939.36,1540925922.92,2126647825.54,585721902.62,764608856.15,28825963.26,109055508.34,121294981.47,1385857046.98,,,,,,60166233.59,,,,41.6562515648,12.3402528384,,58.5659499405,,,,,,,,,,,,,,,,0.2428548039,71665.7677443817,,,,,,,,,,,,3.6497317966,,,,45.685210587,,,,,,,,,,,,-1.0895635624,,,,,,,-23.0769230769,,,,25.695120461,,,,,62.7023335777,-2.843401539,,,,,,,,,48.6580293098,,,-20.3679883847,,,24.0822175408,-17.3787778397,,,,,,,41.8589382435,13.5993884877,43.4074677889,98.2172675325,,,,,,,,,,,77.207080132,39.6615415959,37.9383028396,,,,,,,,,,-17.3683891267,,,,,,,,0.0,,,80.7692307692,,,68.0386959107,,35.909243989,-1845.8625353474,12.672590578,16.0993359721,41.9557172946,3.5233232206,12.672590578,46.8062607495,7.0444311649,331.944922286,39.6615415959,37.9383028396,1.6389940554,,,,,,51.6509392366,,,,,0
000682.SZ,000682,东方电子,10005606,通用,2012-06-30 00:00:00,中报,2012中报,058001001,2012-08-17 00:00:00,2012-08-17 00:00:00,CNY,,201172825.61,568743968.45,,134634583.47,,,,,,,,,,,,,,,,342564976.0,22507660.82,,,,-387836.56,,,0.0,,0.0,,,16724058.13,,,,16091063.2,,,,,,,,,,,300101878.92,,,,,,,,50000000.0,,,,51702311.43,,,,,289238119.18,236137322.54,,,,,,,,,41055247.47,,,1626970.82,,,147303824.04,235370635.02,,,,,,,218203494.4,574407068.45,17030668.79,5663100.0,,,,,,,,,,,5224456.38,101140064.99,112010829.29,,,,,,,,,,37396215.28,,,,,,,,978163195.0,,,12000000.0,,,10228153.66,,5350478.95,-25451241.85,1984369380.55,1248422867.22,450755054.67,1528389869.5,1984369380.55,455979511.05,735946513.33,5224456.38,101140064.99,112010829.29,1381086045.46,,,,,,55395232.07,,,,44.6320897866,12.0879830016,,55.8371919775,,,,,,,,,,,,,,,,0.2428548039,38989.4406207722,,,,,,,,,,,,3.1804698598,,,,76.4999707352,,,,,,,,,,,,-1.0616877839,,,,,,,-33.3333333333,,,,3.4794764156,,,,,85.5558858868,-2.8079818944,,,,,,,,,49.3409922926,,,-19.2495565396,,,21.8148828668,-17.7837654415,,,,,,,42.7615720299,12.2325635769,23.8423236445,28.9351972873,,,,,,,,,,,-27.194379615,48.5532405018,26.9712407728,,,,,,,,,,-29.3534044811,,,,,,,,0.0,,,-53.8461538462,,,81.8253233987,,35.909243989,-664.778496353,8.9567116274,13.9996238376,34.3052620044,3.3778559481,8.9567116274,33.0178622527,1.3512991584,-27.194379615,48.5532405018,26.9712407728,1.7355407204,,,,,,64.4234966743,,,,,0
000682.SZ,000682,东方电子,10005606,通用,2012-03-31 00:00:00,一季报,2012一季报,058001001,2012-04-25 00:00:00,2012-04-25 00:00:00,CNY,,186741875.21,573343976.07,,156981827.96,,,,,,,,,,,,,,,,341735056.0,4283069.14,,,,-33134.33,,,0.0,,0.0,,,16622128.33,,,,15036929.21,,,1364480.0,,,,,,,,301440841.03,,,,,,,,50000000.0,,,,50284541.75,,,,,254349400.28,237840959.78,,,,,,,,,41870408.41,,,1755238.92,,,136491533.19,235692350.56,,,,,,,194317111.21,589461793.26,7575236.0,16117817.19,,,,,,,,,,,5554199.5,81490720.59,99539807.92,,,,,,,,,,48332683.37,,,,,,,,978163195.0,,,7000000.0,,,7518674.81,,5350478.95,-19315466.04,1946510151.96,1227376035.39,429357348.53,1511598603.93,1946510151.96,434911548.03,719134116.57,5554199.5,82855200.59,99539807.92,1375107070.74,,,,,,49891475.12,,,,29.4895427754,21.0965913989,,75.563707691,,,,,,,,,,,,,,,,0.0,14379.66064794,,,,,,,,,,,,3.1512236473,,,,86.8760892975,,,,,,,,,,,,-1.3475380875,,,,,,,0.0,,,,-1.9644271817,,,,,77.6017741481,-2.783226025,,,,,,,,,52.430047329,,,-18.2598344239,,,14.4391166575,-37.300963992,,,,,,,27.8957421063,23.5977399157,-1.8768336803,365.8986150219,,,,,,,,,,,-27.6856841404,9.3710946143,34.6264285445,,,,,,,,,,8.5064456642,,,,,,,,0.0,,,-70.8333333333,,,41.1550484448,,35.909243989,-279.7716587895,6.9609884442,10.1254905019,26.2448889946,2.6864648284,6.9609884442,25.0538435463,1.9604472954,-27.6856841404,11.202403383,34.6264285445,1.6502754638,,,,,,72.3522976906,,,,,0
000682.SZ,000682,东方电子,10005606,通用,2011-12-31 00:00:00,年报,2011年报,058001001,2012-03-29 00:00:00,2013-04-15 00:00:00,CNY,,181230959.33,535632002.03,,151019909.62,,,,,,,,,,,,,,,,341735056.0,667408.87,,,,-33134.33,,,0.0,,0.0,,,16593814.27,,,,12298613.18,,,,,,,,,,,303579904.43,,,,,,,,50000000.0,,,,52089193.2,,,,,212719326.32,239527713.14,,,,,,,,,41867005.01,,,1752367.92,,,134386015.41,345385834.78,,,,,,,190265029.33,551377608.44,9034070.0,15745606.41,,,,,,,,,,,5651442.62,86479926.41,71501108.98,,,,,,,,,,48051309.66,,,,,,,,978163195.0,,,9000000.0,,,8042532.85,,5350478.95,-9444063.22,1947555172.2,1229179152.18,435363334.99,1506540394.59,1947555172.2,441014777.61,718376020.02,5651442.62,86479926.41,71501108.98,1372154379.18,143964.0,,,,,46938783.56,,,,8.7092186735,32.3612829933,,67.1693045117,,,,,,,,,,,,,,,,0.0,21569.8227215169,,,,,,,,,,,,2.9394723241,,,,82.3136283824,,,,,,,,,,,,-1.7962128943,,,,,,,,,,,-1.0255177038,,,,,51.500133386,-2.7658487613,,,,,,,,,51.3342450598,,,-21.2062619471,,,13.1246240003,-38.087678193,,,,,,,-4.312683095,32.379169645,-71.8816286119,32.9905280944,,,,,,,,,,,-30.0619097172,35.6683278633,29.7009559775,,,,,,,,,,38.2034300447,,,,,,,,0.0,,,-62.5,,,0.4616013413,,35.909243989,-386.2249442599,4.3961905931,2.0335304345,12.1387031188,2.5397820791,4.3961905931,11.2782613187,8.7030782706,-30.0619097172,35.6516437057,29.7009559775,1.6086548417,,,,,,76.4910654099,,,标准无保留意见,,0
000682.SZ,000682,东方电子,10005606,通用,2011-09-30 00:00:00,三季报,2011三季报,058001001,2011-10-22 00:00:00,2011-10-22 00:00:00,CNY,,171390626.66,577449767.14,,90420335.15,,,,,,,,,,,,,,,,341735056.0,61713.9,,,,,,,0.0,,0.0,,,16253613.5,,,,10794595.18,,,,,,,,,,,301972351.45,,,,,,,,65000000.0,,,,49618349.17,,,,,202995643.22,241272830.3,,,,,,,,,27435621.56,,,1882035.49,,,124972682.64,246597544.0,,,,,,,193823906.66,586042367.14,22433280.0,8592600.0,,,,,,,,,,,6673527.52,78085568.22,87934227.82,,,,,,,,,,49597108.04,,,,,,,,978163195.0,,,26000000.0,,,5332169.63,,3936802.82,-1359401.1,1887458000.77,1173166890.22,392302578.56,1488481894.69,1887458000.77,398976106.08,714291110.55,6673527.52,78085568.22,87934227.82,1363509212.05,,,,,,39674158.23,,,,32.1829927522,20.7544645821,,46.2324978733,,,,,,,,,,,,,,,,-0.0668183173,-95.4410146237,,,,,,,,,,,,3.8322875729,,,,149.1705381091,,,,,,,,,,,,-2.3174063518,,,,,,,,,,,-6.6002745916,,,,,37.1792904564,-2.7492441893,,,,,,,,,-0.4090777154,,,-45.3752008019,,,15.6662743069,-28.7483431286,,,,,,,30.7073850386,19.5686556242,20.4356308498,-27.967867764,,,,,,,,,,,-8.3306659341,32.6558991438,42.1713287033,,,,,,,,,,-14.7558994186,,,,,,,,0.0,,,4.8387096774,,,-13.2269997025,,98.8294645884,-201.1581731114,6.8217013231,6.2424169118,30.3237990077,2.0471095061,6.8217013231,29.4110413401,7.7869621555,-8.3306659341,29.2675029108,42.1713287033,0.9575783124,,,,,,39.3559719334,,,,,0
000682.SZ,000682,东方电子,10005606,通用,2011-06-30 00:00:00,中报,2011中报,058001001,2011-08-25 00:00:00,2011-08-25 00:00:00,CNY,,139092801.54,507408513.58,,86394384.91,,,,,,,,,,,,,,,,341735056.0,57579.9,,,,,,,0.0,,0.0,,,16208550.08,,,,9116751.2,,,,,,,,,,,303322213.81,,,,,,,,75000000.0,,,,49963831.69,,,,,155876553.2,242959583.66,,,,,,,,,27490943.27,,,2014813.48,,,120924324.33,286282431.06,,,,,,,152844698.54,511800719.99,13751897.0,4392206.41,,,,,,,,,,,7175897.07,68083378.49,88217480.28,,,,,,,,,,52934207.24,,,,,,,,978163195.0,,,26000000.0,,,5625263.56,,3936802.82,-3327923.31,1821245658.86,1095111391.77,335619802.19,1478449959.6,1821245658.86,342795699.26,726134267.09,7175897.07,68083378.49,88217480.28,1357525635.27,,,,,,33690581.45,,,,22.9515943299,10.9107888176,,45.5005894768,,,,,,,,,,,,,,,,-0.0668183173,5.739276388,,,,,,,,,,,,4.4302524602,,,,168.0884984255,,,,,,,,,,,,-1.951568128,,,,,,,50.0,,,,-5.4066860474,,,,,20.6701464688,-2.7323365247,,,,,,,,,0.0424977521,,,-43.6739798634,,,36.5249061258,-6.7988903106,,,,,,,21.7194937831,10.4581095205,10.5177399499,-24.9355879513,,,,,,,,,,,47.0470711066,17.8534398695,46.9314681837,,,,,,,,,,24.5544470934,,,,,,,,0.0,,,4.8387096774,,,-5.4784294651,,98.8294645884,-383.8132386371,6.243363943,9.2680691447,21.6600003711,3.1375771416,6.243363943,22.1012834549,1.9857089358,47.0470711066,15.4062559789,46.9314681837,0.9387388363,,,,,,47.805922151,,,,,0
000682.SZ,000682,东方电子,10005606,通用,2011-03-31 00:00:00,一季报,2011一季报,058001001,2011-04-30 00:00:00,2011-04-30 00:00:00,CNY,,144213865.62,473460044.95,,89415876.45,,,,,,,,,,,,,,,,341735056.0,29579.9,,,,,,,0.0,,0.0,,,16114329.76,,,,8046470.4,,,,,,,,,,,305558356.26,,,,,,,,50000000.0,,,,51292138.46,,,,,143213321.77,244650125.75,,,,,,,,,27468605.53,,,2147339.57,,,119269998.91,375910644.83,,,,,,,151933995.62,476919556.67,7720130.0,3459511.72,,,,,,,,,,,7680636.17,74508462.11,73937791.41,,,,,,,,,,44543605.75,,,,,,,,978163195.0,,,24000000.0,,,5326536.24,,3936802.82,-5086073.59,1819831866.06,1114524920.43,340098796.83,1472052433.06,1819831866.06,347779433.0,705306945.63,7680636.17,74508462.11,73937791.41,1352782434.15,,,,,,28947380.33,,,,27.7126499171,6.3932496863,,6.3195537577,,,,,,,,,,,,,,,,-0.0668183173,-94.8636688427,,,,,,,,,,,,3.3367302061,,,,53.8768185538,,,,,,,,,,,,-1.6993265806,,,,,,,0.0,,,,0.2742677391,,,,,13.6807380518,-2.72613776,,,,,,,,,0.2369520774,,,-38.7582106313,,,49.7414021579,13.2518874442,,,,,,,20.7141670345,6.0912482547,-40.3483605581,-23.5915502811,,,,,,,,,,,44.9176635849,30.2228388015,32.2714753408,,,,,,,,,,11.6730218264,,,,,,,,0.0,,,-3.2258064516,,,-12.2082189383,,98.8294645884,-200.2536214972,5.8625502503,11.0921532946,14.7570650766,3.8567420375,5.8625502503,15.2869628911,-1.4670210827,44.9176635849,30.1977168136,32.2714753408,1.1247076422,,,,,,85.2031261263,,,,,0
000682.SZ,000682,东方电子,10005606,通用,2010-12-31 00:00:00,年报,2010年报,058001001,2011-03-29 00:00:00,2012-03-29 00:00:00,CNY,,166711675.0,404674229.44,,90339497.47,,,,,,,,,,,,,,,,341735056.0,3079.9,,,,,,,0.0,,0.0,,,16119972.15,,,,6745855.09,,,7840.0,,,,,,,,309132583.76,,,,,,,,,,,,52628912.01,,,,,140408672.63,246341136.41,,,,,,,,,27665255.14,,,2223993.89,,,118794662.61,557862836.83,,,,,,,198840385.0,416513874.44,32128710.0,11839645.0,,,,,,,,,,,8080636.17,63743636.98,55127665.36,,,,,,,,,,34768536.24,,,,,,,,978163195.0,,,24000000.0,,,8005578.99,,3936802.82,3299524.87,1865542373.85,1204681585.5,388236463.31,1469225274.37,1865542373.85,396317099.48,660860788.35,8080636.17,63751476.98,55127665.36,1350430611.76,,,,,,26595557.94,,,,52.736616212,1.6317323459,,22.3086072205,,,,,,,,,,,,,,,,-0.0668183173,-82.8894444444,,,,,,,,,,,,4.3677867985,,,,-19.1657819368,,,-28.9855072464,,,,,,,,,-1.7224610107,,,,,,,,,,,11.0705150714,,,,,12.3807447729,-2.7195840135,,,,,,,,,1.0196198697,,,-9.4632318773,,,48.7666321658,37.607235696,,,,,,,45.4655278026,1.9145631927,16.6506836348,12.6275058409,,,,,,,,,,,64.9109422449,-5.0769833749,31.5097860875,,,,,,,,,,17.5472070643,,,,,,,,0.0,,,0.0,,,24.9026214601,,50.0892610711,-45.0173799677,7.8704795298,19.2028021606,23.5914561429,4.1708807879,7.8704795298,24.2260867088,-8.0622012444,64.9109422449,-5.0809133079,31.5097860875,1.4944566891,,,,,,241.1236928965,,,标准无保留意见,,0
000682.SZ,000682,东方电子,10005606,通用,2010-09-30 00:00:00,三季报,2010三季报,058001001,2010-10-30 00:00:00,2010-10-30 00:00:00,CNY,,129661632.78,478201587.94,,61833269.94,,,,,,,,,,,,,,,,341963550.29,1353676.2,,,,,,,0.0,,0.0,,,15653718.01,,,,4332211.69,,,1542940.0,,,,,,,,309136295.6,,,,,,,,,,,,53124727.03,,,,,147978344.65,248093527.18,,,,,,,,,27548315.58,,,3445386.56,,,108045913.46,346093767.96,,,,,,,148288412.78,490130430.99,18626780.0,11928843.05,,,,,,,,,,,7280000.0,58863245.98,61850886.97,,,,,,,,,,58182452.16,,,,,,,,978163195.0,,,24800000.0,,,6144964.0,,1979989.65,-451391.07,1766923740.58,1104235882.73,301021441.63,1458622298.95,1766923740.58,308301441.63,662687857.85,7280000.0,60406185.98,61850886.97,1350576385.49,,,,,,28469650.55,,,,-4.9082268518,6.2424459926,,31.9198250116,,,,,,,,,,,,,,,,0.0141988066,46.8172912531,,,,,,,,,,,,5.490330199,,,,-49.8644062791,,,13875.9057971015,,,,,,,,,-6.4241799152,,,,,,,,,,,14.5594084928,,,,,-3.8759037258,1.9011668093,,,,,,,,,-2.4851287162,,,101.6276188804,,,50.9703083243,27.4934017716,,,,,,,-8.7457558652,8.3575667588,-28.7588180028,436.6525875799,,,,,,,,,,,58.2608695652,5.8285360118,23.5816007692,,,,,,,,,,52.7433973341,,,,,,,,0.0,,,125.4545454545,,,0.3824759732,,463.9681513557,-114.0500003463,4.5242039614,14.3235877131,5.4961395293,4.149682394,4.5242039614,6.3332739172,-8.5390526505,58.2608695652,8.5809917396,23.5816007692,1.6282387482,,,,,,234.5898342623,,,,,0
000682.SZ,000682,东方电子,10005606,通用,2010-06-30 00:00:00,中报,2010中报,058001001,2010-08-07 00:00:00,2010-08-07 00:00:00,CNY,,113128099.15,457492475.7,,59377343.57,,,,,,,,,,,,,,,,341963550.29,54454.6,,,,,,,0.0,,0.0,,,15520933.54,,,,3400649.88,,,1225000.0,,,,,,,,309359576.71,,,,,,,,50000000.0,,,,52819622.87,,,,,129175738.79,249784537.82,,,,,,,,,27479265.2,,,3577056.35,,,88573087.33,307166333.12,,,,,,,125571257.15,463343725.7,12443158.0,5851250.0,,,,,,,,,,,4880000.0,57769530.16,60039882.11,,,,,,,,,,42498849.68,,,,,,,,978163195.0,,,24800000.0,,,5951301.41,,1979989.65,1172575.08,1714220626.37,1002224529.4,275867007.37,1433473619.0,1714220626.37,280747007.37,711996096.97,4880000.0,58994530.16,60039882.11,1344900531.67,,,,,,22793796.73,,,,-9.8070026393,8.4288117453,,29.282538891,,,,,,,,,,,,,,,,-0.1975111258,-67.0225947301,,,,,,,,,,,,5.8601416145,,,,-52.8977660592,,,10996.0144927536,,,,,,,,,-7.1242150317,,,,,,,0.0,,,,12.8326719491,,,,,-1.3307988817,1.917639427,,,,,,,,,-2.5293470843,,,111.5725142308,,,27.7734798927,-2.7842511658,,,,,,,-22.6114960454,8.7010420889,-66.2164020676,35.2512877044,,,,,,,,,,,205.0,11.4044236992,13.1931071707,,,,,,,,,,39.9696220351,,,,,,,,0.0,,,24.0,,,-10.4933012698,,463.9681513557,-34.8931643582,1.8273587685,4.7758498937,-4.3808263458,2.879513772,1.8273587685,-3.226043689,-2.0525299572,205.0,13.7425333175,13.1931071707,1.5761763965,,,,,,692.3094785641,,,,,0
000682.SZ,000682,东方电子,10005606,通用,2010-03-31 00:00:00,一季报,2010一季报,058001001,2010-04-28 00:00:00,2010-04-28 00:00:00,CNY,,112920580.47,445009477.9,,84101064.47,,,,,,,,,,,,,,,,341963550.29,575895.5,,,,,,,0.0,,0.0,,,15594000.05,,,,5229163.48,,,11040.0,,,,,,,,310840552.39,,,,,,,,50000000.0,,,,51151845.45,,,,,125978529.19,251506540.52,,,,,,,,,27403671.96,,,3506330.55,,,79650649.18,331924397.3,,,,,,,125862605.32,449537133.85,12942024.85,4527655.95,,,,,,,,,,,5300000.0,57216124.91,55898515.7,,,,,,,,,,39887526.12,,,,,,,,978163195.0,,,24800000.0,,,6067237.93,,1979989.65,-1693925.81,1719051602.06,1003243602.16,296364146.82,1417387455.24,1719051602.06,301664146.82,715807999.9,5300000.0,57227164.91,55898515.7,1337736806.06,17500.0,,,,,15630071.12,,,,-0.4727194966,13.8054942903,,9.7071842776,,,,,,,,,,,,,,,,-0.1975111258,,,,,,,,,,,,,8.1728475543,,,,-10.407032729,,,-95.5014974635,,,,,,,,,-7.607399413,,,,,,,0.0,,,,10.6980604513,,,,,-10.6102955281,8.6736463274,,,,,,,,,-2.6451853887,,,111.0495214121,,,21.6598681894,-9.7697275175,,,,,,,-18.5483315869,13.3756098011,-68.4858672949,-17.3204428276,,,,,,,,,,,231.25,19.3672202543,19.5318240433,,,,,,,,,,85.9560980073,,,,,,,,0.0,,,18.0952380952,,,17.0662381185,,463.9681513557,-20.5261415645,1.8606519369,3.054002188,-2.5564873629,2.5672121831,1.8606519369,-1.332927889,0.2338770979,231.25,18.782091268,19.5318240433,1.6176859869,,,,,,431.5913858466,,,,,0
000682.SZ,000682,东方电子,10005606,通用,2009-12-31 00:00:00,年报,2009年报,058001001,2011-03-29 00:00:00,2011-03-29 00:00:00,CNY,,109149776.35,398177045.79,,73861929.69,,,,,,,,,,,,,,,,341963550.29,18000.0,,,,,,,0.0,,0.0,,,15445352.1,,,,8345296.4,,,11040.0,,,,,,,,314550595.12,,,,,,,,50000000.0,,,,47383332.99,,,,,124940151.37,253227881.39,,,,,,,,,27386021.82,,,2456453.81,,,79853029.46,405402255.2,,,,,,,136692443.91,408689260.29,27542667.56,10512214.5,,,,,,,,,,,4900000.0,67152982.75,41919059.41,,,,,,,,,,29578360.14,,,,,,,,978163195.0,,,24000000.0,,,6409456.34,,2622974.35,6001032.45,1729428090.04,1010615156.41,314128885.14,1410399204.9,1729428090.04,319028885.14,718812933.63,4900000.0,67164022.75,41919059.41,1330546175.44,86070.0,,,,,7796455.8,,,,-9.9938864152,-2.75201268,,-9.2733361762,,,,,,,,,,,,,,,,-0.1975111258,,,,,,,,,,,,,6.9427827272,,,,61.709074733,,,,,,,,,,,,-7.5644972031,,,,,,,0.0,,,,2.9878094352,,,,,-10.8400534979,8.7866041212,,,,,,,,,-2.6386850655,,,52.8727168841,,,29.5673914219,2.5192693797,,,,,,,-18.4073430215,-1.1694820146,-40.4624903974,157.6308298915,,,,,,,,,,,206.25,9.9559497224,-3.3131223478,,,,,,,,,,86.4488141737,,,,,,,,0.0,,,-14.2857142857,,,26.4771992231,,647.1119837535,-12.5140088354,0.1562969299,0.228086918,-10.2338959327,2.5604851579,0.1562969299,-9.2485949196,0.0555375481,206.25,9.9740265618,-3.3131223478,1.2933541456,,,,,,202.6207099446,,,标准无保留意见,,0
000682.SZ,000682,东方电子,10005606,通用,2009-09-30 00:00:00,三季报,2009三季报,058001001,2009-10-29 00:00:00,2009-10-29 00:00:00,CNY,,136354206.56,450104083.61,,46871855.64,,,,,,,,,,,,,,,,341915002.44,922014.15,,,,,,,0.0,,0.0,,,14839007.5,,,,8640990.1,,,11040.0,,,,,,,,330359162.57,,,,,,,,50000000.0,,,,46373080.77,,,,,153945108.86,243464854.18,,,,,,,,,28250373.73,,,1708787.01,,,71567657.68,271460140.8,,,,,,,162500291.56,452326907.71,26146085.0,2222824.1,,,,,,,,,,,4600000.0,55621336.36,50048620.98,,,,,,,,,,38091631.57,,,,,,,,978163195.0,,,11000000.0,,,6121550.54,,351081.82,3212747.75,1690444579.93,965886309.92,285338821.85,1400505758.08,1690444579.93,289938821.85,724558270.01,4600000.0,55632376.36,50048620.98,1328938100.4,13900.0,,,,,8508821.14,,,,51.0804670642,11.1642755957,,86.4145099704,,,,,,,,,,,,,,,,-0.1429924301,,,,,,,,,,,,,-30.6180668204,,,,22.6532970171,,,-92.4897959184,,,,,,,,,-3.8231740261,,,,,,,0.0,,,,8.0848281397,,,,,63.0233710086,3.8915223324,,,,,,,,,357.8666730956,,,26.3764966388,,,20.9794045568,-9.6263627926,,,,,,,60.9959449991,9.8856162602,144.7746502138,-66.992891699,,,,,,,,,,,-46.0283937581,40.81129162,-6.9022251823,,,,,,,,,,174.8022245486,,,,,,,,0.0,,,-62.0689655172,,,49.4770275045,,0.0,10.593286245,6.9389059435,10.5055107451,41.4485444772,2.1887996096,6.9389059435,37.902439075,2.5276257205,-46.0283937581,40.3170561838,-6.9022251823,1.3411290331,,,,,,188.9327468321,,,,,0
000682.SZ,000682,东方电子,10005606,通用,2009-06-30 00:00:00,中报,2009中报,058001001,2009-08-08 00:00:00,2009-08-08 00:00:00,CNY,,125428916.28,421928884.34,,45928355.12,,,,,,,,,,,,,,,,342640303.01,165127.0,,,,,,,0.0,,0.0,,,14661735.1,,,,7219721.01,,,11040.0,,,,,,,,333089595.76,,,,,,,,50000000.0,,,,46812347.84,,,,,130917993.99,245084697.04,,,,,,,,,28192347.52,,,1690699.93,,,69320399.98,315963552.0,,,,,,,162260866.58,426255090.84,36831950.3,4326206.5,,,,,,,,,,,1600000.0,51855687.81,53041994.88,,,,,,,,,,30362909.51,,,,,,,,978163195.0,,,20000000.0,,,6649001.13,,351081.82,1801001.49,1683457812.42,956541541.22,288505952.13,1393351860.29,1683457812.42,290105952.13,726916271.2,1600000.0,51866727.81,53041994.88,1324031460.31,,,,,,2876880.48,,,,19.0573900721,4.8355456791,,95.5782178119,,,,,,,,,,,,,,,,0.0688331522,,,,,,,,,,,,,-29.4922319767,,,,32.139171183,,,-98.4979591837,,,,,,,,,-4.118672033,,,,,,,0.0,,,,8.2420961795,,,,,19.8569028867,3.9055749073,,,,,,,,,342.5800238619,,,18.272660151,,,31.3411420617,6.965617018,,,,,,,26.4115763974,4.9892722533,60.0864327949,22.5096139687,,,,,,,,,,,,14.5838222144,-8.8902046713,,,,,,,,,,73.4396264686,,,,,,,,0.0,,,-31.0344827586,,,38.2262207741,,0.0,404.0716049036,5.4193706425,7.9204775144,24.8666925936,2.6681800371,5.4193706425,20.9913286799,2.2996062377,-81.6576865757,12.7766058504,-8.8902046713,1.5079751479,,,,,,117.3757335249,,,,,0
000682.SZ,000682,东方电子,10005606,通用,2009-03-31 00:00:00,一季报,2009一季报,058001001,2009-04-29 00:00:00,2009-04-29 00:00:00,CNY,,113456913.42,391026356.57,,76659577.97,,,,,,,,,,,,,,,,342640303.01,,,,,,,,0.0,,0.0,,,14415817.28,,,,5836578.07,,,245415.0,,,,,,,,336434465.98,,,,,,,,50000000.0,,,,46208438.74,,,,,140931810.81,231432871.74,,,,,,,,,28148245.23,,,1661378.11,,,65469945.32,367863676.09,,,,,,,154524281.42,396502505.82,41067368.0,5476149.25,,,,,,,,,,,1600000.0,47932861.96,46764546.72,,,,,,,,,,21449969.4,,,,,,,,978163195.0,,,21000000.0,,,5182739.3,,351081.82,-1405442.66,1687650303.99,973512508.84,304139432.99,1381910871.0,1687650303.99,305739432.99,714137795.15,1600000.0,48178276.96,46764546.72,1316440925.68,,,,,,-4713654.15,,,,15.6045374431,6.3442843456,,213.3757703557,,,,,,,,,,,,,,,,-0.0770803595,,,,,,,,,,,,,-30.539654044,,,,27.6666359409,,,-16.5255102041,,,,,,,,,-4.4623749254,,,,,,,,,,,5.9674785727,,,,,17.8608480509,-2.513443883,,,,,,,,,341.8876802198,,,9.8906230605,,,24.6664964592,3.9024352658,,,,,,,16.4830321061,6.7103393763,18.9809359867,41.4861127259,,,,,,,,,,,-83.497590411,6.3719836019,-26.4581612652,,,,,,,,,,24.9321679244,,,,,,,,0.0,,,-31.8181818182,,,22.8745375727,,0.0,70.0810321939,5.9874436247,5.1367018833,30.645960157,2.3774691388,5.9874436247,26.0821644231,7.1695988759,-83.497590411,6.2235593507,-26.4581612652,1.4751881018,,,,,,80.4539453362,,,,,0
000682.SZ,000682,东方电子,10005606,通用,2008-12-31 00:00:00,年报,2008年报,058001001,2010-03-27 00:00:00,2010-03-27 00:00:00,CNY,,121269291.61,409445024.79,,81411490.93,,,,,,,,,,,,,,,,342640303.01,,,,,,,,0.0,,0.0,,,14442631.57,,,,5160685.27,,,,,,,,,,,340291971.81,,,,,,,,50000000.0,,,,46008681.27,,,,,140130357.04,232774874.66,,,,,,,,,28128237.42,,,1606862.14,,,61630498.68,395440054.98,,,,,,,167530325.61,413525365.06,46261034.0,4080340.27,,,,,,,,,,,1600000.0,61072623.1,43355479.49,,,,,,,,,,15864064.5,,,,,,,,978163195.0,,,28000000.0,,,5067677.32,,351081.82,6859421.0,1726729265.21,1008315321.07,349941537.96,1375187727.25,1726729265.21,351541537.96,718413944.14,1600000.0,61072623.1,43355479.49,1313557228.57,,,,,,-7597351.26,,,,15.1025625652,25.1273575449,,94.7570349435,,,,,,,,,,,,,,,,-0.5122788815,,,,,,,,,,,,,-29.5684552633,,,,31.2520239471,,,,,,,,,,,,-4.7848592791,,,,,,,,,,,4.2190612171,,,,,25.2810329482,-2.2530896887,,,,,,,,,341.5735858713,,,0.7942256501,,,13.3977809555,-9.8840580558,,,,,,,23.883981373,23.77058911,54.8536580783,-40.724589167,,,,,,,,,,,-82.068810938,11.3945779605,-21.0695791699,,,,,,,,,,-11.7476134331,,,,,,,,0.0,,,-9.0909090909,,,7.5055780449,,0.0,187.6853073095,5.9500775779,5.2877080953,29.5835446064,1.8066700197,5.9500775779,26.0123361803,6.8939151024,-82.068810938,10.8004141543,-21.0695791699,1.3207491169,,,,,,71.3137673228,,,标准无保留意见,,0
000682.SZ,000682,东方电子,10005606,通用,2008-09-30 00:00:00,三季报,2008三季报,058001001,2008-10-29 00:00:00,2008-10-29 00:00:00,CNY,,90252703.88,404899938.58,,25143888.02,,,,,,,,,,,,,,,,342404615.12,,,,,,,,0.0,,0.0,,,21387422.95,,,,7045053.26,,,147000.0,,,,,,,,343491438.01,,,,,,,,50000000.0,,,,42904338.72,,,,,94431312.46,234345256.2,,,,,,,,,6170000.0,,,1352139.88,,,59156893.64,300375362.98,,,,,,,100934400.28,411634318.58,10681696.4,6734380.0,,,,,,,,,,,8523000.0,39500622.23,53759202.17,,,,,,,,,,13861471.33,,,,,,,,978163195.0,,,29000000.0,,,4095311.93,,351081.82,2905011.56,1580757316.54,874061667.52,201726234.02,1370508082.52,1580757316.54,210249234.02,706695649.02,8523000.0,39647622.23,53759202.17,1311351188.88,,,,,,-9567703.06,,,,-9.0156531649,2.2528265141,,10.2174097491,,,,,,,,,,,,,,,,-0.7823714554,,,,,,,,,,,,,4.6399639801,,,,43.8070314064,,,,,,,,,,,,-4.6939469176,,,,,,,,,,,0.9398006595,,,,,-15.6875589869,-2.5439468063,,,,,,,,,-3.1397174254,,,-18.6367691577,,,11.3108358159,-5.9979237064,,,,,,,-20.9831654456,3.1899751317,-62.5754955029,129.8423208191,,,,,,,,,,,,-0.0650520976,5.6686897342,,,,,,,,,,-31.6326142308,,,,,,,,0.0,,,-5.8441558442,,,77.6708350232,,-91.0137439681,208.9629195147,-0.0852477355,-3.1817376785,-8.5208647369,1.4445613662,-0.0852477355,-9.0278536398,4.0298486678,-19.5771985647,0.30685185,5.6686897342,1.0405460964,,,,,,67.377107725,,,,,0
000682.SZ,000682,东方电子,10005606,通用,2008-06-30 00:00:00,中报,2008中报,058001001,2008-08-19 00:00:00,2008-08-19 00:00:00,CNY,,105351642.77,402467389.86,,23483369.28,,,,,,,,,,,,,,,,342404615.12,,,,,,,,0.0,,0.0,,,20794496.14,,,,5463725.06,,,735000.0,,,,,,,,347397770.58,,,,,,,,50000000.0,,,,43247820.85,,,,,109228580.78,235872519.12,,,,,,,,,6370000.0,,,1429493.45,,,52778892.35,295387958.12,,,,,,,128359182.92,405998709.86,23007540.15,3531320.0,,,,,,,,,,,,45255679.91,58217664.4,,,,,,,,,,17506327.78,,,,,,,,978163195.0,,,29000000.0,8723000.0,,4810231.44,,351081.82,-592295.19,1596915066.14,886339240.94,231051168.36,1357140897.78,1596915066.14,239774168.36,710575825.2,8723000.0,45990679.91,58217664.4,1304362005.43,,,,,,-16556886.51,,,,5.7780184235,6.3845836926,,1.3898948343,,,,,,,,,,,,,,,,-1.6228778696,,,,,,,,,,,,,4.9052828971,,,,37.7312931439,,,,,,,,,,,,-4.3638244911,,,,,,,,,,,0.8335816016,,,,,-6.3033079156,-2.5278912688,,,,,,,,,0.0,,,-17.3758532839,,,2.2490683846,-5.2621281794,,,,,,,10.3967766522,6.7831364828,37.9857202076,86.3493403694,,,,,,,,,,,,11.2609063933,-3.9376138828,,,,,,,,,,34.0634413973,,,,,,,,0.0,,,-5.8441558442,0.9256045355,,38.6892378452,,-91.0137439681,88.4480633681,2.0412080524,0.4643347067,10.4194516843,0.8211567456,2.0412080524,9.5442717975,4.0788933629,-9.4630127776,13.0679009266,-3.9376138828,0.7642176659,,,,,,53.5619672998,,,,,0
000682.SZ,000682,东方电子,10005606,通用,2008-03-31 00:00:00,一季报,2008一季报,058001001,2008-04-23 00:00:00,2008-04-23 00:00:00,CNY,,98142266.67,367698517.11,,24462509.62,,,,,,,,,,,,,,,,342904615.12,,,,,,,,0.0,,0.0,,,20754024.59,,,,4571733.27,,,294000.0,,,,,,,,352148659.46,,,,,,,,,,,,43606245.39,,,,,119574746.95,237399782.04,,,,,,,,,6370000.0,,,1511847.02,,,52516070.62,354047212.8,,,,,,,132658189.46,371568967.11,34515922.79,3870450.0,,,,,,,,,,,9695553.8,45061547.54,63589036.56,,,,,,,,,,17169292.55,,,,,,,,978163195.0,,,30800000.0,,,4217911.54,,351081.82,-4697497.15,1592311547.74,925949255.97,232796661.01,1349819332.93,1592311547.74,242492214.81,666362291.77,9695553.8,45355547.54,63589036.56,1297303262.31,,,,,,-24115629.63,,,,5.9627201181,2.7798423856,,16.4767815108,,,,,,,,,,,,,,,,-1.6532133722,,,,,,,,,,,,,-20.9090448363,,,,133.0991661553,,,,,,,,,,,,-4.3875013845,,,,,,,,,,,0.6339234782,,,,,-0.7116674585,-2.5120371219,,,,,,,,,0.0,,,-15.9326280857,,,-0.342395541,14.2403187627,,,,,,,8.6738949471,2.2532162582,17.2003801157,-31.2246453683,,,,,,,,,,,12.1781071387,5.9027604054,-7.3931853784,,,,,,,,,,14.3623086648,,,,,,,,0.0,,,-1.5974440895,,,10.1591182853,,-91.0137439681,3.9346737307,1.3131969429,5.532573435,7.8456467896,0.1967764829,1.3131969429,8.0124387378,-4.0192048721,12.1781071387,6.5937134076,-7.3931853784,0.2187255717,,,,,,33.5053169248,,,,,0
000682.SZ,000682,东方电子,10005606,通用,2007-12-31 00:00:00,年报,2007年报,058001001,2009-03-31 00:00:00,2009-03-31 00:00:00,CNY,,105357594.92,327222625.67,,41801566.22,,,,,,,,,,,,,,,,344404615.12,,,,,,,,0.0,,0.0,,,20505913.4,,,,3931890.05,,,294000.0,,,,,,,,357392710.06,,,,,,,,,,,,44146129.06,,,,,111852811.03,238140391.26,,,,,,,,,6370000.0,,,1594200.59,,,54348945.95,438812541.32,,,,,,,135231628.62,334106323.67,29874033.7,6883698.0,,,,,,,,,,,8923000.0,54825489.91,54928732.21,,,,,,,,,,17975790.93,,,,,,,,978163195.0,,,30800000.0,,,4713873.84,,351081.82,2384348.74,1629757433.58,957676199.16,270050907.33,1350783526.25,1629757433.58,278973907.33,672081234.42,8923000.0,55119489.91,54928732.21,1296434580.3,,,,,,-26484311.64,,,,28.3340753399,-0.0100844163,,74.5721046812,,,,,,,,,,,,,,,,-1.2516105031,,,,,,,,,,,,,8.23919658,,,,,,,-67.3333333333,,,,,,,,,-4.1122955004,,,,,,,,,,,0.7393690131,,,,,4.7810072153,-2.1316487919,,,,,,,,,0.0,,,-14.4565427298,,,3.5256031908,30.1453778621,,,,,,,33.3789124181,-0.3035420149,54.8462297736,-12.5094926408,,,,,,,,,,,10.9411910978,51.7962850636,-18.9856683997,,,,,,,,,,39.2463092449,,,,,,,,0.0,,,-1.5974440895,,,-29.1897078731,,0.0,-28.9432476585,5.3570279268,11.3781561951,32.5958799122,1.1684587653,5.3570279268,31.7731950487,-2.1784261211,10.9411910978,48.8999315508,-18.9856683997,1.0719848871,,,,,,40.6177820654,,,标准无保留意见,,0
000682.SZ,000682,东方电子,10005606,通用,2007-09-30 00:00:00,三季报,2007三季报,058001001,2007-10-27 00:00:00,2007-10-27 00:00:00,CNY,,99195858.43,395979213.86,,22812991.23,,,,,,,,,,,,,,,,345104615.12,,,,,,,,0.0,,0.0,,,20439058.02,1224740.75,,,4898963.0,,,,,,,,,,,360408837.53,,,,,,,2573991.44,,,,,42504877.6,,,,,112001635.02,240462494.14,,,,,,,,,6370000.0,,,1661856.18,,,53145673.74,319541200.39,,,,,,,127737843.27,398909213.86,28541984.84,2930000.0,,,,,,,,,,,,39526334.94,50875242.52,,,,,,,,,,20274976.4,,,,,,,,978163195.0,,,30800000.0,9373000.0,,2304999.54,,3906875.33,-2666055.18,1582106026.1,902785948.19,220516113.8,1350992171.55,1582106026.1,231113854.55,679320077.91,10597740.75,39526334.94,50875242.52,1297846497.81,1183680.0,,,,,-29328187.64,,,,33.8671093738,7.4175349113,,53.5611284657,,,,,,,,,,,,,,,,-2.3919356938,,,,,,,,-100.0,,-100.0,,,,,,,,,,,,,,,,,,,-43.7388534541,,,,,,,,,,,57.4382539548,,,,,1.9322690061,,,,,,,,,,-32.8475895525,,,-3.3847208898,,,5.3562321762,12.230415933,,,,,,,9.4350751218,6.9667248364,-33.0385878026,-31.7458616561,,,,,,,,,,,,-5.3522460066,-36.6486188057,,,,,,,,,,1.04992716,,,,,,,,0.0,,,-5.2307692308,21.364754629,,-41.8719926505,,8.4857474363,23.7193022039,2.2120827142,3.8893710486,5.828611377,1.4432050079,2.2120827142,6.950621857,0.0650949897,37.2231095429,-5.3522460066,-36.6486188057,1.2891555513,,,,,,41.5168925289,,,,,0
000682.SZ,000682,东方电子,10005606,通用,2007-06-30 00:00:00,中报,2007中报,058001001,2007-08-21 00:00:00,2007-08-21 00:00:00,CNY,,99596914.69,378313638.96,,23161449.49,,,,,,,,,,,,,,,,348053091.72,,,,,,,,0.0,,0.0,,,19822162.97,991736.33,,,3966945.3,,,,,,,,,,,363249333.98,,,,,,,2709464.67,,,,,42890295.24,,,,,116576773.79,241989757.06,,,,,,,,,6370000.0,,,1730115.84,,,51617968.93,311795011.27,,,,,,,116270770.59,380208638.96,16673855.9,1895000.0,,,,,,,,,,,,40675275.24,60604016.57,,,,,,,,,,13058241.38,,,,,,,,978163195.0,,,30800000.0,8643000.0,,3468352.35,,3906875.33,-5127237.18,1564970757.03,882242681.97,209248610.49,1346087410.21,1564970757.03,218883346.82,682728075.06,9634736.33,40675275.24,60604016.57,1294469441.28,,,,,,-35653720.77,,,,24.7805599666,6.3046288356,,63.5640696769,,,,,,,,,,,,,,,,-15.8830380497,,,,,,,,-100.0,,-100.0,,,,,,,,,,,,,,,,,,,-43.6531097405,,,,,,,,,,,58.6448363884,,,,,7.7052257258,,,,,,,,,,-33.7931270051,,,1.6057406712,,,1.7230148977,9.9837751861,,,,,,,5.831088141,5.7823205884,-44.5070916115,-46.5984178478,,,,,,,,,,,,1.4795900796,-27.0086604145,,,,,,,,,,-17.725652422,,,,,,,,6.5592971378,,,-5.2307692308,2.247722702,,-30.2334618492,,8.4857474363,-27.9322333961,2.0111138971,3.6499052666,5.6102205721,1.3977387003,2.0111138971,5.9526952169,-0.0313707386,13.9800819827,1.4795900796,-27.0086604145,1.3848111848,,,,,,34.1310878465,,,,,0
000682.SZ,000682,东方电子,10005606,通用,2007-03-31 00:00:00,一季报,2007一季报,058001001,2007-04-28 00:00:00,2007-04-28 00:00:00,CNY,,92619618.07,357753532.77,,21002048.05,,,,,,,,,,,,,,,,348668855.26,,,,,,,,0.0,,0.0,,,26240705.46,,,,1961282.55,,,,,,,,,,,368308186.23,-105788.35,,,,,,2844937.9,,,,,43331556.48,,,,,120431821.03,243517019.98,,,,,,,,,6370000.0,,,1798375.5,,,52696501.09,309914412.56,,,,,,,122069968.62,363381202.77,29450350.55,5627670.0,,,,,,,,,,,8643000.0,42549927.28,68665612.59,,,,,,,,,,15013069.21,,,,,,,,978163195.0,,,31300000.0,,,3828926.38,,3906875.33,-4889898.71,1571672393.91,877406118.16,215860971.62,1347168422.29,1571672393.91,224503971.62,694266275.75,8643000.0,42549927.28,68665612.59,1294471921.2,,,,,,-36267004.39,,,,4.0637624312,4.1028204073,,27.7507691069,,,,,,,,,,,,,,,,-15.6296075915,,,,,,,,-100.0,,-100.0,,,,,,,,,,,,,,,,,,,-43.3974816905,,,,,,,,,,,58.3480991134,,,,,11.1835619923,,,,,,,,,,-34.7124069535,,,2.1910592322,,,1.8846539825,3.6758760058,,,,,,,4.4658308748,5.4703385142,5.7508118336,539.5079545455,,,,,,,,,,,,13.3178169045,-16.9540197459,,,,,,,,,,89.475238913,,,,,,,,6.5592971378,,,4.6822742475,,,-26.286280337,,8.4857474363,12.6887272922,2.547417358,4.0744402597,7.1814752142,1.7876080524,2.547417358,7.3561947698,0.6805155087,11.9124692477,13.3178169045,-16.9540197459,1.7836613374,,,,,,38.6815902606,,,,,0
000682.SZ,000682,东方电子,10005606,通用,2006-12-31 00:00:00,年报,2006年报,058001001,2008-04-12 00:00:00,2008-04-12 00:00:00,CNY,,82096352.54,327255627.49,,23945157.96,,,,,,,,,,,,,,,,348769855.26,,,,,,,,0.0,,0.0,,,18944997.79,,,,,,,900000.0,,,,,,,,372720060.33,,,,,,,,,,,,43822121.87,,,,,106749127.54,243327274.16,,,,,,,,,6370000.0,,,1863614.87,,,52498072.24,337171053.27,,,,,,,101389062.31,335123564.49,19292709.77,7867937.0,,,,87683.11,,,,,,,8043000.0,36117807.42,67801253.34,,,,,,,,,,12909348.21,,,,,,,,978163195.0,,,31300000.0,,,6657046.17,,351081.82,3355555.47,1546890098.98,859842029.96,203664629.33,1335182469.65,1546890098.98,211707629.33,687048069.02,8043000.0,37017807.42,67801253.34,1282684397.41,,,,,,-44599734.67,,,,-23.1849782693,-5.2939221636,,-10.2968965827,,,,,,,,,,,,,,,,-16.0537068154,,,,,,,,-100.0,,-100.0,,,,,,,,,,,,,,,,,,,-34.4485411427,,,,,,,,,,,57.6395919013,,,,,11.2575862075,,,,,,,,,,-93.5817390718,,,2.4676178437,,,26.8216485376,3.5302248024,,,,,,,-20.7958490953,-4.3835699791,-8.7141643066,59.3112910453,,,,,,,,,,,,-2.3241772249,-11.3158533226,,,,,,,,,,25.1958693957,,,,,,,,6.5592971378,,,4.6822742475,,,-1.9059259068,,-90.2511929773,27.7392403073,-0.6172104917,0.0934020067,-13.2589939061,1.6137836822,-0.6172104917,-12.704814351,-1.4924530809,4.1434675644,0.1097534807,-11.3158533226,0.7938097003,,,,,,27.2332822665,,,带解释性说明的无保留意见,,0
000682.SZ,000682,东方电子,10005606,通用,2006-09-30 00:00:00,三季报,2006三季报,058001001,2006-10-26 00:00:00,2006-10-26 00:00:00,CNY,,74100246.8,368635543.71,,14855967.43,,,,,,,,,0.0,,,,,,,353561580.77,156978.93,,,,,,966516.93,124804.38,0.0,2058397.92,,,,,,,,,,,,,,,,,,640599880.48,-82465.53,,,,,,,,,,,26997808.05,,,,,109878487.07,,,,0.0,0.0,,,,,9485884.36,,,1720075.95,,,50443787.37,284718895.26,,0.0,,,0.0,,116724773.23,372928323.71,42624526.43,4292780.0,,,,,,,,,,,,41761513.9,80306445.67,0.0,,,,,,,,,20064315.7,,,,,,,,978163195.0,,,32500000.0,7723000.0,,3965385.44,,3601279.82,-3495058.72,1547865950.96,868987788.72,208370979.2,1331771971.76,1547865950.96,216093979.2,678878162.24,7723000.0,41761513.9,80306445.67,1281328184.39,,,,,,-50148134.92,3849736.28,,,-5.8173684907,3.3507612722,,72.9599034289,,,,,,,,,,,,,,,,-67.9268469938,-99.7721535609,,,,,,,628.3717086545,,-9.0424784119,,,,,,,,,,,,,,,,,,,12.1038124894,,,,,,,,,,,-8.4558610455,,,,,5.6039360121,,,,,,,,,,-11.5989164609,,,30.4304925383,,,34.6913115695,37.1053712676,,,,,,,23.5799436082,4.1687830342,170.1917717881,225.2106060606,,,,,,,,,,,,15.6881150757,-13.2420808601,,,,,,,,,,193.568649582,,,,,,,,6.5592971378,,,1.8808777429,0.0,,-48.7849701657,,20.929864228,-254.7582776074,5.3282946279,10.3208830134,15.6839409661,3.9051140358,5.3282946279,15.0391126648,-0.4390876097,0.0,15.4961460087,-13.2420808601,2.9784757577,,,,,,93.5393355562,36.7651973826,,,,0
000682.SZ,000682,东方电子,10005606,通用,2006-06-30 00:00:00,中报,2006中报,058001001,2006-08-24 00:00:00,2006-08-24 00:00:00,CNY,,79817653.26,355876920.04,,14160475.18,,,,,,,,,0.0,,,,,,,413772779.77,,,,,,,880332.82,240405.95,0.0,562149.29,,,,,,,,,,,,,,,,,,644666160.47,-83391.03,,,,,,,,,,,27035418.37,,,,,108236878.02,,,,0.0,0.0,,,,,9621357.59,,,1702773.71,,,50743648.31,283491824.81,,0.0,,,0.0,,109864476.15,359425504.04,30046822.89,3548584.0,,,,,,,,,,,,40082222.65,83029051.0,0.0,,,,,,,,,15871583.02,,,,,,,,917951996.0,,,32500000.0,8453000.0,,4971369.43,,3601279.82,-4007775.87,1534117898.77,851175579.66,198132916.83,1327531981.94,1534117898.77,206585916.83,682942319.11,8453000.0,40082222.65,83029051.0,1276788333.63,,,,,,-54128297.56,4409424.4,,,-7.874633273,1.3676411007,,-30.7948398869,,,,,,,,,,,,,,,,-62.464819717,,,,,,,436.278186603,267.2553096028,,-69.8130392402,,,,,,,,,,,,,,,,,,,12.2234260526,,,,,,,,,,,-9.7651941178,,,,,-14.5382504347,,,,,,,,,,-5.3318859841,,,16.2347098449,,,41.1880225235,19.575073853,,,,,,,-2.6774798275,1.4802602459,14.4782728242,14.2047965201,,,,,,,,,,,,24.0562165165,13.6993029072,,,,,,,,,,99.6626508239,,,,,,,,0.0,,,1.8808777429,-51.760543286,,-43.7594406498,,20.929864228,-44.1837838632,2.2188108405,4.2423353339,-3.6038995165,3.8957236142,2.2188108405,-7.3868998764,-0.1958061627,-51.760543286,23.8262679165,13.6993029072,2.8164127934,,,,,,93.0560495475,123.4623212704,,,,0
000682.SZ,000682,东方电子,10005606,通用,2006-03-31 00:00:00,一季报,2006一季报,058001001,2006-04-20 00:00:00,2006-04-20 00:00:00,CNY,,89002757.45,343654025.29,,16439860.36,,,,,,,,,0.0,,,,,,,413259729.28,,,,,,,431139.57,239516.96,0.0,1063235.26,,,,,,,,,,,,,,,,,,650692225.77,,,,,,,,,,,,27364746.86,,,,,108318009.31,,,,0.0,0.0,,,,,9756830.82,,,1759816.87,,,51721725.53,298926254.11,,0.0,,,0.0,,116851574.91,344534025.29,27848817.46,880000.0,,,,,,,,,,,,37549194.33,82683848.61,0.0,,,,,,,,,7923499.29,,,,,,,,917951996.0,,,29900000.0,7723000.0,,5194319.86,,3601279.82,-5600535.37,1532629913.46,843056293.14,201397649.35,1323509264.11,1532629913.46,209120649.35,689573620.32,7723000.0,37549194.33,82683848.61,1271787538.58,,,,,,-59145376.64,3880089.88,,,17.307085345,2.4516724892,,-9.5687286245,,,,,,,,,,,,,,,,-62.5072311786,,,,,,,15.9264661833,139.4202820901,,-76.0580053858,,,,,,,,,,,,,,,,,,,12.3805897946,,,,,,,,,,,-9.7251138366,,,,,10.622411332,,,,,,,,,,-31.7643239314,,,6.5225857284,,,64.5852261289,21.7668671014,,,,,,,34.5258593081,0.6192528777,153.3968570877,-87.3984139249,,,,,,,,,,,,0.9152719195,40.6003983775,,,,,,,,,,-67.3365804286,,,,,,,,0.0,,,-7.7160493827,-55.9264966045,,-46.4139645844,,20.929864228,-449.272385658,3.9201933089,6.9973165725,7.2607713053,4.2521686411,3.9201933089,1.867211037,0.3904718242,-55.9264966045,0.9152719195,40.6003983775,2.7207945467,,,,,,92.4532239415,187.4132221064,,,,0
000682.SZ,000682,东方电子,10005606,通用,2005-12-31 00:00:00,年报,2005年报,058001001,2007-04-13 00:00:00,2007-04-13 00:00:00,CNY,,106875388.03,345548707.08,,26693789.9,,,,,,,,,0.0,,,,,,,415467845.01,,,,,,,67306.75,99351.6,0.0,3802183.6,,,,,,,,,,,,,,,,,,568591556.66,,,,,,,,,,,,27798931.31,,,,,95947729.21,,,,0.0,0.0,,,,,99248068.46,,,1818735.43,,,41395197.78,325674027.96,,0.0,,,0.0,,128009783.77,350487426.08,21134395.74,4938719.0,,,,,,,,,,,,36977223.63,76452506.88,0.0,,,,,,,,,10311321.19,,,,,,,,917951996.0,,,29900000.0,7723000.0,,6786389.73,,3601279.82,2626879.15,1556496961.53,859039669.67,234796249.78,1313977711.75,1556496961.53,242519249.78,697457291.86,7723000.0,36977223.63,76452506.88,1272582513.97,,,,,,-61291392.63,3147214.23,,,33.001555385,2.4762517226,,-3.5365969505,,,,,,,,,,,,,,,,-62.3042742726,,,,,,,-70.0597690314,-35.2395225623,,-27.853965839,,,,,,,,,,,,,,,,,,,-2.8959970745,,,,,,,,,,,-7.5619792866,,,,,18.5527370841,,,,,,,,,,869.7689877765,,,4.7543307386,,,28.0546119911,4.5558095175,,,,,,,35.0203175982,1.1344962891,46.2456517766,-47.2186989343,,,,,,,,,,,,-15.4844734793,57.6570612843,,,,,,,,,,-35.769935229,,,,,,,,0.0,,,-7.7160493827,-55.9264966045,,-35.7176083028,,20.929864228,-73.6018726437,3.0339607977,4.407639171,4.6280075957,3.5663380338,3.0339607977,0.2421060357,1.390923343,-55.9264966045,-15.4844734793,57.6570612843,2.926083872,,,,,,92.1963072535,147.3962262341,,带解释性说明的无保留意见,,0
000682.SZ,000682,东方电子,10005606,通用,2005-09-30 00:00:00,三季报,2005三季报,058001001,2005-10-28 00:00:00,2005-10-28 00:00:00,CNY,,78677188.79,356683917.15,,8589255.16,,,,,,,,,0.0,,,,,,,1102359910.49,68896810.78,,,,,,0.0,17134.71,0.0,2263032.11,,,,,,,,,,60000.0,,,,,,,,571434517.93,,,,,,,,,,,,29491574.62,,,,,104047719.45,,,,0.0,0.0,,,,,10730506.89,,,1318768.27,,,37451404.09,207664289.61,,0.0,,,0.0,,94452845.52,358003917.15,15775656.73,1320000.0,,,,,,,,,,,,36098361.42,92563821.8,0.0,,,,,,,,,6834624.79,,,,,,,,917951996.0,,,31900000.0,7723000.0,,7742620.58,,2977990.46,-985194.41,1469563289.17,787691110.68,180120920.38,1281719368.79,1469563289.17,187843920.38,681872178.49,7723000.0,36158361.42,92563821.8,1244267964.7,18559603.17,,,,,-776207081.43,2814850.82,,,14.6681870562,-3.5740112523,,-20.8143678669,,,,,,,,,,,,,,,,0.0344651738,-47.2553415804,,,,,,,,,,,,,,,,,,,,,,,,,,,,13.2085117711,,,,,,,,,,,-9.426769715,,,,,25.1381988517,,,,,,,,,,-2.3433200619,,,,,,42.0675098296,-8.1976433419,,,,,,,-6.6588647252,-4.1674763507,-51.575885936,-64.0142756023,,,,,,,,,,,,-11.0807711664,38.2444971587,,,,,,,,,,-22.0860278988,,,,,,,,0.0,,,-13.8070791678,-55.2886007063,,-28.2950676517,,26.9508063879,-230.7123678722,-0.5273026604,-1.3435479968,-10.4750815872,1.813937105,-0.5273026604,-14.0182042686,0.4325904136,-55.2886007063,-10.932976266,38.2444971587,0.9529770951,,-53.3243182608,,,,1.5646783743,132.5742766968,,,,0
000682.SZ,000682,东方电子,10005606,通用,2005-06-30 00:00:00,中报,2005中报,058001001,2005-08-20 00:00:00,2005-08-20 00:00:00,CNY,,86640255.66,351075467.65,,20461588.64,,,,,,,,,0.0,,,,,,,1102359910.49,68243972.39,,,,,,164156.0,65460.17,0.0,1862225.53,,,,,,,,,,60000.0,,,,,,,,574448832.25,,,,,,,,,,,,29961186.38,,,,,126649499.42,,,,0.0,0.0,,,,,10163250.52,,,1464944.26,,,35940476.68,237082709.36,,0.0,,,0.0,,112887002.88,354182678.65,26246747.22,3107211.0,,,,,,,,,,,,32309725.2,73025118.78,0.0,,,,,,,,,7949199.79,,,,,,,,917951996.0,,,31900000.0,17523000.0,,8839473.66,,2977990.46,-2779630.11,1500817595.27,816535409.47,205540385.8,1277754209.47,1500817595.27,223063385.8,684282185.8,17523000.0,32369725.2,73025118.78,1241813732.79,17416587.3,,,,,-779502934.68,1973229.48,,,47.0730480448,-6.8865953032,,73.507980923,,,,,,,,,,,,,,,,0.0344651738,-44.6243657759,,,,,,,,,,,,,,,,,,,,,,,,,,,,17.7022685241,,,,,,,,,,,291.4940725284,,,,,75.4440999597,,,,,,,,,,41.7798936098,,,,,,56.9791452407,3.5963218404,,,,,,,4.8317816353,-7.7563110936,-46.1873132341,-55.1201174706,,,,,,,,,,,,-8.6131420371,7.6712521894,,,,,,,,,,-54.4466221622,,,,,,,,0.0,,,,2.3360392455,,-21.1274057149,,26.9508063879,-10169.5255970248,4.5164275138,0.8253572273,23.7698464049,1.9940125936,4.5164275138,21.7663971713,9.290680919,2.3360392455,-8.4434342651,7.6712521894,0.9704253206,,-55.9899645827,,,,1.4872454648,74.9109797344,,,,0
000682.SZ,000682,东方电子,10005606,通用,2005-03-31 00:00:00,一季报,2005一季报,058001001,2005-04-25 00:00:00,2005-04-25 00:00:00,CNY,,75871595.64,335430371.16,,18179397.58,,,,,,,,,0.0,,,,,,,1102238490.97,61620366.19,,,,,,371907.8,100040.38,0.0,4440880.04,,,,,,,,,,,,,,,,,,579007662.23,,,,,,,,,,,,30312690.52,,,,,97916875.98,,,,0.0,0.0,,,,,14298723.75,,,1652059.85,,,31425497.14,245490634.05,,0.0,,,0.0,,86861794.09,342413619.1,10990198.45,6983247.94,,,,,,,,,,,,37208634.15,58807691.56,0.0,,,,,,,,,24258021.34,,,,,,,,917951996.0,,,32400000.0,17523000.0,,9693420.72,,2977990.46,-1019628.06,1474814340.37,787922837.83,187764498.52,1269526841.85,1474814340.37,205287498.52,686891502.54,17523000.0,37208634.15,58807691.56,1238101344.71,18564047.62,,,,,-783717128.76,1350003.96,,,8.4182449244,-8.1116218205,,23.1386529129,,,,,,,,,,,,,,,,0.0308517535,-49.46798174,,,,,,,,,,,,,,,,,,,,,,,,,,,,19.5992144285,,,,,,,,,,,281.5751972668,,,,,35.894869859,,,,,,,,,,98.7020840118,,,,,,42.3691884625,4.0431386924,,,,,,,8.4383378865,-6.7287623116,8.5772544821,236.5657506504,,,,,,,,,,,,-20.6683905806,-34.1880658128,,,,,,,,,,40.3156476441,,,,,,,,0.0,,,,2.3360392455,,-19.3000828745,,26.9508063879,-165.0352006093,3.6432273072,-1.7265301414,20.8670304182,1.5214380026,3.6432273072,19.0272649733,10.5737495247,2.3360392455,-20.6683905806,-34.1880658128,0.7874573951,,-7.1797619,,,,1.185003417,106.8204718085,,,,0
000682.SZ,000682,东方电子,10005606,通用,2004-12-31 00:00:00,年报,2004年报,058001001,2006-03-28 00:00:00,2006-03-28 00:00:00,CNY,,80356494.87,337198815.6,,27672453.03,,,,,,,,,0.0,,,,,,,1102161682.77,60296802.39,,,,,,224803.71,153413.94,0.0,5270121.42,,,,,,,,,,,,,,,,,,585549039.72,,,,,,,,,,,,30073049.05,,,,,80932529.75,,,,0.0,0.0,,,,,10234196.98,,,1736191.16,,,32326206.09,311483435.94,,0.0,,,0.0,,94807793.41,346555763.8,14451298.54,9356948.2,,,,,,,,,,,,43751988.72,48492916.37,0.0,,,,,,,,,16053730.02,,,,,,,,917951996.0,,,32400000.0,17523000.0,,10557151.89,,2977990.46,9951005.67,1510664007.75,822774728.45,224410514.14,1268730493.61,1510664007.75,241933514.14,687889279.3,17523000.0,43751988.72,48492916.37,1236404287.52,18878134.92,,,,,-785415246.61,1272135.1,,,25.9930314313,-4.0326708826,,101.5481896662,,,,,,,,,,,,,,,,0.0327177453,-67.5619111933,,,,,,,,,,,,,,,,,,,,,,,,,,,,41.2109637908,,,,,,,,,,,265.1791286556,,,,,8.5720195557,,,,,,,,,,24.1442789413,,,,,,53.784967322,-3.405259807,,,,,,,2.1870841955,-2.8215566745,-50.1681474763,78.2412804824,,,,,,,,,,,,-6.2415622487,-17.1856229795,,,,,,,,,,169.2907316395,,,,,,,,0.0,,,,2.9372026082,,-21.0439705598,,26.9508063879,91.1572436441,5.26052303,0.5661913079,30.661319683,1.7920923478,5.26052303,28.1612363893,11.4849658367,2.9372026082,-6.2415622487,-17.1856229795,0.900192321,,,,,,1.3526732362,135.4148550947,,带解释性说明的无保留意见,,0
000682.SZ,000682,东方电子,10005606,通用,2004-09-30 00:00:00,三季报,2004三季报,058001001,2004-10-28 00:00:00,2004-10-28 00:00:00,CNY,,68612917.68,369904339.88,,10846986.92,,,,,,,,,0.0,,,,,,,1101980111.13,130623295.03,,,,,,0.0,0.0,0.0,0.0,,,,,,,,,,,,,,,,,,504762856.6,,,,,,,,,,,,32561027.72,,,,,83146249.83,,,,0.0,0.0,,,,,10987990.68,,,,,,26361695.32,226208015.97,,0.0,,,0.0,,101191018.56,373572461.12,32578100.88,3668121.24,,,,,,,,,,,,40596799.92,66956604.93,0.0,,,,,,,,,8772014.32,,,,,,,,917951996.0,,,37010000.0,17273000.0,,10797891.2,,2345783.02,753711.7,1477353413.02,798418242.99,201196408.3,1258884004.72,1477353413.02,218469408.3,678935170.03,17273000.0,40596799.92,66956604.93,1232522309.4,39762896.82,,,,,-788545278.88,1210301.87,,,-17.3349903948,-10.1688873866,,-77.674527547,,,,,,,,,,,,,,,,1012.0516365261,-27.4737499142,,,,,,,,,,,,,,,,,,,,,,,,,,,,18.9208575798,,,,,,,,,,,274.1907158139,,,,,-10.4877640489,,,,,,,,,,70.0962245902,,,,,,50.137140404,-14.2391113238,,,,,,,-4.0711165228,-9.894721267,44.8927051359,30.1675386799,,,,,,,,,,,,-96.3043916674,-35.3523506375,,,,,,,,,,8.6613494464,,,,,,,,0.0,,,,1.4686013041,,-28.3410214355,,15.7418559981,-23.508175821,-2.9803579996,-11.5832755507,-84.1407752854,431.0093590431,-2.9803579996,-83.007252078,9.555291573,1.4686013041,-96.3043916674,-35.3523506375,461.4742439881,,97.5972848255,,,,1.3515419969,479.4508970344,,,,0
000682.SZ,000682,东方电子,10005606,通用,2004-06-30 00:00:00,中报,2004中报,058001001,2004-08-20 00:00:00,2004-08-20 00:00:00,CNY,,58909675.71,377040737.36,,11792880.38,,,,,,,,,0.0,,,,,,,1101980111.13,123238267.78,,,,,,0.0,0.0,0.0,0.0,,,,,,,,,,,,,,,,,,488052472.95,,,,,,,,,,,,7653037.04,,,,,72187950.15,,,,0.0,0.0,,,,,7168329.91,,,,,,22895064.58,228852439.11,,0.0,,,0.0,,107683949.58,383964131.15,48774273.87,6923393.79,,,,,,,,,,,,35354892.29,67822299.17,0.0,,,,,,,,,17450297.14,,,,,,,,917951996.0,,,,17123000.0,,11207281.49,,2345783.02,27604.38,1435963351.38,809851243.7,166066608.12,1252773743.26,1435963351.38,183189608.12,626112107.68,17123000.0,35354892.29,67822299.17,1229878678.68,39574126.98,,,,,-791271077.9,1128133.57,,,-35.211891402,-6.8565926515,,-71.7320110328,,,,,,,,,,,,,,,,1012.176648519,-28.8776006026,,,,,,,,,,,,,,,,,,,,,,,,,,,,13.0124098764,,,,,,,,,,,-17.9472847747,,,,,-21.7759809105,,,,,,,,,,16.1803875203,,,,,,33.6706173779,-21.9391984009,,,,,,,5.8278543987,-5.6975319936,350.4790133573,192.5720914862,,,,,,,,,,,,-96.8047510016,-17.8784713969,,,,,,,,,,328.0233149969,,,,,,,,0.0,,,,0.5874405216,,-29.5322025901,,15.7418559981,-98.9407154854,-5.5233411968,-9.9447496283,-86.9080680454,434.4025719633,-5.5233411968,-85.7494140975,0.8831996019,0.5874405216,-96.8047510016,-17.8784713969,465.9893925048,,97.8706349,,,,1.2954804434,940.5298049284,,未经审计,,0
000682.SZ,000682,东方电子,10005606,通用,2004-03-31 00:00:00,一季报,2004一季报,058001001,2004-04-20 00:00:00,2004-04-20 00:00:00,CNY,,69980468.41,365041126.86,,14763355.9,,,,,,,,,0.0,,,,,,,1101898535.95,121943212.07,,,,,,0.0,0.0,0.0,0.0,,,,,,,,,,,,,,,,,,484123298.8,,,,,,,,,,,,7944093.52,,,,,72053401.34,,,,0.0,0.0,,,,,7196061.29,,,,,,22073243.15,235950815.34,,0.0,,,0.0,,80102476.47,367115980.86,10122008.06,2074854.0,,,,,,,,,,,,46902658.88,89357184.66,0.0,,,,,,,,,17288179.72,,,,,,,,917951996.0,,,,17123000.0,,12011686.09,,2345783.02,1567809.51,1422972227.6,801765561.92,155347986.85,1250501240.75,1422972227.6,172470986.85,621206665.68,17123000.0,46902658.88,89357184.66,1228427997.6,20000000.0,,,,,-793115575.43,652741.94,,,-36.7066866583,-7.9174439582,,-70.3859843168,,,,,,,,,,,,,,,,1037.1204899361,-31.1222082682,,,,,,,,,,,,,,,,,,,,,,,,,,,,9.9744049758,,,,,,,,,,,0.198544661,,,,,-31.1041941406,,,,,,,,,,16.6298426256,,,,,,137.7559004283,-17.3094694978,,,,,,,,,182.6055837715,-46.2393669532,,,,,,,,,,,,-95.7810318248,-8.8443824053,,,,,,,,,,162.6031631377,,,,,,,,0.0,,,,0.5874405216,,-24.8697144443,,15.7418559981,120.7936860994,-7.1184383259,-10.9815172255,-87.9799460536,461.77303815,-7.1184383259,-86.8285420642,-1.6074848634,0.5874405216,,,475.8750602025,,,,,,1.3005360905,,,,,0
000682.SZ,000682,东方电子,10005606,通用,2003-12-31 00:00:00,年报,2003年报,058001001,2005-04-23 00:00:00,2005-04-23 00:00:00,CNY,,63778523.27,351368344.52,,13729943.73,,,,,,,,,0.0,,,,,,,1101801198.26,185882721.85,,,,,,0.0,0.0,0.0,0.0,,,,,,,,,,,,,,,,,,414662589.93,,,,,,,,,,,,8235150.01,,,,,74542713.75,,,,0.0,0.0,,,,,8243792.68,,,,,,21020394.03,322464179.02,,0.0,,,0.0,,92778646.3,356617941.12,29000123.03,5249596.6,,,,,,,,,,,,46664588.03,58556156.69,0.0,,,,,,,,,5961486.28,,,,,,,,917951996.0,,,,17023000.0,,13370925.52,,2345783.02,5205664.97,1435166731.33,818142476.86,171749768.55,1246393962.78,1435166731.33,188772768.55,617024254.47,17023000.0,46664588.03,58556156.69,1225373568.75,,,,,,-796185028.4,540380.13,,,-34.2074400088,-3.3064389906,,-71.0515610621,,,,,,,,,,,,,,,,1036.9347401374,27.9400526109,,,,,,,,,,,,,,,,,,,,,,,,,,,,-6.7414623683,,,,,,,,,,,7.5956129331,,,,,-26.8209393841,,,,,,,,,,33.6109024311,,,,,,161.5279809097,-5.5497702775,,,,,,,-10.1928770643,-5.1015526919,355.2626862248,-57.6837257885,,,,,,,,,,,,-95.8396251397,-34.104234398,,,,,,,,,,-56.8275220122,,,,,,,,0.0,,,,0.0,,-12.1448760681,,15.7418559981,166.6470523852,-5.9206216961,-11.2388168943,-86.6814508062,469.3667994681,-5.9206216961,-85.5521034238,2.1985683794,0.0,-95.8396251397,-34.104234398,481.1003294844,,,,,,1.219855866,,,带解释性说明的无保留意见,,0
000682.SZ,000682,东方电子,10005606,通用,2003-09-30 00:00:00,三季报,2003三季报,058001001,2003-10-23 00:00:00,2003-10-23 00:00:00,CNY,,83001160.96,411777533.55,,48585699.33,,,,,,,,,0.0,,,,,,,99094329.34,180104851.52,,,,,,0.0,0.0,0.0,0.0,,,,,,,,,,,,,,,,,,424452755.28,,,,,,,,,,,,8701719.83,,,,,92888138.64,,,,0.0,0.0,,,,,6459867.47,,,,,,17558410.43,263765942.1,,0.0,,,0.0,,105485454.32,414595533.55,22484293.36,2818000.0,,,,,,,,,,,,1098514676.5,103571600.19,0.0,,,,,,,,,8072800.83,,,,,,,,917951996.0,,,,17023000.0,,15068441.41,,2026737.0,985349.36,1522736409.41,903017215.31,1268639620.92,237073788.49,1522736409.41,1285662620.92,619719194.1,17023000.0,1098514676.5,103571600.19,219515378.06,20123200.0,,,,,-799348813.8,208870.48,,,80.7305411878,-12.2436173399,,-5.3890756879,,,,,,,,,,,,,,,,3.3060876878,25.2594472702,,,,,,,,,,,,,,,,,,,,,,,,,,,,6.2052420941,,,,,,,,,,,-33.6454764497,,,,,-39.4080481109,,,,,,,,,,-38.9615592366,,,,,,92.3019583127,-14.2570618436,,,,,,,77.7333592862,-12.8587454995,67.4803725698,-56.9514672859,,,,,,,,,,,,3.5440778404,21.1464677915,,,,,,,,,,-71.9447860755,,,,,,,,0.0,,,,0.0,,0.8727283185,,-3.4357833001,133.307807866,-8.6817240262,-16.4620844809,7.1849781905,-49.2220364337,-8.6817240262,7.083106035,5.6571885239,0.0,3.5440778404,21.1464677915,-52.0449707834,,-32.9226666667,,,,-43.1956833468,,,,,0
000682.SZ,000682,东方电子,10005606,通用,2003-06-30 00:00:00,中报,2003中报,058001001,2003-08-05 00:00:00,2003-08-05 00:00:00,CNY,,90926679.27,404795946.48,,41718144.13,,,,,,,,,0.0,,,,,,,99083190.84,173276307.92,,,,,,0.0,0.0,0.0,0.0,,,,,,,,,,,,,,,,,,431857415.91,,,,,,,,,,,,9326975.98,,,,,92283611.85,,,,0.0,0.0,,,,,6170000.0,,,,,,17127971.0,293172033.11,,0.0,,,0.0,,101753881.52,407162335.48,10827202.25,2366389.0,,,,,,,,,,,,1106483166.33,82587721.3,0.0,,,,,,,,,4076950.14,,,,,,,,917951996.0,,,,17023000.0,,15904117.77,,2026737.0,2605945.77,1519913351.69,899282651.88,1268465255.52,234425096.17,1519913351.69,1285488255.52,620630699.81,17023000.0,1106483166.33,82587721.3,217297125.17,20000000.0,,,,,-801656379.52,108419.15,,,119.5407894836,-17.0848666611,,-21.7078645268,,,,,,,,,,,,,,,,3.2944757736,32.6089497251,,,,,,,,,,,,,,,,,,,,,,,,,,,,6.0092984723,,,,,,,,,,,-28.8465819746,,,,,-40.8885908431,,,,,,,,,,-41.7004789558,,,,,,87.5380558204,-11.5810228865,,,,,,,65.1700642699,-17.1989885865,-46.3701577661,-32.9786733885,,,,,,,,,,,,4.7110621298,7.289172848,,,,,,,,,,-83.484412132,,,,,,,,0.0,,,,0.0,,16.6213796806,,15.9615044357,198.9398176696,-10.1822566135,-19.0628532185,7.2611185051,-52.4107448199,-10.1822566135,7.1580807383,6.7968881924,0.0,4.7110621298,7.289172848,-55.0544809715,,-33.3333333333,,,,-50.643409184,,,未经审计,,0
000682.SZ,000682,东方电子,10005606,通用,2003-03-31 00:00:00,一季报,2003一季报,058001001,2003-04-26 00:00:00,2003-04-26 00:00:00,CNY,,110565342.08,396428099.47,,49852597.02,,,,,,,,,,,,,,,,96902531.06,177042859.54,,,,,,,,,,0.0,,,,,,,,,0.0,0.0,,,,,,,440214519.83,-120.0,,,5850000.0,,,,,,,,7928352.2,,0.0,,,104583146.16,,,,,,,,,,6170000.0,0.0,,0.0,,,9283993.84,285342002.17,,,0.0,0.0,0.0,0.0,,,3581673.06,3859430.0,,,,0.0,0.0,,,,0.0,,0.0,1111709236.3,98027073.94,,0.0,,,,,,,,6583385.94,,0.0,,,,,,917951996.0,,,0.0,17023000.0,,15987808.38,0.0,2026737.0,710078.96,1532028749.25,900673137.68,1292406735.8,222599013.45,1532028749.25,1309429735.8,631355611.57,17023000.0,,,213315019.61,0.0,,,,,-803566244.45,,,,,-18.5880767333,,,,,,,,,,,,,,,,,,,,,,,,,,,,,,,,,,,,,,,,,,,,,,,,,,,,,,,,,,,,,,,-50.4587440982,,,,,,,,,,,,,,,,-0.3500566157,-23.5120920496,,,,,-100.0,,,,,,,,,,,,,,,,,,179.6201331736,,,,,,,,,,,,,,,,,,0.0,,,,,,,,,,-11.8646697395,-22.9626837274,7.2097542051,-57.6608309311,-11.8646697395,7.9927256619,10.9335013752,142.3892923252,,,-58.6947298822,,,,,,,,,,,0
000682.SZ,000682,东方电子,10005606,通用,2002-12-31 00:00:00,年报,2002年报,058001001,2003-04-26 00:00:00,2004-04-20 00:00:00,CNY,,96938807.79,363383394.77,,47428960.71,,,,,,,,,0.0,,,,,,,96909801.36,145288920.91,,,,,,0.0,0.0,0.0,0.0,0.0,,,,,,,,,0.0,,,,,,,,444637671.21,,,,5850000.0,,,,,,,,7653797.2,,,,,101863447.17,,,,0.0,0.0,,,,,6170000.0,,,,,,8037531.57,341411746.66,,0.0,0.0,0.0,0.0,0.0,103308783.61,375789015.77,6369975.82,12405621.0,,,,0.0,0.0,,,,0.0,,0.0,1121643832.51,88861789.76,0.0,0.0,,,,,,,,13808533.95,,0.0,,,,,,917951996.0,,,0.0,17023000.0,,15219289.35,0.0,2026737.0,1952267.96,1525484922.63,921734533.31,1289553134.14,218908788.49,1525484922.63,1306576134.14,603750389.32,17023000.0,1121643832.51,88861789.76,210871256.92,0.0,,,,,-806017277.44,,,,17.1042652753,-24.7264230059,,-1.5232426268,,,,,,,,,,,,,,,,1.0287117718,72.9501296817,,,,,,,,,,,,,,,,,,,,,,,,,,,,5.234631571,,,,,,,,,,,-38.0866754875,,,,,-40.6817036226,,,,,,,,,,-32.0729757658,,,,,,-13.7524977527,-32.0518238318,,,,,,,-19.0978492886,-23.049202327,-85.8180424861,121.5500767671,,,,,,,,,,,,3.1151955234,83.3911865771,,,,,,,,,,-49.4168029979,,-100.0,,,,,,0.0,,,-100.0,142.3892923252,,45.6025439403,,20.9519132689,-91.0005661181,-15.6639727242,-27.3243762233,-0.7090847135,-56.4821485901,-15.6639727242,0.0605515955,11.6956000704,142.3892923252,3.1151955234,83.3911865771,-57.2886979183,,-100.0,,,,-54.4574737872,,,保留意见,,0
000682.SZ,000682,东方电子,10005606,通用,2002-09-30 00:00:00,三季报,2002三季报,058001001,2002-10-26 00:00:00,2002-10-26 00:00:00,CNY,,45925365.14,469228016.32,,51353159.99,,,,,,,,,0.0,,,,,,,95923029.86,143785443.29,,,,,,0.0,0.0,0.0,0.0,,,,,,,,,,,,,,,,,,399653300.45,6841650.88,,,,,,,,,,,13113981.33,,,,,153301116.31,,,,0.0,0.0,,,,,10583277.34,,,,,,9130645.67,307624100.33,,0.0,,,0.0,,59350396.99,475774116.32,13425031.85,6546100.0,,,,,,,,,,,,1060915022.29,85492876.58,0.0,,,,,,,,,28774689.98,,12560000.0,,,,,,917951996.0,,,,17023000.0,,14938072.62,,2098848.9,-2958313.45,1667504552.81,1080966899.52,1183598338.44,466883214.37,1667504552.81,1200621338.44,586537653.29,17023000.0,1060915022.29,85492876.58,457752568.7,30000000.0,,,,,-558221306.06,,,,,,,,,,,,,,,,,,,,,,,,,,,,,,,,,,,,,,,,,,,,,,,,,,,,,,,,,,,,,,,,,,,,,,,,,,,,,,,,,,,,,,,,,,,,,,,,,,,,,,,,,,,,,,,,,,,,,,,,,,,,,,,,,,,,,,,,,,,,,,,,,,,,,,,,,,,,,0
000682.SZ,000682,东方电子,10005606,通用,2002-06-30 00:00:00,中报,2002中报,058001001,2002-08-28 00:00:00,2002-08-28 00:00:00,CNY,,41416758.81,488205144.44,,53285229.58,,,,,,,,,0.0,,,,,,,95923029.86,130667129.39,,,,,,0.0,0.0,0.0,0.0,,,,,,,,,,,,,,,,,,407376920.83,6836230.88,,,,,,,,,,,13108261.33,,,,,156118105.06,,,,0.0,0.0,,,,,10583277.34,,,,,,9133064.18,331571391.89,,0.0,,,0.0,,61605522.75,491735944.44,20188763.94,3530800.0,,,,,,,,,,,,1056701311.04,76976752.74,0.0,,,,,,,,,24685467.89,,12560000.0,,,,,,917951996.0,,,,17023000.0,,13637394.63,,1747767.08,-2633869.59,1692219481.79,1111087662.02,1182595588.41,492600893.38,1692219481.79,1199618588.41,581131819.77,17023000.0,1056701311.04,76976752.74,483467829.2,30000000.0,,,,,-532154963.74,,,,-11.5672612444,-14.8592946788,,116.7360694859,,,,,,,,,,,,,,,,0.0,41.9825509497,,,,,,,-100.0,,,,,,,,,,,,,,,,,,,,20815.8511515152,19.9302785334,,,,,,,,,,,-16.9924794336,,,,,25.528503736,,,,,,,,,,16.3635802489,,,,,,-8.9367032835,-39.8502189038,,,,,,,-28.9150362946,-14.7070031661,-49.313229691,13.3197936699,,,,,,,,,,,,9948.0268657451,36.677816832,,,,,,,,,,-30.0019067562,,,,,,,,0.0,,,,,,25.9999560117,,-98.8639112386,-104.4359101515,-7.6030589233,-19.137843852,489.0421761192,-69.7920800951,-7.6030589233,497.5212073809,27.0468124109,,9948.0268657451,36.677816832,-70.1686772433,,0.0,,,,-217.484903541,,,未经审计,,0
000682.SZ,000682,东方电子,10005606,通用,2002-03-31 00:00:00,一季报,2002一季报,058001001,2002-04-30 00:00:00,2002-04-30 00:00:00,CNY,,,486941081.31,,,,,,,,,,,0.0,,,,,,,,,,,,,,62982278.63,0.0,1205493609.59,0.0,,,,,,,,,,,,,,,,,,,,,,,,,,,,,,,,,,,211103138.7,,,,0.0,0.0,,,,,,,,,,,9316607.24,373055048.59,,569129797.35,,,7023000.0,,,486941081.31,,,,,,,,,,,,,,,35057230.26,-401516637.99,,,,,,,,,,,,,,,,,917951996.0,,,,,,,,,,1738268574.84,1169138777.49,1205493609.59,525751965.25,1738268574.84,1212516609.59,569129797.35,7023000.0,,35057230.26,516435358.01,,,,,,,,,,,,,,,,,,,,,,,,,,,,,,,,,,,,,,,,,,,,,,,,,,,,,,,,,,,,,,,,,,,,,,,,,,,,,,,,,,,,,,,,,,,,,,,,,,,,,,,,,,,,,,,,,,,,,,,,,,,,,,,,,,,,,,,,,,,,,,,,,,,,,,,,,,,,,,,,,,,0
000682.SZ,000682,东方电子,10005606,通用,2001-12-31 00:00:00,年报,2001年报,058001001,2003-04-26 00:00:00,2003-04-26 00:00:00,CNY,,82779912.04,482750268.13,,48162593.87,,,,,,,,,0.0,,,,,,,95923029.86,84006251.5,,,,,,0.0,0.0,0.0,0.0,,,,,,,,,,,,,,,,,,422520290.68,,,,,,,,,,,,12362116.33,,,,,171723487.34,,,,0.0,0.0,,,,,9083277.34,,,,,,9319147.06,502459029.68,,0.0,,,0.0,,127695966.92,488349734.03,44916054.88,5599465.9,,,,,,,,,,,,1087758042.66,48454776.6,0.0,,,,,,,,,27298657.99,,12560000.0,,,,,,917951996.0,,,3000000.0,7023000.0,,10452625.99,,1675655.18,21693230.77,1808817621.49,1268285685.64,1298762460.21,503032161.28,1808817621.49,1305785460.21,540531935.85,7023000.0,1087758042.66,48454776.6,493713014.22,30000000.0,,,,,-521837666.82,,,,12.917003996,25.1730809117,,28.0747943098,,,,,,,,,,,,,,,,0.0,-51.9964680811,,,,,,,,,,,,,,,,,,,,,,,,,,,,175.2546880587,,,,,,,,,,,-19.3815999413,,,,,111.8035704852,,,,,,,,,,-0.220472409,,,,,,24.5860081904,-43.7961808693,,-100.0,,,,,22.6407190089,25.9721348536,45.7764738138,180.1576387263,,,,,,,,,,,,23.0718554856,15.7158277896,,,,,,,,,,-27.7010079818,,,,,,,,0.0,,,0.0,,,-55.9543997286,,14.6027749742,-73.6122586902,-0.9061414791,-13.8608260264,-2.6698129132,2.4568396106,-0.9061414791,-2.1435042734,53.1295817189,,1.9043720531,15.7158277896,2.1144782538,,0.0,,,,1.8820757912,,,保留意见,,0
000682.SZ,000682,东方电子,10005606,通用,2001-06-30 00:00:00,中报,2001中报,058001001,2001-08-14 00:00:00,2001-08-14 00:00:00,CNY,,46834192.17,573409795.7,,24585307.7,,,,,,,,,0.0,,,,,,,95923029.86,92030413.96,,,,,,0.0,328597.95,0.0,0.0,,,,,,,,,,,,,,,,,,339678124.5,-33000.0,,,,,,,,,,,15791655.07,,,,,124368649.68,,,,0.0,0.0,,,,,9095008.35,,,853304.06,,,10029358.16,551242890.41,,0.0,,5800000.0,,,86664632.77,576525579.7,39830440.6,3115784.0,,,,,,,,,,,,10516505.63,56319858.28,0.0,,,,,,,,,35265914.75,,,,,,,,917951996.0,,,3000000.0,,,10823332.85,,153840715.57,59376080.67,1831466996.71,1374051490.77,200765859.62,1630701137.09,1831466996.71,200765859.62,457415505.94,,10516505.63,56319858.28,1620671778.93,30000000.0,,,,,452956037.5,,,,-6.3767607672,,,10.6722442973,,,,,,,,,,,,,,,,0.0,,,,,,,-100.0,,,,,,,,,,,,,,,,,,,,,,,,,,,,,,,,,3.0338418907,,,,,94.708513855,,,,,,,,,,86.376362889,,,,,,37.1198156646,-25.3437588595,,-100.0,,,,,60.1479407321,576425.5797,873.5521415352,3015.784,,,,,,,,,,,,-45.1173245709,,,,,,,,,,,67.2900413116,,,,,,,,0.0,,,0.0,,,-49.4014528829,,83.321159464,-17.0635670739,18.8343890084,8.8724943124,4.8525034957,22.5118980314,18.8343890084,-4.4597370899,63.878479821,,-45.1173245709,,22.4311822965,,0.0,,,,100.4697702473,,,,,0
000682.SZ,000682,东方电子,10005606,通用,2000-12-31 00:00:00,年报,2000年报,058001001,2002-04-30 00:00:00,2002-04-30 00:00:00,CNY,,73310404.2,385666202.84,,37605052.68,,,,,,,,,0.0,,,,,,,95923029.86,175000147.16,,,,,,0.0,0.0,0.0,0.0,,,,,,,,,,183590399.2,,,,,,,,153501578.36,,,,,,,,,,,,15334112.71,,,,,81076767.0,,,,0.0,0.0,,,,,9103347.71,,,,,,7480091.22,893994460.61,,50700.0,,16290000.0,,,104121997.94,387664886.84,30811593.74,1998684.0,,,,,,,,,,,,883839801.04,41873940.26,0.0,,,,,,,,,37758006.34,,,,,,,,917951996.0,,,3000000.0,,,23731373.68,,1462141.89,82209502.19,1825357946.99,1472368061.05,1334388126.73,490969820.26,1825357946.99,1334388126.73,352989885.94,,1067430200.24,41873940.26,483489729.04,30000000.0,,,,,-531847438.71,,,,111.3367393846,,,42.7016101433,,,,,,,,,,,,,,,,-67.672754055,,,,,,,-100.0,,,,,,,,,,,,,,,,,,,,,,,,,,,,,,,,,0.048572331,,,,,61.3404370221,,,,,,,,,,86.5472543852,,,,,,39.9758576777,29.1612594333,,-99.9749181811,,,,,146.671781339,16075.6055799002,309.6284712909,-16.6034243483,,,,,,,,,,,,3814.5211525822,,100.0,,,,,,,,,10.1746362494,,,,,,,,59.9999998606,,,-14.2857142857,,,7.7464038664,,-98.2846422399,77.4656564681,41.1866536082,35.5958658496,718.6889742902,-55.8886934295,41.1866536082,641.970860443,70.5113868224,,4627.6419242807,,-56.3511778171,,0.0,,,,-449.9048999067,,,标准无保留意见,,0
000682.SZ,000682,东方电子,10005606,通用,2000-06-30 00:00:00,中报,2000中报,058001001,2000-08-19 00:00:00,2000-08-19 00:00:00,CNY,,50024109.99,,,22214519.87,,,,,,,,,0.0,,,,,,,95923029.86,,,,,,,408644241.54,0.0,0.0,0.0,,,,,,,,,,,,,,,,,,,,,,,,,,,,,,15326668.19,,,,,63874274.02,,,,0.0,0.0,,,,,4879915.14,16290000.0,,,,,7314302.54,738374825.72,,258912131.0,,,2372886.46,,54115358.82,100000.0,4091248.83,100000.0,,,,,,,,,,,,19161794.77,,0.0,,,,,,,,,21080701.8,,,,,,,,917951996.0,,,3000000.0,,,21390600.06,,83918690.03,71592276.85,1541192757.41,1262074043.08,191474550.37,1331055320.58,1541192757.41,210137436.83,279118714.33,18662886.46,19161794.77,,1323741018.04,30000000.0,,,,,225947302.15,,,,171.0467218696,,,530.4226063654,,,,,,,,,,,,,,,,-76.5279423739,,,,,,,80.3723317003,,,,,,,,,,,,,,,,,,,,,,,,,,,,,,,,,-1.3030466122,,,,,84.1338538418,,,,,,,,,,0.0,12.5,,,,,49.9619797317,29.076699238,,74.7529177588,,,0.0008866917,,191.6342560575,-56.3509384548,3991.24883,-56.3509384548,,,,,,,,,,,,457.116414161,,,,,,,,,,,13.6035773847,,,,,,,,219.9999997211,,,-68.4210526316,,,31.1050869173,,104.12957549,183.7790187238,46.6905946023,43.080302271,150.0878956626,39.0533922161,46.6905946023,124.9485742329,65.5823562214,10.7401382192,457.116414161,,38.9975240632,,0.0,,,,4.7462988468,,,,,0
000682.SZ,000682,东方电子,10005606,通用,1999-12-31 00:00:00,年报,1999年报,058001001,2001-04-10 00:00:00,2001-04-10 00:00:00,CNY,,34688906.63,,,26352227.31,,,,,,,,,0.0,,,,,,,296725028.86,,,,,,,276776905.16,0.0,0.0,0.0,,,,,,,,,,,,,,,,,,,,,,,,,,,,,,15326668.19,,,,,50251981.77,,,,0.0,0.0,,,,,4879915.14,14480000.0,,,,,5343843.82,692153718.95,,202138450.33,,,2370304.86,,42210745.54,2396602.0,7521838.91,2396602.0,,,,,,,,,,,2581.6,22578490.87,,-0.01,,,,,,,,,34271051.51,,,,,,,,573719998.0,,,3500000.0,,,22025211.82,,85238305.62,46324175.52,1292868624.86,1085850259.39,162990851.06,1113024887.34,1292868624.86,179843737.52,207018365.47,16852886.46,22578490.87,,1107681043.52,30000000.0,,,,,151997711.05,,,,19.2429768512,,,233.0738262081,,,,,,,,,,,,,,,,537.446233953,,,,,,,14.8907607457,,,,,,,,,,,,,,,,,,,,,,,,,,,,,,,,,184.4699390487,,,,,-2.1979460473,,,,,,,,,,0.0,-33.2411249424,,,,,12.5091904315,684.8235261895,,49.0399486989,,,-9.42226161,,28.1087277038,44.4171135884,94.9565179726,44.4171135884,,,,,,,,,,,,83.0993918583,,,,,,,,,,,25.969934545,,,,,,,,133.3333334689,,,-90.4475982533,,,321.0968091929,,111.0607072133,74.3804447369,135.2152610943,165.2664478095,34.007996609,175.6931045173,135.2152610943,23.2358630046,47.5434087899,-30.6661696363,83.0993918583,,177.6357960139,,,,,,129.7620817782,,,标准无保留意见,,0
000682.SZ,000682,东方电子,10005606,通用,1999-06-30 00:00:00,中报,1999中报,058001001,1999-08-24 00:00:00,1999-08-24 00:00:00,CNY,,18455899.28,,,3523750.52,,,,,,,,,0.0,,,,,,,408669028.46,,,,,,,226555945.52,0.0,0.0,0.0,,,,,,,,,,,,,,,,,,,,,,,,,,,,,,15529018.54,,,,,34689044.24,,,,0.0,0.0,,,,,4879915.14,14480000.0,,,,,4877437.97,572043467.24,,148158974.58,,,2372865.42,,18555899.28,229100.0,100000.0,229100.0,,,,,,,,,,,,3439459.74,,0.0,,,,,,,,,18556371.45,,,,,,,,286859999.0,,,9500000.0,,,16315614.11,,41110500.44,25228178.31,1050641836.71,882073928.45,76562901.96,957226069.33,1050641836.71,93415767.38,168567908.26,16852865.42,3439459.74,,952348631.36,30000000.0,,,,,215709103.46,,,,-4.930917465,,,-44.0968270512,,,,,,,,,,,,,,,,777.9324552631,,,,,,,255.5327647135,-100.0,,-100.0,,,,,,,,,,,,,,,,,,,,,,,,,,,,,,177.5088824538,,,,,-42.1233911616,,,,,,,,,,0.0,-38.8771633601,,,,,6.4459702464,1284.8795500045,,29.3965294856,,,1486.6363407804,,-4.4158025899,-99.8388217003,,,,,,,,,,,,,,-73.646413842,,,,,,,,,,,-29.6198414499,,,,,,,,109.9999992679,,,-75.641025641,,,463.584496753,,99.3622320286,113.9214217716,129.1744326629,164.4880161213,-17.5504727215,180.0983009414,129.1744326629,-19.9521319652,34.9148345082,-29.3071255211,-73.646413842,,182.458243535,,,,,,61.7078133952,,,标准无保留意见,,0
000682.SZ,000682,东方电子,10005606,通用,1998-12-31 00:00:00,年报,1998年报,058001001,2000-04-05 00:00:00,2000-04-05 00:00:00,CNY,,29090943.17,179365353.06,,7911827.72,,,,,,,,,0.0,,,,,,,46549028.46,,,,,,,240904406.38,0.0,0.0,0.0,,,,,,,,,,,,,,,,,,,-196800.0,,,,,,,,,,,5387798.88,,,,,51381315.36,,,,0.0,0.0,,,,,4879915.14,21690000.0,,,,,4749695.38,88192274.55,,135627026.24,,,2616873.53,,32949156.78,1659500.0,3858213.61,1659500.0,,,,,,,,,,,,12331275.73,,0.0,,,,,,,,,27205738.92,,,,,,,,245879999.0,,,36640000.0,,,5230439.02,,40385681.8,26565005.95,549653376.59,409343235.21,121627705.2,403718797.86,549653376.59,145934578.73,140310141.38,24306873.53,12331275.73,,398969102.48,,,,,,66154393.22,,,,144.2887082063,131.972115547,,36.8875916196,,,,,,,,,,,,,,,,0.0,,,,,,,321.8537010604,,,,,,,,,,,,,,,,,,,,,,,,,,,,,,,,,-2.6342754229,,,,,-11.0831414085,,,,,,,,,,,58.4368151936,,,,,-30.6657520032,95.5810718253,,51.6071884925,,,,,176.6877271471,-97.8537787862,,,,,,,,,,,,,,-3.4589876742,,,,,,,,,,,66.3677596515,,,,,,,,79.9999992679,,,35.7037037037,,,168.5520212175,,95.8472793927,11188.4218764255,57.6509284193,61.3753388035,103.9217712851,46.6449293716,57.6509284193,98.9604226353,47.7056697474,77.3674033757,-3.4589876742,,48.6177558304,,,,,,2.2745361262,,,,,0
000682.SZ,000682,东方电子,10005606,通用,1998-06-30 00:00:00,中报,1998中报,058001001,1998-08-18 00:00:00,1998-08-18 00:00:00,CNY,,19413145.46,142140722.64,,6303310.41,,,,,,,,,0.0,,,,,,,46549028.46,,,,,,,63722944.27,30260.73,0.0,404500.0,,,,,,,,,,,,,,,,,,,-31800.0,,,,,,,,,,,5595863.6,,,,,59936207.28,,,,0.0,0.0,,,,,4879915.14,23690000.0,,,,,4582078.55,41306369.73,,114499960.06,,,149553.2,,19413145.46,142140722.64,,,,,,,,,,,,,,13051201.91,,0.0,,,,,,,,,26365913.11,,,,,,,,136600000.0,,,39000000.0,,,2894972.13,,20621007.31,11793198.69,458446356.56,333502417.76,92860328.6,341746474.76,458446356.56,116699881.8,124943938.8,23839553.2,13051201.91,,337164396.21,,,,,,133394360.44,,,,,,,,,,,,,,,,-100.0,,,,,,,-0.0224643794,,,,,,,-74.7300153608,,-100.0,,,,,,,,,,,,,,,,,,,,,,,,,,,,,,,,,,,,,,,,,,,,,,,,,,,,-16.9228583455,,,252.2956411186,,,-99.3249046842,,,,,,,,,,,,,,,,,,,,,,,,,,,,,,,,,,,,0.0,,,,,,,,75.987173804,,36.3232208391,32.2537913223,23.3437048087,43.0769985909,36.3232208391,19.7674510794,284.4298722931,7.6136832631,,,44.4952164865,,,,,,246.815193084,,,,,0
000682.SZ,000682,东方电子,10005606,通用,1997-12-31 00:00:00,年报,1997年报,058001001,1998-03-14 00:00:00,1998-03-14 00:00:00,CNY,,11908427.28,77321945.63,,5779799.05,,,,,,,,,0.0,,,,,,,46549028.46,,,,,,,57106149.78,0.0,0.0,0.0,,,,,,,,,,,,,,,,,,,,,,,,,,,,,,5533568.31,,,,,57785796.95,,,,0.0,0.0,,,,,,13690000.0,,,,,6850431.81,45092438.51,,89459495.68,,,0.0,,11908427.28,77321945.63,,,,,,,,,,,,,14250.65,12773095.53,,0.0,,,,,,,,,16352771.1,,,,,,,,136600000.0,,,27000000.0,,,1947644.63,,20621007.31,235329.67,348652165.96,253659101.97,59644296.16,275303619.15,348652165.96,73348546.81,94993063.99,13704250.65,12773095.53,,268453187.34,,,,,,64683151.57,,,,61.5272811912,29.7673221557,,-30.412711778,,,,,,,,,,,,,,,,-46.8187534136,,,,,,,6.3051561065,-100.0,,,,,,,,,,,,,,,,,,,,,,,,,,,,,,,,3.2656072898,,,,,119.8912689754,,,,,,,,,,,-55.3926360378,,,,,-17.0801946342,-50.7179622032,,59.5315758459,,,,,61.5272811912,29.7673221557,,,,,,,,,,,,,-81.5476073323,-30.9629783917,,,,,,,,,,,36.3841407863,,,,,,,,100.0,,,25.2900232019,,,123.0631944875,,63.2162360296,-97.5333611486,14.4857689511,4.3423958054,-10.3742380677,32.8543277057,14.4857689511,-24.6280092417,54.6238536843,-55.4582880204,-30.9629783917,,34.9277767807,,,,,,112.0935593686,,,,,0
000682.SZ,000682,东方电子,10005606,通用,1997-06-30 00:00:00,中报,1997中报,058001001,1997-07-14 00:00:00,1997-07-14 00:00:00,CNY,,,,,,,,,,,,,,51624053.2,,,,,,,46559487.76,,,,,,,252168512.09,0.0,75285827.31,0.0,,,,,,,,,,,,,,,,,,,,,,,,,,,,,,,,,,,,,,,0.0,0.0,,,,,,,,,,,5515450.41,,,32501100.41,,,22152901.45,,,,,,,,,,,,,,,,,,,0.0,,,,,,,,,,,,,,,,,136600000.0,,,,,,,,11717335.34,,336293665.7,252168512.09,75285827.31,238854936.94,336293665.7,97438728.76,32501100.41,22152901.45,,,233339486.53,,,,,,38462663.43,,,,,,,,,,,,,,,,,,,,,,,,,,,,,,93.6246908241,,28.5589920957,,,,,,,,,,,,,,,,,,,,,,,,,,,,,,,,,,,,,,,,-100.0,,,,,,,,,,,,,,,-38.1233081539,,,-6.3212473681,,,,,,,,,,,,,,,,,,,-100.0,,,,,,,,,,,,,,,,,71.5962451149,,,,,,,,,,84.0070281494,93.6246908241,28.5589920957,154.4551436238,84.0070281494,9.6145563372,-38.1233081539,-6.3212473681,,,148.5794655064,,,,,,,,,,,0
000682.SZ,000682,东方电子,10005606,通用,1996-12-31 00:00:00,年报,1996年报,058001001,1997-04-11 00:00:00,1997-04-11 00:00:00,CNY,,7372393.81,59585066.83,,8305825.96,,,,,,,,,0.0,,,,,,,87529028.46,,,,,,,53719078.05,30260.73,0.0,0.0,,,,,,,,,,,,,,,,,,,,,,,,,,,,,,5358578.19,,,,,26279259.39,,,,0.0,0.0,,,,,,30690000.0,,,,,8261514.58,91498729.61,,56076356.8,,,0.0,,7372393.81,59585066.83,,,,,,,404500.0,,,,,,77229.28,18501805.6,,0.0,,,,,,,,,11990229.22,,,,,,,,68300000.0,,,21550000.0,,,873135.81,,12634164.23,9540499.61,304537558.82,243102623.83,66548160.79,207222168.75,304537558.82,97315390.07,61434934.99,30767229.28,18501805.6,,198960654.17,,,,,,30497461.48,,,,,,,,,,,,,,,,100.0,,,,,,,,,,,,,,-54.3757433304,,-100.0,,,,,,,,,,,,,,,,,,,,,,,,,,,,,,,,,,,,,,,,,-100.0,,,,,,,,,,,,,,13.4167731384,,,-100.0,,,,,,,,,,,,,,,,,,,-100.0,,,,,,,,,,,,,,,,,,,,,,,,,,,82.1559211166,106.4699713639,18.9498909609,139.0732911602,82.1559211166,30.3993407518,24.2547212791,64.6859748684,,,129.5419389283,,,,,,,,,,,0
000682.SZ,000682,东方电子,10005606,通用,1996-06-30 00:00:00,中报,1996中报,058001001,1996-12-12 00:00:00,1996-12-12 00:00:00,CNY,,,,,,,,,,,,,,0.0,,,,,,,,,,,,,,130235720.98,0.0,58561307.99,0.0,,,,,,,,,,,,,,,,,,,,,,,,,,,,,,,,,,,,,,,6683102.39,0.0,,,,,,,,,,,,,,52525594.76,,,23647733.16,,,,,,,,,,,,,,,,,,,14263700.7,,,,,,,,,,,,,,,,,79605471.5,,,,,,,,,,182761315.74,130235720.98,58561307.99,93869172.2,182761315.74,88892143.54,52525594.76,23647733.16,,,93869172.2,,,,,,,,,,,,,,,,,,,,,,,,,,,,,,,,,,,,,,,,,,,,,,,,,,,,,,,,,,,,,,,,,,,,,,,,,,,,,,,,,,,,,,,,,,,,,,,,,,,,,,,,,,,,,,,,,,,,,,,,,,,,,,,,,,,,,,,,,,,,,,,,,,,,,,,,,,,,,,,,,,,0
000682.SZ,000682,东方电子,10005606,通用,1995-12-31 00:00:00,年报,1995年报,058001001,1997-01-16 00:00:00,1997-01-16 00:00:00,CNY,,,,,,,,,,,,,,-0.3,,,,,,,,,,,,,,117742363.32,0.0,55946382.34,0.0,,,,,,,,,,,,,,,,,,,,,,,,,,,,,,,,,,,,,,,0.0,5879100.0,,,,,,,,,,,,,,49442736.95,,,18682361.57,,,,,,,,,,,,,,,,,,,86677256.06,,,,,,,,,,,,,,,,,,,,,,,,,,,167185099.97,117742363.32,55946382.34,86677256.06,167185099.97,74628743.91,49442736.95,18682361.57,,,86677256.06,,,,,,,,,,,,,,,,,,,,,,,,,,,,,,,,,,,,11.8055592649,,-2.8430215187,,,,,,,,,,,,,,,,,,,,,,,,,,,,,,,,,,,,,,,,,28.6229981622,,,,,,,,,,,,,,-8.5078537559,,,21.1872986493,,,,,,,,,,,,,,,,,,,5.9883891219,,,,,,,,,,,,,,,,,,,,,,,,,,,4.9166800675,11.8055592649,-2.8430215187,5.9883891219,4.9166800675,2.2317179654,-8.5078537559,21.1872986493,,,5.9883891219,,,,,,,,,,,0
000682.SZ,000682,东方电子,10005606,通用,1994-12-31 00:00:00,年报,1994年报,058001001,1997-01-16 00:00:00,1997-01-16 00:00:00,CNY,,,,,,,,,,,,,,0.0,,,,,,,,,,,,,,105309936.37,0.0,57583493.45,0.0,,,,,,,,,,,,,,,,,,,,,,,,,,,,,,,,,,,,,,,0.0,4570800.0,,,,,,,,,,,,,,54040416.56,,,15416105.3,,,,,,,,,,,,,,,,,,,81779954.18,,,,,,,,,,,,,,,,,,,,,,,,,,,159350352.93,105309936.37,57583493.45,81779954.18,159350352.93,72999598.75,54040416.56,15416105.3,,,81779954.18,,,,,,,,,,,,,,,,,,,,,,,,,,,,,,,,,,,,1.6573497826,,66.3532256091,,,,,,,,,,,,,,,,,,,,,,,,,,,,,,,,,,,,,,,,,,,,,,,,,,,,,,,118.7432416034,,,2.672115599,,,,,,,,,,,,,,,,,,,3.9559311265,,,,,,,,,,,,,,,,,,,,,,,,,,,24.2033110388,1.6573497826,66.3532256091,3.9559311265,24.2033110388,47.0873939015,118.7432416034,2.672115599,,,3.9559311265,,,,,,,,,,,0
000682.SZ,000682,东方电子,10005606,通用,1993-12-31 00:00:00,年报,1993年报,058001001,1997-01-16 00:00:00,1997-01-16 00:00:00,CNY,,,,,,,,,,,,,,0.0,,,,,,,,,,,,,,103593037.39,0.0,34615195.01,0.0,,,,,,,,,,,,,,,,,,,,,,,,,,,,,,,,,,,,,,,0.0,0.0,,,,,,,,,,,,,,24704953.7,,,15014890.08,,,,,,,,,,,,,,,,,,,78667906.0,,,,,,,,,,,,,,,,,,,,,,,,,,,128297991.09,103593037.39,34615195.01,78667906.0,128297991.09,49630085.09,24704953.7,15014890.08,,,78667906.0,,,,,,,,,,,,,,,,,,,,,,,,,,,,,,,,,,,,,,,,,,,,,,,,,,,,,,,,,,,,,,,,,,,,,,,,,,,,,,,,,,,,,,,,,,,,,,,,,,,,,,,,,,,,,,,,,,,,,,,,,,,,,,,,,,,,,,,,,,,,,,,,,,,,,,,,,,,,,,,,,,,0
