601020  2025 

                              

        
               2025 

        

                      1 / 238
                                                                                      2025 

                                         




 

 




 
      2025

20252025
870,733,068.99
2025819,964,698
100.7964,777,211.14

2025



 

 
 

      





 

 


                                                                      2 / 238
            2025 

 

      




 

   3 / 238
           2025 

  

   ...................................................................................................................................... 5
   ..................................................................................................6
   ............................................................................................................ 10
   ....................................................................................................44
   ............................................................................................................................ 62
   ........................................................................................................78
   .................................................................................................................... 85
   ............................................................................................................................ 85

  
  
  
  

  4 / 238
                     2025 

               

 





       

       

       

       

       

       ""Respect Of The Closed
               Joint-Stock Company "Talco Gold"

       

       

       

       

       

       

       

       

       

       

       

       

       

       

       

       

       

       

       ""

                State Unitary Enterprise " Tajik Aluminium
               Company"(Tajikistan)
       

       

TEHI   
       

       

       

       

       

        5,200 
               

       2025  1-12 
       

       

      5 / 238
                                                     2025 

                          

                               
                               
                               Tibet Huayu Mining Co.,Ltd.
                               HY
                               

 

                                     

                                   

         

                                   

        010-64937589               010-64937589

        0891-6329000-8054          0891-6329000-8054

        huayu@huayumining.com      huayu@huayumining.com

                          
                          
                          

                          850000
                          www.huayumining.com
                          huayu@huayumining.com


                           

                           www.sse.com.cn
                           


 

                          

                                                  
A                                  601020        
         

 

                                   
                                    16  7  10
                                   

                                   

                          6 / 238
                                  2025 

 

() 

                                                      

          2025               2024                              2023
  2,070,622,505.07   1,613,823,708.11  (%)
  1,119,452,294.70
                      440,273,850.89          28.31   871,075,258.86
   870,733,068.99     253,322,238.33
                                              154.26  58,247,237.75
   451,447,883.77     252,600,654.17
                                              243.73  73,887,212.18
  1,044,965,950.20    427,108,148.04
                                              78.72   72,590,678.33
        2025               2024
                                              144.66  246,505,299.14
  4,326,551,142.17   3,370,759,303.48
  10,395,580,413.56  5,785,677,830.17                          2023
                                       

                                         %

                                              28.36   2,896,406,878.33

                                              79.68   5,419,570,844.50

()                   2025         2024                         2023
                            1.06                (%)                   0.09
                            1.06        0.32           231.25         0.09
                            0.55        0.32                          0.09
                                                       231.25
                          17.61                                       2.56
                                  0.31                77.42
                            9.13                                      2.51
                                  8.25        9.36
 %                                8.23                    
 
 %                                            0.90
                                                          


 

 

() 

 

                     7 / 238
                                                                                      2025 

() 


 

() 

 


 2025 

                                   

                                                  
   1-3             4-6            7-9          10-12 
  261,347,980.19  541,755,236.30
  45,658,532.70   136,498,897.88  656,347,215.80 611,172,072.78

  46,527,115.43   120,684,996.74  619,208,183.69 69,367,454.72

  23,000,841.80   335,131,340.21  206,944,842.15 77,290,929.45

                                  304,743,704.83 382,090,063.36




 

               2025                      
                                  2024  2023 
               -2,238,267.75   
                              
             
                                  -128,344.91  331,918.88
 
               21,705,497.18      7,965,853.12 14,982,786.34
 
                  473,503.97      -514,037.76  6,825.40
 
                                               747,786.88
 
 
 
 
 
 
 
 
 

                  8 / 238
                                           2025 
                          26,584.88

                                                                 34,929.81

                       -19,467,864.74   -10,837,729.61 -17,359,147.90

                       413,432,324.77       51,814.39      95,239.89
                           -930,782.38
                                        1,053,653.86      543,329.37
                        -4,422,624.53   3,095,445.26   1,947,794.99
                       419,285,185.22                  1,296,533.85
                                           721,584.16
























      
                     

 1 ----
 1 ----


 

                                                     
                                                                  

                                        413,323,706.20 

                                        108,618.57

                          9 / 238
                                       2025 

                                       413,432,324.77

 
 

 
 

                                                        

                                                               
                                                                        
                             5,708,871.73
            100,524,633.41   1,000,000.00      -94,815,761.68  6,182,375.70
               1,000,000.00
                                         0.20          0       0
            101,524,633.41   6,708,871.93
                                                       0.20    0

                                               -94,815,761.48  6,182,375.70

 

 


             


      
      1
      

 3  1 
 1  4 
 3 

      2
      2020  4  8  50,000  40%

      2025  8 ""
 2024  4  30  40%

50,918.956 
      2025  8 
30,000  11%

                             10 / 238
                                                                                      2025 

      



      
      1 30 /2025 
36.81  62.93  3.65  46.31 
 2026  3 
      2 2024  5  2025  12  1,235.5m
 2027 
      3
2025 
 2026  10 
      
      3
      ----"" 2022  4 2022  7 




      ""


      ----2019  6  28  120 
 70%
Da Tambuk  Mato Bula 
 9.475 
Da Tambuk 2019.5.23-2029.5.22Mato Bula 2019.5.23-2035.5.22

      

"
"

      

                                                                     11 / 238
                                                                                      2025 

      ----

 10%



      ----



      ----




            



            


      ----






 


      
      2025  1

 619.08 /10  21  1,001.96 / 977.56 
/ 58.28%COMEX  2,624.6 /
12  26  4,584 / 4,332.1 /
 64.14%

      2025  5,000 
5,550  45% 2,175 

                                                                     12 / 238
                                                                                      2025 

 ETF  801  1,374 
 12 

      2026 2025 
 5,000 /



      
      2025  160%8 
19,872 /2021-2025 

2025  3 

 346 

      2026 

""
 ETF 

      
      2025 
      
25 /
7--10 
11 
      
 6 / 20 /

      2026 

2026 

      

                                                                     13 / 238
                                                                                      2025 

      2025 ""LME
 1,915 /4  1,820 /
 1,900-2,000 /
 1,962 / 2.45%

2026  2025


      
      2025 LME  2,926.50 /1-3 4 
 2,521 /
10  3,326 /
 3,063.50 /
      2026 

"
"

      
      2025 LME  8,500 
/4 10
 13,000 /
      

AI 

      2026 
AI 



      
      2025  244.01  241.20 
      

                                                                     14 / 238
                                                                                      2025 

      1 2025  68.38  72.47 
      2 4.12  72.47 
      3 12,974.45  87,386.59 
      4 15.42  3.88 
 3.18 
      5 1.32 
      
      12025  175.63  169.87 
      2 1,002.11  2,337.68 
      3 9,810 
      
      1 12.59  5.34 
      236.81  62.93  3.65 
46.31 
      3 1,095.8  19,816.63 
      
      2025  51%
 20 


      ""
      ""


 6.1 
 3 
      



      
      2025  4.27  2.34 
 1.93 
      

                                                                     15 / 238
                                                                                      2025 

      2025 ""



"
"""




       2,135.12 


      
      2025 



      
      
 1.92 2025  123.13
 2,391.15 
 574.17 "
"
      
      2025 
       13.12  14.1
 5.14 
 1,854.63 

       NCC 



      

                                                                     16 / 238
                                                                                      2025 

      
 11 



      
      2025 


      
      2025 




      
      2025 




      
      2025 "
"

 VI 



 

      
      1
""



                                                                     17 / 238
                                                                                      2025 

 80.91 
 137.32  44.51  2,180.77  1.45 
 111.46 

      2""
2017 
 42.27  9.475 
 59.71 

      3
 44.51


      
       300 

"" 24.36 42.27 
 9.475 
 59.71 
      
      

      
       20.15  24.36
 44.51 
      
      



 3,500

      


      
      1

                                                                     18 / 238
                                                                                      2025 

      







      2
      ""


       2020 
2021 
2022 2022  2023 "
" 2024 

      
2025 
 2024  6 
""
      


      3
      

       
"
"
2025 

      2024-
2026 
"" 100%

                                                                     19 / 238
                                                                                      2025 

2025 


      





() 

1 

                      

                                        %

     2,070,622,505.07 1,613,823,708.11  28.31

     1,056,531,728.89 732,755,922.78    44.19

       2,910,439.07  2,606,695.28       11.65

     193,818,644.86 201,787,774.91      -3.95

     44,185,492.65   74,018,354.79      -40.30

       6,375,393.93  14,997,807.74      -57.49

     1,044,965,950.20 427,108,148.04    144.66

     -927,410,042.99 -323,208,691.59    -186.94

     138,573,258.42  34,806,209.62      298.13
























 

2 

 



(1). 

                      

     

                       
       %               

       20 / 238
                                        2025 

    116,589.49    58,701.51             49.65  %            %            %
     88,206.72                                      48.84        53.83   1.63
                                                                        
    
     25,454.09    45,192.32             48.77  7.34         30.59        9.12
     84,452.65                                                          
     86,889.69
                  
        1317.03
          976.49                                                        
          353.07   13,238.66  %                             
          614.64                               %            %           
                                  47.99
       4,738.54                                       6.05       15.44   %
                                                                          4.23
                                                                         
    116,589.49
                  41,110.86             51.32  56.83        56.55        0.09
     88,206.72                                                          
  
                  44,537.33             48.74  18.87        46.95        9.80
                                                                        
     204,796.21
     116,589.49   654.99                50.27  -85.49       -84.76       2.38
                                                                        
       88,206.72
                  461.17                52.77

                  259.50                26.50

                  461.48                24.92

                  3,169.84              33.11

                  

                                                                        
                              %                                         
                                               %            %
                                                                         %
                  58,701.51             49.65  48.84             53.83   1.63
                                                                         
                  45,192.32             48.77  7.34              30.59   9.12
                                                                         
                                                            
                                                                        
                                                            %           
                              %                
                                               %                         %

                  58,701.51             49.65  48.84        53.83        1.63
                  45,192.32             48.77   7.34        30.59       

                                                                         9.12
                                                                        


      


      




                              21 / 238
                                      2025 

(2). 

 

                                                                   
       21,379.28 22,086.23         961.07                          
       19,014.93 20,072.25
                                            %           %           %
                                                 9.07        9.50      -42.38
                                                                       -59.87
                                 708.77    14.56       18.40
                                                                       284.33
       347.96 347.96                  -                                -41.87
     
       19,123.40 19,123.40            -
     
       2,337.68 122.13      2,994.76        46.76      -89.23
       1,002.11 1,318.24       438.88      -46.66      -10.64

       11.10  11.10                   -

       49,480.41 32,548.19 16,932.22


      """" 2025 

""11% 2025

 8  31  2025  9-12 

(3). 
 

(4). 

                                            

              

                                                                          
                                                                          
                                                                          
                                                                          
                                                              (%)
                                                (%)
     
                            (%)
     
        58,701.51 56.50 38,159.69                      52.44       53.83

        45,192.32 43.50 34,605.29                      47.56       30.59

              

                                                                          
                                                                          
                                                                          
                                                                          
                                                              (%)
                                                (%)

                            (%)

                            22 / 238
                      2025 

    13,238.66   12.74 11,468.06  15.76  15.44
    41,110.86
    44,537.33   39.57 26,260.64  36.09  56.55
  
        654.99  42.87 30,306.82  41.65  46.95
        461.17
        259.50  0.63 4,298.47    5.91   -84.76
        461.48
     3,169.84   0.44  -                 
  
                0.25  -                 
  
                0.44  -                 
  
                3.05  -                 
  
  
  
  
  
  
  
  
  




(5). 
 
 11%

(6). 
 

(7). 






A.
 
195,994.6095.68%
00.00%

16,150.3440.23%
00.00%

                                                                     23 / 238
                            2025 

B. 50% 5 


 

                                         

                                        %

1                           109,008.24    53.21





 50% 5 


 

C. 


 


 

D. 
 

                               

                                        
                     55.83                 %

                              52.90       5.53


 10%
 

 10%
 




3 
 

4                                         
                                           6,375,393.93
(1).                                                        0
                                           6,375,393.93
                                                       0.31
 
 
 
 %

      24 / 238
                                    2025 

%

(2).
 

                                                                 43
%                                                             2.27

                                                                  0
                                                                  2
                                                                 20
                                                                 15
                                                                  6

                                                                  7
                                                                 21
                                                                 11
                                                                  4
30  30                                                            0
30-40  30  40 
40-50  40  50 
50-60  50  60 
60 

(3).
 

(4).
 

5 
 

() 

 
 4.13 

() 

 
1 

                                                      

                                                            
                                                     
                                                     %
                            
                %           %

     55,492.58      5.34  29,825.40 5.16             86.06  
                                                            

                          25 / 238
                                2025 

                                                 

                                                 

  -           0.00 10,003.33    1.73   -100.00 

                                                 

                                                 

                                                 

  570.89      0.05  49.13       0.01   1,062.02 

                                                 

                                                 

  -           0.00 5,000.00     0.86   -100.00   
              0.14 2,785.21                      
              0.03 1,572.01
              4.86 36,929.31                     
              0.30 1,194.84
  1,491.62    0.00 44,658.68    0.48   -46.44    
                                                 

                                                 

  318.00                        0.27   -79.77    
                                                 

                                                 

  50,474.09                     6.38   36.68 

                                                 

  3,163.98                      0.21   164.80    
                                                 

                                                 

  -                             7.72   -100.00    11%
                                                 

                                                 

                                                 

  38,412.72   3.70 17,563.42    3.04   118.71     11%
                                                 

                                                 

                                                 

  631,281.37  60.73 205,543.39  35.53  207.13     11%
               3.72 6,819.07                     
               1.06 24,330.00
                                                 
               3.03 17,394.82
  38,678.50                     1.18   467.21    
  11,000.00                                      

                                4.21   -54.79    
                                                 

                                                 

  31,509.85                     3.01              11%
                                       81.15 

                                                 

                                                 

                                                 

  5,052.09    0.49 3,270.95     0.57   54.45       
              9.19 4,900.11
                                                 

                                                 

  95,494.69                     0.85   1,848.83   11%
                                                 

                                                 

                    26 / 238
                                             2025 

   42,002.91       4.04          16,640.00   2.88   152.42           
                   2.49          13,606.85                           

                   6.12          10,338.57                           
                   0.70          -4,796.38
   25,912.88       0.02                      2.35             90.44   11%
                  20.65              508.14                          
                                 71,796.77
                                                                     

                                                                     

   63,636.22                                 1.79   515.52            11%
                                                                     

                                                                     

                                                                     

   7,309.32                                  -0.83  252.39       
      184.85
                                                                     

                                             0.09   -63.62           
                                                                     

                                                                     

   214,709.71                                12.41               11%
                                                    199.05 

                                                                     

                                                                     



2 

 
(1). 

29.53 28.41%

(2). 
 

3 
 

                                                               

                                                              

                                                                           

                                                                                
                                                                                   
                                             55,065,330.
                                                          50               
                                   
                                             240,914,671                        
                                                         .18
   66,553,103 66,553,103                                      55,065,330.  
                                             112,942,617                   50  
   .69            .69                                    .00

                                   27 / 238  408,922,618                        
                                                         .68
   469,108,25     377,664,80                                  160,841,585       
            9.09           9.72                                           .55 

   4,435,952,     4,364,397,                                  59,540,463.       
         079.65         439.18                                             87 
 
   4,971,613,     4,808,615,                                  275,447,379
         442.43         352.59
                                                                     .92
                                                                                      2025 

4 
 

() 
 

      
      
      1 2025  9 
2026 
2
32025 


      
      1
 2026 2

3


      
      
      


2026 
      
      2025 
 2026 
 2026 

 2026 
      

                                                                     28 / 238
                                                                                      2025 

      
2025 2026 

AI 
2026 


      
      
      
2026 

 2026 

                                                                     29 / 238
                                            2025 

                                                                %                                      
                                                                                   %
1                                                    28,171.74              58.37
                                                     20,089.12              41.63                                                  0.28
                                                     48,260.86            100.00                                                 24.25
                                                                                                                                   9.04
                    
                               
                               
                       

2 
 

                                                                                        /
                                                                                                   
                                 34.55      14.98    1.467%     16,434.75 
                                                     3.18%                         17   2022 
                                                     0.41%      21,815.74               11  11  2032
                                 76.88      32.28    58.96 /                             11  11 
                                                                2,950.75 
                                                                                         2021  4
                                 12.05      4.50     1.78%      72,468.28kg              2  2026  4
                                                     3.27%                               2 
                                                     0.42%                              
                                 1,397.77   607.85   42.37 /    
                                                     

                                 4,268 
                                 

                                 7,852 
                                 

                                 1,003 
                                 

                                 10 

                                                     30 / 238
               2025 

    20         11         2.80%                    2021  1
                          2.29%                     6  2026  1
    17                    0.99%                     6 
               9          90.23 /                  
    8                                         2
                                                   2013  4
               4          2.82%                     11  2027 
    605                   1.10%                    11  11 
                          17.82 /
               341                                 2021  4
    6,584.76                                        2  2026  4
                                                    2 
               6,584.76                            
    2,632.52   
                                                   2021  4
               2,632.52                             2  2026  4
    4                                               2 
    5                                              
               4 
    19326                                          12021
                          0.63%                     2  2051  2
    11891                 1.02%                    
                          2.78%
                          51.15 /
    97                    

    24         18         2.26%
                          3.21%
    37                    5.76 /
               26         
    67         

               47 
               

    59.71      43.40      3.96     109.24kg   14 
                          /        

                       31 / 238
                     2025 

                                                         22025

                                                          4  19 

                                                         2030  4  18 

             42.27   42.27   1.35%     1,002.11kg   11   2017  4
                             2.27                         27  2040 
                             /                           11  28 
             24.36   24.36             2,337.68 
                                       

                                                         Da Tambuk 

 Da          9.475   9.475   4.14                        2019.5.23-
                             /
Tambuk                                              10   2029.5.22
                                                         Mato Bula 
Mato Bula                                                2019.5.23-

                                                                                                                                                                              2035.5.22
      1 2021 
202127 2
201399 3
201398 4 2022
2024 5201397 

62013102 

7"

"2019177  2025 

 1.9  12.1 

""

202097 8 2017  11  28 

 18-15699 Da Tambuk  Mato Bula 

2025 

                             32 / 238
                                                                                      2025 

() 

 

       2017  50% 42.27  24.36
2019  70% 9.475 2020  40%
2025  11% 59.71 


1 

 

                                                           

                         
    
                         
    
                                                                
                                                          
                                                          
                                                          
                         
                                             

                         

                         

                                                          2025  
                                                          7
                                                           24    2025  7  24
                                                                2025  8  8
        3.00                                      -0.25         
                                                          2025
              51%                                         8     
                                                          8
                                                                www.sse.com.cn
                                                                

 ;                            

                                33 / 238
          2025       
                              
                              
                              40%
                              
                              11%
                              
                               2025-039
                              
                              
                              2025 
                              
                              
                               2025-045 
        
        
        
        
        
        
        
        
        
        
        
        
        
        
        
        
        
        
        
        
        
        
        
        

          34 / 238
                    2025 

  

  

  /  /  /  3.0   /  //  /  /         /  /    -0.25 /  /  /
              0


2 
 

3 
 


 


 


 


 

4 
 

() 
 

                           35 / 238
       2025 

() 

 

 10%
 

                                                                  

  

                                                                          
 

  



                     22,794,677.6       22,794,677.6
                                     7                  7
         30,000,000                                          0   -988.22  -988.22

 





         10,000,000  10,264,906.6       10,260,606.6         0   -290.93  -462.93
                                     6                  6
   




    

         100,000,00 971,535,138. 857,742,053. 377,998,119. 78,562,766.2 71,462,967.0
       
           0           02                 41                 25    7        4
   
   
       
       

    

         36 / 238
      2025 

    

    

    

    

      100,000,00      23,063,270.9                       -                              -                  -
                   0                  1  21,930,530.2                   9,009,381.47       9,013,094.72
                                                            106,580.00
                                                         2
   

    

    

    

    

    

    

    

    

    

                                                         -                              -                  -
                                         1,950,902.24                   1,535,236.43       1,482,801.64
      20,000,000      5,795,674.17                          558,296.18

   

    

    

    

    

    

    

      100,000,00 102,902,590. 15,697,590.3                  0 -599,402.66 -599,902.66
    
      0               33                 3
    

    

      37 / 238
                             2025 

                             235,000,00 176,666,725. 151,256,690.             0                                  -                  -
                                                                                                 2,393,518.70       3,356,399.45
                             0           23                 83

     

                             TJS 1000    2,830,059,34       1,421,250,62      882,067,248.       481,460,054.       365,596,998.
"                                                    3.71               7.10                 21                 81                 08
     
"    

     

     

     

     ;                       79,800,000  4,609,397,74       2,830,825,92      13,343,417.9                       -                  -
                                                     5.44               7.99                  3  24,368,328.4       24,519,611.0
   
                                                                                                                 3                  8

     

     

                              1          24,726,342.4       -145,345.79       0 -13,036.25 -13,036.25
                                                         9
   

                                                                              
                                                                                       -24,519,611.08

                           


                             38 / 238
     2025 


 

() 
 

     39 / 238
  2025 



()
 

      1
      
2025 

""

      2 ESG 
       ESG ""
CBAM

      3
       5G 




()
 

      

"
"

      1
      


      





                                                                     40 / 238
                                                                                      2025 




      2""
      

""


      3""
      


      4
       44.51 

      5
      ""

 139  32 




      6
      



      7
      



                                                                     41 / 238
              2025 

()

 
      2026 

      

2026 



 2026  60 

 2026  170 
 2026 
1 19  20.35 

      2
 1.5  1  18 






















      2026 ""
 5G 



""""
""













    42 / 238
                                                                                      2025 

()
 

      1
      




      2
      


      3
      

""

      4
      



      5
      




()
 


 

                                                                     43 / 238
                           2025 

  


 

      



      
      



 6 

      
      

      
      



 10 


      
      2025 

 6 

      <>
 2025  8  28
2025  9  15  2025 

  44 / 238
                                                                                      2025 

<
>

      
      




      
      
e 


 3  1 

      
      


 2025 



      




 



 



 

                                                                     45 / 238
          2025 



() 
 

                                                                        
                                                                      
                                                                        
                                         0             0                
                                         0             0                
                                         0             0
     42   2025  4   2028  4              0             0        0     191.21 
          24        23                   0             0        0
     66   2025  4   2028  4              0             0        0     124.78 
          24        23                   0             0        0
     48   2025  4   2028  4              0             0        0     15.86 
          24        23            21,840        16,400          0
     59   2025  4   2028  4              0             0        0     45.92 
          24        23                                          0
     60   2025  4   2028  4                                                 0
          24        23                                                           
     54   2025  4   2028  4                               -5,440 
          24        23                                                 20.00
     72   2025  4   2028  4                                     0                
          24        23 
     69   2025  4   2028  4                                            20.00
          24        23                                                           
      42  2025  12  2028  4 
           19       23                                                 20.00
          2025  4   2028  4                                                      
     43   24        23 
                                                                      102.47
                                                                                 

                                                                      185.44

                              46 / 238
                          2025 

                 56       2025  4   2028  4   166,880    125,180                               
                          24        23                0          0  -41,700         131.75
                   37     2025  4   2028  4           0          0
                          24        23                0          0         0                   
                          2025  4   2028  4           0          0                  115.56
                 47       24        23                              0
                          2025  4   2025  9   188,720    141,580                               
                 55       24        15                              0                94.51
                          2025  4   2025  9 
                 47       24        15                              0                          
             /                                                                       11.00
                /      /         /         /                        -47,140  /
                                                                                           0
                                                                                  1,078.50 /

                                                                                        

       1984  5 2006  2008 
       2008  2009 2009  6  2012  10 
       2012  10  2021  5 2021  5 
       

       1960  10 1977  1984 
       1984  1989 1989  1993 1993
        2002 2002  2005 
       2005  2007 2007  2012  10 
       2012  10  2021  5 2021  5 
       1978  2 2003 
       2004  2005 2005  2006 2006  2007
       2007  2010 2011  2012  10 
       2012  10  2018  2 2018  3  2021  11 
       ;2019  4 
       1967  12 1988  8 
       1990  3 1990  3  2000  9 
       2000  9  2004  5 

                                                                                             47 / 238
                                                               2025 

  2004  6  2006  9 
  2006  10 
  2021  11  2024  8  31 2020  4 
  

  1966  10 1987  8 -1999  12 
  2000  1 -2009  2 
  2009  3 -
  2021  11  2023  8 2025  4 
  1972  1 1989  1993 
  1993  1995 2000  2003 1995 
  2021  11 
  1954  11 1988 
  1991 1991  1999 1996  2015
  2012  10  2018  10 2021  4  2024  7 
  2021  5 2020  2  2001
   2002 
  2024  12 
  1957  7 
  1972  1976  109 1977  2003 
  2003  2017 2003  2017 
  2018  3 2018  7 ()
  2024  7 2024  12 
  

  1984  6 2006  7  2009  6 
  2009  7  2010  2 
  2010  3  2011  4 2011  5  2012  5 
  2012  5  2015  4 
  2015  5  2018  12 2019 
  1  2020  5 2020  5  12 
  2021  1  2023  2 2023  3 
  2025  9 

                                                                                        48 / 238
  2025 

  2018  10  2025  9 
  1983  12 
  2006  6  2010  8 2010  8  2012  12 
  2012  12  2014  4 2014  4  2016
   3 2016  3  2017  1 
  2017  1  2017  9 2017  9  2019  7 
  ()2019  7  2020  12 
  2020  12  2022  1 2022  1 
  2023  7 2023  7  2023  10 
  2023  10  2024  3 2024  3 
  

  1970  1 1992  8  1999  10 
  1999  11  2010  12 2011  1  2012  5 
  2012  5  2012  10 2012  10  2014  8 
  2014  9 
  1988  6 /2019  7 
  2021  6 2021  7  2021  12 2022  1  2023 
  12 2024  1 2024  4 
  

  1979  8 2003  7  2006  7 
  2007  3  2011  1 2011  9  2012 
  7 2012  7  2021  11 2021  11 
  

  1971  1 1993  1998 
  2000  2006 2014  2025  9  15 
  1979  3 2002  7  2006  12 
  2007  1 
  2009  3 2021  11  2025  9 
  15 



  49 / 238
                                                                                      2025 

 
      <>

 2025  8  28 2025  9  15  2025 
<>


                                                                                                               50 / 238
                                                                                      2025 

() 

1 

                                   
                                   /
                       2016  9     /
                                   /
                       2009  3     /
                                   /
                       2020  8  1  /
                       
                       2020  8  1
                       
                       2020  8  1
                       
                       2009  7 
             
             

2 

 

                        
              
                       1995  7     /
             
                       2023  11  1  /
     

() 

     
     
 
     
 
     
     
     
 
     
 
     "
     "
 
     1,078.50 
      2025
     

             51 / 238
                                                         2025 

                     4
                     19  2025 
                     105.182 

                     50%

                    

() 

                                                               
                                                       
                                                       
                                                       
                                                       
                        
 

() 
 

() 
 



() 

                                                            
                                                             
                                                       
                                                            
                                                            
                                           0        0     
                                1          0        0                   6
               10   10          2          0        0                   6
                                4          0        0                   6
               10   10          0          0        0                   6
                                1          0        0                   6
               10   10          1          0        0                   6
                                1          0        0                   6
               10   10          1          0        0                   6
                                0                                       0
               10   10

               10   10

               10   10

               10   10

               0    0



 

                                                                 10

                                                                 0

                                                                 0

                        52 / 238
                               2025 

()                                                                                10
 

() 
 



 
() 

                               

         
         
         
         

() 5

                                    
2025  4                           
8        1                        
2025  4                           
 24                               
         1                        
2025  4                           
 25                               
         1                        
          2024                    
         
         2
          2024 
         3
          2024 
         4
         2024 
         5
          2025 
         6
         2024 
         7
         2025 
         8
          2024 
         
         9
          2025 

         53 / 238
                               2025 

                                      

         10                       
          2024 
                                  

2025  8                               
 28 
         11                       
2025      2025 
10  24   12                       
          2025 
         

         1
          2025 
         2
         

         
         3
         

         4
         

         

         1
          2025 

() 2

                                    
                                  
2025  4  1                        
 25       2024                    
                               
2025  8                           
 28      2 2024                   
         2025                     
         3 2024 
          2025 
         4 2024 
         2025 
         1
         

         

() 3

                                    
                                  
2025  4  1                        
 25       2024                    
                               
2025  7                           
 21      1                        
         <>                       
         

         54 / 238
                                                                               2025 

2025  8  2                                                                            
 28      
                                                                                  
         1
                                                                                  

         

() 4

                                                                                    
                                                                                  
2025  4  1                                                                        
3                                                                                 
         1                                                                        
2025  4                                                                           
 24                                                                               
         1                                                                        
2025  4   2024                                                                    
 25                                                                               
         1                                                                     
2025  8                                                                           
 28                                                                               
                                                                                  

() 
 



 


                                                                                      351
                                                                                    1,542
()                                                                                  1,893

                                                                                         5
 
                                                                                    1,295
                                                                                       13
 
                                                                                      204
                                                                                       47
                       
                                                                                      310
                                                                                       24
                          
                                                                                    1,893
                          
                          
                          

                             
                                                           

                       

                                                                     55 / 238
                2025 
    
                                                                   28
                                                                  213
                                                                  221
                                                                1,431
                                                                1,893

() 
 

      




() 
 

      

"AI """




() 
 



() 
 

       2013  7  17 
 2013  8  3  2013 



 80%
 40%
 20%

 20%


      56 / 238
                                                                                      2025 

 20%




 2 


()         
           
           
           
 
           
 
 
 

() 

 

()         
                                           0
 
                                       0.79
  10                                       0
  10 
  10                     64,777,211.14
                       870,733,068.99
 
                                       7.44
                                           0
 %
                         64,777,211.14
                                       7.44
 
 %

()         
                       120,403,616.25
                                           0
 (1)
 (2)

57 / 238
              2025 
(3)=(1)+(2)
(4)                                            120,403,616.25
                                               399,314,173.17
%(5)=(3)/(4)
                                                             30.15
                                               870,733,068.99
                                            1,214,181,470.68



() 
 

() 

 


 


 


 

() 
 

() 
 

      






 

      
""


                                                                     58 / 238
               2025 


 


 

      
1
2
3




 


 

      





      2020 

202014 202069 



      





 

  1



     59 / 238
                                         2025 

                           
      
1           
            http://220.182.43.203:18073/idp-base-app/?ticket
            =ST-1571-9KN0boKAkgCAFMkC257f-ths.com.cn#/


 


()  ESG 
 

()          /                                                
                     2,504.49             
                     2,391.15
                        113.34
                             300
 
 

          
 


 

      2025 ""
 1.92 
 2,391.15 


       369.77 






                    /                                        
                                204.40    
                                204.40
                                   0.00
                                     160

            
            
 
 


 

            60 / 238
                                                                                      2025 

       2025  85.66 
 2025  118.74 

      




 

                                                                     61 / 238
        2025 

         



() 

 

                                                                 
                                                                 
                                                                 
                                                  2016           
                                                  1              
                                                   31
                                                               
                                                  2016
                                                  1
                                                   31          
                                                  
                                                  2016         
                                                  1
                                                   31
                                                  
        
                                                  2016         
                                                  1
                                                   31
                                                  

        62 / 238
        2025 

      

      

                  2016
    
                  1         
                   31       
                            
                  

    

                  2016
    
                  1     
                   31

                  

    

      

       1          2016  
       50%        1
       2 
       100%        31
                  

      

        63 / 238
               2025 

() 

  

() 
 


 


 


 


 

""
 



 

1 

                          

                              
                            



 2025 

202533                        0.00








     64 / 238
              2025 

2 
 


 


 


 



                             
                              

    
                                                         211.00
                                                          15.00

    

                                                            5.00

                       
    
                         40.00


 


 

 20% 20%
 


()
 

()
 

()
 

    65 / 238
             2025 


 


 
() 
 

   66 / 238
                            2025 

() 

 

                                                          

:

                                                         
                                        (
                                       )                  (
                                                          )
    (       ()              (               (        ()  
    )                       )              )
 (                                                       
)                 2024  12             
            9                                            
                            5,305,008  
           
           
           
           2024 2527                                 2025  1  17 2024
           102                                 2527  102 
                                               
           
                                                     2025  1  17 2024
            4,420,840                          2527  102 
            884,168                            
           5305008 
                                                     
           
                                               3,072,233.82 1 2,676,500 2
                                               80,000 3 315,733.82 

                                                      3,072,233.82 
                                               

                                                     600,000  /

                                               500,000 884,168 
                                                80,000 

                                                     

                                                      1,600,000 
                                               2025  1  28 

                                                      400,000  2025 
                                               3  31 

                                                      772,233.82 
                                                2025  4  30  2025
                                                4  30 

                                           67 / 238
2025 

                                  
                                  

                                         300,000.00 
                                  
                                  

                                        
                                         3 
                                  
                                        9%13%
                                  
                                        
                                  
                                        
                                  
                                  /
                                  
                                   7 
                                        
                                        
                                         31,377.87  15,688.94 
                                  
                                        
                                        
                                  
                                        2025  1  23  160 2025  3  28 
                                   40 2025  4  24 
                                  772,233.82 2025  7  22  30 
                                  

                        68 / 238
                 2025 

() 
 



 

      2025  7  11 
20250127 


      



 



()
1 
 

2 
 

3 
 

()

1 

 

                   

2020  4 

                    2025  7 
                   24 
"""                www.sse.com.cn
                   
"40% 2019  9  30 
 184,342.45         40%
                   

                   11%
                    2025-039 

 125,000 


 2024  5 

       69 / 238
                                                                                      2025 

 
  50,918.956 
  11%
 11%
 30,000 

2 
 

3 
 

4 
 

()
1 
 

2 
 

3 
 

()
1 
 

2 
 

      12020  12  22 


 700  6% 60 


 700  2026  12 
29 

                                                                     70 / 238
                                                                                      2025 

       2020  12  23 www.sse.com.cn)

2020-085 

      22021  5  26 


 1,200  6% 60 


 1,200 

       2021  5  27 www.sse.com.cn)

2021-043 

      32021  8  25 


 2,000  6% 60 



       2021  5  27 www.sse.com.cn)

2021-075 

       9,534.33 

3 
 

()
 

()
 

      12023  7  31 
 443,520 

                                                                     71 / 238
                                                                                      2025 




      22024  6  30 
 A0TJ07 20  2024  7  1
 2044  6  30  1,660,000 
,

      3 10,000,000 2022  7  22 





() 
1 
 
2 
 
3 
 

                                                                     72 / 238
                                    2025 

() 

 

                                                                       

                                    

                                                                             
                             (                                               
                             
                                                          
                                )

                                       

                 61,000.00  202512                               0           
                            10                                                   
                                       
               

                                       

                                                                               0

A                                                                              0

                                    

                                                                        61,000.00

B                                                                       61,000.00

                                    

A+B                                                                     61,000.00
                                                                              18.10
(%)
                                                                                    0
                                                                        61,000.00
C
                                                                                    0
70%                                                                     61,000.00

D

50%E

C+D+E

                                       

                                          73 / 238
  2025 

  

   1 2025  10  28 2025  11  13  2025 
 6.1 
 6.1 
www.sse.com.cn2025-061 

         2 2026  1  6 2026  1  22  2026 
 3 
 3 
www.sse.com.cn2026-002 

    74 / 238
       2025 

() 
1 
(1). 
 


 

(2). 
 


 

(3). 
 

2 

(1). 
 


 

(2). 
 


 

(3). 
 

3 
 

() 
 

      
      12018  4  6 ""
 1,000  5%
 1,000 

                                                                     75 / 238
                                                                                      2025 

 2027  4  6 
 526.58 

      22019  6  18 ""
 3,000  6%
 3,000 2024  6  17


      2019  11  3 ""2019  6  18
 1  1,000 
 6%
 1,000 

      2019  12  28 ""2019  6  18
 2  2,000 
 6%
 2024  12  31  2,000 

       6,000 2025  4 ""
2019  6  18  4  6,000 



      2025  10 "" 1,000 
 1,000  1  2025  10  8  2026  10  8
 11% 380.5 


      
      1"" 130 
 2023  7  6  2025  7  6  12%

      2"" 100 
 2  2023  7  25  2025  7  25  13%

      3"" 149.2 
 1  2024  8  28  2025  8  26  13%


                                                                     76 / 238
                                                                                      2025 

      4"" 100 
 1  2024  8  30  2025  8  26  13%


 

 

                                                                     77 / 238
                                                 2025 

      


() 
1 


2 
 

3 
 

4 
 

() 
 



()
 


 

()
 

                  

     2025        2025          

     578,567.78  1,039,558.04  460,990.26

     169,695.08  392,193.22    222,498.14

%    29.33       37.73

     78 / 238
                                          2025 

()
 

                                                   85,644
                                                   96,289
() 
                                                          0
 ()                                                       0
 
 ()
 
 
 
 

() 

                                                   

    

                                               
                                       
                                                   
                                (%)                   
                                                 
                                               

              -  124,800,7      15.22     0                        
    1,762,96               16                    63,470,969   

              7                                                    

              -  72,336,36      8.82      0                        
    7,962,20                 4                   34,811,252   

              0                                                    

    18,736,2 21,771,28          2.66      0        

      84           4

      0          14,063,47      1.72      0                        
                             9                   14,000,000   

                                                                   

    7,337,80     8,565,100      1.04      0        
              0

    6,316,58     6,316,585      0.77      0        
              5


                                79 / 238
                                    2025 





  6,201,50     6,201,500  0.76      0          
            0











1000    658,833 6,036,093 0.74      0          







  5,754,61     5,754,613  0.70      0          
            3

  2,254,26     4,683,000  0.57      0          
            0

  

                                             

                                               

                                124,800,716    124,800,71
                                                            6

                                72,336,364  72,336,364


                                21,771,284  21,771,284

                                14,063,479  14,063,479




                                    8,565,100  8,565,100






                                    6,316,585  6,316,585






                                    6,201,500  6,201,500





 1000                               6,036,093  6,036,093




                                    5,754,613  5,754,613

                                    4,683,000  4,683,000

               




 



                          80 / 238
                 2025 

     


     


       2025  12  31  124,800,716 
 15.2203%/ 63,470,969  50.8579%
 7.7407% 62,566,000  50.1327%
 7.6303% 2,104,969  1.6867%
 0.2567%

       2,104,969
 1.6867% 0.2567%

 5%
 

/
 


 

()  10 
 



() 

1 

       
       
       2010  4  19 
       
       
       
       
       
 
       

       

2 
 

3 
 

       81 / 238
                 2025 

4 
 

5 
 

() 
1 
 

2 

       
       
       
       
 
  10   
 

3 
 

4 
 

5 
 

       82 / 238
             2025 

6 
 

() 
 

      2026  4  10 ""
""

 90,196,117  11.00%
 27.85  2,511,961,858.4 
"

"

      






 80%
 


 


 

   83 / 238
                                                                                      2025 

      
 1  50%
 2 
 100%


 

 

                                                                     84 / 238
                     2025 

     


 


 

    
 
                          [2026] ZB10965 


    
       

2025  12  31 2025 


       
 2025  12  31  2025 


    
       "

"
 1 ----




    

     85 / 238
                                                                             2025 









                       



 

 

             1

         

 2

 

 3

- 

 2025  12  31  4

 631,770.07  

3,873.20         

627,896.87   5

 

 6

 

             

 7

 

 

 





 

             86 / 238
                                                                                    2025 

 1

             

 2025  2

207,062.25   

 

 3

 

         

 

             

             4

             

             

             5

             

             6

             

             

             

             7

             

             

 



2025 





             87 / 238
                                                                                      2025 

       



       


    
       


       




       
    

       





       


       




       
       
       



                                                                     88 / 238
                                                                                      2025 





       


       



       


       



       




    
   

   

�  2026  4  28 

   89 / 238
                              2025 



                  

                                                   2025  12  31 


                                                                                  

                    2025  12  31                                                 2024  12  31 


                              554,925,796.75                                     298,254,030.61




                                                                                 100,033,345.35

                                                                  5,708,871.73   491,288.06

                                                                                 50,000,000.00

                                                                  68,718,224.37  57,479,171.40



                                                                  14,916,245.73  27,852,147.09







                                                                  3,180,042.01   15,720,095.42



  



                              504,740,907.25                                     369,293,145.67









                                                                  31,639,845.54  11,948,402.31

                              1,183,829,933.38                                   931,071,625.91











                                                                                 446,586,827.64

                                                                  1,000,000.00   1,000,000.00

                                                                  0.20



                              2,154,736,410.30                                   2,040,860,259.83

                              384,127,228.84                                     175,634,165.80





                                                                  9,354,657.18   10,120,167.59

                              6,312,813,688.39                                   2,055,433,853.93



                    90 / 238
                                         2025 

                                            201,114,740.36      54,988,842.37
                                              62,838,297.69     12,124,635.54
                                               9,685,474.13     57,857,451.56
                                              76,079,983.09  4,854,606,204.26
                                                             5,785,677,830.17
                                          9,211,750,480.18
                                         10,395,580,413.56      68,190,678.58
      
                                            386,785,008.91

                                         110,000,000.00      243,300,000.00
                                         315,098,513.14      173,948,159.27
              
                                               82,133.35           82,133.35
                                         216,811,848.45      168,983,972.40
   
                                          50,520,928.65       32,709,450.46
                                         170,725,128.23      129,538,381.74
                                         954,946,922.03       49,001,089.82
   
                                          23,297,434.09
   
                                           268,595,816.73      271,587,032.72
                                            21,744,040.30       21,543,511.71
                                                             1,158,884,410.05
                                         2,495,310,339.79
                                                               166,400,000.00
                                           420,029,133.42
            
                                              4,143,907.28        6,519,248.58
                                           259,128,846.58      136,068,527.26
              
                                                172,622.36            30,098.88
                                            88,184,166.81      102,396,866.75
                                            16,969,667.25       21,823,874.45
                                           636,362,223.33      103,385,696.55
                                              1,631,250.50
                               91 / 238  1,426,621,817.53         1,442,057.40
                                         3,921,932,157.32      538,066,369.87
                                                             1,696,950,779.92
   
            
   
   
   
   
   
   
   
      
         
                       2025 



                       819,964,698.00                                            819,964,698.00




  

                       726,860,193.78                                            726,826,971.27



                                                                  73,093,214.65  -47,963,833.07

                                                                  1,848,452.74   5,081,365.35

                       241,199,082.93                                            206,595,528.22



                       2,463,585,500.07                                          1,660,254,573.71

                       4,326,551,142.17                                          3,370,759,303.48


                       2,147,097,114.07                                          717,967,746.77

                       6,473,648,256.24                                          4,088,727,050.25


                       10,395,580,413.56                                         5,785,677,830.17


  

           

                                                   2025  12  31 


                                                                                  

             2025  12  31                                                        2024  12  31 



                       252,266,508.52                                            236,759,052.92

                                                                                 100,033,345.35


                                                                                 50,000,000.00

                                                                  53,550,695.89  53,550,695.89



                                                                  8,393,719.40   11,257,918.65

                       509,564,332.84                                            308,784,766.15

                       181,811,666.37

                                                                  44,783,830.60

                                                                  26,381,758.84  80,732,955.70









                        10,541,806.24                                               3,677,990.35
                       860,698,821.73                                            844,796,725.01







             92 / 238
                          2025 

                          2,017,381,773.93    1,220,741,141.71
                               1,000,000.00        1,000,000.00
   
                          1,128,057,399.34    1,171,732,570.60
                             71,216,142.74       71,986,535.17
   
                             2,139,003.05        2,785,110.53
                          710,162,705.67      712,744,103.36
   
                               1,093,010.56          968,652.19
                               9,635,921.83      11,323,524.13
                            771,516,386.38      762,149,635.50
                          4,712,202,343.50    3,955,431,273.19
                          5,572,901,165.23    4,800,227,998.20
   
                            350,000,000.00       50,000,000.00
   
                            110,000,000.00      243,300,000.00
                            228,955,292.59      139,226,058.68
      
                                   82,133.35           82,133.35
                             72,492,470.15      153,128,814.43
                             30,054,400.17       24,122,357.07
                             40,373,932.14       23,481,093.68
                            971,487,037.35      839,981,188.09
   
                            238,170,386.42      245,196,430.25
                               9,424,021.12      19,906,745.88
                                              1,738,424,821.43
                          2,051,039,673.29
                                                166,400,000.00
                            390,400,000.00
   
                             215,762.06            621,503.57
                          87,243,968.66       136,068,527.26
   
                          23,767,995.06        42,872,642.47
                          16,969,667.25        21,823,874.45
      


   
   
   
            
   
   
   
   
   
   

                93 / 238
                                    2025 



                                      518,597,393.03    367,786,547.75
                                    2,569,637,066.32  2,106,211,369.18



                                    819,964,698.00    819,964,698.00






                                    726,860,193.78    726,826,971.27





                                    1,058,653.52      5,081,365.35

                                    241,199,082.93    206,595,528.22

                                    1,214,181,470.68  935,548,066.18

                                    3,003,264,098.91  2,694,016,629.02


                                    5,572,901,165.23  4,800,227,998.20


  

                                                       
                      2025  1--12 
                                    2025              2024 
                           
                                    2,070,622,505.07  1,613,823,708.11
                        
                                    2,070,622,505.07  1,613,823,708.11
         
                                    1,428,663,520.22  1,163,168,033.53
                                    1,056,531,728.89    732,755,922.78

                                    124,841,820.82    137,001,478.03
                                       2,910,439.07      2,606,695.28
                      
                                    193,818,644.86    201,787,774.91
                                       6,375,393.93    14,997,807.74
                                                       74,018,354.79
                                     44,185,492.65     69,280,412.88
                                     50,591,416.65       2,023,891.56
                                                         2,852,886.76
                          94 / 238       969,696.28
                                     21,814,115.75
         
         

                  
   
                            2025 

         ""                 400,854,004.61     -26,579,227.20

                            -12,548,927.78     -26,031,844.09
                  
                               76,106,839.01    24,871,635.16
                                   729,931.96    -2,983,036.43
                                  -305,448.99    -2,832,957.46
                  
                            1,141,158,427.19        -13,000.00
         ""                      2,309,123.59  445,971,975.41

                               24,015,256.08      5,458,871.60
                            1,119,452,294.70    11,156,996.12
"-"                                            440,273,850.89
                              156,444,067.72    59,946,456.14
                              963,008,226.98   380,327,394.75
""
                              963,008,226.98   380,327,394.75
         "-"
                            870,733,068.99     253,322,238.33

         "-"                 92,275,157.99     127,005,156.42
                            132,281,912.05        7,855,448.16
                            121,057,047.72
                                                13,730,571.75
""

""


   

   

""


   

""




      1.
""

      2.
""


      1.
"-"

      2."-"




   


      1


   1


   2


   3


                  95 / 238
                                2025 

   4                                121,057,047.72       13,730,571.75

                                      121,057,047.72      13,730,571.75
      2
                                       11,224,864.33       -5,875,123.59
                                    1,095,290,139.03     388,182,842.91
   1                                                     267,052,810.08
                                      991,790,116.71     121,130,032.83
                                      103,500,022.32
   2                                                                  0.32
   3                                               1.06               0.32
                                                   1.06

   4
   5
   6
   7
   




   


   




   (/)
   (/)

0 , 
 0 
  

                                                         
                      2025  1--12    2025                2024 
                                    1,124,227,817.11     699,405,757.52
                                      626,261,877.64     388,252,742.72
         
                                       26,192,295.98       17,168,703.85
                           
                                    138,632,341.75       161,354,949.38
                                       1,625,223.25       14,997,807.74
                                                          11,218,884.72
                                     35,542,660.77        23,834,748.28
                                     21,385,568.63            870,943.87
                                                            2,835,623.93
         ""                              696,659.13
                                     16,445,939.91         -9,982,924.16

                                     87,369,261.84

                                    -12,548,927.78       -26,031,844.09
                 



                      96 / 238
                        2025 

                             414,677.24        33,345.35
"-"                                         -152,818.67
                                3,248.06  -2,832,957.46
                        400,206,544.77
""                                        96,312,938.10
                           1,167,341.26    2,001,164.18
         "-"             11,530,589.56     4,179,672.38
                        389,843,296.47
                         43,807,749.34    94,134,429.90
         "-"            346,035,547.13    17,990,158.01
                        346,035,547.13    76,144,271.89
                                          76,144,271.89
         
""                      346,035,547.13    76,144,271.89

""


   
   

""


      
""


   
""

   
""



   


      1.


      2.


      3.


      4.


   


      1.


      2.
      3.


      4.
      5.
      6.
      7.




      (/)
      (/)

              97 / 238
                                                                                      2025 

  

                    
                    2025  1--12 

                                         2025   
                                                             2024

                                         2,263,918,055.80  1,467,978,112.48

                    1                       48,458,239.13     12,001,633.55
                                         2,312,376,294.93  1,479,979,746.03

                                           486,883,684.01    493,099,191.48
   
                    1                      241,407,121.57    229,942,534.06
                               98 / 238    416,101,791.06    230,618,366.30
                                           123,017,748.09
                                         1,267,410,344.73     99,211,506.15
                                         1,044,965,950.20  1,052,871,597.99
   
                                                             427,108,148.04

   
   
   

   
   


      
   

   
   

   

   
   

   
   

   
   


      
         


                     2025 

                     100,000,000.00    1,001,656.99
                          546,321.28     601,431.73
   
                                          15,000.00

           2           100,546,321.28      9,087,269.25
           2           346,594,494.64    10,705,357.97
           3                            223,826,780.31
           3           681,361,869.63   101,000,000.00
   
                     1,027,956,364.27      9,087,269.25
                      -927,410,042.99   333,914,049.56
                                       -323,208,691.59

                       834,555,196.54  253,109,278.80
                       641,209,916.73  681,421,638.43
                     1,475,765,113.27  934,530,917.23
                       353,882,911.67  244,220,952.47
   
                        87,448,445.18   74,647,295.60

                       895,860,498.00   10,026,919.05
                     1,337,191,854.85
                                       580,856,459.54
                       138,573,258.42  899,724,707.61
                       -10,945,172.68
                       245,183,992.95   34,806,209.62
                       243,188,700.11
                       488,372,693.06  -10,140,532.58

                                       128,565,133.49
   
                                       114,623,566.62
   
                                       243,188,700.11


      
   
   

   

   


      
         







   




  

           99 / 238
                               2025 

                    
                     2025  1--12 

                                   2025   
                                                       2024

                                   834,180,188.52    512,924,780.80

                                     454,984,916.43  355,784,273.88
                                   1,289,165,104.95  868,709,054.68
                                                     231,823,944.54
                                     222,864,009.94
                                                     114,119,198.24
                                     110,466,447.97   78,720,104.83
                                     155,692,793.83
                                     255,078,854.35  205,687,881.57
                                     744,102,106.09  630,351,129.18
                                     545,062,998.86  238,357,925.50
   
                                     100,000,000.00     1,000,000.00
                                      28,444,305.89   13,690,046.39

                                                           15,000.00
   
                                    18,965,712.64     15,174,930.57
                                   147,410,018.53     29,879,976.96
                                   181,760,317.10    108,410,682.27
                                   734,189,560.00    101,000,000.00
   
                                     100,000,000.00   209,410,682.27
                                   1,015,949,877.10  -179,530,705.31
                                    -868,539,858.57
   
                                     766,000,000.00  230,000,000.00
   
                                     621,209,916.73  631,231,638.43

                                   1,387,209,916.73  861,231,638.43
                                     247,000,000.00  202,175,848.79

   
   

   


      
         





   
   
   


      
   

                    100 / 238
                      2025 

                      41,846,767.99     57,343,132.76

                        770,883,541.13  567,454,283.21
                      1,059,730,309.12  826,973,264.76

                        327,479,607.61   34,258,373.67
      
                      14,830.46         -0.01

                      4,017,578.36      93,085,593.85

                      181,696,826.47    88,611,232.62

                      185,714,404.83    181,696,826.47

   




  

           101 / 238
                                2025 

                                          
                                              2025  1--12 

                                                                                       

                                                                2025 

                                          

                                                                                                

             (                                                                                             
             )          
                                                                  
            819,
            964,                726,82            -  5,081,3    206,59    1,660,2     3,370,759 717,967,7 4,088,727,
            698.                6,971.2   47,963,      65.35    5,528.2   54,573.
                                          833.07                                      ,303.48  46.77       050.25
               00                      7                               2        71

""          819,96              726,82            -  5,081,3    206,59    1,660,2     3,370,759 717,967,7 4,088,727,
            4,698.0             6,971.2   47,963,      65.35    5,528.2   54,573.
                                          833.07                                      ,303.48  46.77       050.25
                   0                   7                     -         2        71
                                          121,05     3,232,9
                                33,222.   7,047.7               34,603,   803,33      955,791,8 1,429,129, 2,384,921,
1                                     51               12.61    554.71    0,926.3
                                                 2                                    38.69    367.30      205.99
2                                                                                6
                                          121,05                                      991,790,1 103,500,0  1,095,290,
3                                         7,047.7                         870,73                               139.03
                                                                          3,068.9     16.71    22.32
                                                 2                                                         1,400,719,
                                                                                 9                             841.04

                                                                                               1,400,719,  1,399,220,
                                                                                                   841.04      883.54

                                                                                               1,399,220,
                                                                                                   883.54

                                          102 / 238
4  2025                                                              -             -  1,498,957.    1,498,957.
                                                             67,402,    32,798,58              50             50
                                                    34,603,  142.63                              -              -
                                                    554.71                    7.92
1                                                   34,603,          -                74,988,92     107,787,51
                                                    554.71   34,603,                         7.00           4.92
2                                                            554.71
                                                                                   -             -              -
3                                                                    -  32,798,58     74,988,92     107,787,51
                                                             32,798,
4                                                            587.92           7.92          7.00            4.92

                       -                                                           -             -              -
1              3,232,9                                                  3,232,912     101,569.0     3,334,481.

2                12.61                                                          .61             6             67
               14,813,
3              588.81                                                   14,813,58                -  14,495,032
                                                                              8.81    318,556.5              .31
4              18,046,
               501.42                                                   18,046,50               0   17,829,513
5                                                                             1.42               -           .98
   103 / 238                                                                          216,987.4
6                                                                                               4



1

2
                                                           2025 

                                                           33,222.                                               33,222.51               33,222.51
                                                                 51
            819,96                                                   73,093,    1,848,4    241,19    2,463,5     4,326,551 2,147,097, 6,473,648,
            4,698.0                                        726,86    214.65       52.74    9,082.9   85,500.
                                                           0,193.7                                               ,142.17    114.07       256.24
                   0                                                                              3        07
                                                                  8

                                                                                           2024 

                                                                     

                                                                                                                             
             (
             )                                                                                                                           
            787,29                                                                                     
            5,690.0                                                                         
                                                48,780,    479,43                                    1,437,37
                   0                            012.60     8,399.9           -  6,231,5    198,98    4,563.43    2,896,4    607,178,1    3,503,585,
                                                                     61,694,      16.18    1,101.0               06,878.         41.31       019.64
            787,29                              48,780,           1  404.82                          1,437,37
            5,690.0                             012.60                                            3  4,563.43          33
                                                           479,43
""                 0                                    -  8,399.9           -  6,231,5    198,98    222,880,    2,896,4    607,178,1    3,503,585,
            32,669,                             48,780,              61,694,      16.18    1,101.0     010.28    06,878.         41.31       019.64
            008.00                              012.60            1  404.82
                                                           247,38                       -         3  253,322,          33
            32,669,                                     -  8,571.3   13,730,    1,150,1                238.33
            008.00                              48,780,              571.75                7,614,4               474,352 110,789,6 585,142,03
1                                               012.60            6               50.83      27.19
            32,669,                                                  13,730,                                     ,425.15    05.46        0.61
2           008.00                                      -  247,38    571.75
                                                48,780,    8,571.3                                               267,052    121,130,0    388,182,84
3                                               012.60                                                           ,810.08         32.83           2.91
                                                                  6
                                                                                                                 231,277    1,013,549    232,291,11
                                                           247,38                                                ,566.76            .90          6.66
                                                           8,571.3
                                                                                                                 231,277                 231,277,56
                                                                  6                                              ,566.76                         6.76

                                                                     104 / 238
4  2025                                                                -          -  1,013,549     1,013,549.
                                                              30,442,2    22,827,            .90             90
                                                    7,614,4               800.86                -              -
                                                       27.19     28.05
1                                                                      -             11,353,97     34,181,778
                                                    7,614,4                                7.27             .13
2                                                      27.19  7,614,42
                                                                   7.19
3                                                                         -          -             -
                                                                       -
4                                                             22,827,8    22,827, 11,353,97 34,181,778

                                                                 00.86    800.86     7.27          .13
1
                       -                                                          -                            -
2              1,150,1                                                    1,150,1                  1,150,150.

3                 50.83                                                     50.83                            83
               12,541,                                                    12,541,                  12,541,813
4               813.21                                                    813.21
               13,691,                                                    13,691,                           .21
5               964.04                                                    964.04                   13,691,964

6  105 / 238                                                                                                .04



1

2

                                    2025 

819,96                              726,82     -          5,081,3  206,59    1,660,25           3,370,7      717,967,7   4,088,727,
                                                            65.35  5,528.2   4,573.71           59,303.           46.77      050.25
 4,698.0                            6,971.2    47,963,
                                                                          2                           48
                 0                    7        833.07

  

                                             
                                                  2025  1--12 

                                                                                                 

                                                             2025                                                        
                    ()                                                                                                    
                    819,964,69                                                    5,081,365.    206,595,5
                                                                                           35         28.22  935,548,0   2,694,016,
                            8.00                                                                                  66.18      629.02
                                               726,826,97
                    819,964,69                         1.27
                            8.00
                                               726,826,97                         5,081,365.    206,595,5    935,548,0   2,694,016,
                                                       1.27                                35        28.22        66.18       629.02
""                                                                                           -
                                                33,222.51                                       34,603,55    278,633,4   309,247,46
                                                                                  4,022,711.          4.71        04.50          9.89
                                                                                           83
                                                                                                             346,035,5   346,035,54
1                                                                                                                 47.13          7.13
2
                                                                                                34,603,55    -           -
3                                                                                                     4.71
                                                                                                             67,402,14 32,798,587
4



                                                                                                             2.63        .92

                                               106 / 238
                                 2025 

1                                                                                           34,603,55               -
                                                                                                  4.71   34,603,55
2
                                                                                                               4.71                -
                                                                                                                    -  32,798,587
3
                                                                                                         32,798,58              .92
1                                                                                                              7.92

2                                                                                        -                                         -
                                                                             4,022,711.                                4,022,711.
3
4                                                                                      83                                        83
                                                                             13,373,673                                13,373,673
5
                                                                                      .60                                       .60
6                                                                            17,396,385                                17,396,385

                                                                                      .43                                       .43

1                819,964,69                        33,222.51                 1,058,653.     241,199,0    1,214,181,     33,222.51
                         8.00                                                          52        82.93       470.68
2                                                 726,860,19                                                           3,003,264,
                                                          3.78                                                              098.91


                                                                2024                                                   
                 ()                                                                                                     
                                                  479,438,39                 6,231,516.     198,981,1
                 787,295,69                               9.91                        18          01.03  889,846,0     2,410,572,
                         0.00                                                                                 22.34        742.06
                                   48,780,012.
                                              60

                                     107 / 238
                        2025 

         787,295,69     48,780,012.     479,438,39    6,231,516.    198,981,1    889,846,0     2,410,572,
                  0.00             60           9.91           18         01.03       22.34         742.06
       
         32,669,008.                 -  247,388,57               -  7,614,427.   45,702,04     283,443,88
                    00  48,780,012.             1.36  1,150,150.             19        3.84            6.96

                                   60                          83                76,144,27     76,144,271
""                                                                                     1.89             .89

                                                                                               231,277,56
                                                                                                       6.76
         32,669,008.                 -  247,388,57
                    00  48,780,012.             1.36

1        32,669,008.               60
                    00
2                                    -  247,388,57                                             231,277,56
                        48,780,012.             1.36                                                   6.76

3                                  60

4

                                                                    7,614,427.              -              -
                                                                             19  30,442,22     22,827,800
1
                                                                    7,614,427.          8.05            .86
2                                                                            19
                                                                                            -              -
                                                                                 7,614,427.    22,827,800
3
                                                                                          19            .86
1
                                                                                            -
2                                                                                22,827,80

3                                                                                       0.86

                        108 / 238
                 2025 

4                                          -                            -
                               1,150,150.                   1,150,150.
5
                                         83                           83
6                              12,541,813                   12,541,813

                                        .21                          .21

1                              13,691,964                   13,691,964
                                        .04                          .04
2



   819,964,69    726,826,97    5,081,365. 206,595,5 935,548,0 2,694,016,
           8.00          1.27
                               35             28.22  66.18  629.02

  

                 109 / 238
             2025 



1 

 
      """" 2012  10  31 


91540091741900655B2016  3  16 


       2025  12  31  81,996.47  81,996.47




 2026  4  28 
2 

       2025  12  31 
          
          ""
          ""
          ""
          ""
          ""
          ""
          """"
          ""
          ""
          ""
          ""
          ""
          ""
          ""
          ""



1 

----
""
 15 ----


2 

 
 12 


  110 / 238
               2025 




 

1 

 2025  12 
31  2025 

2 

 1  1  12  31 
3 

 
 12 

4 


"""""
"""""


5 
 

6 

 












7 

 
      1 
      




      2 

    111 / 238
                                                                                      2025 

      





      




      1
      


      



      

      



      2
      
      





      
      


      
      
      
      
      


      

      3
      


      4

                                                                    112 / 238
                                                                                      2025 

      



8 

 



1
2
3
4
5
""

9 




10 

 
          1 






          2 
"
"



11 

 
      
      1 
      




      


       
       
      


                                                                    113 / 238
                                                                                      2025 

       
       
      


      




      

      

      1
      2


      3

      2 
      1
      


      
      
      2
      



      

      3
      


      


      4
      


      5
      


      

                                                                    114 / 238
                                                                                      2025 

      6
      

      
      

      3 
      
       
       
       

      

      

      
      

      1
      2

      


      1
      2


      


      4 
      


      

      

      


      5 
      




      6 

                                                                    115 / 238
                                                                                      2025 

      


      



       14 ----



       21 ----


      


      

 30 


      


      

 12 




      


      



                
                

                

                

      


12 
 

13 
 

14 
 

     116 / 238
                     2025 

15 
 

16 

 

 

      1 
      
      


      2 
      

      3 
      

      4 
      1
      2


 

      



      






      



 


 

17 

 

 

      1 

          117 / 238
                                                                                      2025 

      




      2 
      "6
"


 


 


 

18 

 
      1
      


      
      1
      2




      




      2
      

      1
      2

      3
      




 


 

                                                                    118 / 238
     2025 

19 

 
      1 
      




      



      2 
      1
      






      


      2
      
      


      3 
      1
      


      2
      



      


""

      


      


      


                                                                    119 / 238
                                                                                      2025 




      3
      
      


      



      






      





20 

(1).


      




      


      



21 

(1).

 
      


      1
      2
      
      




                                                                    120 / 238
                    2025 

(2).

 

                              %           %
                                    4.00      1.92-9.60
                       10-50        4.00     4.80-19.20
                       5-20         4.00     9.60-19.20
                       5-10         4.00
                        5-7                  13.71-19.20

                5             4.00        19.20

                20            4.00        4.80

  







  

  3.
  





22 

 
      





         
  
         1
         2
         
  
         

         1
         2
         

         3

23 

 
      1 
      


      



      2 
      


                                                                    121 / 238
                                                                                      2025 

      
      1

      2
      3
      

      3 
       3 



      4 
      


      


      



24 
 

25 
 

26 

(1).

 
      1 
      1
      



      2
      
      


2 

                
               0.00 

     40-50   

             122 / 238
                 2025 

  20-40    0.00  
                 
  
  5        0.00  
  10-20          

           0.00  
           0.00  

3 


(2).

 
      1 
      



      2 
      


      


      3 
      
      

      


      4 
      

      (1) 
      (2) 
      (3) 

      (4) 

      (5) 
      

27 

 
      





                                                                    123 / 238
                                                                                      2025 





      


      



      







28 

 


      


29 

 
      




30 

(1).

 
      


      




      


(2).

 
1

      

/

                                                                    124 / 238
                                                                                      2025 

/


(3).

 
      




(4).

 

31 

 
      
      1
      2
      3
      
      


      


      �
      �
      


      



32 

 
      




      1 
      




      


      




                                                                    125 / 238
                                                                                      2025 

      2 
      






      





33 

 
      /


      /


      1
      2
      3


      4
      5
      /



34 

(1). 

 
      1 
      


      




      







                                                                    126 / 238
                                                                                      2025 

      


      � 
      � 
      � 

      



      

      � 
      � 
      � 
      � 

      � 

      




      2 
      1
      



      2
      


(2). 

 

35 

 
      
      


      � 
      � 
      � 
      
      



                                                                    127 / 238
                                                                                      2025 

      


      1
      2
      



36 

 
      1 
      


      



      2 
      

      3 
      


      




      

      1



      2

37 /

 
      (

)
      (

)
      




      
      
      � 

                                                                    128 / 238
                                                                                      2025 

      � ()


      





      


      



      


      


      � 
      � 



38 

 

 

      1
      

       
       

       
       

      


      ""


      2
      

       
       
       
       
       

                                                                    129 / 238
                                                                                      2025 

      


      


      
      


       


       


      3
      

 12 


      4
      
       
       
      


      




 

      




      1
      




      2
      


      
""
      

                                                                    130 / 238
                                                                                      2025 

      


       
       
      

       


       "
"

      1 
      ""

      1
      


      "
 1"

      
""
      2
      
"2"

""

39 

 
      1 
      1()


      2




      3


      2 
      




      

      

                                                                    131 / 238
                                                                                      2025 

      1
      2
      3



      3 
      1
      

      



      
      


      2
      

      




      
(
)

      3
      




      () 

      1 
      

      









                                                                    132 / 238
                                                                                      2025 





      ""


      "
"




      2 
      
      

      



      ""

      



      () 
      



      (1) 
(2) 
(3) 




() 

                                                    

                         5%

                        
                         5%
                         1000 
                         1 
                        5%
                         1 
                        5%
                         1 
                        5%
                         1 
                         5%
                         5%

                        133 / 238
                       2025 

       
        5%

40 

      1 
      
       2025  7  8 









        2025 2025
33 


      2 
      

41 2025 
 

42 
 



1 



 

                                                                 

                                                   13%9%6%5%

                                                   7%5%1%
                                                   3%
                                                   2%
                                                   9%15%25%
                                                   
                                                    4% 4.8% 5%
                                                    5.9% 4%

                                                   18%

     

     

     

                                        134 / 238
                          2025 

                                          15%

                          20%
                           6%
                           5%
                          8%
  
                          10%
  
  ()
  

                          16.5%

                          %
 
                                    9%
                                   15%
                                   15%
 
                                    9%
                                   15%
                                   18%
                                 16.5%
                                 16.5%
                                   15%
 

2 

 

      1
       2020  23 
2021  1  1  2030  12  31 
 60% 15%
 2022  1  1  2025  12  31 
 9%
 15%
      GR202452000236 2024 
12  9 
 15%
 15%
      2
       2013  1  1  72  169 "
"



       169  345 
"" 56 ""




    135 / 238
                                    2025 

3                                                    
                                         64,193.72        
                                                                         184,963.24
                                  539,823,034.26                    243,022,996.96
                                    15,038,568.77                    55,046,070.41

1                                 554,925,796.75                    298,254,030.61

                                  104,687,388.59                     20,809,197.61

                                                     
 
                                                                    
 
                                                    100,033,345.35    /
 
                                                    100,033,345.35    /
       
                                                    100,033,345.35    /

                                                     
                                   5,708,871.73               
                                   5,708,871.73
2                                                                        491,288.06
                                                                         491,288.06
 

                 
 
 
 

         
 
 
 

                 

 

3 

 

                       
 

                       




                         136 / 238
                                      2025 

4                                              
                                                       
(1).                                                           50,000,000.00
 
                                                               50,000,000.00
                  
 
 

                  

(2). 
 

(3). 
 

(4). 
 

                                               

                                                      

                                                      

                                                             
                    (%)                       (%)            
                           (%)                          (%)

                                      50,00   100.0          50,00
                                      0,000.       0         0,000.

                                          00                     00

                                      50,00   100.0          50,00
                                      0,000.       0         0,000.

                                          00                     00





                    /      /          50,00   100.0          50,00
                                      0,000.    0            0,000.

                                          00                     00


 


 

                           137 / 238
                                                                                      2025 


 





 

(5). 
 


 




(6). 
 


 


 


 

5                                                
                                72,193,594.00      
(1).                            72,193,594.00                   60,347,204.51
                                                                60,347,204.51
                                    165,919.13
                                                                   165,919.02
                  
 1  1                         8,296,671.95       8,296,671.95
 1                          80,656,185.08       68,809,795.48

 12                 138 / 238
 23
 3 
 34
 45
 5 
 4 

                  
                                                 2025 

(2).
 

                                                          

                                                                 

                                                                 

                                                                              
               (%)                                       (%)                  
                               (%)                                       (%)



       80,65   100.0   11,93             68,71   68,80   100.0   11,33             57,47
       6,185.       0  7,960.  14.80 8,224.      9,795.       0  0,624.  16.47 9,171.

           08              71                37      48              08                40

       80,65   100.0   11,93             68,71   68,80   100.0   11,33             57,47
       6,185.       0  7,960.  14.80 8,224.      9,795.       0  0,624.  16.47 9,171.

           08              71                37      48              08                40

       80,65           11,93          68,71 68,80                11,33        57,47

       6,185. / 7,960. / 8,224. 9,795. / 0,624. / 9,171.

       08              71                 37     48              08           40


 


 


                                                          

                                                 

                                                                 %

1                      72,193,594.00             3,608,104.93                 5.00

23                     165,919.13                  33,183.83                  20.00

4                      8,296,671.95              8,296,671.95                 100.00

                       80,656,185.08             11,937,960.71



 


 





 

                               139 / 238
                                                2025 

(3).
 

                                                                

                                     

                                                                           
                                                    

        11,330,624.    3,621,977.29             3,412,741.4    398,100.74  11,937,960.
                   08  3,621,977.29                         0  398,100.74             71

        11,330,624.                             3,412,741.4                11,937,960.
                   08                                       0                         71


 




(4).
 


 


 

(5).

 

                                                                

                                                    
                                     
                                                     
                                            
                                                                           

                                                    %

        54,216,399.70                54,216,399.70             67.22 2,710,819.99
""
        14,414,309.12                14,414,309.12             17.87       720,715.46

         3,369,223.06                 3,369,223.06             4.18        168,461.15
"        2,875,827.36                 2,875,827.36
-        1,869,443.05                 1,869,443.05             3.57 2,875,827.36
        76,745,202.29                76,745,202.29
 "                                                              2.32       1,869,443.05
                                                               95.16       8,345,267.00








      

                                     140 / 238
                 2025 





 

6 
(1).
 

(2).
 

(3).
 

 


 


 


 





 

(4).
 


 




(5).
 


      141 / 238
                  2025 

 

 


 

7 
(1). 
 

(2). 
 

(3). 
 

(4). 
 


 


 


 


 





 

(5). 
 


 




       142 / 238
                                                2025 

(6). 
 


 


 

(7). 
 

(8). 
 
8 

(1).

 

                                                                  

                                                                 

                                     (%)                                   (%)

1      12,335,367.18                 82.70      24,603,211.66              88.33

12     775,222.47                         5.20  1,227,073.98                    4.41

23     400,987.06                         2.69                 607,437.56       2.18

3      1,404,669.02                       9.41  1,414,423.89                    5.08

       14,916,245.73                 100.00     27,852,147.09              100.00

 1 


(2).

                                                                     
                                                 1,348,815.31  
               
                                                                             (%)
 Shandong Furun Chemical
 Technology Co.,Ltd                                                                                     9.04
 TAIFENG INT'L TRADE
 CO.,LIMITED                                    1,050,860.28                    7.05
 
 Guangzhou Best Machinery Co.,Ltd               983,697.03                      6.59
 ATPK (TIANJIN) AIR
 COMPRESSOR EQUIPMENT                           848,855.73                      5.69
 CO.,LTD
                                                547,847.31                      3.67
                  
                                                4,780,075.66                    32.04






                                     143 / 238
                 2025 

 

9 

 

                                
                                        

                 3,180,042.01  15,720,095.42
                 3,180,042.01  15,720,095.42




 


(1).
 

(2).
 

(3).
 


 


 


 

(4).
 





 

(5).
 

      144 / 238
                    2025 


 




(6).
 


 


 


 


(1).
 

(2). 1 
 

(3).
 


 


 


 

(4).
 





 

         145 / 238
                     2025 

(5).
 


 




(6).
 


 


 


 

                                                  
                                  2,774,711.17        
(1).                              2,774,711.17                    16,463,152.48
                                    590,892.23                    16,463,152.48
                                      13,580.00                         18,965.23
                                                                        29,700.00
                                       2,798.74
 1                              19,290,830.71                       1,028,543.71
 1                                                                18,548,597.45
 12
 23                  22,672,812.85               36,088,958.87
 3                   19,492,770.84               20,368,863.45
 34                                              15,720,095.42
 4                    3,180,042.01
 45
 5 
 
 

                   

(2).                                              
                                17,657,120.37         
                                  1,281,892.38
                                    305,743.80                    30,300,196.18
                                  3,428,056.30                      1,353,333.98
                                                                    1,980,583.09
                       146 / 238                                    2,454,845.62
 
 
                                                       2025 

                                            22,672,812.85                             36,088,958.87

(3).
 

                                                              

                                                       
              12
                                                                                      
                               (                       (
2025  1  1      2,328,786.52
                                     )                       )
2025  1  1          84,075.18
                1,019,092.27                               18,040,076.93 20,368,863.45
--
--                  85,509.36                                 500,000.00                 584,075.18
--              1,479,278.79                                    26,584.88                  26,584.88
--                                                            500,000.00               1,019,092.27
                                                                                         500,000.00
                                                           18,013,492.05                   85,509.36

                                                                                      19,492,770.84

20251231






 


 

(4).
 

                                                                            

                                                       

                                                                                      
                                                           
              2,328,786.52     84,075.18
              18,040,076.9                                 1,019,092.2     85,509.36  1,479,278.7
                               500,000.0                                7                         9
                            3            0
              20,368,863.4                  26,584.88 500,000.00                      18,013,492.
                               584,075.1                                                         05
                            5            8
                                            26,584.88  1,519,092.2         85,509.36  19,492,770.
                                                                   7                             84



                                            147 / 238
                                           2025 

 



(5).
 


 


 

(6).
 

                                                  

                                                         
         11,063,129.16                                   
                        (%)
                                                 4       11,063,129.16
                                    48.79        4        6,593,991.21
                                                              24,989.74
         6,593,991.21   29.08                     1-2       248,580.00
           249,897.39    1.10                    4            11,899.69
           248,580.00    1.10                    1 
                                                         17,942,589.80
                                                      /
                                              

            237,993.76   1.05              
         18,393,591.52  81.12                /

(7).
 


 

10 
(1).
 

                                                  
                                                    

                        148 / 238
                                            2025 
                         /
                                                                  

                                                                               /                
                           318,742.22                                          
           117,398,92
                   3.73  16,437,757.0                                          
                                       0
           52,091,625                     117,080,18     84,025,510.           14,531,299.2     84,025,51
                    .18                            1.51             15                       8        0.15

           324,575,36                     52,091,625.    265,428,10                             250,896,8
                   1.71                              18           9.96                               10.68

                                          308,137,60
                                                   4.71

           27,431,495    16,756,499.2     27,431,495.    34,370,824.           14,531,299.2     34,370,82
                    .85                2             85             84                       8        4.84

           521,497,40                     504,740,90     383,824,44                             369,293,1
                   6.47                            7.25           4.95                               45.67

(2).
 

(3).
 

                                                                                

                                                         

                                                                                                
                                                             

                            318,742.22                                                          318,742.22

           14,531,299                     1,906,457.                                            16,437,757
                    .28                            72                                                    .00

           14,531,299.2     318,742.22 1,906,457.72                                             16,756,499.2
                         8                                                                                    2


 


 


 

(4).
 

                                                                    149 / 238
                                 2025 

(5).                                              
                                                          

                                 29,549,340.79    9,894,068.45
                                  2,076,715.07    2,003,951.57
                                      13,789.68
11                                                    50,382.29
                                 31,639,845.54   11,948,402.31

12 
 


 


 




13 
 

                    
 
 
 /
 
 

                    




14 
(1).
 


 

(2).
 

                      150 / 238
                                                                                      2025 

(3).
 





 


 

(4).
 


 


 


 

15 
(1).
 


 

(2).
 

(3).
 





 


 

                                                                    151 / 238
                 2025 

(4).
 


 


 


 

16 
(1).
 

(2).
 


 


 


 

(3).
 





 


 

(4).
 


 



      152 / 238
                                                                                      2025 



(5).
 


 


 


 

17 
(1). 
 

                                      

                       

                                                     
                                                     
                                                     
                                                     
                                               

                                   







   446,5            -                  -
   86,82      12,54
    7.64      8,927.                   434,0   0.00
                                       37,89
                  78
                                       9.86



                                                     26,40
                                                     0,000.

                                                         00



   446,5            -                       -        26,40
   86,82      12,54                    434,0
    7.64      8,927.                   37,89   0.00  0,000.
                                        9.86             00
                  78

   446,5            -                       -        26,40
   86,82      12,54                    434,0
    7.64      8,927.                   37,89   0.00  0,000.
                                        9.86             00
                  78

 2025  8  31 



                       153 / 238
                                           2025 

(2). 
 




18 

(1).                                                        
 
                                                                
                                         

                                                                

                                                                

                                                             
                         
                                                              
                         
                                                              
                                            
                                                              
                                                     1,00
                                                     0,00     
                                                     0.00
                                                              
                                                     1,00
                                                     0,00     
                                                     0.00
                                                                

                                                                

                                                                

   1,000,                                                    /
   000.0

         0

   1,000,
   000.0

         0

(2).
 


 

19                                                     
                                                                 
 
                                             0.20
                       
                                             0.20
 
 

                         154 / 238
                                    2025 

                                              0.20
 
                                               
20                          2,154,736,410.30          
                                                          2,040,860,259.83
                            2,154,736,410.30
                                                          2,040,860,259.83
                    
 
 

                    


 

                         155 / 238
                                    2025 

                                                                                                       

(1).                                                                                                                    
                                                                                           
 
                   275,965,054.62   1,352,942,216.74   401,101,137.66   54,906,672.51  45,286,661.90  1,135,127,872.77  3,265,329,616.20
                    45,726,172.25      99,304,280.13    55,382,903.62   16,602,077.77   8,771,071.88    158,367,699.15    384,154,204.80
                                           902,507.97   17,772,817.28   10,301,760.41   5,010,345.33                       33,987,430.99
                    37,174,464.11      17,391,638.39      6,319,918.14                    386,779.45    109,816,751.05    171,379,151.14
       1.             6,251,665.26     22,913,941.80      3,849,266.76     289,600.00   2,171,032.07                       37,426,479.83
       2.             2,300,042.88     58,096,191.97    27,440,901.44    2,240,573.94   1,202,915.03     48,550,948.10    141,361,142.84
       1                                                                 3,770,143.42
       2
       3           1,135,764.91     3,592,093.23 31,586,447.81 906,780.09 4,621,215.66                                  41,842,301.70
       --
                   1,135,764.91     1,451,797.83 31,586,447.81          906,780.09 4,621,215.66                         39,702,006.30
       3.                           2,140,295.40                                                                         2,140,295.40
       1
       --          320,555,461.96 1,448,654,403.64 424,897,593.47 70,601,970.19 49,436,518.12 1,293,495,571.92 3,607,641,519.30
       --
       --          104,001,922.83 506,888,929.54 213,087,331.87 27,992,651.95 37,315,155.36 318,642,967.69 1,207,928,959.24
       4.           11,915,783.40 111,552,304.84 37,886,490.44 9,218,199.16 4,255,813.03 91,501,487.31 266,330,078.18
 
       1.          9,675,809.59     80,944,894.42      28,238,633.85    7,236,233.93   2,867,876.25   85,569,843.50     214,533,291.54
       2.          2,106,571.32     21,412,428.44       1,621,083.92      725,707.40     866,831.24    5,931,643.81      26,732,622.32
       1                                                8,026,772.67                     521,105.54                      25,064,164.32
       --            133,402.49      9,194,981.98                       1,256,257.83                                     37,894,325.55
       --          1,076,282.42      1,353,150.10      30,157,796.86      870,508.88   4,436,587.29
       --
       3.
       1

                                                       156 / 238
      --  1,076,282.42       2025                                           37,894,325.55
      --
                        1,353,150.10 30,157,796.86 870,508.88 4,436,587.29
      --
          114,841,423.81 617,088,084.28 220,816,025.45 36,340,342.23 37,134,381.10 410,144,455.00 1,436,364,711.87
      4.                                                                                                                    16,540,397.13 16,540,397.13


      1.
      2.
      1

3.
1

      4.                                                                                                                    16,540,397.13 16,540,397.13

          205,714,038.15 831,566,319.36 204,081,568.02 34,261,627.96 12,302,137.02 866,810,719.79 2,154,736,410.30
      1.  171,963,131.79 846,053,287.20 188,013,805.79 26,914,020.56 7,971,506.54 799,944,507.95 2,040,860,259.83
      2.

 2025  12  31  37,766.48 

                        157 / 238
                                         2025 

(2).
 

                                                                 

                                                                            
       7,223,187.38     6,934,259.89
                                                                288,927.49
      66,277,126.83
                        59,935,672.6                    6,341,454.16
      26,848,893.41                   7
                                                        1,084,709.03
       3,465,964.20     25,764,184.3
       2,106,154.31                   8                   274,053.34
                                                           86,547.55
      33,670,613.64     3,191,910.86

                        2,019,606.76

      139,591,939.7     16,098,444.2     16,540,397.13  1,031,772.28
                     7                3  16,540,397.13  9,107,463.85

                        113,944,078.
                                    79

(3).
 

(4).
 

(5).
 


 


 

21 

 

                                                                 
                                               382,195,423.80            
                                                  1,931,805.04                  163,319,349.15
                                               384,127,228.84                    12,314,816.65
                                                                                175,634,165.80


 

                        158 / 238
                                    2025 

                                                                                          

(1).                                                                                
                                    
                                    3,306,207.37                                                      
                    60,264,129.45                  60,264,129.45    60,668,470.79
                    13,851,705.38   3,306,207.37   10,545,498.01    13,851,705.38                     60,668,470.79
                    73,185,728.73                  73,185,728.73    75,938,049.64
                                                     3,013,375.21     3,832,973.10  3,306,207.37      10,545,498.01
                      3,013,375.21                 73,007,692.44
                    73,007,692.44                 160,514,289.81    12,334,357.61                     75,938,049.64
                   160,514,289.81                    1,664,710.15  166,625,556.52
                                                  382,195,423.80                                      3,832,973.10
                      1,664,710.15
                   385,501,631.17                                                   3,306,207.37       12,334,357.61
                                                                                                      163,319,349.15
                 

(2).
 

                                                                                                      
                                                                                                    
                                                                                                           
                                                                                                           
                                                                                    (%)               
                                                                                                      
                                                                                          
                                                                                                      (%)
                                                                                           
                                                                                                    
                                                                     (%)

                     39,784,415.64 39,784,415.64                                                           



                                                  159 / 238
  78,000,000.0 60,668,470.79  2025                                                                                     
                0
                                                           404,341.34 60,264,129.45 85.67 85.67                        
                                                                                                                       
  196,000,000. 75,938,049.64  657,845.55                            3,410,166.46 73,185,728.73 41.96 41.96             
              00                                                                                                       

                              70,032,335.41 70,032,335.41

  75,000,000.0     1,024,891.74 71,982,800.70                       73,007,692.44 97.34 97.34 675, 675,
                0
                                       179,484,539.4 18,970,249.63                                          491. 491.
  874,434,400.                                         4
              00                                                                                            23 23

                                                                    160,514,289.8 18.36 18.36 5,92 5,92

                                                                    1                                       0.00 0.00

                   137,631,412.1 361,941,936.7 128,787,000.6 3,814,507.80 366,971,840.4                     681, 681,
                                                                                                            411. 411.
                   7          4           8                         3
                                                                                                              23 23

                                          160 / 238
                                 2025 

(3).
 

                                               
      3,306,207.37                                 
                                 3,306,207.37
      3,306,207.37                             
                                 3,306,207.37  

                                                        /

(4).
 


 


(1).
 

22 
(1).
 

(2).
 

(3).
 


 

23 
(1). 
 

(2). 
 




                      161 / 238
                                        2025 

24 
(1). 
 

                                           
                         10,532,171.61                  
                            914,037.79
                                        1,693,576.19  12,225,747.80
      1.                    914,037.79  2,084,918.16   2,998,955.95
      2.                 11,446,209.40
                          1,984,610.48    295,388.45     295,388.45
                --        1,998,858.27  1,789,529.71   1,789,529.71
                          1,769,351.18
                --                                       914,037.79
                            229,507.09
                                        3,778,494.35  15,224,703.75
                --        3,983,468.75
                                          120,969.73   2,105,580.21
                          7,462,740.65  1,765,608.09   3,764,466.36
      3.                  8,547,561.13                 2,085,737.42
      4.                                  316,386.24   1,449,221.85
                                        1,449,221.85
                                                         229,507.09
      1.
      2.                                1,886,577.82  5,870,046.57

             --                         1,891,916.53   9,354,657.18
                                        1,572,606.46  10,120,167.59
             --


             --


      3.
      1
      4.


      1.
      2.
      1
      3.
      1
      4.


1.
2.

(2). 
 




                    162 / 238
                      2025 

25                                                                                

(1).                                                                                              
                          42,341,300.16     1,621,697,332.43     667,720,172.40
                                      0.09  3,247,310,363.62   1,089,809,523.57  14,850,878.66    2,346,609,683.65

                                      0.09       4,535,502.54     11,878,769.88  39,575.56        4,337,159,462.84
       1.                                   3,241,002,734.72   1,077,930,753.69
       2.                 42,341,300.25                                                           16,414,272.42
                          11,347,023.57          1,772,126.36
               --                                2,033,240.98                     4,800.00        4,318,938,288.41
               --             941,200.57                                         34,775.56                1,806,902.01
               --             941,200.57         2,033,240.98
                                            4,866,974,455.07                                      2,033,240.98
       3.
               --                             230,681,555.69   1,757,529,695.97  14,890,454.22         2,033,240.98
               --                              76,121,922.02                     10,415,246.15    6,681,735,905.51
                                               63,103,221.34
       4.                                      12,703,025.03                        683,264.81      252,443,825.41
       1.                                          315,675.65                       656,778.59       77,746,387.40
       2.                                                                                            64,701,200.50
                                                                                          400.00     12,703,425.03
               --                                                                     26,086.22
               --                                                                                        341,761.87
               --
       3.             12,288,224.14         306,803,477.71                       11,098,510.96    330,190,212.81
       1                                     24,983,004.31                                         38,732,004.31
       4.                                                      13,749,000.00
       1.
       2.

                                            163 / 238
    2025 

1   30,053,076.11     24,983,004.31     13,749,000.00  3,791,943.26     38,732,004.31
3.  30,994,276.59                                      4,435,632.51
1                  4,535,187,973.05  1,743,780,695.97                6,312,813,688.39
4.                 1,366,032,772.43    653,971,172.40                2,055,433,853.93
1.
2.

0.00%
2 2025  12  31  436,439.74 
3 2025  12  31 
 66,584.99 

                   164 / 238
                                    2025 

(2).
 

(3).
 

(4).
 


 

26 
(1).
 

                                                
                                                     
        3,737,085.
                  17                

        1,276,247.    201,114,74                3,737,085.
                  37          0.36                       17

        5,013,332.    201,114,74                1,276,247.
                  54          0.36                       37

        3,737,085.    201,114,74                201,114,7
                  17          0.36                    40.36

        1,276,247.                              206,128,0
                  37                                  72.90

        5,013,332.                              3,737,085.
                  54                                     17

                                                1,276,247.
                                                         37

                                                5,013,332.
                                                         54
      
                                                201,114,7
                                                      40.36

(2).
 

(3).
 

                      165 / 238
                              2025 

                                              
         
                                              
                                              
            
                                              
        
                   
        
                   

                   , 
                   ,
                   


 


 

(4). 


 


 

                                         

                                          

                                          
                              
                                              
                                              
                                          
                                                 
                              
                              154.22%-    
                              348.62%
                                            
                              0.16%-
                              43.98%          

                                              

                                              

                                              

                                              

  488,835 554,963  0 3                        
  ,820.00 ,000.00                             
                                              
                                          0%  
                                          

                                          

                                         41.60% 

                                         -    

                                         44.42% 

                                              

                                              

                                              

                                              

                                              

                   166 / 238
                                              2025 

                                                                            WACC

                                                                            

                                                                            

                                                                            

  488,835 554,963             0/              /              /    /         /
  ,820.00 ,000.00

 554,963.00 



 


 

(5).


 


 

27 

 

                                                                    
2000           316,343.15                         82,524.30   
                                502,987.97
                 25,513.95  55,131,085.27         25,513.95                             233,818.85
               626,795.09   55,634,073.24       270,591.35
            54,020,190.18                   47,405,988.32                               859,191.71
            54,988,842.37                   47,784,617.92                            61,745,287.13
                                                                                     62,838,297.69




     




28 / 

(1).
 

                                                                 

                                                                  

                                                              

                                                                            

            44,828,972.70                   5,860,396.54     45,954,077.80  5,813,714.97

                              167 / 238
                                              2025 

                     531,821.58               47,863.94    833,060.40           74,975.45
                123,373,351.23
                                   12,139,563.25 132,182,212.01 13,189,857.30
                   8,946,201.29
/                16,969,667.25     805,332.20 12,791,168.65                     1,167,214.42
                 60,948,457.06
                 30,294,023.72     1,527,270.05 21,823,874.45                   1,964,148.70

                 11,058,820.60     6,005,392.77            7,971,318.86         1,637,322.07
             
                296,951,315.43     3,131,132.14 43,182,971.16                   3,914,396.98

                                   1,658,823.09

                                   31,175,773.98 264,738,683.33 27,761,629.89

(2).
 

                                                            

                                                             

                                                            

                                                                                

                4,783,859,346.73 644,473,708.32            1,234,066,786.4      108,578,496.05
                                                                             3

                  130,674,704.26    11,773,830.24          91,857,267.15        8,279,384.46
                     8,178,288.28     1,604,984.62
                                                             10,120,167.59         2,164,810.39
                4,922,712,339.27   657,852,523.18                               119,022,690.90
                                                           1,336,044,221.1
                                                                             7

(3).

                                                            

                                                             
 
                                                                                
                                                                                

                                                                                    

                21,490,299.85      9,685,474.13            15,636,994.35 12,124,635.54

                21,490,299.85 636,362,223.33               15,636,994.35 103,385,696.55

(4).                                                        
                                            61,936,866.87          

                                          135,566,757.20                    61,688,275.28
                                            17,069,715.04                   39,516,891.19
                                                                            13,945,005.17
 

                                   214,573,339.11                               115,150,171.64

(5).
 

                                                            

                                   168 / 238
                                                2025 

                                                                                
 2025 
 2026                             8,285,268.24                6,252,824.10
 2027                           44,234,388.86                 8,285,268.24
 2028                           10,186,344.86                 3,582,767.66
 2029                           17,416,606.90                 3,985,331.97
 2030                           55,444,148.34                17,410,699.22
                               135,566,757.20
                                                             39,516,891.19               /


 

29 
 

                                                                           
                                                                              
              33,543,480.                       33,543,48
                         78  2,832,957.4               0.78    
                                          6
              15,000,000.                       15,000,00    17,320,949.                    17,320,949
                         00  2,832,957.4               0.00             25                           .25
                                          6
              8,063,900.0                       5,230,942.   13,000,000.    2,832,957.      13,000,000
                          0                              54             00           46              .00
      
              22,305,559.                       22,305,55    8,063,900.0                    5,230,942.
                         77                            9.77              0                            54

              78,912,940.                       76,079,98    22,305,559.                    22,305,559
                         55                            3.09             77                           .77

                                                             60,690,409. 2,832,957. 57,857,451

                                                             02                 46              .56




30 
 

                                                                

                                                                            

                                                               
                                                   
                                                                                              
                                                55,065,3
                                                   30.50                                    
                               
                                                240,914,                                    
                               
  66,553,1 66,553,1                                          55,065,3                       
     03.69 03.69                                                30.50                       
                               
                                                                                            
                               169 / 238
                                                                                            

  469,108,    377,664,                                       160,841,                       





                                          2025 

      259.09         809.72               671.18 585.55       
    4,435,95       4,364,39    
    2,079.65       7,439.18               112,942, 59,540,4   
                                            617.00 63.87      
    4,971,61       4,808,61
    3,442.43       5,352.59               408,922, 275,447,     /
                                            618.68 379.92




31                                                   
                                                          
(1).                                126,774,314.48
                                    260,010,694.43               18,190,678.58
                                                                 50,000,000.00
                                    386,785,008.91
                                                                 68,190,678.58





                 



(2).
 


 


 

32 

 

 

33 
 

34 
(1).
 

                                                     

                               170 / 238
                               2025 

                                             

                    10,000,000.00

                    100,000,000.00           243,300,000.00

                    110,000,000.00           243,300,000.00

0 

35                                            
                                                   
(1).                      112,224,418.10
                          201,715,753.68                      74,552,200.17
                                                              99,275,047.52
                             1,158,341.36
                          315,098,513.14                          120,911.58
 /                                                           173,948,159.27
 /
 

                 

(2). 1 
 


 

36 
(1). 
 

                                              
                                  82,133.35          
                                  82,133.35
                                                                   82,133.35
                                                                   82,133.35

(2).  1 
 

(3). 
 


 

37                                            
(1).                                                 
                    171 / 238

                  
                                 2025 

                                 216,811,848.45                 168,983,972.40
                
                                 216,811,848.45                 168,983,972.40

(2).  1 
 

(3).
 


 

38                                                

(1).                                                            
                  32,497,876.62  249,140,845.23
                                                 231,421,951.54 50,216,770.31
                     211,573.84   14,327,179.97
                                                 14,234,595.47  304,158.34
 
 -                32,709,450.46 263,468,025.20 245,656,547.01 50,520,928.65
 
 
 
 

               

(2).                                              :

                                                                

                  32,401,293.61 231,073,016.32 213,453,936.09 50,020,373.84
 
                  48,998.77      4,809,051.38    4,809,051.38   46,510.06
                  47,120.53      5,497,107.73    5,499,596.44   44,686.15
                                 4,768,403.03    4,770,837.41
                   1,878.24                                      1,823.91
                                   399,378.71      399,433.04
                   2,606.00        329,325.99      329,325.99
                                 6,351,207.00    6,353,813.00
 
                  44,978.24 1,410,462.80 1,305,554.63           149,886.41
 
                  32,497,876.62 249,140,845.23 231,421,951.54 50,216,770.31
 

               

(3).
 

                    172 / 238
                                   2025 

                                                           

                                                                      
 1                    209,160.81
 2                       2,413.03  13,979,743.90 13,887,026.32        301,878.39
 3
                                   347,436.07             347,569.15  2,279.95
               
                    211,573.84 14,327,179.97 14,234,595.47            304,158.34

 

39 
 

                                                           
                                                                  
                                          78,504,877.99                    82,231,487.87
                                          51,443,440.45
                                          16,446,975.30                    28,969,605.52
                                          18,100,631.17                    13,477,132.43
 
                                            2,487,103.95                     1,814,870.68
                                            1,666,367.76                     1,163,474.83
 
                                              904,315.61                       590,078.30
                                              538,742.79                       501,739.72
                                              359,161.87                       282,672.04
                                              273,511.34                       507,320.35
                                         170,725,128.23                   129,538,381.74

40 
(1). 
 

                                                           
                                                                   

                                    23,297,434.09                     49,001,089.82
                                   931,649,487.94                     49,001,089.82
                                   954,946,922.03



 

(2). 


 


 

                    173 / 238
                               2025 


 

(3). 



 

                                             

                                            

                    23,297,434.09

\



                    23,297,434.09

 1 


(4).                                         
                                                   
                           784,424,200.20                    11,892,517.06
                           105,000,000.00
                                                             33,530,712.33
                            38,607,625.63                      1,723,433.24
                              1,648,107.99                     1,854,427.19
                              1,969,554.12
 /                                                           49,001,089.82
                           931,649,487.94
 

                  

 1 
 



 



1 1.05 
 2026  1 
2 2025  12  31 
 350,015,371.74  2010  1 -2025  8 
 6% 400,927,733.82  2021  1 
-2025  8  10%

41 
 

42 1                                         
                                                    
                    174 / 238
                  
                               2025 

 1                  186,000,000.00          216,318,958.70
 1 
 1                   80,429,223.14           53,816,003.75
 1                     2,166,593.59            1,452,070.27

                    268,595,816.73          271,587,032.72

                                             
                             21,744,040.30        
43                           21,744,040.30
                                                           21,543,511.71
                                                           21,543,511.71
 

              


               


 


 

44 
(1). 
 

                                             
                                                     
                           414,629,133.42
                              5,400,000.00                  159,000,000.00
                                                               7,400,000.00
                           420,029,133.42
                                                            166,400,000.00





 

45 

(1).

  

 

                    175 / 238
                               2025 

(2).
 


 

(3). 

 


 


 


 

46 
 

                                            
                                                    
                             6,310,500.87
                             2,166,593.59                     7,971,318.85
                             4,143,907.28                     1,452,070.27
                                                              6,519,248.58



47 


 

                                            
                          259,128,846.58            
                                                           136,068,527.26
                          259,128,846.58
                                                           136,068,527.26


 

                    176 / 238
                                    2025 

                                                 
                                                         
(1).                           214,223,710.30
                                 15,463,033.33                   55,653,719.33
                                 29,442,102.95                   30,955,755.56
                               259,128,846.58                    49,459,052.37
                                                                136,068,527.26
 
 
 





(1).
 

48                                               
                                                          
 
(1).                                172,622.36  30,098.88
                                    172,622.36  30,098.88
 

                       
 -
 
 

                       

(2).

 


 


 


 


 



                         177 / 238
                                               2025 

 

49                                                     
                                                                    
                                 1,233,939.40
                                29,060,084.32     1,233,939.40
                                57,890,143.09
                                88,184,166.81     41,949,031.76
 
                                                  59,213,895.59

                                                  102,396,866.75           /




50 


 

                                                       

                                                                           
              21,823,874.45
              21,823,874.45                    4,854,207.20 16,969,667.25

                                               4,854,207.20 16,969,667.25     /
      


 

51 
 

                                                       
                                        1,631,250.50         
                                        1,631,250.50
                                                                       1,442,057.40
                                                                       1,442,057.40




52 
 

                             +-                                            
                                                                              
                                                                               819,964,698
        819,964,698                             

  



                             178 / 238
                                2025 

53 
(1).
 

(2).
 


 


 

54 
 

                                 

                                  

     716,996,991.19               716,996,991.19

                                     9,863,202.59
     9,829,980.08    33,222.51    726,860,193.78

     726,826,971.27  33,222.51





55 
 

                     179 / 238
                                        2025 

56 
 

                                                                      

                                                        

                                                                           
                                                                           
                                        
                                                           
                                           




   



   



   



         -47,963,833.07 132,281,912.05                       121,057,047.72 11,224,864.33 73,093,214.65



                                             180 / 238
                                                       2025   121,057,047.72 11,224,864.33 73,093,214.65
                                                              121,057,047.72 11,224,864.33 73,093,214.65
     -47,963,833.07 132,281,912.05
     -47,963,833.07 132,281,912.05
   


   



   


   


   







     181 / 238
                                         2025 

57 

 

                                                        
                                                          
          5,081,365.35    14,813,588.81
                                         18,046,501.42     1,848,452.74
          5,081,365.35    14,813,588.81  18,046,501.42     1,848,452.74





58 
 

                                             

                                                        
          206,595,528.22  34,603,554.71
                                                        241,199,082.93

          206,595,528.22  34,603,554.71                 241,199,082.93



        





59 

                                             
                          1,660,254,573.71               
                                                         1,437,374,563.43
 
                          1,660,254,573.71              1,437,374,563.43
 +                          870,733,068.99                253,322,238.33
                             34,603,554.71                   7,614,427.19
 
                             32,798,587.92                 22,827,800.86
                          2,463,585,500.07              1,660,254,573.71

       
       
       
       
 



10 
20 
30 
40 
50 

                          182 / 238
                                                 2025 

60 

(1).
 

                                                             

                                                            

                                                                     

              2,048,520,406.86 1,038,938,284.34  1,605,065,595.03    727,731,958.45
     
              22,102,098.21  17,593,444.55       8,758,113.08        5,023,964.33

              2,070,622,505.07 1,056,531,728.89  1,613,823,708.11    732,755,922.78



                                                            

                                        2,070,433,917.46             1,613,682,908.13
                                                188,587.61                  140,799.98

                                        2,070,622,505.07             1,613,823,708.11

(2).
 

                                                             

                                                                   

                                                                     







              2,070,433,917.46 1,056,531,728.89 2,070,433,917.46 1,056,531,728.89


      






              2,070,433,917.46 1,056,531,728.89 2,070,433,917.46 1,056,531,728.89

                                             183 / 238
 
                               2025 

(3).
 

(4).
 

(5).
 




61                                             
                                                    
                              90,634,708.29
                              18,211,819.39                   111,866,139.52
                                                               16,215,825.26
                                7,262,383.90
                                3,769,541.36                     4,107,862.34
                                2,513,027.59                     2,040,348.90
                                1,656,972.81                     1,360,232.64
 
                                  305,146.00                       820,721.40
                                  115,654.39                       190,924.63
                                  372,567.09                       107,237.72
                             124,841,820.82                        292,185.62
                                                              137,001,478.03
                  




62 
 

                                               
                                                      
                              2,312,229.89
                                  49,114.90                      2,088,307.23
                                                                    12,187.33
                                 238,846.52                        257,504.64
                                 310,247.76                        248,696.08
                              2,910,439.07
                                                                 2,606,695.28




                    184 / 238
                                       2025 

63 
 

                                                        
                                                                  
 
                                       99,935,764.43   99,433,988.06
                                       11,213,501.38    9,309,484.96
                                       20,371,639.13
                                                       21,424,252.25
                                        9,910,905.28    9,552,126.87
                                       12,933,600.62
                                       12,839,105.60   10,480,765.84
                                                       23,505,903.47
                                        6,225,737.29
                                        4,031,272.91    7,138,284.50
                                                        3,057,335.58

                                       2,226,482.26    2,092,711.08
                                       4,643,703.36    4,142,357.27

                                       3,756,933.15    3,125,018.60

                                       4,373,348.80    5,462,391.92
                                       1,356,650.65    3,063,154.51

                                       193,818,644.86  201,787,774.91

64 
 

                                                        

                                                       
     
                                       2,811,339.40    8,244,125.38
 
                                       3,521,487.00    4,583,033.98
 
                                       27,583.00       2,106,973.96

                                                       63,264.71

                                       14,984.53         409.71

                                       6,375,393.93    14,997,807.74

65 
 

                                                        

                                                       

                                       50,591,416.65   69,280,412.88

                                       390,120.56      525,386.13

                                       969,696.28      2,023,891.56
                        
                                       -7,034,175.49   5,833,861.53

                                       1,597,947.77    927,971.94

                                       44,185,492.65   74,018,354.79



                            185 / 238
                                    2025 

                                                      
66                                 21,705,497.18            
                                       108,618.57
                                                                        2,710,903.12
                                   21,814,115.75                           91,230.06
                                                                           34,929.81
                                                                           15,823.77
 
                                                                        2,852,886.76
 
                                                      
                                -12,548,927.78                
                                                                     -26,031,844.09

                                    473,503.97       8,061.33

67                                      -394,277.78     -555,444.44
                                    413,323,706.20   -26,579,227.20
                                    400,854,004.61

                       
 
 
 
 
 
 
 
 
 
 
 
 
 
 
 
 
 "
 
 "

                       


40%
413,323,706.20

68 
 

                         186 / 238
                                    2025 

69                                                  
                                                           
                                                                         33,345.35

                                    76,106,839.01  24,838,289.81
                                    76,106,839.01  24,871,635.16
 
                                                    
                                                            
 
                                        38,829.45  3,017,968.25
                                    -1,268,761.41    -34,931.82
                     
                                     500,000.00    2,983,036.43
                                    -729,931.96

                                                    
70                                 305,448.99            

 

                       
 
 
 
 
 
 
 
 

                       




71 

 

                     
 
 
 
 
 
 
 
 
 
 
 

                         187 / 238
                                          2025 

                                          305,448.99    2,832,957.46
                                                        2,832,957.46


                    




72                                                     
                                                             

                                                                           -13,000.00
                                                                           -13,000.00

                  




73                                                     
                                                          
                            1,083,000.00                             
                            1,226,123.59
                            2,309,123.59  5,254,950.00  1,083,000.00
                                                        1,226,123.59
                                            203,921.60  2,309,123.59
                                          5,458,871.60
 
 
 

          
 
 
 
 
 
 
 
 

            


 

74 
 

                                                       

                      188 / 238
                                                                               2025 

                                                                                              
                                                                                                        

                       5,741,642.21                                             2,597,420.84   5,741,642.21
                       2,238,267.75                                                            2,238,267.75
                                                                                  115,344.91
                      12,784,977.45                                                           12,784,977.45
                       3,250,368.67                                               198,208.35   3,250,368.67
                      24,015,256.08                                             5,224,183.92
                                                                                3,021,838.10  24,015,256.08
                                                                               11,156,996.12







          




75                                                                                
                                                                                         
(1).                            154,380,893.49
                                   2,063,174.23                                                   59,031,366.22
                                                                                                      915,089.92
                                156,444,067.72
                                                                                                  59,946,456.14
 

                    

(2).                                                                                  
                                                                                 
 
                                                                                                   1,119,452,294.70
                                                                                                     100,750,706.52
                                                                                                       28,848,248.13
 /
                                                                                                       18,570,328.53
 
                                                                                                        8,507,265.67
                                                                                                          -170,646.10
 
                                                                                                           -61,835.03
                                                                                                     156,444,067.72
 
 
 
 

                                                                    189 / 238
                                  2025 


 
76 

 

77                                              
                                                       
(1).                           27,414,859.32
                               19,088,824.67                      4,440,697.10
                                                                  5,851,250.00
                                 1,954,555.14                     1,709,686.45
                               48,458,239.13                    12,001,633.55
                     
 
 
 

                     

                                                
                                                       
                               32,590,580.44
                               83,291,181.18                      3,843,864.87
                                 7,135,986.47                   89,159,163.77
                              123,017,748.09                      6,208,477.51
                                                                99,211,506.15
 
 
 

                     

                                                
                                                       
(2).
                                                                  9,087,269.25
                                                                  9,087,269.25

                     
 

                     





 



                       190 / 238
                                  2025 

                                                 :
                                                       
                     
                                                                9,087,269.25
                                                                9,087,269.25
                     





 

(3).                                             
                               348,604,697.00            
                               237,559,302.77
                                55,045,916.96                   274,291,006.06
                                                                298,998,631.57
                               641,209,916.73
                                                                 60,038,320.80
                                                                 48,000,000.00
 
                                                                      93,680.00
                                                                681,421,638.43

                     

                                                 
                                  2,076,771.55           
                                                                   3,167,541.10
                               353,185,885.36                   212,572,810.48
                                15,038,415.32                    55,045,916.96
                                                                310,000,000.00
                               481,765,116.66                         70,191.00
 
                                43,794,309.11                   580,856,459.54
                               895,860,498.00
 
 
 

                     





 

                                                 

                                                
                                   

                       191 / 238
                                    2025 

           70,578,43    390,652,9   60,080,791. 131,390,25 3,323,725.9 386,598,1
                  4.93       10.04
                                    92                     2.77  7           58.15
           385,782,2    445,600,0
                 23.37       00.00  1,170,541.2 225,831,07       692,551.99  606,029,1
                                                                                  33.42
           8,415,441.   20,000,00   9                      9.25
                    81        0.00
                                    245,814.13  1,252,856.       475,995.02  6,932,404
           121,296,0    856,252,9                        80                          .12
                 58.70       10.04
                                    768,627,094 23,174,444                   765,452,6
           586,072,1                                                              49.70
                 58.81              .14                    .44

                                    33,543,791. 43,794,309 27,690,647. 83,354,89

                                    84                     .11   23          4.20

                                    863,668,033 425,442,94 32,182,920. 1,848,367

                                    .32                    2.37  21 ,239.59

(4).
 

(5).

 

78 
(1).
 

                                                            
1                                                                    
                                         963,008,226.98
                                               305,448.99                  380,327,394.75
                                              -729,931.96
                                                                              2,983,036.43
                                         214,533,291.54                    186,763,793.54
                                            2,085,737.42
                                           64,701,200.50                      1,270,047.82
                                           47,784,617.92                    83,099,257.14
                                                                            14,653,207.84
                                            2,238,267.75
                                                                                 13,000.00
                                           50,591,416.65
                                        -400,854,004.61                         115,344.91

""                                          4,405,122.89                    69,280,412.88
                                           -6,570,436.72                    26,579,227.20

""                                                                            3,669,319.15
                                                                             -4,707,910.37

""


""
""
""


""


                        192 / 238
                                 2025 

""                               -137,672,961.52   -102,038,184.21

""                               44,126,185.96     -128,742,225.29

""                      184,816,852.11             -106,157,573.75
                                                    427,108,148.04
                         12,196,916.30
2                     1,044,965,950.20

                                 488,372,693.06    243,188,700.11
                                 243,188,700.11    114,623,566.62
3
                                 245,183,992.95    128,565,133.49





(2).                                                
                                                            
                                                                 704,189,560.00
                                                                 704,189,560.00
                                                                  22,827,690.37
                                                                  22,827,690.37

                                                                 681,361,869.63





(3).
 

(4).                                                
                            488,372,693.06                   
                                   64,193.72
                                                                   243,188,700.11
                                                                        184,963.24
 
                                 488,308,345.89    243,003,583.42
                                           153.45            153.45
       
 

       
 

       
 

       

                      193 / 238
                                            2025 

                                            488,372,693.06       243,188,700.11






(5).
 

(6).
 

                                                             
                                                                        
                      15,038,415.32   55,045,916.96                    
                      51,514,688.37         19,413.54
                      66,553,103.69                                  
                                      55,065,330.50
                                                                           /


 

79 

""
 

80                                                                         
                                         -                       
(1).                                                          -
                            202,553.91                 7.0288           
                        29,715,807.42                  0.0449
                                                       0.9032        105,824,900.66
                          1,190,895.43                 0.7553           1,423,710.92
                       135,034,202.65                                   1,334,239.75
                                                              -         1,075,616.75
                                         -             0.7553
                        91,341,572.98                                101,991,333.24
                                                       0.0449          68,990,290.07
                              76,259.36                                68,990,290.07
                                                       0.7553                 3,424.05
                        35,448,582.65                                         3,424.05
                                                       0.7553          26,774,314.48
                        49,654,293.35                                  26,774,314.48
                                                                       37,503,887.77
                                 194 / 238                             37,503,887.77
                                                                       38,343,180.73
 
 
 
                          2025 

           29,556,860.35  0.0449              1,327,103.03
           49,008,443.93
                          0.7553              37,016,077.70
              986,480.74
            5,200,774.82                      745,088.90
            2,159,738.51
                          0.7553              745,088.90

                                              3,928,145.22

                          0.7553              3,928,145.22

                                              1,631,250.50

                          0.7553              1,631,250.50




(2).



 
       Ayni  Fondaryo  Saratok 

 Addis Ababa City, Kirkos Sub City, Woreda 08
house no.new map No.39401
 RMS E & F 5/F SHING LEE COMM BLDG 6-12 WING KUT ST CENTRAL HK
 Republic of Seychelles

81 

(1). 

                                              
                                  390,120.56              525,386.13
           
                                2,162,943.40            1,305,360.56
                                4,239,714.95
                                1,716,866.66            4,472,901.66
                                                        1,143,333.33
                              18,128,777.77           48,000,000.00
           


 


 


 

(2). 


 

                           

           195 / 238
                                       2025 

                                                   :
                                                        

                                       147,840.00

                                       147,840.00


 


 


 

(3). 
 




82 
 

83 
 

                                                      

1                                                    

                                       2,811,339.40  8,244,125.38

                                       3,521,487.00  2,106,973.96
 
                                       27,583.00       409.71
 
                                                     4,583,033.98
 
                                       14,984.53     63,264.71
 
                                       6,375,393.93  14,997,807.74
          
                                       6,375,393.93  14,997,807.74



2 

 


 

                            196 / 238
                                       2025 


 




3 
 



1 
 
(1).
 

                                            

                                                                     
                                                                     
                                                                     
                 %          2025-        
                            8-31                                      
                                       
                                       
  2025-  1,656,                            13,343,41              -  35,408,06
  8-31   551,1   51.00                           7.93  24,519,61           0.15
         66.06
                                                             1.08






(2).                                                    
                                           
 
                                                                     300,000,000.00
                         
                           --                                      1,356,551,166.06
                                                                   1,656,551,166.06
               --                                                  1,455,436,425.70
          --
          --                                                         201,114,740.36

                 --
 --

                           --
                      
     
/
                      



                            197 / 238
                 2025 

 


 


 




(3).

                         

      

                        

      4,505,728,322.70  911,788,289.32

      22,827,690.37     22,827,690.37

      9,634,135.17      9,634,135.17

      569,799.73        569,799.73

      58,165,771.66     55,070,209.07

      33,769.18           33,769.18

                 0.20     0.20

      10,693,857.51     6,690,889.06

      89,145,230.60     87,997,599.14

      340,307.86        340,307.86

      4,306,234,863.37  717,455,218.33

                        3,980,543.79

      2,566,687.29      754,295.00

      5,516,209.76      6,433,832.42

      1,651,931,409.56  1,105,657,424.04

      60,000,000.00     60,000,000.00

      32,861,380.33     32,861,380.33

      53,960,039.53     53,960,039.53

      3,835,081.61      3,835,081.61

      122,304.92        122,304.92

      756,992,718.11    756,992,718.11

      197,963,497.04    190,779,048.26

      5,350,940.86      5,350,940.86

      539,089,536.74

      1,755,910.42      1,755,910.42

      2,853,796,913.14  -193,869,134.72

      1,398,360,487.44  -94,995,876.01

      1,455,436,425.70  -98,873,258.71







      198 / 238
                                                                               2025 





(4).



 

                                                                                          

                                                                                                     

                                                                                           

                                                                                                     
                                                                                                     
                                                                                                     
                                                                                                     
                                                                                                     
           %                                                                                         
                                                                                                     
                                                                                                     

                                                                                                   

                                                                                                     

                                                                                                  

                  1,009,1                                                      1,356,5            
                                                                               51,166.
  2021/2/  40.00  89,560.     943,227                                                    413,323     0.00
  2                     00    ,459.86                                                06  ,706.20
                                                                                                  -
                                                                                                  

                                                                                                  




(5).
      

 

(6).
 

2 
 

3 
 

4 


                                                                    199 / 238
                                 2025 

 


 


 


 

5 


 

6 
 


1 

(1).
 

                                  

                                 (%)     
                                         

           1000                  100.00  
                      

           3000                  100.00  
                                         
                                         

           23500                 60.00   
                      
        
           10000                 100.00  
                                 100.00  

           10000      
           

           1    100.00                   

""         1000                  50.00   
                                         
                                         

              1                          100.00 
                        
           100                           100.00 
                        

                      200 / 238
                        2025 

                                      
             
    10                         70.00 
             
     10000                            
             
    2000        100.00                
  
                100.00                
             
    7980 
                        51.00         
                                      
     200                              
                                      
                               51.00  
     200                       51.00  
                                      
                                      
                                      

  

















             201 / 238
                                                  2025 

(2).
 

                                                                                                        
                                                                                                      

                                40%                     -1,342,559.78                                                68,902,676.34
""                                                                                                                 710,625,313.55
                                50%                     182,798,499.04                 74,988,926.67             1,387,104,704.72

                                49%                     -12,014,609.43


 


 

(3).

 

                                                                                                                             

                                                                                       
 
                                                                                                                                  
                                                                                                                                
                        
   7,844,519.
            12  168,822,2 176,666,7 25,410,034          25,410,034.4       7,600,467. 170,102,186. 177,702,654. 23,089,564        23,089,564.2
                                                                      0                                                                         6
"  578,470,4    06.11   25.23   .40                                        64    90    54             .26
"        47.12
                2,251,588, 2,830,059, 484,340,77  924,467,94 1,408,808,71  400,768,66 2,104,332,05 2,505,100,71 372,125,55 951,465,11 1,323,590,67

                896.59  343.71  5.44              1.17  6.61               5.09  3.70  8.79           9.87                  3.89  3.76

                                                        202 / 238
                                        2025 

  114,612,1 4,494,785, 4,609,397, 1,034,397, 744,174,25 1,778,571,81

  66.80  578.64  745.44  566.59         0.86            7.45




                                                                                        

                                                                                                                      
                                                                                                                            

                         -3,356,399.45 -3,356,399.45                  1,957,474.68    -4,482,640.46 -4,482,640.46     -33,782,593.79
""
         882,067,248.21 365,596,998.08  389,718,435.41  302,319,384.61 821,783,384.50 259,125,284.03  254,339,903.03  208,545,715.49
          13,343,417.93 -24,519,611.08  -24,519,611.08    -7,400,782.28




                                                        203 / 238
                                                                                      2025 

(4).
 

(5).
 


 

2 
 

3 
 

4 
 

5 


 

6 
 

 

1 
 


 

2 

 

                                    

                                      
                  
                                      /
                                      
                   
                     2,616,672.51     

                                      

                                      
 21,823,874.45
                                   -2,237,534.69 16,969,667.25 
                                                                           

                                      

                     204 / 238
 21,823,874.45                         2025 

                  2,616,672.51 -2,237,534.69 16,969,667.25 /

3                                            
 
                              2,616,672.51       
                            19,088,824.67
                            21,705,497.18                    2,709,903.12
                                                             5,254,950.00
                                                             7,964,853.12
                




 

1 
 

      () 
      

 






      


      1 
      
      




                  205 / 238
                                                                                      2025 

      



      





2 







 12 







                                      

                                 

                                     
                                     
    1          1-2       2-5     5              
  

  

    39,611.02                        39,611.02 38,678.50

    11,000.00                        11,000.00 11,000.00

    31,509.85                        31,509.85 31,509.85



    19,268.19 11,157.81 14,313.14 20,279.30 65,018.43 60,602.91


    200.37     69.36     47.25   563.06 880.04  631.05



    9,011.43 8,939.77 5,166.45 12,566.45 35,684.11 33,955.81




    50,700.73 23,448.02              82,685.90 77,913.76


    161,301.59 43,614.96 19,526.84 33,408.81 266,389.35 254,291.88

    39,611.02                        39,611.02 38,678.50

                                      

  

                      206 / 238
                                                  2025 

                1               1-2   2-5           5                         
                                                                   
                                                                   

                7,035.08                                           7,035.08 6,819.07
                24,330.00
                17,394.82                                          24,330.00 24,330.00

                                                                   17,394.82 17,394.82

                24,274.23 8,361.74 2,258.19 4,573.51 39,467.67 38,271.90

                162.87 194.87 97.65 637.57 1,092.96 797.13

                6,005.47 5,807.07 5,608.67 2,932.91 20,354.12 18,988.45
                79,202.47 14,363.68 7,964.51 8,143.99 109,674.65 106,601.37


      3 
      

      1
      
      


      2
      
      




                                                  
  
   101,991,3                                                                  
                3,833,567.4      105,824,900.                                 21,061,186.65
        33.24                                     20,387,083.2 674,103.3      60,513,123.53
   68,990,29                 3                67                              10,558,626.01
                                 68,990,290.0       7              8          18,190,678.58
          0.07      3,424.05
                                               7  60,513,123.5
   26,774,31                                                    3
          4.48                        3,424.05
                                                  10,489,645.4     68,980.54
                                 26,774,314.4                   7
                                               8
                                                  18,190,678.5
                                                                8

                                207 / 238
                                               2025 



  745,088.9                   745,088.90       25,515,657.5                  25,515,657.53
            0                                                3


  37,503,88    1,327,103.0    37,503,887.7     38,398,703.3     1,724,284.   38,398,703.35
         7.77              3                7                5           46   8,497,873.15

  37,016,07                   38,343,180.7     6,773,588.69
         7.70                               3
                                               1,442,057.40                  1,442,057.40
  1,631,250.                  1,631,250.50
           50

  274,652,2 5,164,094.5 279,816,337. 181,710,537. 2,467,368. 184,177,906.2

  42.66        1              16               82               38             0

 2025  12  31 

1% 673,110.04 2024  12  31 10,691.67 

2 
(1). 
 

 

(2). 
 

 

(3). 
 

 

3 
(1). 
 

(2). 
 

(3). 
 

                                                                    208 / 238
                                 2025 


 

 

1 

 

                                    

                                 

                                        
                    
                                 

                                 5,708,871.73 5,708,871.73
1.                               5,708,871.73 5,708,871.73

                                 5,708,871.73 5,708,871.73
1
2                                1,000,000.00 1,000,000.00
3
2. 


1
2




1.
2.
3.


1.
2.

                                   0.2    0.2

                                 6,708,871.93 6,708,871.93


1.





         
         

                      209 / 238
               2025 

2.












2 
 

3 
 

4 
 

5 

 

6 

 

7 
 

8 
 

9 
 

 
1 
 

                

    210 / 238
                               2025 

                                                
                                                (%)

                                           (%)

                               2.75  15.22      15.22
    







2 

""
 

3 


 



 


 

4                                     
                    
                    
                    
                    ""
                    ""
                    ""
                    ""
 ""                 
                    ""
 ""                 ""
 ""                 ""
                    ""
 
 
 
 




                    211 / 238
                           2025 

5 

(1). 

/
 

                                            
                                       

""           2,133,398.59                
                                             

                                                              2,034,867.84

/
 

                                        
                                                   
""                                                          180,452.35
""           
                           20,649.00


 

(2).//

/
 

/
 

/
 

/
 

(3).


 

                                        
                                          

                           147,840.00  140,799.98

             212 / 238
              2025 


 

                                                                
                                                   

                                                                   
                                                                   
                                              
                                                                 
                                              
                                 
                                                 
       
                                 608,425.4
""                                         9       402,043.4
                                                             1

                                                   1,693,576       1,693,576
                                                           .19             .19



 

                    213 / 238
                                  2025 



(4).

                                     
 
                                               
                                                           

                                  

       610,000,000.00                           

                                    


 

                                     

                                                        
                                    

                                                              

          6,400,000.00  2022/6/29   2030/6/29   
        15,000,000.00   2024/6/28
        10,000,000.00   2024/8/30   2026/6/28   
        55,000,000.00   2024/12/26
        40,000,000.00   2025/3/28   2026/8/30   

        30,000,000.00   2025/4/30   2026/12/26  

          5,000,000.00  2025/5/23   2026/3/27   

       100,000,000.00   2025/5/30   2026/4/30   
        65,000,000.00   2025/5/30
        39,000,000.00   2025/9/12   2026/5/23   
        75,000,000.00   2025/9/30
                        2025/12/16  2026/5/28   
       100,000,000.00
                        2025/12/26  2026/12/25  
       230,000,000.00   2025/12/30
        76,000,000.00   2025/5/30   2028/9/12   
        10,010,694.43
                        2016/8/11   2026/9/30   
        80,000,000.00
                                    2026/12/15  

                                    2032/12/26  

                                    2028/12/29  

                                    2026/5/29   

                                    2029/8/10   


 

                       214 / 238
                                            2025 



(5).
 

                                                       

                                                            

       200,000,000.00 2010/12/17            2026/12/31
                                            2026/2/11
                    4,154,253.17 2025/8/11  2026/12/31
                                            2027/12/31
       160,000,000.00  2021/1/1             2025/12/31
                                            2026/4/30
       100,000,000.00  2021/1/1             2026/2/28

       24,962,000.00   2024/6/1
       11,650,000.00   2023/12/1
                       2021/1/31
        2,000,000.00


(6).
 

                                                       

                                                            
                          
                                            809,189,560.00

(7).                                         
                                                        

                                            1,078.50        960.79
 

(8).
 

6 

(1).
 

                                                       
                                                            
                           215 / 238
                          2025 

                                           

       "  21,547.65
       "
       

       
       
       "
       "  11,063,129.16 11,063,129.16 11,063,129.16 11,063,129.16
                                                   10,409,279.33 520,463.97

(2).
 

                                      
                           
       ""
                          1,085,938.81     613,732.41
       
                             1,327,103.03  1,723,433.24
                          350,015,371.74
                          400,927,733.82
       
                           12,509,544.14
                             2,000,000.00

       ""                 82,133.35        82,133.35

                          1,631,250.50     1,442,057.40

(3).
 

7 
 

8 
 

            216 / 238
               2025 



 

1 
(1). 
 

(2). 
 

2 
 

3 
 

4 
 

5 
 

6 
 

 

1 
 


      
      2018  2 ""
 1,000.00 
      2019  6 ""
 3,000.00 2019  11 12 
2019  6 ""

    217 / 238
  2025 



 2019  12  6,000.00 



   2025  12  31  95,343,289.44 

2 

(1).
 

(2).
 

3 
 

 

1 
 
2 
 

3 
 

4 
 

      () 
      2026  4  10 ""
""

 90,196,117 
11.00% 27.85  2,511,961,858.4 

"
"
      


                                                                218 / 238
                 2025 









  () 
  2025  2025  819,964,698  10 

 0.79  64,777,211.14  2025

 7.44%




 2025 
      () 
       2026  1  6 2026  1  22 

2026 
 3 



 

1 
"""
"

2 
 

3 
(1).
 

(2).
 

4 
 

5 
 

      219 / 238
                      2025 



6 

(1).
 

(2).
 

(3).
 

(4).
 

7 
 

8 

 

() /

 2025  12  31 /

                      /      /
                             
                      %      %

      63,470,969      50.86  7.74

      34,811,252      48.12  4.25

      14,000,000      99.55  1.71

 
1 
(1).
 

                       
                          
12         220 / 238
23                                  53,550,695.89
                             2025 

                  53,550,695.89   8,296,671.95
                                 61,847,367.84
 3                 8,296,671.95
 34               61,847,367.84   8,296,671.95
                                 53,550,695.89
 4                 8,296,671.95
                  53,550,695.89
 

                

                  221 / 238
                                    2025 

(2).

                                                                                                               

                                                                                                                     
                                                                                                                     
                                                                                            
                                                            
                                                                                                          
              (%)                   (%)                53,550,695.89    (%)                               (%)
 
            61,847,367.84 100.00  8,296,671.95 13.41   53,550,695.89  61,847,367.84 100.00  8,296,671.95 13.41 53,550,695.89
                                  8,296,671.95 100.00  53,550,695.89
             8,296,671.95 13.41   8,296,671.95                         8,296,671.95 13.41   8,296,671.95  100.00
            53,550,695.89 86.59                                       53,550,695.89 86.59   8,296,671.95             53,550,695.89
            61,847,367.84 100.00                                      61,847,367.84 100.00                           53,550,695.89
          


 

                                                       222 / 238
                                            2025 




 


                                               

                                            

4                                                         %
                            8,296,671.95
                            8,296,671.95    8,296,671.95  100.00

                                            8,296,671.95


 


 





 

(3).
 

                                                          
                                                            
                                           

                                            

           8,296,671.95                                   8,296,671.95
           8,296,671.95                                   8,296,671.95


 




(4).
 


 

                           223 / 238
                                2025 




 

(5).

 

                                           

                                          

                                                 
                                                    
                                          
                              
                                          %
                          53,550,695.89
      53,550,695.89        2,875,827.36   86.59
       2,875,827.36        1,869,443.05
       1,869,443.05        1,118,793.83   4.65 2,875,827.36
       1,118,793.83        1,537,533.44
       1,537,533.44                       3.02 1,869,443.05
                          60,952,293.57
      60,952,293.57                       1.81 1,118,793.83

                                          2.49 1,537,533.44

                                          98.55 7,401,597.68





 

2                                          
                         181,811,666.37          
                           44,783,830.60              151,593,816.74
                         282,968,835.87                        9,630.14
                         509,564,332.84               157,181,319.27
                                                      308,784,766.15
 
 
 
 


 



(1).
 

                                           

                     224 / 238
                            2025 

                                              

                 181,811,666.37  151,593,816.74
                 181,811,666.37  151,593,816.74



               

(2).
 

(3).
 


 


 


 

(4).
 





 

(5).
 


 




                 225 / 238
                                                                           2025 



(6).
 


 


 


 

                                                                            
                          44,783,830.60                                            
(1).                                                                                            9,630.14
 
                     44,783,830.60                                         9,630.14
         ()
 ""
 

                   

(2). 1 
 

(3).
 


 


 


 

(4).
 

                                                                226 / 238
                                2025 







 


(5).
 


 




(6).
 


 


 


 

                                                 

(1).                                            
 
                                131,377,803.71  117,389,699.79
                   
 1  1                           131,377,803.71  117,389,699.79
 1 
                                112,558,873.94  30,182,145.13
 12                              30,164,761.22   1,529,698.50
 23
 3                              1,502,797.24    1,722,258.21
 34
 45

                     227 / 238
                                               2025 

                                                26,740,928.86   26,148,523.98
                                               302,345,164.97  176,972,325.61
 5 
 4 

                   

(2).                                                            
                                            298,939,087.96         
                                                 921,815.74                172,008,425.69
                                                 259,679.90                      927,017.00
                                               2,224,581.37                   1,900,216.95
                                            302,345,164.97                    2,136,665.97
                                                                           176,972,325.61
 

                 

(3).                                                   
                                               

                            

                     12                                            
                      ( (                                      19,791,006.34

                                    )          )                     4,205.12
                                                                    26,584.88
2025  1  1           1,750,929.41              18,040,076.93
                          4,205.12                  26,584.88
2025  1  1 

--     

--     

--     

--     




                                    228 / 238
                                          2025 

          392,297.48                                                    392,297.48

                                             18,013,492.05 19,376,329.10


20251231  1,362,837.05







 


 

(4).
 

                                                            
                                                             
                                                       
                                                          
                                          

       1,750,929.41  4,205.12             392,297.48        1,362,837.05
      18,040,076.93
      19,791,006.34            26,584.88                    18,013,492.05
    
                     4,205.12 26,584.88 392,297.48          19,376,329.10


 

                               229 / 238
                                        2025 




                                                                                                                  
                                                                                                          
                                        %                                                                 %
                                                                                                
    %                                                               18,040,076.93   %
                                                                                    10.19 18,040,076.93
  18,013,492.05 5.96     18,013,492.05  100.00                      158,932,248.68                        100.00
                         1,362,837.05                                               89.81 1,750,929.41
  284,331,672.92 94.04   1,362,837.05   0.48 282,968,835.87         6,814,739.84                          1.10 157,181,319.27
                         19,376,329.10                              152,117,508.84  3.85 1,750,929.41
  3,049,705.33 1.01                     44.69 1,686,868.28          176,972,325.61  85.96                 25.69 5,063,810.43
  281,281,967.59 93.03                              281,281,967.59                  100.00 19,791,006.34              152,117,508.84
  302,345,164.97 100.00                             282,968,835.87                                                    157,181,319.27







                                                230 / 238
                                             2025 



                                                             
    
                                                               
    11,063,129.16  11,063,129.16             
                                  %                          11,063,129.16 11,063,129.16
     6,593,991.21   6,593,991.21             
    17,657,120.37  17,657,120.37  100.00                      6,593,991.21 6,593,991.21
                                                             17,657,120.37 17,657,120.37
                                  100.00     
                                             
                                             
                                             
                                             




                                                             %
    
1                                                76,527.75          5.00
12                 1,530,555.19                  24,871.27        10.00
23                   248,712.74                                   20.00
34                      9,500.00                   1,900.00       50.00
4                       2,798.74                   1,399.37      100.00
                                             1,258,138.66
                   1,258,138.66              1,362,837.05
                   3,049,705.33

(5).
 


 


 

(6).
 

                                                              

                                                                 

                                                                 

                                                                 
                                  
                                                                 
                                                                 
                                     (%)
                                                                 

                                                                 

                                                                 

                                  231 / 238
                                          2025 

  ""           100,000,000.00             33.07                  1 
                87,185,000.00
                44,227,364.29             28.84           1 1-2
 "                                        14.63              2-3 
-
"                                                         1 1-2
                                                             2-3 

                                                          1 1-2
                24,876,512.84             8.23           2-3 3-4

                20,622,820.49             6.82             4 
               276,911,697.62
                                          91.59       /  1 1-2 
             
                                                                   /

(7).
 


 

3                                                         
 
                                                                 
                            
                                                        
                            7,198,260.   2,017,381,
               2,024,580,            56               781,352,5 7,198,260. 774,154,3
                   034.49                    773.93
                            26,400,00                    74.63   56    14.07
               26,400,00           0.00         0.00
                      0.00                            472,986,8 26,400,00 446,586,8
                            33,598,26    2,017,381,
               2,050,980,          0.56      773.93      27.64   0.00  27.64
                   034.49
                                                      1,254,339, 33,598,26 1,220,741,

                                                         402.27  0.56 141.71

                               232 / 238
                                     2025 

(1). 
 

                                                                                  

                                                                                  

                                                                                                                
                                                                             

         22,421,739.44 7,198,260.56                                              22,421,739.44 7,198,260.56
         10,000,000.00                                                           10,000,000.00

         106,951,573.75                                                          106,951,573.75

         30,000,000.00                                                           30,000,000.00

         33,650,000.00                                                           33,650,000.00

         571,131,000.00                                                          571,131,000.00
""
           0.88                                                                    0.88

         774,154,314.07                     809,189,560.00                     434,037,899.86 1,243,227,459.86  7,198,260.56
                         7,198,260.56 809,189,560.00                           434,037,899.86 2,017,381,773.93


       

(2). 
 

                                                                                  

                                                                                                                

                                                            233 / 238
                               2025 

                                                                                      
                                                                                    
                                               
                        
                                                            

                                                                
                                                              
                                                 

                                                            

                                               

                                               









                               -12,548,927.78                   -434,037,899.86
   446,586,827.64
                               -12,548,927.78                   -434,037,899.86
                               -12,548,927.78                   -434,037,899.86



                                                                                      26,400,000.00

                                                                                      26,400,000.00
                                                                                      26,400,000.00


  446,586,827.64

 446,586,827.64

                                                 234 / 238
                                       2025 

(3). 
 



4 

(1). 
 

                                              

                                             

                                                     

      1,102,173,506.51 608,717,183.12  691,193,899.31 383,228,778.39
    
      22,054,310.60    17,544,694.52   8,211,858.21  5,023,964.33

      1,124,227,817.11 626,261,877.64  699,405,757.52 388,252,742.72

(2). 
 


 


                                                     

                         1,124,087,017.11              699,264,957.54
                                 140,800.00                  140,799.98

                         1,124,227,817.11              699,405,757.52

(3). 
 

(4). 
 

(5). 
 




5 
 

                                              
                                                      
                       235 / 238
                                                                               2025 

                                                                               -12,548,927.78  -26,031,844.09

                                                                               473,503.97      6,404.11

                                                                                 -394,277.78     -555,444.44
                                                                               32,189,015.71    6,577,623.62
                                                                               67,649,947.72   10,020,336.64
                                                                               87,369,261.84   -9,982,924.16











                     




6 
 

                                                                                                
                                                                                                               
1 
                                                                               -2,238,267.75
 
                                                                               21,705,497.18
                             
                                                                               473,503.97
 
 
 
 
 
 
 
 
 
 
 
 
 
 
 

                                                                    236 / 238
                                     2025 

                                             26,584.88

                                      -19,467,864.74
                                      413,432,324.77

                                          -930,782.38
                                        -4,422,624.53
                                      419,285,185.22
















      
                           

 1 ----
 1 
----
 

                                        

                                             



                                     413,323,706.20 



 

2                                      
                %
                                             
                              17.61
                                       1.06           1.06
 
 

               237 / 238
               2025 

    9.13       0.55  0.55
 
3                                             
               2026  4  28 
4 
 



 

    238 / 238
