report_date,report_name,report_period,quarter_name,metric_name,value,single,yoy,mom,single_yoy
2026-03-31,2026一季报,2026-1,2026一季度,index_per_operating_cash_flow_net,0.4786,0.4786,-0.01156547,-0.33721091,-0.01156547
2026-03-31,2026一季报,2026-1,2026一季度,deduct_net_profit_yoy_growth_ratio,19.1983,19.1983,-0.39041405,0.21324705,-0.39041405
2026-03-31,2026一季报,2026-1,2026一季度,parent_holder_net_profit,6761006898.4800,6761006898.4800,0.30501577,0.07148604,0.30501577
2026-03-31,2026一季报,2026-1,2026一季度,calc_per_net_assets,9.3143,,0.05601914,,
2026-03-31,2026一季报,2026-1,2026一季度,inventory_turnover_ratio,9.5789,,-0.22385895,,
2026-03-31,2026一季报,2026-1,2026一季度,conservative_quick_ratio,0.1381,,0.74810127,,
2026-03-31,2026一季报,2026-1,2026一季度,equity_ratio,1.4136,,-0.09326491,,
2026-03-31,2026一季报,2026-1,2026一季度,current_ratio,0.1507,,0.77502945,,
2026-03-31,2026一季报,2026-1,2026一季度,basic_eps,0.2763,0.2763,0.30514880,0.07134548,0.30514880
2026-03-31,2026一季报,2026-1,2026一季度,business_cycle,48.6799,,-0.15073744,,
2026-03-31,2026一季报,2026-1,2026一季度,receive_accounts_turnover_days,39.2842,,-0.21475260,,
2026-03-31,2026一季报,2026-1,2026一季度,quick_ratio,0.1381,,0.74810127,,
2026-03-31,2026一季报,2026-1,2026一季度,sale_gross_margin,55.6463,55.6463,0.05039196,-0.05804137,0.05039196
2026-03-31,2026一季报,2026-1,2026一季度,inventory_turnover_days,9.3957,,0.28842356,,
2026-03-31,2026一季报,2026-1,2026一季度,calculate_operating_income_total_yoy_growth_ratio,6.44277800,6.44277800,-0.25748159,-0.49984920,-0.25748159
2026-03-31,2026一季报,2026-1,2026一季度,sale_net_interest_ratio,38.0050,38.0050,0.22232443,0.21856984,0.22232443
2026-03-31,2026一季报,2026-1,2026一季度,per_undistributed_profits,4.5610,,0.12734193,,
2026-03-31,2026一季报,2026-1,2026一季度,operating_income_total,18111540767.5000,18111540767.5000,0.06442778,-0.11653841,0.06442778
2026-03-31,2026一季报,2026-1,2026一季度,per_capital_reserve,2.5972,,-0.00264967,,
2026-03-31,2026一季报,2026-1,2026一季度,index_full_diluted_roe,2.9666,3.0100,0.23577439,0.05528871,0.23781716
2026-03-31,2026一季报,2026-1,2026一季度,calculate_parent_holder_net_profit_yoy_growth_ratio,30.50157700,30.50157700,-0.00186112,-0.25827340,-0.00186112
2026-03-31,2026一季报,2026-1,2026一季度,assets_debt_ratio,57.3271,,-0.03892927,,
2026-03-31,2026一季报,2026-1,2026一季度,index_deduct_holder_net_profit,6237332251.3500,6237332251.3500,0.19198322,0.19055137,0.19198322
2026-03-31,2026一季报,2026-1,2026一季度,index_weighted_avg_roe,3.0100,3.0100,0.23868313,0.04152249,0.23868313
2025-12-31,2025年报,2025-4,2025四季度,index_per_operating_cash_flow_net,2.4752,0.7221,0.01534170,-0.06536371,0.47247145
2025-12-31,2025年报,2025-4,2025四季度,deduct_net_profit_yoy_growth_ratio,2.8856,15.8239,-0.84122285,2.64561451,1.62649806
2025-12-31,2025年报,2025-4,2025四季度,parent_holder_net_profit,34502809176.3900,6309934681.4400,0.06174993,-0.58313180,0.41122399
2025-12-31,2025年报,2025-4,2025四季度,calc_per_net_assets,9.0459,,0.05254646,,
2025-12-31,2025年报,2025-4,2025四季度,inventory_turnover_ratio,44.7157,,-0.20450126,,
2025-12-31,2025年报,2025-4,2025四季度,conservative_quick_ratio,0.1024,,0.00787402,,
2025-12-31,2025年报,2025-4,2025四季度,equity_ratio,1.4722,,-0.10034221,,
2025-12-31,2025年报,2025-4,2025四季度,current_ratio,0.1159,,0.07613742,,
2025-12-31,2025年报,2025-4,2025四季度,basic_eps,1.4101,0.2579,0.06174234,-0.58309085,0.41160372
2025-12-31,2025年报,2025-4,2025四季度,business_cycle,42.6526,,-0.03944239,,
2025-12-31,2025年报,2025-4,2025四季度,receive_accounts_turnover_days,34.6017,,-0.08941697,,
2025-12-31,2025年报,2025-4,2025四季度,quick_ratio,0.1024,,0.00787402,,
2025-12-31,2025年报,2025-4,2025四季度,sale_gross_margin,61.6685,59.0751,0.04285852,-0.16213257,0.14444266
2025-12-31,2025年报,2025-4,2025四季度,inventory_turnover_days,8.0509,,0.25706925,,
2025-12-31,2025年报,2025-4,2025四季度,calculate_operating_income_total_yoy_growth_ratio,2.07128800,12.88167100,-0.74503901,2.65637452,2.22859733
2025-12-31,2025年报,2025-4,2025四季度,sale_net_interest_ratio,40.5247,31.1882,0.03977739,-0.40690833,0.24413897
2025-12-31,2025年报,2025-4,2025四季度,per_undistributed_profits,4.2847,,0.11755347,,
2025-12-31,2025年报,2025-4,2025四季度,operating_income_total,86241940222.2000,20500654540.4800,0.02071288,-0.29414384,0.12881671
2025-12-31,2025年报,2025-4,2025四季度,per_capital_reserve,2.5972,,-0.00264967,,
2025-12-31,2025年报,2025-4,2025四季度,index_full_diluted_roe,15.5883,2.8523,0.00874905,-0.59709293,0.34194307
2025-12-31,2025年报,2025-4,2025四季度,calculate_parent_holder_net_profit_yoy_growth_ratio,6.17499300,41.12239900,-0.67964672,5.50425711,2.88273554
2025-12-31,2025年报,2025-4,2025四季度,assets_debt_ratio,58.2695,,-0.04146557,,
2025-12-31,2025年报,2025-4,2025四季度,index_deduct_holder_net_profit,33445575299.9400,5239028240.8100,0.02885555,-0.65111184,0.15823897
2025-12-31,2025年报,2025-4,2025四季度,index_weighted_avg_roe,15.9000,2.8900,0.01209421,-0.58236994,0.33179724
2025-09-30,2025三季报,2025-3,2025三季度,index_per_operating_cash_flow_net,1.7531,0.7726,-0.09977406,0.55671973,-0.23360778
2025-09-30,2025三季报,2025-3,2025三季度,deduct_net_profit_yoy_growth_ratio,0.7943,-9.6158,-0.97389224,-2.25447477,-1.34105959
2025-09-30,2025三季报,2025-3,2025三季度,parent_holder_net_profit,28192874494.9500,15136522021.4000,0.00599293,0.92195968,-0.09129674
2025-09-30,2025三季报,2025-3,2025三季度,calc_per_net_assets,9.0364,,0.05067088,,
2025-09-30,2025三季报,2025-3,2025三季度,inventory_turnover_ratio,33.4992,,-0.17148044,,
2025-09-30,2025三季报,2025-3,2025三季度,conservative_quick_ratio,0.2052,,0.79213974,,
2025-09-30,2025三季报,2025-3,2025三季度,equity_ratio,1.5186,,-0.08041662,,
2025-09-30,2025三季报,2025-3,2025三季度,current_ratio,0.2151,,0.75020342,,
2025-09-30,2025三季报,2025-3,2025三季度,basic_eps,1.1522,0.6186,0.00593679,0.92171482,-0.09162996
2025-09-30,2025三季报,2025-3,2025三季度,business_cycle,58.4312,,0.18121576,,
2025-09-30,2025三季报,2025-3,2025三季度,receive_accounts_turnover_days,50.3713,,0.17719658,,
2025-09-30,2025三季报,2025-3,2025三季度,quick_ratio,0.2052,,0.79213974,,
2025-09-30,2025三季报,2025-3,2025三季度,sale_gross_margin,62.4772,70.5065,0.02100775,0.19823222,-0.00592022
2025-09-30,2025三季报,2025-3,2025三季度,inventory_turnover_days,8.0599,,0.20696936,,
2025-09-30,2025三季报,2025-3,2025三季度,calculate_operating_income_total_yoy_growth_ratio,-0.88857100,-7.77702800,-1.06065497,-3.97575478,-1.45320758
2025-09-30,2025三季报,2025-3,2025三季度,sale_net_interest_ratio,43.4361,52.5858,0.01529151,0.29503174,-0.01296815
2025-09-30,2025三季报,2025-3,2025三季度,per_undistributed_profits,4.2409,,0.10064623,,
2025-09-30,2025三季报,2025-3,2025三季度,operating_income_total,65741285681.7200,29043671615.0000,-0.00888571,0.47562160,-0.07777028
2025-09-30,2025三季报,2025-3,2025三季度,per_capital_reserve,2.6149,,0.00306878,,
2025-09-30,2025三季报,2025-3,2025三季度,index_full_diluted_roe,12.7509,7.0793,-0.04252395,0.89819011,-0.14125767
2025-09-30,2025三季报,2025-3,2025三季度,calculate_parent_holder_net_profit_yoy_growth_ratio,0.59929300,-9.12967400,-0.98015853,-2.41893732,-1.28742458
2025-09-30,2025三季报,2025-3,2025三季度,assets_debt_ratio,59.0358,,-0.03283738,,
2025-09-30,2025三季报,2025-3,2025三季度,index_deduct_holder_net_profit,28206547059.1300,15016354549.4000,0.00794252,0.88707944,-0.09615757
2025-09-30,2025三季报,2025-3,2025三季度,index_weighted_avg_roe,13.0100,6.9200,-0.03914328,0.89071038,-0.13283208
2025-06-30,2025中报,2025-2,2025二季度,index_per_operating_cash_flow_net,0.9805,0.4963,0.04386245,0.02498967,0.11503033
2025-06-30,2025中报,2025-2,2025二季度,deduct_net_profit_yoy_growth_ratio,16.0049,7.6652,-0.52683782,-0.75661396,-0.84682222
2025-06-30,2025中报,2025-2,2025二季度,parent_holder_net_profit,13056352473.5500,7875566875.6800,0.14855374,0.52014916,0.06434163
2025-06-30,2025中报,2025-2,2025二季度,calc_per_net_assets,8.4404,,0.06563980,,
2025-06-30,2025中报,2025-2,2025二季度,inventory_turnover_ratio,23.4243,,-0.15121967,,
2025-06-30,2025中报,2025-2,2025二季度,conservative_quick_ratio,0.1536,,0.15401953,,
2025-06-30,2025中报,2025-2,2025二季度,equity_ratio,1.6910,,-0.11312739,,
2025-06-30,2025中报,2025-2,2025二季度,current_ratio,0.1612,,0.14570007,,
2025-06-30,2025中报,2025-2,2025二季度,basic_eps,0.5336,0.3219,0.14851485,0.52054795,0.06518862
2025-06-30,2025中报,2025-2,2025二季度,business_cycle,59.2839,,-0.00080227,,
2025-06-30,2025中报,2025-2,2025二季度,receive_accounts_turnover_days,51.5996,,-0.02290510,,
2025-06-30,2025中报,2025-2,2025二季度,quick_ratio,0.1536,,0.15401953,,
2025-06-30,2025中报,2025-2,2025二季度,sale_gross_margin,56.1225,58.8421,0.07153085,0.11071660,0.05387011
2025-06-30,2025中报,2025-2,2025二季度,inventory_turnover_days,7.6843,,0.17815801,,
2025-06-30,2025中报,2025-2,2025二季度,calculate_operating_income_total_yoy_growth_ratio,5.33849700,2.61346400,-0.57192986,-0.69880304,-0.88702711
2025-06-30,2025中报,2025-2,2025二季度,sale_net_interest_ratio,36.1948,40.6058,0.08765603,0.30597188,0.03674030
2025-06-30,2025中报,2025-2,2025二季度,per_undistributed_profits,3.6346,,0.14576635,,
2025-06-30,2025中报,2025-2,2025二季度,operating_income_total,36697614066.7200,19682330288.1300,0.05338497,0.15674417,0.02613464
2025-06-30,2025中报,2025-2,2025二季度,per_capital_reserve,2.6149,,0.00310726,,
2025-06-30,2025中报,2025-2,2025二季度,index_full_diluted_roe,6.3221,3.7295,0.07832301,0.53370070,0.00699320
2025-06-30,2025中报,2025-2,2025二季度,calculate_parent_holder_net_profit_yoy_growth_ratio,14.85537400,6.43416300,-0.46915197,-0.78944734,-0.84085764
2025-06-30,2025中报,2025-2,2025二季度,assets_debt_ratio,61.5165,,-0.04359568,,
2025-06-30,2025中报,2025-2,2025二季度,index_deduct_holder_net_profit,13190192509.7300,7957457562.3600,0.16004914,0.52070717,0.07665232
2025-06-30,2025中报,2025-2,2025二季度,index_weighted_avg_roe,6.0900,3.6600,0.09532374,0.50617284,0.01385042
2025-03-31,2025一季报,2025-1,2025一季度,index_per_operating_cash_flow_net,0.4842,0.4842,-0.02023472,-0.01264274,-0.02023472
2025-03-31,2025一季报,2025-1,2025一季度,deduct_net_profit_yoy_growth_ratio,31.4940,31.4940,1.74967914,2.24690688,1.74967914
2025-03-31,2025一季报,2025-1,2025一季度,parent_holder_net_profit,5180785597.8700,5180785597.8700,0.30558450,0.15868852,0.30558450
2025-03-31,2025一季报,2025-1,2025一季度,calc_per_net_assets,8.8202,,0.04984883,,
2025-03-31,2025一季报,2025-1,2025一季度,inventory_turnover_ratio,12.3417,,-0.11461121,,
2025-03-31,2025一季报,2025-1,2025一季度,conservative_quick_ratio,0.0790,,-0.23151751,,
2025-03-31,2025一季报,2025-1,2025一季度,equity_ratio,1.5590,,-0.08942235,,
2025-03-31,2025一季报,2025-1,2025一季度,current_ratio,0.0849,,-0.22181485,,
2025-03-31,2025一季报,2025-1,2025一季度,basic_eps,0.2117,0.2117,0.30517879,0.15873016,0.30598396
2025-03-31,2025一季报,2025-1,2025一季度,business_cycle,57.3202,,0.06833838,,
2025-03-31,2025一季报,2025-1,2025一季度,receive_accounts_turnover_days,50.0278,,0.05997839,,
2025-03-31,2025一季报,2025-1,2025一季度,quick_ratio,0.0790,,-0.23151751,,
2025-03-31,2025一季报,2025-1,2025一季度,sale_gross_margin,52.9767,52.9767,0.10051955,0.02630034,0.10051955
2025-03-31,2025一季报,2025-1,2025一季度,inventory_turnover_days,7.2924,,0.12944894,,
2025-03-31,2025一季报,2025-1,2025一季度,calculate_operating_income_total_yoy_growth_ratio,8.67692700,8.67692700,4.15260007,1.82756727,4.15260007
2025-03-31,2025一季报,2025-1,2025一季度,sale_net_interest_ratio,31.0924,31.0924,0.19305785,0.24031738,0.19305785
2025-03-31,2025一季报,2025-1,2025一季度,per_undistributed_profits,4.0458,,0.09553209,,
2025-03-31,2025一季报,2025-1,2025一季度,operating_income_total,17015283778.5900,17015283778.5900,0.08676927,-0.06309642,0.08676927
2025-03-31,2025一季报,2025-1,2025一季度,per_capital_reserve,2.6041,,0.00358409,,
2025-03-31,2025一季报,2025-1,2025一季度,index_full_diluted_roe,2.4006,2.4317,0.24402757,0.14406022,0.24715355
2025-03-31,2025一季报,2025-1,2025一季度,calculate_parent_holder_net_profit_yoy_growth_ratio,30.55845000,30.55845000,2.10781544,2.39907888,2.10781544
2025-03-31,2025一季报,2025-1,2025一季度,assets_debt_ratio,59.6492,,-0.03622642,,
2025-03-31,2025一季报,2025-1,2025一季度,index_deduct_holder_net_profit,5232734947.3700,5232734947.3700,0.31493990,0.15684765,0.31493990
2025-03-31,2025一季报,2025-1,2025一季度,index_weighted_avg_roe,2.4300,2.4300,0.24615385,0.11981567,0.24615385
2024-12-31,2024年报,2024-4,2024四季度,index_per_operating_cash_flow_net,2.4378,0.4904,-0.07833648,-0.51354032,-0.57651123
2024-12-31,2024年报,2024-4,2024四季度,deduct_net_profit_yoy_growth_ratio,18.1739,-25.2577,-0.36430668,-1.89585691,-1.16343287
2024-12-31,2024年报,2024-4,2024四季度,parent_holder_net_profit,32496172808.6500,4471249595.8300,0.19275573,-0.73157380,-0.21841835
2024-12-31,2024年报,2024-4,2024四季度,calc_per_net_assets,8.5943,,0.04449333,,
2024-12-31,2024年报,2024-4,2024四季度,inventory_turnover_ratio,56.2109,,-0.11275460,,
2024-12-31,2024年报,2024-4,2024四季度,conservative_quick_ratio,0.1016,,-0.11882047,,
2024-12-31,2024年报,2024-4,2024四季度,equity_ratio,1.6364,,-0.08391648,,
2024-12-31,2024年报,2024-4,2024四季度,current_ratio,0.1077,,-0.12439024,,
2024-12-31,2024年报,2024-4,2024四季度,basic_eps,1.3281,0.1827,0.19272564,-0.73171806,-0.21789384
2024-12-31,2024年报,2024-4,2024四季度,business_cycle,44.4040,,0.25348276,,
2024-12-31,2024年报,2024-4,2024四季度,receive_accounts_turnover_days,37.9995,,0.27762909,,
2024-12-31,2024年报,2024-4,2024四季度,quick_ratio,0.1016,,-0.12034632,,
2024-12-31,2024年报,2024-4,2024四季度,sale_gross_margin,59.1341,51.6191,0.02261601,-0.27221599,-0.10445076
2024-12-31,2024年报,2024-4,2024四季度,inventory_turnover_days,6.4045,,0.12709642,,
2024-12-31,2024年报,2024-4,2024四季度,calculate_operating_income_total_yoy_growth_ratio,8.12394100,-10.48486000,-0.39718162,-1.61100693,-1.36870232
2024-12-31,2024年报,2024-4,2024四季度,sale_net_interest_ratio,38.9744,25.0681,0.08896545,-0.52947348,-0.16163846
2024-12-31,2024年报,2024-4,2024四季度,per_undistributed_profits,3.8340,,0.08578063,,
2024-12-31,2024年报,2024-4,2024四季度,operating_income_total,84491870566.5200,18161189820.9700,0.08123941,-0.42332398,-0.10484860
2024-12-31,2024年报,2024-4,2024四季度,per_capital_reserve,2.6041,,0.00358409,,
2024-12-31,2024年报,2024-4,2024四季度,index_full_diluted_roe,15.4531,2.1255,0.14217820,-0.74216987,-0.25891705
2024-12-31,2024年报,2024-4,2024四季度,calculate_parent_holder_net_profit_yoy_growth_ratio,19.27557300,-21.84183500,0.29971440,-1.68763467,-1.25057151
2024-12-31,2024年报,2024-4,2024四季度,assets_debt_ratio,60.7902,,-0.03325164,,
2024-12-31,2024年报,2024-4,2024四季度,index_deduct_holder_net_profit,32507551977.0600,4523270582.0900,0.18173908,-0.72774192,-0.25257683
2024-12-31,2024年报,2024-4,2024四季度,index_weighted_avg_roe,15.7100,2.1700,0.16198225,-0.72807018,-0.27424749
2024-09-30,2024三季报,2024-3,2024三季度,index_per_operating_cash_flow_net,1.9474,1.0081,0.30961668,1.26488430,1.18297964
2024-09-30,2024三季报,2024-3,2024三季度,deduct_net_profit_yoy_growth_ratio,30.4239,28.1939,1.36938880,-0.43658625,-0.58246043
2024-09-30,2024三季报,2024-3,2024三季度,parent_holder_net_profit,28024923212.8200,16657277111.5300,0.30204070,1.25114379,0.31763720
2024-09-30,2024三季报,2024-3,2024三季度,calc_per_net_assets,8.6006,,0.06715140,,
2024-09-30,2024三季报,2024-3,2024三季度,inventory_turnover_ratio,40.4326,,-0.09088129,,
2024-09-30,2024三季报,2024-3,2024三季度,conservative_quick_ratio,0.1145,,-0.44064485,,
2024-09-30,2024三季报,2024-3,2024三季度,equity_ratio,1.6514,,-0.12145555,,
2024-09-30,2024三季报,2024-3,2024三季度,current_ratio,0.1229,,-0.42219088,,
2024-09-30,2024三季报,2024-3,2024三季度,basic_eps,1.1454,0.6810,0.30203478,1.25347452,0.31797949
2024-09-30,2024三季报,2024-3,2024三季度,business_cycle,49.4670,,-0.29739964,,
2024-09-30,2024三季报,2024-3,2024三季度,receive_accounts_turnover_days,42.7892,,-0.33489703,,
2024-09-30,2024三季报,2024-3,2024三季度,quick_ratio,0.1145,,-0.44064485,,
2024-09-30,2024三季报,2024-3,2024三季度,sale_gross_margin,61.1917,70.9264,0.05700482,0.27030159,0.05757382
2024-09-30,2024三季报,2024-3,2024三季度,inventory_turnover_days,6.6778,,0.09996870,,
2024-09-30,2024三季报,2024-3,2024三季度,calculate_operating_income_total_yoy_growth_ratio,14.64959900,17.15996900,0.62353278,-0.25822154,-0.29660866
2024-09-30,2024三季报,2024-3,2024三季度,sale_net_interest_ratio,42.7819,53.2767,0.13023549,0.36025154,0.12264521
2024-09-30,2024三季报,2024-3,2024三季度,per_undistributed_profits,3.8531,,0.13170030,,
2024-09-30,2024三季报,2024-3,2024三季度,operating_income_total,66330680745.5500,31492881693.2900,0.14649599,0.64187555,0.17159969
2024-09-30,2024三季报,2024-3,2024三季度,per_capital_reserve,2.6069,,0.02913426,,
2024-09-30,2024三季报,2024-3,2024三季度,index_full_diluted_roe,13.3172,8.2438,0.22011599,1.22588832,0.24624711
2024-09-30,2024三季报,2024-3,2024三季度,calculate_parent_holder_net_profit_yoy_growth_ratio,30.20407000,31.76372000,6.30673154,-0.21435729,-0.16563022
2024-09-30,2024三季报,2024-3,2024三季度,assets_debt_ratio,61.0402,,-0.04673989,,
2024-09-30,2024三季报,2024-3,2024三季度,index_deduct_holder_net_profit,27984281394.9700,16613907469.3900,0.30423868,1.24787904,0.28193852
2024-09-30,2024三季报,2024-3,2024三季度,index_weighted_avg_roe,13.5400,7.9800,0.28584995,1.21052632,0.27680000
2024-06-30,2024中报,2024-2,2024二季度,index_per_operating_cash_flow_net,0.9393,0.4451,-0.08378853,-0.09935249,-0.36865248
2024-06-30,2024中报,2024-2,2024二季度,deduct_net_profit_yoy_growth_ratio,33.8254,50.0412,2.37122588,3.36899866,2.25043604
2024-06-30,2024中报,2024-2,2024二季度,parent_holder_net_profit,11367646101.2900,7399472752.5500,0.27984231,0.86470502,0.40430236
2024-06-30,2024中报,2024-2,2024二季度,calc_per_net_assets,7.9205,,0.04743580,,
2024-06-30,2024中报,2024-2,2024二季度,inventory_turnover_ratio,27.5976,,-0.05552361,,
2024-06-30,2024中报,2024-2,2024二季度,conservative_quick_ratio,0.1331,,-0.22390671,,
2024-06-30,2024中报,2024-2,2024二季度,equity_ratio,1.9067,,-0.07405789,,
2024-06-30,2024中报,2024-2,2024二季度,current_ratio,0.1407,,-0.21615599,,
2024-06-30,2024中报,2024-2,2024二季度,basic_eps,0.4646,0.3022,0.27988981,0.86428131,0.40362285
2024-06-30,2024中报,2024-2,2024二季度,business_cycle,59.3315,,0.05252187,,
2024-06-30,2024中报,2024-2,2024二季度,receive_accounts_turnover_days,52.8092,,0.05175401,,
2024-06-30,2024中报,2024-2,2024二季度,quick_ratio,0.1331,,-0.22390671,,
2024-06-30,2024中报,2024-2,2024二季度,sale_gross_margin,52.3760,55.8343,0.04897388,0.15988234,0.10866151
2024-06-30,2024中报,2024-2,2024二季度,inventory_turnover_days,6.5223,,0.05878056,,
2024-06-30,2024中报,2024-2,2024二季度,calculate_operating_income_total_yoy_growth_ratio,12.47108000,23.13355000,9.11784502,12.73734405,2.23818897
2024-06-30,2024中报,2024-2,2024二季度,sale_net_interest_ratio,33.2778,39.1668,0.12738459,0.50288361,0.12865792
2024-06-30,2024中报,2024-2,2024二季度,per_undistributed_profits,3.1722,,0.09836917,,
2024-06-30,2024中报,2024-2,2024二季度,operating_income_total,34837799052.2600,19181040693.8300,0.12471080,0.22509655,0.23133550
2024-06-30,2024中报,2024-2,2024二季度,per_capital_reserve,2.6068,,0.02909479,,
2024-06-30,2024中报,2024-2,2024二季度,index_full_diluted_roe,5.8629,3.7036,0.22131028,0.89947687,0.29964558
2024-06-30,2024中报,2024-2,2024二季度,calculate_parent_holder_net_profit_yoy_growth_ratio,27.98423100,40.43023600,2.22448506,3.11178289,2.08336445
2024-06-30,2024中报,2024-2,2024二季度,assets_debt_ratio,64.3206,,-0.02574806,,
2024-06-30,2024中报,2024-2,2024二季度,index_deduct_holder_net_profit,11370373925.5800,7390925921.7900,0.33825415,0.85727415,0.50041246
2024-06-30,2024中报,2024-2,2024二季度,index_weighted_avg_roe,5.5600,3.6100,0.29906542,0.85128205,0.46747967
2024-03-31,2024一季报,2024-1,2024一季度,index_per_operating_cash_flow_net,0.4942,0.4942,0.54341037,-0.57322971,0.54341037
2024-03-31,2024一季报,2024-1,2024一季度,deduct_net_profit_yoy_growth_ratio,11.4537,11.4537,-0.30367565,-0.92588751,-0.30367565
2024-03-31,2024一季报,2024-1,2024一季度,parent_holder_net_profit,3968173348.7400,3968173348.7400,0.09832775,-0.30635689,0.09832775
2024-03-31,2024一季报,2024-1,2024一季度,calc_per_net_assets,8.4014,,0.07593008,,
2024-03-31,2024一季报,2024-1,2024一季度,inventory_turnover_ratio,13.9393,,-0.06694379,,
2024-03-31,2024一季报,2024-1,2024一季度,conservative_quick_ratio,0.1028,,-0.48625687,,
2024-03-31,2024一季报,2024-1,2024一季度,equity_ratio,1.7121,,-0.17794209,,
2024-03-31,2024一季报,2024-1,2024一季度,current_ratio,0.1091,,-0.47648752,,
2024-03-31,2024一季报,2024-1,2024一季度,basic_eps,0.1622,0.1621,0.06221349,-0.30607877,0.06155861
2024-03-31,2024一季报,2024-1,2024一季度,business_cycle,53.6536,,-0.29557853,,
2024-03-31,2024一季报,2024-1,2024一季度,receive_accounts_turnover_days,47.1970,,-0.32712788,,
2024-03-31,2024一季报,2024-1,2024一季度,quick_ratio,0.1028,,-0.48625687,,
2024-03-31,2024一季报,2024-1,2024一季度,sale_gross_margin,48.1379,48.1379,-0.02740911,-0.16484674,-0.02740911
2024-03-31,2024一季报,2024-1,2024一季度,inventory_turnover_days,6.4566,,0.07175937,,
2024-03-31,2024一季报,2024-1,2024一季度,calculate_operating_income_total_yoy_growth_ratio,1.68399000,1.68399000,-0.93308405,-0.94078214,-0.93308405
2024-03-31,2024一季报,2024-1,2024一季度,sale_net_interest_ratio,26.0611,26.0611,0.07368391,-0.12842920,0.07368391
2024-03-31,2024一季报,2024-1,2024一季度,per_undistributed_profits,3.6930,,0.02225544,,
2024-03-31,2024一季报,2024-1,2024一季度,operating_income_total,15656758358.4300,15656758358.4300,0.01683990,-0.22829014,0.01683990
2024-03-31,2024一季报,2024-1,2024一季度,per_capital_reserve,2.5948,,0.25135031,,
2024-03-31,2024一季报,2024-1,2024一季度,index_full_diluted_roe,1.9297,1.9498,-0.01309262,-0.32017712,-0.00087112
2024-03-31,2024一季报,2024-1,2024一季度,calculate_parent_holder_net_profit_yoy_growth_ratio,9.83277500,9.83277500,-0.39614819,-0.88719751,-0.39614819
2024-03-31,2024一季报,2024-1,2024一季度,assets_debt_ratio,61.8913,,-0.06722922,,
2024-03-31,2024一季报,2024-1,2024一季度,index_deduct_holder_net_profit,3979448003.7900,3979448003.7900,0.11453710,-0.34243782,0.11453710
2024-03-31,2024一季报,2024-1,2024一季度,index_weighted_avg_roe,1.9500,1.9500,0.07142857,-0.34782609,0.07142857
2023-12-31,2023年报,2023-4,2023四季度,index_per_operating_cash_flow_net,2.6450,1.1580,0.94585448,1.50757904,2.79299050
2023-12-31,2023年报,2023-4,2023四季度,deduct_net_profit_yoy_growth_ratio,28.5891,154.5448,3.51059065,1.28874221,3.54872172
2023-12-31,2023年报,2023-4,2023四季度,parent_holder_net_profit,27244616815.2700,5720770970.3100,0.14830622,-0.54747102,0.87168069
2023-12-31,2023年报,2023-4,2023四季度,calc_per_net_assets,8.2282,,0.00882764,,
2023-12-31,2023年报,2023-4,2023四季度,inventory_turnover_ratio,63.3544,,0.31569231,,
2023-12-31,2023年报,2023-4,2023四季度,conservative_quick_ratio,0.1153,,-0.58375451,,
2023-12-31,2023年报,2023-4,2023四季度,equity_ratio,1.7863,,1.51946403,,
2023-12-31,2023年报,2023-4,2023四季度,current_ratio,0.1230,,-0.57833390,,
2023-12-31,2023年报,2023-4,2023四季度,basic_eps,1.1135,0.2336,0.14829329,-0.54790014,1.24615385
2023-12-31,2023年报,2023-4,2023四季度,business_cycle,35.4245,,-0.00786994,,
2023-12-31,2023年报,2023-4,2023四季度,receive_accounts_turnover_days,29.7422,,0.05359325,,
2023-12-31,2023年报,2023-4,2023四季度,quick_ratio,0.1155,,-0.58303249,,
2023-12-31,2023年报,2023-4,2023四季度,sale_gross_margin,57.8263,57.6396,0.00928891,-0.14054383,0.33952126
2023-12-31,2023年报,2023-4,2023四季度,inventory_turnover_days,5.6823,,-0.23994810,,
2023-12-31,2023年报,2023-4,2023四季度,calculate_operating_income_total_yoy_growth_ratio,13.47659800,28.43719600,-0.43260247,0.16564765,6.22333377
2023-12-31,2023年报,2023-4,2023四季度,sale_net_interest_ratio,35.7903,29.9013,-0.13934385,-0.36992060,0.32782539
2023-12-31,2023年报,2023-4,2023四季度,per_undistributed_profits,3.5311,,0.00957800,,
2023-12-31,2023年报,2023-4,2023四季度,operating_income_total,78143535736.1000,20288400081.6800,0.13476598,-0.24522997,0.28437196
2023-12-31,2023年报,2023-4,2023四季度,per_capital_reserve,2.5948,,0.03345547,,
2023-12-31,2023年报,2023-4,2023四季度,index_full_diluted_roe,13.5295,2.8681,0.17769692,-0.56641824,1.23320097
2023-12-31,2023年报,2023-4,2023四季度,calculate_parent_holder_net_profit_yoy_growth_ratio,14.83062200,87.16806900,2.52976943,1.28973189,2.60176721
2023-12-31,2023年报,2023-4,2023四季度,assets_debt_ratio,62.8811,,0.56477477,,
2023-12-31,2023年报,2023-4,2023四季度,index_deduct_holder_net_profit,27508231223.7600,6051820087.0400,0.28589137,-0.53303813,1.54544765
2023-12-31,2023年报,2023-4,2023四季度,index_weighted_avg_roe,13.5200,2.9900,0.15260017,-0.52160000,1.00671141
2023-09-30,2023三季报,2023-3,2023三季度,index_per_operating_cash_flow_net,1.4870,0.4618,0.41081594,-0.34496454,-0.12338648
2023-09-30,2023三季报,2023-3,2023三季度,deduct_net_profit_yoy_growth_ratio,12.8404,67.5239,1.54507254,2.68729603,3.28754997
2023-09-30,2023三季报,2023-3,2023三季度,parent_holder_net_profit,21523845844.9600,12641778084.7400,0.04133732,1.39920862,0.38069116
2023-09-30,2023三季报,2023-3,2023三季度,calc_per_net_assets,8.0594,,0.00266235,,
2023-09-30,2023三季报,2023-3,2023三季度,inventory_turnover_ratio,44.4745,,0.37660412,,
2023-09-30,2023三季报,2023-3,2023三季度,conservative_quick_ratio,0.2047,,-0.22987208,,
2023-09-30,2023三季报,2023-3,2023三季度,equity_ratio,1.8797,,1.56579307,,
2023-09-30,2023三季报,2023-3,2023三季度,current_ratio,0.2127,,-0.32476190,,
2023-09-30,2023三季报,2023-3,2023三季度,basic_eps,0.8797,0.5167,0.04143483,1.39990711,0.53551263
2023-09-30,2023三季报,2023-3,2023三季度,business_cycle,70.4056,,0.79118573,,
2023-09-30,2023三季报,2023-3,2023三季度,receive_accounts_turnover_days,64.3347,,1.07869917,,
2023-09-30,2023三季报,2023-3,2023三季度,quick_ratio,0.2047,,-0.22987208,,
2023-09-30,2023三季报,2023-3,2023三季度,sale_gross_margin,57.8916,67.0652,-0.05132907,0.33166541,0.03473004
2023-09-30,2023三季报,2023-3,2023三季度,inventory_turnover_days,6.0709,,-0.27357249,,
2023-09-30,2023三季报,2023-3,2023三季度,calculate_operating_income_total_yoy_growth_ratio,9.02328500,24.39604800,-0.71076248,2.30576230,3.72052628
2023-09-30,2023三季报,2023-3,2023三季度,sale_net_interest_ratio,37.8522,47.4564,-0.18720126,0.36753683,-0.02840085
2023-09-30,2023三季报,2023-3,2023三季度,per_undistributed_profits,3.4047,,0.00327086,,
2023-09-30,2023三季报,2023-3,2023三季度,operating_income_total,57855135654.4200,26880240634.8000,0.09023285,0.72558909,0.24396048
2023-09-30,2023三季报,2023-3,2023三季度,per_capital_reserve,2.5331,,0.01166181,,
2023-09-30,2023三季报,2023-3,2023三季度,index_full_diluted_roe,10.9147,6.6149,0.05320699,1.32126189,0.54550127
2023-09-30,2023三季报,2023-3,2023三季度,calculate_parent_holder_net_profit_yoy_growth_ratio,4.13373200,38.06911600,-0.26613403,2.02009612,3.28633205
2023-09-30,2023三季报,2023-3,2023三季度,assets_debt_ratio,64.0331,,0.56371660,,
2023-09-30,2023三季报,2023-3,2023三季度,index_deduct_holder_net_profit,21456411136.7200,12959987709.6800,0.12840361,1.63097307,0.67523891
2023-09-30,2023三季报,2023-3,2023三季度,index_weighted_avg_roe,10.5300,6.2500,0.02832031,1.54065041,0.52068127
2023-06-30,2023中报,2023-2,2023二季度,index_per_operating_cash_flow_net,1.0252,0.7050,0.94461305,1.20174891,0.99096300
2023-06-30,2023中报,2023-2,2023二季度,deduct_net_profit_yoy_growth_ratio,-24.6680,-40.0190,-1.42321688,-3.43294344,-1.55161263
2023-06-30,2023中报,2023-2,2023二季度,parent_holder_net_profit,8882067760.2200,5269144988.2200,-0.22853877,0.45841617,-0.37319146
2023-06-30,2023中报,2023-2,2023二季度,calc_per_net_assets,7.5618,,-0.01613365,,
2023-06-30,2023中报,2023-2,2023二季度,inventory_turnover_ratio,29.2200,,0.33707947,,
2023-06-30,2023中报,2023-2,2023二季度,conservative_quick_ratio,0.1715,,-0.41206719,,
2023-06-30,2023中报,2023-2,2023二季度,equity_ratio,2.0592,,1.39080460,,
2023-06-30,2023中报,2023-2,2023二季度,current_ratio,0.1795,,-0.48419540,,
2023-06-30,2023中报,2023-2,2023二季度,basic_eps,0.3630,0.2153,-0.22848034,0.40995416,-0.39960959
2023-06-30,2023中报,2023-2,2023二季度,business_cycle,56.3708,,0.19755436,,
2023-06-30,2023中报,2023-2,2023二季度,receive_accounts_turnover_days,50.2106,,0.29292133,,
2023-06-30,2023中报,2023-2,2023二季度,quick_ratio,0.1715,,-0.41206719,,
2023-06-30,2023中报,2023-2,2023二季度,sale_gross_margin,49.9307,50.3619,-0.14870876,0.01752518,-0.22403999
2023-06-30,2023中报,2023-2,2023二季度,inventory_turnover_days,6.1602,,-0.25209431,,
2023-06-30,2023中报,2023-2,2023二季度,calculate_operating_income_total_yoy_growth_ratio,-1.53625500,-18.68337600,-1.02645550,-1.74241287,-1.25364626
2023-06-30,2023中报,2023-2,2023二季度,sale_net_interest_ratio,29.5177,34.7021,-0.34620283,0.42968203,-0.34190948
2023-06-30,2023中报,2023-2,2023二季度,per_undistributed_profits,2.8881,,-0.05528115,,
2023-06-30,2023中报,2023-2,2023二季度,operating_income_total,30974895019.6200,15577428445.3700,-0.01536255,0.01168776,-0.18683376
2023-06-30,2023中报,2023-2,2023二季度,per_capital_reserve,2.5331,,0.01170221,,
2023-06-30,2023中报,2023-2,2023二季度,index_full_diluted_roe,4.8005,2.8497,-0.25690005,0.46026134,-0.37231278
2023-06-30,2023中报,2023-2,2023二季度,calculate_parent_holder_net_profit_yoy_growth_ratio,-22.85387700,-37.31914600,-1.66909235,-3.29184882,-1.79145999
2023-06-30,2023中报,2023-2,2023二季度,assets_debt_ratio,66.0205,,0.47018674,,
2023-06-30,2023中报,2023-2,2023二季度,index_deduct_holder_net_profit,8496423427.0400,4925929447.4300,-0.24667979,0.37962127,-0.39795907
2023-06-30,2023中报,2023-2,2023二季度,index_weighted_avg_roe,4.2800,2.4600,-0.30179445,0.35164835,-0.44217687
2023-03-31,2023一季报,2023-1,2023一季度,index_per_operating_cash_flow_net,0.3202,0.3202,0.84979780,0.04880445,0.84979780
2023-03-31,2023一季报,2023-1,2023一季度,deduct_net_profit_yoy_growth_ratio,16.4488,16.4488,-0.45012302,1.27127030,-0.45012302
2023-03-31,2023一季报,2023-1,2023一季度,parent_holder_net_profit,3612922772.0000,3612922772.0000,0.16283424,0.18205008,0.16283424
2023-03-31,2023一季报,2023-1,2023一季度,calc_per_net_assets,7.8085,,-0.03712883,,
2023-03-31,2023一季报,2023-1,2023一季度,inventory_turnover_ratio,14.9394,,0.42888296,,
2023-03-31,2023一季报,2023-1,2023一季度,conservative_quick_ratio,0.2001,,-0.25363670,,
2023-03-31,2023一季报,2023-1,2023一季度,equity_ratio,2.0827,,1.91245980,,
2023-03-31,2023一季报,2023-1,2023一季度,current_ratio,0.2084,,-0.28286304,,
2023-03-31,2023一季报,2023-1,2023一季度,basic_eps,0.1527,0.1527,0.16298553,0.46826923,0.10652174
2023-03-31,2023一季报,2023-1,2023一季度,business_cycle,76.1669,,0.66973356,,
2023-03-31,2023一季报,2023-1,2023一季度,receive_accounts_turnover_days,70.1426,,0.89533102,,
2023-03-31,2023一季报,2023-1,2023一季度,quick_ratio,0.2001,,-0.25363670,,
2023-03-31,2023一季报,2023-1,2023一季度,sale_gross_margin,49.4945,49.4945,0.01821889,0.15023240,0.01821889
2023-03-31,2023一季报,2023-1,2023一季度,inventory_turnover_days,6.0243,,-0.30015915,,
2023-03-31,2023一季报,2023-1,2023一季度,calculate_operating_income_total_yoy_growth_ratio,25.16574900,25.16574900,-0.34942290,5.39235333,-0.34942290
2023-03-31,2023一季报,2023-1,2023一季度,sale_net_interest_ratio,24.2726,24.2726,-0.26359414,0.07787202,-0.26359414
2023-03-31,2023一季报,2023-1,2023一季度,per_undistributed_profits,3.6126,,0.02814697,,
2023-03-31,2023一季报,2023-1,2023一季度,operating_income_total,15397466574.2500,15397466574.2500,0.25165749,-0.02525215,0.25165749
2023-03-31,2023一季报,2023-1,2023一季度,per_capital_reserve,2.0736,,-0.17135550,,
2023-03-31,2023一季报,2023-1,2023一季度,index_full_diluted_roe,1.9553,1.9515,0.14936515,0.51950479,0.13670783
2023-03-31,2023一季报,2023-1,2023一季度,calculate_parent_holder_net_profit_yoy_growth_ratio,16.28342400,16.28342400,0.96592043,1.29921799,0.96592043
2023-03-31,2023一季报,2023-1,2023一季度,assets_debt_ratio,66.3521,,0.63840841,,
2023-03-31,2023一季报,2023-1,2023一季度,index_deduct_holder_net_profit,3570493979.6100,3570493979.6100,0.15304285,0.50178052,0.15304285
2023-03-31,2023一季报,2023-1,2023一季度,index_weighted_avg_roe,1.8200,1.8200,0.05813953,0.22147651,0.05813953
2022-12-31,2022年报,2022-4,2022四季度,index_per_operating_cash_flow_net,1.3593,0.3053,-0.13486507,-0.42046317,-0.50845275
2022-12-31,2022年报,2022-4,2022四季度,deduct_net_profit_yoy_growth_ratio,-11.3874,-60.6362,-0.46527697,-1.05421099,-44.74935868
2022-12-31,2022年报,2022-4,2022四季度,parent_holder_net_profit,23725915960.7100,3056488753.2900,-0.09694678,-0.66618090,-0.54419936
2022-12-31,2022年报,2022-4,2022四季度,calc_per_net_assets,8.1562,,0.02442946,,
2022-12-31,2022年报,2022-4,2022四季度,inventory_turnover_ratio,48.1529,,-0.14234749,,
2022-12-31,2022年报,2022-4,2022四季度,conservative_quick_ratio,0.2770,,0.03242639,,
2022-12-31,2022年报,2022-4,2022四季度,equity_ratio,0.7090,,-0.07162498,,
2022-12-31,2022年报,2022-4,2022四季度,current_ratio,0.2917,,-0.13081049,,
2022-12-31,2022年报,2022-4,2022四季度,basic_eps,0.9697,0.1040,-0.16065091,-0.69093611,-0.64733808
2022-12-31,2022年报,2022-4,2022四季度,business_cycle,35.7055,,0.17420630,,
2022-12-31,2022年报,2022-4,2022四季度,receive_accounts_turnover_days,28.2293,,0.17640710,,
2022-12-31,2022年报,2022-4,2022四季度,quick_ratio,0.2770,,0.03242639,,
2022-12-31,2022年报,2022-4,2022四季度,sale_gross_margin,57.2941,43.0300,-0.07677123,-0.33610227,-0.36721612
2022-12-31,2022年报,2022-4,2022四季度,inventory_turnover_days,7.4762,,0.16597006,,
2022-12-31,2022年报,2022-4,2022四季度,calculate_operating_income_total_yoy_growth_ratio,23.75159800,3.93685200,7.42196820,-0.23823673,1.14022391
2022-12-31,2022年报,2022-4,2022四季度,sale_net_interest_ratio,41.5849,22.5190,-0.12629606,-0.53895700,-0.49368085
2022-12-31,2022年报,2022-4,2022四季度,per_undistributed_profits,3.4976,,0.03614172,,
2022-12-31,2022年报,2022-4,2022四季度,operating_income_total,68863128424.2500,15796358577.7100,0.23751598,-0.26897805,0.03936852
2022-12-31,2022年报,2022-4,2022四季度,per_capital_reserve,2.5108,,0.00323650,,
2022-12-31,2022年报,2022-4,2022四季度,index_full_diluted_roe,11.4881,1.2843,-0.20828509,-0.69993692,-0.65832180
2022-12-31,2022年报,2022-4,2022四季度,calculate_parent_holder_net_profit_yoy_growth_ratio,-9.69467800,-54.41993600,-101.42335689,-2.26831976,-5.99556219
2022-12-31,2022年报,2022-4,2022四季度,assets_debt_ratio,40.1854,,-0.04513268,,
2022-12-31,2022年报,2022-4,2022四季度,index_deduct_holder_net_profit,21392344535.5800,2377507186.0300,-0.11387380,-0.69267775,-0.60636225
2022-12-31,2022年报,2022-4,2022四季度,index_weighted_avg_roe,11.7300,1.4900,-0.21380697,-0.63746959,-0.63027295
2022-09-30,2022三季报,2022-3,2022三季度,index_per_operating_cash_flow_net,1.0540,0.5268,0.10935691,0.48771533,-0.00678733
2022-09-30,2022三季报,2022-3,2022三季度,deduct_net_profit_yoy_growth_ratio,5.0452,-29.5180,1.51804619,-1.40686928,-2.28112669
2022-09-30,2022三季报,2022-3,2022三季度,parent_holder_net_profit,20669427207.4200,9156123027.4900,0.05632816,0.08919685,-0.16650738
2022-09-30,2022三季报,2022-3,2022三季度,calc_per_net_assets,8.0380,,0.04015425,,
2022-09-30,2022三季报,2022-3,2022三季度,inventory_turnover_ratio,32.3074,,-0.33640884,,
2022-09-30,2022三季报,2022-3,2022三季度,conservative_quick_ratio,0.2658,,-0.08407994,,
2022-09-30,2022三季报,2022-3,2022三季度,equity_ratio,0.7326,,-0.17934356,,
2022-09-30,2022三季报,2022-3,2022三季度,current_ratio,0.3150,,0.03448276,,
2022-09-30,2022三季报,2022-3,2022三季度,basic_eps,0.8447,0.3365,-0.01824733,-0.06162856,-0.30331263
2022-09-30,2022三季报,2022-3,2022三季度,business_cycle,39.3067,,-0.17378464,,
2022-09-30,2022三季报,2022-3,2022三季度,receive_accounts_turnover_days,30.9495,,-0.26360859,,
2022-09-30,2022三季报,2022-3,2022三季度,quick_ratio,0.2658,,-0.08407994,,
2022-09-30,2022三季报,2022-3,2022三季度,sale_gross_margin,61.0239,64.8142,0.02003159,-0.00136358,-0.08396038
2022-09-30,2022三季报,2022-3,2022三季度,inventory_turnover_days,8.3572,,0.50694219,,
2022-09-30,2022三季报,2022-3,2022三季度,calculate_operating_income_total_yoy_growth_ratio,31.19680000,5.16807800,6.54435315,-0.92983797,1.49402169
2022-09-30,2022三季报,2022-3,2022三季度,sale_net_interest_ratio,46.5702,48.8436,-0.04507623,-0.07373012,-0.09148131
2022-09-30,2022三季报,2022-3,2022三季度,per_undistributed_profits,3.3936,,0.07993890,,
2022-09-30,2022三季报,2022-3,2022三季度,operating_income_total,53066769846.5400,21608596952.9800,0.31196800,0.12800271,0.05168078
2022-09-30,2022三季报,2022-3,2022三季度,per_capital_reserve,2.5039,,0.00067940,,
2022-09-30,2022三季报,2022-3,2022三季度,index_full_diluted_roe,10.3633,4.2801,-0.06922877,-0.05724670,-0.33636716
2022-09-30,2022三季报,2022-3,2022三季度,calculate_parent_holder_net_profit_yoy_growth_ratio,5.63281600,-16.65073800,2.66857761,-1.35312686,-0.50839350
2022-09-30,2022三季报,2022-3,2022三季度,assets_debt_ratio,40.9493,,-0.12477558,,
2022-09-30,2022三季报,2022-3,2022三季度,index_deduct_holder_net_profit,19014837349.5500,7736202643.2500,0.05045155,-0.05449100,-0.29518031
2022-09-30,2022三季报,2022-3,2022三季度,index_weighted_avg_roe,10.2400,4.1100,-0.05968779,-0.06802721,-0.30924370
2022-06-30,2022中报,2022-2,2022二季度,index_per_operating_cash_flow_net,0.5272,0.3541,0.25613533,1.04563836,0.29045190
2022-06-30,2022中报,2022-2,2022二季度,deduct_net_profit_yoy_growth_ratio,58.2869,72.5491,6.36751326,1.42528816,8.44872585
2022-06-30,2022中报,2022-2,2022二季度,parent_holder_net_profit,11513304179.9300,8406306931.1000,0.34156536,1.70560488,0.47152284
2022-06-30,2022中报,2022-2,2022二季度,calc_per_net_assets,7.6858,,0.05989106,,
2022-06-30,2022中报,2022-2,2022二季度,inventory_turnover_ratio,21.8536,,-0.35170028,,
2022-06-30,2022中报,2022-2,2022二季度,conservative_quick_ratio,0.2917,,0.72603550,,
2022-06-30,2022中报,2022-2,2022二季度,equity_ratio,0.8613,,-0.13610832,,
2022-06-30,2022中报,2022-2,2022二季度,current_ratio,0.3480,,0.90684932,,
2022-06-30,2022中报,2022-2,2022二季度,basic_eps,0.4705,0.3586,0.24668786,1.59855072,0.42754777
2022-06-30,2022中报,2022-2,2022二季度,business_cycle,47.0716,,0.11473810,,
2022-06-30,2022中报,2022-2,2022二季度,receive_accounts_turnover_days,38.8350,,0.05281564,,
2022-06-30,2022中报,2022-2,2022二季度,quick_ratio,0.2917,,0.72603550,,
2022-06-30,2022中报,2022-2,2022二季度,sale_gross_margin,58.6529,64.9027,0.20829677,0.33520199,0.22908279
2022-06-30,2022中报,2022-2,2022二季度,inventory_turnover_days,8.2366,,0.54249223,,
2022-06-30,2022中报,2022-2,2022二季度,calculate_operating_income_total_yoy_growth_ratio,58.06940800,73.65918200,1047.06946246,0.90421422,18.08399500
2022-06-30,2022中报,2022-2,2022二季度,sale_net_interest_ratio,45.1481,52.7315,0.03519110,0.59981979,0.00976803
2022-06-30,2022中报,2022-2,2022二季度,per_undistributed_profits,3.0571,,0.14958824,,
2022-06-30,2022中报,2022-2,2022二季度,operating_income_total,31458172893.5600,19156511507.4000,0.58069408,0.55722962,0.73659182
2022-06-30,2022中报,2022-2,2022二季度,per_capital_reserve,2.5038,,0.00063944,,
2022-06-30,2022中报,2022-2,2022二季度,index_full_diluted_roe,6.4601,4.5400,0.24139588,1.64445480,0.35111005
2022-06-30,2022中报,2022-2,2022二季度,calculate_parent_holder_net_profit_yoy_growth_ratio,34.15653600,47.15228400,2.97256835,4.69276083,25.29027067
2022-06-30,2022中报,2022-2,2022二季度,assets_debt_ratio,44.9062,,-0.09302025,,
2022-06-30,2022中报,2022-2,2022二季度,index_deduct_holder_net_profit,11278634706.3000,8182050763.2900,0.58286851,1.64228289,0.72549117
2022-06-30,2022中报,2022-2,2022二季度,index_weighted_avg_roe,6.1300,4.4100,0.24089069,1.56395349,0.34042553
2022-03-31,2022一季报,2022-1,2022一季度,index_per_operating_cash_flow_net,0.1731,0.1731,0.19132829,-0.72130092,0.19132829
2022-03-31,2022一季报,2022-1,2022一季度,deduct_net_profit_yoy_growth_ratio,29.9136,29.9136,3.30003768,23.56948846,3.30003768
2022-03-31,2022一季报,2022-1,2022一季度,parent_holder_net_profit,3106997248.8300,3106997248.8300,0.08282850,-0.53666725,0.08282850
2022-03-31,2022一季报,2022-1,2022一季度,calc_per_net_assets,8.1096,,0.05320848,,
2022-03-31,2022一季报,2022-1,2022一季度,inventory_turnover_ratio,10.4553,,-0.39907579,,
2022-03-31,2022一季报,2022-1,2022一季度,conservative_quick_ratio,0.2681,,1.33333333,,
2022-03-31,2022一季报,2022-1,2022一季度,equity_ratio,0.7151,,-0.16343004,,
2022-03-31,2022一季报,2022-1,2022一季度,current_ratio,0.2906,,1.22852761,,
2022-03-31,2022一季报,2022-1,2022一季度,basic_eps,0.1313,0.1380,0.04041204,-0.53204476,0.09350238
2022-03-31,2022一季报,2022-1,2022一季度,business_cycle,45.6162,,0.11806056,,
2022-03-31,2022一季报,2022-1,2022一季度,receive_accounts_turnover_days,37.0081,,0.03877721,,
2022-03-31,2022一季报,2022-1,2022一季度,quick_ratio,0.2681,,1.33333333,,
2022-03-31,2022一季报,2022-1,2022一季度,sale_gross_margin,48.6089,48.6089,0.12418852,-0.28517480,0.12418852
2022-03-31,2022一季报,2022-1,2022一季度,inventory_turnover_days,8.6081,,0.66410841,,
2022-03-31,2022一季报,2022-1,2022一季度,calculate_operating_income_total_yoy_growth_ratio,38.68219300,38.68219300,5.67350305,20.02912543,5.67350305
2022-03-31,2022一季报,2022-1,2022一季度,sale_net_interest_ratio,32.9609,32.9609,0.00159838,-0.25890426,0.00159838
2022-03-31,2022一季报,2022-1,2022一季度,per_undistributed_profits,3.5137,,0.13049773,,
2022-03-31,2022一季报,2022-1,2022一季度,operating_income_total,12301661386.1600,12301661386.1600,0.38682193,-0.19057550,0.38682193
2022-03-31,2022一季报,2022-1,2022一季度,per_capital_reserve,2.5024,,-0.00031959,,
2022-03-31,2022一季报,2022-1,2022一季度,index_full_diluted_roe,1.7012,1.7168,0.03820334,-0.54325849,0.03878502
2022-03-31,2022一季报,2022-1,2022一季度,calculate_parent_holder_net_profit_yoy_growth_ratio,8.28285000,8.28285000,-0.67222582,-0.23966297,-0.67222582
2022-03-31,2022一季报,2022-1,2022一季度,assets_debt_ratio,40.4979,,-0.11451161,,
2022-03-31,2022一季报,2022-1,2022一季度,index_deduct_holder_net_profit,3096583943.0100,3096583943.0100,0.29913566,-0.48730656,0.29913566
2022-03-31,2022一季报,2022-1,2022一季度,index_weighted_avg_roe,1.7200,1.7200,0.04242424,-0.57320099,0.04242424
2021-12-31,2021年报,2021-4,2021四季度,index_per_operating_cash_flow_net,1.5712,0.6211,-0.12928789,0.17100302,0.05755151
2021-12-31,2021年报,2021-4,2021四季度,deduct_net_profit_yoy_growth_ratio,-7.7715,-1.3254,-1.32547377,0.85267277,-1.02395766
2021-12-31,2021年报,2021-4,2021四季度,parent_holder_net_profit,26272998503.2400,6705757888.9600,-0.00094653,-0.38956699,0.10893656
2021-12-31,2021年报,2021-4,2021四季度,calc_per_net_assets,7.9617,,0.05197997,,
2021-12-31,2021年报,2021-4,2021四季度,inventory_turnover_ratio,56.1450,,-0.33040905,,
2021-12-31,2021年报,2021-4,2021四季度,conservative_quick_ratio,0.2683,,0.57176333,,
2021-12-31,2021年报,2021-4,2021四季度,equity_ratio,0.7637,,-0.13813339,,
2021-12-31,2021年报,2021-4,2021四季度,current_ratio,0.3356,,0.79465241,,
2021-12-31,2021年报,2021-4,2021四季度,basic_eps,1.1553,0.2949,-0.02531005,-0.38944099,0.10906356
2021-12-31,2021年报,2021-4,2021四季度,business_cycle,30.4082,,0.22437459,,
2021-12-31,2021年报,2021-4,2021四季度,receive_accounts_turnover_days,23.9962,,0.16813599,,
2021-12-31,2021年报,2021-4,2021四季度,quick_ratio,0.2683,,0.57176333,,
2021-12-31,2021年报,2021-4,2021四季度,sale_gross_margin,62.0584,68.0011,-0.02114081,-0.03891891,0.09821785
2021-12-31,2021年报,2021-4,2021四季度,inventory_turnover_days,6.4120,,0.49345507,,
2021-12-31,2021年报,2021-4,2021四季度,calculate_operating_income_total_yoy_growth_ratio,-3.69849200,1.83945800,-1.23321833,1.17583561,-0.93079080
2021-12-31,2021年报,2021-4,2021四季度,sale_net_interest_ratio,47.5961,44.4759,0.03758954,-0.17272301,0.07836833
2021-12-31,2021年报,2021-4,2021四季度,per_undistributed_profits,3.3756,,0.13202991,,
2021-12-31,2021年报,2021-4,2021四季度,operating_income_total,55646253991.8300,15198034453.6200,-0.03698492,-0.26031844,0.01839458
2021-12-31,2021年报,2021-4,2021四季度,per_capital_reserve,2.5027,,-0.00019974,,
2021-12-31,2021年报,2021-4,2021四季度,index_full_diluted_roe,14.5104,3.7588,-0.05030434,-0.41719513,0.04927002
2021-12-31,2021年报,2021-4,2021四季度,calculate_parent_holder_net_profit_yoy_growth_ratio,-0.09465300,10.89365600,-1.00428899,1.98685835,-0.82696606
2021-12-31,2021年报,2021-4,2021四季度,assets_debt_ratio,42.0848,,-0.08706197,,
2021-12-31,2021年报,2021-4,2021四季度,index_deduct_holder_net_profit,24141419619.0300,6039835268.0900,-0.07771452,-0.44973070,-0.01325438
2021-12-31,2021年报,2021-4,2021四季度,index_weighted_avg_roe,14.9200,4.0300,-0.10712148,-0.32268908,0.13841808
2021-09-30,2021三季报,2021-3,2021三季度,index_per_operating_cash_flow_net,0.9501,0.5304,-0.21943805,0.93294461,-0.20681920
2021-09-30,2021三季报,2021-3,2021三季度,deduct_net_profit_yoy_growth_ratio,-9.7389,-8.9963,-1.58427324,0.07633627,-1.31500643
2021-09-30,2021三季报,2021-3,2021三季度,parent_holder_net_profit,19567240614.2800,10985247902.8200,-0.03375819,0.92296609,-0.11038723
2021-09-30,2021三季报,2021-3,2021三季度,calc_per_net_assets,7.7277,,0.05957604,,
2021-09-30,2021三季报,2021-3,2021三季度,inventory_turnover_ratio,48.6857,,0.01454962,,
2021-09-30,2021三季报,2021-3,2021三季度,conservative_quick_ratio,0.2902,,0.69806905,,
2021-09-30,2021三季报,2021-3,2021三季度,equity_ratio,0.8927,,-0.16927229,,
2021-09-30,2021三季报,2021-3,2021三季度,current_ratio,0.3045,,0.02146931,,
2021-09-30,2021三季报,2021-3,2021三季度,basic_eps,0.8604,0.4830,-0.06529060,0.92277070,-0.11245865
2021-09-30,2021三季报,2021-3,2021三季度,business_cycle,47.5744,,0.06526704,,
2021-09-30,2021三季报,2021-3,2021三季度,receive_accounts_turnover_days,42.0286,,0.07674256,,
2021-09-30,2021三季报,2021-3,2021三季度,quick_ratio,0.2902,,0.69806905,,
2021-09-30,2021三季报,2021-3,2021三季度,sale_gross_margin,59.8255,70.7548,-0.06396584,0.33990584,0.00042418
2021-09-30,2021三季报,2021-3,2021三季度,inventory_turnover_days,5.5458,,-0.01434284,,
2021-09-30,2021三季报,2021-3,2021三季度,calculate_operating_income_total_yoy_growth_ratio,-5.62677000,-10.46123700,-1.44870871,-1.42630607,-1.35474566
2021-09-30,2021三季报,2021-3,2021三季度,sale_net_interest_ratio,48.7685,53.7618,0.02706852,0.02949749,-0.00498232
2021-09-30,2021三季报,2021-3,2021三季度,per_undistributed_profits,3.1424,,0.15440285,,
2021-09-30,2021三季报,2021-3,2021三季度,operating_income_total,40448219538.2100,20546726096.2200,-0.05626770,0.86261870,-0.10461237
2021-09-30,2021三季报,2021-3,2021三季度,per_capital_reserve,2.5022,,0.01299543,,
2021-09-30,2021三季报,2021-3,2021三季度,index_full_diluted_roe,11.1341,6.4495,-0.09012086,0.91937980,-0.19756389
2021-09-30,2021三季报,2021-3,2021三季度,calculate_parent_holder_net_profit_yoy_growth_ratio,-3.37581900,-11.03872300,-1.24894609,-7.15476051,-1.33101908
2021-09-30,2021三季报,2021-3,2021三季度,assets_debt_ratio,46.7872,,-0.09240242,,
2021-09-30,2021三季报,2021-3,2021三季度,index_deduct_holder_net_profit,18101584350.9400,10976144284.8400,-0.09738864,1.31473021,-0.08996337
2021-09-30,2021三季报,2021-3,2021三季度,index_weighted_avg_roe,10.8900,5.9500,-0.17312073,0.80851064,-0.24873737
2021-06-30,2021中报,2021-2,2021二季度,index_per_operating_cash_flow_net,0.4197,0.2744,-0.23482224,0.88850654,-0.06856755
2021-06-30,2021中报,2021-2,2021二季度,deduct_net_profit_yoy_growth_ratio,-10.8592,-9.7398,-5.56211402,0.25111297,-2.71719716
2021-06-30,2021中报,2021-2,2021二季度,parent_holder_net_profit,8581992711.4600,5712658141.1700,0.08598099,0.99093483,0.01793526
2021-06-30,2021中报,2021-2,2021二季度,calc_per_net_assets,7.2515,,0.12518814,,
2021-06-30,2021中报,2021-2,2021二季度,inventory_turnover_ratio,33.7091,,0.09774096,,
2021-06-30,2021中报,2021-2,2021二季度,conservative_quick_ratio,0.1690,,-0.02649770,,
2021-06-30,2021中报,2021-2,2021二季度,equity_ratio,0.9970,,-0.25295969,,
2021-06-30,2021中报,2021-2,2021二季度,current_ratio,0.1825,,0.00164654,,
2021-06-30,2021中报,2021-2,2021二季度,basic_eps,0.3774,0.2512,0.05066815,0.99049128,-0.01528812
2021-06-30,2021中报,2021-2,2021二季度,business_cycle,42.2266,,-0.16425337,,
2021-06-30,2021中报,2021-2,2021二季度,receive_accounts_turnover_days,36.8868,,-0.17412496,,
2021-06-30,2021中报,2021-2,2021二季度,quick_ratio,0.1690,,-0.02649770,,
2021-06-30,2021中报,2021-2,2021二季度,sale_gross_margin,48.5418,52.8058,-0.13418247,0.22125114,-0.10573217
2021-06-30,2021中报,2021-2,2021二季度,inventory_turnover_days,5.3398,,-0.08903560,,
2021-06-30,2021中报,2021-2,2021二季度,calculate_operating_income_total_yoy_growth_ratio,-0.05551200,-4.31159000,0.97489214,-1.74384120,-1.23223915
2021-06-30,2021中报,2021-2,2021二季度,sale_net_interest_ratio,43.6133,52.2214,0.09203881,0.58687626,0.06389949
2021-06-30,2021中报,2021-2,2021二季度,per_undistributed_profits,2.6593,,0.18385790,,
2021-06-30,2021中报,2021-2,2021二季度,operating_income_total,19901493441.9900,11031096244.0100,-0.00055512,0.24358538,-0.04311590
2021-06-30,2021中报,2021-2,2021二季度,per_capital_reserve,2.5022,,0.24166336,,
2021-06-30,2021中报,2021-2,2021二季度,index_full_diluted_roe,5.2039,3.3602,-0.06633056,1.03315786,-0.12142446
2021-06-30,2021中报,2021-2,2021二季度,calculate_parent_holder_net_profit_yoy_growth_ratio,8.59809900,1.79352600,2.10027162,-0.92902545,3.28522101
2021-06-30,2021中报,2021-2,2021二季度,assets_debt_ratio,49.5118,,-0.12944755,,
2021-06-30,2021中报,2021-2,2021二季度,index_deduct_holder_net_profit,7125440066.1000,4741867641.2100,-0.10859250,0.98939524,-0.09739812
2021-06-30,2021中报,2021-2,2021二季度,index_weighted_avg_roe,4.9400,3.2900,-0.05904762,0.99393939,-0.11796247
2021-03-31,2021一季报,2021-1,2021一季度,index_per_operating_cash_flow_net,0.1453,0.1453,-0.42772745,-0.75259663,-0.42772745
2021-03-31,2021一季报,2021-1,2021一季度,deduct_net_profit_yoy_growth_ratio,-13.0057,-13.0057,-1.95900926,-1.23508837,-1.95900926
2021-03-31,2021一季报,2021-1,2021一季度,parent_holder_net_profit,2869334570.2900,2869334570.2900,0.25269989,-0.52549584,0.25269989
2021-03-31,2021一季报,2021-1,2021一季度,calc_per_net_assets,7.6999,,0.11678536,,
2021-03-31,2021一季报,2021-1,2021一季度,inventory_turnover_ratio,17.3987,,-0.00360790,,
2021-03-31,2021一季报,2021-1,2021一季度,conservative_quick_ratio,0.1149,,-0.47701411,,
2021-03-31,2021一季报,2021-1,2021一季度,equity_ratio,0.8548,,-0.10238370,,
2021-03-31,2021一季报,2021-1,2021一季度,current_ratio,0.1304,,-0.44909168,,
2021-03-31,2021一季报,2021-1,2021一季度,basic_eps,0.1262,0.1262,0.21229587,-0.52538548,0.21229587
2021-03-31,2021一季报,2021-1,2021一季度,business_cycle,40.7994,,-0.02137417,,
2021-03-31,2021一季报,2021-1,2021一季度,receive_accounts_turnover_days,35.6266,,-0.02490119,,
2021-03-31,2021一季报,2021-1,2021一季度,quick_ratio,0.1149,,-0.47701411,,
2021-03-31,2021一季报,2021-1,2021一季度,sale_gross_margin,43.2391,43.2391,-0.16785634,-0.30168848,-0.16785634
2021-03-31,2021一季报,2021-1,2021一季度,inventory_turnover_days,5.1728,,0.00362818,,
2021-03-31,2021一季报,2021-1,2021一季度,calculate_operating_income_total_yoy_growth_ratio,5.79638500,5.79638500,3.23578092,-0.78191229,3.23578092
2021-03-31,2021一季报,2021-1,2021一季度,sale_net_interest_ratio,32.9083,32.9083,0.20277116,-0.20210117,0.20277116
2021-03-31,2021一季报,2021-1,2021一季度,per_undistributed_profits,3.1081,,0.16360301,,
2021-03-31,2021一季报,2021-1,2021一季度,operating_income_total,8870397197.9800,8870397197.9800,0.05796385,-0.40560969,0.05796385
2021-03-31,2021一季报,2021-1,2021一季度,per_capital_reserve,2.5032,,0.24129723,,
2021-03-31,2021一季报,2021-1,2021一季度,index_full_diluted_roe,1.6386,1.6527,0.08509370,-0.53864835,0.08658777
2021-03-31,2021一季报,2021-1,2021一季度,calculate_parent_holder_net_profit_yoy_growth_ratio,25.26998900,25.26998900,2.17806198,-0.59861355,2.17806198
2021-03-31,2021一季报,2021-1,2021一季度,assets_debt_ratio,45.7351,,-0.06079605,,
2021-03-31,2021一季报,2021-1,2021一季度,index_deduct_holder_net_profit,2383572424.8900,2383572424.8900,-0.13005674,-0.61058878,-0.13005674
2021-03-31,2021一季报,2021-1,2021一季度,index_weighted_avg_roe,1.6500,1.6500,0.08552632,-0.53389831,0.08552632
2020-12-31,2020年报,2020-4,2020四季度,index_per_operating_cash_flow_net,1.8045,0.5873,0.08868778,-0.12172873,0.26165414
2020-12-31,2020年报,2020-4,2020四季度,deduct_net_profit_yoy_growth_ratio,23.8775,55.3226,6.69746355,0.93712687,4.04576135
2020-12-31,2020年报,2020-4,2020四季度,parent_holder_net_profit,26297890222.7000,6047016671.6500,0.22068828,-0.51029751,0.62956757
2020-12-31,2020年报,2020-4,2020四季度,calc_per_net_assets,7.5683,,0.11365676,,
2020-12-31,2020年报,2020-4,2020四季度,inventory_turnover_ratio,83.8497,,-0.00981801,,
2020-12-31,2020年报,2020-4,2020四季度,conservative_quick_ratio,0.1707,,-0.07629870,,
2020-12-31,2020年报,2020-4,2020四季度,equity_ratio,0.8861,,-0.09544712,,
2020-12-31,2020年报,2020-4,2020四季度,current_ratio,0.1870,,-0.05172414,,
2020-12-31,2020年报,2020-4,2020四季度,basic_eps,1.1853,0.2659,0.21047794,-0.51139287,0.57617072
2020-12-31,2020年报,2020-4,2020四季度,business_cycle,24.8357,,0.01971210,,
2020-12-31,2020年报,2020-4,2020四季度,receive_accounts_turnover_days,20.5423,,0.02178130,,
2020-12-31,2020年报,2020-4,2020四季度,quick_ratio,0.1707,,-0.07629870,,
2020-12-31,2020年报,2020-4,2020四季度,sale_gross_margin,63.3987,61.9195,0.01420070,-0.12450088,0.11043263
2020-12-31,2020年报,2020-4,2020四季度,inventory_turnover_days,4.2934,,0.00992661,,
2020-12-31,2020年报,2020-4,2020四季度,calculate_operating_income_total_yoy_growth_ratio,15.85849600,26.57822800,7.06156705,-0.09871930,10.00853360
2020-12-31,2020年报,2020-4,2020四季度,sale_net_interest_ratio,45.8718,41.2437,0.06077172,-0.23666599,0.30567207
2020-12-31,2020年报,2020-4,2020四季度,per_undistributed_profits,2.9819,,0.16162836,,
2020-12-31,2020年报,2020-4,2020四季度,operating_income_total,57783367039.8300,14923522489.6200,0.15858496,-0.34966099,0.26578228
2020-12-31,2020年报,2020-4,2020四季度,per_capital_reserve,2.5032,,0.24129723,,
2020-12-31,2020年报,2020-4,2020四季度,index_full_diluted_roe,15.2790,3.5823,0.06034949,-0.55429617,0.42239428
2020-12-31,2020年报,2020-4,2020四季度,calculate_parent_holder_net_profit_yoy_growth_ratio,22.06882800,62.95675700,5.67469393,0.88788937,4.01905507
2020-12-31,2020年报,2020-4,2020四季度,assets_debt_ratio,46.0982,,-0.06686639,,
2020-12-31,2020年报,2020-4,2020四季度,index_deduct_holder_net_profit,26175647473.8500,6120964875.8600,0.23877463,-0.49250829,0.55322615
2020-12-31,2020年报,2020-4,2020四季度,index_weighted_avg_roe,16.7100,3.5400,0.13134733,-0.55303030,0.37743191
2020-09-30,2020三季报,2020-3,2020三季度,index_per_operating_cash_flow_net,1.2172,0.6687,0.02114094,1.26985743,0.18669033
2020-09-30,2020三季报,2020-3,2020三季度,deduct_net_profit_yoy_growth_ratio,16.6684,28.5591,58.93673966,11.89958782,67.12433434
2020-09-30,2020三季报,2020-3,2020三季度,parent_holder_net_profit,20250873551.0500,12348347839.4800,0.13560442,1.20034498,0.33347694
2020-09-30,2020三季报,2020-3,2020三季度,calc_per_net_assets,7.2932,,0.10519776,,
2020-09-30,2020三季报,2020-3,2020三季度,inventory_turnover_ratio,47.9875,,-0.11165022,,
2020-09-30,2020三季报,2020-3,2020三季度,conservative_quick_ratio,0.1709,,-0.17757459,,
2020-09-30,2020三季报,2020-3,2020三季度,equity_ratio,1.0746,,0.04767476,,
2020-09-30,2020三季报,2020-3,2020三季度,current_ratio,0.2981,,0.34825871,,
2020-09-30,2020三季报,2020-3,2020三季度,basic_eps,0.9205,0.5442,0.13557858,1.13328107,0.29294369
2020-09-30,2020三季报,2020-3,2020三季度,business_cycle,44.6596,,0.25722715,,
2020-09-30,2020三季报,2020-3,2020三季度,receive_accounts_turnover_days,39.0331,,0.27876753,,
2020-09-30,2020三季报,2020-3,2020三季度,quick_ratio,0.1709,,-0.17757459,,
2020-09-30,2020三季报,2020-3,2020三季度,sale_gross_margin,63.9138,70.7248,-0.01062995,0.19772664,-0.03563754
2020-09-30,2020三季报,2020-3,2020三季度,inventory_turnover_days,5.6265,,0.12568273,,
2020-09-30,2020三季报,2020-3,2020三季度,calculate_operating_income_total_yoy_growth_ratio,12.53991700,29.48940100,5.99132960,16.26754522,3.74325955
2020-09-30,2020三季报,2020-3,2020三季度,sale_net_interest_ratio,47.4832,54.0310,0.01347005,0.10076622,0.03313110
2020-09-30,2020三季报,2020-3,2020三季度,per_undistributed_profits,2.7221,,0.15553763,,
2020-09-30,2020三季报,2020-3,2020三季度,operating_income_total,42859844550.2100,22947297238.1600,0.12539917,0.99054594,0.29489401
2020-09-30,2020三季报,2020-3,2020三季度,per_capital_reserve,2.4701,,0.22597776,,
2020-09-30,2020三季报,2020-3,2020三季度,index_full_diluted_roe,12.2369,8.0374,-0.00378560,1.10150081,0.22130375
2020-09-30,2020三季报,2020-3,2020三季度,calculate_parent_holder_net_profit_yoy_growth_ratio,13.56044200,33.34769400,28.08194017,43.48996161,23.43282401
2020-09-30,2020三季报,2020-3,2020三季度,assets_debt_ratio,51.5506,,0.01982654,,
2020-09-30,2020三季报,2020-3,2020三季度,index_deduct_holder_net_profit,20054682597.9900,12061211530.3900,0.16668439,1.29581949,0.28559126
2020-09-30,2020三季报,2020-3,2020三季度,index_weighted_avg_roe,13.1700,7.9200,0.07950820,1.12332440,0.26517572
2020-06-30,2020中报,2020-2,2020二季度,index_per_operating_cash_flow_net,0.5485,0.2946,-0.12728719,0.16029933,-0.24712497
2020-06-30,2020中报,2020-2,2020二季度,deduct_net_profit_yoy_growth_ratio,2.3803,-2.6202,21.89815628,-1.19320729,-1.47196354
2020-06-30,2020中报,2020-2,2020二季度,parent_holder_net_profit,7902525711.5700,5612005374.4200,-0.07814524,1.45010065,-0.00784837
2020-06-30,2020中报,2020-2,2020二季度,calc_per_net_assets,6.4447,,0.04062586,,
2020-06-30,2020中报,2020-2,2020二季度,inventory_turnover_ratio,30.7077,,-0.17896924,,
2020-06-30,2020中报,2020-2,2020二季度,conservative_quick_ratio,0.1736,,0.04452467,,
2020-06-30,2020中报,2020-2,2020二季度,equity_ratio,1.3346,,0.12539000,,
2020-06-30,2020中报,2020-2,2020二季度,current_ratio,0.1822,,0.02130045,,
2020-06-30,2020中报,2020-2,2020二季度,basic_eps,0.3592,0.2551,-0.07826533,1.45052834,-0.00777907
2020-06-30,2020中报,2020-2,2020二季度,business_cycle,50.5256,,0.35607887,,
2020-06-30,2020中报,2020-2,2020二季度,receive_accounts_turnover_days,44.6639,,0.37656530,,
2020-06-30,2020中报,2020-2,2020二季度,quick_ratio,0.1736,,0.04452467,,
2020-06-30,2020中报,2020-2,2020二季度,sale_gross_margin,56.0647,59.0492,-0.01633802,0.13641166,-0.03267807
2020-06-30,2020中报,2020-2,2020二季度,inventory_turnover_days,5.8617,,0.21796497,,
2020-06-30,2020中报,2020-2,2020二季度,calculate_operating_income_total_yoy_growth_ratio,-2.21094100,-1.93150900,-1.36835952,0.25497858,-1.30742390
2020-06-30,2020中报,2020-2,2020二季度,sale_net_interest_ratio,39.9375,49.0849,-0.05164512,0.79401251,0.01977222
2020-06-30,2020中报,2020-2,2020二季度,per_undistributed_profits,2.2463,,0.16099855,,
2020-06-30,2020中报,2020-2,2020二季度,operating_income_total,19912547312.0500,11528142497.0400,-0.02210941,0.37495061,-0.01931509
2020-06-30,2020中报,2020-2,2020二季度,per_capital_reserve,2.0152,,0.00019853,,
2020-06-30,2020中报,2020-2,2020二季度,index_full_diluted_roe,5.5736,3.8246,-0.11414857,1.51452991,-0.04815709
2020-06-30,2020中报,2020-2,2020二季度,calculate_parent_holder_net_profit_yoy_growth_ratio,-7.81452400,-0.78483700,-14.32095310,0.96341167,-0.32018759
2020-06-30,2020中报,2020-2,2020二季度,assets_debt_ratio,56.8740,,0.05001772,,
2020-06-30,2020中报,2020-2,2020二季度,index_deduct_holder_net_profit,7993471067.6000,5253553944.0900,0.02380292,0.91741345,-0.02620226
2020-06-30,2020中报,2020-2,2020二季度,index_weighted_avg_roe,5.2500,3.7300,-0.11616162,1.45394737,-0.04603581
2020-03-31,2020一季报,2020-1,2020一季度,index_per_operating_cash_flow_net,0.2539,0.2539,0.07040472,-0.45456498,0.07040472
2020-03-31,2020一季报,2020-1,2020一季度,deduct_net_profit_yoy_growth_ratio,13.5616,13.5616,2.25364911,1.74662791,2.25364911
2020-03-31,2020一季报,2020-1,2020一季度,parent_holder_net_profit,2290520337.1500,2290520337.1500,-0.21450475,-0.38274394,-0.21450475
2020-03-31,2020一季报,2020-1,2020一季度,calc_per_net_assets,6.8947,,0.04397135,,
2020-03-31,2020一季报,2020-1,2020一季度,inventory_turnover_ratio,17.4617,,-0.03529717,,
2020-03-31,2020一季报,2020-1,2020一季度,conservative_quick_ratio,0.2197,,0.60247994,,
2020-03-31,2020一季报,2020-1,2020一季度,equity_ratio,0.9523,,-0.07830043,,
2020-03-31,2020一季报,2020-1,2020一季度,current_ratio,0.2367,,0.45303867,,
2020-03-31,2020一季报,2020-1,2020一季度,basic_eps,0.1041,0.1041,-0.21433962,-0.38292828,-0.21433962
2020-03-31,2020一季报,2020-1,2020一季度,business_cycle,41.6905,,0.12094740,,
2020-03-31,2020一季报,2020-1,2020一季度,receive_accounts_turnover_days,36.5364,,0.13396648,,
2020-03-31,2020一季报,2020-1,2020一季度,quick_ratio,0.2197,,0.60247994,,
2020-03-31,2020一季报,2020-1,2020一季度,sale_gross_margin,51.9611,51.9611,0.00958856,-0.06815622,0.00958856
2020-03-31,2020一季报,2020-1,2020一季度,inventory_turnover_days,5.1541,,0.03658340,,
2020-03-31,2020一季报,2020-1,2020一季度,calculate_operating_income_total_yoy_growth_ratio,-2.59255500,-2.59255500,-1.46121918,0.12126878,-1.46121918
2020-03-31,2020一季报,2020-1,2020一季度,sale_net_interest_ratio,27.3604,27.3604,-0.19266802,-0.13383838,-0.19266802
2020-03-31,2020一季报,2020-1,2020一季度,per_undistributed_profits,2.6711,,0.13311840,,
2020-03-31,2020一季报,2020-1,2020一季度,operating_income_total,8384404815.0100,8384404815.0100,-0.02592555,-0.28885214,-0.02592555
2020-03-31,2020一季报,2020-1,2020一季度,per_capital_reserve,2.0166,,0.00158935,,
2020-03-31,2020一季报,2020-1,2020一季度,index_full_diluted_roe,1.5101,1.5210,-0.24758346,-0.39606909,-0.25018487
2020-03-31,2020一季报,2020-1,2020一季度,calculate_parent_holder_net_profit_yoy_growth_ratio,-21.45047500,-21.45047500,-8.24763663,-0.02864519,-8.24763663
2020-03-31,2020一季报,2020-1,2020一季度,assets_debt_ratio,48.6956,,-0.04018575,,
2020-03-31,2020一季报,2020-1,2020一季度,index_deduct_holder_net_profit,2739917123.5100,2739917123.5100,0.13561625,-0.30473201,0.13561625
2020-03-31,2020一季报,2020-1,2020一季度,index_weighted_avg_roe,1.5200,1.5200,-0.25123153,-0.40856031,-0.25123153
2019-12-31,2019年报,2019-4,2019四季度,index_per_operating_cash_flow_net,1.6575,0.4655,-0.08232754,-0.17391304,-0.12070268
2019-12-31,2019年报,2019-4,2019四季度,deduct_net_profit_yoy_growth_ratio,-4.1909,-18.1638,-4.23731567,-41.05556842,-3.68815817
2019-12-31,2019年报,2019-4,2019四季度,parent_holder_net_profit,21543493635.5700,3710810638.9000,-0.04720914,-0.59927591,-0.20853133
2019-12-31,2019年报,2019-4,2019四季度,calc_per_net_assets,6.7959,,0.05137845,,
2019-12-31,2019年报,2019-4,2019四季度,inventory_turnover_ratio,84.6811,,0.06095261,,
2019-12-31,2019年报,2019-4,2019四季度,conservative_quick_ratio,0.1848,,0.30508475,,
2019-12-31,2019年报,2019-4,2019四季度,equity_ratio,0.9796,,-0.08840499,,
2019-12-31,2019年报,2019-4,2019四季度,current_ratio,0.1972,,0.18154584,,
2019-12-31,2019年报,2019-4,2019四季度,basic_eps,0.9792,0.1687,-0.04728546,-0.59919221,-0.20835289
2019-12-31,2019年报,2019-4,2019四季度,business_cycle,24.3556,,-0.02706805,,
2019-12-31,2019年报,2019-4,2019四季度,receive_accounts_turnover_days,20.1044,,-0.02038708,,
2019-12-31,2019年报,2019-4,2019四季度,quick_ratio,0.1848,,0.30508475,,
2019-12-31,2019年报,2019-4,2019四季度,sale_gross_margin,62.5110,55.7616,-0.00603746,-0.23966708,-0.12456119
2019-12-31,2019年报,2019-4,2019四季度,inventory_turnover_days,4.2512,,-0.05746719,,
2019-12-31,2019年报,2019-4,2019四季度,calculate_operating_income_total_yoy_growth_ratio,-2.61623700,-2.95033900,-2.22786350,0.72554391,0.50191748
2019-12-31,2019年报,2019-4,2019四季度,sale_net_interest_ratio,43.2438,31.5881,-0.02193443,-0.39600140,-0.18606671
2019-12-31,2019年报,2019-4,2019四季度,per_undistributed_profits,2.5670,,0.16681818,,
2019-12-31,2019年报,2019-4,2019四季度,operating_income_total,49874086874.9500,11789960035.2200,-0.02616237,-0.33470385,-0.02950339
2019-12-31,2019年报,2019-4,2019四季度,per_capital_reserve,2.0166,,0.00158935,,
2019-12-31,2019年报,2019-4,2019四季度,index_full_diluted_roe,14.4094,2.5185,-0.09377123,-0.61730740,-0.24883679
2019-12-31,2019年报,2019-4,2019四季度,calculate_parent_holder_net_profit_yoy_growth_ratio,-4.72091400,-20.85313300,-4.00240973,-13.02779643,-6.12686860
2019-12-31,2019年报,2019-4,2019四季度,assets_debt_ratio,49.4015,,-0.04471156,,
2019-12-31,2019年报,2019-4,2019四季度,index_deduct_holder_net_profit,21130274030.6900,3940807255.6000,-0.04190860,-0.57995369,-0.18163805
2019-12-31,2019年报,2019-4,2019四季度,index_weighted_avg_roe,14.7700,2.5700,-0.09442060,-0.58945687,-0.24411765
2019-09-30,2019三季报,2019-3,2019三季度,index_per_operating_cash_flow_net,1.1920,0.5635,-0.06641604,0.44007156,-0.17375367
2019-09-30,2019三季报,2019-3,2019三季度,deduct_net_profit_yoy_growth_ratio,-0.2877,-0.4319,-4.06063830,-1.07779599,-1.17637210
2019-09-30,2019三季报,2019-3,2019三季度,parent_holder_net_profit,17832682996.6700,9260263473.7500,-0.00500719,0.63713055,-0.01486558
2019-09-30,2019三季报,2019-3,2019三季度,calc_per_net_assets,6.5990,,0.05604276,,
2019-09-30,2019三季报,2019-3,2019三季度,inventory_turnover_ratio,54.0187,,-0.00285380,,
2019-09-30,2019三季报,2019-3,2019三季度,conservative_quick_ratio,0.2078,,-0.02578528,,
2019-09-30,2019三季报,2019-3,2019三季度,equity_ratio,1.0257,,-0.13245369,,
2019-09-30,2019三季报,2019-3,2019三季度,current_ratio,0.2211,,-0.06432501,,
2019-09-30,2019三季报,2019-3,2019三季度,basic_eps,0.8106,0.4209,-0.00503253,0.63710618,-0.01497777
2019-09-30,2019三季报,2019-3,2019三季度,business_cycle,35.5223,,-0.07751777,,
2019-09-30,2019三季报,2019-3,2019三季度,receive_accounts_turnover_days,30.5240,,-0.08946912,,
2019-09-30,2019三季报,2019-3,2019三季度,quick_ratio,0.2078,,-0.02578528,,
2019-09-30,2019三季报,2019-3,2019三季度,sale_gross_margin,64.6005,73.3384,0.03129131,0.20140227,0.07305382
2019-09-30,2019三季报,2019-3,2019三季度,inventory_turnover_days,4.9983,,0.00286918,,
2019-09-30,2019三季报,2019-3,2019三季度,calculate_operating_income_total_yoy_growth_ratio,-2.51234000,-10.74976700,-1.51020889,-2.71096033,-2.00772355
2019-09-30,2019三季报,2019-3,2019三季度,sale_net_interest_ratio,46.8521,52.2983,0.02086969,0.08653279,0.10439046
2019-09-30,2019三季报,2019-3,2019三季度,per_undistributed_profits,2.3557,,0.12053465,,
2019-09-30,2019三季报,2019-3,2019三季度,operating_income_total,38084126839.7300,17721371105.4800,-0.02512340,0.50753525,-0.10749767
2019-09-30,2019三季报,2019-3,2019三季度,per_capital_reserve,2.0148,,0.00183979,,
2019-09-30,2019三季报,2019-3,2019三季度,index_full_diluted_roe,12.2834,6.5810,-0.05779748,0.63783878,-0.07044084
2019-09-30,2019三季报,2019-3,2019三季度,calculate_parent_holder_net_profit_yoy_growth_ratio,-0.50071900,-1.48655800,-1.53308243,-1.50056435,0.42803552
2019-09-30,2019三季报,2019-3,2019三季度,assets_debt_ratio,50.5484,,-0.06555725,,
2019-09-30,2019三季报,2019-3,2019三季度,index_deduct_holder_net_profit,17189466775.0900,9381840035.5700,-0.00287721,0.73901605,-0.00431939
2019-09-30,2019三季报,2019-3,2019三季度,index_weighted_avg_roe,12.2000,6.2600,-0.05499613,0.60102302,-0.06146927
2019-06-30,2019中报,2019-2,2019二季度,index_per_operating_cash_flow_net,0.6285,0.3913,0.05665770,0.64966273,0.22204872
2019-06-30,2019中报,2019-2,2019二季度,deduct_net_profit_yoy_growth_ratio,-0.1139,5.5517,0.95627136,1.51320521,2.39217112
2019-06-30,2019中报,2019-2,2019二季度,parent_holder_net_profit,8572419522.9200,5656398904.8800,0.00586634,0.93976643,-0.00594489
2019-06-30,2019中报,2019-2,2019二季度,calc_per_net_assets,6.1931,,0.06381407,,
2019-06-30,2019中报,2019-2,2019二季度,inventory_turnover_ratio,37.4014,,0.18887836,,
2019-06-30,2019中报,2019-2,2019二季度,conservative_quick_ratio,0.1662,,0.04200627,,
2019-06-30,2019中报,2019-2,2019二季度,equity_ratio,1.1859,,-0.11228385,,
2019-06-30,2019中报,2019-2,2019二季度,current_ratio,0.1784,,0.04388531,,
2019-06-30,2019中报,2019-2,2019二季度,basic_eps,0.3897,0.2571,0.00593702,0.94037736,-0.00580046
2019-06-30,2019中报,2019-2,2019二季度,business_cycle,37.2586,,5.51180593,,
2019-06-30,2019中报,2019-2,2019二季度,receive_accounts_turnover_days,32.4459,,,,
2019-06-30,2019中报,2019-2,2019二季度,quick_ratio,0.1662,,0.04200627,,
2019-06-30,2019中报,2019-2,2019二季度,sale_gross_margin,56.9959,61.0440,0.00444986,0.18606657,-0.03412309
2019-06-30,2019中报,2019-2,2019二季度,inventory_turnover_days,4.8127,,-0.15886887,,
2019-06-30,2019中报,2019-2,2019二季度,calculate_operating_income_total_yoy_growth_ratio,6.00212800,6.28288500,15.37170735,0.11773408,2.91532452
2019-06-30,2019中报,2019-2,2019二季度,sale_net_interest_ratio,42.1124,48.1332,-0.05119129,0.42028156,-0.06492992
2019-06-30,2019中报,2019-2,2019二季度,per_undistributed_profits,1.9348,,0.15503552,,
2019-06-30,2019中报,2019-2,2019二季度,operating_income_total,20362755734.2500,11755195170.6800,0.06002128,0.36568254,0.06282885
2019-06-30,2019中报,2019-2,2019二季度,per_capital_reserve,2.0148,,0.00183979,,
2019-06-30,2019中报,2019-2,2019二季度,index_full_diluted_roe,6.2918,4.0181,-0.05446184,0.98082327,-0.06127932
2019-06-30,2019中报,2019-2,2019二季度,calculate_parent_holder_net_profit_yoy_growth_ratio,0.58663400,-0.59448900,-0.88614715,-1.20086456,-1.10934621
2019-06-30,2019中报,2019-2,2019二季度,assets_debt_ratio,54.1648,,-0.05146269,,
2019-06-30,2019中报,2019-2,2019二季度,index_deduct_holder_net_profit,7807626739.5200,5394912835.1900,-0.00113872,1.23603504,0.05551738
2019-06-30,2019中报,2019-2,2019二季度,index_weighted_avg_roe,5.9400,3.9100,-0.04807692,0.92610837,-0.06009615
2019-03-31,2019一季报,2019-1,2019一季度,index_per_operating_cash_flow_net,0.2372,0.2372,-0.13619811,-0.55194560,-0.13619811
2019-03-31,2019一季报,2019-1,2019一季度,deduct_net_profit_yoy_growth_ratio,-10.8177,-10.8177,-91.07243963,-1.79209684,-91.07243963
2019-03-31,2019一季报,2019-1,2019一季度,parent_holder_net_profit,2916020618.0400,2916020618.0400,0.02959651,-0.37804993,0.02959651
2019-03-31,2019一季报,2019-1,2019一季度,calc_per_net_assets,6.6043,,0.05439364,,
2019-03-31,2019一季报,2019-1,2019一季度,inventory_turnover_ratio,18.1006,,0.11577818,,
2019-03-31,2019一季报,2019-1,2019一季度,conservative_quick_ratio,0.1371,,0.07276995,,
2019-03-31,2019一季报,2019-1,2019一季度,equity_ratio,1.0332,,-0.10537709,,
2019-03-31,2019一季报,2019-1,2019一季度,current_ratio,0.1629,,0.13916084,,
2019-03-31,2019一季报,2019-1,2019一季度,basic_eps,0.1325,0.1325,0.02952603,-0.37822618,0.02952603
2019-03-31,2019一季报,2019-1,2019一季度,business_cycle,37.1922,,-0.08498620,,
2019-03-31,2019一季报,2019-1,2019一季度,receive_accounts_turnover_days,32.2200,,-0.08201728,,
2019-03-31,2019一季报,2019-1,2019一季度,quick_ratio,0.1371,,0.07276995,,
2019-03-31,2019一季报,2019-1,2019一季度,sale_gross_margin,51.4676,51.4676,0.07269533,-0.19197558,0.07269533
2019-03-31,2019一季报,2019-1,2019一季度,inventory_turnover_days,4.9722,,-0.10376899,,
2019-03-31,2019一季报,2019-1,2019一季度,calculate_operating_income_total_yoy_growth_ratio,5.62109100,5.62109100,0.49897799,1.94896456,0.49897799
2019-03-31,2019一季报,2019-1,2019一季度,sale_net_interest_ratio,33.8899,33.8899,-0.02504847,-0.12675603,-0.02504847
2019-03-31,2019一季报,2019-1,2019一季度,per_undistributed_profits,2.3573,,0.12445144,,
2019-03-31,2019一季报,2019-1,2019一季度,operating_income_total,8607560563.5700,8607560563.5700,0.05621091,-0.29146424,0.05621091
2019-03-31,2019一季报,2019-1,2019一季度,per_capital_reserve,2.0134,,-0.00004966,,
2019-03-31,2019一季报,2019-1,2019一季度,index_full_diluted_roe,2.0070,2.0285,-0.02350022,-0.39498330,-0.02269223
2019-03-31,2019一季报,2019-1,2019一季度,calculate_parent_holder_net_profit_yoy_growth_ratio,2.95965100,2.95965100,-0.35465934,-0.27235194,-0.35465934
2019-03-31,2019一季报,2019-1,2019一季度,assets_debt_ratio,50.7344,,-0.05192383,,
2019-03-31,2019一季报,2019-1,2019一季度,index_deduct_holder_net_profit,2412713904.3300,2412713904.3300,-0.10817686,-0.49896731,-0.10817686
2019-03-31,2019一季报,2019-1,2019一季度,index_weighted_avg_roe,2.0300,2.0300,-0.02403846,-0.40294118,-0.02403846
2018-12-31,2018年报,2018-4,2018四季度,index_per_operating_cash_flow_net,1.8062,0.5294,0.00110852,-0.22375367,-0.03164441
2018-12-31,2018年报,2018-4,2018四季度,deduct_net_profit_yoy_growth_ratio,-0.8002,-3.8744,-1.09438102,-2.58216269,-1.91858315
2018-12-31,2018年报,2018-4,2018四季度,parent_holder_net_profit,22610936420.3900,4688512377.6100,0.01572375,-0.50122208,0.04067421
2018-12-31,2018年报,2018-4,2018四季度,calc_per_net_assets,6.4638,,0.05256473,,
2018-12-31,2018年报,2018-4,2018四季度,inventory_turnover_ratio,79.8161,,0.42761758,,
2018-12-31,2018年报,2018-4,2018四季度,conservative_quick_ratio,0.1416,,-0.04453441,,
2018-12-31,2018年报,2018-4,2018四季度,equity_ratio,1.0746,,-0.11409728,,
2018-12-31,2018年报,2018-4,2018四季度,current_ratio,0.1669,,-0.02168816,,
2018-12-31,2018年报,2018-4,2018四季度,basic_eps,1.0278,0.2131,0.01571302,-0.50128715,0.04052734
2018-12-31,2018年报,2018-4,2018四季度,business_cycle,25.0332,,-0.14087446,,
2018-12-31,2018年报,2018-4,2018四季度,receive_accounts_turnover_days,20.5228,,-0.09586808,,
2018-12-31,2018年报,2018-4,2018四季度,quick_ratio,0.1416,,-0.04453441,,
2018-12-31,2018年报,2018-4,2018四季度,sale_gross_margin,62.8907,63.6956,0.02751669,-0.06803520,0.04870648
2018-12-31,2018年报,2018-4,2018四季度,inventory_turnover_days,4.5104,,-0.29952944,,
2018-12-31,2018年报,2018-4,2018四季度,calculate_operating_income_total_yoy_growth_ratio,2.13072300,-5.92339400,-0.13543677,-1.55528121,-1.56534670
2018-12-31,2018年报,2018-4,2018四季度,sale_net_interest_ratio,44.2136,38.8092,-0.00461967,-0.18046073,0.10957294
2018-12-31,2018年报,2018-4,2018四季度,per_undistributed_profits,2.2000,,0.11805661,,
2018-12-31,2018年报,2018-4,2018四季度,operating_income_total,51213965746.5200,12148378416.8100,0.02130723,-0.38817059,-0.05923394
2018-12-31,2018年报,2018-4,2018四季度,per_capital_reserve,2.0134,,-0.00064526,,
2018-12-31,2018年报,2018-4,2018四季度,index_full_diluted_roe,15.9004,3.3528,-0.03500595,-0.52642061,-0.01225548
2018-12-31,2018年报,2018-4,2018四季度,calculate_parent_holder_net_profit_yoy_growth_ratio,1.57237500,4.06742100,-0.77917700,2.56497113,3.74506722
2018-12-31,2018年报,2018-4,2018四季度,assets_debt_ratio,51.7137,,-0.05522112,,
2018-12-31,2018年报,2018-4,2018四季度,index_deduct_holder_net_profit,22054549240.7600,4815482023.3100,-0.00800207,-0.48894012,-0.03874353
2018-12-31,2018年报,2018-4,2018四季度,index_weighted_avg_roe,16.3100,3.4000,-0.03548196,-0.49025487,-0.01449275
2018-09-30,2018三季报,2018-3,2018三季度,index_per_operating_cash_flow_net,1.2768,0.6820,0.01534791,1.12991880,0.07604923
2018-09-30,2018三季报,2018-3,2018三季度,deduct_net_profit_yoy_growth_ratio,0.0940,2.4488,-0.99039228,1.61407292,-0.59859028
2018-09-30,2018三季报,2018-3,2018三季度,parent_holder_net_profit,17922424042.7800,9399999924.3100,0.00939290,0.65195527,-0.02599039
2018-09-30,2018三季报,2018-3,2018三季度,calc_per_net_assets,6.2488,,0.05461419,,
2018-09-30,2018三季报,2018-3,2018三季度,inventory_turnover_ratio,54.1733,,0.67471358,,
2018-09-30,2018三季报,2018-3,2018三季度,conservative_quick_ratio,0.2133,,0.15484570,,
2018-09-30,2018三季报,2018-3,2018三季度,equity_ratio,1.1823,,-0.11991961,,
2018-09-30,2018三季报,2018-3,2018三季度,current_ratio,0.2363,,0.11462264,,
2018-09-30,2018三季报,2018-3,2018三季度,basic_eps,0.8147,0.4273,0.00941643,0.65235886,-0.02598587
2018-09-30,2018三季报,2018-3,2018三季度,business_cycle,38.5073,,-0.13745856,,
2018-09-30,2018三季报,2018-3,2018三季度,receive_accounts_turnover_days,33.5233,,-0.07642187,,
2018-09-30,2018三季报,2018-3,2018三季度,quick_ratio,0.2133,,0.15484570,,
2018-09-30,2018三季报,2018-3,2018三季度,sale_gross_margin,62.6404,68.3455,0.02071397,0.08140587,0.00503950
2018-09-30,2018三季报,2018-3,2018三季度,inventory_turnover_days,4.9840,,-0.40288494,,
2018-09-30,2018三季报,2018-3,2018三季度,calculate_operating_income_total_yoy_growth_ratio,4.92414000,10.66737700,99.86044691,4.25192786,1.41260076
2018-09-30,2018三季报,2018-3,2018三季度,sale_net_interest_ratio,45.8943,47.3549,-0.03772825,-0.08004973,-0.11977286
2018-09-30,2018三季报,2018-3,2018三季度,per_undistributed_profits,2.1023,,0.12500669,,
2018-09-30,2018三季报,2018-3,2018三季度,operating_income_total,39065587329.7100,19855826052.5800,0.04924140,0.79523559,0.10667377
2018-09-30,2018三季报,2018-3,2018三季度,per_capital_reserve,2.0111,,-0.00109273,,
2018-09-30,2018三季报,2018-3,2018三季度,index_full_diluted_roe,13.0369,7.0797,-0.04288231,0.65398094,-0.07885972
2018-09-30,2018三季报,2018-3,2018三季度,calculate_parent_holder_net_profit_yoy_growth_ratio,0.93929000,-2.59903900,-0.90162017,-1.47804933,-1.22661500
2018-09-30,2018三季报,2018-3,2018三季度,assets_debt_ratio,54.0947,,-0.05509626,,
2018-09-30,2018三季报,2018-3,2018三季度,index_deduct_holder_net_profit,17239067217.4500,9422539669.8200,0.00093961,0.84352457,0.02448826
2018-09-30,2018三季报,2018-3,2018三季度,index_weighted_avg_roe,12.9100,6.6700,-0.04086181,0.60336538,-0.07489598
2018-06-30,2018中报,2018-2,2018二季度,index_per_operating_cash_flow_net,0.5948,0.3202,-0.04633638,0.16605972,-0.11790634
2018-06-30,2018中报,2018-2,2018二季度,deduct_net_profit_yoy_growth_ratio,-2.6047,-3.9878,-1.18173509,-34.20399667,-2.07638739
2018-06-30,2018中报,2018-2,2018二季度,parent_holder_net_profit,8522424118.4700,5690226661.6600,0.05152563,1.00912074,0.05436759
2018-06-30,2018中报,2018-2,2018二季度,calc_per_net_assets,5.8216,,0.06042004,,
2018-06-30,2018中报,2018-2,2018二季度,inventory_turnover_ratio,31.4594,,0.60286340,,
2018-06-30,2018中报,2018-2,2018二季度,conservative_quick_ratio,0.1595,,0.23261206,,
2018-06-30,2018中报,2018-2,2018二季度,equity_ratio,1.3359,,-0.10522438,,
2018-06-30,2018中报,2018-2,2018二季度,current_ratio,0.1709,,0.01908169,,
2018-06-30,2018中报,2018-2,2018二季度,basic_eps,0.3874,0.2586,0.05157438,1.00932401,0.05421932
2018-06-30,2018中报,2018-2,2018二季度,business_cycle,5.7217,,-0.88019766,,
2018-06-30,2018中报,2018-2,2018二季度,receive_accounts_turnover_days,,,,,
2018-06-30,2018中报,2018-2,2018二季度,quick_ratio,0.1595,,0.23166023,,
2018-06-30,2018中报,2018-2,2018二季度,sale_gross_margin,56.7434,63.2006,0.02797691,0.31723625,0.03008404
2018-06-30,2018中报,2018-2,2018二季度,inventory_turnover_days,5.7217,,-0.37610948,,
2018-06-30,2018中报,2018-2,2018二季度,calculate_operating_income_total_yoy_growth_ratio,-0.41763500,-3.28032400,0.89230780,-1.87476496,0.49728592
2018-06-30,2018中报,2018-2,2018二季度,sale_net_interest_ratio,44.3845,51.4755,0.05638395,0.48085764,0.09092701
2018-06-30,2018中报,2018-2,2018二季度,per_undistributed_profits,1.6751,,0.17139860,,
2018-06-30,2018中报,2018-2,2018二季度,operating_income_total,19209761277.1300,11060289883.0100,-0.00417635,0.35717881,-0.03280324
2018-06-30,2018中报,2018-2,2018二季度,per_capital_reserve,2.0111,,-0.00168776,,
2018-06-30,2018中报,2018-2,2018二季度,index_full_diluted_roe,6.6542,4.2804,-0.00838984,1.06224706,-0.00070038
2018-06-30,2018中报,2018-2,2018二季度,calculate_parent_holder_net_profit_yoy_growth_ratio,5.15256300,5.43675900,-0.29843296,0.18546465,6.35641567
2018-06-30,2018中报,2018-2,2018二季度,assets_debt_ratio,57.1035,,-0.04517340,,
2018-06-30,2018中报,2018-2,2018二季度,index_deduct_holder_net_profit,7816527547.6300,5111154927.4300,-0.02604717,0.88926098,-0.03987788
2018-06-30,2018中报,2018-2,2018二季度,index_weighted_avg_roe,6.2400,4.1600,-0.00160000,1.00000000,0.00000000
2018-03-31,2018一季报,2018-1,2018一季度,index_per_operating_cash_flow_net,0.2746,0.2746,0.05331799,-0.49771355,0.05331799
2018-03-31,2018一季报,2018-1,2018一季度,deduct_net_profit_yoy_growth_ratio,0.1201,0.1201,-0.99722342,-0.97152544,-0.99722342
2018-03-31,2018一季报,2018-1,2018一季度,parent_holder_net_profit,2832197456.8100,2832197456.8100,0.04586184,-0.37135820,0.04586184
2018-03-31,2018一季报,2018-1,2018一季度,calc_per_net_assets,6.2636,,0.05023474,,
2018-03-31,2018一季报,2018-1,2018一季度,inventory_turnover_ratio,16.2224,,0.68696900,,
2018-03-31,2018一季报,2018-1,2018一季度,conservative_quick_ratio,0.1278,,0.14209115,,
2018-03-31,2018一季报,2018-1,2018一季度,equity_ratio,1.1549,,-0.10271152,,
2018-03-31,2018一季报,2018-1,2018一季度,current_ratio,0.1430,,-0.17957544,,
2018-03-31,2018一季报,2018-1,2018一季度,basic_eps,0.1287,0.1287,0.04549147,-0.37158203,0.04549147
2018-03-31,2018一季报,2018-1,2018一季度,business_cycle,40.6466,,-0.12590965,,
2018-03-31,2018一季报,2018-1,2018一季度,receive_accounts_turnover_days,35.0987,,-0.05502591,,
2018-03-31,2018一季报,2018-1,2018一季度,quick_ratio,0.1278,,0.13903743,,
2018-03-31,2018一季报,2018-1,2018一季度,sale_gross_margin,47.9797,47.9797,0.03768162,-0.21004556,0.03768162
2018-03-31,2018一季报,2018-1,2018一季度,inventory_turnover_days,5.5479,,-0.40721864,,
2018-03-31,2018一季报,2018-1,2018一季度,calculate_operating_income_total_yoy_growth_ratio,3.74994900,3.74994900,13.68500816,-0.64209349,13.68500816
2018-03-31,2018一季报,2018-1,2018一季度,sale_net_interest_ratio,34.7606,34.7606,0.00786329,-0.00617840,0.00786329
2018-03-31,2018一季报,2018-1,2018一季度,per_undistributed_profits,2.0964,,0.10470570,,
2018-03-31,2018一季报,2018-1,2018一季度,operating_income_total,8149471394.1200,8149471394.1200,0.03749949,-0.36890786,0.03749949
2018-03-31,2018一季报,2018-1,2018一季度,per_capital_reserve,2.0135,,0.00159180,,
2018-03-31,2018一季报,2018-1,2018一季度,index_full_diluted_roe,2.0553,2.0756,-0.00416687,-0.38852227,-0.00584347
2018-03-31,2018一季报,2018-1,2018一季度,calculate_parent_holder_net_profit_yoy_growth_ratio,4.58618400,4.58618400,-0.80467500,4.09517588,-0.80467500
2018-03-31,2018一季报,2018-1,2018一季度,assets_debt_ratio,53.5130,,-0.04784866,,
2018-03-31,2018一季报,2018-1,2018一季度,index_deduct_holder_net_profit,2705372620.2000,2705372620.2000,0.00120059,-0.45995916,0.00120059
2018-03-31,2018一季报,2018-1,2018一季度,index_weighted_avg_roe,2.0800,2.0800,-0.00478469,-0.39710145,-0.00478469
2017-12-31,2017年报,2017-4,2017四季度,index_per_operating_cash_flow_net,1.8042,0.5467,0.01799921,-0.13742506,0.06735650
2017-12-31,2017年报,2017-4,2017四季度,deduct_net_profit_yoy_growth_ratio,8.4784,4.2178,-0.90494076,-0.30861405,-0.97840678
2017-12-31,2017年报,2017-4,2017四季度,parent_holder_net_profit,22260911324.9000,4505264326.0700,0.07120522,-0.53317332,-0.01481720
2017-12-31,2017年报,2017-4,2017四季度,calc_per_net_assets,6.1410,,0.05385091,,
2017-12-31,2017年报,2017-4,2017四季度,inventory_turnover_ratio,55.9086,,0.22206193,,
2017-12-31,2017年报,2017-4,2017四季度,conservative_quick_ratio,0.1482,,0.27101201,,
2017-12-31,2017年报,2017-4,2017四季度,equity_ratio,1.2130,,-0.08721499,,
2017-12-31,2017年报,2017-4,2017四季度,current_ratio,0.1706,,0.16769336,,
2017-12-31,2017年报,2017-4,2017四季度,basic_eps,1.0119,0.2048,0.07124709,-0.53316617,0.01436355
2017-12-31,2017年报,2017-4,2017四季度,business_cycle,29.1380,,0.14843134,,
2017-12-31,2017年报,2017-4,2017四季度,receive_accounts_turnover_days,22.6989,,0.29685768,,
2017-12-31,2017年报,2017-4,2017四季度,quick_ratio,0.1482,,0.26775021,,
2017-12-31,2017年报,2017-4,2017四季度,sale_gross_margin,61.2065,60.7373,0.00850714,-0.10684119,0.10272662
2017-12-31,2017年报,2017-4,2017四季度,inventory_turnover_days,6.4391,,-0.18171305,,
2017-12-31,2017年报,2017-4,2017四季度,calculate_operating_income_total_yoy_growth_ratio,2.46450800,10.47745400,-0.22293264,1.36964659,7.43636768
2017-12-31,2017年报,2017-4,2017四季度,sale_net_interest_ratio,44.4188,34.9767,0.03823239,-0.34985734,-0.11156071
2017-12-31,2017年报,2017-4,2017四季度,per_undistributed_profits,1.9677,,0.10881325,,
2017-12-31,2017年报,2017-4,2017四季度,operating_income_total,50145503769.6200,12913283003.1100,0.02464508,-0.28027212,0.10477454
2017-12-31,2017年报,2017-4,2017四季度,per_capital_reserve,2.0147,,0.00159085,,
2017-12-31,2017年报,2017-4,2017四季度,index_full_diluted_roe,16.4772,3.3944,0.01647738,-0.55835437,-0.03674906
2017-12-31,2017年报,2017-4,2017四季度,calculate_parent_holder_net_profit_yoy_growth_ratio,7.12052200,-1.48172000,-0.49012658,-1.12919389,-1.00957443
2017-12-31,2017年报,2017-4,2017四季度,assets_debt_ratio,54.7363,,-0.03970561,,
2017-12-31,2017年报,2017-4,2017四季度,index_deduct_holder_net_profit,22232454952.0500,5009570469.3100,0.08478352,-0.45532242,0.07124906
2017-12-31,2017年报,2017-4,2017四季度,index_weighted_avg_roe,16.9100,3.4500,0.00177725,-0.52149792,-0.19953596
2017-09-30,2017三季报,2017-3,2017三季度,index_per_operating_cash_flow_net,1.2575,0.6338,-0.00206333,0.74600551,0.01084530
2017-09-30,2017三季报,2017-3,2017三季度,deduct_net_profit_yoy_growth_ratio,9.7838,6.1005,18.22916667,0.64664759,1.92052451
2017-09-30,2017三季报,2017-3,2017三季度,parent_holder_net_profit,17755646998.8300,9650828709.4900,0.09547587,0.78824528,0.11468963
2017-09-30,2017三季报,2017-3,2017三季度,calc_per_net_assets,5.9252,,0.05172353,,
2017-09-30,2017三季报,2017-3,2017三季度,inventory_turnover_ratio,32.3478,,0.06497269,,
2017-09-30,2017三季报,2017-3,2017三季度,conservative_quick_ratio,0.1847,,0.24544842,,
2017-09-30,2017三季报,2017-3,2017三季度,equity_ratio,1.3434,,-0.06468008,,
2017-09-30,2017三季报,2017-3,2017三季度,current_ratio,0.2120,,0.31922838,,
2017-09-30,2017三季报,2017-3,2017三季度,basic_eps,0.8071,0.4387,0.09556129,0.78842234,0.11486658
2017-09-30,2017三季报,2017-3,2017三季度,business_cycle,44.6440,,0.29162170,,
2017-09-30,2017三季报,2017-3,2017三季度,receive_accounts_turnover_days,36.2972,,0.41370661,,
2017-09-30,2017三季报,2017-3,2017三季度,quick_ratio,0.1847,,0.24544842,,
2017-09-30,2017三季报,2017-3,2017三季度,sale_gross_margin,61.3692,68.0028,-0.01731923,0.10835338,-0.00893380
2017-09-30,2017三季报,2017-3,2017三季度,inventory_turnover_days,8.3468,,-0.06100730,,
2017-09-30,2017三季报,2017-3,2017三季度,calculate_operating_income_total_yoy_growth_ratio,-0.04980900,4.42152600,-1.01043002,1.67760483,12.28411894
2017-09-30,2017三季报,2017-3,2017三季度,sale_net_interest_ratio,47.6937,53.7985,0.08754652,0.14015865,0.06794758
2017-09-30,2017三季报,2017-3,2017三季度,per_undistributed_profits,1.8687,,0.10678749,,
2017-09-30,2017三季报,2017-3,2017三季度,operating_income_total,37232220766.5100,17941896386.6000,-0.00049809,0.56897732,0.04421526
2017-09-30,2017三季报,2017-3,2017三季度,per_capital_reserve,2.0133,,0.00816224,,
2017-09-30,2017三季报,2017-3,2017三季度,index_full_diluted_roe,13.6210,7.6858,0.03327947,0.79432227,0.05805261
2017-09-30,2017三季报,2017-3,2017三季度,calculate_parent_holder_net_profit_yoy_growth_ratio,9.54758700,11.46896300,7.78131790,14.51852107,2.56833142
2017-09-30,2017三季报,2017-3,2017三季度,assets_debt_ratio,57.2489,,-0.02784905,,
2017-09-30,2017三季报,2017-3,2017三季度,index_deduct_holder_net_profit,17222884482.7400,9197313501.1800,0.08878470,0.72770035,0.06100493
2017-09-30,2017三季报,2017-3,2017三季度,index_weighted_avg_roe,13.4600,7.2100,0.07080350,0.73317308,0.02706553
2017-06-30,2017中报,2017-2,2017二季度,index_per_operating_cash_flow_net,0.6237,0.3630,-0.01484758,0.39240506,-0.17817523
2017-06-30,2017中报,2017-2,2017二季度,deduct_net_profit_yoy_growth_ratio,14.3324,3.7048,0.33044947,-0.91434899,-0.29696188
2017-06-30,2017中报,2017-2,2017二季度,parent_holder_net_profit,8104818289.3400,5396814857.7700,0.07344363,0.99291286,0.00739050
2017-06-30,2017中报,2017-2,2017二季度,calc_per_net_assets,5.4899,,0.05546584,,
2017-06-30,2017中报,2017-2,2017二季度,inventory_turnover_ratio,19.6270,,0.04578054,,
2017-06-30,2017中报,2017-2,2017二季度,conservative_quick_ratio,0.1294,,-0.15203145,,
2017-06-30,2017中报,2017-2,2017二季度,equity_ratio,1.4930,,-0.10271050,,
2017-06-30,2017中报,2017-2,2017二季度,current_ratio,0.1677,,0.03009828,,
2017-06-30,2017中报,2017-2,2017二季度,basic_eps,0.3684,0.2453,0.07342657,0.99268887,-0.06836308
2017-06-30,2017中报,2017-2,2017二季度,business_cycle,47.7595,,0.10891436,,
2017-06-30,2017中报,2017-2,2017二季度,receive_accounts_turnover_days,38.5885,,0.15265937,,
2017-06-30,2017中报,2017-2,2017二季度,quick_ratio,0.1295,,-0.15137615,,
2017-06-30,2017中报,2017-2,2017二季度,sale_gross_margin,55.1991,61.3548,-0.03451491,0.32695177,0.05078482
2017-06-30,2017中报,2017-2,2017二季度,inventory_turnover_days,9.1710,,-0.04378108,,
2017-06-30,2017中报,2017-2,2017二季度,calculate_operating_income_total_yoy_growth_ratio,-3.87804300,-6.52522800,-1.43552905,-26.55315458,0.59747096
2017-06-30,2017中报,2017-2,2017二季度,sale_net_interest_ratio,42.0155,47.1851,0.09783597,0.36810440,0.26377603
2017-06-30,2017中报,2017-2,2017二季度,per_undistributed_profits,1.4300,,0.10441767,,
2017-06-30,2017中报,2017-2,2017二季度,operating_income_total,19290324379.9100,11435408352.6800,-0.03878043,0.45582821,-0.06525228
2017-06-30,2017中报,2017-2,2017二季度,per_capital_reserve,2.0145,,0.01506601,,
2017-06-30,2017中报,2017-2,2017二季度,index_full_diluted_roe,6.7105,4.2834,-0.00023838,1.05163330,-0.23342341
2017-06-30,2017中报,2017-2,2017二季度,calculate_parent_holder_net_profit_yoy_growth_ratio,7.34436300,0.73905000,0.15437366,-0.96852395,-0.73495011
2017-06-30,2017中报,2017-2,2017二季度,assets_debt_ratio,59.8051,,-0.04239062,,
2017-06-30,2017中报,2017-2,2017二季度,index_deduct_holder_net_profit,8025570981.5600,5323442513.8300,0.12246444,0.97009231,0.01134740
2017-06-30,2017中报,2017-2,2017二季度,index_weighted_avg_roe,6.2500,4.1600,0.12612613,0.99043062,0.18857143
2017-03-31,2017一季报,2017-1,2017一季度,index_per_operating_cash_flow_net,0.2607,0.2607,0.36206897,-0.49101913,0.36206897
2017-03-31,2017一季报,2017-1,2017一季度,deduct_net_profit_yoy_growth_ratio,43.2546,43.2546,0.45681549,-0.77855606,0.45681549
2017-03-31,2017一季报,2017-1,2017一季度,parent_holder_net_profit,2708003431.5700,2708003431.5700,0.23479759,-0.40783088,0.23479759
2017-03-31,2017一季报,2017-1,2017一季度,calc_per_net_assets,5.9640,,0.05945677,,
2017-03-31,2017一季报,2017-1,2017一季度,inventory_turnover_ratio,9.6163,,0.81039968,,
2017-03-31,2017一季报,2017-1,2017一季度,conservative_quick_ratio,0.1119,,-0.71721001,,
2017-03-31,2017一季报,2017-1,2017一季度,equity_ratio,1.2871,,1.47471640,,
2017-03-31,2017一季报,2017-1,2017一季度,current_ratio,0.1743,,-0.58578897,,
2017-03-31,2017一季报,2017-1,2017一季度,basic_eps,0.1231,0.1231,0.23470411,-0.39029222,0.07510917
2017-03-31,2017一季报,2017-1,2017一季度,business_cycle,46.5016,,-0.09816128,,
2017-03-31,2017一季报,2017-1,2017一季度,receive_accounts_turnover_days,37.1425,,0.07288110,,
2017-03-31,2017一季报,2017-1,2017一季度,quick_ratio,0.1122,,-0.71645186,,
2017-03-31,2017一季报,2017-1,2017一季度,sale_gross_margin,46.2374,46.2374,-0.12799110,-0.16052884,-0.12799110
2017-03-31,2017一季报,2017-1,2017一季度,inventory_turnover_days,9.3591,,-0.44763540,,
2017-03-31,2017一季报,2017-1,2017一季度,calculate_operating_income_total_yoy_growth_ratio,0.25535900,0.25535900,-0.99756138,1.15686868,-0.99756138
2017-03-31,2017一季报,2017-1,2017一季度,sale_net_interest_ratio,34.4894,34.4894,-0.16806411,-0.12393856,-0.16806411
2017-03-31,2017一季报,2017-1,2017一季度,per_undistributed_profits,1.8977,,0.05756799,,
2017-03-31,2017一季报,2017-1,2017一季度,operating_income_total,7854916027.2300,7854916027.2300,0.00255359,-0.32798567,0.00255359
2017-03-31,2017一季报,2017-1,2017一季度,per_capital_reserve,2.0103,,0.16182165,,
2017-03-31,2017一季报,2017-1,2017一季度,index_full_diluted_roe,2.0639,2.0878,0.01499951,-0.40753143,0.01814103
2017-03-31,2017一季报,2017-1,2017一季度,calculate_parent_holder_net_profit_yoy_growth_ratio,23.47975900,23.47975900,0.44629366,-0.84828086,0.44629366
2017-03-31,2017一季报,2017-1,2017一季度,assets_debt_ratio,56.2022,,0.64317582,,
2017-03-31,2017一季报,2017-1,2017一季度,index_deduct_holder_net_profit,2702128467.7300,2702128467.7300,0.43254556,-0.42217550,0.43254556
2017-03-31,2017一季报,2017-1,2017一季度,index_weighted_avg_roe,2.0900,2.0900,0.01951220,-0.51508121,0.01951220
2016-12-31,2016年报,2016-4,2016四季度,index_per_operating_cash_flow_net,1.7723,0.5122,0.65049357,-0.18309410,0.42753623
2016-12-31,2016年报,2016-4,2016四季度,deduct_net_profit_yoy_growth_ratio,89.1907,195.3298,11.60279363,30.47395582,12.35664783
2016-12-31,2016年报,2016-4,2016四季度,parent_holder_net_profit,20781182597.3300,4573023728.2400,0.13965274,-0.47180680,1.54758058
2016-12-31,2016年报,2016-4,2016四季度,calc_per_net_assets,5.8272,,0.05284839,,
2016-12-31,2016年报,2016-4,2016四季度,inventory_turnover_ratio,45.7494,,0.93739281,,
2016-12-31,2016年报,2016-4,2016四季度,conservative_quick_ratio,0.1166,,-0.61757953,,
2016-12-31,2016年报,2016-4,2016四季度,equity_ratio,1.3289,,1.39657349,,
2016-12-31,2016年报,2016-4,2016四季度,current_ratio,0.1461,,-0.55293758,,
2016-12-31,2016年报,2016-4,2016四季度,basic_eps,0.9446,0.2019,0.13972008,-0.48691233,0.64413681
2016-12-31,2016年报,2016-4,2016四季度,business_cycle,25.3720,,-0.38074934,,
2016-12-31,2016年报,2016-4,2016四季度,receive_accounts_turnover_days,17.5030,,-0.31965888,,
2016-12-31,2016年报,2016-4,2016四季度,quick_ratio,0.1169,,-0.61659561,,
2016-12-31,2016年报,2016-4,2016四季度,sale_gross_margin,60.6902,55.0792,0.01870729,-0.19728109,0.05675842
2016-12-31,2016年报,2016-4,2016四季度,inventory_turnover_days,7.8690,,-0.48384092,,
2016-12-31,2016年报,2016-4,2016四季度,calculate_operating_income_total_yoy_growth_ratio,3.17155000,-1.62785200,-0.95846181,-5.89075029,-1.01821508
2016-12-31,2016年报,2016-4,2016四季度,sale_net_interest_ratio,42.7831,39.3687,-0.09982431,-0.21849665,0.12166971
2016-12-31,2016年报,2016-4,2016四季度,per_undistributed_profits,1.7746,,0.05630952,,
2016-12-31,2016年报,2016-4,2016四季度,operating_income_total,48939388714.6200,11688613866.1100,0.03171550,-0.31972470,-0.01627852
2016-12-31,2016年报,2016-4,2016四季度,per_capital_reserve,2.0115,,0.16251517,,
2016-12-31,2016年报,2016-4,2016四季度,index_full_diluted_roe,16.2101,3.5239,0.28503706,-0.51488829,0.56353714
2016-12-31,2016年报,2016-4,2016四季度,calculate_parent_holder_net_profit_yoy_growth_ratio,13.96527400,154.75805800,-0.74204943,22.16249957,7.29309536
2016-12-31,2016年报,2016-4,2016四季度,assets_debt_ratio,56.9995,,0.59822287,,
2016-12-31,2016年报,2016-4,2016四季度,index_deduct_holder_net_profit,20494830980.3200,4676382614.9200,0.89190728,-0.46053105,1.29282229
2016-12-31,2016年报,2016-4,2016四季度,index_weighted_avg_roe,16.8800,4.3100,0.24300442,-0.38603989,0.51760563
2016-09-30,2016三季报,2016-3,2016三季度,index_per_operating_cash_flow_net,1.2601,0.6270,0.76237762,0.41951551,0.76321710
2016-09-30,2016三季报,2016-3,2016三季度,deduct_net_profit_yoy_growth_ratio,0.5088,-6.6272,1.08340163,-2.25760480,0.76982575
2016-09-30,2016三季报,2016-3,2016三季度,parent_holder_net_profit,16208158869.0900,8657861780.0600,-0.01407925,0.61611023,-0.07312844
2016-09-30,2016三季报,2016-3,2016三季度,calc_per_net_assets,5.6338,,0.04998509,,
2016-09-30,2016三季报,2016-3,2016三季度,inventory_turnover_ratio,30.3743,,0.86110192,,
2016-09-30,2016三季报,2016-3,2016三季度,conservative_quick_ratio,0.1483,,-0.56675431,,
2016-09-30,2016三季报,2016-3,2016三季度,equity_ratio,1.4363,,1.29955171,,
2016-09-30,2016三季报,2016-3,2016三季度,current_ratio,0.1607,,-0.55900110,,
2016-09-30,2016三季报,2016-3,2016三季度,basic_eps,0.7367,0.3935,-0.12370644,0.49449297,0.51229823
2016-09-30,2016三季报,2016-3,2016三季度,business_cycle,34.5643,,-0.40228404,,
2016-09-30,2016三季报,2016-3,2016三季度,receive_accounts_turnover_days,25.6752,,-0.37808051,,
2016-09-30,2016三季报,2016-3,2016三季度,quick_ratio,0.1483,,-0.56675431,,
2016-09-30,2016三季报,2016-3,2016三季度,sale_gross_margin,62.4508,68.6158,0.00877763,0.17513937,-0.01865976
2016-09-30,2016三季报,2016-3,2016三季度,inventory_turnover_days,8.8891,,-0.46268323,,
2016-09-30,2016三季报,2016-3,2016三季度,calculate_operating_income_total_yoy_growth_ratio,4.77554400,0.33284300,-0.93403273,1.02053246,-0.99413570
2016-09-30,2016三季报,2016-3,2016三季度,sale_net_interest_ratio,43.8544,50.3756,-0.14704715,0.34922837,-0.01087193
2016-09-30,2016三季报,2016-3,2016三季度,per_undistributed_profits,1.6884,,-0.00383503,,
2016-09-30,2016三季报,2016-3,2016三季度,operating_income_total,37250774848.5100,17182181799.0300,0.04775544,0.40449774,0.00332843
2016-09-30,2016三季报,2016-3,2016三季度,per_capital_reserve,1.9970,,0.18375815,,
2016-09-30,2016三季报,2016-3,2016三季度,index_full_diluted_roe,13.1823,7.2641,0.22935959,0.30001611,0.47198525
2016-09-30,2016三季报,2016-3,2016三季度,calculate_parent_holder_net_profit_yoy_growth_ratio,-1.40792500,-7.31284400,-1.01903309,-3.62264865,-1.13483150
2016-09-30,2016三季报,2016-3,2016三季度,assets_debt_ratio,58.8889,,0.53173819,,
2016-09-30,2016三季报,2016-3,2016三季度,index_deduct_holder_net_profit,15818448365.4000,8668492704.2100,0.79891666,0.64683991,1.01493363
2016-09-30,2016三季报,2016-3,2016三季度,index_weighted_avg_roe,12.5700,7.0200,0.17039106,1.00571429,0.43558282
2016-06-30,2016中报,2016-2,2016二季度,index_per_operating_cash_flow_net,0.6331,0.4417,0.76154702,1.30773250,0.91626898
2016-06-30,2016中报,2016-2,2016二季度,deduct_net_profit_yoy_growth_ratio,10.7726,5.2697,-0.69357458,-0.82251644,-0.57328982
2016-06-30,2016中报,2016-2,2016二季度,parent_holder_net_profit,7550297089.0300,5357222321.1900,0.06362206,1.44279055,0.02788343
2016-06-30,2016中报,2016-2,2016二季度,calc_per_net_assets,5.2014,,0.00428638,,
2016-06-30,2016中报,2016-2,2016二季度,inventory_turnover_ratio,18.7678,,0.78147129,,
2016-06-30,2016中报,2016-2,2016二季度,conservative_quick_ratio,0.1526,,-0.52446245,,
2016-06-30,2016中报,2016-2,2016二季度,equity_ratio,1.6639,,1.39927902,,
2016-06-30,2016中报,2016-2,2016二季度,current_ratio,0.1628,,-0.53124100,,
2016-06-30,2016中报,2016-2,2016二季度,basic_eps,0.3432,0.2633,-0.11363636,1.29956332,0.31125498
2016-06-30,2016中报,2016-2,2016二季度,business_cycle,43.0687,,-0.27095250,,
2016-06-30,2016中报,2016-2,2016二季度,receive_accounts_turnover_days,33.4778,,-0.20270830,,
2016-06-30,2016中报,2016-2,2016二季度,quick_ratio,0.1526,,-0.52446245,,
2016-06-30,2016中报,2016-2,2016二季度,sale_gross_margin,57.1724,58.3895,0.03618240,0.10119003,-0.04624580
2016-06-30,2016中报,2016-2,2016二季度,inventory_turnover_days,9.5909,,-0.43866580,,
2016-06-30,2016中报,2016-2,2016二季度,calculate_operating_income_total_yoy_growth_ratio,8.90421200,-16.21057700,-0.90106898,-1.15480730,-1.11740594
2016-06-30,2016中报,2016-2,2016二季度,sale_net_interest_ratio,38.2712,37.3366,-0.26149737,-0.09938538,-0.30053635
2016-06-30,2016中报,2016-2,2016二季度,per_undistributed_profits,1.2948,,-0.09751167,,
2016-06-30,2016中报,2016-2,2016二季度,operating_income_total,20068593049.4800,12233684156.8900,0.08904212,0.56143285,-0.16210577
2016-06-30,2016中报,2016-2,2016二季度,per_capital_reserve,1.9846,,0.17633809,,
2016-06-30,2016中报,2016-2,2016二季度,index_full_diluted_roe,6.7121,5.5877,0.10305670,1.72490978,0.46183026
2016-06-30,2016中报,2016-2,2016二季度,calculate_parent_holder_net_profit_yoy_growth_ratio,6.36220600,2.78834300,-0.94173572,-0.82824514,-0.96868165
2016-06-30,2016中报,2016-2,2016二季度,assets_debt_ratio,62.4525,,0.52504689,,
2016-06-30,2016中报,2016-2,2016二季度,index_deduct_holder_net_profit,7149955661.1900,5263713050.5200,0.59199369,1.79058114,0.73331726
2016-06-30,2016中报,2016-2,2016二季度,index_weighted_avg_roe,5.5500,3.5000,-0.05128205,0.70731707,-0.04891304
2016-03-31,2016一季报,2016-1,2016一季度,index_per_operating_cash_flow_net,0.1914,0.1914,0.48487199,-0.46655518,0.48487199
2016-03-31,2016一季报,2016-1,2016一季度,deduct_net_profit_yoy_growth_ratio,29.6912,29.6912,-0.77938143,2.72627270,-0.77938143
2016-03-31,2016一季报,2016-1,2016一季度,parent_holder_net_profit,2193074767.8400,2193074767.8400,0.16234434,0.22173752,0.16234434
2016-03-31,2016一季报,2016-1,2016一季度,calc_per_net_assets,5.6293,,0.05662963,,
2016-03-31,2016一季报,2016-1,2016一季度,inventory_turnover_ratio,5.3117,,0.08415316,,
2016-03-31,2016一季报,2016-1,2016一季度,conservative_quick_ratio,0.3957,,-0.08381570,,
2016-03-31,2016一季报,2016-1,2016一季度,equity_ratio,0.5201,,-0.23266450,,
2016-03-31,2016一季报,2016-1,2016一季度,current_ratio,0.4208,,-0.08041958,,
2016-03-31,2016一季报,2016-1,2016一季度,basic_eps,0.0997,0.1145,-0.12773403,-0.06758958,0.00174978
2016-03-31,2016一季报,2016-1,2016一季度,business_cycle,51.5631,,-0.13705824,,
2016-03-31,2016一季报,2016-1,2016一季度,receive_accounts_turnover_days,34.6194,,-0.16344111,,
2016-03-31,2016一季报,2016-1,2016一季度,quick_ratio,0.3957,,-0.08381570,,
2016-03-31,2016一季报,2016-1,2016一季度,sale_gross_margin,53.0240,53.0240,0.16864512,0.01732702,0.16864512
2016-03-31,2016一季报,2016-1,2016一季度,inventory_turnover_days,16.9437,,-0.07762281,,
2016-03-31,2016一季报,2016-1,2016一季度,calculate_operating_income_total_yoy_growth_ratio,104.71455200,104.71455200,13.28273429,0.17171809,13.28273429
2016-03-31,2016一季报,2016-1,2016一季度,sale_net_interest_ratio,41.4568,41.4568,-0.15906910,0.18116262,-0.15906910
2016-03-31,2016一季报,2016-1,2016一季度,per_undistributed_profits,1.7944,,0.11246125,,
2016-03-31,2016一季报,2016-1,2016一季度,operating_income_total,7834908892.5900,7834908892.5900,1.04714552,-0.34060888,1.04714552
2016-03-31,2016一季报,2016-1,2016一季度,per_capital_reserve,1.7303,,0.02639696,,
2016-03-31,2016一季报,2016-1,2016一季度,index_full_diluted_roe,2.0334,2.0506,-0.05260215,-0.09015884,-0.05423854
2016-03-31,2016一季报,2016-1,2016一季度,calculate_parent_holder_net_profit_yoy_growth_ratio,16.23443400,16.23443400,-0.91741729,1.66015846,-0.91741729
2016-03-31,2016一季报,2016-1,2016一季度,assets_debt_ratio,34.2034,,-0.15335394,,
2016-03-31,2016一季报,2016-1,2016一季度,index_deduct_holder_net_profit,1886242610.6700,1886242610.6700,0.29691232,-0.07517852,0.29691232
2016-03-31,2016一季报,2016-1,2016一季度,index_weighted_avg_roe,2.0500,2.0500,-0.05529954,-0.27816901,-0.05529954
2015-12-31,2015年报,2015-4,2015四季度,index_per_operating_cash_flow_net,1.0738,0.3588,-0.16811280,0.00899888,-0.22371268
2015-12-31,2015年报,2015-4,2015四季度,deduct_net_profit_yoy_growth_ratio,-8.4120,-17.1996,-1.25221120,0.40262780,-1.19983014
2015-12-31,2015年报,2015-4,2015四季度,parent_holder_net_profit,18234662090.5900,1795045767.0700,0.54139341,-0.80783051,-0.24591723
2015-12-31,2015年报,2015-4,2015四季度,calc_per_net_assets,5.5347,,0.06022642,,
2015-12-31,2015年报,2015-4,2015四季度,inventory_turnover_ratio,23.6139,,0.04524208,,
2015-12-31,2015年报,2015-4,2015四季度,conservative_quick_ratio,0.3049,,0.17495183,,
2015-12-31,2015年报,2015-4,2015四季度,equity_ratio,0.5545,,-0.21514508,,
2015-12-31,2015年报,2015-4,2015四季度,current_ratio,0.3268,,0.16547789,,
2015-12-31,2015年报,2015-4,2015四季度,basic_eps,0.8288,0.1228,0.15592748,-0.52805534,-0.14899515
2015-12-31,2015年报,2015-4,2015四季度,business_cycle,40.9721,,0.09255437,,
2015-12-31,2015年报,2015-4,2015四季度,receive_accounts_turnover_days,25.7268,,0.19292226,,
2015-12-31,2015年报,2015-4,2015四季度,quick_ratio,0.3049,,0.17495183,,
2015-12-31,2015年报,2015-4,2015四季度,sale_gross_margin,59.5757,52.1209,-0.05582119,-0.25456912,-0.05327334
2015-12-31,2015年报,2015-4,2015四季度,inventory_turnover_days,15.2453,,-0.04328208,,
2015-12-31,2015年报,2015-4,2015四季度,calculate_operating_income_total_yoy_growth_ratio,76.35263100,89.36838400,3.12609579,0.57456533,1.32239808
2015-12-31,2015年报,2015-4,2015四季度,sale_net_interest_ratio,47.5275,35.0983,0.08061007,-0.31084268,-0.07490716
2015-12-31,2015年报,2015-4,2015四季度,per_undistributed_profits,1.6800,,0.12097151,,
2015-12-31,2015年报,2015-4,2015四季度,operating_income_total,47434965001.2700,11882035825.7100,0.76352631,-0.30616586,0.89368384
2015-12-31,2015年报,2015-4,2015四季度,per_capital_reserve,1.7303,,0.02639696,,
2015-12-31,2015年报,2015-4,2015四季度,index_full_diluted_roe,12.6145,2.2538,-0.08153978,-0.54329368,-0.20012776
2015-12-31,2015年报,2015-4,2015四季度,calculate_parent_holder_net_profit_yoy_growth_ratio,54.13934100,-24.59172300,0.71625973,-1.45341305,-1.36873171
2015-12-31,2015年报,2015-4,2015四季度,assets_debt_ratio,35.6643,,-0.13857261,,
2015-12-31,2015年报,2015-4,2015四季度,index_deduct_holder_net_profit,10832893977.7500,2039574819.9100,-0.08412022,-0.52591436,-0.17199571
2015-12-31,2015年报,2015-4,2015四季度,index_weighted_avg_roe,13.5800,2.8400,-0.06150657,-0.41922290,0.00000000
2015-09-30,2015三季报,2015-3,2015三季度,index_per_operating_cash_flow_net,0.7150,0.3556,-0.13709872,0.54273319,-0.24708871
2015-09-30,2015三季报,2015-3,2015三季度,deduct_net_profit_yoy_growth_ratio,-6.1006,-28.7921,-1.25309177,-3.33141964,-2.01280423
2015-09-30,2015三季报,2015-3,2015三季度,parent_holder_net_profit,16439616323.5200,9340950971.2800,0.73972483,0.79223637,0.54236910
2015-09-30,2015三季报,2015-3,2015三季度,calc_per_net_assets,5.3656,,0.06888721,,
2015-09-30,2015三季报,2015-3,2015三季度,inventory_turnover_ratio,16.3206,,0.03746694,,
2015-09-30,2015三季报,2015-3,2015三季度,conservative_quick_ratio,0.3423,,0.00765381,,
2015-09-30,2015三季报,2015-3,2015三季度,equity_ratio,0.6246,,-0.23220652,,
2015-09-30,2015三季报,2015-3,2015三季度,current_ratio,0.3644,,0.01930070,,
2015-09-30,2015三季报,2015-3,2015三季度,basic_eps,0.8407,0.2602,0.46795879,0.29581673,-0.29100817
2015-09-30,2015三季报,2015-3,2015三季度,business_cycle,57.8273,,0.00109237,,
2015-09-30,2015三季报,2015-3,2015三季度,receive_accounts_turnover_days,41.2838,,0.01681982,,
2015-09-30,2015三季报,2015-3,2015三季度,quick_ratio,0.3423,,0.00765381,,
2015-09-30,2015三季报,2015-3,2015三季度,sale_gross_margin,61.9074,69.9205,-0.05550207,0.14210553,-0.08433200
2015-09-30,2015三季报,2015-3,2015三季度,inventory_turnover_days,16.5435,,-0.03611194,,
2015-09-30,2015三季报,2015-3,2015三季度,calculate_operating_income_total_yoy_growth_ratio,72.39262400,56.75749500,4.35350083,-0.58893092,2.01462188
2015-09-30,2015三季报,2015-3,2015三季度,sale_net_interest_ratio,51.4148,50.9293,0.12209654,-0.04589079,-0.08129721
2015-09-30,2015三季报,2015-3,2015三季度,per_undistributed_profits,1.6949,,0.13828073,,
2015-09-30,2015三季报,2015-3,2015三季度,operating_income_total,35552929175.5600,17125181901.6300,0.72392624,0.17291658,0.56757495
2015-09-30,2015三季报,2015-3,2015三季度,per_capital_reserve,1.6870,,-0.09149658,,
2015-09-30,2015三季报,2015-3,2015三季度,index_full_diluted_roe,10.7229,4.9349,-0.06011202,0.29104751,-0.34936979
2015-09-30,2015三季报,2015-3,2015三季度,calculate_parent_holder_net_profit_yoy_growth_ratio,73.97248300,54.23691000,1.96956493,-0.39081715,0.91215886
2015-09-30,2015三季报,2015-3,2015三季度,assets_debt_ratio,38.4458,,-0.14295778,,
2015-09-30,2015三季报,2015-3,2015三季度,index_deduct_holder_net_profit,8793319157.8400,4302123187.4000,-0.06100570,0.41667000,-0.28792057
2015-09-30,2015三季报,2015-3,2015三季度,index_weighted_avg_roe,10.7400,4.8900,-0.07652623,0.32880435,-0.33378747
2015-06-30,2015中报,2015-2,2015二季度,index_per_operating_cash_flow_net,0.3594,0.2305,0.00870053,0.78820791,0.07962529
2015-06-30,2015中报,2015-2,2015二季度,deduct_net_profit_yoy_growth_ratio,35.1557,12.3496,1.07459666,-0.90823708,-0.18937156
2015-06-30,2015中报,2015-2,2015二季度,parent_holder_net_profit,7098665352.2400,5211896780.8600,1.09195655,1.76234026,0.89032234
2015-06-30,2015中报,2015-2,2015二季度,calc_per_net_assets,5.1792,,0.11175031,,
2015-06-30,2015中报,2015-2,2015二季度,inventory_turnover_ratio,10.5350,,0.04899979,,
2015-06-30,2015中报,2015-2,2015二季度,conservative_quick_ratio,0.3209,,1.37001477,,
2015-06-30,2015中报,2015-2,2015二季度,equity_ratio,0.6935,,-0.26199851,,
2015-06-30,2015中报,2015-2,2015二季度,current_ratio,0.3473,,1.40346021,,
2015-06-30,2015中报,2015-2,2015二季度,basic_eps,0.3872,0.2008,0.88235294,0.75678040,0.20167564
2015-06-30,2015中报,2015-2,2015二季度,business_cycle,59.0753,,0.04053440,,
2015-06-30,2015中报,2015-2,2015二季度,receive_accounts_turnover_days,41.9894,,0.08078320,,
2015-06-30,2015中报,2015-2,2015二季度,quick_ratio,0.3209,,1.37001477,,
2015-06-30,2015中报,2015-2,2015二季度,sale_gross_margin,55.1760,61.2207,0.03396904,0.34929979,-0.00679273
2015-06-30,2015中报,2015-2,2015二季度,inventory_turnover_days,17.0859,,-0.04671067,,
2015-06-30,2015中报,2015-2,2015二季度,calculate_operating_income_total_yoy_growth_ratio,90.00424800,138.07288800,10.12942064,17.83270600,11.76867696
2015-06-30,2015中报,2015-2,2015二季度,sale_net_interest_ratio,51.8227,53.3789,0.48111406,0.08276486,0.18726896
2015-06-30,2015中报,2015-2,2015二季度,per_undistributed_profits,1.4347,,0.27881273,,
2015-06-30,2015中报,2015-2,2015二季度,operating_income_total,18427747273.9300,14600511350.4900,0.90004248,2.81489713,1.38072888
2015-06-30,2015中报,2015-2,2015二季度,per_capital_reserve,1.6871,,-0.09427176,,
2015-06-30,2015中报,2015-2,2015二季度,index_full_diluted_roe,6.0850,3.8224,0.37841205,0.76293700,0.07721790
2015-06-30,2015中报,2015-2,2015二季度,calculate_parent_holder_net_profit_yoy_growth_ratio,109.19565500,89.03223400,4.69130860,-0.54710318,4.13939807
2015-06-30,2015中报,2015-2,2015二季度,assets_debt_ratio,40.9512,,-0.15466756,,
2015-06-30,2015中报,2015-2,2015二季度,index_deduct_holder_net_profit,4491195970.4400,3036785689.7400,0.35155665,1.08798420,0.12349618
2015-06-30,2015中报,2015-2,2015二季度,index_weighted_avg_roe,5.8500,3.6800,0.36363636,0.69585253,0.05747126
2015-03-31,2015一季报,2015-1,2015一季度,index_per_operating_cash_flow_net,0.1289,0.1289,-0.09733894,-0.72111640,-0.09733894
2015-03-31,2015一季报,2015-1,2015一季度,deduct_net_profit_yoy_growth_ratio,134.5816,134.5816,4.37444990,0.56360962,4.37444990
2015-03-31,2015一季报,2015-1,2015一季度,parent_holder_net_profit,1886768571.3800,1886768571.3800,1.96583922,-0.20738529,1.96583922
2015-03-31,2015一季报,2015-1,2015一季度,calc_per_net_assets,5.3276,,0.11931424,,
2015-03-31,2015一季报,2015-1,2015一季度,inventory_turnover_ratio,4.8994,,0.01537760,,
2015-03-31,2015一季报,2015-1,2015一季度,conservative_quick_ratio,0.4319,,3.77765487,,
2015-03-31,2015一季报,2015-1,2015一季度,equity_ratio,0.6778,,-0.23029752,,
2015-03-31,2015一季报,2015-1,2015一季度,current_ratio,0.4576,,3.56686627,,
2015-03-31,2015一季报,2015-1,2015一季度,basic_eps,0.1143,0.1143,1.96113990,-0.20790021,1.96113990
2015-03-31,2015一季报,2015-1,2015一季度,business_cycle,59.7527,,0.11465817,,
2015-03-31,2015一季报,2015-1,2015一季度,receive_accounts_turnover_days,41.3831,,0.18392353,,
2015-03-31,2015一季报,2015-1,2015一季度,quick_ratio,0.4319,,3.77765487,,
2015-03-31,2015一季报,2015-1,2015一季度,sale_gross_margin,45.3722,45.3722,0.15954540,-0.17585707,0.15954540
2015-03-31,2015一季报,2015-1,2015一季度,inventory_turnover_days,18.3696,,-0.01514575,,
2015-03-31,2015一季报,2015-1,2015一季度,calculate_operating_income_total_yoy_growth_ratio,7.33154800,7.33154800,0.98199335,-0.80947655,0.98199335
2015-03-31,2015一季报,2015-1,2015一季度,sale_net_interest_ratio,49.2987,49.2987,1.76322516,0.29937560,1.76322516
2015-03-31,2015一季报,2015-1,2015一季度,per_undistributed_profits,1.6130,,0.30586140,,
2015-03-31,2015一季报,2015-1,2015一季度,operating_income_total,3827235923.4400,3827235923.4400,0.07331548,-0.39003931,0.07331548
2015-03-31,2015一季报,2015-1,2015一季度,per_capital_reserve,1.6858,,-0.08900297,,
2015-03-31,2015一季报,2015-1,2015一季度,index_full_diluted_roe,2.1463,2.1682,1.64975309,-0.23050715,1.67052593
2015-03-31,2015一季报,2015-1,2015一季度,calculate_parent_holder_net_profit_yoy_growth_ratio,196.58392200,196.58392200,6.02220563,1.94760660,6.02220563
2015-03-31,2015一季报,2015-1,2015一季度,assets_debt_ratio,40.3987,,-0.13722052,,
2015-03-31,2015一季报,2015-1,2015一季度,index_deduct_holder_net_profit,1454410280.7000,1454410280.7000,1.34581555,-0.40955441,1.34581555
2015-03-31,2015一季报,2015-1,2015一季度,index_weighted_avg_roe,2.1700,2.1700,1.67901235,-0.23591549,1.67901235
2014-12-31,2014年报,2014-4,2014四季度,index_per_operating_cash_flow_net,1.2908,0.4622,0.17730755,-0.02138471,0.74678760
2014-12-31,2014年报,2014-4,2014四季度,deduct_net_profit_yoy_growth_ratio,33.3530,86.0711,3.55541339,2.02767684,5.42054472
2014-12-31,2014年报,2014-4,2014四季度,parent_holder_net_profit,11829985736.3100,2380435982.2500,0.31544958,-0.60694463,0.66692727
2014-12-31,2014年报,2014-4,2014四季度,calc_per_net_assets,5.2203,,0.10177075,,
2014-12-31,2014年报,2014-4,2014四季度,inventory_turnover_ratio,22.5918,,0.03460783,,
2014-12-31,2014年报,2014-4,2014四季度,conservative_quick_ratio,0.2595,,1.19357566,,
2014-12-31,2014年报,2014-4,2014四季度,equity_ratio,0.7065,,-0.22668564,,
2014-12-31,2014年报,2014-4,2014四季度,current_ratio,0.2804,,1.15030675,,
2014-12-31,2014年报,2014-4,2014四季度,basic_eps,0.7170,0.1443,0.31559633,-0.60681199,0.58050383
2014-12-31,2014年报,2014-4,2014四季度,business_cycle,37.5012,,-0.04121861,,
2014-12-31,2014年报,2014-4,2014四季度,receive_accounts_turnover_days,21.5662,,-0.04687783,,
2014-12-31,2014年报,2014-4,2014四季度,quick_ratio,0.2595,,1.19357566,,
2014-12-31,2014年报,2014-4,2014四季度,sale_gross_margin,63.0979,55.0538,0.08802989,-0.27902399,0.27109514
2014-12-31,2014年报,2014-4,2014四季度,inventory_turnover_days,15.9350,,-0.03345161,,
2014-12-31,2014年报,2014-4,2014四季度,calculate_operating_income_total_yoy_growth_ratio,18.50481300,38.48107900,2.54681880,1.04388694,2.81881659
2014-12-31,2014年报,2014-4,2014四季度,sale_net_interest_ratio,43.9821,37.9403,0.10050168,-0.31560301,0.14164192
2014-12-31,2014年报,2014-4,2014四季度,per_undistributed_profits,1.4987,,0.25236066,,
2014-12-31,2014年报,2014-4,2014四季度,operating_income_total,26897792646.4500,6274561571.9500,0.18504813,-0.42565016,0.38481079
2014-12-31,2014年报,2014-4,2014四季度,per_capital_reserve,1.6858,,-0.09729585,,
2014-12-31,2014年报,2014-4,2014四季度,index_full_diluted_roe,13.7344,2.8177,0.18374488,-0.62850701,0.44958329
2014-12-31,2014年报,2014-4,2014四季度,calculate_parent_holder_net_profit_yoy_growth_ratio,31.54495800,66.69272700,3.40307658,1.35129710,5.02592101
2014-12-31,2014年报,2014-4,2014四季度,assets_debt_ratio,41.4014,,-0.13281513,,
2014-12-31,2014年报,2014-4,2014四季度,index_deduct_holder_net_profit,11827855865.3400,2463241842.1700,0.33354524,-0.59228879,0.86084949
2014-12-31,2014年报,2014-4,2014四季度,index_weighted_avg_roe,14.4700,2.8400,0.21392617,-0.61307902,0.37864078
2014-09-30,2014三季报,2014-3,2014三季度,index_per_operating_cash_flow_net,0.8286,0.4723,-0.00384708,1.21217799,-0.00756461
2014-09-30,2014三季报,2014-3,2014三季度,deduct_net_profit_yoy_growth_ratio,24.1043,28.4281,3.03947068,0.86602208,2.51676395
2014-09-30,2014三季报,2014-3,2014三季度,parent_holder_net_profit,9449549754.0600,6056235798.5300,0.24910209,1.19655882,0.28364228
2014-09-30,2014三季报,2014-3,2014三季度,calc_per_net_assets,5.0198,,0.07931798,,
2014-09-30,2014三季报,2014-3,2014三季度,inventory_turnover_ratio,15.7312,,-0.01463836,,
2014-09-30,2014三季报,2014-3,2014三季度,conservative_quick_ratio,0.3397,,0.78883623,,
2014-09-30,2014三季报,2014-3,2014三季度,equity_ratio,0.8135,,-0.20680577,,
2014-09-30,2014三季报,2014-3,2014三季度,current_ratio,0.3575,,0.77243431,,
2014-09-30,2014三季报,2014-3,2014三季度,basic_eps,0.5727,0.3670,0.24907306,1.19628965,0.28366562
2014-09-30,2014三季报,2014-3,2014三季度,business_cycle,57.7642,,0.15625063,,
2014-09-30,2014三季报,2014-3,2014三季度,receive_accounts_turnover_days,40.6009,,0.22861397,,
2014-09-30,2014三季报,2014-3,2014三季度,quick_ratio,0.3397,,0.78883623,,
2014-09-30,2014三季报,2014-3,2014三季度,sale_gross_margin,65.5453,76.3601,0.06310823,0.23881965,0.05135467
2014-09-30,2014三季报,2014-3,2014三季度,inventory_turnover_days,17.1633,,0.01485327,,
2014-09-30,2014三季报,2014-3,2014三季度,calculate_operating_income_total_yoy_growth_ratio,13.52248300,18.82740100,2.44998933,0.74111663,2.29537213
2014-09-30,2014三季报,2014-3,2014三季度,sale_net_interest_ratio,45.8203,55.4361,0.10026726,0.23302580,0.08021933
2014-09-30,2014三季报,2014-3,2014三季度,per_undistributed_profits,1.4890,,0.22723152,,
2014-09-30,2014三季报,2014-3,2014三季度,operating_income_total,20623231074.5000,10924633572.5000,0.13522483,0.78134793,0.18827401
2014-09-30,2014三季报,2014-3,2014三季度,per_capital_reserve,1.8569,,-0.00780123,,
2014-09-30,2014三季报,2014-3,2014三季度,index_full_diluted_roe,11.4087,7.5848,0.15730371,1.13752677,0.19391144
2014-09-30,2014三季报,2014-3,2014三季度,calculate_parent_holder_net_profit_yoy_growth_ratio,24.91020900,28.36422800,3.00151257,0.63732900,2.52718983
2014-09-30,2014三季报,2014-3,2014三季度,assets_debt_ratio,44.8587,,-0.11396523,,
2014-09-30,2014三季报,2014-3,2014三季度,index_deduct_holder_net_profit,9364614023.1700,6041633847.4000,0.24104264,1.23517668,0.28428066
2014-09-30,2014三季报,2014-3,2014三季度,index_weighted_avg_roe,11.6300,7.3400,0.17951318,1.10919540,0.19934641
2014-06-30,2014中报,2014-2,2014二季度,index_per_operating_cash_flow_net,0.3563,0.2135,0.00112391,0.49509804,-0.04644931
2014-06-30,2014中报,2014-2,2014二季度,deduct_net_profit_yoy_growth_ratio,16.9458,15.2346,5.36223015,-0.39161375,24.03038549
2014-06-30,2014中报,2014-2,2014二季度,parent_holder_net_profit,3393313955.5300,2757147114.1800,0.19186388,3.33400004,0.17323475
2014-06-30,2014中报,2014-2,2014二季度,calc_per_net_assets,4.6586,,0.07072100,,
2014-06-30,2014中报,2014-2,2014二季度,inventory_turnover_ratio,10.0429,,-0.01949700,,
2014-06-30,2014中报,2014-2,2014二季度,conservative_quick_ratio,0.1354,,-0.20023627,,
2014-06-30,2014中报,2014-2,2014二季度,equity_ratio,0.9397,,-0.20229202,,
2014-06-30,2014中报,2014-2,2014二季度,current_ratio,0.1445,,-0.19498607,,
2014-06-30,2014中报,2014-2,2014二季度,basic_eps,0.2057,0.1671,0.19246377,3.32901554,0.17345506
2014-06-30,2014中报,2014-2,2014二季度,business_cycle,56.7740,,-0.05679122,,
2014-06-30,2014中报,2014-2,2014二季度,receive_accounts_turnover_days,38.8509,,-0.08840720,,
2014-06-30,2014中报,2014-2,2014二季度,quick_ratio,0.1354,,-0.20023627,,
2014-06-30,2014中报,2014-2,2014二季度,sale_gross_margin,53.3633,61.6394,0.05861710,0.57527479,0.04783470
2014-06-30,2014中报,2014-2,2014二季度,inventory_turnover_days,17.9231,,0.01988198,,
2014-06-30,2014中报,2014-2,2014二季度,calculate_operating_income_total_yoy_growth_ratio,8.08705600,10.81340600,3.46027851,1.92327061,2.74700792
2014-06-30,2014中报,2014-2,2014二季度,sale_net_interest_ratio,34.9890,44.9594,0.10263739,1.52000448,0.05876258
2014-06-30,2014中报,2014-2,2014二季度,per_undistributed_profits,1.1219,,0.20985657,,
2014-06-30,2014中报,2014-2,2014二季度,operating_income_total,9698597502.0000,6132790445.9300,0.08087056,0.71988847,0.10813406
2014-06-30,2014中报,2014-2,2014二季度,per_capital_reserve,1.8627,,0.00285345,,
2014-06-30,2014中报,2014-2,2014二季度,index_full_diluted_roe,4.4145,3.5484,0.11314237,3.37048898,0.11193282
2014-06-30,2014中报,2014-2,2014二季度,calculate_parent_holder_net_profit_yoy_growth_ratio,19.18638800,17.32347500,704.22634713,-0.38118539,6.11094606
2014-06-30,2014中报,2014-2,2014二季度,assets_debt_ratio,48.4439,,-0.10427745,,
2014-06-30,2014中报,2014-2,2014二季度,index_deduct_holder_net_profit,3322980175.7700,2702978197.8800,0.16945843,3.35962835,0.15234626
2014-06-30,2014中报,2014-2,2014二季度,index_weighted_avg_roe,4.2900,3.4800,0.14705882,3.29629630,0.12987013
2014-03-31,2014一季报,2014-1,2014一季度,index_per_operating_cash_flow_net,0.1428,0.1428,0.08181818,-0.46031746,0.08181818
2014-03-31,2014一季报,2014-1,2014一季度,deduct_net_profit_yoy_growth_ratio,25.0410,25.0410,0.13939256,2.28608627,0.13939256
2014-03-31,2014一季报,2014-1,2014一季度,parent_holder_net_profit,636166841.3500,636166841.3500,0.27994612,-0.55451696,0.27994612
2014-03-31,2014一季报,2014-1,2014一季度,calc_per_net_assets,4.7597,,0.04030337,,
2014-03-31,2014一季报,2014-1,2014一季度,inventory_turnover_ratio,4.8252,,-0.04920294,,
2014-03-31,2014一季报,2014-1,2014一季度,conservative_quick_ratio,0.0904,,-0.14150047,,
2014-03-31,2014一季报,2014-1,2014一季度,equity_ratio,0.8806,,-0.17492739,,
2014-03-31,2014一季报,2014-1,2014一季度,current_ratio,0.1002,,-0.13246753,,
2014-03-31,2014一季报,2014-1,2014一季度,basic_eps,0.0386,0.0386,0.28239203,-0.57721796,0.28239203
2014-03-31,2014一季报,2014-1,2014一季度,business_cycle,53.6063,,-0.02326043,,
2014-03-31,2014一季报,2014-1,2014一季度,receive_accounts_turnover_days,34.9542,,-0.05907087,,
2014-03-31,2014一季报,2014-1,2014一季度,quick_ratio,0.0904,,-0.14150047,,
2014-03-31,2014一季报,2014-1,2014一季度,sale_gross_margin,39.1293,39.1293,0.06151930,-0.09657347,0.06151930
2014-03-31,2014一季报,2014-1,2014一季度,inventory_turnover_days,18.6521,,0.05175282,,
2014-03-31,2014一季报,2014-1,2014一季度,calculate_operating_income_total_yoy_growth_ratio,3.69907800,3.69907800,1.07627090,1.17483773,1.07627090
2014-03-31,2014一季报,2014-1,2014一季度,sale_net_interest_ratio,17.8410,17.8410,0.23388569,-0.46315571,0.23388569
2014-03-31,2014一季报,2014-1,2014一季度,per_undistributed_profits,1.2352,,0.10631438,,
2014-03-31,2014一季报,2014-1,2014一季度,operating_income_total,3565807056.0700,3565807056.0700,0.03699078,-0.21301783,0.03699078
2014-03-31,2014一季报,2014-1,2014一季度,per_capital_reserve,1.8505,,-0.02219287,,
2014-03-31,2014一季报,2014-1,2014一季度,index_full_diluted_roe,0.8100,0.8119,0.23025516,-0.58231300,0.22810467
2014-03-31,2014一季报,2014-1,2014一季度,calculate_parent_holder_net_profit_yoy_growth_ratio,27.99461200,27.99461200,0.39195106,2.68990086,0.39195106
2014-03-31,2014一季报,2014-1,2014一季度,assets_debt_ratio,46.8239,,-0.09299776,,
2014-03-31,2014一季报,2014-1,2014一季度,index_deduct_holder_net_profit,620001977.8900,620001977.8900,0.25040979,-0.53162116,0.25040979
2014-03-31,2014一季报,2014-1,2014一季度,index_weighted_avg_roe,0.8100,0.8100,0.22727273,-0.60679612,0.22727273
2013-12-31,2013年报,2013-4,2013四季度,index_per_operating_cash_flow_net,1.0964,0.2646,-0.15706927,-0.44400084,-0.27526705
2013-12-31,2013年报,2013-4,2013四季度,deduct_net_profit_yoy_growth_ratio,-13.0519,-19.4707,-1.33794302,-0.03884733,-1.89392228
2013-12-31,2013年报,2013-4,2013四季度,parent_holder_net_profit,8993112280.6600,1428038302.6900,-0.13126905,-0.69732183,-0.16565831
2013-12-31,2013年报,2013-4,2013四季度,calc_per_net_assets,4.7381,,0.04404830,,
2013-12-31,2013年报,2013-4,2013四季度,inventory_turnover_ratio,21.8361,,-0.12054758,,
2013-12-31,2013年报,2013-4,2013四季度,conservative_quick_ratio,0.1183,,0.41507177,,
2013-12-31,2013年报,2013-4,2013四季度,equity_ratio,0.9136,,-0.14855545,,
2013-12-31,2013年报,2013-4,2013四季度,current_ratio,0.1304,,0.39316239,,
2013-12-31,2013年报,2013-4,2013四季度,basic_eps,0.5450,0.0913,-0.13133567,-0.68065757,-0.11957570
2013-12-31,2013年报,2013-4,2013四季度,business_cycle,39.1134,,0.15928309,,
2013-12-31,2013年报,2013-4,2013四季度,receive_accounts_turnover_days,22.6269,,0.17602208,,
2013-12-31,2013年报,2013-4,2013四季度,quick_ratio,0.1183,,0.41507177,,
2013-12-31,2013年报,2013-4,2013四季度,sale_gross_margin,57.9928,43.3121,-0.08960927,-0.40366266,-0.17706417
2013-12-31,2013年报,2013-4,2013四季度,inventory_turnover_days,16.4865,,0.13707058,,
2013-12-31,2013年报,2013-4,2013四季度,calculate_operating_income_total_yoy_growth_ratio,-11.96314200,-21.15720700,-1.48733049,-0.45566859,-2.16109078
2013-12-31,2013年报,2013-4,2013四季度,sale_net_interest_ratio,39.9655,33.2331,-0.00471178,-0.35242492,0.11567643
2013-12-31,2013年报,2013-4,2013四季度,per_undistributed_profits,1.1967,,0.10152798,,
2013-12-31,2013年报,2013-4,2013四季度,operating_income_total,22697637374.0200,4530988369.6500,-0.11963142,-0.50716373,-0.21157207
2013-12-31,2013年报,2013-4,2013四季度,per_capital_reserve,1.8675,,-0.00954654,,
2013-12-31,2013年报,2013-4,2013四季度,index_full_diluted_roe,11.6025,1.9438,-0.16074735,-0.69402950,-0.16377716
2013-12-31,2013年报,2013-4,2013四季度,calculate_parent_holder_net_profit_yoy_growth_ratio,-13.12690500,-16.56583100,-1.38111568,0.10806073,-1.67110854
2013-12-31,2013年报,2013-4,2013四季度,assets_debt_ratio,47.7423,,-0.07758786,,
2013-12-31,2013年报,2013-4,2013四季度,index_deduct_holder_net_profit,8869482294.7500,1323719008.1700,-0.13051937,-0.71861474,-0.19470679
2013-12-31,2013年报,2013-4,2013四季度,index_weighted_avg_roe,11.9200,2.0600,-0.17906336,-0.66339869,-0.12340426
