SECUCODE,SECURITY_CODE,SECURITY_NAME_ABBR,ORG_CODE,ORG_TYPE,REPORT_DATE,REPORT_TYPE,REPORT_DATE_NAME,SECURITY_TYPE_CODE,NOTICE_DATE,UPDATE_DATE,CURRENCY,EPSJB,EPSKCJB,EPSXS,BPS,MGZBGJ,MGWFPLR,MGJYXJJE,TOTALOPERATEREVE,MLR,PARENTNETPROFIT,KCFJCXSYJLR,TOTALOPERATEREVETZ,PARENTNETPROFITTZ,KCFJCXSYJLRTZ,YYZSRGDHBZC,NETPROFITRPHBZC,KFJLRGDHBZC,ROEJQ,ROEKCJQ,ZZCJLL,XSJLL,XSMLL,YSZKYYSR,XSJXLYYSR,JYXJLYYSR,TAXRATE,LD,SD,XJLLB,ZCFZL,QYCS,CQBL,ZZCZZTS,CHZZTS,YSZKZZTS,TOAZZL,CHZZL,YSZKZZL,TOTALDEPOSITS,GROSSLOANS,LTDRR,NEWCAPITALADER,HXYJBCZL,NONPERLOAN,BLDKBBL,NZBJE,TOTAL_ROI,NET_ROI,EARNED_PREMIUM,COMPENSATE_EXPENSE,SURRENDER_RATE_LIFE,SOLVENCY_AR,JZB,JZC,JZBJZC,ZYGPGMJZC,ZYGDSYLZQJZB,YYFXZB,JJYWFXZB,ZQZYYWFXZB,ZQCXYWFXZB,RZRQYWFXZB,EPSJBTZ,BPSTZ,MGZBGJTZ,MGWFPLRTZ,MGJYXJJETZ,ROEJQTZ,ZZCJLLTZ,ZCFZLTZ,REPORT_YEAR,ROIC,ROICTZ,NBV_LIFE,NBV_RATE,NHJZ_CURRENT_AMT,DJD_TOI_YOY,DJD_DPNP_YOY,DJD_DEDUCTDPNP_YOY,DJD_TOI_QOQ,DJD_DPNP_QOQ,DJD_DEDUCTDPNP_QOQ,XSMLL_TB,PER_TOI,PER_OI,PER_EBIT,STAFF_NUM,AVG_TOI,AVG_NET_PROFIT,PREPAID_ACCOUNTS_RATIO,ACCOUNTS_PAYABLE_TR,FIXED_ASSET_TR,CURRENT_ASSET_TR,PREPAID_ACCOUNTS_TDAYS,PAYABLE_TDAYS,OPERATE_CYCLE,GUARD_SPEED_RATIO,CASH_RATIO,INTEREST_COVERAGE_RATIO,CA_TA,NCA_TA,LIQUIDATION_RATIO,INTEREST_DEBT_RATIO,FC_LIABILITIES,FCFF_FORWARD,FCFF_BACK,SS_OI,SS_TA,NCO_OP,NCO_NETPROFIT,NCO_FIXED,FIRST_ADEQUACY_RATIO,NET_INTEREST_SPREAD,NET_INTEREST_MARGIN,LOAN_ADVANCES,NON_PERFORMING_LOAN,OVERDUE_LOANS,LOAN_PROVISION_RATIO,REVENUE_RATIO,LIABILITY,CAPITAL_PROVISIONS_SUM,RISK_COVERAGE,CAPITAL_LEVERAGE_RATIO,LIQUIDITY_COVERAGE_RATIO,NET_FUNDING_RATIO,NET_CAPITAL_LIABILITIES,NET_ASSETS_LIABILITIES,PROPRIETARY_CAPITAL,IS_BZ
600420.SH,600420,国药现代,10007230,通用,2026-03-31 00:00:00,一季报,2026一季报,058001001,2026-04-30 00:00:00,2026-04-30 00:00:00,CNY,0.1032,,0.1032,10.376919177534,3.886982520428,5.134192025608,-0.270892735691,2064308731.95,623391977.48,138398706.21,145925074.51,-20.809954838662,-61.706298476245,-57.85773405397,-5.793709707056,-23.684648856787,-23.592418381126,1.0,,0.9933127369,9.3076849803,30.1985825972,0.004291290689,0.168418092865,-0.175997869866,22.6240431541,3.592757307395,3.010772611621,-0.114366148377,17.58949289,1.213437503382,0.213437503382,843.331226035351,112.374329362155,48.186655918567,0.106719634257,0.800894657266,1.867736996568,,,,,,,,,,,,,,,,,,,,,,,,,-61.706864564007,2.5941314405,0.179502809802,4.647092866434,-219.19462021818,-62.962962963,-53.933855964061,-5.119672142112,2026,1.173306422137,-53.836803641865,,,,-20.809954838662,-61.706298476245,-57.85773405397,-15.490041541479,-1.446565692481,32.913091947127,-18.591880885423,1.539181899739,1.539181899739,0.181696372237,,,,25.850271453703,2.225855458017,0.406944459846,0.182147324658,3.481588197679,40.433892360729,160.561190152753,1.608911968054,1.172273797839,,58.6510256281,41.3489743719,543.708053780802,0.1945396002,117.22737978389,-263821900.621789,14333837.7026851,0.694270066259,0.073648898213,-1.400839171605,-1.890887693768,-0.071849112609,,,,,,,,,3422868030.37,,,,,,,,,0
600420.SH,600420,国药现代,10007230,通用,2025-12-31 00:00:00,年报,2025年报,058001001,2026-03-28 00:00:00,2026-03-28 00:00:00,CNY,0.7021,0.6332,0.7021,10.273726869015,3.886982520428,5.030999717089,1.266122598125,9363074210.11,3036001162.72,941601686.09,849182430.15,-14.394946643302,-13.10614588939,-18.604916917698,1.062952735221,1.21831823853,-0.758019379844,6.97,6.28,5.8299865724,12.1986176509,32.4252600651,0.000252969724,0.559332132024,0.181360204482,13.9666695269,3.590600813991,3.032391589952,0.541823766596,17.590628075,1.213454218423,0.213454218423,753.261143871179,112.60867828129,38.784572596838,0.477921903883,3.196911690063,9.282041180192,,,,,,,,,,,,,,,,,,,,,,,,,-13.106435643564,4.3541430696,0.179502809802,8.503405003888,-24.729451076185,-17.5147928994,-13.982470259123,-24.242708535174,2025,6.81953604688,-15.041165121162,,,,4.200928239189,8.779189145559,-5.578223251724,19.579847463821,8.772285220762,7.339767009614,-17.375019111172,6.981259211405,6.981259211405,0.960639312711,9697.0,965564.010530061,97102.3704331237,73.551591817155,9.070345209097,1.794693372562,0.816411808806,4.894523573262,39.689779352493,151.39383472309,1.634940798435,1.278195998859,387.200580207198,58.5277013625,41.4722986375,542.589283004691,0.2215779094,127.819599885905,-441961374.55312,789627029.500456,1.00046842674,0.487207297442,1.29278250077,1.486727510222,0.333692511187,,,,,,,,,3382123131.59,,,,,,,,,0
600420.SH,600420,国药现代,10007230,通用,2025-09-30 00:00:00,三季报,2025三季报,058001001,2025-10-30 00:00:00,2025-10-30 00:00:00,CNY,0.5974,,0.5974,10.168949880781,3.886982520428,4.953863756167,0.851217551565,6920393170.38,2304005852.06,801171565.94,739392587.5,-19.467781050889,-16.06606410254,-20.238873017755,-5.99190771125,-10.31075459843,-14.174435577762,5.93,,4.7509007608,13.4852006098,33.292990663,0.000445582016,0.53432923372,0.16496602245,16.3390358444,3.213158674214,2.623158569834,0.339663333643,18.7898033023,1.231372463882,0.231372463882,766.38186060597,122.584295085308,41.319628843416,0.352304789399,2.202565996012,6.534424619911,,,,,,,,,,,,,,,,,,,,,,,,,-16.060137698468,4.3120191711,0.179502809802,9.048909147861,-43.663839093633,-20.4026845638,-21.933531157046,-22.628688007585,2025,5.593586678022,-22.852892057369,,,,-22.425277391869,-45.306008092759,-58.012029101288,-10.047833865743,-58.440884349943,-64.832301650467,-16.113889947541,5.15995681366,5.15995681366,0.807501836318,,,,48.592327509613,6.583156239284,1.307553672706,0.615591155363,5.556432750553,41.013761512877,163.902187140067,1.614071764202,1.232122538944,,55.8674600169,44.1325399831,508.857791304949,0.2467952194,123.212253894384,-422408349.827375,601171093.7924,0.947361563998,0.339153793789,1.034362236198,1.223311593384,0.217874104017,,,,,,,,,3632219485.35,,,,,,,,,0
600420.SH,600420,国药现代,10007230,通用,2025-06-30 00:00:00,中报,2025中报,058001001,2025-08-30 00:00:00,2025-08-30 00:00:00,CNY,0.5011,0.475,0.5011,10.172687341736,3.886982520428,4.957601217122,0.498056864626,4877673521.93,1757637718.45,672066877.31,637110045.15,-18.161129924117,-6.459548339379,-6.774716185427,-5.429386290235,-6.874520116079,-6.265378919485,4.96,4.7,3.8877595931,15.7899060262,36.0343452785,0.000757372551,0.50537539954,0.13694648953,16.7307145707,2.934413895236,2.362497928161,0.179779234687,20.317743869,1.254984545563,0.254984545562,731.059371517676,125.011637525629,41.01054437119,0.246218032369,1.439865948185,4.389115110758,,,,,,,,,,,,,,,,,,,,,,,,,-6.458838902371,5.1702871845,0.179502809802,10.988039407776,-63.23733925429,-12.0567375887,-13.814951346988,-16.873564575914,2025,4.635030247048,-13.72597924118,,,,-19.945480111123,-19.7735067281,-18.641525526862,-12.884971852527,-14.045021745648,-16.00652903721,-9.075958137095,3.636872082935,3.636872082935,0.672036153723,,,,34.799148457723,4.19467349831,0.919200223201,0.431899229237,5.172540363126,42.911563932812,166.019366720374,1.649707572269,1.264168543978,234.943885336512,55.443138036,44.556861964,471.502134085119,0.4308439592,126.416854397756,597573777.720572,1119243002.11742,0.882536345466,0.218900954723,0.725936316695,0.867304018795,0.126812332526,,,,,,,,,3995518571.85,,,,,,,,,0
600420.SH,600420,国药现代,10007230,通用,2025-03-31 00:00:00,一季报,2025一季报,058001001,2025-04-29 00:00:00,2026-04-30 00:00:00,CNY,0.2695,,0.2695,10.114534848954,3.880017779493,4.906196517242,0.227269263659,2606778071.34,966992036.62,361413759.19,346267746.25,-16.540579002444,9.103685458144,6.241026520502,-4.72346102546,2.782943172784,1.949723296619,2.7,,2.1562749774,16.2476334897,37.0952958079,0.001202817898,0.454392413828,0.116928761025,17.1230931471,3.316867816305,2.682102902394,0.092514831877,18.5386088846,1.227575402663,0.227575402664,678.154237915347,118.007327572724,36.817143458352,0.132713171972,0.76266450441,2.444513385505,,,,,,,,,,,,,,,,,,,,,,,,,9.109311740891,6.648940102,0.0,14.682443253384,-57.154171005046,2.2727272727,-0.747281683724,-27.666186646696,2025,2.541649007652,-3.372150051693,,,,-16.540579002444,9.103685458144,6.241026520502,11.201049309825,179.956291632758,197.798184626017,-9.022328464385,1.943655792344,1.943655792344,0.371444634529,,,,12.027624086246,2.272336837396,0.488615880223,0.230564448567,7.482774599093,39.606804114101,154.819180644449,1.959786244766,1.55070507054,,56.5376118212,43.4623881788,518.827593297761,0.566209476,155.070507053984,-23966694.5066684,67140763.8338699,0.820439542566,0.110648592824,0.598769179774,0.719666412342,0.057244497079,,,,,,,,,3583289440.24,,,,,,,,,0
600420.SH,600420,国药现代,10007230,通用,2024-12-31 00:00:00,年报,2024年报,058001001,2025-03-28 00:00:00,2026-03-28 00:00:00,CNY,0.808,0.7779,0.808,9.845058918416,3.880017779493,4.636720586703,1.682095608744,10937525114.43,4292310781.67,1083622881.88,1043284677.64,-9.382035181071,56.619949347609,52.716472533174,-4.902425044868,0.105252254114,-3.402984369535,8.45,8.13,6.7776726325,12.1789865286,39.2438941786,0.000565284245,0.554405426896,0.206260618575,20.3803439746,2.689951804458,2.181434977714,0.51937908794,23.2197161948,1.302417691679,0.302417691679,646.893910058523,121.599410170986,38.788731513832,0.556505470839,2.960540676092,9.281045962321,,,,,,,,,,,,,,,,,,,,,,,,,48.720780415976,6.5833017216,0.0,15.024262567089,31.133170678658,40.365448505,36.952391960326,-10.38126390332,2024,8.026870962397,36.372916882061,,,,-19.389155027134,0.890406103357,-24.017283992617,-10.976095383383,-45.309479374444,-52.267589440838,2.395061753554,8.155195210633,8.155195210633,1.210113754956,11472.0,953410.487659519,94458.0615306834,53.618157981092,7.904251842804,1.979493541536,0.979139506511,6.714143371485,45.545107514223,160.390004505867,1.695691544944,1.430133023531,61.158280905238,58.5505101583,41.4494898417,415.681607126033,5.7021060824,143.013302353109,628406581.642742,1387557666.85323,0.95370932658,0.522721493388,1.287716431967,1.693577853053,0.422042045525,,,,,,,,,4633633097.68,,,,,,,,,0
600420.SH,600420,国药现代,10007230,通用,2024-09-30 00:00:00,三季报,2024三季报,058001001,2024-10-29 00:00:00,2025-10-30 00:00:00,CNY,0.7117,,0.7117,9.748588860218,3.880017779493,4.542790748553,1.510961233194,8593322350.59,3410545567.12,954526387.18,927008701.45,-6.205701366118,69.26527430979,74.867094428257,-0.726137508843,1.602063721553,3.412923394523,7.45,,6.0857123823,13.9578918918,39.6883234211,0.000633468917,0.543547701556,0.235817983075,17.6594586349,2.511422676353,2.030816778819,0.438796202427,24.2852328834,1.320746319486,0.320746319487,619.2587776204,117.213516643932,41.778308601296,0.436005123799,2.303488605501,6.462683843348,,,,,,,,,,,,,,,,,,,,,,,,,57.874889086069,6.6427713049,0.0,14.615702310363,40.089856945441,48.7025948104,47.588867511777,-4.689303444863,2024,7.250546167176,45.071603125955,,,,-3.095901834714,7.794587211,17.140398523745,-7.172372253025,-39.040066453003,-31.856905032358,2.078958784485,6.407319804413,6.407319804413,1.051582745744,,,,40.714381243865,5.80296469439,1.547031712035,0.772249191577,6.631563387462,46.527941185136,158.991140991409,1.546751081795,1.221331357967,,57.8003693798,42.1996306202,397.606721832158,5.6398810602,122.1331357967,-411709121.074791,902490183.810776,0.938365132419,0.401854285598,1.380072581103,1.689495698225,0.374992996,,,,,,,,,4873114698.37,,,,,,,,,0
600420.SH,600420,国药现代,10007230,通用,2024-06-30 00:00:00,中报,2024中报,058001001,2024-08-28 00:00:00,2025-08-30 00:00:00,CNY,0.5357,0.5096,0.5357,9.672586824732,3.880017779493,4.466788713068,1.354790035659,5960093922.86,2362060439.77,718477263.45,683409070.03,-7.516958264672,108.28878790729,112.129091131476,-1.619125873925,26.246858927733,24.558604678485,5.64,5.36,4.510944362,14.8804320386,39.6312620295,0.000918207475,0.540788869851,0.304862209008,18.3646748223,2.457749849619,1.967084789848,0.391982764159,24.441976569,1.32348618266,0.323486182659,593.773177409934,113.933045969292,40.935015095691,0.303146061237,1.579875254529,4.397213475535,,,,,,,,,,,,,,,,,,,,,,,,,87.307692307692,7.7358859349,0.0,17.54081262166,99.298247036914,76.25,69.133677172785,-6.909381496858,2024,5.372451876337,63.741494006784,,,,-6.298265777068,133.66038600604,135.861601253405,-9.179771242571,16.894114756343,9.681906327447,1.173373638766,4.443942199548,4.443942199548,0.783433214654,,,,23.845707997311,3.933335733622,1.068992681775,0.540605152748,7.548528230753,45.762683938055,154.866402016228,1.728279083623,1.392232616897,97.176892030956,57.051123676,42.948876324,394.620707833014,5.5913665876,139.223261689689,716402304.224753,1259857892.05236,0.929810580715,0.277513674152,1.656789215675,2.048745683034,0.333676170836,,,,,,,,,4880895659.31,,,,,,,,,0
600420.SH,600420,国药现代,10007230,通用,2024-03-31 00:00:00,一季报,2024一季报,058001001,2024-04-30 00:00:00,2025-04-29 00:00:00,CNY,0.247,,0.247,9.48395252619,3.880017779493,4.278071148521,0.53043497813,3123407807.27,1273540359.78,331257150.18,325926581.84,-8.59662895025,84.828932307527,91.04490322184,-2.433828101295,21.973954426996,22.736469029787,2.64,,2.1725097448,13.6344114639,40.7740659678,0.003441413367,0.561912067376,0.227765617379,16.1701751297,2.29836872969,1.817954800114,0.1455013521,25.6292431232,1.344614525917,0.344614525918,564.829241718521,112.612547629875,39.27358341692,0.159340192314,0.799200461176,2.291616709496,,,,,,,,,,,,,,,,,,,,,,,,,61.543492478744,8.7234295287,26.768511178356,-1.004059749688,130.640631474602,53.488372093,52.835027309711,-25.604499611563,2024,2.630348299183,46.262344689416,,,,-8.59662895025,84.828932307527,91.04490322184,7.405616281436,158.881300255016,112.982833760425,0.654189983657,2.328863259669,2.328863259669,0.368810672041,,,,10.9094763069,1.884078290161,0.553671041397,0.285314533682,8.249708553203,47.768715594249,151.886482397916,1.643470579459,1.312014653473,,56.6064057637,43.3935942363,376.398952086989,5.6283168632,131.201465347296,334433496.031169,887740698.379789,0.937424135422,0.147489420969,1.356089228056,1.670520344656,0.127558182701,,,,,,,,,5087913657.8,,,,,,,,,0
600420.SH,600420,国药现代,10007230,通用,2023-12-31 00:00:00,年报,2023年报,058001001,2024-03-30 00:00:00,2025-03-28 00:00:00,CNY,0.5433,0.5364,0.5433,9.236961849929,3.880017779493,4.03108047226,1.282738455906,12069930213.38,4625917069.88,691880495.68,683151372.17,-6.862939440975,10.208059072688,23.611447602058,-2.677878771657,-9.598998000036,-6.00092281409,6.02,5.94,4.9489260724,7.9918501361,38.3259636808,0.001161490693,0.574804305381,0.142533863711,12.0329833957,2.819552286781,2.216222585749,0.455164427694,25.9094439468,1.349699682753,0.349699682753,581.351591617353,114.135526989281,48.221894727211,0.619246605997,3.154144984443,7.465488488922,,,,,,,,,,,,,,,,,,,,,,,,,-11.12383445117,7.7809442359,26.768585186639,-3.297833466515,-47.350385263345,-15.0916784203,10.390937766311,-31.982228309899,2023,5.885971456736,-5.154942360765,,,,-10.249851662139,-36.473321434862,-22.17864474712,7.017625171024,-41.566871193411,-26.412296253586,0.648997853282,8.99953472463,8.99953472463,0.779480897006,11608.0,1039794.12589421,59603.7642729152,34.943123583388,7.776401327157,2.152002583289,1.080496629362,10.302456194018,46.293907021336,162.358975188088,1.984752489604,1.580191579037,29.721218100689,55.0684004586,44.9315995414,372.710579165978,5.9144253278,158.019157903749,2116184894.43165,1999308597.13173,0.937196845948,0.58452539383,1.590542433063,1.783490196698,0.301532259269,,,,,,,,,5014068776.55,,,,,,,,,0
600420.SH,600420,国药现代,10007230,通用,2023-09-30 00:00:00,三季报,2023三季报,058001001,2023-10-28 00:00:00,2024-10-29 00:00:00,CNY,0.4508,,0.4508,9.141349892665,3.880017779493,3.963497720628,1.078565762104,9161881346.47,3562141643.63,563923339.31,530121864.54,-5.733815193885,32.260837923119,48.903010825384,-4.722972058858,2.3344012856,6.866053571359,5.01,,4.1234223725,8.7045872899,38.8800237519,0.000306650074,0.524004759131,0.157887107675,13.8405933161,3.036775091143,2.361497708283,0.40943206998,25.4800707173,1.341922905222,0.341922905223,569.972793454642,116.335464266331,55.768059147139,0.473706820923,2.320874392884,4.841481022096,,,,,,,,,,,,,,,,,,,,,,,,,8.574181117534,8.4454111619,56.53328940601,-14.282004825722,-43.65228962741,3.5123966942,28.206295181298,-39.51145439294,2023,4.99790862646,9.211589484863,,,,-18.450054455786,8.663425761707,28.955469237977,-10.240022162362,32.139488373498,37.205777818597,-2.205535945008,6.831246565875,6.831246565875,0.671111437512,,,,26.645543238217,6.258574006768,1.617848042714,0.817531415659,10.133026659886,43.140817653993,172.102021251047,2.203026551928,1.591587826991,,56.3167181931,43.6832818069,377.619457963397,5.9756937972,159.158782699056,608737737.720807,819734116.75625,0.875809051687,0.421181539532,1.584122640853,1.813837950235,0.248801062631,,,,,,,,,4854286376.01,,,,,,,,,0
600420.SH,600420,国药现代,10007230,通用,2023-06-30 00:00:00,中报,2023中报,058001001,2023-08-29 00:00:00,2024-08-28 00:00:00,CNY,0.286,0.2672,0.286,8.978054750096,3.880017779493,3.800202341161,0.679780206701,6444526273.17,2524426142.99,344942841.46,322166595.06,0.900297659809,53.409988266579,65.419838095459,-0.879095097234,2.536315651546,3.489982526695,3.2,2.99,2.6670882094,7.9838499953,39.1716324208,0.000935020322,0.497762261835,0.141469304514,16.6847272903,3.044268955278,2.413213885073,0.24981299879,26.2561114772,1.356044575397,0.356044575397,538.824698070237,108.888426508301,57.12014709402,0.334060410825,1.653068244,3.151252389174,,,,,,,,,,,,,,,,,,,,,,,,,30.653266331658,9.0575150035,56.533753653004,-14.171277056791,-44.920565912763,24.0310077519,54.240220818575,-41.600759961639,2023,3.281057076537,27.686390673874,,,,-3.673318092338,12.565972143492,17.829299891209,-11.407455403244,-7.534970763551,-11.159048068188,-3.524822496408,4.805142776625,4.805142776625,0.452024905492,,,,17.884735610807,4.302137247338,1.133171863089,0.565442264611,10.064448472542,41.839669366982,166.00561886996,2.264956885111,1.5894457245,24.149239244305,58.6207257256,41.3792742744,366.178555215765,6.0195243585,158.944572450041,695468907.057792,757311844.902171,0.825705532736,0.280767077044,1.507132334878,1.771943418238,0.155518058078,,,,,,,,,4976229713.21,,,,,,,,,0
600420.SH,600420,国药现代,10007230,通用,2023-03-31 00:00:00,一季报,2023一季报,058001001,2023-04-26 00:00:00,2024-04-30 00:00:00,CNY,0.1529,,0.1376,8.723007145102,3.060711010508,4.321461201039,0.229983318524,3417169160.61,1384263097.25,179223645.37,170602081.68,5.330934852702,130.866985352336,157.994112844591,1.334540269238,16.182508309085,18.904151201114,1.72,,1.4214737178,8.0259825692,40.5090597564,0.001035260382,0.441701972278,0.078884098281,15.4889994994,2.99290042863,2.321203199933,0.073329560419,34.4499909126,1.525552801475,0.525552801476,508.161650961009,108.662927893539,53.590394000024,0.177108996379,0.82824935555,1.679405454641,,,,,,,,,,,,,,,,,,,,,,,,,102.248677248677,6.5303290038,23.48353959685,-1.408492906206,-43.337345347814,91.1111111111,101.394180597965,-25.286124917491,2023,1.798376953937,67.307203415898,,,,5.330934852702,130.866985352336,157.994112844591,5.462959219868,-11.021132121988,-13.242319008172,-4.958154092098,2.915458546583,2.915458546583,0.277795145823,,,,9.576660344017,2.044768344885,0.626270120757,0.301252750639,9.397848181619,44.014765890295,162.259971585739,2.162556282933,1.462795006707,,58.0332976167,41.9667023833,278.671133138107,13.9108843428,146.279500670714,-105099604.211355,306745040.484929,0.719413956218,0.129674163568,0.836378089711,0.98285907802,0.049911095699,,,,,,,,,6531019691.95,,,,,,,,,0
600420.SH,600420,国药现代,10007230,通用,2022-12-31 00:00:00,年报,2022年报,058001001,2023-03-30 00:00:00,2024-03-30 00:00:00,CNY,0.6113,0.5381,0.5429,8.570125188097,3.060709223646,4.16855238798,2.436368171585,12959320533.56,4934758007.44,627794828.71,552660279.79,-7.067991344168,10.472650095123,11.172623950183,0.041555260736,72.850492626039,100.788561923214,7.09,6.24,4.4830908882,6.6939078875,38.0788328729,0.001025507183,0.58048141156,0.220353613275,11.8516963493,2.784993607208,2.203477054999,0.680640971332,38.0921681246,1.615304509473,0.615304509472,537.532452411997,123.644401116864,58.161871134721,0.669727006034,2.911575427178,6.189622049231,,,,,,,,,,,,,,,,,,,,,,,,,10.462594868088,5.6287720399,23.486120931622,-3.254662816204,48.962301250531,4.2647058824,1.876431023723,-16.504875448377,2022,6.205881047724,-5.401278664166,,,,0.166411524406,418.852841522707,343.44923199297,-2.760255368999,-0.049174653632,21.940010372833,-12.904028338325,11.056629094359,11.056629094359,0.880553292379,11492.0,1127681.91207449,54628.8573538114,37.143780640974,7.826007775392,2.286185130695,1.148320966035,9.692066714471,46.000465413794,181.805435928999,2.00624562174,1.465424338938,26.610980601308,59.5224180971,40.4775819029,252.408789479625,17.3372562368,146.542433893804,1346747054.82394,-1994206951.8976,0.955726306512,0.630939642512,2.955728529611,3.291853084611,0.518079882405,,,,,,,,,7477624438.48,,,,,,,,,0
600420.SH,600420,国药现代,10007230,通用,2022-09-30 00:00:00,三季报,2022三季报,058001001,2022-10-28 00:00:00,2023-10-28 00:00:00,CNY,0.4152,,0.3697,8.4294483231,2.478717334962,4.623880566233,1.914125267863,9719160020.44,3864034391.87,426372120.55,356018230.66,-9.252987629518,-32.47749052661,-38.393678411382,2.000827977047,-1.03405400308,-2.026984752488,4.84,,3.216240175,6.2163173822,39.7568759414,0.000397025708,0.54614076816,0.202257642742,18.7569576054,2.312479182779,1.700816654583,0.429222254261,42.1237946153,1.727825784972,0.72782578497,521.853344847094,135.429344419023,61.541771446253,0.517386738374,1.993659506795,4.38726402661,,,,,,,,,,,,,,,,,,,,,,,,,-32.476825500081,3.1032814226,0.005400713247,4.515079552345,43.185127888848,-35.6382978723,-24.013469623626,-9.547005191266,2022,4.576353709377,-26.707831466244,,,,8.255329703796,-1.848332869019,-3.410841282615,6.024360598955,36.885155819818,25.367778791603,-10.115039679609,9.463796976517,9.463796976517,0.766896282989,,,,33.253175171086,5.56095796226,1.715180600499,0.905065230144,8.119525387,48.552785658943,196.967860608751,1.505166365011,0.956807903481,,57.2469152882,42.7530847118,228.149375617534,19.8382595653,95.680790348075,-307858411.259321,-1568598762.10998,0.91695343734,0.48172460662,2.724313846029,3.253656953279,0.356895115665,,,,,,,,,7792999911.35,,,,,,,,,0
600420.SH,600420,国药现代,10007230,通用,2022-06-30 00:00:00,中报,2022中报,058001001,2022-08-31 00:00:00,2023-08-29 00:00:00,CNY,0.2189,0.1896,0.1965,8.232403562289,2.478709983595,4.427658027343,1.23418153793,6387024045.16,2593311198.11,224850314.74,194756928.05,-16.314076833925,-47.234967892069,-52.606559681442,-4.227056633959,-13.689508698065,-18.801703903034,2.58,2.23,1.7291781581,5.1669999992,40.60280938,0.000221603003,0.528047536872,0.1984464691,22.3550502658,2.00398142728,1.453193957664,0.22794548031,44.9596800574,1.81684990393,0.81684990393,537.862449560349,145.544769858551,68.917370724422,0.334658052718,1.236732863537,2.611823377879,,,,,,,,,,,,,,,,,,,,,,,,,-47.240298867197,3.2066036972,0.005758641768,4.789183249376,185.628568529516,-49.609375,-39.188353292035,-7.445972123941,2022,2.569621601191,-39.545128990201,,,,-15.135664524887,-28.335177773126,-33.587038735992,-3.126160285464,89.640991356807,94.522437110966,-6.620587204078,6.21921641401,6.21921641401,0.447920501806,,,,19.649973555202,3.595173368312,1.111072921428,0.579860732448,9.160317671387,50.06712654987,214.466625097794,1.306239484861,0.770455027765,21.218573078217,58.3391614744,41.6608385256,214.025164384143,20.6724150367,77.045502776499,-173500245.366915,-916910294.803691,0.889456464266,0.297425907635,2.960282455491,3.840651618585,0.223466052879,,,,,,,,,8587518059.48,,,,,,,,,0
600420.SH,600420,国药现代,10007230,通用,2022-03-31 00:00:00,一季报,2022一季报,058001001,2022-04-30 00:00:00,2023-04-26 00:00:00,CNY,0.0756,,0.0689,8.188285182891,2.478638870007,4.383198237276,0.405881651567,3244221809.47,1382763285.87,77630695.05,66126346.76,-17.424856463167,-64.826367444433,-69.562588512857,-4.909231407265,-25.177057803508,-30.40059981611,0.9,,0.7058166793,4.1945585808,42.6223411061,0.000545769828,0.541330933765,0.128483563085,25.0942960649,1.84292638573,1.346839933561,0.067308507,46.1092278704,1.855605255748,0.855605255749,534.855980774881,148.543075240085,71.247939942209,0.168269596368,0.605884857672,1.263194417593,,,,,,,,,,,,,,,,,,,,,,,,,-64.820846905538,3.923140367,0.003313129664,6.188751371609,296.923178150954,-66.4179104478,-54.545628630681,-2.480127788672,2022,1.074895113432,-53.213273325651,,,,-17.424856463167,-64.826367444433,-69.562588512857,0.291962551853,222.889657934759,181.866561116744,-6.419795443828,3.159016155999,3.159016155999,0.195342602435,,,,9.016543903294,1.576657154562,0.556522220215,0.290970082635,9.981651613443,57.082796814506,219.786988010341,1.206379390737,0.698176388747,,58.5581951254,41.4418048746,208.354506693531,22.5475020695,69.817638874702,-1026735076.87082,-1158366355.00906,0.845823349624,0.140793222737,2.275861769806,3.063100934454,0.071450749098,,,,,,,,,8986618580.62,,,,,,,,,0
600420.SH,600420,国药现代,10007230,通用,2021-12-31 00:00:00,年报,2021年报,058001001,2022-03-26 00:00:00,2023-03-30 00:00:00,CNY,0.5534,0.4841,0.4825,8.113438244702,2.478585609909,4.30878893942,1.635560239827,13944948270.25,6096807285.95,568280771.91,497119038.98,11.059537523106,-12.409489931003,-3.716988125846,0.303700297334,-12.492563067316,-8.864789896982,6.8,5.95,4.4005181995,5.8884826039,43.7205442989,0.00015538937,0.538258522434,0.120449524897,10.5708996767,1.590987709301,1.141971829755,0.24547241223,45.6220268299,1.838979906206,0.838979906206,481.728205934057,145.721986956197,51.204367236507,0.747309365666,2.470457667505,7.030650302487,,,,,,,,,,,,,,,,,,,,,,,,,-12.408990186768,5.8638241059,0.001445150028,10.111528553777,7.657769446438,-17.5757575758,-12.265769063255,-1.243748244593,2021,6.56021662882,-12.019695790009,,,,1.322533867208,-451.796274373909,-149.160521384842,5.092320420973,-130.767610826403,-148.38003767554,-7.127735194484,13.578801919069,13.578801919069,0.954104841272,11937.0,1168212.13623607,47606.6659889419,46.510317469673,7.619270193784,2.392305028774,1.325003592411,7.740218076016,47.248619729183,196.923495272866,1.006082266024,0.626115582438,15.205312381914,57.0868814964,42.9131185036,210.711575344669,18.7556469066,62.611558243784,998537478.341821,1109797724.40079,0.950173188658,0.694816087507,1.871360747752,2.045510414127,0.288348372044,,,,,,,,,8700102902.92,,,,,,,,,0
600420.SH,600420,国药现代,10007230,通用,2021-09-30 00:00:00,三季报,2021三季报,058001001,2021-10-28 00:00:00,2022-10-28 00:00:00,CNY,0.6149,,0.535,8.175732340221,2.478583473776,4.424127681898,1.336818492315,10710170799.63,4737198862.57,631451828.25,577892367.99,14.379360827412,0.097634912364,5.314824063027,-0.528291878569,-13.219862741098,-17.114015159453,7.52,,4.2326451268,7.4667590221,44.2308432909,0.000206726149,0.501783698296,0.128183277811,10.8026938579,1.554419666099,1.091127439183,0.189535524057,46.5698175106,1.871601318596,0.871601318597,476.303794801516,150.006872901897,51.810746537564,0.566865103631,1.799917528956,5.211274070414,,,,,,,,,,,,,,,,,,,,,,,,,0.097672147159,6.8741076273,0.001636289439,12.373768305972,12.426406263618,-6.2344139651,-3.252003188558,-1.818739285319,2021,6.243987319422,-3.021825150635,,,,-2.342641623349,-32.516199457208,-40.284074745883,-16.884582671142,-0.054164701713,-13.799379276063,-4.648828492873,10.428961680077,10.428961680077,0.923580514028,,,,32.817236429302,5.659170655997,1.850794115679,0.999940289776,8.227383819526,47.71017105022,201.818822541933,0.963842201928,0.576003820052,,57.630107842,42.369892158,207.362873742856,19.8271607818,57.600382005161,-286705503.082375,383638697.714444,0.923046098666,0.50601546335,1.590531499776,1.716719093679,0.23915251862,,,,,,,,,9098305917.17,,,,,,,,,0
600420.SH,600420,国药现代,10007230,通用,2021-06-30 00:00:00,中报,2021中报,058001001,2021-08-28 00:00:00,2022-08-31 00:00:00,CNY,0.4149,0.4001,0.361,7.976624816026,2.478567251786,4.225300637,0.432093170611,7632136688.61,3318570783.98,426135085.6,410936464.5,22.86403927224,30.480161462779,52.682258787859,6.027312677837,1.942837631516,8.918201060709,5.12,4.94,2.8434983292,7.0890902508,43.4815428415,0.000268829879,0.437214602075,0.058141414653,15.3676040439,1.484272933446,1.054312978056,0.057038668995,48.5766866004,1.944643263706,0.944643263708,448.755756970116,138.25018508811,53.250980780734,0.401109060339,1.301987406999,3.380219431848,,,,,,,,,,,,,,,,,,,,,,,,,30.471698113208,8.4744961291,0.003387575268,16.05584890564,-7.483609458304,21.6152019002,17.846188099193,3.683034004606,2021,4.250479007348,20.445433805645,,,,27.314429534639,7.460476235023,38.545161659739,-5.739305273439,-6.922778286662,-10.849338003587,-3.959976792152,7.431762250555,7.431762250555,0.655343200069,,,,23.678186076147,3.820074453865,1.334761476988,0.703109736499,7.60193367098,47.119500463632,191.500134832367,0.950977971171,0.532523598819,8.191360832717,58.3052314152,41.6947685848,198.823353100344,19.6639751359,53.2523598819,209336677.518032,884753148.346878,0.817722154623,0.315125325985,0.691989326424,0.820153399039,0.079198823885,,,,,,,,,9620474317.58,,,,,,,,,0
600420.SH,600420,国药现代,10007230,通用,2021-03-31 00:00:00,一季报,2021一季报,058001001,2021-04-29 00:00:00,2022-04-30 00:00:00,CNY,0.2149,,0.1869,7.879174122311,2.478556752208,4.127742515718,0.102256979161,3928811589.68,1789429169.46,220707073.48,217253516.41,18.944845545683,62.975059592904,67.961554487639,4.983627774211,13.144915070892,17.025877484684,2.68,,1.5528026415,7.3963920882,45.5463217977,0.000516374324,0.425752069034,0.02672916845,15.4602111377,1.631672754775,1.122112725703,0.015695076014,47.2818788877,1.896880956493,0.896880956494,428.692784361967,140.730267147757,46.879158504826,0.209940552496,0.639521275871,1.919829682752,,,,,,,,,,,,,,,,,,,,,,,,,62.926459438969,8.4311624784,0.003804181232,16.123675556245,131.18801322703,51.4124293785,52.840046305034,-3.680413445661,2021,2.297436024781,55.075118892902,,,,18.944845545683,62.975059592904,67.961554487639,23.061678575661,1129.10602856372,770.159322202806,3.827786685007,3.825670048465,3.825670048465,0.350377779548,,,,11.473113507061,1.978276233778,0.679876119563,0.372756033906,7.84442688069,45.494152163029,187.614832500225,0.993233601819,0.552874811965,,56.9281021498,43.0718978502,204.211774845046,18.8846871602,55.287481196537,-537831782.981204,-152698821.642585,0.81370997581,0.16670217246,0.302409791584,0.361381172489,0.018345021815,,,,,,,,,9067432039.47,,,,,,,,,0
600420.SH,600420,国药现代,10007230,通用,2020-12-31 00:00:00,年报,2020年报,058001001,2021-03-26 00:00:00,2022-03-26 00:00:00,CNY,0.6318,0.5028,0.5501,7.664032839572,2.478549791146,3.913113364252,1.519221741484,12556281595.67,5910994707.44,648792627.72,516310228.88,2.927877247307,-1.154014219035,-12.476712254418,0.142368129078,-8.950178823467,-14.744022308622,8.25,6.57,5.0157369051,7.1681003597,47.0759966826,0.000118120733,0.503115354311,0.124254859988,13.550696695,1.640600748108,1.110898145019,0.251870809587,46.196596184,1.858618468489,0.858618468489,514.48394887967,151.674259203851,39.380400788439,0.699730284655,2.373507554213,9.141603254218,,,,,,,,,,,,,,,,,,,,,,,,,1.201345506968,7.4195682678,0.005418739772,14.326294648061,22.833183288605,-8.8397790055,-7.886712974585,-3.401193257186,2020,7.456460497297,-10.228209571913,,,,0.562280097729,-78.030002698177,-157.002406572952,1.290779121607,-94.09796105464,-111.595170445006,-5.23781075212,12.226658511631,12.226658511631,1.09824884969,12946.0,969896.616381122,50115.2964405994,42.261900438198,7.278568367148,2.183558326149,1.265827710588,8.518310730641,49.460275955485,191.055156749315,0.941535166946,0.600472050016,12.631687403257,55.6834079477,44.3165920523,208.876368607736,17.2427428687,60.04720500157,633198219.106396,550189180.955363,0.890152714484,0.612423541081,1.523324019858,1.73344196863,0.267472057795,,,,,,,,,8431088899.1,,,,,,,,,0
600420.SH,600420,国药现代,10007230,通用,2020-09-30 00:00:00,三季报,2020三季报,058001001,2020-10-28 00:00:00,2021-10-28 00:00:00,CNY,0.6143,,0.5345,7.649871911662,2.47854291764,3.936975460191,1.189060948173,9363726744.19,4343580930.31,630835912.16,548728417.99,3.760073166734,9.780413727895,2.943155474564,3.14957045725,16.696295336472,19.374141120583,8.02,,4.3749175862,8.4587262484,46.3873097643,0.000594581509,0.470761286472,0.130409197296,16.1725999374,1.625310675885,1.132915781993,0.189555463491,47.4324908558,1.902315738904,0.902315738903,522.034082259566,147.64557226948,48.826461830286,0.517207609954,1.828703670891,5.529788354079,,,,,,,,,,,,,,,,,,,,,,,,,12.922794117647,11.0619429569,2.858503556729,19.418701889446,-37.063598782059,-1.5950920245,-4.172647924561,-3.545053851486,2020,6.438549012828,-7.878066665154,,,,13.826129004938,50.396915261914,54.213773828857,8.356319673776,59.15267030716,99.991524581532,-9.570707666723,9.117922453528,9.117922453528,0.987228208938,,,,20.708712305048,5.014738647562,1.657548781457,0.92955798601,13.037990775225,53.841290439187,196.472227650187,1.009573966345,0.592118246232,,56.381662075,43.618337925,203.709786588166,18.7546370369,59.211824623194,-387555936.925418,-222784931.691654,0.855412827409,0.431325693697,1.321116934458,1.541711996185,0.216872014267,,,,,,,,,8808360731.65,,,,,,,,,0
600420.SH,600420,国药现代,10007230,通用,2020-06-30 00:00:00,中报,2020中报,058001001,2020-08-28 00:00:00,2021-08-28 00:00:00,CNY,0.318,0.2621,0.2773,7.35345643508,2.478483291299,3.640747689016,0.467044993953,6211855587.54,2812380253.91,326589943.5,269144868.41,-0.695792835061,-12.286924367041,-23.482767042789,-1.395481356948,0.658051459146,-8.107829066721,4.21,3.47,2.4128895258,6.8886802021,45.2743985155,0.000598418915,0.391886566306,0.077212292395,16.342621267,1.619230955454,1.19036430393,0.079593618777,46.8511430696,1.881508009306,0.881508009307,513.891093267201,129.798255824758,52.389322350538,0.350268767757,1.386767478933,3.435814626416,,,,,,,,,,,,,,,,,,,,,,,,,-9.787234042553,9.8574747036,2.974533472251,17.24466556397,-64.224342796199,-21.1610486891,-20.048855691327,-8.720605133461,2020,3.52896649798,-23.420699464663,,,,-5.583866039938,2.132726175727,-24.253069775199,-11.93595402924,41.161348683185,8.079442061606,-11.795892071454,6.048842476585,6.048842476585,0.547570796648,,,,15.413777226017,3.680208600916,1.115723135954,0.639281453011,11.677864378121,48.910270998008,182.184757374013,1.066365844634,0.586365873102,6.877723275636,54.7232617819,45.2767382181,205.738944755028,23.2938081182,58.636587310208,-1009676287.39801,167303953.156048,0.779544057325,0.271578663646,0.980586653661,1.120857553697,0.087725365781,,,,,,,,,8353847831.52,,,,,,,,,0
600420.SH,600420,国药现代,10007230,通用,2020-03-31 00:00:00,一季报,2020一季报,058001001,2020-04-25 00:00:00,2021-04-29 00:00:00,CNY,0.1319,,0.1152,7.266521857942,2.478462467004,3.554608908085,-0.327872693963,3303053252.67,1448956307.02,135423833.58,129347169.4,4.047978762394,-26.863059861055,-22.632415441811,1.053397108836,-7.578215089383,-6.414188095873,1.77,,1.0159658277,5.5480902484,43.8671797328,0.002490910788,0.285775943841,-0.101938311363,15.8207777702,1.435035777171,1.133080170577,-0.046793302643,49.0885401185,1.964194313672,0.964194313671,491.481217892263,109.002633165745,49.296951079551,0.183119917351,0.82566812733,1.825670716527,,,,,,,,,,,,,,,,,,,,,,,,,-24.757558471192,9.7787954407,2.853293454508,17.389514211973,-239.599316071891,-33.9552238806,-35.811497538531,1.830653638947,2020,1.481498799538,-38.499527846923,,,,4.047978762394,-26.863059861055,-22.632415441811,4.042869057905,65.690727149613,127.43713148755,-15.728692954528,3.216383414421,3.216383414421,0.235267671642,,,,7.05298011218,2.11341255851,0.588753382478,0.330266178305,12.760563416955,42.585154345563,158.294585955139,1.010199797259,0.596916588615,,56.0074205918,43.9925794082,196.265136038507,27.5488043688,59.691658861545,-1593991450.39434,212908838.810904,0.660245160025,0.118286268824,-1.546635651274,-1.837358564834,-0.060637450142,,,,,,,,,9050375230.13,,,,,,,,,0
600420.SH,600420,国药现代,10007230,通用,2019-12-31 00:00:00,年报,2019年报,058001001,2020-04-02 00:00:00,2021-03-26 00:00:00,CNY,0.6243,0.5611,0.57,7.13467105031,2.47841549226,3.422758846771,1.236817039834,12199106725.48,6060276913.16,656367198.52,589911830.53,7.758522148299,-6.967113787988,40.895126884623,2.857075303648,-6.655220428759,42.802984861172,9.05,8.14,5.4451828472,7.6109430627,49.6780383149,0.024529416767,0.627609193497,0.104117230961,13.4583123422,1.490552149647,1.133427994046,0.195652425167,47.8231540758,1.916558930091,0.916558930092,503.185949759335,135.864135201709,32.371334390754,0.715441280052,2.649705895272,11.120950272066,,,,,,,,,,,,,,,,,,,,,,,,,-3.374090698034,10.719213843,2.851344057576,19.981509483028,-21.734609438638,-16.8962350781,-19.505287933173,-1.833301952789,2019,8.306017359952,-19.887699472973,,,,11.949029210011,-36.409494900688,147.414614618754,14.650714762057,-59.597243506985,-68.630535094605,1.848917651675,11.879081189669,11.879081189669,1.178880010917,13117.0,930022.621443928,50039.429634825,42.92257526504,7.093724108464,2.118984100488,1.344508720238,8.387194798473,50.74908390791,168.235627124708,1.020446794203,0.795480397563,6.70476432928,54.8594971812,45.1405028188,201.325677330862,24.3687151112,79.5480397563,1473949877.41578,91887392.6731024,0.965674404999,0.667879316907,1.23184469909,1.367993822897,0.224101075432,,,,,,,,,8435269701.51,,,,,,,,,0
600420.SH,600420,国药现代,10007230,通用,2019-09-30 00:00:00,三季报,2019三季报,058001001,2019-10-26 00:00:00,2020-10-28 00:00:00,CNY,0.544,,0.5139,6.887932722939,2.409662625777,3.296782997889,1.889305592888,9024402603.44,4629227412.96,574634300.18,533040215.7,6.357964288804,-0.408561020949,-1.038499249803,1.171587805893,5.346896366462,8.36563541924,8.15,,4.5654163362,8.7266741861,51.2967740512,0.009677072619,0.682987109496,0.221126585386,10.2506799663,1.439945697695,1.081181924714,0.287436035914,49.1757994274,1.967566609477,0.967566609476,516.097953997011,147.616971897236,40.851783561938,0.523156501414,1.829057977073,6.609258555153,,,,,,,,,,,,,,,,,,,,,,,,,4.074995217142,9.5002974352,-0.69938771529,21.942873386637,141.665044443832,-9.0401785714,-10.78503370569,-2.648835598548,2019,6.989159671047,-12.073656854887,,,,5.218880136414,21.421300443253,21.344669019545,-10.120946014999,8.078653530291,-1.767892180366,2.737040715941,8.544000214121,8.544000214121,0.933480092568,,,,25.514960654393,5.082131343702,1.575114686353,0.977350894162,10.582026900109,53.12731642298,188.46510784262,1.024596914413,0.689806355301,,55.4274839891,44.5725160109,195.210014631516,23.846283964,68.260437718526,321783497.330901,-557978794.650623,1.051329131766,0.526039073781,2.376599362467,2.533915907388,0.355563756974,,,,,,,,,8869325327.49,,,,,,,,,0
600420.SH,600420,国药现代,10007230,通用,2019-06-30 00:00:00,中报,2019中报,058001001,2019-08-24 00:00:00,2020-08-28 00:00:00,CNY,0.3525,0.333,0.3437,6.693633232442,2.406889555821,3.105256577349,1.305482639473,6255380073.9,3210831978.04,372338948.49,351744120.91,6.870107200798,-9.270933106279,-9.630319941138,2.958110740233,-6.954056711727,-8.721110640027,5.34,5.04,3.0179549607,8.4057987179,51.3291269293,0.015503006872,0.680087588746,0.220431984282,16.6457503069,1.476715276787,1.138015333064,0.19388878496,51.3271841231,2.054534922592,1.054534922593,501.34736565013,139.645095006831,42.257466263873,0.359032503874,1.288981900805,4.25960228841,,,,,,,,,,,,,,,,,,,,,,,,,-4.67820443483,13.7444555019,4.222004813813,28.158160878152,439.008890091277,-16.9517884914,-17.323826157338,0.918128554554,2019,4.608251150521,-17.007310230922,,,,12.274451765833,-21.043492756925,-16.481837642435,-2.952116332448,1.085220136114,10.391871299431,5.349095765224,5.922383014077,5.922383014077,0.665309739801,,,,18.628210355902,3.289883561104,1.081180072838,0.659425886425,9.662763977913,54.713182596528,181.900623178668,1.090998628366,0.727318613581,6.163329297142,57.1323543531,42.8676456469,187.073562362212,26.2285234924,71.689921661122,603649197.17977,-633291972.924946,1.016957141953,0.346071697391,2.267982595186,2.622379998389,0.2408541472,,,,,,,,,9434908851.49,,,,,,,,,0
600420.SH,600420,国药现代,10007230,通用,2019-03-31 00:00:00,一季报,2019一季报,058001001,2019-04-26 00:00:00,2020-04-25 00:00:00,CNY,0.1753,,0.1753,6.61923992586,2.409706470022,3.028046356565,0.234866977281,3174548215.12,1652501687.77,185164751.66,167185223.81,2.10056913169,6.830559430265,-0.631360529672,0.576918332478,1.678064747438,-0.253708397278,2.68,,1.5827847492,8.235368646,52.0547043481,0.029460393458,0.517714754277,0.078144288721,17.0829376351,1.282905209502,0.943435181714,0.036960869373,48.2060542325,1.930727588296,0.930727588295,468.277937688791,135.813584681755,41.044159793954,0.192193551642,0.662673032384,2.192760199059,,,,,,,,,,,,,,,,,,,,,,,,,12.227912932138,15.7422320641,4.445187088583,34.021381715281,5.191653699057,-3.2490974729,-4.695938755738,-4.558574802181,2019,2.408922643473,-6.365073884084,,,,2.10056913169,6.830559430265,-0.631360529672,11.943531491902,44.063410496792,239.384523906989,8.01968169406,3.005555250758,3.005555250758,0.330911633341,,,,9.458785631477,,0.549071039765,0.371710533999,9.514963496001,,176.851472756883,0.884919246873,0.483208478286,,51.9615009707,48.0384990293,198.210736910658,22.8783868535,48.320847828622,-542694034.549271,236871248.802554,0.886719874369,0.169870708035,0.834082486402,0.948886347166,0.043392650168,,,,,,,,,7988246506.7,,,,,,,,,0
600420.SH,600420,国药现代,10007230,通用,2018-12-31 00:00:00,年报,2018年报,058001001,2019-04-19 00:00:00,2020-04-02 00:00:00,CNY,0.6461,0.3834,0.6461,6.443932180034,2.409706470022,2.85273861074,1.580286038264,11320781393.69,5521847701.45,705521698.02,418688597.38,32.908061883991,36.781339819202,-1.707397661025,8.68742419272,9.077344331344,-26.280348257926,10.89,6.46,6.7646466549,9.4514639532,48.7762064245,0.01755685309,0.601093533202,0.147440403436,17.3081673319,1.289520602836,0.937047428286,0.254113639137,48.7162704126,1.949936184528,0.949936184528,502.986659427195,131.418813803469,35.508421353694,0.715724747869,2.739333810594,10.138440017203,,,,,,,,,,,,,,,,,,,,,,,,,39.006024096386,15.8403977376,4.445187088583,35.638420690629,-24.229059639351,24.0318906606,24.72655156375,-1.758265966437,2018,10.367967597124,16.504207262819,,,,46.861022282899,84.095649547393,-509.186232229008,7.758145820744,-22.853966528297,-180.281520094013,12.557949384672,10.718134252436,10.718134252436,1.386010048589,12374.0,914884.547736383,57016.4617763052,38.192368691937,6.414471638582,1.826036642806,1.471175671627,9.425966818235,56.123094821194,166.928997386498,0.867990601731,0.582697309949,7.739817859833,51.447163911,48.552836089,196.444968750865,22.6522764559,58.269730994871,1923592860.38455,1177290111.05925,0.860538643592,0.591718293719,1.302041872649,1.559974244897,0.285498339219,,,,,,,,,8020580795.44,,,,,,,,,0
600420.SH,600420,国药现代,10007230,通用,2018-09-30 00:00:00,三季报,2018三季报,058001001,2018-10-26 00:00:00,2019-10-26 00:00:00,CNY,0.5227,,0.5227,6.290332432217,2.426634207318,2.703547084245,0.781786872502,8484933557.9,4236541334.32,576991663.21,538633924.97,28.817626051368,29.374503200966,35.79634782667,6.378685532748,13.690009546019,18.973452161737,8.96,,5.1173211467,9.5431765171,49.9301651028,0.01777181835,0.5409816033,0.097318888323,16.1125261005,1.244667191951,0.858651922155,0.125778195241,50.5138276771,2.02076651529,1.020766515289,503.51689599558,141.496576973688,44.691208953271,0.536228281806,1.9081733691,6.041456615826,,,,,,,,,,,,,,,,,,,,,,,,,30.15438247012,16.3088300292,9.457725422501,31.621326028804,42.242357023816,17.7398160315,14.574121458461,-0.646457258934,2018,7.948880188855,13.920467476241,,,,31.117201990237,87.787591898637,153.954436212302,-4.094003867797,-29.719802381178,-32.389570997267,26.985650041019,8.033249104806,8.033249104806,1.048954752732,,,,28.362945445126,,1.330301517641,1.124482587886,9.519462656739,,186.185490267449,0.797954068164,0.43464404045,,49.5950400837,50.4049599163,189.008754376969,24.6603787273,43.464404044962,616809427.582426,584084255.353979,0.797641087327,0.410771912282,0.872084816716,1.019774580807,0.133108890939,,,,,,,,,8322724164.34,,,,,,,,,0
600420.SH,600420,国药现代,10007230,通用,2018-06-30 00:00:00,中报,2018中报,058001001,2018-08-17 00:00:00,2019-08-24 00:00:00,CNY,0.3698,0.3507,0.3698,5.884799573664,2.309387120427,2.422987780155,0.242200576553,5853255169.05,2851875237.65,410385515.07,389228025.02,27.809795361317,14.868634657473,15.218758765963,5.73874925924,7.428833707645,8.395830227896,6.43,6.1,3.6503321579,9.8280048958,48.7228927372,0.018730315581,0.470976678237,0.045920825952,15.5231517588,1.340698374603,0.958827346402,0.043889443054,50.8602219029,2.03501122456,1.035011224559,484.624632696999,127.658979028671,45.622695179172,0.371421483465,1.410006576659,3.94540478797,,,,,,,,,,,,,,,,,,,,,,,,,14.951818464408,10.4420198554,4.169083481824,22.736441664408,56.389089377449,5.4098360656,4.914904164841,-2.277694925427,2018,5.552598865445,5.82722797929,,,,24.017067114735,19.897876650737,20.094540285435,-11.746225435603,36.771382047421,31.342569687351,26.507317731596,5.274307931799,5.274307931799,0.699741234657,,,,16.664801361231,2.695858933657,0.909178663973,0.773698443195,10.801208853215,66.769072280732,173.282325013023,0.875211354178,0.432753695593,2.414943708217,50.2256769779,49.7743230221,187.341943702788,26.8129091461,43.275369559296,395192067.713803,386256908.016638,0.685792012958,0.245548631511,0.401906946598,0.467244638547,0.042509055354,,,,,,,,,8314394227.27,,,,,,,,,0
600420.SH,600420,国药现代,10007230,通用,2018-03-31 00:00:00,一季报,2018一季报,058001001,2018-04-18 00:00:00,2019-04-26 00:00:00,CNY,0.1562,,0.1562,5.718949607083,2.307149364363,2.259375569637,0.223275297062,3109236551.88,1498341662.54,173325640.76,168247471.94,31.355074319752,8.636157809219,9.385818835115,8.7134404095,2.671317230153,3.389139087393,2.77,,1.6607736633,8.3181597059,48.1900182742,0.074530561999,0.465605312238,0.079692763454,17.3386209507,1.29134842898,0.949166494047,0.041200833604,50.5085230366,2.020549923656,1.020549923656,450.774473425266,111.082997416316,41.707846771038,0.199656380975,0.810205000705,2.157867331154,,,,,,,,,,,,,,,,,,,,,,,,,8.698677800974,-45.8460958477,-57.540450732227,-41.348070008868,5776.77543884641,0.3623188406,0.786637714289,-4.125712348448,2018,2.572675328959,-3.78647996343,,,,31.355074319752,8.636157809219,9.385818835115,61.0190972751,148.25712111647,473.966076948912,22.290475065968,2.801701025121,2.801701025121,0.325451748948,,,,8.698176737605,1.500698983283,0.480584772788,0.423424300979,10.346996010198,59.972053691348,152.790898389479,0.872290512153,0.436007970788,,48.6140097296,51.3859902704,188.411340000284,26.3362556927,43.600797078823,-1927394.06715977,20341678.4820972,0.658682418461,0.128197983127,0.789638027871,0.958057626579,0.038797994892,,,,,,,,,8068881035.02,,,,,,,,,0
600420.SH,600420,国药现代,10007230,通用,2017-12-31 00:00:00,年报,2017年报,058001001,2018-03-22 00:00:00,2019-04-19 00:00:00,CNY,0.4648,0.3838,0.4648,5.562767657819,2.307149364363,2.103193620373,2.085609642354,8517753726.31,3691109480.04,515802593.36,425961453.27,-6.662678645276,8.149743558254,162.445978663047,-6.258113215703,-4.288617190282,-13.873396616512,8.78,7.25,5.4235818838,9.6101877628,43.3343061873,0.019977726291,0.65845681357,0.271731460115,14.1764010351,1.283743300598,0.927813303713,0.429380079111,49.5881621918,1.983661067475,0.983661067476,637.893493402608,139.033055781772,48.725595960122,0.564357535738,2.589312289626,7.38831394273,,,,,,,,,,,,,,,,,,,,,,,,,8.14332247557,-70.5582915985,-77.996429673978,-69.425520302423,-28.438333820668,-6.3965884861,-8.021881527055,-7.811372438118,2017,8.899221616722,-11.840682244146,,,,-22.749009169278,-24.870590139529,-63.081533300441,-3.793761257801,-21.306843014488,-50.174647708256,19.874635332404,7.675260131719,7.675260131719,1.069204358639,14246.0,597904.936565352,36206.8365407834,25.628375639131,5.775160273417,1.281303207449,1.285024887091,14.04693005398,62.335932330238,187.75940358802,0.855623168971,0.451886963562,9.123433000546,45.6140672819,54.3859327181,191.736667608455,27.0852174808,45.188696356174,2086139208.39791,1764382019.09468,0.975285640415,0.547588612184,2.508038443239,2.827535390799,0.353209732792,,,,,,,,,7522817294.22,,,,,,,,,0
600420.SH,600420,国药现代,10007230,通用,2017-09-30 00:00:00,三季报,2017三季报,058001001,2017-10-25 00:00:00,2018-10-26 00:00:00,CNY,0.4016,,0.4016,5.40830170043,2.216960198973,2.054034225163,0.549616084027,6586779944.63,2589891141.44,445985606.85,396648314.62,-0.594377851845,16.140648877766,378.438489207367,-0.408307183556,-1.002355635584,10.583117319789,7.61,,4.466384801,10.199059817,39.3195334171,0.012604882698,0.458801770864,0.092659249681,17.6334726348,1.310923889559,0.930964527148,0.118014564199,50.8425027266,2.03427769001,1.034277690009,616.549239104748,127.4891466399,54.830770177449,0.437921228144,2.11782733759,4.924242339223,,,,,,,,,,,,,,,,,,,,,,,,,-50.523592460269,9.2836334612,785.88029926348,-37.824257986825,-60.402077076268,-21.7882836588,-38.066557330265,-13.089802214518,2017,6.97756984759,-41.962549419088,,,,-1.822197559806,-5.793910117345,335.568588749863,-9.287414782397,-55.127778252573,-68.027164594217,9.375956413979,5.931583580937,5.931583580937,0.890999961855,,,,19.332217687348,5.433907522128,1.00323702357,1.004341070126,13.966323179606,49.688000559543,182.32203395467,0.857773455194,0.317696807334,,44.996450463,55.003549537,187.373094212069,32.8523205755,31.76968073342,-330949902.33264,706131352.629276,0.770676390706,0.336914467614,0.752701208959,0.908507757996,0.095535376811,,,,,,,,,7660418020.34,,,,,,,,,0
600420.SH,600420,国药现代,10007230,通用,2017-06-30 00:00:00,中报,2017中报,058001001,2017-08-18 00:00:00,2018-08-17 00:00:00,CNY,0.3217,0.3042,0.3217,5.328406327019,2.216960198973,1.974138851752,0.154870507602,4579660856.59,1763805672.98,357265076.14,337816540.63,-0.046531231402,23.268099121035,386.782246971388,-2.147880923141,2.018675587069,58.984441795289,6.1,5.77,3.4793265904,11.4583381823,38.5138928015,0.021202604739,0.400997476273,0.037552417796,17.9654559117,1.304427048519,0.922002431487,0.033402169492,52.0456633356,2.085317136171,1.085317136173,592.787374005117,120.767891938926,54.321136436625,0.303650192115,1.490462382924,3.313627287787,,,,,,,,,,,,,,,,,,,,,,,,,-47.486124714332,9.2920145668,785.88029926348,-38.883270453398,-68.625204099932,-16.89373297,-35.235283620396,-13.000375676934,2017,5.246852791544,-40.76748894201,,,,-8.299892852996,5.761884414318,431.881276138642,-6.524308414905,23.92477547514,19.630871636731,6.475668002753,4.12411548155,4.12411548155,0.679390406153,,,,15.065725082239,4.200198876619,0.691712630986,0.70169643708,11.947649317736,42.855113599976,175.086427788031,0.865121855932,0.333217476858,1.38737003573,44.3335857109,55.6664142891,182.854881028463,34.5320499016,33.321747685828,81277867.3265014,973405033.151856,0.731502691842,0.221139214579,0.275282340671,0.327730052984,0.026462363012,,,,,,,,,7884388789.86,,,,,,,,,0
600420.SH,600420,国药现代,10007230,通用,2017-03-31 00:00:00,一季报,2017一季报,058001001,2017-04-21 00:00:00,2018-04-18 00:00:00,CNY,0.1437,,0.1437,10.560549043701,5.433758492849,3.852175998264,-0.003933135976,2367047156.71,932763125.47,159546917.21,153811045.83,9.135199787603,55.07883731305,341.9520252871,2.171152685234,11.881263219062,73.324177417784,2.76,,1.6478113577,10.5133850669,39.4061910776,0.047903726733,0.417214349951,-0.000922581104,20.0269830263,1.340001916268,0.95166645032,-0.000437915735,52.6820321421,2.113362101693,1.113362101691,574.219040048505,117.530923913801,50.784844101079,0.156734614708,0.765755913448,1.77218226408,,,,,,,,,,,,,,,,,,,,,,,,,-33.931034482759,122.3871143811,2071.28823602718,24.125576060672,-100.621221197193,5.3435114504,-21.40334247061,-14.088086882342,2017,2.673922883167,-24.396706094422,,,,9.135199787603,55.07883731305,341.9520252871,-5.303355263685,71.686953766299,93.717501264546,9.574804118249,4.263187222914,4.263187222914,0.696204904753,,,,7.161169245164,1.892862576025,0.354571251588,0.363620439058,12.567780053624,47.547033334559,168.308493597277,0.880152476679,0.284040932983,,43.9930734264,56.0069265736,180.530050754541,34.1224162133,28.404093298318,-819619856.263492,170155713.36388,0.653368506304,0.101817651459,-0.007085472458,-0.008775300234,-0.000330425621,,,,,,,,,8002110616.51,,,,,,,,,0
600420.SH,600420,国药现代,10007230,通用,2016-12-31 00:00:00,年报,2016年报,058001001,2017-03-23 00:00:00,2018-04-26 00:00:00,CNY,0.4298,0.1463,0.4298,18.894174148992,10.485340925034,6.878918762237,2.914422977698,9125774773.35,3298939071.87,476933718.37,162304431.35,1.537254440163,-10.011146061458,-22.331519134793,254.09767731804,150.640003320646,-3.539151115284,9.38,10.15,5.896600163,9.3584550625,36.1496876025,0.014863973825,0.402927904276,0.091891029427,17.6053245532,1.345081037979,0.960998082147,0.177994248527,53.7898909044,2.164028649946,1.164028649944,571.353615539587,115.967160838797,43.888669345758,0.630082649709,3.104327099121,8.202572676877,,,,,,,,,,,,,,,,,,,,,,,,,-61.635276265286,40.1526129944,56.969377544269,27.239851133867,-49.655245641957,-34.5885634589,-41.180031561473,-8.090922361028,2016,10.09447650374,-43.195939719143,,,,-63.708572071737,-76.129598748392,-6.976721388953,22.267908788937,-1.325264847747,487.845604702182,3.713104182708,31.716077139178,31.716077139178,4.555383774074,14711.0,620336.807378832,32420.2106158657,30.278376292733,6.886464694901,1.398278527398,1.536859414099,11.889673228165,52.276460556976,108.795423763102,0.882515105711,0.347987560433,2.877230311294,42.2044137069,57.7955862931,176.424705384341,32.9186252268,34.798756043256,1071209397.43623,798635240.972122,0.802330759299,0.487635950341,0.933428092977,0.981903837898,0.124370471984,,,,,,,,,8076591839.6,,,,,,,,,0
600420.SH,600420,国药现代,10007230,通用,2016-09-30 00:00:00,三季报,2016三季报,058001001,2016-10-22 00:00:00,2017-10-25 00:00:00,CNY,0.8117,,0.8117,4.948867025317,0.25025505148,3.303594229286,1.387992206272,6626164398.24,2382038073.32,384004748.69,82904766.98,215.53061115612,172.952192684269,-32.933716027949,-1.077870683995,1.723829312272,2.804256002382,9.73,,7.2115881315,9.8906517703,35.948973345,0.004698970172,0.398729691366,0.060271930405,19.2671813048,1.61533344075,1.02350138054,0.337249822869,58.5000425981,2.409641027618,1.409641027617,370.30345178923,84.144843352618,27.082098580841,0.729131739646,3.208752779639,9.96968529577,,,,,,,,,,,,,,,,,,,,,,,,,66.025772141542,13.9527876322,-1.916549135096,19.279049070174,139.124920096173,-14.4239226033,43.139617301059,-7.828158528193,2016,12.022529897074,49.99453059908,,,,211.162951534074,425.58126254969,51.470525522538,-15.27256083061,-49.623525020766,-60.957348769784,-25.377085140298,23.028832774305,23.028832774305,3.464844702006,,,,33.925931378255,7.235738543135,1.649706052733,1.778422916361,7.958514004808,37.314781122953,239.755474256378,0.946471817963,0.301859001115,,45.2897047704,54.7102952296,162.960680436279,41.6074099322,30.185900111504,1080968206.91436,793546320.574208,0.749084573048,1.175181071431,0.536017255916,0.60938279705,0.231809281102,,,,,,,,,2470839038.81,,,,,,,,,0
600420.SH,600420,国药现代,10007230,通用,2016-06-30 00:00:00,中报,2016中报,058001001,2016-08-31 00:00:00,2017-08-18 00:00:00,CNY,0.6126,0.1467,0.6126,4.875384856013,0.25025505148,3.230112059983,0.493614390657,4581792821.21,1657305193.43,289827683.47,69397876.1,217.51924738387,136.0793414419,-39.495651297012,1.087608152713,-9.381369556723,-14.889105053966,7.34,1.76,5.3722563533,10.679798926,36.1715437188,0.006548293031,0.347723092099,0.030998640367,19.9822954139,1.438967206927,0.871669855442,0.105173605906,59.8228598578,2.488977554054,1.488977554056,357.831734054378,83.417349765225,25.639538681341,0.503029728416,2.157824487431,7.020407123432,,,,,,,,,,,,,,,,,,,,,,,,,43.566908835247,13.8939677448,-1.916549135096,19.308563964055,1165.92775017062,-26.5265265265,32.311015645359,-7.820918286062,2016,8.858062401588,36.152562464623,,,,257.518904962439,166.316542927254,-44.845964545426,11.248379023916,81.711116451739,-0.596038291575,-25.123626715034,15.923743261514,15.923743261514,2.571105920681,,,,25.439885478495,4.82108500324,1.155247000724,1.224739073288,7.075503549423,37.335993843509,242.809913308901,0.819143861951,0.316905837246,3.858786242877,45.5625997069,54.4374002931,159.358502145961,41.2218593823,31.690583724617,1434150675.87011,1131298226.93611,0.69835376986,0.75023479029,0.251177944595,0.290254906311,0.087572719957,,,,,,,,,2551413802.08,,,,,,,,,0
600420.SH,600420,国药现代,10007230,通用,2016-03-31 00:00:00,一季报,2016一季报,058001001,2016-04-29 00:00:00,2017-04-21 00:00:00,CNY,0.2175,,0.2175,4.748723446991,0.25025505148,3.103450650961,0.633129711892,2168912652.67,780002183.07,102881166.75,34802656.63,182.373348324959,95.703349522026,-33.038667502228,-3.914711832298,-6.616196818725,-7.976768560619,2.62,,2.0965412646,8.8172172252,35.9628213755,0.020087727801,0.462776098011,0.083992578348,20.0556728966,1.472437689809,0.909206914626,0.132896017974,61.3209859149,2.585381307289,1.58538130729,378.504140918293,88.015376768489,27.126281218805,0.237778111969,1.02254859667,3.317815636948,,,,,,,,,,,,,,,,,,,,,,,,,19.047619047619,12.0279120213,-2.939073549036,16.543480642605,384.199576498197,-40.589569161,10.862343291105,-4.590998194995,2016,3.536780932464,16.614260696109,,,,182.373348324959,95.703349522026,-33.038667502228,-68.509917385182,-73.573206073277,-59.22580718968,-21.510911619728,7.53792447312,7.53792447312,1.027128463,,,,11.505356127012,2.393033339816,0.546563609085,0.573994917318,7.822443652022,37.609170964129,253.609712477234,0.849054627866,0.356428018542,,47.0344956354,52.9655043646,155.475341361872,43.5028922599,35.642801854184,729788915.120607,408149360.095171,0.74702380358,0.377559203713,0.788489727628,0.952597358139,0.112020502063,,,,,,,,,2631483009.23,,,,,,,,,0
600420.SH,600420,国药现代,10007230,通用,2015-12-31 00:00:00,年报,2015年报,058001001,2016-04-08 00:00:00,2017-03-23 00:00:00,CNY,1.1203,0.7263,1.1203,4.616849035101,6.679863989444,5.406261246722,5.788930773147,8987612304.14,3132674310.03,529991990.67,208970781.38,226.960698541521,178.956304202989,35.521114395177,-5.172377840319,7.373748173689,27.870290333521,14.34,16.75,10.0248271455,9.9053844469,34.8554677708,0.032607745198,0.492833205867,0.185329394386,15.7884088254,1.18351569451,0.768025113734,0.355912306277,58.5251123025,2.411097547252,1.411097547254,355.710711927171,83.497862337602,26.091514155988,1.01205836071,4.311487622814,13.797589432631,,,,,,,,,,,,,,,,,,,,,,,,,69.665303649856,232.3612618385,2490.77202856654,117.976072726475,544.322476895404,-18.9372526851,40.830511202288,-7.766290037256,2015,17.770695358448,63.877707080934,,,,845.397046535718,497.219024537213,114.416459247237,948.325887090156,2072.63175999543,857.193554128067,-24.855722640578,31.235901851048,31.235901851048,4.749100149242,5695.0,1578158.43795259,93062.684928885,47.155571240569,9.642312839625,2.29922661868,2.498260530834,7.63430471796,37.335440779372,241.476156963088,0.470902990401,0.263400880204,2.465119112086,39.6997873232,60.3002126768,161.827507246868,44.9066698169,26.340088020446,588239342.861208,1264046648.84721,0.980102906809,0.631370860532,1.684064707404,1.870996480547,0.263960334836,,,,,,,,,8165329766.64,,,,,,,,,0
600420.SH,600420,国药现代,10007230,通用,2015-09-30 00:00:00,三季报,2015三季报,058001001,2015-10-30 00:00:00,2016-10-22 00:00:00,CNY,0.4889,,0.4889,4.342910014007,0.255145031372,2.7696349485,0.580446490359,2100006834.19,1011660960.29,140685716.76,123616163.1,3.945573274646,12.724850951771,8.065453406866,0.29375429833,-2.276331484748,-6.963661184976,11.37,,5.0381496524,9.5680911399,48.1741746655,0.018365350723,0.542614315657,0.079530142774,22.6742415521,1.426031143691,0.804320861027,0.12285167847,63.468453775,2.737360181365,1.737360181366,512.764563585973,200.534847027346,38.473519140697,0.526557447948,1.346399411386,7.017813967384,,,,,,,,,,,,,,,,,,,,,,,,,12.701705855233,14.5905519109,-4.74923702304,23.197819038311,-2.715716872558,-3.6440677966,-0.109758365761,-3.183999701611,2015,8.015312191088,5.034371996861,,,,1.277065082512,-21.112376108926,-57.836967629363,-2.650167306969,-74.473807159245,-85.783638349683,6.355835958933,7.298446477166,7.298446477166,1.094820945293,,,,12.568375719614,4.545528156116,1.359640247958,1.168325646024,21.482489545459,59.399038071454,239.008355072045,0.737019401599,0.299903698392,,46.5223329263,53.4776670737,149.822168667051,44.1564963796,29.990369839186,-117422656.474127,192485350.40165,0.938148574293,0.47277383135,0.6987628447,0.831201768578,0.105610180181,,,,,,,,,2644824256.78,,,,,,,,,0
600420.SH,600420,国药现代,10007230,通用,2015-06-30 00:00:00,中报,2015中报,058001001,2015-08-08 00:00:00,2016-08-31 00:00:00,CNY,0.4267,0.3986,0.4267,4.280634833039,0.255145031372,2.707359767532,-0.046308428557,1442996876.24,697088044.0,122767067.08,114698988.73,5.207725171474,20.253314356219,23.013716833642,-2.146312568575,3.88637782062,4.457876987269,9.99,9.34,4.0603243253,11.31241861,48.3083543338,0.02727190219,0.503716594296,-0.009233895034,21.0518388521,1.599536438887,0.87599457219,-0.010643117118,64.8985200823,2.848882731852,1.84888273185,501.495739420515,202.380320718978,36.613709503838,0.358926279629,0.889414540705,4.916191296627,,,,,,,,,,,,,,,,,,,,,,,,,20.264937993236,12.2493704229,-2.620511514726,18.871950162519,-106.835008730832,2.356557377,-1.522648226921,-0.463252132232,2015,6.505982877766,8.000469361976,,,,-8.396189201952,12.646911621352,13.573377724815,-12.134500176969,33.530849207164,20.684219689344,5.947848404548,5.015048187697,5.015048187697,0.873234140262,,,,9.131505836936,2.804162974674,0.93062363183,0.788790177389,19.711973382518,64.190277678467,238.997274098006,0.81686440022,0.352172447335,-0.28080898968,47.3249309675,52.6750690325,146.194721140744,44.2576182313,35.217244733473,-19827073.2302884,81488777.2672473,0.916703758505,0.312614250004,-0.067589191546,-0.081626178739,-0.00836179641,,,,,,,,,2746125782.63,,,,,,,,,0
600420.SH,600420,国药现代,10007230,通用,2015-03-31 00:00:00,一季报,2015一季报,058001001,2015-04-30 00:00:00,2016-04-29 00:00:00,CNY,0.1827,,0.1827,4.238875260023,0.25783295156,2.662912274328,-0.22277644453,768101049.74,351935299.8,52569957.03,51974259.37,20.996211896732,32.170574371879,36.729610735842,4.84885005596,6.734859400167,9.054478780121,4.41,,1.891121189,9.7438890736,45.8188802006,0.117089780219,0.372862985537,-0.083452853361,22.6839291323,1.6493639783,0.878377170686,-0.056042969965,64.2716984297,2.798901587954,1.798901587953,463.719629245548,178.772097725615,36.096292813344,0.194082791247,0.50343426712,2.493330837751,,,,,,,,,,,,,,,,,,,,,,,,,32.199710564399,17.847069418,-1.594631090603,29.206913993989,-785.744643702906,12.5,-0.235937444098,7.434367489971,2015,3.032888869125,11.69905176035,,,,20.996211896732,32.170574371879,36.729610735842,5.430031820689,-19.354553056399,30.562784892967,-2.236197822085,2.669488646091,2.669488646091,0.406924422282,,,,4.064126353952,1.487817815458,0.51085680912,0.433620107789,22.144980781044,60.491277268578,214.881006245725,0.777423126721,0.277423367565,,45.9450510074,54.0549489926,147.252481839184,43.3086492154,27.742336756467,-186828780.60197,-68092021.8565422,0.883598914596,0.165294102349,-0.663221520179,-0.856463499635,-0.042748742986,,,,,,,,,2638979099.54,,,,,,,,,0
600420.SH,600420,国药现代,10007230,通用,2014-12-31 00:00:00,年报,2014年报,058001001,2015-04-09 00:00:00,2016-04-08 00:00:00,CNY,0.6603,0.5359,0.6603,4.056171560471,0.25783295156,2.480208574776,0.898452402443,2748835668.7,1275039915.54,189991042.57,154197950.86,16.984275562516,43.078976116856,53.589413997059,10.308687330886,12.31530668446,10.574031072577,17.69,14.36,7.1183631018,9.0050860144,46.3847268157,0.027850363244,0.501812423018,0.094045187653,16.694096589,1.689979577125,0.902790070624,0.263780147773,63.4530610621,2.736207269504,1.736207269504,455.418039067123,156.593450258985,31.070331436144,0.790482521811,2.298946727367,11.586616021135,,,,,,,,,,,,,,,,,,,,,,,,,43.076923076923,19.1585376502,-1.594631090603,32.769854125673,24.587826697155,35.5555555556,11.16638544467,8.565548322955,2014,10.843876006681,13.516535558871,,,,54.465191421024,46.968374779382,58.836632668088,12.303470254708,186.986432271033,88.223343251514,11.108924210714,9.553411767953,9.553411767953,1.194485749347,5734.0,479392.338454831,33134.1197366585,16.201576386551,6.468266989544,2.734856800414,1.771382888713,22.220060036803,55.656329675621,187.667007570398,0.811627034119,0.373688333366,4.5101925092,43.4799586215,56.5200413785,148.597795544388,42.9397756206,37.368833336561,-271870027.402072,-188204967.319267,1.094683304089,0.789953795325,1.021925453048,1.044356350433,0.17146931938,,,,,,,,,2417064054.7,,,,,,,,,0
600420.SH,600420,国药现代,10007230,通用,2014-09-30 00:00:00,三季报,2014三季报,058001001,2014-10-31 00:00:00,2015-10-30 00:00:00,CNY,0.4338,,0.4338,3.78993725188,0.26786665366,2.248120112937,0.596649809917,2020294629.23,915098127.59,124804526.75,114390084.16,7.571531881631,41.128233794255,51.843768747026,2.061935957774,6.083016871519,12.106342923223,11.8,,5.0436855192,8.6629728247,45.2952809135,0.026359985138,0.448128887941,0.084975763993,16.4700200607,1.776659635221,1.145242424538,0.168155265617,65.5557486153,2.903242079008,1.903242079009,463.74871188104,141.121399857727,33.62143132286,0.582211859748,1.913246327433,8.030592077037,,,,,,,,,,,,,,,,,,,,,,,,,41.164985356329,14.6886057546,21.436823600879,22.271508894682,97.087454110509,36.7323290846,7.961057161488,11.162284316902,2014,7.631132588985,8.291532743822,,,,8.413421303612,74.532965830354,247.287129602323,-11.948320698584,-63.550090025116,-61.705785357402,14.429648886368,7.021411539943,7.021411539943,0.826707319924,,,,7.982724309462,5.121007539823,3.117200777255,1.238981718038,33.823039545529,52.723999701303,174.74621521249,0.964586070159,0.440207946621,,47.8029139319,52.1970860681,145.388956281158,42.8679433572,44.020794662117,-429235590.891419,-443186253.033064,1.004768570223,0.534972638542,0.87623477907,0.980907659671,0.216313353874,,,,,,,,,2487482085.7,,,,,,,,,0
600420.SH,600420,国药现代,10007230,通用,2014-06-30 00:00:00,中报,2014中报,058001001,2014-08-20 00:00:00,2015-08-08 00:00:00,CNY,0.3548,0.3241,0.3548,3.813504536293,0.262011061406,2.277542989604,0.67751820635,1371569315.74,625385578.81,102090381.24,93240812.23,7.177872849797,35.36395299606,34.655023791515,5.383295624611,16.818552068782,16.11345311245,9.76,8.91,4.123104706,10.373972265,45.5963524142,0.039422198718,0.469425253089,0.142132531103,15.6712525533,1.628847960602,1.049699332244,0.168208191483,65.200563081,2.8736097148,1.873609714801,452.890513547535,142.550448413751,35.352449777602,0.39744705313,1.262710864841,5.091584915115,,,,,,,,,,,,,,,,,,,,,,,,,35.368180083937,12.3941334302,120.442087127082,13.043124382182,1089.83072725295,31.713900135,8.545251183962,16.470778780742,2014,6.024032040047,9.045128527745,,,,20.378795144371,58.329233059195,45.468109028155,16.058410041892,56.674060407444,45.290267055934,15.459616110563,4.766806030188,4.766806030188,0.633287340863,,,,5.36533461281,2.851016810991,2.344317651421,0.822503322378,33.548699753086,63.135369565721,177.904020021069,0.889587933013,0.414529302146,12.09532475915,50.2558168897,49.7441831103,146.042023630421,39.0925705503,41.452930214556,-163527456.526353,-220943352.391984,0.979882045688,0.357794153595,1.232502115561,1.370087826272,0.292032562772,,,,,,,,,2449117758.51,,,,,,,,,0
600420.SH,600420,国药现代,10007230,通用,2014-03-31 00:00:00,一季报,2014一季报,058001001,2014-04-30 00:00:00,2015-04-30 00:00:00,CNY,0.1382,,0.1382,3.596928868029,0.262011061406,2.06096732134,-0.025151317156,634814129.88,297517812.51,39774327.44,38012438.63,-4.92274470231,10.298416039267,21.529952167227,-1.398801130992,2.796705260816,6.707615366425,3.92,,1.8955936041,9.7431116367,46.8669171819,0.101058627511,0.402003451133,-0.011399988925,14.1645783535,1.543411220602,0.96583345603,-0.006831839584,59.824151183,2.489057554341,1.489057554339,462.588629438448,149.75606756055,33.654186410106,0.19455731134,0.60097731909,2.674258676269,,,,,,,,,,,,,,,,,,,,,,,,,10.295291300878,10.1971120633,120.442087127082,9.28484333798,-110.16135103157,8.5872576177,-5.667857444207,10.239238861325,2014,2.715232422592,-9.409804501926,,,,-4.92274470231,10.298416039267,21.529952167227,34.593222311841,-10.325499249857,51.672728332653,25.663385713528,2.206258034234,2.206258034234,0.26683361409,,,,2.968319557419,1.656916821434,1.068608542614,0.41191297259,30.320185633339,54.317753815854,183.404082353365,0.838680052037,0.379323088693,,48.3686019343,51.6313980657,157.813188520484,34.0004089604,37.932308869274,-181233146.24421,-120680287.476562,0.994952761479,0.186860528959,-0.104340733643,-0.117005627667,-0.010556531334,,,,,,,,,2022125090.81,,,,,,,,,0
600420.SH,600420,国药现代,10007230,通用,2013-12-31 00:00:00,年报,2013年报,058001001,2014-03-28 00:00:00,2015-04-09 00:00:00,CNY,0.4615,0.3489,0.4615,3.458695603682,0.262011061406,1.868050990271,0.721139798535,2349747994.32,980951076.4,132787532.96,100396210.16,6.727148473857,3.849372526934,3.125435695413,2.76031322783,1.934268033798,-10.134701357703,13.05,9.87,6.4033413278,7.980209329,41.7470758044,0.02608226994,0.472219741199,0.08830564301,13.3360533813,1.57316220806,1.01810242442,0.225531428871,58.446774361,2.406552041682,1.406552041681,448.652541129128,123.873401368731,34.074266344705,0.8024026769,2.906192903579,10.565157775024,,,,,,,,,,,,,,,,,,,,,,,,,3.847884788479,-0.1330157856,-59.696085640125,25.384786687283,-21.957523448597,-5.3662073967,-18.761516613161,10.759829461346,2013,9.552684067826,-18.692336766914,,,,-21.81891569539,-17.488664501565,-9.561355653393,-21.1783358919,240.81205056887,311.539476151991,22.519791742487,8.166406743142,8.166406743142,0.821109523704,5572.0,421706.388068916,23831.2155348169,14.558078958772,6.766467884292,4.519107775963,1.632009082974,24.728537399716,53.203533387888,148.976393760868,0.91746555903,0.470971410225,7.908617588503,46.0119634233,53.9880365767,160.613427918431,34.6236276438,47.097141022537,-422464688.596111,-227423790.595311,1.088552449051,0.813139829645,1.151678301877,1.106557978241,0.412863044969,,,,,,,,,1838509846.25,,,,,,,,,0
600420.SH,600420,国药现代,10007230,通用,2013-09-30 00:00:00,三季报,2013三季报,058001001,2013-10-26 00:00:00,2014-10-31 00:00:00,CNY,0.3073,,0.3073,3.304545579696,0.220581077236,1.838629565677,0.302733531472,1878094133.17,743415733.35,88433422.14,75334065.47,17.501578015336,19.326698054317,8.173750986132,2.627853217313,-2.940729176708,-5.374546036101,8.63,,4.6717637376,7.219121752,39.5835182178,0.023893159628,0.397957068434,0.04638028913,19.7535171574,1.459951108784,1.027727574374,0.087627072785,58.9730132105,2.437420045325,1.437420045327,417.222056275919,102.435130642331,42.207748335541,0.647137407859,2.635814474067,6.396929726115,,,,,,,,,,,,,,,,,,,,,,,,,19.29347826087,10.3323682386,94.992899564354,11.562230026168,27.689318679751,7.2049689441,-11.265330132993,15.581297219647,2013,7.046841424839,-9.185309798999,,,,2.151491320483,-30.048313581266,-66.520386850075,-2.230231854238,-66.934118927369,-83.959707930565,15.853090463795,6.527202334229,6.527202334229,0.632428277792,,,,11.972114020342,5.187814191241,3.581606391698,1.302650276669,22.552407999226,52.04504055983,136.472996832109,0.933038134995,0.409186082152,,46.9191609046,53.0808390954,158.935283445406,32.4016298818,40.918608215233,-394678254.781935,-212260830.495619,0.973134289039,0.590866751198,0.564464122852,0.642464426057,0.170327738355,,,,,,,,,1824122068.94,,,,,,,,,0
600420.SH,600420,国药现代,10007230,通用,2013-06-30 00:00:00,中报,2013中报,058001001,2013-08-29 00:00:00,2014-08-20 00:00:00,CNY,0.2621,0.2407,0.2621,3.392974721996,0.118857095222,2.01475587485,0.056942402884,1279713134.13,505373679.72,75419178.43,69244213.55,40.255276568264,38.739612923235,34.580237721912,2.015241215354,10.939138899298,10.516779703106,7.41,6.8,3.7985122896,8.3304261296,39.4911692505,0.02252671534,0.346478456948,0.012803050045,17.1509547415,1.545489939531,1.05861222844,0.017413567952,55.9801898498,2.271704481659,1.271704481657,394.753679605811,103.374617757512,41.064229974889,0.455980550149,1.7412398121,4.383376970908,,,,,,,,,,,,,,,,,,,,,,,,,38.750661725781,16.1665264647,5.069255810814,28.020343500324,-67.794874005043,14.7058823529,-1.861434851863,10.263971929061,2013,5.52434769107,-0.631343636483,,,,22.147684844389,65.016453548591,74.752762849553,-8.335059611095,9.145357199581,21.381375778067,14.072211726033,4.447565438127,4.447565438127,0.470710565817,,,,11.672268757317,3.620455371485,2.550745465817,0.886733753413,15.421166505197,49.717502780919,153.812463305083,1.019019681424,0.489318102246,2.693005391344,50.1105888382,49.8894111618,167.117034987591,30.3557204941,48.931810224633,-293151286.081056,-149594789.620686,0.923464927015,0.407247147742,0.136244055401,0.153690217597,0.035154408772,,,,,,,,,1624461222.09,,,,,,,,,0
600420.SH,600420,国药现代,10007230,通用,2013-03-31 00:00:00,一季报,2013一季报,058001001,2013-04-26 00:00:00,2014-04-30 00:00:00,CNY,0.1253,0.1061,0.1253,3.2641,0.118857095222,1.885867480238,0.247519420182,667682431.4,249016187.48,36060651.52,31278247.01,62.311315042009,18.196922024993,5.220218513198,8.828216130019,4.343233828151,0.757146469143,3.61,3.31,2.0094885505,8.1206685799,37.295602785,0.047961626687,0.447904257512,0.106666884556,22.1896592843,1.628006745655,1.155783169367,0.084666863323,54.2675655247,2.186631898068,1.186631898067,363.70457150441,89.054542680839,35.58872045731,0.247453584726,1.010616609672,2.528891144259,,,,,,,,,,,,,,,,,,,,,,,,,18.207547169811,11.1030230923,5.069255810814,18.542093096119,7146.39954548157,-1.902173913,-21.025399084411,49.955456796628,2013,2.997269635707,-13.116780750148,,,,62.311315042009,18.196922024993,,10.674672164699,-32.916871495095,12.869919638259,9.056602563613,2.320489824119,2.320489824119,0.255854547641,,,,6.491299167189,2.047319197471,1.324617372393,0.476634105955,13.86471300767,43.959925795242,134.364941613297,1.115880579986,0.582188917996,,50.9983395591,49.0016604409,171.24608154039,26.3071858682,58.218891799618,-126554348.288182,-128625174.981338,0.888813343756,0.221001011873,1.037718681484,1.313523431065,0.15128156213,,,,,,,,,1457224928.66,,,,,,,,,0
600420.SH,600420,国药现代,10007230,通用,2012-12-31 00:00:00,年报,2012年报,058001001,2013-03-30 00:00:00,2014-03-28 00:00:00,CNY,0.4444,0.3383,0.4444,3.140552840994,0.650088373716,1.489854582542,0.924035000427,2201640377.28,750181227.19,127865513.03,97353489.45,29.308720802934,6.525733476519,-11.344662838842,1.903930160824,-10.955508638051,-10.901160201121,13.79,10.5,7.8821527198,7.5245228231,34.0737404224,0.024116357893,0.478088806406,0.120762562762,16.9310345627,1.593044864369,1.113298012971,0.295731415039,52.7689277288,2.11725025902,1.11725025902,343.666040558478,89.594682775972,38.066522096465,1.04752858157,4.018095592795,9.457128736051,,,,,,,,,,,,,,,,,,,,,,,,,6.519654841802,20.3642493826,474.675845055987,0.336894179475,95.320098306182,-12.4444444444,-29.504767312351,44.572609040112,2012,11.748811474807,-21.798617315236,,,,22.537987792408,-1.315588624698,-41.92186663546,2.988473601021,188.934575414445,52.348396606726,9.650860557196,7.651667696474,7.651667696474,0.74978692724,4295.0,512605.442905704,29770.7830104773,18.791080849797,7.649314346103,5.055283434644,1.8513683819,19.158025175752,47.063041693849,130.075066202506,0.970102825324,0.566987525012,9.500981920512,52.8266549186,47.1733450814,176.36135975996,25.2639989057,56.69875250115,-209259798.480248,-278920510.291723,1.123425341343,0.912293248826,1.554807674633,1.604919881321,0.494801222063,,,,,,,,,1430653316.29,,,,,,,,,0
600420.SH,600420,国药现代,10007230,通用,2012-09-30 00:00:00,三季报,2012三季报,058001001,2012-10-31 00:00:00,2013-10-26 00:00:00,CNY,0.2576,0.2477,0.2576,2.9951,0.113122620223,1.648075307607,0.237086026147,1598356519.88,546110372.8,74110340.42,69641724.34,32.062910544979,13.040777066047,12.150674266213,12.823985635595,5.236580273653,6.204940776003,8.05,8.49,5.2648685622,6.2961975491,34.1669937844,0.014413538027,0.356016695595,0.042679820191,18.5013221506,1.893165239661,1.372220812219,0.096780963456,51.0229722534,2.041773553867,1.041773553867,322.889986360547,84.463443075581,41.722065324545,0.836198121358,3.196649226795,6.47139584054,,,,,,,,,,,,,,,,,,,,,,,,,13.032031592804,13.3427668828,0.0,23.945933536854,-42.482769008491,-9.4488188976,-23.863637201795,48.062026379234,2012,7.759583178936,-16.520258144044,,,,71.879954451975,24.875004028233,41.231106507111,16.908237681136,-21.997385518303,-16.274858269866,4.581658637248,5.55499121329,5.55499121329,0.472779206913,,,,16.829296676732,6.712247189627,3.762176366539,1.401697553572,16.043451202171,40.224978665454,136.124717605472,1.278181482835,0.710599093095,,57.2571691948,42.7428308052,180.000213901929,26.7882921198,71.059909309534,-189580157.899722,-255991619.675234,0.966178749442,0.662622520486,0.585557338396,0.677866598986,0.132201824848,,,,,,,,,1189133735.3,,,,,,,,,0
600420.SH,600420,国药现代,10007230,通用,2012-06-30 00:00:00,中报,2012中报,058001001,2012-08-23 00:00:00,2013-08-29 00:00:00,CNY,0.1889,0.1788,0.1889,2.9208,0.113122620223,1.573777901045,0.176811613446,912417105.04,315873759.06,54360234.14,51451992.3,4.936701225316,7.299560799129,4.540751994287,3.788294566398,2.327696826272,1.140809998265,6.46,6.11,3.870560247,7.9527949892,34.6194473246,0.03669499794,0.349488420031,0.055758059301,17.1329090541,1.896087649795,1.374617215939,0.071080501504,50.7692484412,2.031250729142,1.031250729143,369.843900288976,100.234553150146,47.365706239476,0.486691817438,1.795787922857,3.800217800827,,,,,,,,,,,,,,,,,,,,,,,,,7.268597387848,12.7368074848,0.0,23.154063946405,-26.205503570117,-6.3768115942,-29.354180310466,52.597376725228,2012,5.55944690533,-24.624489354228,,,,14.568095154944,13.379272416787,6.176483551899,21.805477006993,-21.82206684917,,9.218616992074,3.171050349726,3.171050349726,0.32248856391,,,,10.874593397348,3.648999341401,2.155004824389,0.792281407074,16.552343009339,49.328592076668,147.599807160166,1.303799296191,0.753183550018,,60.1244410154,39.8755589846,180.188914654632,23.7290306225,75.318355001813,17980898.5198383,-165284290.015662,0.974697098408,0.394008099277,0.608344557632,0.701112745605,0.09915107874,,,,,,,,,1145931550.0,,,,,,,,,0
600420.SH,600420,国药现代,10007230,通用,2012-03-31 00:00:00,一季报,2012一季报,058001001,2012-04-23 00:00:00,2013-04-26 00:00:00,CNY,0.106,0.1033,0.106,2.9379,0.113122620223,1.590884242873,-0.003512707711,411359141.06,140678205.32,30508959.88,29726460.8,-4.810528182181,2.982416387666,3.376802876353,-1.220974047081,0.736094730274,0.884258373921,3.68,3.58,2.5444744604,9.3511804772,34.1983904764,0.055038584585,0.29461662801,-0.002457033864,16.0616995847,1.889118379891,1.303749571601,-0.002039871344,36.1891235464,1.567130958822,0.567130958822,330.758377040514,96.621025634447,49.316616038915,0.2721019519,0.931474277043,1.824942731857,,,,,,,,,,,,,,,,,,,,,,,,,2.912621359223,16.6895003433,0.0,32.047502668365,-102.085930944774,-8.2294264339,-19.336277568761,16.440203933352,2012,3.449768161891,-18.14331006594,,,,-4.810528182181,2.982416387666,,-16.445433128698,-43.991273746363,,8.060238751261,1.429653763521,1.429653763521,0.169192349243,,,,5.660847535275,1.817218360557,1.230930578698,0.437104178207,15.898679383108,49.526244040597,145.936128324681,1.229870073609,0.523893804592,,61.1288246094,38.8711753906,252.454778208719,17.430589354,52.389380459232,-71307565.9378486,8990692.0606994,0.963751319148,0.258906820952,-0.022692432987,-0.026275119707,-0.00301993357,,,,,,,,,554141544.71,,,,,,,,,1
600420.SH,600420,国药现代,10007230,通用,2011-12-31 00:00:00,年报,2011年报,058001001,2012-03-09 00:00:00,2013-03-30 00:00:00,CNY,0.4172,0.3816,0.4172,2.83,0.113122620223,1.4848522019,0.47308751554,1702623275.22,529086075.77,120032511.26,109811199.83,19.653322143108,11.026651803259,11.414078853055,14.016591474678,24.010137332619,27.595432477738,15.75,14.41,11.181114551,8.6289003262,31.0747587837,0.013142525928,0.350446921656,0.079949030576,13.3676798655,1.9466143126,1.347621278869,0.280053240932,36.4999484198,1.574801870416,0.574801870416,277.825980877649,83.981209835527,35.316200794817,1.295775142637,4.286673182073,10.193621960968,,,,,,,,,,,,,,,,,,,,,,,,,11.046047378227,12.6124985555,0.0,23.55025095695,18.258905576472,1.6785022595,-13.347446106756,39.073546667555,2011,15.02378995288,-8.393351969482,,,,73.958360064667,74.411410418062,99.097628180457,44.458501975815,265.617079394211,270.472179129795,1.53428486057,5.917364002181,5.917364002181,0.61013220568,942.0,1807455.70617834,127423.048046709,18.298862692719,9.861401693541,5.397142724626,2.09253807234,19.67335380593,36.505966513441,119.296961322189,1.226182814479,0.566969376011,15.700759374404,63.4025403593,36.5974596407,249.363765758841,13.6689952867,56.69693760108,-17609212.3489296,8519914.08817792,1.045051568416,1.192317365262,0.885406334849,0.926526295975,0.407936396599,,,,,,,,,544699114.07,,,,,,,,,0
600420.SH,600420,国药现代,10007230,通用,2011-09-30 00:00:00,三季报,2011三季报,058001001,2011-10-22 00:00:00,2012-10-31 00:00:00,CNY,0.2279,0.2158,0.2279,2.6425,0.113122620223,1.329672753739,0.4122,1210299328.77,395406710.72,65560713.88,62096572.13,6.171159979635,-14.722933122528,-16.756040005355,-1.653512928123,-12.060847310898,-14.506108201262,8.89,0.0,6.915051322,7.1094435603,32.6701586393,0.047711093766,0.347336514428,0.098006449826,16.3897141164,1.865847268717,1.176356785177,0.267005350973,34.4605389384,1.525798326386,0.525798326384,277.590096139965,93.218096857576,26.898021595522,0.972657179613,2.896433301063,10.03791297591,,,,,,,,,,,,,,,,,,,,,,,,,-14.708083832335,9.6473029046,0.0,18.200097347725,121.851453175457,-24.4047619048,-25.901235187094,19.320419288869,2011,9.295169110998,-26.218892425,,,,-6.861523161717,-47.118748138502,-53.134961622253,-22.073786080787,-29.178143012973,-37.056068215804,7.743905533235,4.206321964559,4.206321964559,0.375982493962,,,,15.768480055433,10.613227779518,4.029134029872,1.602985006035,17.122766370052,25.439951502884,120.117224989489,1.099552502695,0.593593176991,,61.2634866992,38.7365133008,261.619173682057,14.3687385521,59.359317699138,-38411205.769734,11953271.1277484,0.907801625807,0.812048339572,1.21511164319,1.378538967145,0.390797444217,,,,,,,,,466255460.65,,,,,,,,,1
600420.SH,600420,国药现代,10007230,通用,2011-06-30 00:00:00,中报,2011中报,058001001,2011-08-20 00:00:00,2012-08-23 00:00:00,CNY,0.1761,0.1711,0.1761,2.5908,0.113122620223,1.277893599784,0.2396,869492841.29,275606507.82,50662121.76,49217162.99,12.332151706098,4.016227699767,4.464040498529,3.802727362837,-0.266400294658,0.30823251477,6.9,0.0,5.4788241739,7.6733971255,31.6973866526,0.073317189599,0.300921946605,0.079293586049,16.1087576628,2.016320858846,1.262803190965,0.168991861293,33.2700663214,1.498577841867,0.498577841867,252.099983273163,85.440666758786,29.178597917909,0.714002427382,2.10672513252,6.168905048365,,,,,,,,,,,,,,,,,,,,,,,,,4.016538688718,12.2416670803,0.0,24.42759744519,5.133830627468,-9.3298291721,-12.444996965221,8.571923161076,2011,7.375667319134,-14.470783515494,,,,14.572505178178,-1.378310770691,1.534941197016,1.202686534435,-28.990967286593,,2.203836537902,3.021869672573,3.021869672573,0.286262687118,,,,9.968640572399,7.400820714487,2.915280695421,1.156416038726,18.056624541002,24.321626876821,114.620307845701,1.140458623377,0.480553488534,,63.2824848355,36.7175151645,273.056647012306,10.3875431678,48.055348853359,-15038349.9898771,43466762.1267531,0.839666664739,0.561640636284,0.898879524034,1.033356996286,0.230386344491,,,,,,,,,432482029.55,,,,,,,,,0
600420.SH,600420,国药现代,10007230,通用,2011-03-31 00:00:00,一季报,2011一季报,058001001,2011-04-29 00:00:00,2012-04-23 00:00:00,CNY,0.103,0.0999,0.103,2.5177,0.113122620223,1.20478177226,0.1684,432147729.37,136764058.3,29625406.89,28755446.07,10.152325609738,8.21963545246,6.653390536411,2.799047690676,2.081321472341,1.820044036416,4.01,0.0,3.1544223149,8.625194663,31.6475244471,0.061949189734,0.341479397948,0.112100528101,16.2752982774,2.134603613526,1.358420118847,0.135388503574,31.0795776063,1.45094873953,0.450948739529,246.088647045062,81.368670590833,26.661465896158,0.365721869256,1.106076814903,3.375658350915,,,,,,,,,,,,,,,,,,,,,,,,,8.307045215563,12.9013452915,0.0,26.435276209923,195.438596491228,-7.816091954,-10.754560413578,6.04435699842,2011,4.214399781704,-11.735088423559,,,,10.152325609738,8.21963545246,,52.69562012765,-5.14340909575,,-1.048371447532,1.501903242259,1.501903242259,0.159755378939,,,,5.030974952855,3.04247874352,1.437027063892,0.598150434439,17.889176718905,29.581143398844,108.028101961578,1.223743777107,0.536343693417,,62.2170122015,37.7829877985,290.234679306243,8.7858550664,53.634369341726,-15235706.6451207,16965807.2074083,0.824271690422,0.290159253349,1.13213247229,1.299686934389,0.159251056332,,,,,,,,,381541078.05,,,,,,,,,1
600420.SH,600420,国药现代,10007230,通用,2010-12-31 00:00:00,年报,2010年报,058001001,2011-01-28 00:00:00,2012-03-09 00:00:00,CNY,0.3757,0.2717,0.3757,2.51,0.113122620223,1.201820466085,0.400043881037,1422963645.91,435500699.25,108111439.29,98561331.71,22.223193785917,21.402250939352,26.095311671165,5.002335855526,-1.098477523462,4.519482062016,15.49,13.33,12.903387204,9.3551545988,30.6051880174,0.041651535315,0.331377408429,0.080891727045,13.5908837743,2.463774727013,1.536430435591,0.416345103246,26.2450690979,1.355841552245,0.355841552245,261.005548569163,80.660573931003,26.90429578411,1.37928102285,4.463147017872,13.380762793004,,,,,,,,,,,,,,,,,,,,,,,,,21.389337641357,17.5090556586,0.0,40.114260901263,18.146450394861,0.0,8.033456054212,13.645062041093,2010,16.400327133327,11.543901473472,,,,31.497828783032,-3.70236027991,21.629801004566,-22.655945736866,10.854495207433,-12.795581486945,2.888050727432,4.945423909839,4.945423909839,0.538769503723,883.0,1611510.35776897,122436.511087203,17.00739475635,14.027356445892,5.475062992911,2.244943027884,21.16726313215,25.664137172862,107.565644647463,1.285996694667,0.590479203047,45.156685899341,59.9801588707,40.0198411293,340.172618711372,4.0545370167,59.047920304682,-66174033.7505308,-13409556.295418,1.090169217639,1.365997436018,0.82503393373,0.864675470518,0.387238845807,,,,,,,,,298047549.95,,,,,,,,,0
600420.SH,600420,国药现代,10007230,通用,2010-09-30 00:00:00,三季报,2010三季报,058001001,2010-10-23 00:00:00,2011-10-22 00:00:00,CNY,0.2672,0.2593,0.2672,2.41,0.113122620223,1.124933721355,0.1858,1139951121.38,345656525.0,76879653.91,74595889.16,20.119839582778,35.78252378035,27.600371035732,7.62402331019,4.928284028553,1.755086810863,11.76,0.0,9.3322086265,8.4031947215,30.3220478946,0.024490242394,0.247455170875,0.046895841293,14.7865497219,2.26419996681,1.554779315215,0.179425938373,28.8806720122,1.406087526828,0.406087526828,243.121715943734,67.5571340662,32.453420482944,1.110554846785,3.996617140914,8.319616113867,,,,,,,,,,,,,,,,,,,,,,,,,35.772357723577,18.2531894014,0.346115980852,44.009464245964,-55.12077294686,,20.893103285303,-8.87589472112,2010,12.598305198318,20.269943645083,,,,35.566762999454,22.284302083104,6.29071720481,-4.140567348155,32.080291682777,36.370493520218,2.936960371055,3.961831033367,3.961831033367,0.407564064425,,,,15.980788303193,7.223325901547,4.951986904444,1.807785568371,16.895286695341,37.378903247627,100.010907150784,1.378500049565,0.504987056209,,59.9526447665,40.0473552335,310.105784331742,4.0906086343,50.498705620868,-57871172.161564,-1235563.71539338,0.879098155574,0.890598235777,0.489709881403,0.558071576906,0.224757787815,,,,,,,,,324974334.42,,,,,,,,,1
600420.SH,600420,国药现代,10007230,通用,2010-06-30 00:00:00,中报,2010中报,058001001,2010-07-29 00:00:00,2011-08-20 00:00:00,CNY,0.1693,0.1637,0.1693,2.31,0.113122620223,1.027017820823,0.2279,774037377.62,240059110.04,48705978.75,47113976.02,13.980306061086,45.04369538673,44.49863139064,-0.433087447037,9.084178984736,9.184929585718,7.61,7.36,6.2575797887,8.2267607135,31.0138911868,0.059271430691,0.262652643242,0.084708078093,13.4297795213,2.160521934104,1.557599453773,0.207587756025,30.6433425445,1.441822655081,0.441822655081,236.643715051662,63.466129431043,32.976718116485,0.760637145849,2.836158461429,5.458396416653,,,,,,,,,,,,,,,,,,,,,,,,,45.072836332476,17.4547093192,0.346115980852,44.938712393083,-26.88482515239,24.5499181669,31.897133354479,-14.256551920869,2010,8.623564697883,27.925010722795,,,,-1.414539818352,68.554211862967,63.091557188389,-2.701688660949,-22.080308154031,,9.534940691162,2.690119993855,2.690119993855,0.267456223626,,,,10.941048498139,4.714055657739,3.445857716624,1.219956527151,16.451805330231,38.183681540649,96.441896383209,1.397001585836,0.520971592051,,61.6154916054,38.3845083946,291.454149689261,3.2530899212,52.097159205126,-29517098.6538913,5931809.23431185,0.852015745748,0.59546434903,0.919900848496,1.029665029072,0.289216096126,,,,,,,,,339382875.26,,,,,,,,,0
600420.SH,600420,国药现代,10007230,通用,2010-03-31 00:00:00,一季报,2010一季报,058001001,2010-04-26 00:00:00,2011-04-29 00:00:00,CNY,0.0951,0.0937,0.0951,2.23,0.113122620223,0.952884201605,0.057,392318298.3,125474467.86,27375260.29,26961586.43,34.400988035225,30.824976964796,33.152526940372,8.625153695141,7.243116007104,8.588257219318,4.35,0.0,3.5345473444,8.8903511182,31.982823234,0.094235209217,0.247316546132,0.055207873973,12.371350569,2.353507578911,1.816558999313,0.073550635859,29.3080919023,1.414589062468,0.414589062467,226.374560216013,58.05111385583,33.324800002832,0.397571175463,1.550357848835,2.700691376763,,,,,,,,,,,,,,,,,,,,,,,,,30.811554332875,16.0732875286,0.346115980852,43.375893204751,-13.373860182371,,14.979198485211,-1.686963957224,2010,4.774717049429,18.42384103917,,,,34.400988035225,30.824976964796,,82.285234563303,-15.593267545369,,-4.111705410452,1.363478468516,1.363478468516,0.143966599366,,,,4.925553914068,2.482039744933,1.767509377249,0.613184999757,18.272056619448,36.260499125259,91.374229201671,1.607830345644,0.621755799924,,66.26626236,33.73373764,322.330901619876,3.6361048342,62.175579992448,-24449770.3692801,-9484739.67671154,0.772302458878,0.289700804083,0.554621734677,0.620986429434,0.097840051556,,,,,,,,,306523535.66,,,,,,,,,1
600420.SH,600420,国药现代,10007230,通用,2009-12-31 00:00:00,年报,2009年报,058001001,2011-01-28 00:00:00,2011-01-28 00:00:00,CNY,0.3095,0.2717,0.3095,2.14,0.113122620223,0.857743143599,0.3386,1164233728.34,346314191.98,89052252.7,78164152.5,41.098654560334,49.871732640254,54.27924968117,7.874807183224,35.053152540766,21.163313176141,15.49,13.33,11.9438807896,9.3368503801,29.7461054039,0.03091377783,0.329075019486,0.083690018394,13.6601780192,2.868815107817,1.958526990229,0.476551880155,23.0938930619,1.300286856029,0.300286856029,281.421607940276,79.336557855058,32.150052247987,1.279219469446,4.537630692999,11.197493466672,,,,,,,,,,,,,,,,,,,,,,,,,49.878934624697,5.9405940594,-58.856730559106,44.314832809444,19.73125884017,38.1801962533,22.88648725394,-6.680361353324,2009,14.703024474383,18.292468813204,,,,-19.72979315159,118.786852750846,225.633807305159,-20.262690488923,40.769437533656,-23.793181353366,-12.890097638478,4.046223762162,4.046223762162,0.435852579013,622.0,1871758.40569132,143170.824276527,21.934069955535,12.070672510628,5.312668610735,2.01159506142,16.412822642118,29.824353173614,105.357026521675,1.729214365217,0.978626384037,,63.2258437931,36.7741562069,406.071356799133,4.1009677309,97.862638403729,84684510.5734433,77705906.2952087,0.913906011276,1.14691209485,0.874527972065,0.896341003519,0.437810463183,,,,,,,,,214244029.8,,,,,,,,,0
600420.SH,600420,国药现代,10007230,通用,2009-09-30 00:00:00,三季报,2009三季报,058001001,2010-10-23 00:00:00,2010-10-23 00:00:00,CNY,0.1968,0.2032,0.1968,2.038,0.112732435249,0.781152632742,0.414,949011524.94,279549471.91,56619697.27,58460558.19,70.379635605502,26.96375811673,31.989368589519,8.777468612242,13.931756764131,20.16348609054,,9.97,7.7193887599,7.6847755958,29.4569101179,0.01689819766,0.325819962534,0.125532257216,16.0967795485,2.082085391443,1.582197914029,0.386203635079,31.6937784177,1.463995485089,0.463995485089,268.789340113904,66.261440366599,32.883514416247,1.00450412165,4.074768047694,8.210801211278,,,,,,,,,,,,,,,,,,,,,,,,,26.967741935484,8.4042553191,-37.676620654266,36.01125426453,167.441860465116,,-1.086292892977,61.813495759652,2009,10.475023781084,8.186643115073,,,,47.633080297929,53.838607681596,72.021079674857,-30.290094182068,82.05680604933,109.245705811786,-19.441498270254,3.298232038212,3.298232038212,0.310743325552,,,,21.672095551229,6.622560339982,4.381472417849,1.564439747935,12.458416831994,40.769730457561,93.51036601978,1.471697254744,0.738098554256,,64.4192457728,35.5807542272,293.6141146777,3.8651770336,73.809855425579,94696296.3900988,49961937.2476233,0.927931926944,0.883271536437,1.435276394898,1.633518840612,0.547839165547,,,,,,,,,315985668.73,,,,,,,,,1
600420.SH,600420,国药现代,10007230,通用,2009-06-30 00:00:00,中报,2009中报,058001001,2010-07-29 00:00:00,2010-07-29 00:00:00,CNY,0.1167,0.1133,0.1167,1.965,0.112732435249,0.708587653268,0.3117,679097472.51,192280700.43,33580210.86,32605136.51,81.494081198054,13.374787428504,11.426784758442,23.80071356595,3.874649058914,3.3092575964,6.11,5.77,4.7442879383,6.6912163923,28.3141534483,0.029217505459,0.305749447252,0.132074952287,16.0347066146,1.88422085073,1.419645958197,0.250526831309,35.7384071098,1.556139452859,0.556139452859,253.86716958927,62.989194817352,36.269381070239,0.709032208817,2.857632972162,4.962863845165,,,,,,,,,,,,,,,,,,,,,,,,,13.411078717201,7.3886185857,-37.676620654266,35.672029571407,899.038461538461,9.3023255814,-10.895244422166,100.990163377028,2009,6.741109224192,7.291179128552,,,,97.093135006602,20.56756101392,16.167586489203,32.646225457917,-39.521879766847,,-19.184488092953,2.360162107665,2.360162107665,0.197155696613,,,,13.525092619327,3.946902710844,3.148380452792,1.090441237129,13.308596478133,45.605380519123,94.02618214457,1.295929291582,0.618893919532,63.678000756042,65.9379347895,34.0620652105,262.666201375609,4.6655474376,61.88939195319,95577548.8478615,68566771.9051307,0.869601793815,0.577241764054,1.705683701335,1.97385564215,0.415896227184,,,,,,,,,365620036.4,,,,,,,,,0
600420.SH,600420,国药现代,10007230,通用,2009-03-31 00:00:00,一季报,2009一季报,058001001,2010-04-26 00:00:00,2010-04-26 00:00:00,CNY,0.0727,0.0704,0.0727,1.9212,0.112732435249,0.664605590456,0.0658,291901349.86,97361511.27,20925102.32,20248647.96,64.250468062307,9.426693513729,8.719260496011,16.615080567532,3.34349776682,3.225763885309,,3.66,3.0740754771,9.4987881157,33.3542518103,0.072524097131,0.234566871523,0.06482529296,15.5794645125,2.15604087339,1.543666093931,0.071162106565,29.8109926028,1.424724521806,0.424724521807,278.096922730718,78.00525889548,36.431791109903,0.323628176523,1.153768364779,2.470369895581,,,,,,,,,,,,,,,,,,,,,,,,,9.323308270677,6.9889179707,-37.676620654266,36.806236952549,285.875706214689,,-3.324849313438,46.571789220271,2009,4.031888349112,1.941570669529,,,,64.250468062307,9.426693513729,,8.868794029791,41.158697468762,,1.211919600042,1.014485450181,1.014485450181,0.116496210753,,,,6.770012807172,2.508686643751,1.352232091965,0.510191993094,13.293918721196,35.875345461812,108.250894966067,1.431687737237,0.624424067547,,62.9032634645,37.0967365355,312.330313520707,5.349453272,62.442406754702,31773651.3563229,60192426.8025804,0.63493835321,0.203353689637,0.593184940863,0.682458563874,0.087605873592,,,,,,,,,271701505.43,,,,,,,,,1
600420.SH,600420,国药现代,10007230,通用,2008-12-31 00:00:00,年报,2008年报,058001001,2010-02-27 00:00:00,2010-02-27 00:00:00,CNY,0.2065,0.1761,0.2065,1.9167,0.274948057751,0.594355498254,0.2828,825120361.33,281760357.59,59418978.57,50664073.53,32.162430244699,-36.808460432343,-45.347183502106,-0.703611383124,-24.903759337707,-28.087838005352,11.21,9.41,9.7194419472,9.4611089362,34.14778871,0.016513130046,0.443505102831,0.09861685912,13.9730196073,2.661020230278,1.848274904571,0.379229676346,24.7470879622,1.328852230327,0.328852230327,350.431561352091,102.569258347672,43.05374388403,1.027304728521,3.509823565066,8.361642159848,,,,,,,,,,,,,,,,,,,,,,,,,-36.811505507956,10.989010989,38.184736965895,-10.119874613949,-1.15344285215,-41.6145833333,-43.53923715398,47.741541166799,2008,12.429383393461,-36.647664070317,,,,98.456955827119,-45.497130534558,-76.468651409968,46.65297474592,-1.018850072492,-59.742573012713,-5.919103493145,2.867655807754,2.867655807754,0.331706739213,590.0,1398509.087,100710.133169492,25.456557601416,10.897418322668,3.93493564513,1.612653194631,14.141739257785,33.035347395186,168.73450793394,1.562934952398,0.905658048882,41.430016269249,63.9731958018,36.0268041982,377.591134764606,5.7015805052,90.565804888201,45879053.791625,62577676.8598892,0.885618648378,0.818743324657,0.979549027081,1.042339326023,0.377177924889,,,,,,,,,220871859.24,,,,,,,,,0
600420.SH,600420,国药现代,10007230,通用,2008-09-30 00:00:00,三季报,2008三季报,058001001,2009-10-30 00:00:00,2009-10-30 00:00:00,CNY,0.155,0.1539,0.155,1.88,0.180883059347,0.574329408964,0.1548,556998212.59,203671194.62,44595164.88,44291868.97,13.854457047781,-33.272469292012,-33.880593278574,3.721573785356,-13.461887200559,-13.717165459668,,8.17,7.804164848,10.375591227,36.5658614366,0.020908436269,0.344752921319,0.079986245634,21.0438560864,3.504365045724,2.447547924372,0.311762080132,19.5866100469,1.243573987595,0.243573987594,358.963410672421,109.373609283505,47.993375894508,0.752165797328,2.468602817158,5.625776369503,,,,,,,,,,,,,,,,,,,,,,,,,-33.275936289281,-0.9483667018,-9.090909090589,21.798936982621,19.076923076923,,-38.612144158603,12.144019981956,2008,9.682363256194,-36.153469456133,,,,15.717549136076,-42.717031039399,-42.544076373753,-6.93587202174,42.682941572006,41.305755511648,0.693148194393,1.93581352988,1.93581352988,0.262705523845,,,,20.792698008083,9.952360339809,2.781937721679,1.168781966771,12.985327824943,27.129242790779,157.366908404399,2.314651050649,1.183782494328,,65.2758658622,34.7241341378,477.803223509544,1.955188963,118.378249432781,15338660.0197631,21836440.9842688,0.877707301316,0.637237009086,0.616949083278,0.770907834399,0.226391239419,,,,,,,,,150266371.31,,,,,,,,,1
600420.SH,600420,国药现代,10007230,通用,2008-06-30 00:00:00,中报,2008中报,058001001,2009-08-19 00:00:00,2009-08-19 00:00:00,CNY,0.1029,0.1017,0.1029,1.83,0.180883059347,0.522279835797,0.0312,374170588.94,131092697.69,29618764.12,29261489.13,12.965759283918,-27.203616316803,-28.329594723176,4.840268883047,-8.171833017239,-8.105104767865,5.59,5.55,5.3243936393,10.2494749624,35.035543029,0.009075834714,0.282622512661,0.024026595985,24.4087889541,3.811304134831,2.63256395059,0.073817445684,17.7811722272,1.21626642837,0.21626642837,346.500581704925,103.221971035188,46.619991521025,0.519479647377,1.743814792479,3.861004563221,,,,,,,,,,,,,,,,,,,,,,,,,-27.227722772277,1.6666666667,-9.090909090589,40.553252867585,-65.333333333333,-34.5433255269,-33.234105332259,2.643419979164,2008,6.283004137847,-32.279637414964,,,,18.59768318876,-41.292925665235,-40.21894002629,10.542686417929,-45.110271192467,,-0.751069520233,1.300407204514,1.300407204514,0.176323290752,,,,10.193348640909,6.680868484075,1.856969028071,0.816515405467,17.658573874106,26.942604906692,149.842893276774,2.364069278068,1.108195969382,15.948607584513,63.8738738897,36.1261261103,524.317945422239,1.65130774,110.819596938178,-5420228.37142712,30714747.1900116,0.840251933832,0.432639271523,0.180343214917,0.234417822116,0.045098020695,,,,,,,,,129215204.14,,,,,,,,,0
600420.SH,600420,国药现代,10007230,通用,2008-03-31 00:00:00,一季报,2008一季报,058001001,2009-04-28 00:00:00,2009-04-28 00:00:00,CNY,0.0665,0.0647,0.0665,1.7957,0.180883059347,0.485800651535,-0.0354,177717210.37,58566467.36,19122484.33,18624710.9,7.331488196369,-16.159112230317,-19.145911877878,1.944398099278,-3.919581482509,-4.75746996328,,3.6046,3.1797990024,12.9235517383,32.9548653381,0.041827570186,0.225947822084,-0.057316273639,14.3668374917,3.307363048708,2.343110131485,-0.072143601358,20.338833797,1.255316796959,0.255316796959,365.784018286803,102.49188623759,55.253828402188,0.246046835019,0.878118291153,1.628846409427,,,,,,,,,,,,,,,,,,,,,,,,,-16.141235813367,-1.8743169399,-9.090909090589,20.475161254704,-18.0,,-30.147043513736,36.058380441837,2008,3.955097339222,-27.784758158128,,,,7.331488196369,-16.159112230317,,31.541600475233,-29.692163630198,,-9.635387530684,0.617645393738,0.617645393738,0.098432688222,,,,6.648150503442,3.210959817447,0.877983204562,0.386632069453,13.537599660748,28.029002266231,157.749423932589,2.195434081232,1.089658761109,,63.9060134011,36.0939865989,458.315529968523,6.0156704172,108.819522050289,4794526.97980472,30246452.3350482,0.783077212782,0.190451463074,-0.3939629477,-0.4435024891,-0.050630592912,,,,,,,,,148619504.13,,,,,,,,,1
600420.SH,600420,国药现代,10007230,通用,2007-12-31 00:00:00,年报,2007年报,058001001,2009-04-02 00:00:00,2009-04-02 00:00:00,CNY,0.3268,0.3222,0.3268,2.0,0.198971365281,0.661275777822,0.2861,624322933.38,226605489.61,94029958.72,92701669.88,14.124284972394,84.772788795816,88.690176666815,3.063961642697,22.05894150001,23.031904697718,19.2,18.93,17.2145069554,18.1169119782,36.2961982484,0.019042117107,0.390050034157,0.131835676906,13.760789252,4.00725068392,2.809223014534,0.729167174046,16.7502570819,1.201204910607,0.201204910608,378.871630134492,111.361792456879,50.236165478343,0.950189909633,3.232706586861,7.166152045486,,,,,,,,,,,,,,,,,,,,,,,,,68.020565552699,4.9838486387,0.0,53.053215563096,1.670220326937,67.6855895197,52.748615984607,16.704179757663,2007,19.619455559234,58.171881899498,,,,15.925725970165,166.524227679393,207.584553400759,-14.488646969392,4.030011531358,-1.704416067739,3.922957381602,2.386776168302,2.386776168302,0.494041464842,611.0,1021805.12828151,153895.186121113,20.421197749656,11.182989603712,3.420966295287,1.531500088705,17.628740704304,32.191749501449,161.597848674434,2.676390011235,1.573435316836,99.869668284284,63.3646625627,36.6353374373,554.852746025648,2.3814112649,157.014401989931,61722337.1374607,40785176.4490271,0.961801713224,0.841163301396,0.640469790527,0.727693974915,0.404171943455,,,,,,,,,119573789.96,,,,,,,,,0
600420.SH,600420,国药现代,10007230,通用,2007-09-30 00:00:00,三季报,2007三季报,058001001,2008-10-30 00:00:00,2008-10-30 00:00:00,CNY,0.2323,0.2561,0.2323,1.898,0.198971365281,0.471538933912,0.13,489219506.23,177655908.05,66831732.58,66987698.72,13.636620487499,64.267402223014,64.310096098885,7.67200718127,26.436623213119,27.204633007017,,13.49,12.7128806521,16.6567600397,36.3141505577,0.01832029953,0.310029191965,0.068129810965,15.3085320997,3.761166257291,2.611579969562,0.291100510214,17.4655858155,1.211615796732,0.211615796733,353.761301924361,105.053649540424,57.841519523334,0.763226499143,2.570115376107,4.667927160715,,,,,,,,,,,,,,,,,,,,,,,,,49.389067524116,11.3915135865,-3.836482052383,58.955714031481,-42.965447983165,,37.713322075647,18.278136958284,2007,15.165057793613,47.682173860451,,,,37.587690345959,160.481224945936,160.410793871288,-4.619566793409,46.230165949183,47.024141493624,4.813049099633,1.870278018167,1.870278018167,0.373947363445,,,,13.531293343796,8.264195585676,3.046515186586,1.232883129865,19.953746706983,32.671056390289,162.896134124549,2.418620160051,1.152929378247,,63.168828446,36.831171554,537.738266005073,1.6135223817,114.905263003614,-4216889.49193028,14121505.9373001,0.910448368918,0.653343231136,0.344940213226,0.409021987488,0.20855671543,,,,,,,,,119069587.23,,,,,,,,,1
600420.SH,600420,国药现代,10007230,通用,2007-06-30 00:00:00,中报,2007中报,058001001,2008-08-19 00:00:00,2008-08-19 00:00:00,CNY,0.1414,0.1561,0.1414,1.8,0.198971365281,0.371588579518,0.09,331224781.13,116924585.64,40687136.67,40827854.98,4.924164028981,32.75762544708,32.888189927481,5.488542677171,13.77497419741,13.964895857173,8.54,8.68,7.974720725,14.9532635273,35.3006756442,0.021320901491,0.276078787004,0.074980599686,14.6882618541,3.666411783484,2.499155907037,0.23291681977,17.3232460793,1.209529828613,0.209529828614,337.514946007495,98.814178837236,52.017585470563,0.533309715997,1.821600929321,3.460368226854,,,,,,,,,,,,,,,,,,,,,,,,,20.648464163823,8.0756529571,-3.836482052383,43.872354295648,-25.0,23.2323232323,13.543176567184,41.100414014186,2007,9.277865472084,16.058817434621,,,,21.464301494,70.239986975622,68.899308183378,0.041676392422,-21.610748878086,,5.600847831682,1.266266817514,1.266266817514,0.221948606718,,,,9.656737422588,6.002676446731,2.046182408622,0.878680147312,18.639835808206,29.986623733156,150.831337097816,2.307590164609,1.142675792368,111.295793970629,60.9029979147,39.0970020853,539.507754978986,2.3183043944,114.037067347708,10904787.1759375,28070360.2000216,0.935743099181,0.482843073978,0.425926992699,0.501433011926,0.152930258707,,,,,,,,,111199471.53,,,,,,,,,0
600420.SH,600420,国药现代,10007230,通用,2007-03-31 00:00:00,一季报,2007一季报,058001001,2008-04-22 00:00:00,2008-04-22 00:00:00,CNY,0.0793,0.0,0.0793,1.83,0.198971365281,0.403237187214,-0.03,165577887.12,60384223.69,22808065.18,23034965.0,-7.655841864543,13.217189325774,14.097460019014,-2.509311896817,5.232231553605,5.793142154761,,0.0,4.552132311,16.9030596699,36.4687729384,0.029417185801,0.172884382135,-0.050808805308,14.814377258,4.218733086692,2.840509575477,-0.093979911271,14.9486078924,1.175759708595,0.175759708595,334.18962067623,100.186795638208,51.038215142061,0.269308184431,0.898321973736,1.763384549195,,,,,,,,,,,,,,,,,,,,,,,,,2.987012987013,-46.9565217391,-85.92667156844,-36.64867563361,-128.483614993224,,4.726627731608,-5.606739681462,2007,5.476817965773,17.218943806916,,,,-7.655841864543,13.217189325774,,42.074388295723,123.503618422402,,8.562069906271,0.633001502662,0.633001502662,0.130039821647,,,,4.577846740143,3.039290185834,1.0245353265,0.447132255667,19.659898006368,29.612177349661,151.227014302507,2.594742194849,1.259007253379,,60.0000355543,39.9999644457,623.620475664563,1.1121444776,125.900725337901,-25302470.66756,2763888.32540432,0.860679975622,0.226416047628,-0.254302710927,-0.300589398017,-0.051971561844,,,,,,,,,94088724.4,,,,,,,,,1
600420.SH,600420,国药现代,10007230,通用,2006-12-31 00:00:00,年报,2006年报,058001001,2008-03-04 00:00:00,2008-03-04 00:00:00,CNY,0.1945,0.1893,0.1945,1.7336,0.198971365281,0.432056115508,0.2814,547055285.85,191064877.37,50889505.61,49129038.68,8.813418770901,-13.285279967157,-13.057469031963,3.999604028162,1.090693442802,-0.290466819304,11.45,10.86,11.2698284331,12.2137292607,34.9260636561,0.008201129129,0.420408344072,0.134529963412,13.8969068553,4.418991625296,3.069749409719,0.895982783193,14.3527482192,1.167579787101,0.167579787101,390.151683313779,111.885372469613,45.594060902353,0.922718048894,3.21757877776,7.895765213171,,,,,,,,,,,,,,,,,,,,,,,,,,-47.4666666667,-85.92667156844,-10.450675170581,-36.435509374294,-15.622697126,-11.9819517381,-21.220582732051,2006,12.403883246265,-13.080120789329,,,,22.028892169062,5.686366374631,-1.683144726216,1.490065844982,1.671300469631,-16.779855285871,-5.822814270862,2.091383239666,2.091383239666,0.284168570589,389.0,1406311.78881748,130821.351182519,19.987089327542,9.169104956647,3.453118487248,1.486493305931,18.011627110904,39.262283690953,157.478494537044,2.778082329243,1.74272079191,154.938784326172,60.4713378356,39.5286621644,660.215538190275,1.3328025256,174.272079190965,-17532525.607254,9090292.56984689,1.015459039696,0.925485137677,0.980059437752,1.101465085242,0.456116861365,,,,,,,,,86150786.44,,,,,,,,,0
600420.SH,600420,国药现代,10007230,通用,2006-09-30 00:00:00,三季报,2006三季报,058001001,2007-10-26 00:00:00,2007-10-26 00:00:00,CNY,0.1555,0.0,0.1555,1.7039,0.206909407567,0.296647992043,0.227932008586,430512192.4,149157807.22,40684719.96,40769070.38,5.714184496742,-17.021432039486,-15.072219313223,-0.324014276854,-4.092573080859,-2.359556700722,,0.0,9.2314094675,12.5848374509,34.6465930241,0.021111830444,0.40808732768,0.138489694607,15.1229443649,4.528310661211,3.443458940713,0.711859622076,14.7665378105,1.173248128507,0.173248128507,368.080965720666,96.594885858689,46.940456629793,0.733534263233,2.795179036652,5.751967905413,,,,,,,,,,,,,,,,,,,,,,,,,,-47.1363862,-85.365210495704,-52.421780086504,-49.885470718142,,-15.717076010002,-9.20841583563,2006,10.268712463525,-15.525417301884,,,,-1.467205456221,-17.629080658371,-10.596896438462,-15.796844423344,-4.42988145576,-4.641910516191,-11.132861084675,1.645840935909,1.645840935909,0.236657711252,,,,11.669766018484,7.385464237064,2.727426375716,1.14447873401,23.136710673748,36.558297668683,143.534356134458,3.002234537921,1.758188199273,,64.4689069788,35.5310930212,643.544392502976,2.3268700129,175.818819927325,-48877075.1881254,-26591728.4215863,0.972562311362,0.711718789527,0.932047660796,1.100448815066,0.372178539862,,,,,,,,,86870664.11,,,,,,,,,1
600420.SH,600420,国药现代,10007230,通用,2006-06-30 00:00:00,中报,2006中报,058001001,2007-08-22 00:00:00,2007-08-22 00:00:00,CNY,0.1172,0.0,0.1172,1.6655,0.206909407567,0.258276568377,0.12,315680171.67,105526835.97,30647683.35,30723463.84,8.593213893403,-16.820475152953,-16.439875216001,-2.818704450226,-16.538315456561,-17.07214092828,6.93,0.0,7.0235138439,12.6932315603,33.4284017307,0.052222736806,0.341057490182,0.101603659553,14.8378872414,5.570257870332,4.103278323048,0.512815470131,12.2772468106,1.139955101319,0.139955101319,325.304645456379,86.596310296396,47.481032110458,0.553327480914,2.078610501809,3.790987516473,,,,,,,,,,,,,,,,,,,,,,,,,-58.395456159034,-46.7891373802,-85.365210495704,-39.616041224777,-65.752177938388,-20.9806157355,-17.216120074352,-10.588046352669,2006,7.994106503205,-15.4953029754,,,,-10.091212493856,-49.75739915054,-49.651207293835,-23.94255537398,-47.86764941044,,-18.897003201196,1.206840034641,1.206840034641,0.179876937287,,,,23.255525607768,8.497844698646,2.011109746761,0.875119372862,7.740095968412,21.181841559034,134.077623569402,3.99168983625,2.064916056063,117.889221163035,62.7153820148,37.2846179852,770.585354892935,2.2720652954,206.491605606346,-53042039.6605202,-10688651.689996,0.789189902495,0.448468618185,0.680145403863,0.800455416498,0.20243648172,,,,,,,,,68202100.78,,,,,,,,,0
600420.SH,600420,国药现代,10007230,通用,2006-03-31 00:00:00,一季报,2006一季报,058001001,2007-04-27 00:00:00,2007-04-27 00:00:00,CNY,0.077,0.0,0.077,3.45,1.413818815134,0.636509483025,0.105323709814,179305210.49,60233201.28,20145408.41,20188849.95,28.979607752923,26.366107526387,27.416070967547,8.013377418104,7.162358938049,7.687526030434,,0.0,4.3466808868,14.2839741355,33.5925549042,0.09152737355,0.300474643836,0.07682469373,14.7711957614,4.320072993181,3.401315277465,0.15640066185,15.8365203638,1.188163802545,0.188163802545,295.756165605355,72.324097265087,43.65166764568,0.304304729593,1.244398525572,2.061776900038,,,,,,,,,,,,,,,,,,,,,,,,,,-27.9749478079,-46.052444397404,-13.433087646933,-58.553995815685,,20.187510904994,19.211824557979,2006,4.672297657617,18.254688938345,,,,28.979607752923,26.366107526387,,87.745284156392,108.636916737768,,-15.594401302526,1.370961662206,1.370961662206,0.214195770159,,,,17.551225710297,3.075204313897,1.146486073894,0.475891664511,5.127846994025,29.266348123045,115.975190153664,3.375058526869,1.928437503446,,64.1694538998,35.8305461002,598.759541121324,1.2740776459,192.843750344601,-4753935.57779652,-6965686.68034176,0.800771987036,0.242149668891,0.457307296268,0.537838370475,0.087574332287,,,,,,,,,93902610.56,,,,,,,,,1
600420.SH,600420,国药现代,10007230,通用,2005-12-31 00:00:00,年报,2005年报,058001001,2007-03-31 00:00:00,2007-03-31 00:00:00,CNY,,0.0,,3.3,1.413818815134,0.482478361876,0.4427,502746161.3,186445839.26,58686121.1,56507486.19,40.223543812272,59.342728896076,63.902935956541,1.516134431874,9.014597223395,9.897058642017,13.57,0.0,12.8039971979,14.0291281126,37.0854824188,0.018449137147,0.386887963136,0.115163749058,13.1048217061,3.582669539967,2.521946297166,0.556019675686,18.2189063044,1.222776505927,0.222776505927,394.446050125751,100.200252525812,45.482823905551,0.912672341085,3.592805316606,7.915075826153,,,,,,,,,,,,,,,,,,,,,,,,,,-28.3527649319,-46.052444397404,-12.664306934844,126.793032786885,-4.9719887955,2.407184024834,26.547122362706,2005,14.27047915725,-5.106792510344,,,,8.532735386996,101.040606034218,149.053398727723,-18.051375961983,-20.758383719465,-24.32488614933,-6.545335395027,3.843980390083,3.843980390083,0.602806790551,1627.0,309001.943023971,36070.1420405655,29.474298873188,9.113558208648,3.980822458374,1.322080109768,12.214030995237,39.501585632974,145.683085796107,2.409007858527,1.783521637984,225.400254114865,63.715919169,36.284080831,519.409991850094,4.0508063758,178.352163798363,11047485.5355161,60264855.9392425,1.064907378717,0.914381441898,0.73055212564,0.820890280094,0.372346785662,,,,,,,,,106673243.09,,,,,,,,,0
600420.SH,600420,国药现代,10007230,通用,2005-09-30 00:00:00,三季报,2005三季报,058001001,2006-10-25 00:00:00,2006-10-25 00:00:00,CNY,,0.0,,3.2232,1.413818815134,0.623495356872,0.454822207955,407241653.0,158771127.17,49030395.39,48004398.62,50.531476455291,53.089627766406,54.543678310598,6.212118210383,-3.209849319008,-3.429790483084,,0.0,10.9528823046,14.4434082508,38.9869567615,0.045468089091,0.454751487049,0.146068668472,13.1865498759,4.715105737378,3.741183856765,0.677430069316,16.2642142952,1.194232539389,0.19423253939,356.045113901884,82.118963690329,51.436822670615,0.758330867235,3.287912899366,5.249157820828,,,,,,,,,,,,,,,,,,,,,,,,,,-29.1604395604,-46.007512675925,-6.676075954493,11.962260278428,,1.115911714669,8.365480855237,2005,12.155978917614,-6.754204576678,,,,33.074366299921,-12.778918567312,-13.98036091811,-23.166660834686,-41.706474110856,-46.29756139314,-6.582974495741,3.113756103297,3.113756103297,0.508348835454,,,,45.388287991094,12.449395843502,4.158698530786,1.016185806277,5.948671164971,21.687799423691,133.555695223974,3.725665645819,2.556704852947,,74.2190213397,25.7809786603,581.472081876103,4.7417100061,255.670485294737,46845177.8673625,39604837.483923,1.028775698197,0.751020658453,0.897408893331,1.011317176221,0.602311187334,,,,,,,,,90730664.76,,,,,,,,,1
600420.SH,600420,国药现代,10007230,通用,2005-06-30 00:00:00,中报,2005中报,058001001,2006-08-21 00:00:00,2006-08-21 00:00:00,CNY,0.2817,0.0,,3.13,1.413818815134,0.427723808799,0.350387244433,290699722.71,119818348.24,36845225.32,36768092.34,58.88761396928,104.05172010306,104.272431170418,17.727908898401,28.580315608738,,8.77,0.0,8.4841563964,15.1859459577,41.217221373,0.005426603559,0.450139249842,0.157641758178,15.7330904572,5.527545564943,4.426355266741,0.656658631248,13.7311022853,1.159166311951,0.159166311951,322.185276257648,75.036591383185,43.23762690561,0.558684748387,2.398829646736,4.163040686598,,,,,,,,,,,,,,,,,,,,,,,,,10.297572435396,-28.3293643524,-45.568011751444,-15.781146047629,105.521252386419,,39.94414931067,-39.042214897805,2005,9.45995522696,36.385803916439,,,,86.184337213182,144.754058722727,,9.109016444953,31.119052533574,,-1.859906259897,2.222680389265,2.222680389265,0.400554671529,,,,32.991855567035,10.173303187584,2.997696465441,0.751911714155,5.455891974135,17.693368287665,118.275568242926,4.411929030669,3.094019918761,505.183027587157,73.5516408488,26.4483591512,685.001252411079,5.2540709803,309.401991876131,37519387.7969302,38754165.449987,0.894036836145,0.495545839979,0.878890987921,1.038076644137,0.473120820195,,,,,,,,,72014773.34,,,,,,,,,0
600420.SH,600420,国药现代,10007230,通用,2005-03-31 00:00:00,一季报,2005一季报,058001001,2006-04-24 00:00:00,2006-04-24 00:00:00,CNY,,0.0,,4.79,2.6207282227,0.735280334857,0.254122711916,139018263.13,55327830.25,15942097.77,15844822.24,36.97608151195,67.523328060948,,10.466950757336,17.447003999562,,,0.0,3.616582833,13.6268557407,39.7989652613,,0.420567972895,0.159385189767,16.6239830529,5.887511744017,4.93987524205,0.323808401422,13.2843536474,1.15319442576,0.153194425756,339.109339754734,70.151085052576,47.366859003214,0.265401124207,1.282945230748,1.900062657604,,,,,,,,,,,,,,,,,,,,,,,,,,,,,,,,,2005,3.951046423244,-68.409955470579,,,,36.97608151195,67.523328060948,,57.982409781675,231.928339039112,,3.389424648958,1.594393508505,1.594393508505,0.253487313506,,,,10.283507686648,3.498596311393,1.430072463236,0.351791483663,8.751877544357,25.724602666195,117.519486453423,4.837089278217,3.400571090377,,75.8104330754,24.1895669265,713.227382628087,2.5347933455,339.369602030068,18259504.7908064,112629.318925432,0.889387251619,0.232663490881,0.987644970503,1.169640251567,0.227647227675,,,,,,,,,70595163.25,,,,,,,,,1
600420.SH,600420,国药现代,10007230,通用,2004-12-31 00:00:00,年报,2004年报,058001001,2006-03-25 00:00:00,2006-03-25 00:00:00,CNY,0.5015,0.0,,4.6059,2.6207282227,0.552441212685,0.1952,358531918.13,142275714.14,36830121.78,34476189.13,-6.367349234368,57.172668293554,57.629261136227,-12.376554136754,18.085398736849,,14.28,0.0,12.5030263451,13.5706497217,39.6828586091,0.023751655458,0.413489481587,0.047461307765,14.8998106636,5.370538654091,4.4610034075,0.235852540382,14.3969344891,1.168182464065,0.168182464065,390.740110831699,93.495238922884,67.148073653156,0.921328499482,3.85046344763,5.361285594871,,,,,,,,,,,,,,,,,,,,,,,,,16.627906976744,118.2890995261,1203.14599304427,18.746522075753,-39.0,-34.5254470426,-12.41539936573,-68.318341905217,2004,15.038462219548,-20.992227660564,,,,-36.528021732017,673.235705722843,,0.479004552172,-65.621176722448,-73.86285023947,25.85392552081,4.111984641356,4.111984641356,0.66912186069,547.0,655451.404259598,67331.1184277879,25.344833997594,7.348981082011,4.283864598728,1.303574371046,14.2040780395,48.98638273559,160.642244617787,4.32289882781,3.061415654008,7.744648829081,75.0641974327,24.9358025673,656.334375621608,2.2144182503,305.489513940743,13648170.13673,-226254343.793665,1.016146172397,0.705784379273,0.306165290944,0.349734970236,0.175266145204,,,,,,,,,74315943.61,,,,,,,,,0
600420.SH,600420,国药现代,10007230,通用,2004-09-30 00:00:00,三季报,2004三季报,058001001,2005-10-26 00:00:00,2005-10-26 00:00:00,CNY,,0.0,,4.55,2.618547292789,0.668098093012,0.406228140468,270535879.0,112906299.04,32027248.42,31062026.7,10.750208103431,31.958171473621,,0.987540224106,29.935903534028,,,0.0,10.8320066732,15.4972781522,41.7343161496,2.2178204e-05,0.449465955678,0.130924666188,15.950215347,5.217116676423,4.55690501436,0.481375347553,15.0086671206,1.176590560615,0.176590560615,386.287160570455,81.605280218439,68.884886908655,0.698961880072,3.308609434062,3.919582540043,,,,,,,,,,,,,,,,,,,,,,,,,,,,,,,,,2004,13.036490130657,-69.741318382844,,,,4.787585346382,105.910249564844,,7.497519816316,63.579456070344,,8.657880031999,3.102762468641,3.102762468641,0.591142173118,,,,41.436871377962,5.750040075384,3.253927096748,0.990108990012,6.515935953205,46.956194471735,150.490092964951,4.551856574618,3.216649375595,,74.9750923863,25.0249076137,628.568915361981,4.7305022372,320.985409328841,27291653.6052065,-224497366.141899,0.819872382805,0.433206622957,0.726692860776,0.844823619366,0.369016290218,,,,,,,,,76845451.33,,,,,,,,,1
600420.SH,600420,国药现代,10007230,通用,2004-06-30 00:00:00,中报,2004中报,058001001,2005-08-03 00:00:00,2005-08-03 00:00:00,CNY,0.2554,0.0,,4.3672,2.597404321661,0.507871799159,0.170487110391,182959335.5,76839904.53,18056807.02,17999537.25,13.851183173135,3.264163214796,0.828508483941,,,,,0.0,6.0625302581,13.153286857,41.9983513386,0.02869215329,0.396196889937,0.081248119203,16.1988535354,3.646812034161,3.22124020458,0.124819136495,22.5255925265,1.290748819656,0.290748819656,390.528629706003,82.595282662962,65.213875042736,0.460913711078,2.179301216687,2.760148816215,,,,,,,,,,,,,,,,,,,,,,,,,-20.855283545088,,,,,,,,2004,6.936172941251,-75.940259601525,,,,,,,-19.728341524561,-10.254807755787,,2.022421574903,2.098351470331,2.098351470331,0.329353713887,,,,15.354050621134,4.407431199771,2.629107050881,0.613022141335,11.723290774634,40.84011566859,147.810357216294,3.165996913981,2.42681455053,8.047945121674,81.6682902524,18.3317097476,422.311619482706,13.6504650397,242.261615561319,14203115.114534,-245036616.160004,0.844555869028,0.290560333994,0.518891405596,0.617702024492,0.215806661999,,,,,,,,,119790632.01,,,,,,,,,0
600420.SH,600420,国药现代,10007230,通用,2004-03-31 00:00:00,一季报,2004一季报,058001001,2005-04-27 00:00:00,2005-04-27 00:00:00,CNY,,,,,,,,101490903.81,39068144.24,9516344.95,,,,,,,,,,,12.2236123675,38.4942322645,,,,18.3232789808,,,,,,,,,,,,,,,,,,,,,,,,,,,,,,,,,,,,,,,,,,,,,2004,12.507251832342,,,,,,,,-26.794109090416,1235.80107248867,,,,,,,,,17.179665198842,,1.443718606217,0.624178675778,5.238751684524,,,,,,,,,,,88201362.1626962,12963853.2026036,,,,,,,,,,,,,,,,,,,,,,,0
600420.SH,600420,国药现代,10007230,通用,2003-12-31 00:00:00,年报,2003年报,058001001,2005-04-12 00:00:00,2005-04-12 00:00:00,CNY,0.43,0.0,,2.11,0.201107798872,0.465227278263,0.32,382913348.28,120735973.84,23432904.83,21871693.67,68.251376474506,7.011964455677,19.330957611213,,,,21.81,0.0,14.2753706183,8.6804150493,31.5308866568,0.00866915545,0.377510260087,0.044701892052,12.6585898945,1.37321639838,0.978766627615,0.144559687219,45.4424905604,1.832928244474,0.832928244475,218.90495885019,51.308216462737,56.500721040884,1.644549314419,7.016420074969,6.371600102935,,,,,,,,,,,,,,,,,,,,,,,,,7.5,19.209039548,4.306870548532,47.839396169276,128.571428571429,-15.8240061752,2.495773277227,4.061554192419,2003,19.034155468831,-2.028002453818,,,,,,,65.883474130525,-112.349112258979,,-19.956268451513,7.065872679221,7.065872679221,0.733505856406,,,,40.982461969229,9.25962231343,6.582994144686,2.763693311857,8.784245325971,38.878475580787,107.809085216881,0.916660595043,0.288942168939,8.844456252702,62.0369338578,37.9630661422,197.453250559788,25.2985419017,28.89421689392,-13355806.2699697,4071300.58984593,1.145388266275,1.673344528962,0.462696477093,0.514974131971,0.243490401048,,,,,,,,,119104999.97,,,,,,,,,1
600420.SH,600420,国药现代,10007230,通用,2003-09-30 00:00:00,三季报,2003三季报,058001001,2004-10-28 00:00:00,2004-10-28 00:00:00,CNY,,,,,,,,244275729.71,93823664.96,24270757.97,,,,,,,,,,,13.2011415945,38.408918099,,,,8.410196554,,,,,,,,,,,,,,,,,,,,,,,,,,,,,,,,,,,,,,,,,,,,,2003,43.083470375872,,,,,,,,,,,,,,,,,,54.437050048294,,5.306207596652,2.133347024471,4.959857298668,,,,,,,,,,,81463039.3291063,33836277.5018695,,,,,,,,,,,,,,,,,,,,,,,0
600420.SH,600420,国药现代,10007230,通用,2003-06-30 00:00:00,中报,2003中报,058001001,2004-08-31 00:00:00,2004-08-31 00:00:00,CNY,0.3227,,,,,,,160700425.24,66153624.03,17486034.32,17851634.94,,,,,,,15.45,,,14.1498782384,41.1658052125,,,,7.9752294303,,,,,,,,,,,,,,,,,,,,,,,,,,,,,,,,,,,,,,,,,,,,,2003,28.828960023569,,,,,,,,,,,,,,,,,,34.209227755878,,3.490767659177,1.403454098465,5.261738186097,,,,,,,,,,,72099905.8810081,22738914.5000059,,,,,,,,,,,,,,,,,,,,,,,0
600420.SH,600420,国药现代,10007230,通用,2002-12-31 00:00:00,年报,2002年报,058001001,2004-05-27 00:00:00,2004-05-27 00:00:00,CNY,0.4,0.0,,1.77,0.192803980998,0.314684238652,0.14,227584080.62,89650091.42,21897462.54,18328599.81,52.636653695588,50.238716435603,51.038267789368,,,,25.91,0.0,13.9277651769,11.6082474785,39.3920748656,0.005053436369,0.451069992463,0.032706061644,20.8323136578,1.40877173888,1.063950578991,0.091578167506,43.6688562967,1.775216930207,0.775216930207,300.045918290723,65.280012445259,76.684761337684,1.199816354946,5.514704831006,4.694544179576,,,,,,,,,,,,,,,,,,,,,,,,,48.148148148148,30.1470588235,2.351000040938,96.801371924205,,9.4634558513,-29.195100349198,-4.845330229083,2002,19.428159010292,-35.973218325749,,,,,,,,,,-27.077619574724,4.199592792212,4.199592792212,0.627998448847,,,,31.934295054288,6.961900094531,5.088149322453,2.032554164358,11.273146922079,51.710020987345,141.965552644109,0.995586998732,0.257902769914,,56.2462936543,43.7537063457,202.257600047877,21.1588892339,25.790276991393,-44354271.571673,-5437046.92689052,1.075952710369,1.202846367732,0.247781972412,0.281748487055,0.161686607516,,,,,,,,,88898968.26,,,,,,,,,1
600420.SH,600420,国药现代,10007230,通用,2001-12-31 00:00:00,年报,2001年报,058001001,2004-05-27 00:00:00,2004-05-27 00:00:00,CNY,0.27,0.0,,1.36,0.188375278132,0.159899413086,0.0,149101854.05,80543604.9,14575112.9,12135070.19,,,,,,,23.67,0.0,19.6706234252,11.59573731,54.0191840089,0.01297145909,,,17.1966411628,1.495546280053,1.194930171786,,45.8924994452,1.848172600372,0.848172600372,,115.508348620078,103.065185384252,,3.116657837297,3.492935064909,,,,,,,,,,,,,,,,,,,,,,,,,,,,,,,,,2001,30.343800675686,,,,,,,,,,,,2.751365868245,2.751365868245,0.405092284572,,,,44.074018257511,4.438675141253,3.433889976106,1.362463394766,8.168077571158,81.105282216796,218.573006070059,1.15197035948,0.476375223803,,62.2536640138,37.7463359862,202.822758581406,14.7399695449,47.637522380323,789890.880685767,18177603.4105294,,,,,,,,,,,,,,80674260.81,,,,,,,,,1
