SECUCODE,SECURITY_CODE,SECURITY_NAME_ABBR,ORG_CODE,ORG_TYPE,REPORT_DATE,REPORT_TYPE,REPORT_DATE_NAME,SECURITY_TYPE_CODE,NOTICE_DATE,UPDATE_DATE,CURRENCY,EPSJB,EPSKCJB,EPSXS,BPS,MGZBGJ,MGWFPLR,MGJYXJJE,TOTALOPERATEREVE,MLR,PARENTNETPROFIT,KCFJCXSYJLR,TOTALOPERATEREVETZ,PARENTNETPROFITTZ,KCFJCXSYJLRTZ,YYZSRGDHBZC,NETPROFITRPHBZC,KFJLRGDHBZC,ROEJQ,ROEKCJQ,ZZCJLL,XSJLL,XSMLL,YSZKYYSR,XSJXLYYSR,JYXJLYYSR,TAXRATE,LD,SD,XJLLB,ZCFZL,QYCS,CQBL,ZZCZZTS,CHZZTS,YSZKZZTS,TOAZZL,CHZZL,YSZKZZL,TOTALDEPOSITS,GROSSLOANS,LTDRR,NEWCAPITALADER,HXYJBCZL,NONPERLOAN,BLDKBBL,NZBJE,TOTAL_ROI,NET_ROI,EARNED_PREMIUM,COMPENSATE_EXPENSE,SURRENDER_RATE_LIFE,SOLVENCY_AR,JZB,JZC,JZBJZC,ZYGPGMJZC,ZYGDSYLZQJZB,YYFXZB,JJYWFXZB,ZQZYYWFXZB,ZQCXYWFXZB,RZRQYWFXZB,EPSJBTZ,BPSTZ,MGZBGJTZ,MGWFPLRTZ,MGJYXJJETZ,ROEJQTZ,ZZCJLLTZ,ZCFZLTZ,REPORT_YEAR,ROIC,ROICTZ,NBV_LIFE,NBV_RATE,NHJZ_CURRENT_AMT,DJD_TOI_YOY,DJD_DPNP_YOY,DJD_DEDUCTDPNP_YOY,DJD_TOI_QOQ,DJD_DPNP_QOQ,DJD_DEDUCTDPNP_QOQ,XSMLL_TB,PER_TOI,PER_OI,PER_EBIT,STAFF_NUM,AVG_TOI,AVG_NET_PROFIT,PREPAID_ACCOUNTS_RATIO,ACCOUNTS_PAYABLE_TR,FIXED_ASSET_TR,CURRENT_ASSET_TR,PREPAID_ACCOUNTS_TDAYS,PAYABLE_TDAYS,OPERATE_CYCLE,GUARD_SPEED_RATIO,CASH_RATIO,INTEREST_COVERAGE_RATIO,CA_TA,NCA_TA,LIQUIDATION_RATIO,INTEREST_DEBT_RATIO,FC_LIABILITIES,FCFF_FORWARD,FCFF_BACK,SS_OI,SS_TA,NCO_OP,NCO_NETPROFIT,NCO_FIXED,FIRST_ADEQUACY_RATIO,NET_INTEREST_SPREAD,NET_INTEREST_MARGIN,LOAN_ADVANCES,NON_PERFORMING_LOAN,OVERDUE_LOANS,LOAN_PROVISION_RATIO,REVENUE_RATIO,LIABILITY,CAPITAL_PROVISIONS_SUM,RISK_COVERAGE,CAPITAL_LEVERAGE_RATIO,LIQUIDITY_COVERAGE_RATIO,NET_FUNDING_RATIO,NET_CAPITAL_LIABILITIES,NET_ASSETS_LIABILITIES,PROPRIETARY_CAPITAL,IS_BZ
002028.SZ,002028,思源电气,10007268,通用,2026-03-31 00:00:00,一季报,2026一季报,058001001,2026-04-25 00:00:00,2026-04-25 00:00:00,CNY,0.7,,0.7,20.598836955364,1.061005854701,18.127031778872,-0.616657173776,4568663867.62,1322645741.06,549952870.75,492523178.25,41.595592307518,23.16986834821,12.785317361588,6.231041095459,3.284084624741,1.891620309136,3.48,,1.8992320561,12.5154673926,28.9503841689,0.0,0.211692219829,-0.105611651128,12.192256792,1.78931075659,1.420279115941,-0.035394208174,45.8497857443,1.846714761419,0.846714761419,593.077639825302,169.616777293932,157.42237525766,0.151750789368,0.530607888181,0.571710342019,,,,,,,,,,,,,,,,,,,,,,,,,22.80701754386,24.4022538157,81.420856187757,24.600586510602,14.121517235847,0.5780346821,-3.332006961966,3.293327605026,2026,3.346704589606,-2.114564869175,,,,41.595592307518,23.16986834821,12.785317361588,-40.759443105959,-42.63973764624,-46.21183856928,-4.488741486139,5.838912347148,5.838912347148,0.818815474229,,,,3.520816764645,0.555019569513,1.568405971726,0.188402056833,25.562250470897,162.156444463697,327.044521925964,1.203139624956,0.537532006251,,80.3100397712,19.6899602288,209.472663991545,2.6290759421,25.591182885619,-1745016441.71172,-101900277.821487,1.139271299162,0.171368735978,-0.724777956068,-0.843849037478,-0.165147013559,,,,,,,,,13925861786.9,,,,,,,,,0
002028.SZ,002028,思源电气,10007268,通用,2025-12-31 00:00:00,年报,2025年报,058001001,2026-04-18 00:00:00,2026-04-18 00:00:00,CNY,4.04,3.79,4.01,19.810869928475,0.956790871969,17.432938788181,2.856922733218,21539031405.33,6628593829.37,3150142665.04,2951560243.9,39.338439172515,53.735272885299,57.129541177608,14.097277808412,14.589301066326,17.64121204392,22.63,21.2,12.2283017417,15.1338073767,30.7747999649,0.0,0.282543256225,0.103731615001,12.3502602451,1.746422849408,1.450921308731,0.161863625755,47.0482666977,1.888512306653,0.888512306654,445.537799991013,122.624339080374,116.507611557002,0.808012249482,2.935795639755,3.08992687421,,,,,,,,,,,,,,,,,,,,,,,,,53.030303030303,24.4453712739,82.191696319211,24.667391331797,-9.779088935169,25.3739612188,23.780298892719,2.085435497375,2025,22.043699449097,28.4080141732,,,,52.689716043316,71.915165464535,93.562505459021,44.688788498087,6.687055762476,14.484825325508,-1.511997278259,27.541485141061,27.541485141061,4.696982735055,11007.0,1956848.49689561,286194.482151358,21.053281665441,2.841104983963,8.170782557077,1.001403922391,17.09947198355,126.711262706612,239.132781833512,1.260056150365,0.562983177695,201.204298712152,80.7866758965,19.2133241035,204.48167073642,1.6641526058,35.714492938123,1394974044.41225,705740029.506418,0.912989019729,0.659013047666,0.599092587873,0.685429729739,0.769325424678,,,,,,,,,14039166962.6,,,,,,,,,0
002028.SZ,002028,思源电气,10007268,通用,2025-09-30 00:00:00,三季报,2025三季报,058001001,2025-10-18 00:00:00,2025-10-18 00:00:00,CNY,2.81,,2.81,18.506395021633,0.842038086082,16.229318237535,0.552502829404,13826977185.8,4468936343.53,2191372868.35,2035888160.77,32.858866209664,46.936883860705,44.865742133287,6.122207709943,11.995604769956,10.338070745186,16.11,,8.9527935029,16.4237106211,32.3204145308,0.0,0.237880125911,0.031210919628,13.1335367058,1.800080689841,1.391157137379,0.035104919109,45.9417330409,1.849855824562,0.849855824562,495.309298294643,157.031634659311,125.403674565558,0.545113933717,1.719398773284,2.153046957638,,,,,,,,,,,,,,,,,,,,,,,,,46.354166666667,22.0864307712,85.572892537433,22.101030586526,-45.012485763342,21.3102409639,18.931781407184,3.591571309741,2025,15.941706464914,24.596888303973,,,,25.679154976471,48.731147089894,41.624986951881,1.134215118095,6.201436701122,0.055283498383,2.849798757394,17.702228450632,17.702228450632,3.300067390448,,,,14.121161150919,1.906777314344,5.766477327256,0.673832845264,19.120240688028,141.600174267277,282.437932285109,1.198122161865,0.516807940409,,81.1860579896,18.8139420104,208.865263190743,1.5894343285,28.987763183263,-603849968.543187,83656877.2945255,0.947006238925,0.480400812279,0.165033607355,0.190035737646,0.177766494976,,,,,,,,,12522289134.96,,,,,,,,,0
002028.SZ,002028,思源电气,10007268,通用,2025-06-30 00:00:00,中报,2025中报,058001001,2025-08-16 00:00:00,2025-08-16 00:00:00,CNY,1.66,1.59,1.66,17.18411493301,0.622261003363,15.130718814521,-0.916330412593,8496879187.48,2696504344.88,1292697963.66,1236068551.03,37.796957384325,45.714821110309,47.042950734196,10.991637728184,15.116349874605,15.179045100065,9.89,9.46,5.4522447747,15.6443830821,31.7352322586,,0.149523429367,-0.083945695529,13.0113567073,1.776427143847,1.363457632353,-0.062477294292,46.1339463715,1.856456771266,0.856456771266,516.482489529631,163.494015878236,132.256099449242,0.348511331263,1.100957726392,1.360995831191,,,,,,,,,,,,,,,,,,,,,,,,,44.347826086957,20.5574813255,112.99784184366,20.591938171278,-766.110759167918,21.0526315789,16.771476238077,8.325317848467,2025,9.742961398197,24.973756699418,,,,50.207967500476,61.527517821085,59.967841504365,63.341903930307,89.518332327027,83.053447969577,-0.036090140466,10.91575222312,10.91575222312,1.933122448095,,,,9.504483967693,1.188288487873,3.546795861401,0.433606137372,18.938429546712,151.478367279476,295.743432762014,1.172350141196,0.491204005313,-166.389662903723,80.2011817127,19.7988182873,207.735906923216,1.2784650341,27.078272693787,-587129792.10732,442725498.39201,0.916542711302,0.307971023503,-0.466874618606,-0.536586806196,-0.294341478502,,,,,,,,,11666024964.98,,,,,,,,,0
002028.SZ,002028,思源电气,10007268,通用,2025-03-31 00:00:00,一季报,2025一季报,058001001,2025-04-26 00:00:00,2026-04-25 00:00:00,CNY,0.57,,0.57,16.558250613268,0.584831246526,14.548111117703,-0.718057834661,3226557969.19,978000857.75,446499519.83,436690865.24,21.411066865613,22.911275722307,28.097202731356,3.680986938798,4.061830926652,5.09921984975,3.46,,1.9646958589,14.3610009253,30.3109650311,0.0,0.170790364597,-0.173175743081,9.907164031,1.83348334412,1.435834338486,-0.054184912551,44.3879452888,1.79817128713,0.79817128713,657.8575902256,197.359090881701,161.00170570487,0.136807724555,0.456021557446,0.559000288885,,,,,,,,,,,,,,,,,,,,,,,,,21.276595744681,18.8609350177,138.288345930043,18.547421437314,-407.268399606319,0.8746355685,1.153730376421,10.47851638532,2025,3.419001596236,8.064366235599,,,,21.411066865613,22.911275722307,28.097202731356,-36.117899837205,-19.939031145525,-7.688593390346,-1.280466409929,4.146411165237,4.146411165237,0.642802991634,,,,3.68805954504,0.504713203938,1.367419160864,0.170635666231,24.403076713075,178.319091511336,358.370209961398,1.234954919966,0.577632469014,,79.7918643594,20.2081356406,215.384187192363,1.0080119565,28.498103929263,-1249318327.66192,-109987792.776624,1.154214664752,0.157166343155,-1.088684694941,-1.205875161366,-0.237650467276,,,,,,,,,10517960941.24,,,,,,,,,0
002028.SZ,002028,思源电气,10007268,通用,2024-12-31 00:00:00,年报,2024年报,058001001,2025-04-19 00:00:00,2026-04-18 00:00:00,CNY,2.64,2.42,2.64,15.919330486683,0.525156135707,13.983559455242,3.166585993756,15458068522.4,4830222498.92,2049069550.48,1878424783.64,24.061262433979,31.420500147014,32.190534006466,8.201294199615,7.718243340481,9.490469789474,18.05,16.55,9.879037174,13.4869672457,31.2472576501,,0.389791287129,0.159300123756,14.2236004341,1.78096246771,1.453515084417,0.23190596411,46.0871489341,1.854845329507,0.854845329508,491.475851639551,142.545706371853,117.572150256525,0.732487667093,2.525505742424,3.061949613191,,,,,,,,,,,,,,,,,,,,,,,,,30.693069306931,18.6419569748,155.261842979172,19.483427003321,7.857204324634,13.5220125786,5.785600326666,7.018739951229,2024,17.166918740261,11.133397159185,,,,30.204429414005,35.733191877138,52.481017046213,19.093578429672,-7.700474589777,-16.234232169794,5.923514255705,19.878113833833,19.878113833833,3.060618027867,9456.0,1634736.51886633,216695.172428088,24.432938420729,2.460772271299,7.831922167678,0.91828507001,14.734208133336,146.295536648729,260.120085814137,1.27896212077,0.629007969748,315.317123839162,80.5624383986,19.4375616014,207.771383925455,0.8846156235,37.932668090052,721464376.100203,-12013654.714488,0.992046948272,0.653289782147,1.012432689246,1.18114117765,1.039894043577,,,,,,,,,10818360027.95,,,,,,,,,0
002028.SZ,002028,思源电气,10007268,通用,2024-09-30 00:00:00,三季报,2024三季报,058001001,2024-10-26 00:00:00,2025-10-18 00:00:00,CNY,1.92,,1.92,15.158437268359,0.453750585319,13.291712739504,1.004778697626,10407267185.3,3270470079.92,1491370179.34,1405362048.19,21.284145437128,29.877341965323,26.523218956181,7.230921189914,8.962903048054,8.524493572951,13.28,,7.5276712389,14.5990972598,31.4248690044,0.0,0.301802506405,0.074948243602,12.8164529862,1.826832786341,1.438056771892,0.082902215257,44.3489103023,1.796910007391,0.79691000739,523.635548767544,161.44415476532,128.955666556345,0.515625802403,1.672404927837,2.093742812628,,,,,,,,,,,,,,,,,,,,,,,,,28.859060402685,16.0840024479,121.231075614892,17.338420102958,11.302574116448,13.2139812447,3.889100832869,12.577054907095,2024,12.794626480576,10.324017398228,,,,29.392237207792,34.945926933801,31.34039476139,20.872589416192,15.33868187675,13.014151505495,4.373503606013,13.406300792781,13.406300792781,2.19163741717,,,,15.813209366755,1.784163614514,5.767012767659,0.651584606147,17.074332840216,151.331412547356,290.402933953053,1.249232497393,0.544278452778,,79.4493570981,20.5506429019,215.077735133557,1.0445077316,28.322175063097,-836397776.625518,-118545313.392999,0.971556367921,0.4673736982,0.447070944384,0.513375877074,0.384279130901,,,,,,,,,9594523075.62,,,,,,,,,0
002028.SZ,002028,思源电气,10007268,通用,2024-06-30 00:00:00,中报,2024中报,058001001,2024-08-17 00:00:00,2025-08-16 00:00:00,CNY,1.15,1.09,1.14,14.253876859465,0.292144276194,12.547040079106,0.137564271404,6166231351.38,1957574332.29,887142401.72,840617346.74,16.272950982159,26.63769783027,23.480605738406,2.915448102575,2.450149153923,0.081146256,8.17,7.74,4.669158043,14.5415367138,31.7466896835,,0.272812785672,0.017272152143,14.7655255789,1.901302839223,1.48546325481,0.013009315877,42.588332338,1.741806222887,0.741806222886,560.588565306718,176.101203292805,135.898831706601,0.321091101638,1.022139523378,1.324514697732,,,,,,,,,,,,,,,,,,,,,,,,,26.373626373626,13.6508880367,-23.361480115393,23.778718215367,869.356139116633,11.156462585,1.963584457924,11.246026006367,2024,7.796005861959,7.270108938042,,,,12.053363770484,8.659887453238,0.257159158969,32.027049896512,44.210350739621,46.583428361086,9.245412581571,7.964512486083,7.964512486083,1.324573222951,,,,10.158096182147,1.101444098041,3.870993772386,0.40671976619,17.719855844282,163.421820789764,312.008352665437,1.284125817161,0.563066515288,103.836377900621,79.1145108851,20.8854891149,223.45577760573,0.9657455438,28.576290230097,-908004199.322751,114014102.506558,1.015019039978,0.318117121188,0.100925575307,0.118778038958,0.066299203923,,,,,,,,,8379104268.28,,,,,,,,,0
002028.SZ,002028,思源电气,10007268,通用,2024-03-31 00:00:00,一季报,2024一季报,058001001,2024-04-29 00:00:00,2025-04-26 00:00:00,CNY,0.47,,0.47,13.930776003736,0.245430066772,12.271976008686,-0.141553827366,2657548485.89,815976902.39,363269779.12,340905855.81,22.356176038178,66.3213913628,86.962673377371,3.897030366581,9.290545297379,11.158838225025,3.43,,1.9422871026,13.6036511552,30.7041209868,0.0,0.291866023524,-0.041229668724,12.5019141252,2.006588354379,1.585960306782,-0.015127267043,40.1778976955,1.671622964552,0.671622964551,630.354082234106,192.094734460883,144.152066558408,0.142776897202,0.468518828757,0.624340685144,,,,,,,,,,,,,,,,,,,,,,,,,67.857142857143,14.1100443785,-34.608383028232,25.079462517529,72.769199195784,45.9574468085,31.835678797176,6.96581339387,2024,3.163856611885,37.913682892165,,,,22.356176038178,66.3213913628,86.962673377371,-31.491151373608,-11.587193416285,9.883251661053,17.110795034777,3.433300139157,3.433300139157,0.517793260455,,,,5.339230544877,0.507142817556,1.688831596515,0.181462135186,16.856361463236,177.464802585047,336.263915478613,1.38399306115,0.663810366498,,78.5915037898,21.4084962102,236.700956396472,0.9179483117,29.396925846678,-1481378442.52025,-276401620.185348,1.146352969545,0.164735159218,-0.265239593993,-0.30307796233,-0.069889663182,,,,,,,,,7430199346.8,,,,,,,,,0
002028.SZ,002028,思源电气,10007268,通用,2023-12-31 00:00:00,年报,2023年报,058001001,2024-04-20 00:00:00,2025-04-19 00:00:00,CNY,2.02,1.84,2.02,13.417960131982,0.20573232943,11.703346485746,2.935905870715,12460028391.72,3675687312.86,1559170409.63,1420997954.02,18.249150336073,27.747958029382,21.628482641855,2.837310353696,-1.502615251067,-3.33659178399,15.9,14.49,9.3387352754,12.9093940153,29.4998309579,,0.395902909939,0.182352310742,9.1958516419,1.879640959515,1.515239167185,0.289420093959,43.0645594922,1.756375275366,0.756375275367,497.645742005986,145.554775200934,113.62978454361,0.723406169515,2.473295702618,3.168183425199,,,,,,,,,,,,,,,,,,,,,,,,,27.044025157233,12.6524019688,-42.884907913099,24.221143116185,114.287799942064,14.224137931,7.449679891575,7.774271781525,2023,15.447128567187,10.451482251385,,,,9.723934124849,-5.492628059292,-13.651659884421,18.350693747132,-8.235820289949,-27.847877542843,12.058866342282,16.100184630346,16.100184630346,2.249145522766,7832.0,1590912.71600102,199076.916449183,23.733013340445,2.404128445432,8.917552530605,0.928818967365,15.168743843687,149.74241525407,259.183712374528,1.333753365794,0.629227443128,349.720520433223,78.7700879875,21.2299120125,222.483104270108,0.9181598413,42.390724927374,1203333854.47564,205772839.799718,0.989354675344,0.658045388474,1.277844360628,1.412555155767,1.438549106523,,,,,,,,,8067429921.55,,,,,,,,,0
002028.SZ,002028,思源电气,10007268,通用,2023-09-30 00:00:00,三季报,2023三季报,058001001,2023-10-21 00:00:00,2024-10-26 00:00:00,CNY,1.49,,1.49,13.058162148712,0.205102553544,11.327673176306,0.902745247001,8580896660.31,2583544138.83,1148291269.88,1110754262.96,22.553747173819,46.140201998145,37.312719092249,5.403047453126,9.329702792227,6.161390370578,11.73,,7.2458719717,13.8428121228,30.1080905773,0.0,0.355584237217,0.081349418175,8.9092019277,1.997550306657,1.576606359594,0.106654295303,39.3942711851,1.650009033064,0.650009033064,515.819115734938,158.013529958263,122.138153643442,0.523439306074,1.708714437753,2.210611442418,,,,,,,,,,,,,,,,,,,,,,,,,46.078431372549,12.4245265041,-41.060545523355,27.788829782772,1869.10920130853,30.3333333333,26.59378669729,1.608400045866,2023,11.597317413118,27.620057584396,,,,23.379367405125,43.202406130429,24.75390910642,4.675369434893,-7.128073618106,-13.731964980867,15.726742319537,11.097132189123,11.097132189123,1.656539384485,,,,16.409655894663,1.78715937312,6.827646674703,0.682445180212,16.453727106356,151.077740497557,280.153650952119,1.365799834507,0.539800383152,,76.5824754047,23.4175245953,244.029889447838,0.8814571944,28.532658474081,-392669994.666009,144602170.998505,0.95301190741,0.479020280801,0.532991684505,0.58766540681,0.53757110935,,,,,,,,,6725276864.59,,,,,,,,,0
002028.SZ,002028,思源电气,10007268,通用,2023-06-30 00:00:00,中报,2023中报,058001001,2023-08-19 00:00:00,2024-08-17 00:00:00,CNY,0.91,0.88,0.91,12.541808608531,0.381197701409,10.136669905787,-0.017880441113,5303238026.81,1541119649.57,700535793.78,680768726.16,22.048976021117,48.081909832927,46.636467999079,4.789500384595,12.529597830465,14.604253063746,7.35,7.14,4.5792407827,13.7131189621,29.0599750903,,0.240334386964,-0.002596833016,8.8741538356,1.911063268018,1.466157305347,-0.002348182934,38.2830145641,1.620299489577,0.620299489577,539.032894377274,162.358610542442,130.223790266466,0.333931383182,1.108656937865,1.382235915816,,,,,,,,,,,,,,,,,,,,,,,,,46.774193548387,10.5049284277,47.920721405796,27.547061953007,96.521685111587,33.6363636364,29.927149830261,6.273109149806,2023,7.267640481714,32.668805270699,,,,20.162106984012,50.236623871308,54.805825561676,44.166354452575,120.737079211989,173.353343233618,13.514063724228,6.885479737206,6.885479737206,1.01820527948,,,,11.330677448865,1.18887091183,4.267294368833,0.455573948425,15.886075727805,151.404158524604,292.57947857109,1.247743682992,0.351726901494,-4.456819443096,69.8424280288,30.1575719712,250.203120600002,0.8646977074,31.743244435641,656301904.442971,1185983761.12065,0.925804592226,0.305950732846,-0.01721258548,-0.018936851808,-0.01083969198,,,,,,,,,6143488951.82,,,,,,,,,0
002028.SZ,002028,思源电气,10007268,通用,2023-03-31 00:00:00,一季报,2023一季报,058001001,2023-04-22 00:00:00,2024-04-29 00:00:00,CNY,0.28,,0.28,12.20819436151,0.375323440737,9.811343734361,-0.519829836749,2171977395.78,569449269.99,218414345.95,182338992.94,24.875917590354,43.537733234397,28.150384562157,4.106149098831,5.428435770633,3.428630859613,2.35,,1.4732636266,10.5936443384,26.2180108825,,0.144954825023,-0.184326238569,8.0354921147,2.011095734396,1.524272412523,-0.072294428857,37.5614380153,1.601574360801,0.601574360802,647.153688767584,191.242316650336,147.422691043048,0.139070519974,0.470607141643,0.610489466467,,,,,,,,,,,,,,,,,,,,,,,,,40.0,9.9230692712,50.354629569478,26.950343823802,10.112492930204,30.5555555556,25.998854999363,6.00233740442,2023,2.294084637243,25.815068952781,,,,24.875917590354,43.537733234397,28.150384562157,-38.564111456818,-49.761952280073,-49.250638022901,9.441274619211,2.820161908505,2.820161908505,0.315983331719,,,,4.388704050712,0.52193709236,1.75186010715,0.187153762671,20.507192774916,172.434573662995,338.665366289675,1.299833002963,0.451382060844,,71.7559431588,28.2440568412,255.041244722786,1.1783209463,31.297867082278,-187908725.120834,557294600.129445,0.981335526613,0.137328388615,-1.595965747683,-1.739970048833,-0.316589701335,,,,,,,,,5829814138.89,,,,,,,,,0
002028.SZ,002028,思源电气,10007268,通用,2022-12-31 00:00:00,年报,2022年报,058001001,2023-04-15 00:00:00,2024-04-20 00:00:00,CNY,1.59,1.52,1.59,11.911490661566,0.360206596738,9.421380444712,1.370076071297,10537097608.15,2773922388.95,1220505152.24,1168310187.84,21.181041499574,1.906667848268,5.113980215997,10.049041022472,11.494110019941,10.192985499217,13.92,13.33,8.6912639338,12.2194950972,26.3252984086,,0.321384058775,0.100108963339,3.2693361737,2.006784038429,1.598119319415,0.175331159815,39.958107608,1.665503801031,0.665503801032,506.142520642543,154.138162900693,105.68060642957,0.711262115546,2.335566956458,3.406490671871,,,,,,,,,,,,,,,,,,,,,,,,,1.273885350318,9.0055869965,35.427019126595,25.120407254549,173.736337449169,-13.5403726708,-14.647325176137,4.584100885649,2022,13.985442524012,-14.615503752368,,,,37.393059081897,40.766665876876,43.012648000448,33.079750037616,39.0457808869,4.243571038043,-13.625400043948,13.685848155899,13.685848155899,1.714835425284,6684.0,1576465.83006433,182601.010209455,22.583979615146,2.572886313895,10.765147920655,0.976891484617,15.940503229934,139.920678988342,259.816299229682,1.382623449515,0.601153023077,209.028061201697,76.8288495914,23.1711504086,240.078285291888,0.9806878912,40.922419982313,-36745621.8355516,-596955449.095776,0.940532347057,0.630642986532,0.786047329796,0.819256135724,0.868162893255,,,,,,,,,6279370110.8,,,,,,,,,0
002028.SZ,002028,思源电气,10007268,通用,2022-09-30 00:00:00,三季报,2022三季报,058001001,2022-10-22 00:00:00,2023-10-21 00:00:00,CNY,1.02,,1.02,11.615047494321,0.347988550904,8.864368814991,-0.05102823762,7001741569.06,1821610676.45,785746327.28,808923070.13,14.367069478872,-11.596575253769,-6.02178278218,4.064279394255,-0.600581639373,2.609201385604,9.0,,5.7237184863,11.8133092039,26.0165368642,,0.266449309637,-0.005607911002,7.2485047489,2.042530485865,1.551072686189,-0.007144290277,38.770683494,1.633204577585,0.633204577584,557.258972938267,180.386720377371,117.884988311728,0.484514405531,1.496784239079,2.290367958353,,,,,,,,,,,,,,,,,,,,,,,,,-12.068965517241,21.5124073529,42.538328847534,24.328601480882,90.717112835147,-29.1896144768,-29.928971485519,4.723503300272,2022,9.0873782951,-30.098043078331,,,,16.382629040758,-2.071388104142,8.48518536816,1.945837502357,-2.566129654748,7.049105526051,-14.782803374243,9.099330855918,9.099330855918,1.149750845056,,,,15.504098871074,1.903943217876,8.292524942054,0.675683102611,17.414749624936,141.810951852444,298.268160106096,1.31366384277,0.490491533583,,74.9000365989,25.0999634011,247.385721156106,1.3514373918,23.161797615231,-1445156757.11296,-790693587.413425,0.936638320509,0.437565813536,-0.043626504391,-0.047471126891,-0.041502026785,,,,,,,,,5810828697.55,,,,,,,,,0
002028.SZ,002028,思源电气,10007268,通用,2022-06-30 00:00:00,中报,2022中报,058001001,2022-08-22 00:00:00,2023-08-19 00:00:00,CNY,0.62,0.61,0.62,11.349546836485,0.257704057813,7.947395847912,-0.514054698514,4345172077.39,1112378397.79,473073175.9,464256085.44,13.168816689393,-16.936514744644,-14.50906011426,6.707118845696,2.969043238896,5.874668457803,5.5,5.39,3.524467972,11.3106068495,25.600330159,,0.160097841954,-0.09062653546,11.6921197686,1.976885737296,1.440155034883,-0.083295697896,36.0232375531,1.563067529136,0.563067529136,577.650087636988,187.594267163915,125.116584274884,0.311607327433,0.959517594654,1.438658200615,,,,,,,,,,,,,,,,,,,,,,,,,-17.333333333333,24.4710352234,32.857971191263,18.00415978373,18.116134114474,-34.2105263158,-35.298054104663,-0.123819190183,2022,5.478032659512,-36.319334842406,,,,28.523813464907,10.981178739502,21.662852002966,49.82182195188,110.894648551282,126.285644804645,-17.791445969751,5.672231603104,5.672231603104,0.72009337515,,,,9.600964123004,1.272865052096,5.701810993127,0.461147336291,18.748117136352,141.413262704949,312.710656329376,1.171892974168,0.267709048025,-245.154840804637,66.8789691533,33.1210308467,265.974111350136,1.1040612592,24.00553229436,-664536039.75349,136933562.415448,0.885967726657,0.275481917912,-0.703815676111,-0.801252635382,-0.503853810738,,,,,,,,,5034015242.47,,,,,,,,,0
002028.SZ,002028,思源电气,10007268,通用,2022-03-31 00:00:00,一季报,2022一季报,058001001,2022-04-23 00:00:00,2023-04-22 00:00:00,CNY,0.2,,0.2,11.106125804571,0.249625463354,7.728489296554,-0.57831155151,1739308457.3,416672852.36,152165107.41,142285170.32,-4.012481150703,-45.728325656779,-48.892774124302,-0.836158339804,-10.705085511172,-12.241144892439,1.8,,1.169267472,9.2291153439,23.9562367797,,0.133514726871,-0.254705144226,12.5084010168,2.016549948087,1.406769421865,-0.098705287777,35.4345375159,1.54881566944,0.54881566944,710.376710912162,234.251689877507,136.029110013976,0.126693342585,0.384202137654,0.661623089284,,,,,,,,,,,,,,,,,,,,,,,,,-45.945945945946,24.320660057,34.317491675938,17.873060220242,17.80472745173,-57.1428571429,-57.941966700328,0.339679333537,2022,1.823378277608,-58.092901840497,,,,-4.012481150703,-45.728325656779,-48.892774124302,-32.405984858891,-50.731822787328,-43.364971822165,-22.081804328949,2.270513825968,2.270513825968,0.237970603972,,,,4.269175682856,0.546127629369,2.312076096163,0.187527941925,21.081353096203,164.796643055739,370.28685054829,1.133600071627,0.313410378357,,66.8315857429,33.1684142571,272.455264667232,0.4812772864,25.454140782606,-778960737.068893,-57786652.6705735,1.1256586465,0.144571336752,-2.426941207862,-2.759800205498,-0.581411893826,,,,,,,,,4798747429.45,,,,,,,,,0
002028.SZ,002028,思源电气,10007268,通用,2021-12-31 00:00:00,年报,2021年报,058001001,2022-04-16 00:00:00,2023-04-15 00:00:00,CNY,1.57,1.46,1.57,10.926907912785,0.265978383827,7.529851166121,0.50050938946,8695335076.97,2650169040.21,1197669571.59,1111469840.11,17.942511345569,28.322353574907,31.28845142886,3.184817528266,21.03589933836,19.733409464378,16.1,14.95,10.1827669159,14.6321874817,30.4780553797,,0.27892209272,0.044093884964,9.358779764,1.896168176759,1.375803299935,0.076534466867,38.2066750774,1.618297771244,0.618297771243,517.304141093302,176.212236031082,98.898709560823,0.695915557991,2.04299093019,3.640087940466,,,,,,,,,,,,,,,,,,,,,,,,,27.642276422764,27.8505312408,59.824411067739,21.642307323593,-53.288180653919,-0.3095975232,2.051336636934,-3.044339564552,2021,16.379369954296,-0.186102253055,,,,11.644595804078,206.712577072319,269.655779031327,12.728920114025,-3.268574080317,-20.923895294453,4.150227505492,11.350993224244,11.350993224244,1.821408879209,6099.0,1425698.48777996,196371.466074766,27.612658196239,2.522296624537,13.89647743887,0.990424813733,13.037498868872,142.727067267944,275.109835657078,1.155138771376,0.406977618263,111.895874259156,68.2683856079,31.7316143921,252.726079243913,0.5097328603,37.480582703374,-120531801.22666,192620839.646464,0.927724372673,0.579749579309,0.272524479192,0.30134855106,0.516319026723,,,,,,,,,5316234034.23,,,,,,,,,0
002028.SZ,002028,思源电气,10007268,通用,2021-09-30 00:00:00,三季报,2021三季报,058001001,2021-10-23 00:00:00,2022-10-22 00:00:00,CNY,1.16,,1.16,9.558733751846,0.244136825314,7.12979049825,-0.549702228561,6122165760.62,1869077574.79,888818877.25,860755922.04,20.806779762469,6.748135059468,10.548562756888,1.758684999882,-5.024931897571,-3.679092723141,12.71,,8.1684522229,15.3660280065,30.5296793304,,0.196460906663,-0.068753153197,11.5708684346,2.013312528152,1.477396492706,-0.099156954845,37.021950443,1.587854827252,0.587854827252,507.908652525689,176.499609759387,112.376690345287,0.531591652667,1.529748424759,2.402633492501,,,,,,,,,,,,,,,,,,,,,,,,,6.422018348624,25.0256224164,57.509652845693,17.394064673978,-208.858816603648,-16.4365548981,-13.088994735547,-4.363582424981,2021,13.000177241508,-15.620589209648,,,,6.815342992005,-14.087076871453,-10.043978627866,12.580957404633,10.420494794384,20.052331924099,-11.345017555463,7.995302077019,7.995302077019,1.379851601691,,,,22.055871034927,1.999583924127,10.415473123949,0.737339203296,12.241638499447,135.028090965414,288.883453985841,1.23394224694,0.330830915207,,71.4698096196,28.5301903804,260.19421465656,0.5546341074,29.467373192008,-839417704.810747,107750317.514265,0.862929191751,0.441791290755,-0.396052062492,-0.447436078917,-0.631315723605,,,,,,,,,4427131172.43,,,,,,,,,0
002028.SZ,002028,思源电气,10007268,通用,2021-06-30 00:00:00,中报,2021中报,058001001,2021-08-14 00:00:00,2022-08-22 00:00:00,CNY,0.75,0.71,0.75,9.118223220455,0.193969586847,6.734843807606,-0.627785086787,3839548918.6,1195662922.64,569532056.65,543047118.28,31.008692366879,23.544963677468,27.643619883686,-0.460065558065,-7.433445810866,-8.500658569263,8.36,7.97,5.4472364366,15.8016696605,31.1407133491,,0.130816679992,-0.124789525045,13.3821654939,2.055404300361,1.518678995392,-0.124102686449,36.0678965305,1.564159390559,0.564159390558,522.154779212033,181.522568101405,111.029056303983,0.344725371032,0.991612237986,1.621197243244,,,,,,,,,,,,,,,,,,,,,,,,,22.950819672131,27.6167856786,66.6413979198,20.2767837161,-47.450375748993,-4.2382588774,0.894135602319,-7.556743468922,2021,8.602348367366,-3.012925319627,,,,-1.852811304528,-22.441319611836,-25.288691368513,11.893855083664,3.131051741383,-4.943609564758,-9.05856997651,5.030751471803,5.030751471803,0.910832327272,,,,15.035875499553,1.342650384019,7.666318662107,0.480088934031,11.971368079321,134.063194814126,292.553675896031,1.269759836806,0.370683403882,-357.753185742464,70.8478172693,29.1521827307,266.716940726018,0.5190761242,29.076437823758,-915574808.753894,162926495.510572,0.862460522701,0.295645647836,-0.685474455226,-0.789723666716,-0.972255721145,,,,,,,,,4039882700.72,,,,,,,,,0
002028.SZ,002028,思源电气,10007268,通用,2021-03-31 00:00:00,一季报,2021一季报,058001001,2021-04-24 00:00:00,2022-04-23 00:00:00,CNY,0.37,,0.37,8.93345144683,0.185847323561,6.556620556142,-0.703582497607,1812015226.72,557110767.85,280376659.19,278405191.99,109.493719317291,217.994549047332,290.904823031517,12.845886855911,20.593639971575,24.472935535558,4.2,,2.7801287418,16.8354058195,30.7453690032,,0.043455125839,-0.296317096204,13.6128479611,2.099940696973,1.581296512022,-0.146660256222,35.3145811819,1.54594345723,0.54594345723,545.005884425476,184.07551755865,113.20241799787,0.165135831689,0.488929767487,0.795036021242,,,,,,,,,,,,,,,,,,,,,,,,,208.333333333333,32.4015934329,92.016505234536,25.693978003007,6.22915080258,142.774566474,165.568522943574,-7.444996801249,2021,4.351001042039,159.2843456211,,,,109.493719317291,217.994549047332,290.904823031517,-21.380335801241,178.435662496598,309.638071775951,-10.480080257818,2.374424245576,2.374424245576,0.458758901143,,,,7.651020859378,0.658890019516,3.592918087408,0.230131499312,11.763136142765,136.5933575168,297.294272471509,1.333114649451,0.452548943767,,70.7232236903,29.2767763097,272.547530525109,0.8055232353,36.297318225983,-946415972.054323,-34238990.2597913,0.839836425859,0.139992721216,-1.528408938941,-1.760082883543,-1.074290768779,,,,,,,,,3838885461.12,,,,,,,,,0
002028.SZ,002028,思源电气,10007268,通用,2020-12-31 00:00:00,年报,2020年报,058001001,2021-04-17 00:00:00,2022-04-16 00:00:00,CNY,1.23,1.11,1.23,8.546626914053,0.166419123368,6.190158121623,1.071483398563,7372519863.93,2157461141.3,933328869.23,846586145.25,15.555013572813,67.393952049565,72.818855218452,1.766594785598,-4.751016817853,-5.516829012089,16.15,14.65,9.9780828468,13.4802634678,29.2635514196,,0.339316221105,0.110893804896,10.8605563871,1.917063934822,1.462570520734,0.194465871794,39.4063378103,1.650337615953,0.650337615952,486.355437503178,141.405349478991,113.091141527183,0.740199393777,2.545872566536,3.183273200169,,,,,,,,,,,,,,,,,,,,,,,,,68.493150684932,28.8565914493,79.541438889781,21.367208807296,-2.025321454183,38.9845094664,42.305881813944,-4.424720656047,2020,16.409909164977,45.126210326863,,,,5.879334895877,-31.615576831674,-42.107053769782,7.852764214657,-72.904666517171,-80.756768408822,-0.150105015391,9.662247585166,9.662247585166,1.44768179096,5602.0,1316051.3859211,166606.367231346,38.308475368491,2.615191283869,14.427296066639,0.990211687432,9.397398265975,137.657234566568,254.494015185131,1.261098688987,0.555768080673,404.593948820032,72.7719916436,27.2280083564,244.892840065362,0.4779745815,52.702907161961,661260304.083775,131572145.533831,0.973185595841,0.647827599358,0.733117540232,0.822638260454,1.606667164794,,,,,,,,,4364336752.18,,,,,,,,,0
002028.SZ,002028,思源电气,10007268,通用,2020-09-30 00:00:00,三季报,2020三季报,058001001,2020-10-17 00:00:00,2021-10-23 00:00:00,CNY,1.09,,1.09,7.645419848429,0.154998008632,6.073382430407,-0.177978480461,5067733592.98,1745150438.92,832631761.44,778622444.81,20.56586445973,102.926127443233,109.040970348329,5.007722325446,18.585661192221,22.095369378648,15.21,,9.3986396752,17.2959728549,34.4365071072,,0.258773903042,-0.026796262741,11.9865190528,2.025685069049,1.52360294861,-0.036232638331,38.7111430789,1.631617964889,0.631617964891,496.871125204082,139.091054181019,152.36648846425,0.543400464032,1.941174445688,1.772043201372,,,,,,,,,,,,,,,,,,,,,,,,,101.851851851852,18.3391251541,78.692196991997,24.055169257688,-1228.39592258668,77.0663562282,74.556507871408,3.610760172034,2020,15.406812064389,83.722772041386,,,,19.284815845578,70.426143699929,84.881561259907,3.444918683043,-0.31688421023,-0.292757666475,15.662242252547,6.641914291546,6.641914291546,1.295187435684,,,,25.288365079181,1.767138553093,10.028037942632,0.702719402623,10.676846808981,152.789377792377,291.459426321202,1.47682620076,0.407125218053,,77.4164768587,22.5835231413,248.413530279526,0.4597022253,32.212760775436,-423528349.481109,61662191.9600625,0.887768356246,0.458761399103,-0.136525093862,-0.154927756687,-0.27293113063,,,,,,,,,3796317825.53,,,,,,,,,0
002028.SZ,002028,思源电气,10007268,通用,2020-06-30 00:00:00,中报,2020中报,058001001,2020-07-28 00:00:00,2021-08-14 00:00:00,CNY,0.61,0.56,0.61,7.145003043265,0.11639939971,5.59945452441,-0.425760248896,2930758905.56,1003568153.15,460991722.93,425440079.79,21.517429118653,139.790642636667,134.477278751661,7.751688711679,32.098071310309,35.126454494921,8.73,8.06,5.3989623917,16.6199448316,34.2426035538,,0.205038849142,-0.110581913707,12.0735579731,2.001277205597,1.480320604017,-0.091463501212,39.0162548183,1.639781218783,0.639781218784,554.104632085612,158.194658648285,169.238770585276,0.324848394287,1.137838670016,1.063586076509,,,,,,,,,,,,,,,,,,,,,,,,,144.0,15.8619177191,42.416095366717,21.493211879853,-60.66827719212,111.8932038835,106.994734259586,10.655949695181,2020,8.86958225693,123.410297618915,,,,31.623020195095,116.706868974746,116.715832952001,138.835774939606,322.842577093188,397.354445555017,16.91749899273,3.850179786409,3.850179786409,0.721990422516,,,,15.325686979824,1.063468854405,5.839889855193,0.42101333382,11.744987369047,169.257425127611,327.436590251464,1.435642097538,0.406696045465,-479.935818186578,77.0897601174,22.9102398826,245.820119659096,0.55846902,34.977606057321,-390358591.785561,75971711.5505168,0.898659108688,0.286317667039,-0.586109405111,-0.665356683356,-0.660679854238,,,,,,,,,3588992132.07,,,,,,,,,0
002028.SZ,002028,思源电气,10007268,通用,2020-03-31 00:00:00,一季报,2020一季报,058001001,2020-04-25 00:00:00,2021-04-24 00:00:00,CNY,0.12,,0.12,6.74723862093,0.096787160736,5.216336263926,-0.750321132451,864949666.57,297064572.27,88170272.11,71220710.41,2.687567999536,336.312200533738,295.821275940654,0.354817694913,12.189124416244,10.865670727022,1.73,,1.0468592855,10.5286750455,34.3447236009,,-0.087044794212,-0.659461598074,8.3199497163,2.008882275084,1.438170125863,-0.177332349075,38.1552373847,1.616951796259,0.616951796259,905.165352387504,267.617974301519,262.68617799824,0.099429347094,0.336300281156,0.342614143941,,,,,,,,,,,,,,,,,,,,,,,,,300.0,11.7505301173,17.06618324601,16.369669380538,-151.557050734753,293.1818181818,261.427110097614,11.410729757494,2020,1.678080885144,345.948105706192,,,,2.687567999536,336.312200533738,295.821275940654,-60.265167938069,-40.122677491285,-39.332662413164,16.583547680827,1.137778355316,1.137778355316,0.127518894725,,,,4.571390076331,0.336333057394,1.700227525898,0.130137659934,19.687665785948,267.591894467182,530.315220804542,1.371337655045,0.40127608006,,75.5477896817,24.4522103183,251.799598314072,0.6543481641,31.653419019367,-694888657.858776,-7804822.8781347,1.219376744028,0.123311516853,-5.760820383407,-6.263481351893,-1.131104725939,,,,,,,,,3263467284.38,,,,,,,,,0
002028.SZ,002028,思源电气,10007268,通用,2019-12-31 00:00:00,年报,2019年报,058001001,2020-04-18 00:00:00,2021-04-17 00:00:00,CNY,0.73,0.64,0.73,6.632665677344,0.092691205104,5.100354685961,1.093632981977,6380095191.01,1869849174.23,557564271.47,489869085.28,32.735674240492,89.245598256169,148.034654215967,7.253861011222,19.845241340861,26.67302378597,11.62,10.21,7.01171499,9.0251471431,29.3075435123,0.092570284254,0.441210103878,0.130309959195,8.8539301459,1.899572967451,1.470914762268,0.231189185405,41.2306802353,1.701568103908,0.701568103909,463.374934115039,103.85459932387,144.796094838202,0.776908661854,3.466384756609,2.486254897981,,,,,,,,,,,,,,,,,,,,,,,,,87.179487179487,10.3364005077,13.408828040658,14.46104286878,376.934742002723,75.7942511346,71.356134222921,8.79615294481,2019,11.307336647196,88.702612522461,,,,24.723665932217,168.099811680671,724.074566338374,21.508102883662,-32.47361045401,-38.546594500211,-4.204551416136,8.392551027823,8.392551027823,0.819914813576,5473.0,1165740.03124612,101875.437871369,43.324250027361,2.716615179988,12.261474498072,1.026402411452,8.309434087668,132.517848921683,248.647610832124,1.427432761709,0.542867100135,419.116350793175,77.2303854545,22.7696145455,232.637550325191,0.2821421385,46.397443542837,487765377.024322,30136957.6332172,1.04043943268,0.750479668959,1.324216755798,1.443854123688,1.620122228275,,,,,,,,,3646914071.83,,,,,,,,,0
002028.SZ,002028,思源电气,10007268,通用,2019-09-30 00:00:00,三季报,2019三季报,058001001,2019-10-25 00:00:00,2020-10-17 00:00:00,CNY,0.54,,0.54,6.460601967841,0.086740222148,4.895710889557,-0.013397999605,4203290554.66,1251459787.05,410312743.82,372473608.17,37.303441730372,71.177220248681,103.254794993451,8.807620089306,32.084997613116,40.540468167376,8.59,,5.3842963461,10.0287168764,29.7733352186,0.167418401716,0.353354329099,-0.002423169069,12.479689617,2.043735238504,1.529776255048,-0.003404965987,37.3620876969,1.596477218399,0.596477218401,502.898314388976,118.825388776373,174.356187218163,0.536887860378,2.272241671417,1.548554165515,,,,,,,,,,,,,,,,,,,,,,,,,68.75,8.7268778485,3.507138765714,10.502209212256,97.085676982791,60.5607476636,54.453563184351,7.258136820512,2019,8.385902244561,67.027794876095,,,,36.758016122464,107.575037767511,140.357424320857,14.144726002047,26.752946722088,16.875571184084,-4.163101942828,5.529122906263,5.529122906263,0.624634143917,,,,23.447751717386,1.978377686324,8.046765690453,0.717637370939,11.514963278966,136.475457576396,293.178594729599,1.419079931911,0.346890704856,,75.6723432928,24.3276567072,258.109117189414,0.2326446395,34.689070485598,-185914788.591355,4760920.74928749,1.0047224863,0.522742406571,-0.022250768692,-0.0241623041,-0.019692854201,,,,,,,,,3018414903.9,,,,,,,,,0
002028.SZ,002028,思源电气,10007268,通用,2019-06-30 00:00:00,中报,2019中报,058001001,2019-08-10 00:00:00,2020-07-28 00:00:00,CNY,0.25,0.24,0.25,6.166826152999,0.081731913384,4.608862040743,-0.264993349239,2411801275.6,706364364.98,192247586.42,181441921.39,37.711409023695,42.779064707917,74.839370149658,7.890057067221,9.260559983008,17.932265742431,4.12,3.89,2.608260742,8.1317750166,29.2878344549,0.235469137024,0.343245515957,-0.08352694967,12.9558012603,2.11486667862,1.595249427303,-0.077466152495,35.2590664359,1.544617825151,0.544617825152,561.1860345975,127.288182868522,198.143371186664,0.320749250521,1.414113988774,0.908433115486,,,,,,,,,,,,,,,,,,,,,,,,,38.888888888889,6.2801652469,-3.162817553232,7.376901179507,43.536311594256,35.5263157895,27.001992205643,4.985672175186,2019,3.97008658574,34.402209778497,,,,34.181161563348,20.996041591502,34.405981933646,86.331120828867,751.340689677839,808.394502389429,-7.519210543162,3.172549102867,3.172549102867,0.290159849272,,,,15.908010203075,1.195096123402,4.607144653673,0.434538513526,11.315054346974,150.615499854193,325.440036499729,1.513759606735,0.343545545794,-187.357780555902,73.7286638511,26.2713361489,272.607585655623,0.0013211552,34.354554579376,-222734353.497665,67561200.9387233,1.059134874541,0.34244434758,-0.936542531782,-1.027167494166,-0.387796416258,,,,,,,,,2630108083.51,,,,,,,,,0
002028.SZ,002028,思源电气,10007268,通用,2019-03-31 00:00:00,一季报,2019一季报,058001001,2019-04-27 00:00:00,2020-04-25 00:00:00,CNY,0.03,,0.03,6.037768781808,0.082677301038,4.482556573112,-0.298270762143,842311959.88,248139398.94,20208069.36,17993148.61,44.810436569972,368.041064614973,200.904242482517,5.422665071153,9.417825043752,18.13924380826,0.44,,0.2896460327,2.539562244,29.4593227639,0.651819908752,0.442457524221,-0.269197414652,30.8238063329,2.149271146105,1.604997568167,-0.093193176112,34.2473633085,1.520851558686,0.520851558687,789.103167809259,180.631671677615,266.005241269579,0.11405352769,0.498251492466,0.338339198019,,,,,,,,,,,,,,,,,,,,,,,,,400.0,5.6915357025,-1.849011363207,6.595735655357,35.174456705235,358.8235294118,334.663584840621,21.579288677325,2019,0.376295103325,259.500070615042,,,,44.810436569972,368.041064614973,200.904242482517,-51.738326104019,-63.207311487298,26.305514512745,-7.822678859071,1.108000099215,1.108000099215,0.036150837053,,,,6.501453993279,,1.600957809712,0.155548664373,13.843057275041,,446.650150565129,1.513610334904,0.382375935173,,72.7182520792,27.2817479208,280.511494396436,0.0,38.23759351728,-287897405.240285,-34737194.3035073,1.431583008024,0.167680278402,-7.483189627209,-10.600150293044,-0.432105798642,,,,,,,,,2462831256.76,,,,,,,,,0
002028.SZ,002028,思源电气,10007268,通用,2018-12-31 00:00:00,年报,2018年报,058001001,2019-03-23 00:00:00,2020-04-18 00:00:00,CNY,0.39,0.26,0.39,6.011312356418,0.081731913384,4.455974328146,0.229304532814,4806616779.94,1470530515.88,294624697.54,197500259.32,6.937560283976,18.232397540296,11.169928455631,1.811501143287,-3.263262580488,-12.794326895238,6.61,4.43,4.0918961097,6.1161965661,30.59387888,0.109840883075,0.389935335929,0.036266555507,7.3739530725,1.97067810867,1.597444056968,0.061335257699,37.8971858097,1.610232987084,0.610232987085,538.095470847736,100.404164135538,184.570667054236,0.669026259286,3.58550865992,1.950472443675,,,,,,,,,,,,,,,,,,,,,,,,,18.181818181818,4.7093254541,-18.880490565812,5.714297582038,-64.095189262752,13.5738831615,-2.239199878915,12.880627144942,2018,5.99214631745,-1.068797794038,,,,5.152653267843,-15.322644356269,-67.040443517602,33.232189488439,-47.718005572463,-82.075915378258,-5.556437835446,6.322754659473,6.322754659473,0.398199726559,5153.0,932780.279437221,57175.3730914031,42.876691761704,2.572168144514,9.000396529917,0.848141767707,8.396170161653,139.959745931781,284.972466109777,1.54397756237,0.456646018154,82.819120633871,73.8975272487,26.1024727513,253.566257697431,1.3907834721,45.664601815409,755686041.108104,1041252353.5817,0.993020531402,0.629761818965,0.6331443525,0.592959286298,0.330458088156,,,,,,,,,2872290491.06,,,,,,,,,0
002028.SZ,002028,思源电气,10007268,通用,2018-09-30 00:00:00,三季报,2018三季报,058001001,2018-10-22 00:00:00,2019-10-25 00:00:00,CNY,0.32,,0.32,5.942046801752,0.083801197852,4.430419015563,-0.459729396017,3061314779.65,951048635.67,239700553.16,183254524.54,7.98254883858,30.040000003368,36.315277812735,7.930605394125,27.482819159845,28.302554810566,5.35,,3.4860292214,7.9304520866,31.0666724635,0.170870843974,0.302735297344,-0.114163547108,9.1226463151,2.487991927565,2.00145574864,-0.142753348132,34.8338026414,1.534537905438,0.534537905439,614.22952229968,127.386607654383,217.096143222462,0.439575093996,2.119532068336,1.243688607233,,,,,,,,,,,,,,,,,,,,,,,,,33.333333333333,4.6922619753,-30.054449880487,6.506119116413,-438.105938176878,23.5565819861,12.401117938429,7.03714017131,2018,5.020662729088,11.939792501454,,,,36.020228556735,166.662740925133,169.242060380537,11.993960979732,-26.115370237299,-34.644099497078,-8.927665108589,4.026936860855,4.026936860855,0.338092735521,,,,19.279152703368,,5.718754550354,0.51777945319,14.004764843884,,344.482689570723,1.732167907368,0.503078310302,,85.3256378065,14.6743621935,274.624933670179,1.4765982773,50.30783103017,-312965252.968273,46008850.8405656,1.0054089512,0.43115375496,-1.52280806116,-1.439559130573,-0.65936470435,,,,,,,,,2486677414.35,,,,,,,,,0
002028.SZ,002028,思源电气,10007268,通用,2018-06-30 00:00:00,中报,2018中报,058001001,2018-08-22 00:00:00,2019-08-10 00:00:00,CNY,0.18,0.14,0.18,5.802424317532,0.084401374884,4.292228579998,-0.469316399125,1751344563.75,554635075.65,134646901.36,103776352.68,-6.442203849649,-7.096900179385,-1.085398728817,-2.27380063482,6.396647164375,17.46928069457,3.04,2.34,2.0537163998,7.9965012036,31.6691008229,0.242698476604,0.306621377903,-0.203717012743,6.6300612486,2.564107237475,2.044492768165,-0.157779014213,33.5846460811,1.505675933341,0.505675933341,700.861237116417,148.539339161573,243.192095088377,0.256826873092,1.211800193915,0.74015563678,,,,,,,,,,,,,,,,,,,,,,,,,-5.263157894737,3.1811545351,-28.708000502739,4.485731526095,-154.531349957226,-10.5882352941,-15.522197176628,6.914934226388,2018,2.953884904335,-15.471027474038,,,,-8.004584394285,11.236779613857,27.5284982738,101.091499279217,1985.96471264495,781.97008660031,-6.300461091921,2.303766351211,2.303766351211,0.190913434888,,,,19.388128651898,0.985173170596,3.263073712217,0.303743032818,9.284031648015,182.708995100938,391.716882520477,1.76393549082,0.537079636347,,84.6623534469,15.3376465531,284.329510941729,1.3813242279,53.707963634698,-239727294.662682,108541940.960618,1.075793128216,0.275109037393,-2.699053446231,-2.547576840856,-0.669565728629,,,,,,,,,2300044736.19,,,,,,,,,0
002028.SZ,002028,思源电气,10007268,通用,2018-03-31 00:00:00,一季报,2018一季报,058001001,2018-04-21 00:00:00,2019-04-27 00:00:00,CNY,-0.01,,-0.01,5.712632276253,0.084234812289,4.205193149194,-0.460113015616,581665230.65,185896742.91,-7539169.19,-17831904.95,-3.134051640161,-144.063632641247,-286.577175251103,-0.418696076472,-9.891562512652,-15.417021585344,-0.17,,-0.1234303281,-1.3824748698,31.9594043299,0.622925671842,0.206058743697,-0.601346215673,,3.029716572786,2.483910648506,-0.203410606125,28.1687478855,1.392151703559,0.39215170356,1008.04024619392,197.692080748438,343.173054964958,0.089282149537,0.455253440903,0.262258352449,,,,,,,,,,,,,,,,,,,,,,,,,-150.0,2.8077797319,-28.927998428617,4.093707142666,-1.698807767748,-141.4634146341,-150.555028680509,-4.027812722438,2018,-0.235921590426,-161.350008969612,,,,-3.134051640161,-144.063632641247,-286.577175251103,-64.955267165032,-111.623247261588,-141.25667699594,-9.023795314165,0.765138290761,0.765138290761,-0.028150226992,,,,5.621485451137,0.382848038981,1.087653615814,0.106303230573,16.010003189068,235.080216786657,540.790431231468,2.123510135643,0.722901051519,,83.4914324923,16.5085675077,336.79976887784,0.0,72.290105151852,-220254652.55,-31242166.8099998,1.467261282553,0.136771742292,13.846592889975,,-0.661218306348,,,,,,,,,1757728221.33,,,,,,,,,0
002028.SZ,002028,思源电气,10007268,通用,2017-12-31 00:00:00,年报,2017年报,058001001,2018-03-24 00:00:00,2019-03-23 00:00:00,CNY,0.33,0.23,0.33,5.740952231665,0.100754940401,4.21511037775,0.638645708209,4494788142.89,1456033644.68,249191172.36,177656190.0,2.067740987279,-29.091233649388,-37.511082251175,0.493662923099,-16.278435559985,-16.077685899309,5.82,4.15,4.1856205193,6.169331462,32.3938214303,0.085228008772,0.478870892969,0.108014967526,7.1904900175,2.558073473387,2.201102431187,0.216608274968,33.5727987771,1.505407395751,0.50540739575,530.616503838145,96.330701835457,184.407228768718,0.678456092858,3.737126306989,1.952201127926,,,,,,,,,,,,,,,,,,,,,,,,,-32.65306122449,3.8249919832,-6.078912717896,4.759681538777,185.235322062738,-33.1034482759,-34.10393195871,2.914127749714,2017,6.056882140151,-35.262250928493,,,,1.348239097792,-42.75852898566,-44.054376318628,72.342516352593,64.644488825764,46.419369343461,-8.159078751553,5.912566775119,5.912566775119,0.381337330067,4897.0,917865.661198693,50886.4962956912,54.538320294033,2.75875528816,8.198280341618,0.800957348669,6.600863357344,130.493632960141,280.738715261023,1.851509537265,0.645896370938,,84.444703036,15.555296964,283.978163237577,0.0,64.589637093844,249435495.515187,235574771.617705,1.120345666446,0.74165604609,1.751707878035,1.750837480382,0.898114989859,,,,,,,,,2279535033.44,,,,,,,,,0
002028.SZ,002028,思源电气,10007268,通用,2017-09-30 00:00:00,三季报,2017三季报,058001001,2017-10-21 00:00:00,2018-10-22 00:00:00,CNY,0.24,,0.24,5.675726829892,0.119809191162,4.159778848688,-0.085434737549,2835008816.31,967080622.59,184328324.48,134434325.69,2.493740410554,-22.587106357582,-35.069493986628,-2.375608765227,-15.411821085397,-23.136003565179,4.33,,3.1014186383,7.1489882072,34.1120851909,0.189865979193,0.440230305818,-0.022909375137,10.993247931,2.662422692444,2.097430216853,-0.030739577749,32.543659692,1.482440339091,0.48244033909,622.368999811368,145.982435878645,218.826887901455,0.43382623505,1.849537571934,1.233852030659,,,,,,,,,,,,,,,,,,,,,,,,,-25.0,5.5292635108,26.013555706776,5.903458650605,81.160665294705,-28.665568369,-28.347342247422,4.722306984925,2017,4.485145645614,-27.985999387219,,,,-10.153806682896,-57.922130579809,-68.339962489304,-24.254420868266,-69.179465232931,-69.043693126217,-0.051772797191,3.729247831402,3.729247831402,0.293152370718,,,,31.796382997442,1.748198382867,5.220019601408,0.510113689521,8.491531883413,154.44471442492,364.803782203837,1.855884781007,0.594831856592,,85.10864601,14.89135399,293.484340983487,0.151295815,59.483185659215,-128048332.2038,63683234.2601597,1.127592458894,0.48365256093,-0.364071999876,-0.32045618867,-0.122481990948,,,,,,,,,2150995365.7,,,,,,,,,0
002028.SZ,002028,思源电气,10007268,通用,2017-06-30 00:00:00,中报,2017中报,058001001,2017-08-22 00:00:00,2018-08-22 00:00:00,CNY,0.19,0.14,0.19,5.623531102821,0.11838828407,4.107956672463,-0.184384516565,1871938668.73,632688432.89,144932625.09,104915099.84,10.4961360845,0.309859079532,-7.811739362038,6.420315476501,10.078228837282,7.951416143768,3.4,2.46,2.4310722239,8.3722614607,33.7985663451,0.214656161931,0.412587580273,-0.074880028546,10.7810324298,2.743870007862,2.233356118842,-0.070714397928,31.4124928609,1.45799146479,0.457991464789,619.893990849665,133.490134994376,224.96353645028,0.290372229215,1.348414248046,0.800129669191,,,,,,,,,,,,,,,,,,,,,,,,,0.0,7.2309444064,53.312869794545,7.783122680762,60.935633433859,-7.1038251366,-6.89969045951,-0.46602393131,2017,3.494523612514,-8.191211542293,,,,27.777879047216,33.695983882277,27.022134974843,111.737929075382,647.077149849354,897.738184687592,0.687129298913,2.462399122259,2.462399122259,0.22677058509,,,,25.292758077072,1.185773482457,3.4183774796,0.342569289658,7.116661593469,151.799650323625,358.463424050635,1.963554042066,0.593689991645,,84.5453157146,15.4546842854,303.580226503145,0.2720284315,59.368999164505,-152254604.735087,138312026.636598,1.057976447526,0.307853335954,-1.073792263393,-0.894382346957,-0.259921011596,,,,,,,,,2020813125.83,,,,,,,,,0
002028.SZ,002028,思源电气,10007268,通用,2017-03-31 00:00:00,一季报,2017一季报,058001001,2017-04-22 00:00:00,2018-04-21 00:00:00,CNY,0.02,,0.02,5.556614772878,0.118520388376,4.039814955798,-0.452427148081,600484732.25,210946746.11,17109731.4,9557388.21,-14.102501056921,-64.99487875834,-75.325293105603,-2.238704994352,-9.039783303276,-10.262441956844,0.41,,0.2441504462,2.5659948426,35.1294104214,0.635352514144,0.353260428413,-0.572769462616,22.344768209,2.915885497318,2.325360170267,-0.19438106803,29.3509491495,1.415447182887,0.415447182887,945.890287679324,216.14289621673,332.560956189291,0.095148455558,0.416391200337,0.27062707851,,,,,,,,,,,,,,,,,,,,,,,,,-75.0,-12.4098701495,-57.016181289379,-12.93783630226,30.636968812532,-65.2542372881,-70.978049470952,1.308109290272,2017,0.38455021342,-69.429801171767,,,,-14.102501056921,-64.99487875834,-75.325293105603,-63.333637644442,-84.900659992479,-87.629084198255,0.888044769419,0.789893975867,0.789893975867,0.027915048188,,,,7.795681658942,0.410507041649,1.087133660078,0.112774715371,11.544853155563,219.241062561245,548.732563563518,2.059615018493,0.654855608909,,83.7313420518,16.2686579482,324.351856370408,0.405723099,65.485560890931,-247820417.945622,41254381.7445613,1.358910390648,0.132428821546,-27.953595956818,-22.321536002807,-0.62674164139,,,,,,,,,1808557931.81,,,,,,,,,0
002028.SZ,002028,思源电气,10007268,通用,2016-12-31 00:00:00,年报,2016年报,058001001,2017-03-25 00:00:00,2018-03-24 00:00:00,CNY,0.49,0.4,0.46,5.529451167782,0.107276164828,4.023599839018,0.223901339985,4403730404.35,1553269004.78,351425056.71,284300315.0,10.164295588846,-8.031789274501,3.320722146311,2.107756918538,-8.385566735167,-7.276291670892,8.7,7.04,6.3518517018,9.1251673259,35.2716642973,0.075545482251,0.372078706049,0.038591310095,15.340148566,2.658436801256,2.258385189438,0.082294906141,32.6221477179,1.484167224288,0.484167224287,517.181507308665,110.089714519461,172.140375584846,0.696080573092,3.270060255596,2.091316454823,,,,,,,,,,,,,,,,,,,,,,,,,-3.921568627451,-11.7069354237,-59.926032571964,-11.885815242558,-73.783411715794,-14.7058823529,-13.836992225622,-2.862638121999,2016,9.356028325083,-12.963653970565,,,,5.876918394188,-22.110356014057,-22.406924000631,52.783306141415,21.029197517111,-17.140208283175,4.751627819687,5.801859004857,5.801859004857,0.61769375137,4989.0,882687.994457807,70439.9792964522,72.820449223951,2.608801694759,7.576050991312,0.821751121648,4.943666289298,137.99439057527,282.230106526635,1.980290801165,0.694246018625,,84.979901585,15.020098415,292.220479820938,0.0,69.409653303246,396895383.468012,183748751.515439,0.959883168335,0.654322254889,0.396247728485,0.422910711846,0.30569176073,,,,,,,,,2107462997.67,,,,,,,,,0
002028.SZ,002028,思源电气,10007268,通用,2016-09-30 00:00:00,三季报,2016三季报,058001001,2016-10-22 00:00:00,2017-10-21 00:00:00,CNY,0.32,,0.31,5.378344016694,0.095076430857,3.92789706936,-0.453491266467,2766031179.03,944039667.94,238110624.48,207043397.54,12.870419078251,0.623565639312,17.908846852686,3.252283308196,-0.529246764239,9.193505821313,6.07,,4.3284069783,9.6436066037,34.1297551198,0.147000903856,0.26864825377,-0.124093513642,11.9008922509,2.750450709854,2.143129713706,-0.184030511403,31.076148558,1.450876553005,0.450876553005,601.554751214367,151.892853064371,197.219157795638,0.448836950344,1.777568822712,1.369035356493,,,,,,,,,,,,,,,,,,,,,,,,,0.0,-11.07730736,-66.403675101473,-10.35491566512,-8985.89571846054,-5.8914728682,-5.125526946,-0.529984088081,2016,6.228157868538,-3.958227137915,,,,14.512619282138,-2.133394065835,38.287898811517,7.72420167537,-2.07247238892,24.198721770811,0.30685574337,3.654431671379,3.654431671379,0.391037419705,,,,38.917667386814,1.667679025782,4.646953683434,0.534082810193,6.93772309929,161.901658428182,349.114440297207,1.786772368871,0.451706581294,,83.6516320096,16.3483679904,305.615599134851,0.1222969132,45.161758951128,-184771136.03639,135073104.28944,0.986189664061,0.444807139882,-1.229727115799,-1.286795684877,-0.587882646713,,,,,,,,,1905780842.08,,,,,,,,,0
002028.SZ,002028,思源电气,10007268,通用,2016-06-30 00:00:00,中报,2016中报,058001001,2016-08-20 00:00:00,2017-08-22 00:00:00,CNY,0.19,0.15,0.19,5.244317425301,0.077220056104,3.811317180548,-0.472001808228,1694121382.94,568681164.68,144484925.43,113805270.99,11.855471291141,2.494545798541,5.206772314156,2.03713586795,2.046013990505,-0.809894589724,3.66,2.88,2.6112396789,9.3939105936,33.5679113909,0.224638607329,0.241119383524,-0.210486701739,13.4788752745,2.692749729728,2.09491722108,-0.192560137383,31.5595680004,1.461124617106,0.461124617107,647.548335175568,161.882130442383,211.511717618944,0.277971527718,1.111920132927,0.851016681375,,,,,,,,,,,,,,,,,,,,,,,,,0.0,-10.3118066471,-66.104644179895,-10.015353852596,-130.108027358661,-6.1538461538,-9.612871629938,10.103694141698,2016,3.806306205777,-5.661882406795,,,,9.147281101662,8.798719478952,-2.963524264277,42.338867060406,95.604426161205,93.815804382359,-0.186377711615,2.24243053993,2.24243053993,0.24000117007,,,,26.578347384429,1.015367974036,2.829795997522,0.33170710895,6.772430106225,177.275632679762,373.400925296037,1.681952336221,0.387007904619,,83.1579565225,16.8420434775,300.615429883917,0.1250737817,38.69199678929,-243925260.042023,222098432.055831,0.972782843618,0.274830826882,-2.173714724034,-2.240671759029,-0.603629056719,,,,,,,,,1892457050.65,,,,,,,,,0
002028.SZ,002028,思源电气,10007268,通用,2016-03-31 00:00:00,一季报,2016一季报,058001001,2016-04-30 00:00:00,2017-04-22 00:00:00,CNY,0.08,,0.08,6.343882332817,0.27573257084,4.64014996207,-0.652259770566,699071264.75,243417953.33,48877795.0,38733543.02,15.950552962266,-7.939578853189,25.723520496766,2.405716840649,-1.103166660305,2.880124014716,1.18,,0.8412613272,7.2368419475,34.8201915318,0.490273681028,-0.012597185658,-0.584974576485,12.0885911001,2.941933762,2.335576995478,-0.247873796448,28.9719641943,1.40789476811,0.40789476811,774.213379638045,189.379774826936,250.229930434647,0.11624702229,0.47523554235,0.359669204414,,,,,,,,,,,,,,,,,,,,,,,,,-11.111111111111,8.7446521601,19.721851348472,10.025238583101,-52.235507196288,-20.2702702703,-23.570597649487,5.877813608709,2016,1.257925130224,-16.644386391108,,,,15.950552962266,-7.939578853189,25.723520496766,-54.805186382625,-66.402566941866,-61.097920469947,-2.787605021352,1.115022424539,1.115022424539,0.094007308985,,,,10.263687217385,0.449140753233,1.164733391656,0.138682723744,8.768778519239,200.382618037136,439.60244648318,1.695589768119,0.31940089966,,83.1854666647,16.8145333353,328.128644120005,0.1285428742,31.940089965964,-608996312.201131,18040898.2742168,0.94797835412,0.113581242363,-7.84335633025,-8.083285233155,-0.688686516204,,,,,,,,,1690406666.64,,,,,,,,,0
002028.SZ,002028,思源电气,10007268,通用,2015-12-31 00:00:00,年报,2015年报,058001001,2016-03-26 00:00:00,2017-03-25 00:00:00,CNY,0.51,0.44,0.5,6.262610992516,0.267695393576,4.566347461642,0.854044536832,3997420744.0,1345999918.78,382115791.9,275162919.01,8.882835401961,-16.255652728329,-7.413892345721,3.125011422208,3.329932262944,-0.501188220441,10.2,7.35,7.3719010813,10.721295925,33.6717099595,0.087481405505,0.481889616096,0.133826735245,11.6103266952,2.560788336182,2.111511486436,0.262034542363,33.5835224338,1.505650460013,0.505650460013,523.564612494351,111.857671905081,171.28087463875,0.687594217426,3.218375582727,2.101810845836,,,,,,,,,,,,,,,,,,,,,,,,,-31.081081081081,9.041778694,21.169886705494,10.406946758237,3383.19009508621,-22.433460076,-23.614307840464,9.483354219273,2015,10.749564695557,-21.955082200115,,,,8.496718140127,9.247172011049,-1.372949324782,65.244860109176,52.070495816786,47.674342651049,-9.61790525659,6.381718385859,6.381718385859,0.766069392773,4966.0,804957.862263391,76946.393858236,100.393405387565,2.464244133201,6.678307463134,0.827647086343,3.585892904123,146.089421559206,283.13858175894,1.676441006751,0.562818559031,47143.4132481578,84.4222725541,15.5777274459,283.886497755358,0.0,56.281855903057,386737744.765286,46426305.7933321,1.055872474033,0.681570030966,1.238724399049,1.248232827278,0.881899689054,,,,,,,,,2079730637.09,,,,,,,,,0
002028.SZ,002028,思源电气,10007268,通用,2015-09-30 00:00:00,三季报,2015三季报,058001001,2015-10-24 00:00:00,2016-10-22 00:00:00,CNY,0.32,,0.31,6.04833688344,0.282996521626,4.381608984478,-0.004991156409,2450625417.73,833833787.11,236635049.62,175596151.66,9.127964342156,-26.766004436625,-10.521504280974,-1.230255056404,-19.617496288183,-9.739782449274,6.45,,4.5622461332,10.432598067,34.0253463902,0.176192807989,0.400494736604,-0.001274918026,13.1157911996,2.709034616892,2.090618606849,-0.001772747559,31.2417247279,1.45437039548,0.454370395479,617.415500135073,151.997899632377,209.388275224448,0.437306805451,1.776340335314,1.289470481146,,,,,,,,,,,,,,,,,,,,,,,,,-38.461538461539,9.9201543799,56.977268987031,10.28583217836,99.321021384774,-35.628742515,-34.320083368747,11.271441040512,2015,6.484842670992,-33.178319964093,,,,-4.905009217762,-48.54347136329,-30.680917316602,2.676925874385,8.866446364682,-12.849885238712,-10.364086669572,3.914884178604,3.914884178604,0.462420403,,,,53.979083581434,1.624266108947,4.112217222908,0.53238681907,5.001937455879,166.228919333322,361.384833092877,1.668292035895,0.413788653665,,82.7001462477,17.2998537523,304.654862758176,0.0,34.428807939748,-154877885.024298,-20774437.9304254,1.091190127036,0.46318745151,-0.01237320211,-0.012220522805,-0.005195630278,,,,,,,,,1803663754.05,,,,,,,,,0
002028.SZ,002028,思源电气,10007268,通用,2015-06-30 00:00:00,中报,2015中报,058001001,2015-08-22 00:00:00,2016-08-20 00:00:00,CNY,0.19,0.17,0.18,5.847277360877,0.227818986512,4.235519439955,-0.205121835012,1514562822.35,509356433.03,140968404.03,108172951.69,20.079597530051,2.743317120513,9.288814905304,1.866394079423,-8.120065460135,-8.80336847273,3.9,2.99,2.8889508119,10.3089463141,33.6305913174,0.241317431424,0.355948955682,-0.084643018882,12.7892519537,2.908977136693,2.306406723367,-0.085361562862,28.6634960311,1.40180685114,0.40180685114,642.312887049743,146.423214405368,223.480379762695,0.280237254505,1.229313266554,0.805439834097,,,,,,,,,,,,,,,,,,,,,,,,,-13.636363636364,9.8850538604,-19.669511095979,14.878608761906,75.130457225216,-6.9212410501,-6.476830059058,4.970779854049,2015,4.034748946539,-3.033320679859,,,,8.562747271855,-31.632293283754,-27.656805028316,51.211007522065,65.511376759029,151.113873109184,-12.647265195811,2.423375698568,2.423375698568,0.282330180932,,,,37.338916942841,1.085046432511,2.542912084034,0.344201729596,4.820707581732,165.891518193785,369.91622742696,1.87012874185,0.426311838403,,81.2850977495,18.7149022505,330.857733129219,0.1860606551,29.291860261741,-205482628.634525,77722920.8996145,1.090527748461,0.307311320276,-0.778262330758,-0.821063727588,-0.213423919795,,,,,,,,,1540545797.74,,,,,,,,,0
002028.SZ,002028,思源电气,10007268,通用,2015-03-31 00:00:00,一季报,2015一季报,058001001,2015-04-30 00:00:00,2016-04-30 00:00:00,CNY,0.09,,0.08,5.833741896085,0.230310981441,4.217350511415,-0.42845442734,602904640.72,215952452.05,53093169.02,30808509.71,43.022016046485,512.293113385649,486.949596588295,4.939876017344,9.735501022773,13.045364601096,1.48,,1.1007037885,9.7780089982,35.8186747065,0.588656459513,0.1910779727,-0.441722550604,14.2162593937,3.0436074391,2.426111783083,-0.189510705326,27.3635837451,1.376719903816,0.376719903817,799.507387055512,185.860628344737,278.067061716322,0.112569316378,0.484233808965,0.323662930246,,,,,,,,,,,,,,,,,,,,,,,,,800.0,-20.8195794264,-71.152631225246,-16.940607114034,57.467770276253,448.1481481481,515.561977056014,4.001943619515,2015,1.509106676518,967.873731338302,,,,43.022016046485,512.293113385649,486.949596588295,-57.710516861134,-60.130265507059,-69.482262714075,-4.919071722234,0.969962766796,0.969962766796,0.107984888341,,,,15.130219170032,0.425857450547,1.024339363607,0.13845821851,5.948360627734,211.338324325189,463.908823742209,2.028173829893,0.493359794878,,81.0501281934,18.9498718066,346.388103027194,0.0,40.245270317667,-190810140.078539,-42910206.517115,1.185438069039,0.13543412803,-4.437319234639,-4.517510166813,-0.453981934602,,,,,,,,,1444017166.4,,,,,,,,,0
002028.SZ,002028,思源电气,10007268,通用,2014-12-31 00:00:00,年报,2014年报,058001001,2015-03-21 00:00:00,2016-03-26 00:00:00,CNY,0.74,0.48,0.72,5.743313313047,0.220925677868,4.135924048005,-0.02601264356,3671304783.02,1367738933.0,456288459.28,297196767.4,8.439745506263,31.591674670729,6.028867123859,4.847432228173,-3.154601369338,-9.380749840528,13.15,8.57,9.6508925597,13.7252058225,37.2548457248,0.083550219646,0.387290184726,-0.004399855026,10.4033187596,2.721681281885,2.273084881625,-0.009920331766,30.6745465311,1.442471631936,0.442471631937,511.981048956576,108.241672353764,164.440890057949,0.703151026261,3.325890963911,2.189236508469,,,,,,,,,,,,,,,,,,,,,,,,,32.142857142857,-21.4262810869,-63.309063875055,-18.226658998415,-103.508065651987,15.0481189851,11.248552851884,-2.1483323311,2014,13.773561429227,15.758684910848,,,,13.514835425947,-10.040528464314,-23.356927699501,44.833490987251,-28.373250503878,3.791504443889,-7.21800192533,5.912159243497,5.912159243497,0.895551970927,4631.0,792767.174048802,98529.1425782768,125.222743849962,2.590959368682,7.175160982498,0.872566491384,2.874877110434,138.944672136302,272.685010650674,1.832489823197,0.480821102406,-16.072844577114,81.5465987638,18.4534012362,309.487512862837,0.0,41.605274357901,-430674832.485381,100159059.513058,0.897424753057,0.606253779598,-0.031478229861,-0.032056750787,-0.027353549965,,,,,,,,,1667025243.46,,,,,,,,,0
002028.SZ,002028,思源电气,10007268,通用,2014-09-30 00:00:00,三季报,2014三季报,058001001,2014-10-25 00:00:00,2015-10-24 00:00:00,CNY,0.52,,0.51,5.502482158583,0.180278662925,3.972957267432,-0.735097733135,2245643848.03,852435223.33,323121861.37,196243969.29,5.446792745125,62.604737217672,32.079777626358,3.641160709727,24.889018029853,12.957907378605,10.02,,6.9461813705,15.4622758989,37.9595020857,0.152414756534,0.257997083686,-0.202603977701,11.6716191272,2.952579470234,2.288090098929,-0.332373547808,28.0770379495,1.390376552203,0.390376552204,601.022960679102,151.586835250262,193.86190264457,0.449234085325,1.781157311941,1.392743991041,,,,,,,,,,,,,,,,,,,,,,,,,62.5,-20.6003371952,-74.861953361492,-16.717785088011,-75.576276363591,49.1071428571,34.669515939167,-3.883846053892,2014,9.704698635992,39.186215139673,,,,14.282442487874,102.035657934214,63.078653352489,17.218468214351,44.645382685036,-9.047876862767,-5.409514556116,3.628249264786,3.628249264786,0.628158775421,,,,38.048731639878,1.836201109537,4.786052701693,0.559664727583,7.096162956376,147.042716942961,345.451228471786,1.950576994726,0.459309822091,,80.9996260393,19.0003739607,337.727112933179,0.4008196638,34.663354834618,-679372994.625289,26885010.6071966,0.913348564956,0.411051705185,-1.270228843424,-1.31031148988,-0.89985870522,,,,,,,,,1400981063.9,,,,,,,,,0
002028.SZ,002028,思源电气,10007268,通用,2014-06-30 00:00:00,中报,2014中报,058001001,2014-08-23 00:00:00,2015-08-22 00:00:00,CNY,0.22,0.16,0.22,5.321267229214,0.28360214113,3.686952240807,-0.82479133963,1261299049.55,485597079.01,137204450.84,98978977.66,-0.553568061202,28.596141983911,11.291261874735,2.868403116677,14.134769572164,15.492291364961,4.19,3.02,3.0890214839,11.9493087729,38.4997577841,0.265371756412,0.159906663382,-0.403155681844,8.1068838161,2.959841579092,2.2529531436,-0.406427770332,27.3061666027,1.375632503151,0.375632503152,696.296736779114,178.584683763928,222.094271695079,0.258510474762,1.007925182643,0.810466648357,,,,,,,,,,,,,,,,,,,,,,,,,29.411764705882,-20.9677483863,-61.112398518487,-19.166732263656,-36.207253038996,14.7945205479,7.921108925942,-0.086390533481,2014,4.160964338294,8.944898179251,,,,12.636162345756,57.10652728298,57.279256574751,99.207404820647,1382.30035851779,1443.15897902154,-4.106944141075,2.045838312036,2.045838312036,0.255768109673,,,,24.87252699298,1.06364123755,2.728309725293,0.328187603262,7.236900378108,169.229993766144,400.674278382762,2.007742164971,0.497439400398,-779.310158360153,77.9565671273,22.0434328727,346.550097758947,0.6104846646,49.521096361697,-358529120.975944,122078889.878258,0.916459977792,0.243337103008,-3.359479259774,-3.373882870605,-1.033960661486,,,,,,,,,1297131406.29,,,,,,,,,0
002028.SZ,002028,思源电气,10007268,通用,2014-03-31 00:00:00,一季报,2014一季报,058001001,2014-04-26 00:00:00,2015-04-30 00:00:00,CNY,0.01,,0.01,7.367657122589,0.798377776633,5.077511844091,-1.007364133324,421546736.22,158804143.92,8671201.4,-7961892.19,-19.363780830778,-65.149675320036,-138.017652073621,-2.990017860828,-4.674914043469,-10.312065802897,0.27,,0.1788128295,2.0504170801,37.671776407,0.858476880654,-0.046114525745,-1.050696931286,-24.4699209893,3.076297786307,2.378527957289,-0.37559299497,26.310646506,1.357048138686,0.357048138687,1032.01508400842,253.074222331217,307.953851248383,0.087208027668,0.355626895426,0.292251581317,,,,,,,,,,,,,,,,,,,,,,,,,-83.333333333333,11.2893323726,13.662529496553,13.461207897847,-20.724621731499,-68.6046511628,-75.146686740054,1.986751216799,2014,0.141318831265,-84.979427514414,,,,-19.363780830778,-65.149675320036,-138.017652073621,-66.435351343415,-94.142249574847,-106.044645519404,-11.711960782096,0.958758042713,0.958758042713,0.007242875205,,,,7.30226453472,0.382928413127,0.906003377941,0.110773245704,12.324943799567,235.030875001044,560.996202877993,2.220476486475,0.790432319848,,77.8525939891,22.1474060109,359.476125700543,0.4292091769,72.781500374999,-246524217.943076,-29768960.3446943,1.163758184084,0.105280389421,-165.459727465683,-51.24308324831,-0.889821601627,,,,,,,,,1226005776.32,,,,,,,,,0
002028.SZ,002028,思源电气,10007268,通用,2013-12-31 00:00:00,年报,2013年报,058001001,2014-03-22 00:00:00,2015-03-21 00:00:00,CNY,0.56,0.64,0.55,7.309458420055,0.602126032205,5.057790225209,0.741509599322,3385571190.6,1359411685.6,346745689.21,280297974.94,17.077522041594,39.649735226747,49.012352257713,2.502015855454,14.488895702904,14.225673746552,11.43,9.24,8.6750724502,11.9889028923,40.1530970424,0.098909115646,0.458500873894,0.096298946995,13.4635476884,2.622642915877,2.191521504906,0.214661315347,31.3480058765,1.4566219274,0.456621927399,497.518039878513,122.513088624685,137.618439729649,0.723591852243,2.938461547589,2.615928510069,,,,,,,,,,,,,,,,,,,,,,,,,0.0,12.2119637828,10.483919090441,14.468004424619,137.753993956702,26.7184035477,22.29108852364,3.506895574372,2013,11.898512357699,25.722778392428,,,,7.043461070368,42.133981877332,36.05868559727,45.812880245652,60.863077707138,120.844210260449,0.794594286167,7.700080036845,7.700080036845,1.025898642399,4259.0,794921.622587462,81414.8131509744,135.128010993128,2.750446537967,8.199904182093,0.902785886828,2.66414044989,130.887837676749,260.131425051899,1.89484652268,0.747574834778,194.777162141629,79.539875805,20.460124195,303.730297332623,0.4005711112,68.678231997468,-129278516.172938,2890995.79316756,0.984020986846,0.665246125661,0.788330384509,0.803234022828,0.753291805859,,,,,,,,,1569870675.13,,,,,,,,,0
002028.SZ,002028,思源电气,10007268,通用,2013-09-30 00:00:00,三季报,2013三季报,058001001,2013-10-26 00:00:00,2014-10-25 00:00:00,CNY,0.32,,0.32,6.930107716089,0.717154620315,4.77047503075,-0.41867714042,2129646421.26,854634769.98,198716142.53,148579875.6,23.928355338645,37.854860533379,62.748636521222,4.085556831169,7.539952389045,10.654268383104,6.72,,5.1579463415,10.7855470221,40.1303597371,0.182075832786,0.353451352725,-0.086438745541,13.0825162441,2.870604119899,2.22793431063,-0.142656973858,29.2115703727,1.41266024019,0.412660240191,564.584720966263,164.494569702561,162.65266127457,0.4782276069,1.641391569875,1.659978987643,,,,,,,,,,,,,,,,,,,,,,,,,-3.030303030303,10.7045961037,12.586511399042,12.944819103675,54.491615171739,26.0787992495,25.196099639351,6.775826389092,2013,6.972456738085,30.952244969755,,,,17.718997553459,29.997892447223,65.602188486655,15.529893553976,12.478826725544,-12.282312756166,3.182313037417,4.843628141512,4.843628141512,0.578324223208,,,,18.017416105228,1.881764775902,5.576947176546,0.589829385122,14.985500608029,143.482332891782,327.144327278653,1.955429368448,0.659289258119,,81.2931948813,18.7068051187,324.93432611964,0.3094404242,65.9289258119,-376863479.237648,-105403973.150336,0.99999360276,0.467371968913,-0.800110026928,-0.801431261334,-0.496482648304,,,,,,,,,1331057968.11,,,,,,,,,0
002028.SZ,002028,思源电气,10007268,通用,2013-06-30 00:00:00,中报,2013中报,058001001,2013-08-10 00:00:00,2014-08-23 00:00:00,CNY,0.17,0.2,0.17,6.73303255388,0.729286791485,4.561181731305,-0.60554142399,1268320064.34,509213256.71,106694064.63,88936881.47,28.532532962653,45.436145269198,60.889442114632,4.20063027839,4.737434913039,6.085179146849,3.65,3.04,2.8622959073,9.7605927447,40.1486400024,0.212679812221,0.308697834157,-0.209918979275,11.4472463734,3.04584001727,2.296981760796,-0.235466257084,27.3297769428,1.376079442075,0.376079442075,613.810294585003,186.260552684629,165.705396711998,0.293250213605,0.966388198712,1.086265164392,,,,,,,,,,,,,,,,,,,,,,,,,0.0,10.564537345,16.463097834204,12.269040700081,37.065083193192,32.2463768116,30.972823048972,10.05309037148,2013,3.819329227742,42.55429428048,,,,20.712473847967,18.441780890268,23.013796749403,42.612564390648,228.812874047712,224.669329294115,0.043394564954,2.884643523335,2.884643523335,0.306584098367,,,,12.388856646525,1.122995907222,3.298682007561,0.36440847883,14.529185794597,160.285535185318,351.958360995736,2.009857351356,0.726656587674,-306.882793458102,80.086918613,19.913081387,346.161482995238,0.7747274483,72.66565876737,-321326309.63278,-20775060.1660978,1.034173894759,0.305017699554,-2.140355716364,-2.150678598777,-0.708040050096,,,,,,,,,1175258712.91,,,,,,,,,0
002028.SZ,002028,思源电气,10007268,通用,2013-03-31 00:00:00,一季报,2013一季报,058001001,2013-04-27 00:00:00,2014-04-26 00:00:00,CNY,0.06,,0.06,6.6202725504,0.70241070665,4.475108222594,-0.834431385144,522775919.51,223064162.77,24881264.32,20942619.43,41.6161710677,480.364930272475,458113.877067886,5.312591440037,8.294144991896,11.131111185888,0.86,,0.7194728028,5.8538682575,42.6691732433,0.446915805933,-0.036525459795,-0.701797419751,1.1377613434,3.209354758004,2.43620561224,-0.356282704581,25.7981023928,1.347674429155,0.347674429154,732.269713453492,228.283443667583,196.790278129578,0.122905533776,0.394246724835,0.457339665635,,,,,,,,,,,,,,,,,,,,,,,,,500.0,9.4085407851,8.971892777816,11.720649320552,-2.751596153698,437.5,531.764979931457,12.484869814961,2013,0.940835187215,2035.97088068584,,,,41.6161710677,480.364930272475,458113.877067886,-55.443395054624,-76.109680457315,-78.367245755236,8.896139085107,1.188991811113,1.188991811113,0.066890488401,,,,10.410371116952,0.487797838836,1.342778675957,0.153265097423,8.645224938566,184.502662444674,425.117849757411,2.049539132822,0.675584040739,,79.4976445524,20.5023554476,365.575115870326,0.7216476279,67.5584040739,-450689956.542527,-44547153.6852329,0.928870150934,0.116808518403,-13.132519521476,-11.988609734304,-0.951232086783,,,,,,,,,1072466730.14,,,,,,,,,0
002028.SZ,002028,思源电气,10007268,通用,2012-12-31 00:00:00,年报,2012年报,058001001,2013-03-23 00:00:00,2014-03-22 00:00:00,CNY,0.56,0.43,0.56,6.513974244496,0.544989747976,4.418518738605,0.31188102752,2891734580.27,1151967524.1,248296703.64,188103852.26,46.799391016408,61.423902142089,67.90187201994,17.337410298631,21.651360340096,35.117237677878,9.02,6.83,7.0937895434,9.9863413389,39.8365580285,0.083198279355,0.417880534789,0.047420621213,15.4242121507,2.762520029808,2.193620861515,0.107710272899,30.2859106174,1.434430269198,0.434430269198,506.792999708569,140.253086902985,114.801441429514,0.710349196234,2.566788424764,3.135849128001,,,,,,,,,,,,,,,,,,,,,,,,,60.0,7.5637777723,-17.33649332688,10.577070058569,242.464818131757,59.9290780142,65.465815132982,18.52185300812,2012,9.464086388991,84.582999469292,,,,57.274433728163,73.706195424256,102.018643757682,60.35492426405,47.127807145724,168.797867428988,8.643096464836,6.576907251342,6.576907251342,0.753194509939,4250.0,680408.136534118,58422.7537976471,69.494697421626,2.755684764633,7.329644513421,0.88836816998,5.18025134804,130.639035574864,255.055694420503,1.897856813486,0.866115724055,613.581744750825,80.8545656159,19.1454343841,312.556664243567,0.6908195795,86.611572405536,-100458417.637054,45164044.2391324,0.9275559294,0.616636326757,0.498034477247,0.474854800212,0.348965130867,,,,,,,,,1317376963.43,,,,,,,,,0
002028.SZ,002028,思源电气,10007268,通用,2012-09-30 00:00:00,三季报,2012三季报,058001001,2012-10-25 00:00:00,2013-10-26 00:00:00,CNY,0.33,,0.33,6.26,0.636980941503,4.223721874636,-0.92,1718449676.38,668351015.53,144148811.12,91294083.18,40.414179292317,53.578177083609,42.400450270394,12.946365768807,25.227208828876,18.383214893765,5.33,3.37,4.1198937957,9.3266349177,38.8926731295,0.149894961494,0.181159503743,-0.236307092341,15.3015048381,3.034471648317,2.14110213549,-0.385168228888,27.3578499559,1.376611236579,0.376611236579,611.227267660468,202.249551562408,139.130843521335,0.441734219472,1.334984418577,1.94061929883,,,,,,,,,,,,,,,,,,,,,,,,,57.142857142857,6.1016949153,0.228776312209,8.415318793126,10.679611650485,53.1609195402,53.379947276212,28.407438974526,2012,5.324427038037,74.688915307011,,,,62.887449683031,138.581704464274,150.150061630347,18.467703124635,2.480065630524,-34.840923006218,12.915095506448,3.908409926265,3.908409926265,0.413177027861,,,,17.433732085339,1.783747549113,4.320871211265,0.555015458645,15.487217463153,151.36671113256,341.379418157479,1.842507713308,0.636263624065,,80.2106215968,19.7893784032,347.98631435956,0.3986417711,63.626362406545,-554480511.86698,-23962013.2626313,0.895208703819,0.385697473465,-3.006158600318,-2.533680093913,-1.016928094474,,,,,,,,,1091179715.38,,,,,,,,,1
002028.SZ,002028,思源电气,10007268,通用,2012-06-30 00:00:00,中报,2012中报,058001001,2012-08-18 00:00:00,2013-08-10 00:00:00,CNY,0.17,0.13,0.17,6.09,0.626195597616,4.062724418827,-0.962170850005,986769680.1,396002762.84,73361449.75,55278258.35,27.382679031908,14.287712084553,11.194499633907,7.624626176905,19.905192862463,19.004051211981,2.76,2.06,2.1854120883,8.345586865,40.1312252318,0.271572377217,0.090608868253,-0.428719373793,14.4927874574,3.309299455927,2.338480049397,-0.47289150938,24.833266245,1.330375752736,0.330375752735,687.378661313349,228.488304479546,151.570405396071,0.261864398956,0.787786492661,1.187566923303,,,,,,,,,,,,,,,,,,,,,,,,,13.333333333333,3.5660792404,-8.294802087332,6.120943484996,-11.88033139593,15.4811715481,19.336175152397,13.727677743696,2012,2.679210224441,31.785875528026,,,,33.384073823488,64.395928507676,51.458380676047,67.308685435325,1511.18364892024,1209260.2187074,10.855130215187,2.244290575191,2.244290575191,0.20358808438,3992.0,247186.793612224,18377.1166708417,16.312759986556,1.090561818745,2.48731246877,0.331481570326,11.034306895237,165.052541640547,380.050570800532,1.858073853119,0.592508740332,,79.0608952813,20.9391047187,381.485518286358,0.0667633744,59.250874033197,-580168718.87108,58330622.5708778,0.921424743521,0.24281411958,-5.393167925431,-5.137078802592,-1.064681249925,,,,,,,,,929898558.83,,,,,,,,,0
002028.SZ,002028,思源电气,10007268,通用,2012-03-31 00:00:00,一季报,2012一季报,058001001,2012-04-21 00:00:00,2013-04-27 00:00:00,CNY,0.01,0.0,0.01,6.05,0.644579706514,4.005623176924,-0.81208605645,369149875.73,144645348.61,4287175.71,4570.49,18.464905890231,-80.664990217292,-99.965424359221,2.920962200011,-11.628102737858,-11.795060914162,0.16,,0.1138829827,1.1494947551,39.1833664644,0.613651588943,-0.195093434577,-0.967243986183,39.9208530122,3.584750198607,2.615775924953,-0.445507307988,22.9347310756,1.297601389001,0.297601389,908.428331361565,282.205565227534,186.830860170702,0.099072207342,0.318916460515,0.481719133112,,,,,,,,,,,,,,,,,,,,,,,,,-80.0,-11.5355988742,-12.628108865916,-15.406750756301,-62.41721129,-78.3783783784,-80.981050907759,16.558175788702,2012,0.044047191641,-93.249008747856,,,,18.464905890231,-80.664990217292,,-50.516845930798,-92.849505029049,-99.990462489479,4.330877236773,0.839587599459,0.839587599459,0.009239766034,,,,5.581671090815,0.435219715406,0.936112931671,0.12585546188,16.124203403547,206.792102504002,469.058412790542,1.948517700913,0.705693356614,,78.4940146122,21.5059853878,413.005131351409,0.0,70.569335661418,-608186052.207791,-26445776.0037006,0.986595748461,0.099502886229,-97.105432870849,-84.1451413228,-0.909492037538,,,,,,,,,839459870.57,,,,,,,,,0
002028.SZ,002028,思源电气,10007268,通用,2011-12-31 00:00:00,年报,2011年报,058001001,2012-04-18 00:00:00,2013-03-23 00:00:00,CNY,0.35,0.25,0.35,6.06,0.659286993632,3.995872504367,-0.218917927675,1969854616.05,722293733.09,153816566.41,112032016.08,4.933911241981,-72.252998718828,-51.660644401417,5.280863950866,-47.249790305691,-14.060039943874,5.64,,4.2871632051,8.5945538331,36.6673625152,0.091710480965,0.436674365017,-0.048863420506,12.2010135613,3.222657091513,2.542938272215,-0.103632479334,25.5530181555,1.34323779853,0.34323779853,721.698529276877,156.140621862093,127.918323304513,0.498823241833,2.305613976086,2.814295799852,,,,,,,,,,,,,,,,,,,,,,,,,-72.222222222222,-8.6561826319,-15.79888845081,-10.854132430873,-156.858732963579,-72.9885057471,-70.947055548762,3.565285710483,2011,5.127279552397,-73.043100457186,,,,15.266823544123,-69.678281998386,-27.66608914508,66.077880799323,102.076862700178,232.839592686903,-12.055868013551,4.480200636941,4.480200636941,0.398449884302,3415.0,576824.192108346,45041.4542928258,21.79930484513,2.491766777126,5.105999449722,0.625070804708,16.514288072834,144.475800586451,284.059700750576,2.166366148483,1.234332236112,,78.9362427925,21.0637572075,371.934933889075,0.0,123.433223611167,-128033579.97878,412406393.891587,1.115045806621,0.579251392773,-0.590881140222,-0.568539350094,-0.243006292221,,,,,,,,,968951412.39,,,,,,,,,0
002028.SZ,002028,思源电气,10007268,通用,2011-09-30 00:00:00,三季报,2011三季报,058001001,2011-10-26 00:00:00,2012-10-25 00:00:00,CNY,0.21,0.0,0.21,5.9,0.635527006255,3.895871839565,-1.03,1223843407.44,421542765.33,93860217.55,64110810.75,-0.50294849682,-73.680594779961,-61.26504520624,-2.474528073386,-25.360669571678,-25.597829931116,3.48,0.0,2.6860706819,8.3342781928,34.4441750282,0.150590661566,0.250811603686,-0.370398404334,9.8734623296,3.915259307656,3.005945664914,-0.638133925553,21.3055023715,1.270736875049,0.27073687505,837.7497759961,184.557325953819,156.859528763413,0.322291939355,1.462960078147,1.721285293463,,,,,,,,,,,,,,,,,,,,,,,,,-74.074074074074,-13.1075110457,-46.789666976418,-11.396671412879,-110.204081632653,-71.5918367347,-72.648995151978,17.574642740023,2011,3.047947849856,-74.924013072705,,,,-9.558569927546,-76.95472173836,-75.699245775373,-2.990040730428,-29.385593163199,-60.548127697815,-18.465625719617,2.783486643559,2.783486643559,0.227774091544,,,,8.228259922178,1.887966494214,3.342473939664,0.401860258922,32.813742219329,143.01101255105,341.410478393848,2.328249639972,1.040407011047,,79.7258769528,20.2741230472,451.77241936402,0.0,104.040701104653,-617844586.364675,309914533.555445,1.07391716142,0.376749152232,-5.026941975095,-4.444276945959,-1.270452259555,,,,,,,,,743252075.52,,,,,,,,,1
002028.SZ,002028,思源电气,10007268,通用,2011-06-30 00:00:00,中报,2011中报,058001001,2011-08-30 00:00:00,2012-08-18 00:00:00,CNY,0.15,0.11,0.15,5.88,0.682835446484,3.828390782637,-0.86,774649809.22,280434887.49,64190146.44,49713122.98,5.62995412248,-71.83073278682,-53.217171258731,5.055063263406,-9.132074894123,-5.005387946289,2.39,1.92,1.831307301,8.9859382409,36.2015047512,0.196098706592,0.17529692721,-0.487072700489,9.8659836467,3.82232262398,3.057014515129,-0.521450993924,21.8357278876,1.279356888991,0.279356888991,883.231821574634,182.95050264835,165.608329102078,0.203797005048,0.983872672632,1.086901854369,,,,,,,,,,,,,,,,,,,,,,,,,-71.153846153846,-7.8840363466,-36.57812838596,-6.719304234004,-95.454545454546,-70.4207920792,-71.633385350578,26.431101712965,2011,2.033002560939,-74.122986676522,,,,24.901585203497,-48.305070257862,-20.189852724416,48.595009183352,89.495274587396,,-17.240156685941,1.761849093022,1.761849093022,0.152137775541,,,,5.149652366057,1.224376108966,2.09829952145,0.255013294801,34.953815753943,147.0136493859,348.554032930457,2.442923171335,1.224370370679,,79.1098368469,20.8901631531,441.364961600413,0.1535435861,122.437037067941,-413080997.812609,358713231.23982,1.057908259379,0.234407156356,-5.231621944252,-5.420387804028,-1.039792200821,,,,,,,,,763396620.89,,,,,,,,,0
002028.SZ,002028,思源电气,10007268,通用,2011-03-31 00:00:00,一季报,2011一季报,058001001,2011-04-21 00:00:00,2012-04-21 00:00:00,CNY,0.05,0.0,0.05,6.84,0.737742651724,4.735157016353,-0.5,311611167.0,117031265.09,22173124.08,13218815.03,-14.071267330605,-84.874483846457,-78.164148793982,-2.718250687117,-22.444336506741,-20.416848552534,0.74,0.0,0.5987869369,7.7212803096,37.5568264182,0.441562448787,0.019378101588,-0.704699663604,13.1073438256,4.363909443087,3.670518761039,-0.302683909339,19.6766386574,1.244967819181,0.244967819181,1160.53839029048,220.609510561705,195.598158263403,0.07755021355,0.40796065306,0.460127031865,,,,,,,,,,,,,,,,,,,,,,,,,-84.848484848485,1.9464619045,-46.835515703827,14.950444980364,-138.095238095238,-85.3174603175,-84.89510332518,3.497951785626,2011,0.652455172819,-86.934497561762,,,,-14.071267330605,-84.874483846457,,-51.852694723057,-88.786388291614,,-16.795505732396,0.708722632369,0.708722632369,0.054793806655,,,,2.298703149614,0.511893778975,0.836957820728,0.09624218536,39.152510847311,175.817725662174,416.197885370188,2.908408692303,1.800304353666,,80.5524612354,19.4475387646,492.387064878262,0.5724767593,180.030435366596,-424041534.912865,-82628871.0546461,1.115321514424,0.088427721515,-8.505579374074,-9.126720379907,-0.594875599921,,,,,,,,,773349070.74,,,,,,,,,1
002028.SZ,002028,思源电气,10007268,通用,2010-12-31 00:00:00,年报,2010年报,058001001,2011-03-19 00:00:00,2012-04-18 00:00:00,CNY,1.26,0.52,1.26,6.83,0.782990843591,4.482397909548,0.385020763328,1877233577.53,782692404.35,554353837.56,231761500.94,-0.60216932637,-35.631744256195,-26.989313012115,-0.535445367343,-36.323836403232,-19.065252049846,20.88,8.73,14.7563811038,31.3124850182,41.6939273684,0.072183518563,0.508744078005,0.090178404673,18.2566767412,3.452514539004,2.982176235118,0.176595084366,24.6733429838,1.327551280797,0.327551280796,763.906443404583,137.609415899988,123.983096292585,0.471261897459,2.616100051334,2.903621628794,,,,,,,,,,,,,,,,,,,,,,,,,-35.714285714286,1.8403408987,-48.559396104098,25.082160862981,-59.893670486667,-45.1248357424,-43.184492969409,0.447345071815,2010,19.020286603265,-43.509684242002,,,,-1.537429739893,-61.527589670913,-45.177481900826,30.309143438343,53.583564457561,11.818275031911,-6.421634512399,4.269545072621,4.269545072621,1.597533891648,3046.0,616294.674172686,181994.037281681,21.017539253563,2.645679628335,5.012464850852,0.631316463031,17.128551333095,136.070896923585,261.593438437649,2.540079507313,1.708425234954,,80.6028224871,19.3971775129,393.39146708194,0.0,170.842523495429,-321292501.842433,-81721869.9974273,1.054559914049,0.482127667973,0.254449218242,0.287995042938,0.450842105882,,,,,,,,,1013107460.16,,,,,,,,,0
002028.SZ,002028,思源电气,10007268,通用,2010-09-30 00:00:00,三季报,2010三季报,058001001,2010-10-29 00:00:00,2011-10-26 00:00:00,CNY,0.81,0.0,0.81,6.79,1.194367654067,4.396981356896,-0.49,1230029823.95,519625776.49,356619827.71,165511515.61,-0.102894493888,2.695556989034,-15.809021523611,-0.312850654178,-1.951060221302,-13.152441612058,12.25,0.0,9.8207385682,30.7332318826,42.2449737699,0.121785619847,0.326236064758,-0.176452784172,12.3932127416,3.934489202414,3.154307422572,-0.339754399208,18.1208310525,1.221311858504,0.221311858504,844.943845181667,168.045582704537,146.715811074284,0.319547862902,1.606706916389,1.840292453983,,,,,,,,,,,,,,,,,,,,,,,,,2.53164556962,7.7777777778,-55.503415159721,76.740325458927,-372.222222222222,,-10.316323613929,-14.913014696272,2010,12.154847020351,-12.731922146163,,,,-1.178509598107,-11.859751298235,-42.261648153132,33.972867120625,58.401506754097,29.570453230789,-7.644959957587,2.797556914006,2.797556914006,0.95854337707,,,,12.096207013032,1.913601428432,3.296169163526,0.477601635118,22.321046565184,141.095212403367,314.761515569951,3.010131498072,1.666544448287,,65.4914023584,34.5085976416,536.772970240562,0.0,166.654444828698,-508795140.611064,151641123.678445,1.019633897959,0.326796029234,-0.547895574421,-0.574143275414,-0.582192881684,,,,,,,,,695442531.15,,,,,,,,,1
002028.SZ,002028,思源电气,10007268,通用,2010-06-30 00:00:00,中报,2010中报,058001001,2010-08-18 00:00:00,2011-08-30 00:00:00,CNY,0.52,0.24,0.52,6.38,1.076656095297,4.104161907455,-0.44,733361872.26,320793300.71,227872972.18,106263610.64,0.638961223815,13.263244128475,13.075159499727,-2.979626092394,-2.987888980673,-4.457148385494,8.08,3.77,6.4558542626,32.7013483917,43.7428386782,0.155563997892,0.339622149052,-0.265031205783,12.8289788672,4.068871845674,3.239758771297,-0.343990703782,17.2708515482,1.208763801773,0.208763801773,911.768213955549,186.377569021383,151.001650066922,0.197418595258,0.965781456133,1.192039954002,,,,,,,,,,,,,,,,,,,,,,,,,13.04347826087,12.8971853843,-54.556333638684,90.395319972949,-1366.66666666667,-0.1236093943,-2.069690162092,-26.764204311009,2010,7.856403424636,-5.057739080085,,,,-13.557716928832,-25.175246884222,-25.171434041261,2.229133435891,-44.555223286138,-24.465628327255,-3.516033081474,1.667944578466,1.667944578466,0.604249181336,,,,14.469321610638,1.208348661882,1.969010495472,0.297121350425,12.440113285454,148.963627534168,337.380701883614,3.183707799087,1.896162256291,,64.4207747197,35.5792252803,562.620711232989,0.0,189.616225629051,-337696282.37179,250022654.887222,1.080838231196,0.222107039627,-0.768473079163,-0.810459564565,-0.523375090571,,,,,,,,,616354332.01,,,,,,,,,0
002028.SZ,002028,思源电气,10007268,通用,2010-03-31 00:00:00,一季报,2010一季报,058001001,2010-04-24 00:00:00,2011-04-21 00:00:00,CNY,0.33,0.0,0.33,6.71,1.387660693959,4.119302902361,-0.21,362639081.62,163687949.32,146594164.82,60537209.68,20.944881725339,58.371887955455,84.183536597003,3.32524475244,6.273747161131,8.716535401693,5.04,2.08,3.9641908832,41.9516789752,45.137978121,0.323930189309,0.380483901,-0.25001948986,12.8701275027,4.032792561861,3.422826119976,-0.136641263301,19.0116213103,1.234745053771,0.234745053771,952.439279288716,178.831521712843,151.540494832436,0.094494212867,0.503266980776,0.593900660675,,,,,,,,,,,,,,,,,,,,,,,,,57.142857142857,-22.3217175533,-66.778365471917,26.604784162552,8.695652173913,23.2273838631,28.24368909915,-18.061046513401,2010,4.99372432023,29.338486447083,,,,20.944881725339,58.371887955455,,-44.829776008621,-71.477689320703,-49.904860252815,2.973505822545,0.824779570642,0.824779570642,0.391941781819,,,,7.432134395029,0.595207312181,0.979036609708,0.136501277028,12.109576497997,151.207819793436,330.360452801375,3.380354335408,2.329918637062,,70.1490584413,29.8509415587,512.433405596522,0.0,232.99186370621,-188687329.018555,-114676375.974561,1.163218613023,0.110582221301,-0.52676324862,-0.595970163692,-0.246866875979,,,,,,,,,725220036.94,,,,,,,,,1
002028.SZ,002028,思源电气,10007268,通用,2009-12-31 00:00:00,年报,2009年报,058001001,2011-03-19 00:00:00,2011-03-19 00:00:00,CNY,1.96,0.72,1.96,6.51,1.522126072189,3.583562898676,0.96,1888606184.67,841470233.86,861222400.94,317435036.57,23.461970348934,148.623592949235,20.279965772847,11.177558427846,87.317874375855,9.440273340122,38.05,12.71,25.9724534287,47.2991916478,44.5550925699,0.054673377922,0.573466681212,0.222723941086,20.7011447748,3.003189822047,2.563770496141,0.478972506273,24.563459558,1.325617524532,0.325617524532,655.606488619466,125.885889034229,106.85049368663,0.549109879553,2.859732752907,3.369193604812,,,,,,,,,,,,,,,,,,,,,,,,,148.101265822785,-16.7519181586,-58.849806130663,22.858040907129,39.130434782609,115.2149321267,109.489203407701,-2.889217303346,2009,33.669995198376,103.30940483163,,,,40.621123166332,356.831991049766,29.297065465769,30.784152125556,251.859773068553,17.765530124375,5.371417970289,4.295410718409,4.295410718409,2.558668985626,2951.0,639988.541060657,291840.867821078,10.917629664985,3.206921770157,6.29059380949,0.890532185778,32.97419046504,112.257181746711,232.737621709135,2.534897640076,1.743716845823,89.535125991375,68.3137389221,31.6862610779,396.888717787793,0.0,174.37168458231,580163035.765331,21071963.486904,1.062315158097,0.519663642133,0.385139089824,0.470883187063,1.12609155155,,,,,,,,,948335452.96,,,,,,,,,0
002028.SZ,002028,思源电气,10007268,通用,2009-09-30 00:00:00,三季报,2009三季报,058001001,2010-10-29 00:00:00,2010-10-29 00:00:00,CNY,0.79,0.0,0.79,6.3,2.684178254026,2.48782010867,0.18,1231296760.52,563218848.99,347259256.55,196590559.47,15.91141967085,48.471094190552,15.335653065015,3.714616172191,12.821193941641,3.519557672591,,7.1,10.9504192557,29.7872714377,45.7419256713,0.069337854592,0.453812099517,0.063518659439,13.3057701827,2.728217757464,2.054940144857,0.120803941297,21.2968305174,1.270596859789,0.270596859789,734.452544728648,158.085092781183,126.051054248711,0.367620756355,1.707940927572,2.141989224995,,,,,,,,,,,,,,,,,,,,,,,,,49.056603773585,3.6184210526,13.419989283062,-3.07590297475,148.648648648649,,20.144173321261,-32.545985032064,2009,13.928170895099,10.824183252848,,,,13.772790028215,55.689005097418,10.632014882619,17.190304015848,34.471524764432,67.922548804268,3.409856181273,2.800438410935,2.800438410935,0.964595608101,,,,6.228795568589,2.062144591071,4.295426695825,0.730656419537,43.347063975187,130.931652983544,284.139301250098,1.980730708438,0.842098058886,,47.9878933654,52.0121066346,457.088467585408,0.0,84.209805888607,132597798.2913,120204597.73513,0.949550233354,0.31765111091,0.189503027454,0.213240946127,0.22578705987,,,,,,,,,783872227.89,,,,,,,,,1
002028.SZ,002028,思源电气,10007268,通用,2009-06-30 00:00:00,中报,2009中报,058001001,2010-08-18 00:00:00,2010-08-18 00:00:00,CNY,0.46,0.21,0.46,5.65,2.369210456605,2.155600204899,-0.03,728705725.24,330372579.0,201188809.25,93976087.33,17.433905412351,43.636317980813,20.950691005285,2.760172259201,11.809616803877,1.268185247742,8.09,3.78,6.5922943298,29.06110161,45.3368990468,0.117673044138,0.411769437095,-0.017449923912,13.7821643241,2.415049166489,1.886792771729,-0.018516770997,23.5825273498,1.308601246965,0.308601246965,793.501932425869,160.23645342728,135.627028409466,0.226842547755,1.123339890206,1.327169090932,,,,,,,,,,,,,,,,,,,,,,,,,43.75,-0.9799358565,1.304534378395,-3.134438413515,95.081967213115,-2.881152461,21.280026754716,-29.361952270182,2009,8.27492767553,14.780120840142,,,,11.430836350279,65.631656988807,6.091822860061,43.032900254479,17.352795696582,,2.758793263281,1.657354724436,1.657354724436,0.558637939274,,,,3.358014333461,1.419799258853,2.631447913933,0.446707842236,53.603106516361,126.778485675091,295.866013484874,1.783730743907,0.784925761293,-3.179962864545,48.6819422379,51.3180577621,412.093008679496,3.8200600231,78.492576129308,55709193.2799642,140012019.569901,0.944558626424,0.202042417629,-0.053265483274,-0.060045638141,-0.038895014129,,,,,,,,,803394567.1,,,,,,,,,0
002028.SZ,002028,思源电气,10007268,通用,2009-03-31 00:00:00,一季报,2009一季报,058001001,2010-04-24 00:00:00,2010-04-24 00:00:00,CNY,0.21,0.0,0.21,8.64,4.176978988755,3.253670806841,-0.23,299838303.57,131432786.31,92563248.89,32867872.34,27.238323746706,24.270000244788,63.53406330772,4.196056686172,5.218781231304,4.838474217122,4.09,1.45,3.0911391516,32.2462448522,43.8345550736,0.317871633028,0.304226988527,-0.212018370379,13.5599825028,2.596754854461,2.05310375078,-0.098876910713,23.2021773544,1.302120249704,0.302120249705,938.864895555621,185.969153788932,153.238196358214,0.095860437882,0.483951226138,0.587320930022,,,,,,,,,,,,,,,,,,,,,,,,,-22.222222222222,-7.2242127031,-11.014212345396,-3.700932741181,69.333333333333,,10.528356845376,-29.585947034964,2009,3.860973216408,1.117683370392,,,,27.238323746706,24.270000244788,,-35.854260615806,-17.72590359832,,8.098521918383,1.091114641812,1.091114641812,0.410246392686,,,,0.981408137911,0.704626215257,1.323686092302,0.183183734065,91.704966082297,127.727294345945,339.194070638431,1.778233398952,0.780220033339,,51.5657401528,48.4342598472,424.489873721242,5.643956685,78.022003333932,-137467641.516828,-24594065.7254834,1.026573357857,0.095069605011,-0.576645723268,-0.657497861689,-0.281140360073,,,,,,,,,751214831.42,,,,,,,,,1
002028.SZ,002028,思源电气,10007268,通用,2008-12-31 00:00:00,年报,2008年报,058001001,2010-03-20 00:00:00,2010-03-20 00:00:00,CNY,0.79,0.6,0.79,7.82,3.698952371943,2.916832200983,0.69,1529706823.35,646818942.29,346396088.45,263913474.31,27.702591931489,27.161011796913,45.407461497862,3.542895822226,-9.834171911901,10.682897233555,17.68,13.47,12.397991403,23.8734624521,42.2838502396,0.062604304706,0.451482564298,0.124624932052,9.3937244922,2.38040882895,1.866322282749,0.282901044139,25.2942658641,1.338585332929,0.338585332929,693.212811931015,133.166307018772,104.237573959297,0.51932104226,2.703386525161,3.453649066512,,,,,,,,,,,,,,,,,,,,,,,,,-23.300970873786,-24.5901639344,-40.254229767897,-0.957424487054,16.949152542373,-21.5268530848,-10.959579297125,-26.777389889552,2008,16.560962945251,-18.772831646459,,,,12.60963558217,-25.139041489021,37.464805141376,5.813959835883,19.914320967243,0.765147564998,-8.708754567137,5.566618716703,5.566618716703,1.504598650873,2242.0,682295.639317574,154503.161663693,8.477574597421,3.554604153198,6.774080276978,1.002867820361,42.464975785586,101.277099920146,237.404698163274,1.619290301121,0.759612110751,11.321936446645,53.1503247934,46.8496752066,391.18961554889,4.3148780175,75.961211075068,-145407950.391004,-70562190.4631152,1.046322191964,0.530333941295,0.512425697409,0.522022862424,0.840132291237,,,,,,,,,763389701.36,,,,,,,,,0
002028.SZ,002028,思源电气,10007268,通用,2008-09-30 00:00:00,三季报,2008三季报,058001001,2009-10-23 00:00:00,2009-10-23 00:00:00,CNY,0.53,0.0,0.53,6.08,2.366583060881,2.566771509898,-0.37,1062273901.93,469882230.37,233890144.37,170450813.99,35.706110385892,91.52339702996,50.164996832432,7.922659267732,6.20230868876,11.907442399965,,10.2,9.1143989367,23.4693124972,44.2336227517,0.080911044246,0.259947600537,-0.094695191784,19.0291525746,2.138212964712,1.58056027508,-0.137185609634,31.5723690095,1.461397955073,0.461397955073,695.242156752994,163.088109618103,125.419701576891,0.388353895657,1.655546812286,2.152771826159,,,,,,,,,,,,,,,,,,,,,,,,,10.416666666667,-46.7134092901,-70.726024616651,24.644851807052,32.727272727273,,49.974644845297,-3.875926320577,2008,12.567808294442,36.206276733891,,,,32.539933031608,31.42963230035,37.652864855864,14.778002590873,43.059180387258,61.03122880709,-0.5085748474,3.865625552875,3.865625552875,1.153942499527,,,,6.68338625053,2.419161718831,4.74763325638,0.704792994213,40.398682625683,111.608908944901,288.510781432925,1.395831651884,0.466748783099,,60.360199943,39.639800057,312.40281860406,7.1360434758,46.674878309857,-338888616.151829,-68641742.5502148,0.880850832219,0.360232348804,-0.3416021425,-0.403485154476,-0.451537592483,,,,,,,,,820093445.91,,,,,,,,,1
002028.SZ,002028,思源电气,10007268,通用,2008-06-30 00:00:00,中报,2008中报,058001001,2009-08-22 00:00:00,2009-08-22 00:00:00,CNY,0.32,0.28,0.32,5.71,2.338701294214,2.22535250877,-0.61,620524134.56,273773554.08,140068202.86,77697850.71,38.053876056565,176.076743912945,68.442483988323,10.144670279474,9.911003888859,14.787982626902,8.33,4.95,5.4355976876,23.5745474306,44.1197269908,0.102275787186,0.131496590004,-0.268081809063,20.7561173433,1.984585865044,1.451939960319,-0.220780617238,33.3850213981,1.501163883841,0.501163883841,780.671930007724,183.782468059332,133.609687655245,0.230570606014,0.979418776452,1.347207699972,,,,,,,,,,,,,,,,,,,,,,,,,60.0,-64.7748303516,-80.566808785444,-19.530074164161,41.904761904762,-1.4201183432,116.716785235466,-7.360147593202,2008,7.209373552634,104.871795714496,,,,48.719022079859,98.955883729549,91.043587318343,63.323430614853,-11.952629013871,,3.002872856726,2.258093648326,2.258093648326,0.67176839436,,,,5.647220855458,1.395804684949,2.744143300179,0.421853704487,31.874085431956,128.957870639743,317.396442729733,1.344457674258,0.541088138744,-18.407118742139,59.5897296629,40.4102703371,295.465993780124,9.3839850313,54.108813874439,-251126262.176092,151546.179913193,0.824767690209,0.203951431725,-0.962147279529,-1.137166301293,-0.731103833972,,,,,,,,,837751506.46,,,,,,,,,0
002028.SZ,002028,思源电气,10007268,通用,2008-03-31 00:00:00,一季报,2008一季报,058001001,2009-04-25 00:00:00,2009-04-25 00:00:00,CNY,0.27,0.0,0.27,9.31,4.693984397787,3.378714767918,-0.75,235650938.13,95557773.06,74485594.84,20098486.93,23.579638409174,319.121234442417,25.793425909177,3.753625164867,20.819453468956,2.270594474963,,1.26,2.796693301,32.0625904567,40.5505591526,0.295233843761,-0.093673415626,-0.548777894101,22.7650514775,1.983457317393,1.5089557904,-0.17733669656,32.9510607292,1.491447904882,0.491447904883,1031.80178535841,209.677838055065,153.509358379898,0.087226055699,0.429229912111,0.586283474505,,,,,,,,,,,,,,,,,,,,,,,,,58.823529411765,102.8322440087,218.285111337947,134.564128618981,9.638554216867,,98.357916183041,-40.973051623255,2008,3.818296748617,47.995535114205,,,,23.579638409174,319.121234442417,,-43.229145720414,-50.437614024928,,-3.920543273154,1.37205786393,1.37205786393,0.585741783988,,,,2.635474650019,0.644107610099,1.047404484131,0.162912526662,34.149446286402,139.72820471127,363.197482625573,1.420515147831,0.743412513552,,57.1684030705,42.8315969295,299.663888352406,10.0953435921,74.341251355183,-148637878.181669,-12710808.3531677,0.893916623509,0.083259197514,-1.388483247074,-1.711583144982,-0.574112356071,,,,,,,,,833687645.18,,,,,,,,,1
002028.SZ,002028,思源电气,10007268,通用,2007-12-31 00:00:00,年报,2007年报,058001001,2009-03-21 00:00:00,2009-03-21 00:00:00,CNY,1.03,0.43,1.03,10.37,6.191153545386,2.945028626201,0.59,1197866699.66,554822271.24,272407464.8,181499265.3,49.983536421475,82.07273304933,43.769193371449,12.354463348468,35.789488667764,3.520805280468,22.53,15.01,13.9240036212,25.1780130356,46.3175302726,0.059489915915,0.427650377062,0.084837859712,11.5673736366,1.802909044571,1.420605669961,0.126658008101,34.5443379114,1.527751714812,0.527751714812,650.968280345732,140.983988268337,94.766003132928,0.553022337446,2.553481458581,3.798830678709,,,,,,,,,,,,,,,,,,,,,,,,,-26.950354609929,140.6032482599,233.721799825823,10.203774247732,-44.339622641509,-23.987854251,-5.08330423789,-36.749364385774,2007,20.388452879668,-14.406085892579,,,,46.481648588713,91.474161224038,9.985708283446,24.541519719453,110.527562373643,0.903000049216,-3.70064088284,6.97447860064,6.97447860064,2.063016874119,2058.0,582053.789922255,132365.14324587,5.562360114943,3.099458047167,5.720740028488,1.012168848366,64.720728712414,116.1493378912,235.749733011645,1.368484652445,0.792103316974,5.698235988005,50.3479490864,49.6520509136,286.19816904406,9.4141964406,79.210331697422,236968426.046496,-138538975.955161,1.062290060907,0.44288812431,0.321766629048,0.336952163749,0.452228787173,,,,,,,,,992508987.23,,,,,,,,,0
002028.SZ,002028,思源电气,10007268,通用,2007-09-30 00:00:00,三季报,2007三季报,058001001,2008-10-30 00:00:00,2008-10-30 00:00:00,CNY,0.48,0.7,0.48,11.41,8.08425582754,2.059267970306,-0.55,782775292.07,348019810.91,122120925.17,113509018.47,51.909331620751,71.697955813818,76.184683572688,12.484260559,21.115761348205,22.091120685545,,5.79,6.0772932292,17.3545743237,44.4597337749,0.068307664552,0.248944792821,-0.120353733625,19.2270334676,1.684823148685,1.225001361957,-0.136401285629,32.8454338242,1.489102017847,0.489102017846,771.023363635506,159.765111411099,117.056474383552,0.350183940895,1.689980982802,2.306578951928,,,,,,,,,,,,,,,,,,,,,,,,,-28.358208955224,147.5054229935,460.03234064625,17.998502859747,33.479679043532,,-25.490024264088,-36.769467997158,2007,9.227040482867,-26.130942452927,,,,55.04490867753,96.057496076222,88.965211949816,28.788900908252,116.560490670231,123.489599390469,4.500918509496,4.557643621951,4.557643621951,1.039921166754,,,,3.300778720353,2.014830018575,3.759143070308,0.751210148154,81.798879256941,134.006341731477,276.81871983508,1.117813602486,0.411318901421,,38.6382442308,61.3617557692,301.37796793549,6.9837245857,41.131890142103,21197149.2786734,-142670804.154481,0.853551924682,0.221846154274,-0.615977461107,-0.693498621055,-0.423599085449,,,,,,,,,989213768.98,,,,,,,,,1
002028.SZ,002028,思源电气,10007268,通用,2007-06-30 00:00:00,中报,2007中报,058001001,2008-08-15 00:00:00,2008-08-15 00:00:00,CNY,0.2,0.44,0.2,16.21,12.034571514236,2.765446203231,-1.05,449479690.31,192527845.82,50735241.54,46127229.23,49.66493533904,46.148513302404,60.34297372744,9.956031839093,6.899645461649,10.441052664238,8.45,2.49,2.5081572162,12.3984249169,42.8334916951,0.088819562776,0.165664485149,-0.266829417804,16.7749663236,1.563642836406,1.229371578359,-0.149971052358,36.03742939,1.563414338203,0.563414338203,889.783332022813,162.605154380364,123.243878677103,0.202296439506,1.106975979242,1.460518785453,,,,,,,,,,,,,,,,,,,,,,,,,-39.393939393939,279.62529274,733.688269838332,97.507575193187,-7.142857142857,13.7281292059,-46.978005228564,-9.086834502141,2007,3.518968302831,-54.820912259947,,,,49.615789389292,47.998573650686,81.913885433351,35.715325564011,85.480932382375,,2.165789376544,3.925586814934,3.925586814934,0.58481314131,,,,2.232253926684,1.1072393697,2.171635478352,0.414108089524,80.635987621433,162.566473813851,285.847089898492,1.178323449461,0.595911046259,-13.952748080884,41.8940370544,58.1059629456,274.679214624939,10.7381143512,59.591104625898,72716161.1241198,-185211321.199981,0.79211868535,0.1192830242,-2.018600954819,-2.152123512391,-0.545419722749,,,,,,,,,1075661176.68,,,,,,,,,0
002028.SZ,002028,思源电气,10007268,通用,2007-03-31 00:00:00,一季报,2007一季报,058001001,2008-04-26 00:00:00,2008-04-26 00:00:00,CNY,0.17,0.0,0.17,4.59,1.474773475283,1.440422620377,-0.83,190687512.25,80480109.99,17771849.46,15977374.64,49.731685591166,42.836688094463,31.024852628215,7.930066262705,3.562334091174,2.996763226291,,0.0,1.4099227068,9.8667116048,42.2052335994,0.237503446637,0.037016541863,-0.46188167689,20.2833622579,1.315754891219,0.997622534613,-0.13039626299,55.8237578519,2.26366017428,1.26366017428,629.824628085903,168.145978546191,126.289760738879,0.142896920804,0.535249197026,0.712646848592,,,,,,,,,,,,,,,,,,,,,,,,,41.666666666667,7.7464788732,2.459741569202,3.557953497251,-38.333333333333,,-20.523969558759,38.36914076465,2007,2.580008069615,-8.980607197707,,,,49.731685591166,42.836688094463,,-32.70826461614,-77.357586533491,,3.634556006375,1.798938794811,1.798938794811,0.259610979434,,,,0.593172474534,0.597890278129,0.92719542766,0.210811987105,151.726527888309,150.529291564399,294.459498407272,0.72788343091,0.127783816968,,73.4503824398,26.5496175602,174.616639251699,23.9678580868,12.77838169677,-97977886.7403768,11645365.2554936,0.785091354035,0.1237296186,-4.155583434743,-4.681211890972,-0.40539044509,,,,,,,,,675441656.84,,,,,,,,,1
002028.SZ,002028,思源电气,10007268,通用,2006-12-31 00:00:00,年报,2006年报,058001001,2008-03-08 00:00:00,2008-03-08 00:00:00,CNY,1.41,1.25,1.41,4.31,1.855184033113,2.672348244245,1.06,798665459.05,384137671.49,149614640.39,126243502.55,43.739366532755,77.793210660614,61.757412983538,9.783360711909,43.462979780561,37.136975958815,29.64,21.55,14.6697095905,20.92763508,48.0974439469,0.08893182007,0.445935623038,0.141161607344,15.0841241217,1.308360556529,1.028426270472,0.160269462909,54.615005171,2.203371408916,1.203371408914,513.571763796899,142.78423920381,103.048292539032,0.70097311686,2.521286677069,3.493507666453,,,,,,,,,,,,,,,,,,,,,,,,,78.481012658228,3.8554216867,28.88872751091,108.716570203063,3.921568627451,41.2101000476,14.728609763609,31.320588879599,2006,23.819979600513,18.07356111928,,,,33.540436906941,136.680316685238,123.729905074757,31.822168425208,115.566980265875,73.360312792041,5.617428152409,7.534579802358,7.534579802358,1.87736666,490.0,1629929.50826531,305336.000795918,3.677088022016,2.447668948422,5.21835736493,1.021376013385,97.903557881812,147.078713496811,245.832003387813,0.759189739631,0.257278265735,26.110861434586,63.084725502,36.915274498,179.465624812767,18.8824293158,25.727826573488,-186152949.466988,173665331.795336,1.091535905944,0.597542758791,0.665509922157,0.674522500057,0.580955304369,,,,,,,,,796793751.98,,,,,,,,,0
002028.SZ,002028,思源电气,10007268,通用,2006-09-30 00:00:00,三季报,2006三季报,058001001,2007-10-29 00:00:00,2007-10-29 00:00:00,CNY,0.67,0.0,0.67,4.61,1.443533746321,1.745164489717,-0.826815012453,515291117.22,219229708.36,71125439.2,64426155.65,50.041098175065,39.493396484774,27.79262809363,14.319556813718,11.760521870498,12.703082686826,,0.0,8.1563484207,15.3734200577,42.5448258341,0.149412679061,0.212386320048,-0.170083256612,18.3237038915,1.538043698617,1.251891897129,-0.151582901147,51.9455281868,2.080971785284,1.080971785285,508.907074766918,135.588214029026,133.291319812964,0.530548725666,1.991323522723,2.025638281464,,,,,,,,,,,,,,,,,,,,,,,,,,21.3157894737,2.997660467625,46.179054799757,-161.21111437062,,-8.231764105629,41.85894704791,2006,12.491076493005,-4.654491254388,,,,73.581544903653,43.14364297819,41.04027506456,24.279173294517,63.47573732058,115.149978980579,-4.251974414122,4.861236954906,4.861236954906,0.902066556887,,,,4.395868908889,1.960277387662,3.876922274525,0.672349164968,61.421303864189,137.735609102764,268.883654560847,1.080305816144,0.473248342341,,79.2095037792,20.7904962208,191.549989752117,19.8609789039,47.324834234057,-176645278.295026,398656.382452413,0.960073098405,0.440657910342,-0.983574159085,-1.106346251999,-0.569892255616,,,,,,,,,583181250.37,,,,,,,,,1
002028.SZ,002028,思源电气,10007268,通用,2006-06-30 00:00:00,中报,2006中报,058001001,2007-08-15 00:00:00,2007-08-15 00:00:00,CNY,0.33,0.0,0.33,4.27,1.443533746321,1.400172221509,-0.98,300323979.89,125912252.79,34714852.99,28767851.91,36.765063310633,35.859663574991,14.465860527781,8.137094539555,6.682962943564,0.226277239626,7.43,0.0,4.7304090067,12.9196753034,41.9254742282,0.163532554437,0.120023346431,-0.345024530768,21.2569600234,1.889964414934,1.38359821335,-0.318520895857,39.6393956724,1.656709721746,0.656709721747,491.615323600731,153.067907013419,139.982019176732,0.366139929654,1.175948659076,1.285879436935,,,,,,,,,,,,,,,,,,,,,,,,,37.5,19.9438202247,3.472100870719,46.785812093821,-142.959277586705,10.0740740741,4.036126310953,6.754363935852,2006,7.788931735581,12.733620861633,,,,38.281979258423,35.583902173198,1.125169195108,35.820454112496,79.01173932056,,-2.436668808373,2.833245093302,2.833245093302,0.464861487075,,,,3.429909390029,1.094823487013,2.502112434312,0.477321857986,52.479520457085,164.410064394118,293.054021705232,1.181858724305,0.252136547794,,74.9170472504,25.0829527496,250.609673992346,2.0679818251,25.213654779434,-152133338.943581,13175009.0099876,0.91214663701,0.333794856797,-2.364511599902,-2.670535618475,-0.809403401416,,,,,,,,,325313477.35,,,,,,,,,0
002028.SZ,002028,思源电气,10007268,通用,2006-03-31 00:00:00,一季报,2006一季报,058001001,2007-04-21 00:00:00,2007-04-21 00:00:00,CNY,0.12,0.0,0.12,4.26,1.439368724434,1.390933841132,-0.6,127352812.13,51864507.29,12442076.12,12194155.78,34.757295921131,36.356120413874,39.473900462562,5.911709124897,3.942183451622,4.422053488269,,0.0,1.7740225562,11.4608206414,40.7250585382,0.415160836543,0.046186028024,-0.49689716569,19.6808428044,1.880459717114,1.420856061743,-0.189968337151,40.3440807274,1.676279591687,0.676279591688,581.432211293851,169.896567989995,153.975797151559,0.154790185772,0.529734067408,0.584507446397,,,,,,,,,,,,,,,,,,,,,,,,,,-40.9153952843,-62.023830251541,-30.377658862521,9.042214302031,,1.847482048892,14.472657488549,2006,2.834569634209,12.891916393103,,,,34.757295921131,36.356120413874,,-39.984862202625,-62.481532852208,,-1.123131927153,1.201441623868,1.201441623868,0.165549739906,,,,1.997032565453,0.517494594743,1.081947715855,0.200563681895,45.066866488269,173.914860008724,323.88525357656,1.302152481634,0.472156389519,,75.8654186319,24.1345813681,246.27687774571,1.1239947709,47.215638951936,-99770992.3314642,-6642747.48183622,0.903562009393,0.139364605067,-3.775968569474,-4.335615932201,-0.51291046478,,,,,,,,,333114730.27,,,,,,,,,1
002028.SZ,002028,思源电气,10007268,通用,2005-12-31 00:00:00,年报,2005年报,058001001,2007-02-08 00:00:00,2007-02-08 00:00:00,CNY,0.79,0.0,0.79,4.15,1.439368724434,1.280371865849,1.02,555634464.18,253032079.68,84150930.08,78044956.47,178.338794777295,70.945566092796,62.709069431709,32.879913593177,17.376087275911,10.801142772263,20.99,0.0,12.7864441317,16.807963046,45.5393061432,0.086993374882,0.528294920498,0.194782107603,20.9558678132,1.887494725378,1.500622619093,0.317430315393,41.5890650788,1.712008207623,0.712008207623,473.225130790201,128.883190012658,124.233311629945,0.760737282483,2.793226951976,2.897773514018,,,,,,,,,,,,,,,,,,,,,,,,,-27.522935779817,-41.0511363636,-62.023830251541,-29.868110615318,96.153846153846,-5.1942186089,1.105217643243,10.365145945303,2005,20.173847027829,5.801597277944,,,,184.015994209579,60.166600039853,37.997521890215,71.348066381889,30.374351755249,9.287071807846,-18.572976352826,5.241834567736,5.241834567736,1.082735906698,459.0,1210532.60169935,183335.359651416,11.272127991646,2.154195277457,6.912678376567,0.920068428497,31.937181716425,167.115768828987,253.116609758136,1.394824163865,0.734999250154,363.191155346768,78.4991409697,21.5008590303,238.8788917291,0.6235627545,73.499925015397,-31753976.7573673,1376815.54038678,1.137440370465,0.770916135663,1.025613416628,1.158868014349,0.965997586853,,,,,,,,,340949325.7,,,,,,,,,0
002028.SZ,002028,思源电气,10007268,通用,2005-09-30 00:00:00,三季报,2005三季报,058001001,2006-10-18 00:00:00,2006-10-18 00:00:00,CNY,,0.0,,3.8,1.401520908113,1.19385399783,-0.316531329245,343433314.93,152601690.53,50988391.56,50414610.46,174.943016268214,78.770439319364,80.415562802554,23.35941617213,26.658734118777,27.139272213483,,0.0,8.8879865034,17.3227913553,44.4341547241,0.112327682909,0.282964355889,-0.097696756376,16.1863088849,2.171969204615,1.704680754761,-0.131322458497,36.6177313929,1.577728317361,0.57772831736,526.233209752798,144.425401757711,155.133795387624,0.513080503085,1.869477229864,1.740433148853,,,,,,,,,,,,,,,,,,,,,,,,,,-42.2492401216,-62.37220052583,-25.674024120965,-37.072961803791,,-15.315475291376,190.30839003371,2005,13.100854625814,5.33932485497,,,,177.291088442889,145.843267925884,146.733823496691,-0.994255620289,54.842212447688,54.261454870077,-23.486185191132,3.239936933302,3.239936933302,0.645809069245,,,,6.701728034855,1.53790868936,5.967483980009,0.61371221396,40.288116526927,175.563088932387,299.560392857584,1.550431815987,0.561814107673,,79.5325849282,20.4674150718,270.978680284539,2.7283918032,56.181410767288,-129580516.927629,5592178.39999756,1.002547901854,0.493463945308,-0.479913076707,-0.563978139387,-0.505453344035,,,,,,,,,255495680.51,,,,,,,,,1
002028.SZ,002028,思源电气,10007268,通用,2005-06-30 00:00:00,中报,2005中报,058001001,2006-08-15 00:00:00,2006-08-15 00:00:00,CNY,0.24,0.0,0.24,3.56,1.395094652736,0.953887982453,-0.403359776887,219591153.34,94363969.82,25551993.93,25132254.96,173.636235241582,40.587744603339,42.015894756996,34.808382112686,11.331347533335,,6.75,0.0,4.5468907527,13.4086336231,42.9725735234,0.114548655114,0.188718412193,-0.194707918328,18.9168688368,2.262414080905,1.854968068419,-0.176024275264,37.1314054161,1.590619301447,0.590619301447,530.814172461601,132.047876743633,157.149101861953,0.339101722106,1.363141948503,1.145409027906,,,,,,,,,,,,,,,,,,,,,,,,,-47.826086956522,9.8765432099,6222.07217712909,-49.489351952889,-775.683432961557,-55.6795797768,-58.235866552605,20.707900309703,2005,6.909147134679,-55.809048345821,,,,233.00831979869,54.013208095785,,32.358512838289,80.031300848017,,-27.80317680954,2.071614654151,2.071614654151,0.342580774906,,,,4.306821923689,1.070880359576,4.258809024776,0.394306503529,41.794158938855,168.086003623475,289.202280922306,1.68809020925,0.751221741298,-172.585143104823,84.0066144572,15.9933855428,267.070769524792,4.9959037395,75.122174129805,-100930710.063353,-2100615.3099937,0.932269470952,0.312947726863,-1.204893607704,-1.45210857274,-0.785924125529,,,,,,,,,242899090.4,,,,,,,,,0
002028.SZ,002028,思源电气,10007268,通用,2005-03-31 00:00:00,一季报,2005一季报,058001001,2006-04-28 00:00:00,2006-04-28 00:00:00,CNY,0.0,0.0,0.0,7.21,3.790189305472,1.997826873396,-0.659646665094,94505318.81,38924520.12,9124692.08,8742966.06,121.391743100685,21.517427779949,,25.957839698192,3.282229345706,,0.0,0.0,1.7418423318,11.730605102,41.1876501875,0.27623162409,0.075250162737,-0.369939741913,24.1279508594,2.452066208408,2.040759342009,-0.156976839304,35.2434211038,1.544244642082,0.544244642083,606.11367623942,142.794459147872,173.015278040459,0.148486997618,0.630276556507,0.520185275077,,,,,,,,,,,,,,,,,,,,,,,,,,,,,,,,,2005,2.510870330466,-81.354875166708,,,,121.391743100685,21.517427779949,,26.488580173961,-55.930065305984,,-31.856733822812,1.78311922283,1.78311922283,0.262643485472,,,,1.929515858273,0.474743397914,1.876918765068,0.170220690206,46.643824985488,189.576096045686,315.799528647587,1.861191417364,0.964052536985,,86.4192019574,13.5807980426,281.272358834947,1.6409392653,96.405253698518,-78034262.5333088,-14608031.9188314,0.910154463612,0.136112419367,-2.527291429324,-3.153628808541,-0.672568568405,,,,,,,,,222716124.27,,,,,,,,,1
002028.SZ,002028,思源电气,10007268,通用,2004-12-31 00:00:00,年报,2004年报,058001001,2006-02-28 00:00:00,2006-02-28 00:00:00,CNY,1.09,0.0,,7.04,3.790189305472,1.825662871887,0.52,199625231.77,111643458.6,49226740.42,47965953.43,47.971396483954,45.920735501346,42.861569692863,14.154167363499,15.218501090969,,22.14,0.0,12.6466708937,25.3006853954,55.9265267272,0.171973504429,0.589526590935,0.13889339541,24.1776437799,2.3361485073,1.985211952522,0.114791479255,37.6831514357,1.604702456942,0.604702456941,720.209043070166,223.519734686433,194.449907887962,0.499854873337,1.610596042023,1.851376551988,,,,,,,,,,,,,,,,,,,,,,,,,28.235294117647,153.2374100719,17075.7882572224,27.711495353269,-29.72972972973,-39.3092105263,-48.027230672022,26.037806098384,2004,19.067620477252,-43.618774655272,,,,49.540755586685,45.779552065085,,67.290901915045,100.114485050278,95.400734133179,-6.147674335777,3.766513806981,3.766513806981,1.237416369811,433.0,461028.248891455,113687.62221709,9.410148517104,1.190809001082,5.768862959026,0.589895343101,38.256569420309,302.31548440841,417.96663057337,1.912269456231,1.145372350531,,88.0334379769,11.9665620231,263.07391133333,1.395829662,114.53723505311,-22342743.8849413,-243759701.424259,1.112697598447,0.346539244212,0.425233939754,0.548970880587,0.56909104746,,,,,,,,,241539062.22,,,,,,,,,0
002028.SZ,002028,思源电气,10007268,通用,2004-09-30 00:00:00,三季报,2004三季报,058001001,2005-10-25 00:00:00,2005-10-25 00:00:00,CNY,,0.0,,6.58,3.724695378679,1.606240595849,-0.23092178434,124910724.99,72539873.94,28521712.96,27943604.02,47.048340393321,46.023397518068,,6.921444100198,4.292087660263,,,0.0,10.4954081445,23.4451592306,58.0733751612,0.056333916968,0.469826498123,-0.097980814466,30.7525379272,6.560211891128,5.64376846067,-0.242392209047,12.6133906735,1.144340085635,0.144340085634,603.139287684136,182.407653676985,109.974182887423,0.447657789027,1.480201047255,2.455121674115,,,,,,,,,,,,,,,,,,,,,,,,,,,,,,,,,2004,12.436812789384,-71.238859924151,,,,33.95271121649,20.473399505531,,18.899373115255,-2.996140228224,,0.304942807848,2.356806131887,2.356806131887,0.785573470377,,,,11.894030522834,1.995788376087,5.779805966752,0.562936674891,22.70046301644,135.284884527371,292.382936493621,5.490766526688,4.096046819525,,82.7465154837,17.2534845163,792.808235220719,0.0,409.604681952471,-30181055.6094977,-193985475.129462,1.034696512572,0.322866097254,-0.294182030342,-0.417914903037,-0.538297539626,,,,,,,,,50491946.99,,,,,,,,,1
002028.SZ,002028,思源电气,10007268,通用,2004-06-30 00:00:00,中报,2004中报,058001001,2005-08-09 00:00:00,2005-08-09 00:00:00,CNY,0.46,0.0,,3.24,0.022067047222,1.888488901515,0.059696561616,80249296.35,47765519.8,18175121.88,17696790.21,55.509361472025,66.073678539768,,,,,15.23,0.0,10.8870707408,23.3735087822,59.5214188442,0.107072858963,0.544550252994,0.029458000849,31.7812429549,2.400425412807,1.709307086084,0.04113622608,30.7613713111,1.444280481771,0.444280481771,386.442935932527,177.888455866805,104.015551983076,0.4657867521,1.011870045883,1.73051045318,,,,,,,,,,,,,,,,,,,,,,,,,,,,,,,,,2004,15.634755252041,-36.145486490507,,,,,,,-12.004955644359,42.045873009302,,2.219578343414,2.026497382576,2.026497382576,0.694330363384,,,,17.611043437376,1.277212369332,3.68361344992,0.640737572893,10.220859464692,140.931926688232,281.899370333254,1.663922106823,0.652932291573,,73.8403774279,26.1596225721,325.083036737144,0.0,65.293229157256,-3637770.49739441,93430.8000123613,1.087245701189,0.46704052622,0.087696912126,0.12603157328,0.102407735116,,,,,,,,,57467202.64,,,,,,,,,0
002028.SZ,002028,思源电气,10007268,通用,2004-03-31 00:00:00,一季报,2004一季报,058001001,2005-04-30 00:00:00,2005-04-30 00:00:00,CNY,,,,,,,,42686921.15,25801140.37,7508957.56,,,,,,,,,,,17.6139622569,60.4427297048,,,,31.7755903914,,,,,,,,,,,,,,,,,,,,,,,,,,,,,,,,,,,,,,,,,,,,,2004,13.466631910036,,,,,,,,-14.562315706152,-47.131078590102,,,,,,,,,31.244630219738,,2.083617367281,0.379288804292,2.880494964,,,,,,,,,,,32693960.2336227,7469491.27010885,,,,,,,,,,,,,,,,,,,,,,,0
002028.SZ,002028,思源电气,10007268,通用,2003-12-31 00:00:00,年报,2003年报,058001001,2005-03-02 00:00:00,2005-03-02 00:00:00,CNY,0.85,0.0,,2.78,0.022067047222,1.429521177273,0.74,134907986.62,80391562.66,33735260.62,33575126.98,32.845951534444,57.06502120299,52.764730273283,,,,36.48,0.0,24.3332634709,25.2631006391,59.5899210077,0.042217489585,0.707076465226,0.217661407124,27.2131098145,2.386074004664,1.866883773718,0.622555672045,29.8982921095,1.426498768849,0.426498768849,373.756534587049,132.414985775587,96.662074900963,0.963193862009,2.718725512006,3.724314839805,,,,,,,,,,,,,,,,,,,,,,,,,41.666666666667,32.380952381,,60.885683701102,10.44776119403,28.813559322,27.682491789437,-21.710246382968,2003,33.819095560034,31.675607907733,,,,,,,49.852592261259,65.376227068817,,2.378389348367,3.406767338889,3.406767338889,1.185051056061,305.0,442321.267606557,110607.411868852,52.737585465922,3.184170058923,6.536014354577,1.387197918092,6.826251084867,113.05928808393,229.078688404038,1.843967982638,0.843098041575,89.990296801064,71.3395375863,28.6604624137,334.467265333122,0.0,84.309804157461,23701256.8053267,5844094.75835086,1.060857366089,0.907193936426,0.629268115957,0.861578355854,1.433316928207,,,,,,,,,47167287.23,,,,,,,,,1
002028.SZ,002028,思源电气,10007268,通用,2003-09-30 00:00:00,三季报,2003三季报,058001001,2004-10-27 00:00:00,2004-10-27 00:00:00,CNY,,,,,,,,84945348.35,49180657.95,19532289.65,,,,,,,,,,,23.1675497861,57.8968229636,,,,33.1248595603,,,,,,,,,,,,,,,,,,,,,,,,,,,,,,,,,,,,,,,,,,,,,2003,43.241723925359,,,,,,,,,,,,,,,,,,72.502047240181,,4.08499233279,1.036428608018,3.724032772558,,,,,,,,,,,34873495.7622809,19759856.3318237,,,,,,,,,,,,,,,,,,,,,,,0
002028.SZ,002028,思源电气,10007268,通用,2003-06-30 00:00:00,中报,2003中报,058001001,2004-08-20 00:00:00,2004-08-20 00:00:00,CNY,,,,,,,,51604157.84,30048575.26,10944011.14,,,,,,,,,,,21.4933792629,58.2289809925,,,,32.6445635682,,,,,,,,,,,,,,,,,,,,,,,,,,,,,,,,,,,,,,,,,,,,,2003,24.484964950389,,,,,,,,,,,,,,,,,,43.697396762724,,2.481626047938,0.629628655564,4.119238520716,,,,,,,,,,,28253202.9772352,11172105.1043612,,,,,,,,,,,,,,,,,,,,,,,0
002028.SZ,002028,思源电气,10007268,通用,2002-12-31 00:00:00,年报,2002年报,058001001,2004-07-16 00:00:00,2004-07-16 00:00:00,CNY,0.6,0.0,,2.1,,0.888532245,0.67,101552200.17,59109032.92,21478531.86,21978323.74,11.3754403569,-1.224025861737,3.534771490775,,,,28.32,0.0,19.0576351776,21.0744878931,58.2055660252,0.004959222933,0.597819478144,0.238750555768,16.1735777845,1.812974390548,1.467552223101,0.536321476321,38.1892785814,1.61784230478,0.61784230478,398.098482356186,106.982581480195,117.332553154454,0.904298850549,3.365033774836,3.068202219431,,,,,,,,,,,,,,,,,,,,,,,,,0.0,16.0220994475,,29.457083744385,-9.459459459459,-29.3589423796,-55.200754192343,5.468785412499,2002,25.68364490387,-55.376014346206,,,,,,,,,,6.379862482281,2.820894449167,2.820894449167,0.709672035833,253.0,401392.095533597,84895.3828458498,16.828365483395,3.105699037683,8.392881476299,1.205018467745,21.392451949966,115.915932494405,224.316293303701,1.445728660159,0.623399648151,,66.9784610367,33.0215389633,261.853597959061,13.0263658709,62.339964815056,21992201.4140506,28472218.2457074,1.038549823179,0.861889575732,0.931426717686,1.132889002943,1.165964619687,,,,,,,,,46731153.31,,,,,,,,,1
002028.SZ,002028,思源电气,10007268,通用,2001-12-31 00:00:00,年报,2001年报,058001001,2004-07-16 00:00:00,2004-07-16 00:00:00,CNY,0.6,0.0,,1.81,,0.686352742778,0.74,91180066.13,49889022.56,21744692.52,21227963.73,,,,,,,40.09,0.0,42.5400803831,23.8480771543,54.7148348071,0.009867595388,0.524780124658,0.293174788795,15.1914028126,2.339164852945,2.079544473279,0.72214440988,36.2090816084,1.567621262107,0.567621262108,,83.789170766159,131.004121034194,,4.29649794488,2.748005155548,,,,,,,,,,,,,,,,,,,,,,,,,,,,,,,,,2001,57.555694605881,,,,,,,,,,,,2.532779614722,2.532779614722,0.709448134167,197.0,462842.975279188,110379.149847716,20.35216110472,2.914175233852,26.7774285395,1.053019959034,17.688539224295,123.534094936407,214.793497499996,1.969928750217,0.927317022204,,84.6990110558,15.3009889442,265.293048198107,9.7817157782,92.731702220366,-17242259.5573024,8556930.5529216,1.167230618678,1.041050060827,1.064032913072,1.229343510165,7.850466956548,,,,,,,,,37017106.64,,,,,,,,,1
