SECUCODE,SECURITY_CODE,SECURITY_NAME_ABBR,ORG_CODE,ORG_TYPE,REPORT_DATE,REPORT_TYPE,REPORT_DATE_NAME,SECURITY_TYPE_CODE,NOTICE_DATE,UPDATE_DATE,CURRENCY,SALES_SERVICES,DEPOSIT_INTERBANK_ADD,LOAN_PBC_ADD,OFI_BF_ADD,RECEIVE_ORIGIC_PREMIUM,RECEIVE_REINSURE_NET,INSURED_INVEST_ADD,DISPOSAL_TFA_ADD,RECEIVE_INTEREST_COMMISSION,BORROW_FUND_ADD,LOAN_ADVANCE_REDUCE,REPO_BUSINESS_ADD,RECEIVE_TAX_REFUND,RECEIVE_OTHER_OPERATE,OPERATE_INFLOW_OTHER,OPERATE_INFLOW_BALANCE,TOTAL_OPERATE_INFLOW,BUY_SERVICES,LOAN_ADVANCE_ADD,PBC_INTERBANK_ADD,PAY_ORIGIC_COMPENSATE,PAY_INTEREST_COMMISSION,PAY_POLICY_BONUS,PAY_STAFF_CASH,PAY_ALL_TAX,PAY_OTHER_OPERATE,OPERATE_OUTFLOW_OTHER,OPERATE_OUTFLOW_BALANCE,TOTAL_OPERATE_OUTFLOW,OPERATE_NETCASH_OTHER,OPERATE_NETCASH_BALANCE,NETCASH_OPERATE,WITHDRAW_INVEST,RECEIVE_INVEST_INCOME,DISPOSAL_LONG_ASSET,DISPOSAL_SUBSIDIARY_OTHER,REDUCE_PLEDGE_TIMEDEPOSITS,RECEIVE_OTHER_INVEST,INVEST_INFLOW_OTHER,INVEST_INFLOW_BALANCE,TOTAL_INVEST_INFLOW,CONSTRUCT_LONG_ASSET,INVEST_PAY_CASH,PLEDGE_LOAN_ADD,OBTAIN_SUBSIDIARY_OTHER,ADD_PLEDGE_TIMEDEPOSITS,PAY_OTHER_INVEST,INVEST_OUTFLOW_OTHER,INVEST_OUTFLOW_BALANCE,TOTAL_INVEST_OUTFLOW,INVEST_NETCASH_OTHER,INVEST_NETCASH_BALANCE,NETCASH_INVEST,ACCEPT_INVEST_CASH,SUBSIDIARY_ACCEPT_INVEST,RECEIVE_LOAN_CASH,ISSUE_BOND,RECEIVE_OTHER_FINANCE,FINANCE_INFLOW_OTHER,FINANCE_INFLOW_BALANCE,TOTAL_FINANCE_INFLOW,PAY_DEBT_CASH,ASSIGN_DIVIDEND_PORFIT,SUBSIDIARY_PAY_DIVIDEND,BUY_SUBSIDIARY_EQUITY,PAY_OTHER_FINANCE,SUBSIDIARY_REDUCE_CASH,FINANCE_OUTFLOW_OTHER,FINANCE_OUTFLOW_BALANCE,TOTAL_FINANCE_OUTFLOW,FINANCE_NETCASH_OTHER,FINANCE_NETCASH_BALANCE,NETCASH_FINANCE,RATE_CHANGE_EFFECT,CCE_ADD_OTHER,CCE_ADD_BALANCE,CCE_ADD,BEGIN_CCE,END_CCE_OTHER,END_CCE_BALANCE,END_CCE,NETPROFIT,ASSET_IMPAIRMENT,FA_IR_DEPR,OILGAS_BIOLOGY_DEPR,IR_DEPR,IA_AMORTIZE,LPE_AMORTIZE,DEFER_INCOME_AMORTIZE,PREPAID_EXPENSE_REDUCE,ACCRUED_EXPENSE_ADD,DISPOSAL_LONGASSET_LOSS,FA_SCRAP_LOSS,FAIRVALUE_CHANGE_LOSS,FINANCE_EXPENSE,INVEST_LOSS,DEFER_TAX,DT_ASSET_REDUCE,DT_LIAB_ADD,PREDICT_LIAB_ADD,INVENTORY_REDUCE,OPERATE_RECE_REDUCE,OPERATE_PAYABLE_ADD,OTHER,OPERATE_NETCASH_OTHERNOTE,OPERATE_NETCASH_BALANCENOTE,NETCASH_OPERATENOTE,DEBT_TRANSFER_CAPITAL,CONVERT_BOND_1YEAR,FINLEASE_OBTAIN_FA,UNINVOLVE_INVESTFIN_OTHER,END_CASH,BEGIN_CASH,END_CASH_EQUIVALENTS,BEGIN_CASH_EQUIVALENTS,CCE_ADD_OTHERNOTE,CCE_ADD_BALANCENOTE,CCE_ADDNOTE,SALES_SERVICES_YOY,DEPOSIT_INTERBANK_ADD_YOY,LOAN_PBC_ADD_YOY,OFI_BF_ADD_YOY,RECEIVE_ORIGIC_PREMIUM_YOY,RECEIVE_REINSURE_NET_YOY,INSURED_INVEST_ADD_YOY,DISPOSAL_TFA_ADD_YOY,RECEIVE_INTEREST_COMMISSION_YOY,BORROW_FUND_ADD_YOY,LOAN_ADVANCE_REDUCE_YOY,REPO_BUSINESS_ADD_YOY,RECEIVE_TAX_REFUND_YOY,RECEIVE_OTHER_OPERATE_YOY,OPERATE_INFLOW_OTHER_YOY,OPERATE_INFLOW_BALANCE_YOY,TOTAL_OPERATE_INFLOW_YOY,BUY_SERVICES_YOY,LOAN_ADVANCE_ADD_YOY,PBC_INTERBANK_ADD_YOY,PAY_ORIGIC_COMPENSATE_YOY,PAY_INTEREST_COMMISSION_YOY,PAY_POLICY_BONUS_YOY,PAY_STAFF_CASH_YOY,PAY_ALL_TAX_YOY,PAY_OTHER_OPERATE_YOY,OPERATE_OUTFLOW_OTHER_YOY,OPERATE_OUTFLOW_BALANCE_YOY,TOTAL_OPERATE_OUTFLOW_YOY,OPERATE_NETCASH_OTHER_YOY,OPERATE_NETCASH_BALANCE_YOY,NETCASH_OPERATE_YOY,WITHDRAW_INVEST_YOY,RECEIVE_INVEST_INCOME_YOY,DISPOSAL_LONG_ASSET_YOY,DISPOSAL_SUBSIDIARY_OTHER_YOY,REDUCE_PLEDGE_TIMEDEPOSITS_YOY,RECEIVE_OTHER_INVEST_YOY,INVEST_INFLOW_OTHER_YOY,INVEST_INFLOW_BALANCE_YOY,TOTAL_INVEST_INFLOW_YOY,CONSTRUCT_LONG_ASSET_YOY,INVEST_PAY_CASH_YOY,PLEDGE_LOAN_ADD_YOY,OBTAIN_SUBSIDIARY_OTHER_YOY,ADD_PLEDGE_TIMEDEPOSITS_YOY,PAY_OTHER_INVEST_YOY,INVEST_OUTFLOW_OTHER_YOY,INVEST_OUTFLOW_BALANCE_YOY,TOTAL_INVEST_OUTFLOW_YOY,INVEST_NETCASH_OTHER_YOY,INVEST_NETCASH_BALANCE_YOY,NETCASH_INVEST_YOY,ACCEPT_INVEST_CASH_YOY,SUBSIDIARY_ACCEPT_INVEST_YOY,RECEIVE_LOAN_CASH_YOY,ISSUE_BOND_YOY,RECEIVE_OTHER_FINANCE_YOY,FINANCE_INFLOW_OTHER_YOY,FINANCE_INFLOW_BALANCE_YOY,TOTAL_FINANCE_INFLOW_YOY,PAY_DEBT_CASH_YOY,ASSIGN_DIVIDEND_PORFIT_YOY,SUBSIDIARY_PAY_DIVIDEND_YOY,BUY_SUBSIDIARY_EQUITY_YOY,PAY_OTHER_FINANCE_YOY,SUBSIDIARY_REDUCE_CASH_YOY,FINANCE_OUTFLOW_OTHER_YOY,FINANCE_OUTFLOW_BALANCE_YOY,TOTAL_FINANCE_OUTFLOW_YOY,FINANCE_NETCASH_OTHER_YOY,FINANCE_NETCASH_BALANCE_YOY,NETCASH_FINANCE_YOY,RATE_CHANGE_EFFECT_YOY,CCE_ADD_OTHER_YOY,CCE_ADD_BALANCE_YOY,CCE_ADD_YOY,BEGIN_CCE_YOY,END_CCE_OTHER_YOY,END_CCE_BALANCE_YOY,END_CCE_YOY,NETPROFIT_YOY,ASSET_IMPAIRMENT_YOY,FA_IR_DEPR_YOY,OILGAS_BIOLOGY_DEPR_YOY,IR_DEPR_YOY,IA_AMORTIZE_YOY,LPE_AMORTIZE_YOY,DEFER_INCOME_AMORTIZE_YOY,PREPAID_EXPENSE_REDUCE_YOY,ACCRUED_EXPENSE_ADD_YOY,DISPOSAL_LONGASSET_LOSS_YOY,FA_SCRAP_LOSS_YOY,FAIRVALUE_CHANGE_LOSS_YOY,FINANCE_EXPENSE_YOY,INVEST_LOSS_YOY,DEFER_TAX_YOY,DT_ASSET_REDUCE_YOY,DT_LIAB_ADD_YOY,PREDICT_LIAB_ADD_YOY,INVENTORY_REDUCE_YOY,OPERATE_RECE_REDUCE_YOY,OPERATE_PAYABLE_ADD_YOY,OTHER_YOY,OPERATE_NETCASH_OTHERNOTE_YOY,OPERATE_NETCASH_BALANCENOTE_YOY,NETCASH_OPERATENOTE_YOY,DEBT_TRANSFER_CAPITAL_YOY,CONVERT_BOND_1YEAR_YOY,FINLEASE_OBTAIN_FA_YOY,UNINVOLVE_INVESTFIN_OTHER_YOY,END_CASH_YOY,BEGIN_CASH_YOY,END_CASH_EQUIVALENTS_YOY,BEGIN_CASH_EQUIVALENTS_YOY,CCE_ADD_OTHERNOTE_YOY,CCE_ADD_BALANCENOTE_YOY,CCE_ADDNOTE_YOY,OPINION_TYPE,OSOPINION_TYPE,MINORITY_INTEREST,MINORITY_INTEREST_YOY,USERIGHT_ASSET_AMORTIZE,USERIGHT_ASSET_AMORTIZE_YOY
600276.SH,600276,恒瑞医药,10002474,通用,2026-03-31 00:00:00,一季报,2026一季报,058001001,2026-04-23 00:00:00,2026-04-23 00:00:00,CNY,6671724436.36,,,,,,,,,,,,,252626908.49,,0.0,6924351344.85,379189175.2,,,,,,2166754419.69,698501493.04,2893460356.21,,0.0,6137905444.14,,0.0,786445900.71,,518588.51,10854350.55,,,,,0.0,11372939.06,704818964.87,30300000.0,,,,,,0.0,735118964.87,,0.0,-723746025.81,,,299534222.25,,,,0.0,299534222.25,300000000.0,,,,185251178.59,,,0.0,485251178.59,,0.0,-185716956.34,-349701516.56,,0.0,-472718598.0,40155552697.41,,0.0,39682834099.41,,,,,,,,,,,,,,,,,,,,,,,,,,,,,,,,,,,,,,9.5429946907,,,,,,,,,,,,,19.4855026724,,,9.8765641764,9.1654542076,,,,,,13.7053968545,7.1092547289,1.8220229922,,,6.8063191715,,,41.6575299508,,-97.2394668048,592.015951989,,,,,,-93.3239503529,0.3969995301,,,,,,,,4.7130427091,,,-36.1249848805,,,,,,,,,,,,,-71.976613488,,,,-26.5948997651,,,71.9061541796,-1280.4607840398,,,22.2423719637,65.6643571304,,,67.9258576889,,,,,,,,,,,,,,,,,,,,,,,,,,,,,,,,,,,,,,,,,,,
600276.SH,600276,恒瑞医药,10002474,通用,2025-12-31 00:00:00,年报,2025年报,058001001,2026-03-26 00:00:00,2026-03-26 00:00:00,CNY,33605876222.74,,,,,,,,,,,,,1228283666.84,,0.0,34834159889.58,2099963151.92,,,,,,7004960838.62,2787135744.23,11706722024.18,,0.0,23598781758.95,,0.0,11235378130.63,151000000.0,51492129.44,18911785.27,,,,,0.0,221403914.71,2961906284.58,,,,,,,0.0,2961906284.58,,0.0,-2740502369.87,10351937892.28,,1495572622.12,,418168545.0,,0.0,12265679059.4,1500000000.0,1284255700.45,,,1699715987.25,,,0.0,4483971687.7,,0.0,7781707371.7,-360132552.71,,0.0,15916450579.75,24239102117.66,,0.0,40155552697.41,7717002245.78,86914039.97,689203837.11,689203837.11,,114581839.37,97702799.02,,,,-4053134.77,3289843.5,-173573838.21,374481650.12,57480679.6,-403931406.24,-403782268.44,-149137.8,,-479237472.88,-1097175061.93,4134810119.38,53018404.41,,0.0,11235378130.63,,,,,40155552697.41,24239102117.66,,,,,15916450579.75,23.7930901762,,,,,,,,,,,,,-7.0939529178,,,22.3587220694,49.7673199618,,,,,,13.6533231508,21.7009890727,4.6141400019,,,12.1288484417,,,51.3640299231,-75.0613270326,-1.9293540035,-13.6516727279,,,,,,-67.4354375291,50.4118455787,,,,,,,,14.2764589841,,,-43.3327846859,,,86.9677565189,,,,,1433.3835762963,87.5212414499,0.7426665739,,,516.2817951561,,,,90.7667654087,,,601.8545999794,-4966.2935525287,,,301.1629056759,19.5721732374,,,65.6643571304,21.7770043216,167.1126931609,5.218486067,5.218486067,,70.3465048368,3.0730548936,,,,24.91291517,-33.458261244,-59.7833060572,20432.3703581191,340.824452985,-1645.4925096224,-613.1635394401,-100.4454924245,,-253.3396639133,-192.0353792156,515.8410609174,-74.6632888938,,,51.3640299231,,,,,65.6643571304,19.5721732374,,,,,301.1629056759,标准无保留意见,,,,40981909.26,-23.7467663241
600276.SH,600276,恒瑞医药,10002474,通用,2025-09-30 00:00:00,三季报,2025三季报,058001001,2025-10-28 00:00:00,2025-10-28 00:00:00,CNY,26173262016.04,,,,,,,,,,,,,799560767.34,,0.0,26972822783.38,1167102744.63,,,,,,5462509586.42,1839015825.49,9393764336.57,,0.0,17862392493.11,,0.0,9110430290.27,151000000.0,30047582.88,7147978.59,,,,,0.0,188195561.47,1714462484.69,,,,,,,0.0,1714462484.69,,0.0,-1526266923.22,10351937892.28,,428335302.78,,,,0.0,10780273195.06,,1274130192.8,,,1415122611.08,,,0.0,2689252803.88,,0.0,8091020391.18,-146577748.58,,0.0,15528606009.65,24239102117.66,,0.0,39767708127.31,,,,,,,,,,,,,,,,,,,,,,,,,,,,,,,,,,,,,,30.8653669894,,,,,,,,,,,,,46.2647909939,,,31.2750727088,3.2402814024,,,,,,18.4731301217,11.3009219187,9.639961418,,,11.9102789804,,,98.6814428117,-24.5,-30.1825812767,-12.6553673884,,,,,,-25.0876540368,12.4482859985,,,,,,,,-19.3067868354,,,18.5315976977,,,-46.4520215106,,,,,1247.686808471,,-0.0516227881,,,510.6621236675,,,,16.5978939057,,,637.0654647603,-590.7686547965,,,1211.2542043948,19.5721732374,,,85.34729434,,,,,,,,,,,,,,,,,,,,,,,,,,,,,,,,,,,,,,,,,,,
600276.SH,600276,恒瑞医药,10002474,通用,2025-06-30 00:00:00,中报,2025中报,058001001,2025-08-21 00:00:00,2025-08-21 00:00:00,CNY,15666363464.51,,,,,,,,,,,,,457430575.96,,0.0,16123794040.47,910938758.61,,,,,,3558646926.64,1367794099.13,5985961004.69,,0.0,11823340789.07,,0.0,4300453251.4,150000000.0,29112592.22,3719423.42,,,,,0.0,182832015.64,1267564947.42,,,,,,,0.0,1267564947.42,,0.0,-1084732931.78,10351937892.28,,,,,,0.0,10351937892.28,,1274130192.8,,,1038312699.07,,,0.0,2312442891.87,,0.0,8039495000.41,48287663.47,,0.0,11303502983.5,24239102117.66,,0.0,35542605101.16,4454670657.21,9443508.19,347244043.34,347244043.34,,52108856.42,43231966.88,,,,-2311106.15,1875878.05,-111263854.42,-36624580.62,12354120.47,-21405272.89,-32699770.72,11294497.83,,-173390260.24,-691831578.87,280027724.23,126931999.62,,0.0,4300453251.4,,,,,35542605101.16,24239102117.66,,,,,11303502983.5,15.9979705318,,,,,,,,,,,,,37.5327615965,,,16.5155491587,16.0899642997,,,,,,14.7656903698,8.8514294464,5.6933310804,,,9.4189992526,,,41.8002270743,,-17.3492738259,-36.5033366327,,,,,,345.0491905575,31.3983073452,,,,,,,,-18.9885452587,,,28.8042578289,,,,,,,,1194.1388299816,,124820.4503049527,,,654.8753620006,,,,146.4038155339,,,5901.8610345005,927.0629706752,,,728.2432367034,19.5721732374,,,64.2731741365,29.9445351567,159.7068739672,10.6902052492,10.6902052492,,84.6263027415,-11.9086751384,,,,-14.6718748032,0.4044523213,-1375.2182176684,-207.0141761456,105.6332633224,74.0013309973,60.9722915154,676.8677758273,,-322.7539807101,72.8541902053,-82.6600627839,15.533690644,,,41.8002270743,,,,,64.2731741365,19.5721732374,,,,,728.2432367034,,,,,19206978.25,-43.1989958896
600276.SH,600276,恒瑞医药,10002474,通用,2025-03-31 00:00:00,一季报,2025一季报,058001001,2025-04-25 00:00:00,2026-04-23 00:00:00,CNY,6090507617.76,,,,,,,,,,,,,211428920.53,,0.0,6301936538.29,347352720.65,,,,,,1905586260.31,652139252.4,2841684216.42,,0.0,5746762449.78,,0.0,555174088.51,150000000.0,18785809.6,1568511.61,,,,,0.0,170354321.21,702031901.52,,,,,,,0.0,702031901.52,,0.0,-531677580.31,,,,,,,,,,,,,661059213.92,,,0.0,661059213.92,,0.0,-661059213.92,29624153.66,,0.0,-607938552.06,24239102117.66,,0.0,23631163565.6,,,,,,,,,,,,,,,,,,,,,,,,,,,,,,,,,,,,,,21.8436328172,,,,,,,,,,,,,-81.3256905964,,,2.703451477,9.1721471336,,,,,,24.3723560415,39.4062080971,10.8594041725,,,17.7264861073,,,-55.7488784242,,108.5055343991,-3.2903230942,,,,,,1502.3367303885,25.1345004668,,,,,,,,-7.7514144089,,,29.1465225855,,,,,,,,,,,,,3545.2972511318,,,,3545.2972511318,,,-3545.2972511318,262.6969060548,,,-229.9386307401,19.5721732374,,,13.9433867886,,,,,,,,,,,,,,,,,,,,,,,,,,,,,,,,,,,,,,,,,,,
600276.SH,600276,恒瑞医药,10002474,通用,2024-12-31 00:00:00,年报,2024年报,058001001,2025-03-31 00:00:00,2026-03-26 00:00:00,CNY,27146811001.25,,,,,,,,,,,,,1322070742.88,,0.0,28468881744.13,1402150450.75,,,,,,6163445682.38,2290150446.16,11190382126.13,,0.0,21046128705.42,,0.0,7422753038.71,605485304.68,52505139.45,21901739.0,,,,,0.0,679892183.13,1969197487.86,622680411.5,,,,,,0.0,2591877899.36,,0.0,-1911985716.23,,,799909380.08,,,,0.0,799909380.08,799909380.08,1274788274.05,,,275801751.83,,,0.0,2350499405.96,,0.0,-1550590025.88,7400551.34,,0.0,3967577847.94,20271524269.72,,0.0,24239102117.66,6336994647.53,32538341.38,655021624.88,655021624.88,,67263980.25,94789854.75,,,,-5397912.01,4944029.96,-108630771.57,-1841800.26,-23868290.32,-23141400.15,-56618467.73,33477067.58,,-135630816.98,-375699363.85,671408644.5,209255274.64,,0.0,7422753038.71,,,,,24239102117.66,20271524269.72,,,,,3967577847.94,12.6707829641,,,,,,,,,,,,,2.0486172943,,,11.8397201723,19.1676814148,,,,,,7.1508017762,40.2053617112,20.987056543,,,18.1609533619,,,-2.8901323339,-76.7791041781,-45.0245980602,8.5109527407,,,,,,-75.0332669275,32.7138726921,3544.4813459545,,,,,,,72.6908570711,,,-256.4233073152,,,3691.039716019,,,,,3691.039716019,-37.5607384217,24.6337935922,,,-67.9895515957,,,,-25.746963221,,,50.6876651206,-40.9521258086,,,-30.8071566935,39.4435891539,,,19.5721732374,48.1360507659,-69.6517575086,4.2331570227,4.2331570227,,76.561688912,6.1456982373,,,,-70.684382932,-20.425835983,-286.4684180969,-131.1969871174,-5.443169106,76.4991856954,30.6645248704,299.1271864457,,-205.054048069,-118.4533294018,112.9275974547,277.2490907615,,,-2.8901323339,,,,,19.5721732374,39.4435891539,,,,,-30.8071566935,标准无保留意见,,,,53744487.0,40.9897545124
600276.SH,600276,恒瑞医药,10002474,通用,2024-09-30 00:00:00,三季报,2024三季报,058001001,2024-10-25 00:00:00,2025-10-28 00:00:00,CNY,20000144131.46,,,,,,,,,,,,,546652931.24,,0.0,20546797062.7,1130472262.16,,,,,,4610758220.71,1652291637.65,8567828933.06,,0.0,15961351053.58,,0.0,4585446009.12,200000000.0,43037372.95,8183649.5,,,,,0.0,251221022.45,1524667512.24,600000000.0,,,,,,0.0,2124667512.24,,0.0,-1873446489.79,,,799909380.08,,,,0.0,799909380.08,799909380.08,1274788274.05,,,231735776.01,,,0.0,2306433430.14,,0.0,-1506524050.06,-21219513.59,,0.0,1184255955.68,20271524269.72,,0.0,21455780225.4,,,,,,,,,,,,,,,,,,,,,,,,,,,,,,,,,,,,,,27.5216187943,,,,,,,,,,,,,-24.9926432732,,,24.8569520682,34.9823026509,,,,,,4.5249888735,54.234651729,47.0250050527,,,31.3972759032,,,6.4187304885,-92.0239343265,-51.9097957907,-38.1534646592,,,,,,-90.3755109924,11.2511953756,27578.5961416037,,,,,,,54.7868692217,,,-251.3790394268,,,3691.039716019,,,,,3691.039716019,-36.7660569107,24.6538438136,,,-71.8555619748,,,,-25.8630164444,,,51.2442768433,-207.736078565,,,-52.1746649871,39.4435891539,,,26.1092305048,,,,,,,,,,,,,,,,,,,,,,,,,,,,,,,,,,,,,,,,,,,
600276.SH,600276,恒瑞医药,10002474,通用,2024-06-30 00:00:00,中报,2024中报,058001001,2024-08-22 00:00:00,2025-08-21 00:00:00,CNY,13505722033.49,,,,,,,,,,,,,332597535.78,,0.0,13838319569.27,784683468.64,,,,,,3100793377.51,1256569717.17,5663518164.77,,0.0,10805564728.09,,0.0,3032754841.18,,35223637.55,5857667.51,,,,,0.0,41081305.06,964673726.04,600000000.0,,,,,,0.0,1564673726.04,,0.0,-1523592420.98,,,799909380.08,,,,0.0,799909380.08,799909380.08,1019953.25,,,137547567.63,,,0.0,938476900.96,,0.0,-138567520.88,-5838450.66,,0.0,1364756448.66,20271524269.72,,0.0,21636280718.38,3428132358.04,-15816450.54,313708012.88,313708012.88,,28223961.4,49076304.56,,,,-2015408.01,1868321.58,-7542196.34,-11929279.97,6007841.47,-82332187.42,-83786038.15,1453850.73,,77839354.29,-2548575946.35,1614929285.73,109865787.99,,0.0,3032754841.18,,,,,21636280718.38,20271524269.72,,,,,1364756448.66,17.3560767384,,,,,,,,,,,,,-45.1957157356,,,13.9401871137,5.5095303242,,,,,,2.5943036147,36.0322390424,23.6554659681,,,16.5661331109,,,5.4743407099,,-49.9606443962,34.3809935765,,,,,,-97.9310903823,-2.0909430441,27578.5961416037,,,,,,,58.4571169129,,,-252.6329054184,,,7899.0938008,,,,,7340.6921751328,-36.5151285651,-99.8962916568,,,-64.6483248635,,,,-64.3512481071,,,94.7148255711,-121.0747903861,,,6.667970766,39.4435891539,,,36.7923361399,49.6735784895,,13.2275717965,13.2275717965,,114.8390599724,14.9341068442,,,,22.7179227047,1.8083516617,-127.3040035958,-245.9356438401,121.0157030748,-41657.1007475758,-1791.6424339224,128.2295109876,,64.7412676548,-1933.8386754256,5426.7878763442,22.0035416904,,,5.4743407099,,,,,36.7923361399,39.4435891539,,,,,6.667970766,,,,,33814504.78,109.5701307036
600276.SH,600276,恒瑞医药,10002474,通用,2024-03-31 00:00:00,一季报,2024一季报,058001001,2024-04-18 00:00:00,2025-04-25 00:00:00,CNY,4998626088.98,,,,,,,,,,,,5233902.35,1132191375.65,,0.0,6136051366.98,318169725.31,,,,,,1532162227.17,467797855.85,2563322649.65,,0.0,4881452457.98,,0.0,1254598909.0,,9009741.47,1621876.59,,,,,0.0,10631618.06,561021859.6,200000000.0,,,,,,0.0,761021859.6,,0.0,-750390241.54,,,,,,,,,,,,,18134576.37,,,0.0,18134576.37,,0.0,-18134576.37,-18208185.01,,0.0,467865906.08,20271524269.72,,0.0,20739390175.8,,,,,,,,,,,,,,,,,,,,,,,,,,,,,,,,,,,,,,38.4422171672,,,,,,,,,,,,28.0661370633,181.4964632783,,,52.7553570493,90.1543712039,,,,,,5.9619152709,91.1600218709,31.793617054,,,28.3598048718,,,486.3453412077,,-73.8587034984,-38.0726769759,,,,,,-98.9843421559,45.8013694662,9601.626477679,,,,,,,96.7244782718,,,-213.7084008414,,,,,,,,,,,,,-91.4539003745,,,,-98.7703712708,,,98.7619767601,-81.3753279027,,,177.8549554457,39.4435891539,,,48.8135655331,,,,,,,,,,,,,,,,,,,,,,,,,,,,,,,,,,,,,,,,,,,
600276.SH,600276,恒瑞医药,10002474,通用,2023-12-31 00:00:00,年报,2023年报,058001001,2024-04-18 00:00:00,2025-03-31 00:00:00,CNY,24093922387.94,,,,,,,,,,,,65619728.74,1295530285.4,,0.0,25455072402.08,1176619729.53,,,,,,5752122784.16,1633425725.1,9249239088.77,,0.0,17811407327.56,,0.0,7643665074.52,2607501921.22,95506604.04,20183897.06,,,,,0.0,2723192422.32,1483791745.29,17085570.0,,,,,,0.0,1500877315.29,,0.0,1222315107.03,,,21100000.0,,,,0.0,21100000.0,1281100000.0,1022827146.08,,,861599151.46,,,0.0,3165526297.54,,0.0,-3144426297.54,12533137.63,,0.0,5734087021.64,14537437248.08,,0.0,20271524269.72,4277820702.5,107216559.21,628419634.97,628419634.97,,38096588.6,89301645.12,,,,-3162510.78,6213109.52,58256927.73,5903776.07,-22636165.55,-98470631.06,-81658728.99,-16811902.07,,129105750.3,2035943518.21,315322509.87,55468728.69,,0.0,7643665074.52,,,,,20271524269.72,14537437248.08,,,,,5734087021.64,29.7643795512,,,,,,,,,,,,-74.7839099915,78.1184209347,,,30.1716087585,9.6241260873,,,,,,-7.7323359957,-13.6364322238,1.7415280828,,,-2.6153398946,,,504.1159202293,-72.8452081618,-42.6359369132,-0.1438653034,,,,,,-72.2833512574,-25.5191072073,-99.770436923,,,,,,,-84.0921551371,,,213.1817596296,,,-98.3253968254,,,,,-98.8270319531,,0.7172894933,,,-21.8208420292,,,,49.4846946809,,,-886.4241401244,-84.4303762943,,,304.5835918159,10.8023193477,,,39.4435891539,12.127443064,-26.9065487998,21.6362455852,21.6362455852,,69.4547626381,34.773235566,,,,42.223585678,400.5368265553,176.1503311767,-9.0586874867,95.0504248233,-345.4147875512,0.0112959117,-128.2266775957,,345.093314697,189.1171787901,161.7011562936,58.5695217363,,,504.1159202293,,,,,39.4435891539,10.8023193477,,,,,304.5835918159,标准无保留意见,,,,38119427.32,-1.6835458312
600276.SH,600276,恒瑞医药,10002474,通用,2023-09-30 00:00:00,三季报,2023三季报,058001001,2023-10-26 00:00:00,2024-10-25 00:00:00,CNY,15683728234.13,,,,,,,,,,,,43742611.75,728799087.31,,0.0,16456269933.19,837496649.53,,,,,,4411153993.32,1071284318.49,5827463790.93,,0.0,12147398752.27,,0.0,4308871180.92,2507501921.22,89493013.51,13232187.47,,,,,0.0,2610227122.2,1370472925.79,2167740.0,,,,,,0.0,1372640665.79,,0.0,1237586456.41,,,21100000.0,,,,0.0,21100000.0,1265000000.0,1022662627.2,,,823380363.12,,,0.0,3111042990.32,,0.0,-3089942990.32,19695828.8,,0.0,2476210475.81,14537437248.08,,0.0,17013647723.89,,,,,,,,,,,,,,,,,,,,,,,,,,,,,,,,,,,,,,3.731013646,,,,,,,,,,,,-79.3873811772,60.9566152461,,,4.2551012856,21.5388362556,,,,,,-2.8172248129,-13.1160435787,-18.336332785,,,-10.6614733986,,,96.9702643213,-70.8845360626,-30.6623951623,-18.6409214183,,,,,,-70.3168967214,-10.6960640814,-99.9619992827,,,,,,,-81.038485637,,,-20.3898468802,,,,,,,,-96.4087632051,,2.2877441998,,,-28.3133855971,,,,44.8092491234,,,-97.9677103654,-77.2951738026,,,9.1780196176,10.8023193477,,,10.5629158101,,,,,,,,,,,,,,,,,,,,,,,,,,,,,,,,,,,,,,,,,,,
600276.SH,600276,恒瑞医药,10002474,通用,2023-06-30 00:00:00,中报,2023中报,058001001,2023-08-19 00:00:00,2024-08-22 00:00:00,CNY,11508327824.89,,,,,,,,,,,,30038928.3,606882363.75,,0.0,12145249116.94,743708616.87,,,,,,3022383571.27,923729349.76,4580079109.67,,0.0,9269900647.57,,0.0,2875348469.37,1910899190.97,70391868.81,4359000.0,,,,,0.0,1985650059.78,985275270.78,2167740.0,,,,,,0.0,987443010.78,,0.0,998207049.0,750470.0,,10000000.0,,,,0.0,10750470.0,1260000000.0,983482349.16,,,389083592.5,,,0.0,2632565941.66,,0.0,-2621815471.66,27703481.52,,0.0,1279443528.23,14537437248.08,,0.0,15816880776.31,2290405823.55,,277059737.22,277059737.22,,13137257.91,42699513.58,,,,-2607859.52,1835135.87,27623041.85,8174342.92,-28587392.24,-197169.31,4952940.2,-5150109.51,,47249456.92,138974926.23,-30317131.51,90051310.37,,0.0,2875348469.37,,,,,15816880776.31,14537437248.08,,,,,1279443528.23,26.8716716375,,,,,,,,,,,,-85.0778200086,98.0386137115,,,26.7957722969,37.8264918606,,,,,,-5.805831322,-8.8469646513,15.3232324511,,,6.1458960335,,,240.1079165668,-63.8869584021,31.3749816478,-70.6021729101,,,,,,-63.2007070309,-33.3891284396,-99.9573467576,,,,,,,-84.950705029,,,185.6463514573,-97.4984333333,,,,,,,-98.1203956793,,,,,-27.7852339958,,,,388.6099982938,,,-8004.8593901675,-31.3235117908,,,618.8966834192,10.8023193477,,,22.8630520035,10.751448629,,9.1804603152,9.1804603152,,39.9339975704,20.2733660087,,,,-665.7222118301,144.1168529455,271.4702791757,238.6836764643,66.3928525128,99.5990196784,109.9933485825,-1418.67791242,,136.3735891728,111.2181730202,86.151480897,913.5140682529,,,240.1079165668,,,,,22.8630520035,10.8023193477,,,,,618.8966834192,,,,,16135173.78,9.7533094868
600276.SH,600276,恒瑞医药,10002474,通用,2023-03-31 00:00:00,一季报,2023一季报,058001001,2023-04-22 00:00:00,2024-04-18 00:00:00,CNY,3610622678.01,,,,,,,,,,,,4086874.54,402204476.2,,0.0,4016914028.75,167321804.54,,,,,,1445955580.6,244715318.23,1944952044.68,,0.0,3802944748.05,,0.0,213969280.7,1009687069.75,34465549.44,2619000.0,,,,,0.0,1046771619.19,384785041.22,2061510.0,,,,,,0.0,386846551.22,,0.0,659925067.97,,,10000000.0,,,,0.0,10000000.0,1260000000.0,2603856.08,,,212197109.38,,,0.0,1474800965.46,,0.0,-1464800965.46,-10038953.6,,0.0,-600945570.39,14537437248.08,,0.0,13936491677.69,,,,,,,,,,,,,,,,,,,,,,,,,,,,,,,,,,,,,,-21.3964037505,,,,,,,,,,,,-95.1282070563,143.2067247775,,,-17.0525480819,-54.6118959881,,,,,,-7.2058937893,-12.5522716116,-21.8246522247,,,-18.994326165,,,44.5184120138,-70.6782507752,16.1425514327,360.4519588266,,,,,,-69.8659663049,-45.0145907708,-99.9143438557,,,,,,,-87.5472792564,,,79.7198444759,,,,,,,,,,,,,-57.863098663,,,,192.8576310719,,,-190.8718876534,-115.7165152577,,,-8672.9276036584,10.8023193477,,,6.1652742869,,,,,,,,,,,,,,,,,,,,,,,,,,,,,,,,,,,,,,,,,,,
600276.SH,600276,恒瑞医药,10002474,通用,2022-12-31 00:00:00,年报,2022年报,058001001,2023-04-22 00:00:00,2024-04-18 00:00:00,CNY,18567439285.94,,,,,,,,,,,,260229594.35,727342112.4,,0.0,19555010992.69,1073321878.61,,,,,,6234169734.58,1891336552.16,9090918195.41,,0.0,18289746360.76,,0.0,1265264631.93,9602363872.85,166492049.03,20212976.52,36045413.27,,,,0.0,9825114311.67,1992177711.16,7442647233.57,,,,,,0.0,9434824944.73,,0.0,390289366.94,378863693.27,378863693.27,1260000000.0,,159991787.52,,0.0,1798855480.79,,1015542764.53,,,1102082925.71,,,0.0,2117625690.24,,0.0,-318770209.45,80497370.18,,0.0,1417281159.6,13120156088.48,,0.0,14537437248.08,3815141579.62,146684220.61,516638467.38,516638467.38,,22481863.6,66260667.22,,,,-5473705.52,1241289.19,-76502527.08,6491852.72,-457335523.59,-22107625.03,-81667954.13,59560329.1,,-52676161.51,-2284569087.41,-511047975.13,34980700.0,,0.0,1265264631.93,,,,,14537437248.08,13120156088.48,,,,,1417281159.6,-25.8011927762,,,,,,,,,,,,55.3647305158,49.8972942218,,,-23.8412037476,4.5744468563,,,,,,-12.7468385134,6.5616554373,-21.0285008989,,,-14.7641605124,,,-70.009011629,-31.6294019457,-35.9071400068,25.4424431105,,,,,,-31.3910754749,19.6765316862,-43.6252299052,,,,,,,-36.5372970111,,,171.4471502357,10.7788576813,10.7788576813,,,,,,425.9811347339,,-4.7553274235,,,302.1091710264,,,,57.993823884,,,68.0693936383,577.2635257868,,,-46.6659159036,25.3982392021,,,10.8023193477,-14.9170672171,958.2461907135,6.7177774947,6.7177774947,,95.8731614663,225.9975555497,,,,-62.3646520006,-28.3214085866,-111.1425916647,37.824331953,-81.0562627444,76.3251928273,7.6114286799,1294.979049601,,91.6548394074,-163.1186797025,-163.1160178727,-86.1825259666,,,-70.009011629,,,,,10.8023193477,25.3982392021,,,,,-46.6659159036,标准无保留意见,,,,38772174.65,56.2519328014
600276.SH,600276,恒瑞医药,10002474,通用,2022-09-30 00:00:00,三季报,2022三季报,058001001,2022-10-29 00:00:00,2023-10-26 00:00:00,CNY,15119613395.13,,,,,,,,,,,,212212781.53,452792254.73,,0.0,15784618431.39,689077397.26,,,,,,4539028634.27,1233005911.12,7135932036.44,,0.0,13597043979.09,,0.0,2187574452.3,8612268472.23,129068510.11,16263934.77,36045413.27,,,,0.0,8793646330.38,1534616488.84,5704471273.43,,,,,,0.0,7239087762.27,,0.0,1554558568.11,45587429.6,45587429.6,,,541953888.48,,0.0,587541318.08,,999789989.7,,,1148583135.05,,,0.0,2148373124.75,,0.0,-1560831806.67,86747322.48,,0.0,2268048536.22,13120156088.48,,0.0,15388204624.7,,,,,,,,,,,,,,,,,,,,,,,,,,,,,,,,,,,,,,-22.9326542898,,,,,,,,,,,,415.2163052278,103.6919142879,,,-20.6092343679,-8.9635913283,,,,,,-12.3563806962,-10.6511163419,-21.3064207429,,,-17.0095908237,,,-37.4676880214,-10.8619050591,-23.200876651,3.5650025018,,,,,,-10.6834051883,15.4530877287,-28.3795947034,,,,,,,-22.1107731421,,,181.9304953539,-85.5735982278,-85.5735982278,,,,,,85.9307968608,,-6.2327323475,,,12430.4418747604,,,,99.7719861109,,,-105.5314583138,9994.9000829486,,,-31.0501790841,25.396878108,,,11.8953037128,,,,,,,,,,,,,,,,,,,,,,,,,,,,,,,,,,,,,,,,,,,
600276.SH,600276,恒瑞医药,10002474,通用,2022-06-30 00:00:00,中报,2022中报,058001001,2022-08-20 00:00:00,2023-08-19 00:00:00,CNY,9070841170.73,,,,,,,,,,,,201303886.68,306446481.51,,0.0,9578591538.92,539597726.7,,,,,,3208673757.29,1013382984.15,3971514682.97,,0.0,8733169151.11,,0.0,845422387.81,5291437958.19,53580878.13,14827626.5,36045413.27,,,,0.0,5395891876.09,1479150846.85,5082239654.71,,,,,,0.0,6561390501.56,,0.0,-1165498625.47,30000000.0,30000000.0,,,541953888.48,,0.0,571953888.48,,,,,538786752.39,,,0.0,538786752.39,,0.0,33167136.09,40339106.21,,0.0,-246569995.36,13120156088.48,,0.0,12873586093.12,2068059471.82,,253763115.14,253763115.14,,9388181.67,35502052.53,,,,460978.81,751744.85,-16109521.71,2413562.71,-85063429.59,-49171817.02,-49562368.0,390550.98,,19989313.14,-1238837429.05,-218919664.15,8885057.76,,0.0,845422387.81,,,,,12873586093.12,13120156088.48,,,,,-246569995.36,-27.557333689,,,,,,,,,,,,388.7313760062,175.0438704341,,,-24.4233758366,29.550488062,,,,,,-8.2802013176,-20.3236207344,-33.6865108974,,,-21.855958007,,,-43.5738400176,-36.2040763584,-47.5420730843,-2.1175368478,,,,,,-35.8518456155,104.8945273682,-25.801347505,,,,,,,-13.3399403515,,,-238.717383039,-90.5063291139,-90.5063291139,,,,,,80.9980659747,,,,,5777.8819553362,,,,-49.8995317083,,,104.3674724077,600.6037846033,,,-115.6950310273,25.3982392021,,,6.9785783913,-22.3234831424,,9.0279989134,9.0279989134,,103.5393077085,139.677404453,,,,120.1821523413,-20.041764916,-254.4668800074,135.499906427,16.7193348006,-512.2425950111,-812.7509196484,115.0129474094,,103.4948044248,-26.5942534583,-14.8790445828,-97.6883814333,,,-43.5738400176,,,,,6.9785783913,25.3982392021,,,,,-115.6950310273,,,,,14701309.56,170.0047890726
600276.SH,600276,恒瑞医药,10002474,通用,2022-03-31 00:00:00,一季报,2022一季报,058001001,2022-04-23 00:00:00,2023-04-22 00:00:00,CNY,4593457361.1,,,,,,,,,,,,83888510.6,165375557.18,,0.0,4842721428.88,368646825.38,,,,,,1558240754.34,279841824.07,2487935263.52,,0.0,4694664667.31,,0.0,148056761.57,3443474882.79,29675212.93,568788.98,,,,,0.0,3473718884.7,699794812.14,2406727522.9,,,,,,0.0,3106522335.04,,0.0,367196549.66,,,,,,,,,,,,,503589734.05,,,0.0,503589734.05,,0.0,-503589734.05,-4653771.45,,0.0,7009805.73,13120156088.48,,0.0,13127165894.21,,,,,,,,,,,,,,,,,,,,,,,,,,,,,,,,,,,,,,-34.9958966429,,,,,,,,,,,,,57.615223478,,,-32.4711306574,5.8256910873,,,,,,-20.6655437871,-52.5184371336,-38.8741718462,,,-32.6645020486,,,-25.7059652213,-46.306581164,-41.1395845208,-17.3736880622,,,,,,-46.2632018769,134.1347116913,-49.4905517889,,,,,,,-38.6522419772,,,-73.7815895505,,,,,,,,,,,,,,,,,,,,,-226.5451193039,,,-99.5614456041,25.3982392021,,,8.8381519777,,,,,,,,,,,,,,,,,,,,,,,,,,,,,,,,,,,,,,,,,,,
600276.SH,600276,恒瑞医药,10002474,通用,2021-12-31 00:00:00,年报,2021年报,058001001,2022-04-23 00:00:00,2023-04-22 00:00:00,CNY,25023905343.85,,,,,,,,,,,,167495926.19,485226979.03,,0.0,25676628249.07,1026371079.05,,,,,,7144921316.73,1774875347.42,11511644452.6,,0.0,21457812195.8,,0.0,4218816053.27,14044580779.05,259766921.07,16113347.3,,,,,0.0,14320461047.42,1664635232.23,13202088844.09,,,,,,0.0,14866724076.32,,0.0,-546263028.9,342000000.0,342000000.0,,,,,0.0,342000000.0,,1066246265.6,,,274075550.9,,,0.0,1340321816.5,,0.0,-998321816.5,-16866440.83,,0.0,2657364767.04,10462791321.44,,0.0,13120156088.48,4484026883.93,13861067.67,484116591.92,484116591.92,,11477766.24,20325510.45,,,,-3371242.11,1731743.28,-36232636.19,4710237.03,-252593042.99,-93380380.54,-88396165.2,-4984215.34,,-631218068.55,-868265639.67,809696163.28,253162769.95,,0.0,4218816053.27,,,,,13120156088.48,10462791321.44,,,,,2657364767.04,3.5934662981,,,,,,,,,,,,23373.1725928923,27.6993785127,,,4.6463986631,-10.5831493224,,,,,,26.9433135906,-41.2781622797,1.8204330088,,,1.6734966728,,,22.9282108398,-52.6245094334,-23.9167352544,353.0850955917,,,,,,-52.2495743478,200.2975924128,-52.2322325836,,,,,,,-47.2669051988,,,-130.3845968128,-74.0966446223,129.3695227115,,,,,,-74.0966446223,,4.8292012391,,,2188.3784591015,,,,30.2416300108,,,-442.844091754,81.0657183655,,,-51.0782973734,107.969811859,,,25.3982392021,-28.9252996927,252.4825900745,10.1854698078,10.1854698078,,27.1950380504,-25.4674730728,,,,-12.9983723805,-24.2050440547,-119.631670178,,26.0178960295,-597.033491223,-773.5438990056,-188.0058628018,,-263.5722856799,75.0955995529,264.528591842,-38.9196629578,,,22.9282108398,,,,,25.3982392021,107.969811859,,,,,-51.0782973734,标准无保留意见,,,,24813884.83,
600276.SH,600276,恒瑞医药,10002474,通用,2021-09-30 00:00:00,三季报,2021三季报,058001001,2021-10-20 00:00:00,2022-10-29 00:00:00,CNY,19618702650.01,,,,,,,,,,,,41189065.52,222292699.4,,0.0,19882184414.93,756925066.92,,,,,,5178960739.33,1379990281.51,9067997800.85,,0.0,16383873888.61,,0.0,3498310526.32,9661714756.12,168059874.23,15704083.79,,,,,0.0,9845478714.14,1329212166.63,7964868740.7,,,,,,0.0,9294080907.33,,0.0,551397806.81,316000000.0,316000000.0,,,,,0.0,316000000.0,,1066246265.6,,,9166341.83,,,0.0,1075412607.43,,0.0,-759412607.43,-876687.2,,0.0,3289419038.5,10462904887.62,,0.0,13752323926.12,,,,,,,,,,,,,,,,,,,,,,,,,,,,,,,,,,,,,,6.7118075889,,,,,,,,,,,,,1.6554480884,,,6.873778767,3.774606728,,,,,,35.3956742235,-26.2100138338,10.6894374603,,,12.0885896011,,,-12.2467032126,-53.366341334,-34.3206032645,1110.3761384096,,,,,,-53.0620192107,266.5728609814,-56.6272093075,,,,,,,-50.3689680417,,,-75.4842251878,-60.9835115127,2391.9208790486,,,,,,-60.9835115127,,4.8292012391,,,-23.4661423697,,,,4.4998963693,,,-246.4631620358,73.5334041965,,,-45.2965291254,107.9720692238,,,24.5219082314,,,,,,,,,,,,,,,,,,,,,,,,,,,,,,,,,,,,,,,,,,,
600276.SH,600276,恒瑞医药,10002474,通用,2021-06-30 00:00:00,中报,2021中报,058001001,2021-08-20 00:00:00,2022-08-20 00:00:00,CNY,12521407110.82,,,,,,,,,,,,41189065.52,111417309.91,,0.0,12674013486.25,416515394.71,,,,,,3498343654.68,1271873789.31,5988999729.49,,0.0,11175732568.19,,0.0,1498280918.06,8294319850.15,102140670.21,15148399.44,,,,,0.0,8411608919.8,721908420.81,6849503978.6,,,,,,0.0,7571412399.41,,0.0,840196520.39,316000000.0,316000000.0,,,,,0.0,316000000.0,,1066246265.6,,,9166341.83,,,0.0,1075412607.43,,0.0,-759412607.43,-8058090.54,,0.0,1571006740.48,10462791321.44,,0.0,12033798061.92,2662399854.53,,232750410.6,232750410.6,,4612466.15,14812431.99,,,,-2284091.42,940171.89,10429110.57,1024867.8,-102140670.21,-8031426.99,-5429999.24,-2601427.75,,-571972296.88,-978588992.16,-190565359.37,384365218.73,,0.0,1498280918.06,,,,,12033798061.92,10462791321.44,,,,,1571006740.48,8.2655502014,,,,,,,,,,,,,-36.5185575028,,,7.9469032006,94.8507505955,,,,,,46.5408573015,-4.5185036074,35.1535972435,,,33.6113153931,,,-55.6276468569,-16.1502193471,-47.0284677798,1270.5790064988,,,,,,-16.5995473275,434.9264471914,-12.2086652532,,,,,,,-4.6059029565,,,-60.8997265739,2391.9208790486,2391.9208790486,,,,,,2391.9208790486,,4.8292012391,,,-23.4661423697,,,,4.4998963693,,,25.2857720455,-158.5867065957,,,-65.2644654131,107.969811859,,,25.9597704766,0.3732378382,,-8.0408494036,-8.0408494036,,2.6807288925,101.5865425718,,,,-180.4938690228,11.8201127628,-50.2233873039,,47.0284677798,-121.1788879934,-3003.3587962748,31.8679666192,,-73.4339774675,-287.7526846019,-145.6337173398,1334.6751641278,,,-55.6276468569,,,,,25.9597704766,107.969811859,,,,,-65.2644654131,,,,,5444832.89,
600276.SH,600276,恒瑞医药,10002474,通用,2021-03-31 00:00:00,一季报,2021一季报,058001001,2021-04-20 00:00:00,2022-04-23 00:00:00,CNY,7066411386.16,,,,,,,,,,,,,104923594.01,,0.0,7171334980.17,348352863.65,,,,,,1964141217.73,589369446.11,4070186594.87,,0.0,6972050122.36,,0.0,199284857.81,6413215916.29,50416247.81,688387.23,,,,,0.0,6464320551.33,298885546.31,4764905593.19,,,,,,0.0,5063791139.5,,0.0,1400529411.83,,,,,,,,,,,,,,,,,,,,,-1425154.19,,0.0,1598389115.45,10462791321.44,,0.0,12061180436.89,,,,,,,,,,,,,,,,,,,,,,,,,,,,,,,,,,,,,,22.9008493844,,,,,,,,,,,,,73.1390624316,,,23.4248295006,486.5822581001,,,,,,42.3047251492,-7.2469053398,85.7176898176,,,63.4084723563,,,-87.0899913061,68.515533474,-38.2686800835,124.7239849251,,,,,,66.2766976739,438.6609579779,192.2027955414,,,,,,,200.312983986,,,-36.383455117,,,,,,,,,,,,,,,,,,,,,-113.7260889854,,,-57.4392413065,108.8359460069,,,37.5967553913,,,,,,,,,,,,,,,,,,,,,,,,,,,,,,,,,,,,,,,,,,,
600276.SH,600276,恒瑞医药,10002474,通用,2020-12-31 00:00:00,年报,2020年报,058001001,2021-04-20 00:00:00,2022-04-23 00:00:00,CNY,24155872216.73,,,,,,,,,,,,713563.22,379975991.02,,0.0,24536561770.97,1147849729.97,,,,,,5628434546.6,3022513286.92,11305829402.24,,0.0,21104626965.73,,0.0,3431934805.24,29645246120.05,341424519.49,3556362.25,,,,,0.0,29990227001.79,554328530.86,27638069682.0,,,,,,0.0,28192398212.86,,0.0,1797828788.93,1320292274.93,149104377.93,,,,,0.0,1320292274.93,,1017127148.73,,,11976845.43,,,0.0,1029103994.16,,0.0,291188280.77,-89078852.61,,0.0,5431873022.33,5030918299.11,,0.0,10462791321.44,6308893128.7,3932412.0,439365183.78,439365183.78,,9023753.14,27270657.91,,,,-2983443.07,2284773.78,-16496999.8,,-341424519.49,18787542.93,13124039.18,5663503.75,,-173615562.41,-3486394468.78,222121441.61,414475070.39,,0.0,3431934805.24,,,,,10462791321.44,5030918299.11,,,,,5431873022.33,3.7630361203,,,,,,,,,,,,,16.3592884384,,,3.9403064468,5.7881802251,,,,,,43.1963919626,24.4734126567,-8.4230042612,,,6.6452319312,,,-10.0842262534,10.2990053253,11.082775741,195.5324270049,,,,,,10.3160659391,-1.2509944563,-3.2613051536,,,,,,,-3.2225669246,,,192.4124319182,1260.9425519055,53.6951298235,,,,,,1260.9425519055,,25.4334847589,,,158.5717357039,,,,26.1896710253,,,140.5267692668,-823.7966299858,,,366.1787128818,30.1415770381,,,107.969811859,18.4445743367,-70.2764852811,-28.0854411908,-28.0854411908,,19.2623222684,-0.1810481766,,,,-140.7713272589,36.7572188056,56.0438479006,,-10.396386584,-59.6467887484,-71.1393389832,422.4925104229,,70.1539958995,-20.5690578833,-84.3205297379,127.3179664454,,,-10.0842262534,,,,,107.969811859,30.1415770381,,,,,366.1787128818,标准无保留意见,,,,,
600276.SH,600276,恒瑞医药,10002474,通用,2020-09-30 00:00:00,三季报,2020三季报,058001001,2020-10-20 00:00:00,2021-10-20 00:00:00,CNY,18384753377.61,,,,,,,,,,,,,218672686.59,,0.0,18603426064.2,729393336.95,,,,,,3825056279.7,1870159290.18,8192288269.69,,0.0,14616897176.52,,0.0,3986528887.68,20718328847.68,255879138.03,1297454.84,,,,,0.0,20975505440.55,362605175.7,18363745135.0,,,,,,0.0,18726350310.7,,0.0,2249155129.85,809913993.42,12680980.47,,,,,0.0,809913993.42,,1017127148.73,,,11976845.43,,,0.0,1029103994.16,,0.0,-219190000.74,-3312429.02,,0.0,6013181587.77,5030918299.11,,0.0,11044099886.88,,,,,,,,,,,,,,,,,,,,,,,,,,,,,,,,,,,,,,16.9450419477,,,,,,,,,,,,,13.2482248938,,,16.9001866888,-17.081963703,,,,,,49.8975942626,6.94346234,0.8198588916,,,9.8532368023,,,52.8518839017,189.5238799285,17.9113322077,-28.1870597655,,,,,,184.4207095712,19.6555663303,110.8548572553,,,,,,,107.7882344336,,,237.3603744442,1827.7663289594,-69.8165887158,,,,,,1827.7663289594,,25.4334847589,,,158.5717357039,,,,26.1896710253,,,71.6628839153,-115.5975524562,,,2653.0900147593,38.1085672487,,,186.0318871466,,,,,,,,,,,,,,,,,,,,,,,,,,,,,,,,,,,,,,,,,,,
600276.SH,600276,恒瑞医药,10002474,通用,2020-06-30 00:00:00,中报,2020中报,058001001,2020-08-01 00:00:00,2021-08-20 00:00:00,CNY,11565458345.27,,,,,,,,,,,,,175511622.81,,0.0,11740969968.08,213761247.23,,,,,,2387282099.41,1332063108.94,4431254403.61,,0.0,8364360859.19,,0.0,3376609108.89,9891880200.0,192821815.66,1105255.47,,,,,0.0,10085807271.13,134954707.25,7802027385.0,,,,,,0.0,7936982092.25,,0.0,2148825178.88,12680980.47,12680980.47,,,,,0.0,12680980.47,,1017127148.73,,,11976845.43,,,0.0,1029103994.16,,0.0,-1016423013.69,13754127.87,,0.0,4522765401.95,5030918299.11,,0.0,9553683701.06,2652499721.91,-1165845.31,253101957.87,253101957.87,,4492046.56,7347927.0,,,,-814310.64,840789.61,20951828.59,,-192821815.66,-3631190.6,187024.74,-3818215.34,,-329792526.95,521211717.55,417597711.69,26791097.27,,0.0,3376609108.89,,,,,9553683701.06,5030918299.11,,,,,4522765401.95,22.5599795179,,,,,,,,,,,,,14.4796265641,,,22.4307996851,-59.8280755911,,,,,,48.7871558826,-5.6180402293,-3.4464816536,,,2.7892026377,,,132.4703672726,96.0340903686,22.8104856606,-41.7045287791,,,,,,93.7751033252,1.7261535866,53.6382494278,,,,,,,52.3166013847,,,36266.4634626584,,,,,,,,,,25.4334847589,,,158.5717357039,,,,26.1896710253,,,-24.6347176262,371.6329128485,,,622.5285487304,38.1085672487,,,123.808289694,9.9123121111,-125.0482903159,-14.2922446306,-14.2922446306,,37.086335817,249.6431341985,,,,-18.6418153362,14.7081609194,851.0288300934,,-22.8104856606,91.053428274,100.4980257502,-25.8358740909,,-37.5385941373,123.3850230803,-67.6908302002,-75.7115717176,,,132.4703672726,,,,,123.808289694,38.1085672487,,,,,622.5285487304,,,,,,
600276.SH,600276,恒瑞医药,10002474,通用,2020-03-31 00:00:00,一季报,2020一季报,058001001,2020-04-28 00:00:00,2021-06-04 00:00:00,CNY,5749684743.07,,,,,,,,,,,,,60600763.65,,0.0,5810285506.72,59386873.51,,,,,,1380236120.53,635417554.82,2191598764.16,,0.0,4266639313.02,,0.0,1543646193.7,3805712021.96,81670451.69,306325.66,,,,,0.0,3887688799.31,55486766.19,1630684465.0,,,,,,0.0,1686171231.19,,0.0,2201517568.12,,,,,,,,,,,,,,,,,,,,,10382813.28,,0.0,3755546575.1,5010052877.15,,0.0,8765599452.25,,,,,,,,,,,,,,,,,,,,,,,,,,,,,,,,,,,,,,29.3134165732,,,,,,,,,,,,,158.4036287988,,,29.9907269081,-75.0416176648,,,,,,44.8704630054,-18.3249380252,5.6769496329,,,5.543776356,,,261.3076195003,58.6374331788,42.1283938419,-43.0728542684,,,,,,58.2290571153,-22.9225161078,-18.5097317858,,,,,,,-18.6629679361,,,473.4112091745,,,,,,,,,,,,,,,,,,,,,143.0774789405,,,847.8212443863,29.6018229101,,,105.6707824897,,,,,,,,,,,,,,,,,,,,,,,,,,,,,,,,,,,,,,,,,,,
600276.SH,600276,恒瑞医药,10002474,通用,2019-12-31 00:00:00,年报,2019年报,058001001,2020-03-23 00:00:00,2021-04-20 00:00:00,CNY,23279843304.44,,,,,,,,,,,,,326554068.97,,0.0,23606397373.41,1085045349.61,,,,,,3930570085.92,2428240073.45,12345708997.14,,0.0,19789564506.12,,0.0,3816832867.29,26877165421.96,307360450.09,1203374.63,,,,,0.0,27185729246.68,561351000.76,28569818650.0,,,,,,0.0,29131169650.76,,0.0,-1945440404.08,97013079.14,97013079.14,,,,,0.0,97013079.14,,810889652.54,,,4631923.67,,,0.0,815521576.21,,0.0,-718508497.07,12307165.98,,0.0,1165191132.12,3865727166.99,,0.0,5030918299.11,5326451772.09,13229969.73,610954431.28,610954431.28,,7566306.75,27320120.49,,,,-1239118.92,1670678.74,-37530582.21,,-309271462.64,46557739.39,45473799.69,1083939.7,,-581704545.19,-2891616248.8,1416638686.75,182332737.21,,0.0,3816832867.29,,,,,5030918299.11,3865727166.99,,,,,1165191132.12,35.6854924827,,,,,,,,,,,,,24.51956713,,,35.5173886836,26.6409820428,,,,,,46.7687138502,-14.4134131804,49.2250584451,,,35.1261886456,,,37.5825588244,202.1878936919,23.9667561563,-66.1458702633,,,,,,197.252059387,6.0934852026,149.0377781213,,,,,,,142.735635574,,,31.8706403851,-27.5636435398,578.9938467655,,,,,,-27.5636435398,,64.4733783645,,,-50.1851193199,,,,62.3509746779,,,-95.0394397956,-77.1175482319,,,394.3115669981,-9.2899630015,,,30.1415770381,31.1551358306,-47.7984110188,63.8641979269,63.8641979269,,15.1111285263,1822.4537569404,,,,41.3350753171,136.2235352077,,,-24.7375190399,311.3655560697,306.4446230425,,,-138.2764783231,-36.1859807938,123.5779690645,-41.5621474558,,,37.5825588244,,,,,30.1415770381,-9.2899630015,,,,,394.3115669981,标准无保留意见,,,,,
600276.SH,600276,恒瑞医药,10002474,通用,2019-09-30 00:00:00,三季报,2019三季报,058001001,2019-10-25 00:00:00,2020-10-20 00:00:00,CNY,15720848931.61,,,,,,,,,,,,,193091491.54,,0.0,15913940423.15,879655825.83,,,,,,2551779632.3,1748736434.43,8125669247.86,,0.0,13305841140.42,,0.0,2608099282.73,7156000000.0,217009793.07,1806714.55,,,,,0.0,7374816507.62,303040791.85,8709187625.1,,,,,,0.0,9012228416.95,,0.0,-1637411909.33,42013079.14,42013079.14,,,,,0.0,42013079.14,,810889652.54,,,4631923.67,,,0.0,815521576.21,,0.0,-773508497.07,21236851.29,,0.0,218415727.62,3642727166.99,,0.0,3861142894.61,,,,,,,,,,,,,,,,,,,,,,,,,,,,,,,,,,,,,,21.1365338634,,,,,,,,,,,,,97.426599783,,,21.7071761083,-31.6183518446,,,,,,49.8369129912,-21.0771348808,39.6209617419,,,20.6880144799,,,27.1866473953,16.1311262577,34.3633053352,33.4709665716,,,,,,16.6004084823,-8.5915392914,17.0868764858,,,,,,,15.9912164135,,,-13.3245334715,320.0703432776,320.0703432776,,,,,,320.0703432776,,120.204297469,,,,,,,121.4621375394,,,-115.9173845907,-54.7525828401,,,-25.8130286953,-14.5227012101,,,-15.2522845876,,,,,,,,,,,,,,,,,,,,,,,,,,,,,,,,,,,,,,,,,,,
600276.SH,600276,恒瑞医药,10002474,通用,2019-06-30 00:00:00,中报,2019中报,058001001,2019-08-30 00:00:00,2020-08-01 00:00:00,CNY,9436570070.23,,,,,,,,,,,,,153312539.6,,0.0,9589882609.83,532116024.75,,,,,,1604494746.37,1411353517.32,4589428204.69,,0.0,8137392493.13,,0.0,1452490116.7,5046000000.0,157007615.94,1895954.26,,,,,0.0,5204903570.2,132664710.59,5078180345.1,,,,,,0.0,5210845055.69,,0.0,-5941485.49,,,,,,,,,,810889652.54,,,4631923.67,,,0.0,815521576.21,,0.0,-815521576.21,-5063498.28,,0.0,625963556.72,3642727166.99,,0.0,4268690723.71,2413287165.89,4654390.76,295308116.26,295308116.26,,3276801.1,2101550.49,,,,-686360.57,732981.51,-2789750.24,,-157007615.94,-40587508.95,-37553226.9,-3034282.05,,-239781807.44,-2228827039.26,1292505236.99,110303956.1,,0.0,1452490116.7,,,,,4268690723.71,3642727166.99,,,,,625963556.72,22.4643472597,,,,,,,,,,,,,23.0435882211,,,22.4735646297,13.0040329236,,,,,,49.4568398069,-12.6002666809,37.2632607633,,,25.1371061512,,,9.4250199697,-2.662037037,39.348295155,151.0725978172,,,,,,-1.7465903386,-28.7880833815,-25.5784739289,,,,,,,-25.6637735851,,,99.6530326328,,,,,,,,,,120.204297469,,,,,,,121.4621375394,,,-121.4621375394,-138.4324986442,,,184.5793853829,-14.5227012101,,,21.2165512991,24.1212116054,38.2355487343,63.5276525387,63.5276525387,,-3.8882140759,170.3962582226,,,,-29.8005920299,359.2201068049,,,-39.348295155,-377.1134968598,-341.4449634418,,,-46.7817557255,27.7432486242,-46.2221656746,-31.5014060435,,,9.4250199697,,,,,21.2165512991,-14.5227012101,,,,,184.5793853829,,,,,,
600276.SH,600276,恒瑞医药,10002474,通用,2019-03-31 00:00:00,一季报,2019一季报,058001001,2019-04-17 00:00:00,2020-04-28 00:00:00,CNY,4446317246.45,,,,,,,,,,,,,23451978.57,,0.0,4469769225.02,237943600.32,,,,,,952738116.45,777982335.68,2073866412.47,,0.0,4042530464.92,,0.0,427238760.1,2399000000.0,57462446.09,538101.21,,,,,0.0,2457000547.3,71988294.62,2001078780.0,,,,,,0.0,2073067074.62,,0.0,383933472.68,,,,,,,,,,390840169.06,,,,,,0.0,390840169.06,,0.0,-390840169.06,-24102648.38,,0.0,396229415.34,3865727166.99,,0.0,4261956582.33,,,,,,,,,,,,,,,,,,,,,,,,,,,,,,,,,,,,,,21.0197752177,,,,,,,,,,,,,-21.864640469,,,20.6722760458,54.855030159,,,,,,49.8402474086,-14.5683118065,37.4952646151,,,25.9960340676,,,-13.7932754391,-26.2300123001,3.0917480803,9.4099791924,,,,,,-25.7306825961,-53.2718235171,-42.7533223887,,,,,,,-43.1973319182,,,212.4705400406,,,,,,,,,,,,,,,,,,,,,-7489.6773809814,,,156.3587366595,-9.2899630015,,,-3.4924903341,,,,,,,,,,,,,,,,,,,,,,,,,,,,,,,,,,,,,,,,,,,
600276.SH,600276,恒瑞医药,10002474,通用,2018-12-31 00:00:00,年报,2018年报,058001001,2019-02-16 00:00:00,2020-03-23 00:00:00,CNY,17157208835.28,,,,,,,,,,,,,262251207.98,0.0,0.0,17419460043.26,856788483.56,,,,,,2678070811.42,2837173631.62,8273214382.21,0.0,0.0,14645247308.81,,0.0,2774212734.45,8894190000.0,247937801.73,3554587.4,,,,0.0,0.0,9145682389.13,529109774.92,11472082214.0,,,,,0.0,0.0,12001191988.92,,0.0,-2855509599.79,133928711.88,14287770.0,,,,,0.0,133928711.88,,493021825.54,124777580.6,,9298273.14,,0.0,0.0,502320098.68,,0.0,-368391386.8,53784297.7,,0.0,-395903954.44,4261631121.43,,0.0,3865727166.99,4061184290.16,25343998.12,372841925.82,372841925.82,,6573045.41,1421106.77,,,,-2112197.24,707244.83,,,-247937801.73,-22027117.5,-22027117.5,,,-244130074.98,-2123284813.86,633621770.82,312011357.83,0.0,0.0,2774212734.45,,,,,3865727166.99,4261631121.43,,,,,-395903954.44,22.264454468,,,,,,,,,,,,,-23.9215850884,,,21.1571144441,18.5384354117,,,,,,42.3837435771,18.9694219143,20.9229274101,,,23.7954983708,,,8.9043187628,150.0361454949,397.7620659406,124.6442689524,,,,,,153.4444839972,39.1289917005,73.7189844841,,,,,,,71.8354782108,,,15.4064231965,-75.0596708877,0.5765222405,,,,,,-75.0596708877,,55.5729992633,,,1595.0083016144,,,,58.2331660954,,,-267.8007716684,228.4039808309,,,39.14072123,-13.2431410046,,,-9.2899630015,23.3295438862,67.7647691781,20.0271783318,20.0271783318,,0.3623975174,-51.683077518,,,,-27.6812934377,-32.7998197036,,,-540.3023702721,-838.6088641323,-838.6088641323,,,-58.0625805288,-554.1043042027,145.4228037174,735.1007702475,,,8.9043187628,,,,,-9.2899630015,-13.2431410046,,,,,39.14072123,标准无保留意见,,,,,
600276.SH,600276,恒瑞医药,10002474,通用,2018-09-30 00:00:00,三季报,2018三季报,058001001,2018-10-26 00:00:00,2019-10-25 00:00:00,CNY,12977793263.71,,,,,,,,,,,,,97804192.42,0.0,0.0,13075597456.13,1286391670.22,,,,,,1703038044.07,2215753865.23,5819806099.66,0.0,0.0,11024989679.18,,0.0,2050607776.95,6162000000.0,161509716.16,1353638.62,,,,0.0,0.0,6324863354.78,331523788.39,7438226970.0,,,,,0.0,0.0,7769750758.39,,0.0,-1444887403.61,10001439.0,10001439.0,,,,,0.0,10001439.0,,368244244.94,,,,,0.0,0.0,368244244.94,,0.0,-358242805.94,46934947.06,,0.0,294412514.46,4261631121.43,,0.0,4556043635.89,,,,,,,,,,,,,,,,,,,,,,,,,,,,,,,,,,,,,,12.0387092234,,,,,,,,,,,,,6.4581141018,,,11.9947959796,6.2945646198,,,,,,29.6621153889,13.8347448528,17.7281059143,,,17.1182742616,,,-9.3305787073,106.4354803695,242.5766584607,-83.9135660539,,,,,,108.0196565692,-42.8057894457,29.5764364229,,,,,,,22.9378866386,,,55.9425066597,-24.7064999649,-24.7064999649,,,,,,-24.7064999649,,16.1994432681,,,,,,,16.1994432681,,,-17.9890417893,660.1146017607,,,122.1375774371,-13.2431410046,,,27.1844694597,,,,,,,,,,,,,,,,,,,,,,,,,,,,,,,,,,,,,,,,,,,
600276.SH,600276,恒瑞医药,10002474,通用,2018-06-30 00:00:00,中报,2018中报,058001001,2018-08-10 00:00:00,2019-08-30 00:00:00,CNY,7705565155.4,,,,,,,,,,,,,124600185.85,0.0,0.0,7830165341.25,470882331.35,,,,,,1073550563.79,1614825885.3,3343522643.4,0.0,0.0,6502781423.84,,0.0,1327383917.41,5184000000.0,112672792.85,755141.85,,,,0.0,0.0,5297427934.7,186295660.74,6823536970.0,,,,,0.0,0.0,7009832630.74,,0.0,-1712404696.04,,,,,,,,,,368244244.94,,,,,0.0,0.0,368244244.94,,0.0,-368244244.94,13175043.15,,0.0,-740089980.42,4261631121.43,,0.0,3521541141.01,1944298750.13,3366999.88,180586042.59,180586042.59,,3409364.49,777211.38,,,,-528780.77,159614.42,,,-112672792.85,-8506887.61,-8506887.61,,,-163359408.16,-3084593476.49,2403416301.91,161030978.49,0.0,0.0,1327383917.41,,,,,3521541141.01,4261631121.43,,,,,-740089980.42,6.2439936636,,,,,,,,,,,,,11.4630458948,,,6.3232139833,-36.4954908588,,,,,,29.4126031797,24.9287303385,6.3296085851,,,8.2329040057,,,-2.1359843062,,569.8598866446,-51.9543271116,,,,,,28702.7841964971,-48.6642867837,649.9206165383,,,,,,,450.7419419227,,,-36.511204382,,,,,,,,,,16.1994432681,,,,,,,16.1994432681,,,-21.6527226527,306.5207313037,,,-257.3048700412,-13.2431410046,,,-25.1535902052,22.000917736,-56.65015817,22.3895945223,22.3895945223,,4.1769701413,-64.4417708553,,,,-186.1494463116,,,,-267.3256939064,26.5147171984,26.5147171984,,,-619.3173699222,-2366.0739448763,1285.8128540134,2789.7044511813,,,-2.1359843062,,,,,-25.1535902052,-13.2431410046,,,,,-257.3048700412,,,,,,
600276.SH,600276,恒瑞医药,10002474,通用,2018-03-31 00:00:00,一季报,2018一季报,058001001,2018-04-27 00:00:00,2019-04-17 00:00:00,CNY,3674041898.07,,,,,,,,,,,,,30014552.58,0.0,0.0,3704056450.65,153655712.75,,,,,,635835920.54,910648439.86,1508318427.02,0.0,0.0,3208458500.17,,0.0,495597950.48,3252000000.0,55739132.53,491820.96,,,,0.0,0.0,3308230953.49,154057573.05,3495536970.0,,,,,0.0,0.0,3649594543.05,,0.0,-341363589.56,,,,,,,,,,,,,,,0.0,,,,,,326166.45,,0.0,154560527.37,4261631121.43,,0.0,4416191648.8,,,,,,,,,,,,,,,,,,,,,,,,,,,,,,,,,,,,,,-1.5355374094,,,,,,,,,,,,,0.6572830088,,,-1.5181526644,-66.4383794149,,,,,,33.4170477145,36.9399350894,-2.8200522728,,,1.807477807,,,-18.7092097516,430.3476448127,856.8491045065,-1.4584331797,,,,,,434.0101948942,-6.3125692721,,,,,,,,2119.4373776471,,,-175.0135473221,,,,,,,,,,,,,,,,,,,,,102.6200488259,,,-85.3118583215,-13.2431410046,,,-25.9579303201,,,,,,,,,,,,,,,,,,,,,,,,,,,,,,,,,,,,,,,,,,,
600276.SH,600276,恒瑞医药,10002474,通用,2017-12-31 00:00:00,年报,2017年报,058001001,2018-04-16 00:00:00,2019-02-16 00:00:00,CNY,14032867451.08,,,,,,,,,,,,,344711713.94,0.0,0.0,14377579165.02,722793818.38,,,,,,1880882426.7,2384792315.51,6841725187.61,0.0,0.0,11830193748.2,,0.0,2547385416.82,3557161698.52,49810505.6,1582318.31,,,,0.0,0.0,3608554522.43,380301595.27,6603816070.0,,,,,0.0,0.0,6984117665.27,,0.0,-3375563142.84,536996570.0,14205870.0,,,,,0.0,536996570.0,,316907064.77,,,548568.0,,0.0,0.0,317455632.77,,0.0,219540937.23,-41886783.69,,0.0,-650523572.48,4912154693.91,,0.0,4261631121.43,3292953303.96,15106865.55,310631251.19,310631251.19,,6549310.87,2941219.55,,,,-1654273.06,1052444.84,,,-38721987.18,2982243.86,2982243.86,,,-154451530.63,467576456.38,-1394942009.22,37362120.71,0.0,0.0,2547385416.82,,,,,4261631121.43,4912154693.91,,,,,-650523572.48,6.9387784486,,,,,,,,,,,,,149.0446915473,,,8.4220572093,-52.4124580079,,,,,,33.9607447013,15.6124512592,20.4009976165,,,10.8929289115,,,-1.7450622278,,1261.2194233486,160.2115334291,,,,,,84462.0448461051,-65.7693566918,328.0241919228,,,,,,,163.1684780326,,,-27.3994213985,3678.5681162016,-0.0406139561,,,,,,3678.5681162016,,61.9542482845,,,-83.9841792999,,,,51.8185025739,,,212.6483934885,-235.6101055059,,,-194.4011621465,-4.3046924221,,,-13.2431410046,25.0079647972,391.1006064442,25.2404785365,25.2404785365,,11.3404488364,101.8261252178,,,,-229.6472186324,2003.0675822467,,,-162.5615612034,115.5814442892,115.5814442892,,,-38.3607511433,295.3634333438,-2076.7154257739,76.1127538952,,,-1.7450622278,,,,,-13.2431410046,-4.3046924221,,,,,-194.4011621465,标准无保留意见,,,,,
600276.SH,600276,恒瑞医药,10002474,通用,2017-09-30 00:00:00,三季报,2017三季报,058001001,2017-10-19 00:00:00,2018-10-26 00:00:00,CNY,11583312012.13,,,,,,,,,,,,,91871054.87,0.0,0.0,11675183067.0,1210213969.85,,,,,,1313443050.78,1946465350.36,4943429654.68,0.0,0.0,9413552025.67,,0.0,2261631041.33,2984952000.0,47145569.37,8414783.69,,,,0.0,0.0,3040512353.06,579645710.95,5740416371.48,,,,,0.0,0.0,6320062082.43,,0.0,-3279549729.37,13283270.13,13283270.13,,,,,0.0,13283270.13,,316907064.77,,,,,0.0,0.0,316907064.77,,0.0,-303623794.64,-8379525.71,,0.0,-1329922008.39,4912154693.91,,0.0,3582232685.52,,,,,,,,,,,,,,,,,,,,,,,,,,,,,,,,,,,,,,19.5812995276,,,,,,,,,,,,,11.4324254654,,,19.512527084,4.1999371271,,,,,,29.8000000001,24.3803417231,20.4308871636,,,20.0241598252,,,17.4290111374,,23367.1823643604,1319.519642448,,,,,,382985.1831782933,-13.4877411073,70591.7010204235,,,,,,,831.9506057314,,,-384.1660730717,-6.5324737696,-6.5324737696,,,,,,-6.5324737696,,61.9790819377,,,,,,,61.5943835163,,,-66.9170278956,-398.2693174842,,,-224.3494404095,-4.3046924221,,,-42.2464917954,,,,,,,,,,,,,,,,,,,,,,,,,,,,,,,,,,,,,,,,,,,
600276.SH,600276,恒瑞医药,10002474,通用,2017-06-30 00:00:00,中报,2017中报,058001001,2017-08-30 00:00:00,2018-08-10 00:00:00,CNY,7252706613.98,,,,,,,,,,,,,111786094.53,0.0,0.0,7364492708.51,741494324.92,,,,,,829556424.5,1292597692.24,3144488809.74,0.0,0.0,6008137251.4,,0.0,1356355457.11,,16820352.3,1571716.67,,,,0.0,0.0,18392068.97,362896800.43,909901237.48,,,,,0.0,0.0,1272798037.91,,0.0,-1254405968.94,14205870.0,14205870.0,,,,,0.0,14205870.0,,316907064.77,,,,,0.0,0.0,316907064.77,,0.0,-302701194.77,-6379525.71,,0.0,-207131232.31,4912154693.91,,0.0,4705023461.6,1593675511.8,7767040.75,147550160.04,147550160.04,,3272666.2,2185742.65,,,,613794.74,,,,-30673812.02,-11576314.72,-11576314.72,,,-22710338.3,-125081142.96,-202680911.56,-5986939.51,0.0,0.0,1356355457.11,,,,,4705023461.6,4912154693.91,,,,,-207131232.31,14.7585898631,,,,,,,,,,,,,26.2185494842,,,14.9169657281,7.0879092325,,,,,,28.6705276088,25.7594651694,13.9052944713,,,17.2186732023,,,5.721320028,,8272.499900448,216.3356348082,,,,,,2535.9073309493,-15.8644751597,,,,,,,,195.0908655254,,,-191.2980020838,,,,,,,,,,61.9790819377,,,,,,,61.5943835163,,,-54.3506548016,-325.1879419567,,,-131.4288763203,-4.3046924221,,,-18.7692055589,20.6853307131,-0.2859814373,17.2734499446,17.2734499446,,38.0033324731,,,,,-5.8092078104,,,,-15168.1991139871,49.8903228287,49.8903228287,,,-120.6202612275,-508.893311382,34.0639123502,-137.9658454561,,,5.721320028,,,,,-18.7692055589,-4.3046924221,,,,,-131.4288763203,,,,,,
600276.SH,600276,恒瑞医药,10002474,通用,2017-03-31 00:00:00,一季报,2017一季报,058001001,2017-04-21 00:00:00,2018-04-27 00:00:00,CNY,3731337988.76,,,,,,,,,,,,,29818560.25,0.0,0.0,3761156549.01,457831624.55,,,,,,476577717.34,664998445.68,1552088123.42,0.0,0.0,3151495910.99,,0.0,609660638.02,613182698.52,5825279.27,499100.0,,,,0.0,0.0,619507077.79,164437824.64,,,,,,0.0,0.0,164437824.64,,0.0,455069253.15,,,,,,,,,,,,,,,0.0,,,,,,-12448869.15,,0.0,1052281022.02,4912154693.91,,0.0,5964435715.93,,,,,,,,,,,,,,,,,,,,,,,,,,,,,,,,,,,,,,16.0308923055,,,,,,,,,,,,,19.6713365831,,,16.0588826273,11.0914009925,,,,,,29.2319797142,34.9897214022,11.2647290067,,,18.1008701588,,,6.5368748223,,2799.5914733698,240.5038119235,,,,,,178187.2594214315,-16.6672717255,,,,,,,,-16.6672717255,,,331.0238427649,,,,,,,,,,,,,,,,,,,,,-378.7292704182,,,182.7134278152,-4.3046924221,,,8.3393469774,,,,,,,,,,,,,,,,,,,,,,,,,,,,,,,,,,,,,,,,,,,
600276.SH,600276,恒瑞医药,10002474,通用,2016-12-31 00:00:00,年报,2016年报,058001001,2017-03-11 00:00:00,2018-04-16 00:00:00,CNY,13122337523.08,,,,,,,,,,,,,138413596.29,0.0,0.0,13260751119.37,1518871931.86,,,,,,1404054919.89,2062746952.89,5682448919.07,0.0,0.0,10668122723.71,,0.0,2592628395.66,,3659256.16,608089.23,,,,0.0,0.0,4267345.39,1110997511.34,1542860472.52,,,,,0.0,0.0,2653857983.86,,0.0,-2649590638.47,14211641.91,14211641.91,,,,,0.0,14211641.91,10000000.0,195676907.6,,,3425163.22,,0.0,0.0,209102070.82,,0.0,-194890428.91,30887656.59,,0.0,-220965015.13,5133119709.04,,0.0,4912154693.91,2634194796.55,-5189568.56,248027837.98,248027837.98,,5882238.61,1457303.68,,,,1275980.37,50043.32,,,-14747774.58,-19139713.91,-19139713.91,,,-111629583.79,-239336731.74,70568681.31,21214886.42,0.0,0.0,2592628395.66,,,,,4912154693.91,5133119709.04,,,,,-220965015.13,25.5894982749,,,,,,,,,,,,,-9.943770583,,,25.0743877582,27.1632265064,,,,,,29.289999578,18.6166319833,31.9782546469,,,28.1456440554,,,13.8469338668,,1365.1100245027,382.9259733084,,,,,,-97.1833578302,181.9123575467,577.9220363797,,,,,,,326.8849308232,,,-463.5325798705,-23.2490234656,-23.2490234656,,,,,,-23.2490234656,,30.0179382408,,,1238.3987730301,,,,38.7024623527,,,-47.377104782,234.5716886516,,,-113.12057622,48.8288244347,,,-4.3046924221,18.4456194585,-172.1228829052,13.6709174627,13.6709174627,,38.3817990081,,,,,47.4479214827,-99.0627266273,,,-684.9423843173,-21.8674846127,-21.8674846127,,,-499.7600228734,46.5378488505,-62.2901187731,-66.4553070473,,,13.8469338668,,,,,-4.3046924221,48.8288244347,,,,,-113.12057622,标准无保留意见,,,,,
600276.SH,600276,恒瑞医药,10002474,通用,2016-09-30 00:00:00,三季报,2016三季报,058001001,2016-10-29 00:00:00,2017-10-19 00:00:00,CNY,9686558063.75,,,,,,,,,,,,,82445530.99,,0.0,9769003594.74,1161434453.05,,,,,,1011897573.79,1564930055.18,4104785550.54,,0.0,7843047632.56,,0.0,1925955962.18,,200900.0,592790.93,,,,,0.0,793690.93,670015693.0,8120354.0,,,,18143.1,,0.0,678154190.1,,0.0,-677360499.17,14211641.91,14211641.91,,,,,0.0,14211641.91,,195646907.6,,,465765.3,,,0.0,196112672.9,,0.0,-181901030.99,2809382.4,,0.0,1069503814.42,5133119709.04,,0.0,6202623523.46,,,,,,,,,,,,,,,,,,,,,,,,,,,,,,,,,,,,,,27.8949597601,,,,,,,,,,,,,27.7589173829,,,27.8938104179,28.9200974542,,,,,,29.4000000001,19.1297768113,32.7591129472,,,28.8189623168,,,24.2596680466,,0.0,450.8422030383,,,,,,157.2613819123,207.7986021954,-19.6340180302,,,,,,,197.7179413078,,,-197.7728107997,-23.2490234656,-23.2490234656,,,,,,-23.2490234656,,29.9980046768,,,82.0,,,,30.0862804616,,,-37.5544579285,817.105053289,,,-10.1661929079,48.8288244347,,,33.6903377119,,,,,,,,,,,,,,,,,,,,,,,,,,,,,,,,,,,,,,,,,,,
600276.SH,600276,恒瑞医药,10002474,通用,2016-06-30 00:00:00,中报,2016中报,058001001,2016-08-30 00:00:00,2017-08-30 00:00:00,CNY,6319968398.56,,,,,,,,,,,,,88565504.03,,0.0,6408533902.59,692416473.75,,,,,,644713626.28,1027833324.91,2760616900.5,,0.0,5125580325.44,,0.0,1282953577.15,,200900.0,496850.97,,,,,0.0,697750.97,431324106.1,,,,,,,0.0,431324106.1,,0.0,-430626355.13,,,,,,,,,,195646907.6,,,465765.3,,,0.0,196112672.9,,0.0,-196112672.9,2832978.38,,0.0,659047527.5,5133119709.04,,0.0,5792167236.54,1320521311.4,7789316.75,125817190.6,125817190.6,,2371439.98,,,,,651650.47,,,,-200900.0,-23101954.3,-23101954.3,,,110136035.86,30590166.06,-307389957.13,15769277.46,,0.0,1282953577.15,,,,,5792167236.54,5133119709.04,,,,,659047527.5,28.0424224785,,,,,,,,,,,,,53.5671764602,,,28.337218556,4.9465326007,,,,,,28.2460969409,20.8898915167,42.467297128,,,29.7471188705,,,22.9974917066,,0.0,356.6322196529,,,,,,125.2933952011,432.0194469966,,,,,,,,86.6614070768,,,-86.6095590385,,,,,,,,,,43.0053294613,,,82.0,,,,43.0781357026,,,-65.4257443536,872.9830727816,,,-5.0432974248,48.8288244347,,,39.804098889,21.6171077608,-8.5861841226,21.3189044928,21.3189044928,,7.0061827675,,,,,376.4100051804,,,,0.0,-390.0269934094,-390.0269934094,,,208.3492911398,112.4421233123,-2642.347742553,-61.3294154893,,,22.9974917066,,,,,39.804098889,48.8288244347,,,,,-5.0432974248,,,,,,
600276.SH,600276,恒瑞医药,10002474,通用,2016-03-31 00:00:00,一季报,2016一季报,058001001,2016-04-26 00:00:00,2017-04-21 00:00:00,CNY,3215814266.89,,,,,,,,,,,,,24917044.55,,0.0,3240731311.44,412121568.78,,,,,,368776922.24,492628948.91,1394950706.55,,0.0,2668478146.48,,0.0,572253164.96,,200900.0,146576.92,,,,,0.0,347476.92,197326822.3,,,,,,,0.0,197326822.3,,0.0,-196979345.38,,,,,,,,,,,,,465765.3,,,0.0,465765.3,,0.0,-465765.3,-2600398.58,,0.0,372207655.7,5133119709.04,,0.0,5505327364.74,,,,,,,,,,,,,,,,,,,,,,,,,,,,,,,,,,,,,,39.031783393,,,,,,,,,,,,,22.3891694055,,,38.8865747979,43.4209682507,,,,,,33.2870538951,21.1135596522,45.7345437919,,,38.4090284672,,,41.1576470435,,,85.9931689407,,,,,,340.9175297487,668.7381448242,,,,,,,,668.7381448242,,,-669.7477058399,,,,,,,,,,,,,,,,,,,,,-1506.0768789878,,,-2.0492939009,48.8288244347,,,43.7796200057,,,,,,,,,,,,,,,,,,,,,,,,,,,,,,,,,,,,,,,,,,,
600276.SH,600276,恒瑞医药,10002474,通用,2015-12-31 00:00:00,年报,2015年报,058001001,2016-04-13 00:00:00,2017-03-11 00:00:00,CNY,10448594590.57,,,,,,,,,,,,,153696859.38,,0.0,10602291449.95,1194427016.04,,,,,,1085973334.73,1739003138.43,4305594837.78,,0.0,8324998326.98,,0.0,2277293122.97,151129026.77,249759.82,125917.69,,,,,0.0,151504704.28,394093228.48,227586712.0,,,,,,0.0,621679940.48,,0.0,-470175236.2,18516561.68,18516561.68,,,,,0.0,18516561.68,,150499931.2,,,255915.0,,,0.0,150755846.2,,0.0,-132239284.52,9231999.49,,0.0,1684110601.74,3449009107.3,,0.0,5133119709.04,2223969791.87,7195453.58,218198149.11,218198149.11,,4250731.42,,,,,865376.98,5339244.82,,30000.0,2521235.42,-15705349.11,-15705349.11,,,27924148.84,-447675087.13,187135782.49,63243644.68,,0.0,2277293122.97,,,,,5133119709.04,3449009107.3,,,,,1684110601.74,22.0150989286,,,,,,,,,,,,,-14.5257940724,,,21.2635803467,-1.3864532934,,,,,,25.5366277978,24.7580048994,16.4087492915,,,16.1270227235,,,44.653776854,,24.3204678945,-10.2522249546,,,,,,44303.2625038782,32.0152340005,,,,,,,,108.2533189734,,,-57.6817748801,-86.3910510869,10056689.963067565,,,,,,-86.3910510869,,22.9073458955,,,,,,,13.821028035,,,-3761.3614022614,6860.0236559396,,,31.5844434712,59.0036362524,,,48.8288244347,41.3903372159,4.4981805392,4.4037895877,4.4037895877,,-1.7734072827,,,,,209.794687721,14009.3763989153,,0.0,1354.9703434545,25.13674385,25.13674385,,,123.0846536405,-106.412264407,56.6826931598,212.3899709937,,,44.653776854,,,,,48.8288244347,59.0036362524,,,,,31.5844434712,标准无保留意见,,,,,
600276.SH,600276,恒瑞医药,10002474,通用,2015-09-30 00:00:00,三季报,2015三季报,058001001,2015-10-28 00:00:00,2016-10-29 00:00:00,CNY,7573838782.95,,,,,,,,,,,,,64532114.61,,0.0,7638370897.56,900894799.17,,,,,,781991942.65,1313634673.94,3091904924.2,,0.0,6088426339.96,,0.0,1549944557.6,,200900.0,107615.38,,,,,0.0,308515.38,217679901.15,10104217.98,,,,,,0.0,227784119.13,,0.0,-227475603.75,18516561.68,18516561.68,,,,,0.0,18516561.68,,150499931.2,,,255915.0,,,0.0,150755846.2,,0.0,-132239284.52,306331.58,,0.0,1190536000.91,3449009107.3,,0.0,4639545108.21,,,,,,,,,,,,,,,,,,,,,,,,,,,,,,,,,,,,,,20.7310433747,,,,,,,,,,,,,-1.1838192344,,,20.5052600593,1.3619210667,,,,,,26.1928823948,26.6811481111,14.9639261273,,,16.3048024625,,,40.4275987588,,0.0,82.3989491525,,,,,,18.7054174683,26.7395561828,,,,,,,,32.6225251459,,,-32.6436166133,-84.5945330805,-84.5945330805,,,,,,-84.5945330805,,22.9374653463,,,,,,,23.1465122289,,,-5842.9049449546,250.9387937553,,,28.0407523734,59.0036362524,,,49.7135161612,,,,,,,,,,,,,,,,,,,,,,,,,,,,,,,,,,,,,,,,,,,
600276.SH,600276,恒瑞医药,10002474,通用,2015-06-30 00:00:00,中报,2015中报,058001001,2015-08-25 00:00:00,2016-08-30 00:00:00,CNY,4935839447.76,,,,,,,,,,,,,57672157.6,,0.0,4993511605.36,659780229.6,,,,,,502715982.52,850222720.87,1937719712.63,,0.0,3950438645.62,,0.0,1043072959.74,,200900.0,108807.69,,,,,0.0,309707.69,81072996.21,150000000.0,,,,,,0.0,231072996.21,,0.0,-230763288.52,18516561.68,18516561.68,,,,,0.0,18516561.68,,136810920.5,,,255915.0,,,0.0,137066835.5,,0.0,-118550273.82,291164.2,,0.0,694050561.6,3449009107.3,,0.0,4143059668.9,1085802265.58,8520940.38,103707819.59,103707819.59,,2216170.99,,,,,136783.54,4876776.22,,,-200900.0,-4714424.84,-4714424.84,,,35717946.83,-245859692.05,12090791.2,40778482.3,,0.0,1043072959.74,,,,,4143059668.9,3449009107.3,,,,,694050561.6,23.6648764962,,,,,,,,,,,,,10.5461423584,,,23.4956142853,32.3216396435,,,,,,23.4002979084,31.7123169308,14.4912211947,,,21.7774805028,,,30.4670371514,,0.0,,,,,,,54.16012444,-45.6716837751,,,,,,,,54.8457241745,,,-54.8466484164,-84.5945330805,-84.5945330805,,,,,,-84.5945330805,,11.7554517392,,,,,,,11.9644986217,,,-5227.7134027752,540.4017889892,,,7.0779300483,59.0036362524,,,47.0571926434,38.4413941675,587.0558433752,8.7342246164,8.7342246164,,2.5572467311,,,,,9532.7114979683,2225.0224563042,,,0.0,-205.892678879,-205.892678879,,,327.4302351096,6.1369449229,-93.4348969594,385.013082121,,,30.4670371514,,,,,47.0571926434,59.0036362524,,,,,7.0779300483,,,,,,
600276.SH,600276,恒瑞医药,10002474,通用,2015-03-31 00:00:00,一季报,2015一季报,058001001,2015-04-18 00:00:00,2016-04-26 00:00:00,CNY,2313006557.5,,,,,,,,,,0.0,,,20358864.0,0.0,0.0,2333365421.5,287350987.66,,,,,,276678725.7,406749624.34,957186038.57,0.0,0.0,1927965376.27,0.0,0.0,405400045.23,,,78807.69,,,,0.0,0.0,78807.69,25668925.58,,,,,,0.0,0.0,25668925.58,0.0,0.0,-25590117.89,,,,,,0.0,0.0,0.0,,,,,,0.0,0.0,0.0,0.0,0.0,0.0,0.0,184940.0,0.0,0.0,379994867.34,3449009107.3,,0.0,3829003974.64,,,,,,,,,,,,,,,,,,,,,,,,,,,,,,,,,,,,,,25.8349602939,,,,,,,,,,,,,61.3623452451,,,26.0771570015,23.3832731725,,,,,,22.731234589,36.007404295,18.3667164495,,,23.1098080332,,,42.4002374205,,,,,,,,,-60.7726779492,-70.1437555759,,,,,,,,-70.1437555759,,,70.1657044867,,,,,,,,,,,,,,,,,,,,,637.0188793838,,,91.008348967,59.0036362524,,,61.6923399343,,,,,,,,,,,,,,,,,,,,,,,,,,,,,,,,,,,,,,,,,,,
600276.SH,600276,恒瑞医药,10002474,通用,2014-12-31 00:00:00,年报,2014年报,058001001,2015-03-31 00:00:00,2016-04-13 00:00:00,CNY,8563361979.23,,,,,,,,,,0.0,,,179816656.63,0.0,0.0,8743178635.86,1211220015.84,,,,,,865064924.7,1393901048.54,3698686622.77,0.0,0.0,7168872611.85,0.0,0.0,1574306024.01,,200900.0,140301.74,,,,0.0,0.0,341201.74,298521024.08,,,,,,0.0,0.0,298521024.08,0.0,0.0,-298179822.34,136061659.12,184.12,,,,0.0,0.0,136061659.12,10000000.0,122449907.37,,,,0.0,0.0,0.0,132449907.37,0.0,0.0,3611751.75,132643.22,0.0,0.0,1279870596.64,2169138510.66,,0.0,3449009107.3,1572929123.49,6885721.4,208994472.3,208994472.3,,4327475.18,168497.82,,,,279338.87,37841.82,,30000.0,-200900.0,-20978714.95,-20978714.95,,,-120964123.07,-216883957.17,119436153.87,20245094.45,0.0,0.0,1574306024.01,,,,0.0,3449009107.3,2169138510.66,,,,,1279870596.64,17.3471220694,,,,,,,,,,,,,80.559924735,,,18.1981719351,25.1049076999,,,,,,13.2020345798,16.8710597718,19.0410660103,,,18.8455454691,,,15.337267208,,0.0,-76.7771619213,,,,,,-57.6175416275,-34.1449192547,,,,,,,,-34.1449192547,,,34.1031580465,734.7341050307,-99.9988704294,,,,,,417.3447114829,,23.7427997613,,,,,,,33.8483851732,,,104.9710865286,198.1350356804,,,52.4247996271,63.1587470343,,,59.0036362524,21.7387772217,173.2679308112,24.5625307221,24.5625307221,,47.9771911454,-25.0010014833,,,,-91.942200124,,,0.0,0.0,-7008.6468955075,-7008.6468955075,,,-27.78064733,-141.6516445774,56.7574174965,396.2861240376,,,15.337267208,,,,,59.0036362524,63.1587470343,,,,,52.4247996271,标准无保留意见,,,,,
600276.SH,600276,恒瑞医药,10002474,通用,2014-09-30 00:00:00,三季报,2014三季报,058001001,2014-10-28 00:00:00,2015-10-28 00:00:00,CNY,6273315107.07,,,,,,,,,,0.0,,,65305210.25,0.0,0.0,6338620317.32,888790178.49,,,,,,619679912.06,1036961452.85,2689456622.05,0.0,0.0,5234888165.45,0.0,0.0,1103732151.87,,200900.0,59000.0,,,,0.0,0.0,259900.0,171753718.97,,,,,,0.0,0.0,171753718.97,0.0,0.0,-171493818.97,120194745.0,120194745.0,,,,0.0,0.0,120194745.0,,122419907.37,,,,0.0,0.0,0.0,122419907.37,0.0,0.0,-2225162.37,-202950.86,0.0,0.0,929810219.67,2169138510.66,,0.0,3098948730.33,,,,,,,,,,,,,,,,,,,,,,,,,,,,,,,,,,,,,,20.6053015917,,,,,,,,,,,,,50.0588650735,,,20.849686741,25.5425245382,,,,,,18.9077207813,20.152101757,23.2756869755,,,22.4877965255,,,13.6414246946,,0.0,-90.2034914159,,,,,,-67.6401345901,-59.1477763444,,,,,,,,-59.1477763444,,,59.1315220593,637.3910736196,,,,,,,637.3910736196,,36.0317369252,,,,,,,36.0317369252,,,96.9805230625,30.9339326226,,,94.6717145689,63.1587470343,,,71.4878801693,,,,,,,,,,,,,,,,,,,,,,,,,,,,,,,,,,,,,,,,,,,
600276.SH,600276,恒瑞医药,10002474,通用,2014-06-30 00:00:00,中报,2014中报,058001001,2014-08-16 00:00:00,2015-08-25 00:00:00,CNY,3991302613.65,,,,,,,,,,0.0,,,52170212.7,0.0,0.0,4043472826.35,498618541.44,,,,,,407386360.52,645514968.29,1692461389.1,0.0,0.0,3243981259.35,0.0,0.0,799491567.0,,200900.0,,,,,0.0,0.0,200900.0,149227883.07,,,,,,0.0,0.0,149227883.07,0.0,0.0,-149026983.07,120194745.0,120194745.0,,,,0.0,0.0,120194745.0,,122419907.37,,,,0.0,0.0,0.0,122419907.37,0.0,0.0,-2225162.37,-66113.31,0.0,0.0,648173308.25,2169138510.66,,0.0,2817311818.91,784304630.93,-1749479.14,95377347.8,95377347.8,,2160911.16,,,,,1419.99,209751.79,,-19238663.36,-200900.0,4452078.17,4452078.17,,,-15705012.49,-261934465.96,184167577.04,8407707.71,0.0,0.0,799491567.0,,,,0.0,2817311818.91,2169138510.66,,,,,648173308.25,16.4037746423,,,,,,,,,,,,,105.2376319185,,,17.0574901865,-21.7717335519,,,,,,27.8431336533,14.0092203341,25.1709104028,,,12.8590135023,,,37.8680395726,,0.0,,,,,,,-72.2902365041,-25.6359019421,,,,,,,,-25.6359019421,,,25.466731543,672.9565594855,,,,,,,672.9565594855,,149.0587674491,,,,,,,149.0587674491,,,93.3780882563,77.4606083251,,,87.3046582127,63.1587470343,,,68.1457205845,18.982243003,-141.2394599953,21.8332278232,21.8332278232,,176.7246284531,,,,,-99.8775784984,,,,0.0,172.8413424651,172.8413424651,,,-161.7866046405,-25.5261382358,743.3874259144,117.5246976731,,,37.8680395726,,,,,68.1457205845,63.1587470343,,,,,87.3046582127,,,,,,
600276.SH,600276,恒瑞医药,10002474,通用,2014-03-31 00:00:00,一季报,2014一季报,058001001,2014-04-28 00:00:00,2015-04-18 00:00:00,CNY,1838127140.58,,,,,,,,,,0.0,,,12616861.74,0.0,0.0,1850744002.32,232892984.82,,,,,,225434647.2,299064324.07,808661477.89,0.0,0.0,1566053433.98,0.0,0.0,284690568.34,,200900.0,,,,,0.0,0.0,200900.0,85975065.1,,,,,,0.0,0.0,85975065.1,0.0,0.0,-85774165.1,,,,,,0.0,0.0,0.0,,,,,,0.0,0.0,0.0,0.0,0.0,0.0,0.0,25092.98,0.0,0.0,198941496.22,2169138510.66,,0.0,2368080006.88,,,,,,,,,,,,,,,,,,,,,,,,,,,,,,,,,,,,,,6.2854599487,,,,,,,,,,,,,125.5993048983,,,6.6700522489,-27.4624733048,,,,,,34.5363697729,23.9019324761,19.7856131493,,,11.4555748165,,,-13.7106166947,,,,,,,,,-45.3355957703,40.0963132215,,,,,,,,40.0963132215,,,-40.6110180966,,,,,,,,,,,,,,,,,,,,,149.006625362,,,-26.0091597987,63.1587470343,,,48.1588831761,,,,,,,,,,,,,,,,,,,,,,,,,,,,,,,,,,,,,,,,,,,
600276.SH,600276,恒瑞医药,10002474,通用,2013-12-31 00:00:00,年报,2013年报,058001001,2014-04-09 00:00:00,2015-03-31 00:00:00,CNY,7297462288.14,,,,,,,,,,0.0,,,99588353.78,0.0,0.0,7397050641.92,968163470.25,,,,,,764177894.78,1192682817.51,3107067793.27,0.0,0.0,6032091975.81,0.0,0.0,1364958666.11,,200900.0,604154.15,,,,0.0,0.0,805054.15,453299913.54,,,,,,0.0,0.0,453299913.54,0.0,0.0,-452494859.39,16300000.0,16300000.0,10000000.0,,,0.0,0.0,26300000.0,,98955177.68,,,,0.0,0.0,0.0,98955177.68,0.0,0.0,-72655177.68,-135163.98,0.0,0.0,839673465.06,1329465045.6,,0.0,2169138510.66,1292052671.62,2519769.29,167782776.32,167782776.32,,2924420.41,224666.76,,,,3466689.1,,,30000.0,-200900.0,303658.81,303658.81,,,-94665448.64,-89750664.66,76191708.04,4079319.06,0.0,0.0,1364958666.11,,,,0.0,2169138510.66,1329465045.6,,,,,839673465.06,19.1810361974,,,,,,,,,,,,,63.2616896164,,,19.6158491029,1.2144554891,,,,,,37.9937050206,11.4745356608,17.4518289669,,,15.4326730288,,,42.4251849041,,0.0,38.8860114943,,,,,,26.6007469728,-2.8973682376,,,,,,,,-3.0642801637,,,3.1046747115,,,,,,,,,,-2.2436984272,,,,,,,-11.0326467366,,,34.678113762,-83.3535207085,,,120.9229276278,40.033641855,,,63.1587470343,12.2151196958,105.5413279941,28.9527487395,28.9527487395,,72.0406427475,0.0,,,,8157.3422978907,,,-43.3058580923,0.0,-96.3684294454,-96.3684294454,,,-273.3063769642,63.9665052474,379.9851637721,-70.410275073,,,42.4251849041,,,,,63.1587470343,40.033641855,,,,,120.9229276278,标准无保留意见,,,,,
600276.SH,600276,恒瑞医药,10002474,通用,2013-09-30 00:00:00,三季报,2013三季报,058001001,2013-10-29 00:00:00,2014-10-28 00:00:00,CNY,5201525160.4,,,,,,,,,,0.0,,,43519728.22,0.0,0.0,5245044888.62,707959459.76,,,,,,521143545.59,863040627.41,2181660218.68,0.0,0.0,4273803851.44,0.0,0.0,971241037.18,200900.0,200900.0,602255.38,,,,0.0,0.0,803155.38,420426854.65,,,,,,0.0,0.0,420426854.65,0.0,0.0,-419623699.27,16300000.0,,,,,0.0,0.0,16300000.0,,89993636.88,,,,0.0,0.0,0.0,89993636.88,0.0,0.0,-73693636.88,-293850.32,0.0,0.0,477629850.71,1329465045.6,,0.0,1807094896.31,,,,,,,,,,,,,,,,,,,,,,,,,,,,,,,,,,,,,,14.4318120343,,,,,,,,,,,,,-1.4096363562,,,14.2794539371,18.5139636756,,,,,,20.677212178,9.0823241142,4.3143969756,,,9.2534942703,,,43.2842385865,0.0,,,,,,,,59.4000169173,50.8974905989,,,,,,,,50.4633997762,,,-50.44725587,,,,,,,,,,-2.2464732878,,,,,,,-11.8243511711,,,27.7950700546,-318.3542047506,,,60.9304584601,40.033641855,,,45.0104593262,,,,,,,,,,,,,,,,,,,,,,,,,,,,,,,,,,,,,,,,,,,
600276.SH,600276,恒瑞医药,10002474,通用,2013-06-30 00:00:00,中报,2013中报,058001001,2013-08-17 00:00:00,2014-08-16 00:00:00,CNY,3428842944.24,,,,,,,,,,0.0,,,25419418.56,0.0,0.0,3454262362.8,637389225.25,,,,,,318661119.2,566195406.3,1352120379.77,0.0,0.0,2874366130.52,0.0,0.0,579896232.28,200900.0,200900.0,524115.21,,,,0.0,0.0,725015.21,200671946.5,,,,,,0.0,0.0,200671946.5,0.0,0.0,-199946931.29,15550000.0,,,,,0.0,0.0,15550000.0,,49153020.64,,,,0.0,0.0,0.0,49153020.64,0.0,0.0,-33603020.64,-293323.4,0.0,0.0,346052956.95,1329465045.6,,0.0,1675518002.55,659177883.3,4242245.51,78285168.59,78285168.59,,780888.63,112333.38,,,,1159918.79,,,,-200900.0,-6112021.03,-6112021.03,,,25418151.04,-208669261.75,21836651.98,3865173.84,0.0,0.0,579896232.28,,,,0.0,1675518002.55,1329465045.6,,,,,346052956.95,17.9485165185,,,,,,,,,,,,,18.6422212397,,,17.9535917615,50.6304815998,,,,,,22.7717310505,4.0908834811,0.4795458048,,,11.7424303699,,,62.8104393377,0.0,,,,,,,,260.883628671,10.2350708018,,,,,,,,9.7176604394,,,-9.4414704664,,,,,,,,,,-2.22222227,,,,,,,-2.22222227,,,33.1551013465,-768.305742004,,,180.7619344145,40.033641855,,,56.2043808883,11.6219654456,-64.4925000292,29.1471938353,29.1471938353,,47.4427264277,20.0,,,,552.4229337542,,,,0.0,-203.0260570459,-203.0260570459,,,157.8137800492,-1.153895577,129.9560352489,-60.0987959343,,,62.8104393377,,,,,56.2043808883,40.033641855,,,,,180.7619344145,,,,,,
600276.SH,600276,恒瑞医药,10002474,通用,2013-03-31 00:00:00,一季报,2013一季报,058001001,2013-04-25 00:00:00,2014-04-28 00:00:00,CNY,1729424835.22,,,,,,,,,,,,,5592597.79,,0.0,1735017433.01,321065516.61,,,,,,167564092.58,241371799.53,675090652.9,,0.0,1405092061.62,,0.0,329925371.39,,,367515.21,,,,,0.0,367515.21,61368542.2,,,,,,,0.0,61368542.2,,0.0,-61001026.99,,,,,,,,,,,,,,,,,,,,,-51203.24,,0.0,268873141.16,1329465045.6,,0.0,1598338186.76,,,,,,,,,,,,,,,,,,,,,,,,,,,,,,,,,,,,,,22.0891815691,,,,,,,,,,,,,2.0794793338,,,22.0120885977,3.7720332393,,,,,,23.1452811977,19.8543057958,0.7073250849,,,6.6724764682,,,214.8068629342,,,1125.0507,,,,,,59.1663967085,-33.3111582215,,,,,,,,-33.3111582215,,,33.5437844774,,,,,,,,,,,,,,,,,,,,,-681.7634673902,,,1967.5206313726,40.033641855,,,66.0793368651,,,,,,,,,,,,,,,,,,,,,,,,,,,,,,,,,,,,,,,,,,,
600276.SH,600276,恒瑞医药,10002474,通用,2012-12-31 00:00:00,年报,2012年报,058001001,2013-04-02 00:00:00,2014-04-09 00:00:00,CNY,6123006244.09,,,,,,,,,,,,,60999217.89,0.0,0.0,6184005461.98,956546637.11,,,,,,553777358.66,1069915035.25,2645397539.23,0.0,0.0,5225636570.25,,0.0,958368891.73,,200900.0,435000.0,,,,0.0,0.0,635900.0,466825569.31,,,803818.81,,,0.0,0.0,467629388.12,,0.0,-466993488.12,,,,,,,,,10000000.0,101226392.66,,,,,0.0,0.0,111226392.66,,0.0,-111226392.66,-73717.69,,0.0,380075293.26,949389752.34,,0.0,1329465045.6,1151406936.18,-45472300.01,130111826.2,130111826.2,,1699842.76,224666.76,,,,41983.11,3086.75,,52915.52,-200900.0,8361638.73,8361638.73,,,-25358647.61,-249075659.4,-27212766.21,13786268.95,0.0,0.0,958368891.73,,,,,1329465045.6,949389752.34,,,,,380075293.26,24.9202477687,,,,,,,,,,,,,13.5760233643,,,24.797292338,1.0368731706,,,,,,61.8636467092,37.600159108,12.0232129301,,,18.0166077982,,,81.7303234637,,-59.2963326664,47.7958039582,,,,,,-98.4841518486,-13.5936820401,,,,,,,,-13.4449005075,,,6.2860021682,,,,,,,,,,34.9609062272,,,,,,,48.2934870572,,,-48.2934870572,-124.2128984825,,,932.4066664606,-4.5886969542,,,40.033641855,22.4373082083,-518.1417149466,34.7488644505,34.7488644505,,71.3995840695,300.0002136499,,,,128.9849868476,,,-13.1345820446,82.7519018625,230.4766967916,230.4766967916,,,80.9486798619,46.6565885406,-164.1871597449,-60.4174061808,,,81.7303234637,,,,,40.033641855,-4.5886969542,,,,,932.4066664606,标准无保留意见,,,,,
600276.SH,600276,恒瑞医药,10002474,通用,2012-09-30 00:00:00,三季报,2012三季报,058001001,2012-10-27 00:00:00,2013-10-29 00:00:00,CNY,4545523721.01,,,,,,,,,,,,,44141969.47,,0.0,4589665690.48,597363751.75,,,,,,431849175.32,791182837.75,2091427724.2,,0.0,3911823489.02,,0.0,677842201.46,200900.0,,,,,302961.54,,0.0,503861.54,278617525.7,,,803818.81,,,,0.0,279421344.51,,0.0,-278917482.97,,,,,,,,,10000000.0,92061780.18,,,,,,0.0,102061780.18,,0.0,-102061780.18,-70239.6,,0.0,296792698.71,949389752.34,,0.0,1246182451.05,,,,,,,,,,,,,,,,0.0,,,,,,,,,,677842201.46,,,,,,,,,,,296792698.71,32.2215975819,,,,,,,,,,,,,-44.076400096,,,30.5091019391,5.8713484569,,,,,,65.4754197213,42.1794340112,22.8609382534,,,26.8445619709,,,56.6217076236,-99.4614788537,,,,,-98.7731434846,,,-99.2408250619,-38.9648007973,,,,,,,,-39.5828279875,,,29.5870978459,,,,,,,,,,27.5654795349,,,,,,,41.4219875543,,,-41.4219875543,-122.6386852986,,,943.506917551,-4.5886969542,,,29.8290653265,,,,,,,,,,,,,,,,,,,,,,,,,,56.6217076236,,,,,,,,,,,943.506917551,,,,,,
600276.SH,600276,恒瑞医药,10002474,通用,2012-06-30 00:00:00,中报,2012中报,058001001,2012-08-10 00:00:00,2013-08-17 00:00:00,CNY,2907067460.83,,,,,,,,,,,,,21425271.96,,0.0,2928492732.79,423147571.78,,,,,,259555775.97,543943318.92,1345667288.74,,0.0,2572313955.41,,0.0,356178777.38,200900.0,,,,,,,0.0,200900.0,182040021.42,,,803818.81,,54651.86,,0.0,182898492.09,,0.0,-182697592.09,,,,,,,,,,50270134.77,,,,,,0.0,50270134.77,,0.0,-50270134.77,43890.6,,0.0,123254941.12,949389752.34,,0.0,1072644693.46,590544952.93,11947463.25,60617010.92,60617010.92,,529621.67,93611.15,,,,177786.33,,,,-200900.0,5932500.19,5932500.19,,,-43965558.07,-206288903.22,-72895667.93,9686860.16,,,356178777.38,,,,,1072644693.46,949389752.34,,,,,123254941.12,28.0357305357,,,,,,,,,,,,,-7.468533877,,,27.677314849,12.61727207,,,,,,60.2830821378,48.6682420925,21.1312028391,,,27.6918621871,,,27.5723526765,-99.4004035752,,,,,,,,-99.6768226503,-29.4054422809,,,,,,,,-37.0112534177,,,19.940731237,,,,,,,,,,-30.3431474421,,,,,,,-30.3431474421,,,30.3431474421,4.5556481433,,,683.2694365947,-4.5886969542,,,10.1370837,19.3896755433,330.7398540641,33.8028083369,33.8028083369,,6.8062718368,,,,,233.3922096489,,,,85.7293066262,-75.6988516144,-75.6988516144,,,19.1732308161,36.3679673734,-211.2059652105,-62.6496638912,,,27.5723526765,,,,,10.1370837,-4.5886969542,,,,,683.2694365947,,,33332824.52,23.3805859171,,
600276.SH,600276,恒瑞医药,10002474,通用,2012-03-31 00:00:00,一季报,2012一季报,058001001,2012-04-27 00:00:00,2013-04-25 00:00:00,CNY,1416525864.94,,,,,,,,,,,,,5478669.98,,0.0,1422004534.92,309395033.12,,,,,,136070250.48,201387674.75,670349105.52,,0.0,1317202063.87,,0.0,104802471.05,200900.0,,30000.0,,,,,0.0,230900.0,92022204.26,,,,,,,0.0,92022204.26,,0.0,-91791304.26,,,,,,,,,,,,,,,,,,,,,-6549.71,,0.0,13004617.08,949389752.34,,0.0,962394369.42,,,,,,,,,,,,,,,,0.0,,,,,,,,,,104802471.05,,,,,,,,,,,13004617.08,26.958558067,,,,,,,,,,,,,-9.6583738254,,,26.7606094253,33.7359620915,,,,,,45.8525584738,31.9831682391,16.2896354072,,,25.0103489637,,,53.8300118141,,,75.4385964912,,,,,,-99.6276833325,-35.5534580593,,,,,,,,-46.7428431267,,,17.1344193846,,,,,,,,,,,,,,,,,,,,,,,,130.4967921622,-4.5886969542,,,1.0486464317,,,,,,,,,,,,,,,,,,,,,,,,,,53.8300118141,,,,,,,,,,,130.4967921622,,,,,,
600276.SH,600276,恒瑞医药,10002474,通用,2011-12-31 00:00:00,年报,2011年报,058001001,2012-03-20 00:00:00,2013-04-02 00:00:00,CNY,4901532260.35,,,,,,,,,,,,,53707830.3,0.0,0.0,4955240090.65,946730245.2,,,,,,342125838.58,777553632.34,2361472653.78,0.0,0.0,4427882369.9,,0.0,527357720.75,37305870.23,493567.32,294325.0,3856349.63,,,0.0,0.0,41950112.18,540267865.05,,,,,,0.0,0.0,540267865.05,,0.0,-498317752.87,,,,,,,,,,75004233.07,,,,,0.0,0.0,75004233.07,,0.0,-75004233.07,304456.28,,0.0,-45659808.91,995049561.25,,0.0,949389752.34,940405300.5,10874853.76,96558755.23,96558755.23,,991742.64,56166.66,,,,-144844.33,,,60916.67,-1164766.1,2530174.99,2530174.99,,,-133107036.29,-466928628.27,42395965.67,34829119.62,0.0,0.0,527357720.75,,,,,949389752.34,995049561.25,,,,,-45659808.91,25.7142916208,,,,,,,,,,,,,5.6586345744,,,25.4086234622,53.8820173845,,,,,,22.4659810388,11.4455801723,19.6872364376,,,24.1927921809,,,36.6403537392,-79.7250705272,-49.076284155,129.0809923603,,,,,,-77.3362337764,88.4235405274,,,,,,,,67.1462846943,,,-260.7525410228,,,,,,,,,,20.7703857037,,,,,,,20.7703857037,,,-287.544612645,20604.0394380615,,,-115.864885055,40.6936893321,,,-4.5886969542,24.4851484413,-52.958247537,37.199930871,37.199930871,,4.2183136565,,,,,-120.4232883388,,,99.7267868852,-20.1745243228,407.2034618003,407.2034618003,,,-25007.6580194063,9.4758077223,48.3491796747,40.1119715403,,,36.6403537392,,,,,-4.5886969542,40.6936893321,,,,,-115.864885055,标准无保留意见,,63794238.7,104.0603551975,,
600276.SH,600276,恒瑞医药,10002474,通用,2011-09-30 00:00:00,三季报,2011三季报,058001001,2011-10-28 00:00:00,2012-10-27 00:00:00,CNY,3437807290.29,,,,,,,,,,,,,78932632.28,,,3516739922.57,564235518.35,,,,,,260974817.92,556467848.71,1702272303.9,,,3083950488.88,,,432789433.69,37305870.23,437172.8,76100.0,3856349.63,,24694129.77,,,66369622.43,456486632.86,6000000.0,,,,,,,462486632.86,,,-396117010.43,,,,,,,,,,72168254.7,,,,,,,72168254.7,,,-72168254.7,310263.6,,,-35185567.84,995049561.25,,,959863993.41,,,,,,,,,,,,,,,,0.0,,,,,,,,,,432789433.69,,,,,,,,,,,-35185567.84,20.2070834833,,,,,,,,,,,,,88.6704290522,,,21.1941634104,29.3051930216,,,,,,28.9377452678,5.1001014748,16.3503687045,,,17.2032123212,,,60.0224886107,-79.7250705272,-54.8947781989,7510.0,,,,,,-64.1187542122,69.0068603654,,,,,,,,71.2282642121,,,-365.3125157579,,,,,,,,,,16.2610438178,,,,,,,16.2610438178,,,-340.3746227673,548.3371012902,,,-116.3351990704,40.6936893321,,,4.0342181316,,,,,,,,,,,,,,,,,,,,,,,,,,60.0224886107,,,,,,,,,,,-116.3351990704,,,,,,
600276.SH,600276,恒瑞医药,10002474,通用,2011-06-30 00:00:00,中报,2011中报,058001001,2011-08-06 00:00:00,2012-08-10 00:00:00,CNY,2270512651.95,,,,,,,,,,,,,23154579.58,,,2293667231.53,375739497.15,,,,,,161935852.81,365877279.01,1110917135.47,,,2014469764.44,,,279197467.09,33505870.23,101910.0,62100.0,3800000.0,,24694129.77,,,62164010.0,257866933.8,32500000.0,,,,,,,290366933.8,,,-228202923.8,,,,,,,,,,72168254.7,,,,,,,72168254.7,,,-72168254.7,41978.22,,,-21131733.19,995049561.25,,,973917828.06,494636533.89,2773707.41,45303242.64,45303242.64,,495871.32,,,,,53326.48,,,30000.0,-1407780.23,24412427.33,24412427.33,,,-54394798.3,-324190340.47,65550141.84,25935135.18,,,279197467.09,,,,,973917828.06,995049561.25,,,,,-21131733.19,21.025293444,,,,,,,,,,,,,-53.9302769844,,,19.0696225196,25.4718636063,,,,,,17.0307855298,4.7614255063,29.4864544826,,,22.4586521737,,,-0.7488706137,-18.2783652927,-89.4854548276,6110.0,,,,,,48.1145368452,25.6315093363,,,,,,,,41.4653504312,,,-39.7562799499,,,,,,,,,,16.2610438178,,,,,,,16.2610438178,,,-16.2610438178,1026.5651624979,,,-137.7764739637,40.6936893321,,,27.6124183017,22.3002374581,-84.9378852962,36.0699641138,36.0699641138,,6.4638022104,,,,,-2.5858914673,,,,-45.2474616933,677.7080965541,677.7080965541,,,-44989.7190154776,-29.8705499961,-17.3704819511,3548677.727608571,,,-0.7488706137,,,,,27.6124183017,40.6936893321,,,,,-137.7764739637,,,27016263.76,103.0895695941,,
600276.SH,600276,恒瑞医药,10002474,通用,2011-03-31 00:00:00,一季报,2011一季报,058001001,2011-04-25 00:00:00,2012-04-27 00:00:00,CNY,1115738778.47,,,,,,,,,,,,,6064391.59,,0.0,1121803170.06,231347670.65,,,,,,93293015.84,152585877.0,576447852.1,,0.0,1053674415.59,,0.0,68128754.47,,3800000.0,17100.0,33505870.23,,24694129.77,,0.0,62017100.0,142788428.19,30000000.0,,,,,,0.0,172788428.19,,0.0,-110771328.19,,,,,,,,,,,,,,,,,,,,,,,0.0,-42642573.72,995049561.25,,0.0,952406987.53,,,,,,,,,,,,,,,,0.0,,,,,,,,,,68128754.47,,,,,,,,,,,-42642573.72,23.0585566005,,,,,,,,,,,,,-84.0519479772,,,18.7471575848,92.9478812217,,,,,,35.9232342139,4.2201164512,34.3786523075,,,37.9302506352,,,-62.3141383903,,1791.4883026381,1610.0,,,,,,30616.7409608717,92.0636106201,,,,,,,,132.4163786395,,,-49.4033979647,,,,,,,,,,,,,,,,,,,,,,,,-195.6886715056,40.6936893321,,,26.6820061513,,,,,,,,,,,,,,,,,,,,,,,,,,-62.3141383903,,,,,,,,,,,-195.6886715056,,,,,,
600276.SH,600276,恒瑞医药,10002474,通用,2010-12-31 00:00:00,年报,2010年报,058001001,2011-03-02 00:00:00,2012-03-20 00:00:00,CNY,3898945933.0,,,,,,,,,,,,1498005.31,50831463.53,,,3951275401.84,615231240.98,,,,,,279363979.84,697698043.42,1973036327.07,,,3565329591.31,,,385945810.53,184000000.0,969228.8,128480.76,,,,,,185097709.56,286730555.82,36500000.0,,,,,,,323230555.82,,,-138132846.26,92097564.0,,10000000.0,,,,,102097564.0,,62104822.0,,,,,,,62104822.0,,,39992742.0,-1484.86,,,287804221.41,707245339.84,,,995049561.25,755435738.54,23117450.33,70378136.94,70378136.94,,951601.12,,,,,709211.6,14954.91,,30500.0,-969228.8,-823615.39,-823615.39,,,-530145.17,-515805351.61,28578496.87,24858061.19,,,385945810.53,,,,,995049561.25,707245339.84,,,,,287804221.41,26.2813173988,,,,,,,,,,,,,113.5230114236,,,26.9969903652,46.0248618565,,,,,,49.395972066,27.192465992,30.2037222177,,,33.4231079672,,,-12.1085068089,-5.568175091,-79.6541489466,-81.7357224425,,,,,,-7.5975038852,102.4208467212,-72.7607775584,,,,,,,17.2617928257,,,-83.365745144,,,0.0,,,,,920.97564,,20.027637223,,,,,,,20.027637223,,,195.8091242823,-107.1378646303,,,-10.6373074445,83.6131554723,,,40.6936893321,8.9622824471,335.7438050074,11.5955477411,11.5955477411,,-21.378114773,,,,,307.2766110817,,,125.9259259259,-109.1882710079,-115.9501458651,-115.9501458651,,,96.4220632203,-40.2541318643,-79.2706543956,304.9537240914,,,-12.1085068089,,,,,40.6936893321,83.6131554723,,,,,-10.6373074445,标准无保留意见,,31262436.37,13.3957253717,,
600276.SH,600276,恒瑞医药,10002474,通用,2010-09-30 00:00:00,三季报,2010三季报,058001001,2010-10-30 00:00:00,2011-10-28 00:00:00,CNY,2859904084.41,,,,,,,,,,,,,41836249.95,,,2901740334.36,436359519.03,,,,,,202403739.4,529464616.02,1463057077.39,,,2631284951.84,,,270455382.52,184000000.0,969228.8,1000.0,,,,,,184970228.8,270099469.26,,,,,,,,270099469.26,,,-85129240.46,92097564.0,,,,,,,92097564.0,,62074322.0,,,,,,,62074322.0,,,30023242.0,47855.29,,,215397239.35,707245339.84,,,922642579.19,,,,,,,,,,,,,,,,0.0,,,,,,,,,,270455382.52,,,,,,,,,,,215397239.35,21.9160548219,,,,,,,,,,,,,117.5490555343,,,22.6936739854,37.4166557951,,,,,,31.2421857389,35.2622016523,30.4756806576,,,32.5899862787,,,-28.9212092772,78.127833443,-55.4739362564,-99.6621621622,,,,,,74.8807137499,152.901356765,,,,,,,,80.4256132121,,,-93.7753718298,,,,,,,,,,24.6271349293,,,,,,,24.6271349293,,,160.2779138167,-10.725987059,,,-24.9001506037,83.6131554723,,,37.2986655608,,,,,,,,,,,,,,,,,,,,,,,,,,-28.9212092772,,,,,,,,,,,-24.9001506037,,,,,,
600276.SH,600276,恒瑞医药,10002474,通用,2010-06-30 00:00:00,中报,2010中报,058001001,2010-08-07 00:00:00,2011-08-06 00:00:00,CNY,1876064570.75,,,,,,,,,,,,,50259862.8,,,1926324433.55,299461159.14,,,,,,138370303.23,349248091.31,857940809.26,,,1645020362.94,,,281304070.61,41000000.0,969228.8,1000.0,,,,,,41970228.8,205256575.49,,,,,,,,205256575.49,,,-163286346.69,,,,,,,,,,62074322.0,,,,,,,62074322.0,,,-62074322.0,-4530.52,,,55938871.4,707245339.84,,,763184211.24,404444459.12,18415126.06,33294079.95,33294079.95,,465765.18,,,,,54742.05,,,,-969228.8,-4225737.44,-4225737.44,,,121174.29,-249625754.63,79330175.69,-730.86,,,281304070.61,,,,,763184211.24,707245339.84,,,,,55938871.4,12.4509029912,,,,,,,,,,,,,432.353231569,,,14.8137419626,44.0418056972,,,,,,40.0781708179,30.7804310028,20.1621283577,,,27.7472607663,,,-27.8832025031,-59.5932289663,-17.0503189377,-98.3909895414,,,,,,-59.1326766146,202.1341325248,,,,,,,,198.5182741391,,,-581.0989415259,,,,,,,,,,24.6271349293,,,,,,,24.6271349293,,,-24.6271349293,-115.5896423706,,,-85.0522210315,83.6131554723,,,0.4968694404,5.3515517149,1501.6729047598,6.2033240359,6.2033240359,,-35.9942724196,,,,,233.1464634082,,,,-3.1564696976,-320.748285917,-320.748285917,,,103.8504551911,-1053.001351814,299.1525157509,-100.0501998708,,,-27.8832025031,,,,,0.4968694404,83.6131554723,,,,,-85.0522210315,,,13302634.8,24.1149744987,,
600276.SH,600276,恒瑞医药,10002474,通用,2010-03-31 00:00:00,一季报,2010一季报,058001001,2010-04-22 00:00:00,2011-04-25 00:00:00,CNY,906673058.17,,,,,,,,,,,,,38025908.0,,,944698966.17,119901638.3,,,,,,68636547.96,146407317.7,428972788.61,,,763918292.57,,,180780673.6,,200900.0,1000.0,,,,,,201900.0,74344342.34,,,,,,,,74344342.34,,,-74142442.34,,,,,,,,,,62074322.0,,,,,,,62074322.0,,,-62074322.0,-40.78,,,44563868.48,707245339.84,,,751809208.32,,,,,,,,,,,,,,,,0.0,,,,,,,,,,180780673.6,,,,,,,,,,,44563868.48,0.2816092221,,,,,,,,,,,,,3100.5790649858,,,4.3502997482,13.6405590064,,,,,,18.2874990863,34.5382181402,39.8893030058,,,31.9356051812,,,-44.5979117314,,0.0,-96.875,,,,,,-13.3104336625,69.0775677653,,,,,,,,69.0775677653,,,-69.5162782129,,,,,,,,,,459709.7925925926,,,,,,,459709.7925925926,,,-459709.7925925926,-106.2794493548,,,-84.2283113856,83.6131554723,,,12.5903839698,,,,,,,,,,,,,,,,,,,,,,,,,,-44.5979117314,,,,,,,,,,,-84.2283113856,,,,,,
600276.SH,600276,恒瑞医药,10002474,通用,2009-12-31 00:00:00,年报,2009年报,058001001,2011-03-02 00:00:00,2011-03-02 00:00:00,CNY,3087508123.38,,,,,,,,,,,,,23806082.16,,,3111314205.54,421319515.84,,,,,,186995657.23,548537240.77,1515345562.68,,,2672197976.52,,,439116229.02,194849564.94,4763766.32,703453.83,,,,,,200316785.09,141650704.69,133997951.22,,,,,,,275648655.91,,,-75331870.82,,,10000000.0,,,,,10000000.0,,51742101.6,,,,,,,51742101.6,,,-41742101.6,20802.58,,,322063059.18,385182280.66,,,707245339.84,693300215.06,-9806175.11,63065362.7,63065362.7,,1210351.44,,,,,-342157.08,,-85458636.46,13500.0,10548543.89,5163685.63,5163685.63,,,-14817063.65,-367764817.16,137864925.48,6138494.28,,,439116229.02,,,,,707245339.84,385182280.66,,,,,322063059.18,20.5323926014,,,,,,,,,,,,,72.0432911923,,,20.809153851,-25.7742837254,,,,,,8.8900657562,8.6695897007,24.8417784749,,,8.7171354194,,,273.8440432821,403.8609593672,-76.5283224792,-24.9373810223,,,,,,234.3948959538,27.3704351836,-9.9404649518,,,,,,,6.0187979945,,,62.3520479607,,,,,,,,,,16.1106357017,,,,,,,-50.5157451949,,,60.0793796965,105.2555557029,,,271.6805510609,-32.7517495859,,,83.6131554723,59.1619360211,-129.8774335519,5.8889276576,5.8889276576,,77.1308411655,,,,,-56.4738712792,,-147.1761083344,-99.0887785754,148.4679676652,108.5925105497,114.9255601621,,,65.1513400548,5.6583704747,258.1899188231,-20.7243188817,,,273.8440432821,,,,,83.6131554723,-32.7517495859,,,,,271.6805510609,标准无保留意见,,27569325.27,117.9881090435,,
600276.SH,600276,恒瑞医药,10002474,通用,2009-09-30 00:00:00,三季报,2009三季报,058001001,2010-10-30 00:00:00,2010-10-30 00:00:00,CNY,2345797761.08,,,,,,,,,,,,,19230720.1,,,2365028481.18,317544854.01,,,,,,154221554.8,391435751.86,1121325499.14,,,1984527659.81,,,380500821.37,103296602.47,2176767.31,296000.0,,,,,,105769369.78,106800324.33,42900965.0,,,,,,,149701289.33,,,-43931919.55,,,,,,,,,,49808031.0,,,,,,,49808031.0,,,-49808031.0,53604.95,,,286814475.77,385182280.66,,,671996756.43,,,,,,,,,,,,,,,,0.0,,,,,,,,,,380500821.37,,,,,,,,,,,286814475.77,28.3334209873,,,,,,,,,,,,,46.8256844269,,,28.464983444,1.5148466374,,,,,,44.7923503651,7.6030811551,20.8362975569,,,15.9818959295,,,192.8641240251,411.9840802409,-90.4276662461,-63.909657093,,,,,,141.8353749248,48.2316940711,-69.5460198093,,,,,,,-29.6916418059,,,74.0331971847,,,,,,,,,,24.5435601883,,,,,,,-50.188212195,,,50.1732630464,12074.6422893482,,,306.0109253059,-32.7517495859,,,54.9973478767,,,,,,,,,,,,,,,,,,,,,,,,,,192.8641240251,,,,,,,,,,,306.0109253059,,,,,,
600276.SH,600276,恒瑞医药,10002474,通用,2009-06-30 00:00:00,中报,2009中报,058001001,2010-08-07 00:00:00,2010-08-07 00:00:00,CNY,1668341045.6,,,,,,,,,,,,,9441074.05,,,1677782119.65,207898781.67,,,,,,98780775.35,267049197.37,713986029.53,,,1287714783.92,,,390067335.73,101468142.47,1168453.92,62150.0,,,,,,102698746.39,67935580.06,822882.41,,,,,,,68758462.47,,,33940283.92,,,,,,,,,,49808031.0,,,,,,,49808031.0,,,-49808031.0,29061.09,,,374228649.74,385182280.66,,,759410930.4,383899859.6,-1313796.25,31349376.54,31349376.54,,727692.97,,,,,-41114.16,,-69920072.0,13500.0,-939571.51,1914278.71,1914278.71,,,-3147012.08,26193641.19,19874652.56,1455900.16,,,390067335.73,,,,,759410930.4,385182280.66,,,,,374228649.74,37.4289389391,,,,,,,,,,,,,10.377536487,,,37.239672068,-2.3149220059,,,,,,46.6005798132,0.8460325217,20.953301178,,,13.4236517464,,,347.2961852077,310.1197039146,-94.1575665636,24.3,,,,,,129.286673408,56.2553242179,-98.1889522228,,,,,,,-22.6686660832,,,176.9209997074,,,,,,,,,,83.3988359277,,,,,,,-42.8533791641,,,42.8533791641,6500.2929820577,,,949.0563706299,-32.7517495859,,,43.6371748895,95.1407274889,-128.9368682535,0.2133834705,0.2133834705,,121.0793662541,,,,,-201.7135930136,,-170.748761798,-99.3813440022,95.3020107066,107.5637828575,418.3505797461,,,-213.0836586533,119.4809109472,128.496417075,,,,347.2961852077,,,,,43.6371748895,-32.7517495859,,,,,949.0563706299,,,10717993.42,118.1866492782,,
600276.SH,600276,恒瑞医药,10002474,通用,2009-03-31 00:00:00,一季报,2009一季报,058001001,2010-04-22 00:00:00,2010-04-22 00:00:00,CNY,904126953.29,,,,,,,,,,,,,1188094.63,,,905315047.92,105509546.37,,,,,,58025191.58,108822102.54,306651601.94,,,579008442.43,,,326306605.49,,200900.0,32000.0,,,,,,232900.0,43970553.47,,,,,,,,43970553.47,,,-43737653.47,,,,,,,,,,13500.0,,,,,,,13500.0,,,-13500.0,649.42,,,282556101.44,385182280.66,,,667738382.1,,,,,,,,,,,,,,,,0.0,,,,,,,,,,326306605.49,,,,,,,,,,,282556101.44,48.9101566994,,,,,,,,,,,,,-78.3951216855,,,47.7674764087,-16.643808389,,,,,,62.8103803125,-16.19297749,18.230983925,,,5.0009859913,,,432.9153201602,,-98.6830463052,,,,,,,-99.00870131,18.5859444487,,,,,,,,-3.9976317621,,,-96.070569896,,,,,,,,,,-95.3936312687,,,,,,,-99.977609368,,,99.977609368,,,,1422.228315208,-32.7181102795,,,21.1601220889,,,,,,,,,,,,,,,,,,,,,,,,,,432.9153201602,,,,,,,,,,,1422.228315208,,,,,,
600276.SH,600276,恒瑞医药,10002474,通用,2008-12-31 00:00:00,年报,2008年报,058001001,2010-02-08 00:00:00,2010-02-08 00:00:00,CNY,2561558811.49,,,,,,,,,,,,,13837262.7,,,2575396074.19,567619333.28,,,,,,171728849.58,504775293.88,1213812860.72,,,2457936337.46,,,117459736.73,38671296.38,20295806.79,937155.99,,,,,,59904259.16,111211604.55,148788189.0,,,,,,,259999793.55,,,-200095534.39,,,,,,,,,60000000.0,44562758.0,,,,,,,104562758.0,,,-104562758.0,-395820.75,,,-187594376.41,572776657.07,,,385182280.66,435594233.39,32821343.55,59558033.21,59558033.21,,683309.26,,,,,-218667.23,,181148126.62,1481527.94,-21763949.26,-60095191.04,-34596260.2,-25498930.84,,-42518316.84,-389822413.51,-87151524.26,7743224.9,,,117459736.73,,,,,385182280.66,572776657.07,,,,,-187594376.41,32.4360056502,,,,,,,,,,,,,-26.2313710299,,,31.8725166945,184.3371111851,,,,,,55.6068329783,26.1715728513,17.5348823399,,,41.0348979754,,,-44.1087998248,,-47.7545802866,-17.5430701955,,,,,,3.7539745644,66.3565019793,-5.7825942649,,,,,,,15.6729679996,,,-19.7928624106,,,,,,,,,16.1665053243,-22.0370489373,,,,,,,-3.9023766274,,,-169.42990655,-16913.2438769529,,,-4445.7876486279,0.7593664962,,,-32.7517495859,3.6171004215,31.3550505934,2.8785168403,2.8785168403,,3.8291529864,,,,,39.4521360954,,277.6036491414,-63.8789202305,43.9752912769,-468.2693033966,-276.8385834285,-200.0,,-206.5062285353,-41.1308606995,-174.4232988753,904.0651493374,,,-44.1087998248,,,,,-32.7517495859,0.7593664962,,,,,-4445.7876486279,标准无保留意见,,12647169.33,125.4496940557,,
600276.SH,600276,恒瑞医药,10002474,通用,2008-09-30 00:00:00,三季报,2008三季报,058001001,2009-10-23 00:00:00,2009-10-23 00:00:00,CNY,1827893110.8,,,,,,,,,,,,,13097653.98,,,1840990764.78,312806318.02,,,,,,106512225.55,363777456.61,927970752.01,,,1711066752.19,,,129924012.59,20175745.0,22740194.46,820164.0,,,,,,43736103.46,72049587.64,140871455.0,,,,,,,212921042.64,,,-169184939.18,,,,,30000.0,,,30000.0,60000000.0,39992458.0,,,,,,,99992458.0,,,-99962458.0,440.3,,,-139222944.29,572776657.07,,,433553712.78,,,,,,,,,,,,,,,,0.0,,,,,,,,,,129924012.59,,,,,,,,,,,-139222944.29,26.7987782573,,,,,,,,,,,,,-7.3464477788,,,26.4671987212,196.9543316712,,,,,,33.8029391371,29.6979368847,34.8548161955,,,48.3307425907,,,-57.001276362,198.027478079,194.2973382027,14.8679422862,,,,,,32.6785892011,10.5896728242,,,,,,,,226.814756534,,,-425.6406471426,,,,,,,,-99.95,25.0,-26.3355301366,,,,,,,-2.2461286266,,,-136.3736165812,100.1075180146,,,-161.2583257777,1.2769524959,,,-45.3154475619,,,,,,,,,,,,,,,,,,,,,,,,,,,,,,,,,,,,,,,,,,,
600276.SH,600276,恒瑞医药,10002474,通用,2008-06-30 00:00:00,中报,2008中报,058001001,2008-08-01 00:00:00,2009-08-26 00:00:00,CNY,1213966329.42,,,,,,,,,,,,,8553437.91,0.0,0.0,1222519767.33,212825526.62,,,,,,67380889.95,264808828.56,590298919.15,0.0,0.0,1135314164.28,,0.0,87205603.05,24741104.0,19999439.15,50000.0,,,,0.0,0.0,44790543.15,43477289.75,45436814.0,,,,,0.0,0.0,88914103.75,,0.0,-44123560.6,,,,,,,,,60000000.0,27158313.6,,,,,0.0,0.0,87158313.6,,0.0,-87158313.6,440.3,,0.0,-44075830.85,572776657.07,,0.0,528700826.22,196729747.06,4540215.75,31282624.59,31282624.59,,329154.63,,,,,40421.5,,98828686.5,2182149.7,-19999439.15,-25308483.15,-601311.52,-24707171.63,,2782906.14,-134457989.47,-69744391.05,,,,87205603.05,,,,,528700826.22,572776657.07,,,,,-44075830.85,28.8218978612,,,,,,,,,,,,,139.2643845269,,,29.2392834771,219.051855153,,,,,,36.0757780699,44.4085808154,33.9218415777,,,53.342877251,,,-57.5763467586,265.4650090993,158.8272372844,-90.7063197026,,,,,,36.6067463857,-6.4946165902,,,,,,,,91.2250604739,,,-221.8547241891,,,,,,,,,25.0,-49.9323591365,,,,,,,-14.7539646775,,,-106.3248491842,100.1075180146,,,-129.5420343914,1.2769524959,,,-26.030150839,25.9033675981,-28.8263017233,12.8498526571,12.8498526571,,154.2160185582,,,,,124.4886265395,,1527.5330851765,36.5736156987,-158.8272372844,,,,,-22.6548878382,-639.8965271536,-306.4955634216,,,,-57.5763467586,,,,,-26.030150839,1.2769524959,,,,,-129.5420343914,,,4912304.88,96.5576378862,,
600276.SH,600276,恒瑞医药,10002474,通用,2008-03-31 00:00:00,一季报,2008一季报,058001001,2009-04-21 00:00:00,2009-04-21 00:00:00,CNY,607162716.99,,,,,,,,,,,,,5499196.12,,,612661913.11,126576735.73,,,,,,35639737.14,129848429.5,259366531.31,,,551431433.68,,,61230479.43,8239530.0,15254902.34,,,,,,,23494432.34,37079059.98,8722470.0,,,,,,,45801529.98,,,-22307097.64,,,,,,,,,60000000.0,293072.5,,,,,,,60293072.5,,,-60293072.5,,,,-21369690.71,572490282.69,,,551120591.98,,,,,,,,,,,,,,,,0.0,,,,,,,,,,61230479.43,,,,,,,,,,,-21369690.71,42.0267406508,,,,,,,,,,,,,83.5725461909,,,42.3158426044,227.9912699657,,,,,,30.6780319847,77.4730404093,33.275051044,,,65.2775950993,,,-36.7812734249,,7493.2814036834,,,,,,,77.1249082313,503.2515987878,,,,,,,,645.1603735981,,,-413.3989120625,,,,,,,,,,-62.3106352881,,,,,,,7653.738747428,,,-7653.738747428,,,,-120.7075618216,0.3635383756,,,-18.1845251964,,,,,,,,,,,,,,,,,,,,,,,,,,-36.7812734249,,,,,,,,,,,-120.7075618216,,,,,,
600276.SH,600276,恒瑞医药,10002474,通用,2007-12-31 00:00:00,年报,2007年报,058001001,2009-02-18 00:00:00,2009-02-18 00:00:00,CNY,1934186099.1,,,,,,,,,,,,,18757651.99,,,1952943751.09,199629000.56,,,,,,110360738.21,400070540.83,1032725635.62,,,1742785915.22,,,210157835.87,,38847054.73,1136540.0,,,17753238.4,,,57736833.13,66851372.34,157920065.66,,,,,,,224771438.0,,,-167034604.87,10000000.0,,60000000.0,,,,,70000000.0,51650000.0,57158890.72,,,,,,,108808890.72,,,-38808890.72,2354.22,,,4316694.5,568459962.57,,,572776657.07,420388364.1,24986738.92,57891613.37,57891613.37,,658109.25,,,,,-361147.72,,-101995723.34,4101560.5,-38847054.73,16318273.2,-9180657.64,25498930.84,,-13871925.88,-276213445.86,117102474.06,-963009.64,,,210157835.87,,,,,572776657.07,568459962.57,,,,,4316694.5,15.4342286837,,,,,,,,,,,,,250.7100227907,,,16.1828459163,-26.8637992729,,,,,,40.3550787132,26.1286454695,38.4406451261,,,23.1870902211,,,-21.0453654058,,114.0289051163,35.9118810188,,,,,,204.092362513,-22.5278163325,1339.8885587626,,,,,,,131.1076546064,,,-113.4035296981,,,,,,,,1105.1096649795,,-4.0700759877,,,,,,,82.6142615287,,,27.8315231285,147.7426760169,,,-96.78154945,31.761374209,,,1.2769524959,104.8448232439,2334.5050615182,1.6737516143,1.6737516143,,,,,,,-1314.5110202521,,,18.0952219329,-114.0289051163,,,,,52.9811425933,-1320.1669349455,380.9712847645,,,,-21.0453654058,,,,,1.2769524959,31.761374209,,,,,-96.78154945,标准无保留意见,,5609752.27,421.4708320559,,
600276.SH,600276,恒瑞医药,10002474,通用,2007-09-30 00:00:00,三季报,2007三季报,058001001,2008-10-25 00:00:00,2008-10-25 00:00:00,CNY,1441569970.88,,,,,,,,,,,,,14136159.56,,,1455706130.44,105338189.97,,,,,,79603801.11,280480526.79,688125777.18,,,1153548295.05,,,302157835.39,6769760.0,7726945.34,714006.0,,,17753238.4,,,32963949.74,65150375.98,,,,,,,,65150375.98,,,-32186426.24,,,60000000.0,,,,,60000000.0,48000000.0,54290023.5,,,,,,,102290023.5,,,-42290023.5,-409512.77,,,227271872.88,565554791.05,,,792826663.93,,,,,,,,,,,,,,,,,,,,,,,,,,,,,,,,,,,,,,19.3070637095,,,,,,,,,,,,,183.68903207,,,19.9821917555,-47.5173744531,,,,,,40.5364939828,26.452650299,30.6616084275,,,14.6887847634,,,45.6455492929,,3113.1905419668,-14.1027846585,,,,,,2975.8308644646,91.2551765105,,,,,,,,91.2551765105,,,2.4444604825,,,,,,,,4377.6119402985,,4.222633275,,,,,,,96.3700680096,,,16.6706194078,,,,83.7019521384,31.0879945218,,,42.8132744321,,,,,,,,,,,,,,,,,,,,,,,,,,,,,,,,,,,,,,,,,,,
600276.SH,600276,恒瑞医药,10002474,通用,2007-06-30 00:00:00,中报,2007中报,058001001,2008-08-01 00:00:00,2008-08-01 00:00:00,CNY,942360227.24,,,,,,,,,,,,,3574889.73,0.0,0.0,945935116.97,66705622.67,,,,,,49517181.46,183374718.5,440778675.23,0.0,0.0,740376197.86,,0.0,205558919.11,6769760.0,7726945.34,538000.0,,,17753238.4,0.0,0.0,32787943.74,46497097.99,,,,,,0.0,0.0,46497097.99,,0.0,-13709154.25,,,60000000.0,,,,0.0,60000000.0,48000000.0,54243246.0,,,,,0.0,0.0,102243246.0,,0.0,-42243246.0,-409512.77,,0.0,149197006.09,565554791.05,,0.0,714751797.14,156254555.23,6379063.98,27720571.94,27720571.94,,129478.32,,,,,-165062.34,,-6923040.0,1597782.77,-7726945.34,0.0,,,,3598037.5,-18172539.61,33775249.16,9091767.5,,,205558919.11,,,,,714751797.14,565554791.05,,,,,149197006.09,18.8916453433,,,,,,,,,,,,,79.0681432155,,,19.0428318841,-51.1614650045,,,,,,39.4264546481,26.6827891995,17.2358780156,,,6.863235833,,,101.9410828967,,2977.005459563,1437.1428571429,,,,,,11359.5478594571,176.5428357836,,,,,,,,137.0643221394,,,29.0694973736,,,,,,,,4942.0168067227,,3721.0232459848,,,,,,,7102.2573964497,,,-18298.6263066202,,,,81.4290705367,31.0879945218,,,39.1472534539,46.6757576883,,3.1986585133,3.1986585133,,,,,,,-252.3563955642,,,12.5516180614,-2977.005459563,,,,,126.4354941428,-45.9716789808,588.8026969379,,,,101.9410828967,,,,,39.1472534539,31.0879945218,,,,,81.4290705367,,,2499167.64,365.9405773454,,
600276.SH,600276,恒瑞医药,10002474,通用,2007-03-31 00:00:00,一季报,2007一季报,058001001,2008-04-25 00:00:00,2008-04-25 00:00:00,CNY,427498873.95,,,,,,,,,,,,,2995652.8,,,430494526.75,38591495.36,,,,,,27272936.85,73165157.48,194609965.84,,,333639555.53,,,96854971.22,,200900.0,172000.0,,,12891430.0,,,13264330.0,6146533.23,,,,,,,,6146533.23,,,7117796.77,,,,,,,,,,777600.0,,,,,,,777600.0,,,-777600.0,2354.22,,,103197522.21,570416599.45,,,673614121.66,74032927.05,,12050008.85,12050008.85,,2700.0,,,,,-38384.15,,,775245.78,-200900.0,0.0,,,,-2918669.88,-38079201.21,50702710.68,528534.1,,,96854971.22,,,,,673614121.66,570416599.45,,,,,103197522.21,12.0771334651,,,,,,,,,,,,,109.4726087191,,,12.440931053,-40.9702405676,,,,,,31.0652482301,-3.0283914104,10.2450513155,,,-1.3367740497,,,116.6640419152,,-19.9980885556,,,,,,,5182.0893679889,-51.5702559734,,,,,,,,-51.5702559734,,,157.2145772256,,,,,,,,,,10.7692307692,,,,,,,10.7692307692,,,-10.7692307692,,,,226.9851790818,32.2148963233,,,45.4916124754,48.0099410654,,-10.4393043732,-10.4393043732,,,,,,,,,,10.4338717949,19.9980885556,,,,,-149.5051537615,-26.7487103359,929.3141938389,,,,116.6640419152,,,,,45.4916124754,32.2148963233,,,,,226.9851790818,,,613994.7,151.6947347364,,
600276.SH,600276,恒瑞医药,10002474,通用,2006-12-31 00:00:00,年报,2006年报,058001001,2008-02-28 00:00:00,2008-02-28 00:00:00,CNY,1675574152.62,,,,,,,,,,,,,5348479.02,,,1680922631.64,272955114.67,,,,,,78629672.13,317192450.09,745969967.62,,,1414747204.51,,,266175427.13,,18150377.73,836233.0,,,,,,18986610.73,86290806.81,10967520.0,,,,,,,97258326.81,,,-78271716.08,,,,,5808600.0,,,5808600.0,,59584005.0,,,,,,,59584005.0,,,-53775405.0,-4931.06,,,134123374.99,431431416.06,,,565554791.05,205222840.12,1026358.06,56938602.59,56938602.59,,,208907.31,,,,-25531.63,,,3473096.06,-18150377.73,0.0,,,,-29502898.72,22637348.87,24347082.2,,,,266175427.13,,,,,565554791.05,431431416.06,,,,,134123374.99,19.9979361629,,,,,,,,,,,,,46.7240387844,,,20.0675254666,32.1320993785,,,,,,20.4238317108,14.8448261159,19.5385982007,,,20.7014213116,,,16.8070169514,,,906.7482700131,,,,,,22758.1477959379,36.8238296632,,,,,,,,54.2140725382,,,-24.2723281078,,,,,-9.4133058857,,,-89.5174708819,,11.833716383,,,,,,,-60.8718449178,,,44.4852665675,92.7332900863,,,97.3637864905,,,,,28.2060313955,-91.6664831659,1.0534736385,1.0534736385,,,12.8857095151,,,,-3120.7082179788,,,48.8960129018,,,,,,-435.4557366663,1.3348387229,197.8981857625,,,,16.8070169514,,,,,31.0879945218,18.6966449858,,,,,97.3637864905,标准无保留意见,,-1745026.83,18.8121695849,,
600276.SH,600276,恒瑞医药,10002474,通用,2006-09-30 00:00:00,三季报,2006三季报,058001001,2007-10-23 00:00:00,2007-10-23 00:00:00,CNY,1208285516.43,,,,,,,,,,,,,4982977.12,,,1213268493.55,200710594.93,,,,,,56642797.08,221806760.18,526647257.34,,,1005807409.53,,,207461084.02,,240475.79,831233.0,,,,,,1071708.79,34064634.05,,,,,,,,34064634.05,,,-32992925.26,,,,,1340000.0,,,1340000.0,,52090435.44,,,,,,,52090435.44,,,-50750435.44,,,,123717723.32,431431416.06,,,555149139.38,,,,,,,,,,,,,,,,,,,,,,,,,,,,,,,,,,,,,,16.6716310669,,,,,,,,,,,,,105.8951153566,,,16.8796505501,39.0164647972,,,,,,9.3870918077,1.9863889303,18.3616820012,,,17.1457278192,,,15.6066101847,,,724.3984074429,,,,,,962.8969491329,32.0224589354,,,,,,,,32.0224589354,,,-28.3705385481,,,,,6600.0,,,-99.1520060752,,-0.964812523,,,,,,,-80.0111842364,,,50.5249842707,,,,141.7536762649,,,,,,,,,,,,,,,,,,,,,,,,,,,,,,,,,,,,,,,,,,,,,,,
600276.SH,600276,恒瑞医药,10002474,通用,2006-06-30 00:00:00,中报,2006中报,058001001,2007-08-08 00:00:00,2007-08-08 00:00:00,CNY,792621066.45,,,,,,,,,,,,,1996385.1,,,794617451.55,136583995.97,,,,,,35514911.13,144751090.23,375975923.66,,,692825920.99,,,101791530.56,,251119.0,35000.0,,,,,,286119.0,16813705.5,2800000.0,,,,,,,19613705.5,,,-19327586.5,,,,,1190000.0,,,1190000.0,,1419600.0,,,,,,,1419600.0,,,-229600.0,,,,82234344.06,431431416.06,,,513665760.12,106530593.53,,26861368.49,26861368.49,,,92530.45,,,,108339.62,,,1419600.0,-251119.0,0.0,,,,-13610630.77,-12449359.86,-6909791.9,,,,101791530.56,,,,,513665760.12,431431416.06,,,,,82234344.06,15.4420551286,,,,,,,,,,,,,18.2161252522,,,15.4488615148,55.6782597921,,,,,,2.9812000272,4.8510115399,30.441212787,,,26.3106161215,,,-27.1750196631,,,,,,,,,,-11.9995056938,,,,,,,,2.6552879242,,,-1.1577826045,,,,,5850.0,,,-96.1637653127,,-97.2799005932,,,,,,,-99.0852460302,,,99.8150911239,,,,2449.5013743186,,,,,44.2354941919,,-4.1262690034,-4.1262690034,,,0.0,,,,,,,20.8304792211,,,,,,-330.7476389528,-143.0476900884,-586.2804985436,,,,-27.1750196631,,,,,42.6952785643,18.6966449858,,,,,2449.5013743186,标准无保留意见,,-939746.64,62.3537519154,,
600276.SH,600276,恒瑞医药,10002474,通用,2006-03-31 00:00:00,一季报,2006一季报,058001001,2007-04-10 00:00:00,2007-04-10 00:00:00,CNY,381432733.63,,,,,,,,,,,,,1430092.85,,,382862826.48,65376338.53,,,,,,20808671.42,75450081.26,176524899.32,,,338159990.53,,,44702835.95,,251119.0,,,,,,,251119.0,12691649.22,,,,,,,,12691649.22,,,-12440530.22,,,,,,,,,,702000.0,,,,,,,702000.0,,,-702000.0,,,,31560305.73,431431416.06,,,462991721.79,50018888.27,,13454572.64,13454572.64,,,,,,,,,,702000.0,-251119.0,0.0,,,,5895688.95,-30043067.98,4925873.07,,,,44702835.95,,,,,462991721.79,431431416.06,,,,,31560305.73,17.8690782893,,,,,,,,,,,,,76.8282982581,,,18.0160595966,40.2202379288,,,,,,33.790940208,15.5244796302,1.0792774536,,,11.926025132,,,100.571286938,,,,,,,,,,-11.546921611,,,,,,,,-11.546921611,,,13.2970683577,,,,,,,,,,-0.6315459765,,,,,,,-98.9476281865,,,98.0875301818,,,,209.7094899227,,,,,25.6314105028,,-6.1176714983,-6.1176714983,,,,,,,,,,-0.6315459765,,,,,,822.4000796054,9.7355927594,269.2221165566,,,,100.571286938,,,,,38.3275451425,18.6966449858,,,,,209.7094899227,,,-1187731.6,,,
600276.SH,600276,恒瑞医药,10002474,通用,2005-12-31 00:00:00,年报,2005年报,058001001,2006-03-29 00:00:00,2006-03-29 00:00:00,CNY,1396335808.93,,,,,,,,,,,,,3645264.31,,0.0,1399981073.24,206577444.81,,,,,,65294112.48,276192198.48,624041087.02,,0.0,1172104842.79,,0.0,227876230.45,,,83062.77,,,,,0.0,83062.77,63067089.28,,,,,,,0.0,63067089.28,,0.0,-62984026.51,1000000.0,,48000000.0,,6412200.0,,0.0,55412200.0,99000000.0,53279106.63,,,,,,0.0,152279106.63,,0.0,-96866906.63,-67858.22,,0.0,67957439.09,,,,,160072687.6,12316025.52,56345022.63,56345022.63,,392568.75,185060.9,,,,845.22,4271963.97,,2332564.85,,0.0,,,,-5509866.96,22339157.15,-24869799.18,,,0.0,227876230.45,,,,,431431416.06,363473976.97,,,,0.0,67957439.09,4.9886933478,,,,,,,,,,,,,274.103464733,,,5.1857129419,-20.4104467026,,,,,,-3.9537347558,32.0831601957,6.6904170052,,,4.5077299896,,,8.8167747579,,,-73.2700548354,,,,,,-99.9704831171,-20.2761086904,,,,,,,,-47.6838474933,,,-139.1551147643,-93.4640522876,,-86.567815678,,-69.9240150094,,,-85.9349426439,-74.0004199361,40.9846842189,,,,,,,-69.4896313943,,,7.8646325446,11.7814274883,,,-74.3613103271,,,,,31.9474686695,-43.9519829897,26.3933165732,26.3933165732,,-43.567416861,-96.9194024533,,,,-99.7321817463,-8.9025186589,,-81.0719994946,,,,,,-143.7297676537,135.261634012,-152.6132513792,,,,8.8167747579,,,,,9.6274876645,182.8922752094,,,,,-74.3613103271,标准无保留意见,,-2149369.95,-64.6991696269,,
600276.SH,600276,恒瑞医药,10002474,通用,2005-09-30 00:00:00,三季报,2005三季报,058001001,2005-10-20 00:00:00,2005-10-20 00:00:00,CNY,1035629231.7,,,,,,,,,,,,,2420153.15,,0.0,1038049384.85,144379009.51,,,,,,51781975.5,217486629.84,444947425.92,,0.0,858595040.77,,0.0,179454344.08,,,100829.04,,,,,0.0,100829.04,25802150.88,,,,,,,0.0,25802150.88,,0.0,-25701321.84,1000000.0,,157000000.0,,20000.0,,0.0,158020000.0,208000000.0,52597906.63,,,,,,0.0,260597906.63,,0.0,-102577906.63,,,0.0,51175115.61,,,,,128604626.39,,37262337.86,37262337.86,,392568.75,92530.45,,,,845857.02,,,1243218.23,,0.0,,,,5425278.77,20988277.44,-15400350.83,,,0.0,179454344.08,,,,,414649092.58,363473976.97,,,,0.0,51175115.61,0.4768447613,,,,,,,,,,,,,928.8672310454,,,0.6886695274,-33.8351619555,,,,,,-0.6769223111,54.1411162214,-10.7181184969,,,-5.6285988859,,,48.1315250624,,,-0.5140207203,,,,,,-99.9512162435,-62.0415504664,,,,,,,,-73.3929107998,,,-123.4263940899,-93.4640522876,,-47.2003871272,,-99.7142857143,,,-50.5647829655,-37.306981764,57.6467384106,,,,,,,-28.6306472038,,,-125.4998337803,,,,-72.3810978304,,,,,38.128713602,,33.797083157,33.797083157,,-9.3447989193,-86.9630325645,,,,438.6998821729,,,-84.2572056744,,,,,,276.4468786857,146.9812959932,-436.3707538583,,,100.0,48.1315250624,,,,,32.1484888511,182.8922752094,,,,,-72.3810978304,,,-1276411.89,-152.8265174496,,
600276.SH,600276,恒瑞医药,10002474,通用,2005-06-30 00:00:00,中报,2005中报,058001001,2005-08-09 00:00:00,2005-08-09 00:00:00,CNY,686596462.24,,,,,,,,,,,,,1688758.7,,0.0,688285220.94,87734791.07,,,,,,34486790.91,138054071.3,288233998.77,,0.0,548509652.05,,0.0,139775568.89,,,,,,,,,,19106376.2,,,,,,,0.0,19106376.2,,0.0,-19106376.2,1000000.0,,30000000.0,,20000.0,,0.0,31020000.0,103000000.0,52189269.13,,,,,,0.0,155189269.13,,0.0,-124169269.13,,,0.0,-3500076.44,,,,,73858791.92,,28017443.58,28017443.58,,392568.75,92530.45,,,,,,,1174869.13,,0.0,,,,5898491.89,28919925.4,1420947.77,,,0.0,139775568.89,,,,,359973900.53,363473976.97,,,,0.0,-3500076.44,17.7350591869,,,,,,,,,,,,,1115.1564541403,,,17.9965217929,-13.2006370711,,,,,,7.0878064553,62.2362070151,8.4419737169,,,13.2881808149,,,40.9912620144,,,,,,,,,,-67.2200928764,,,,,,,,-75.5943999198,,,-114.5355781519,,,-76.3033175355,,-99.5637279776,,,-76.3538769554,-42.872989462,78.0100525803,,,,,,,-25.9657320068,,,-58.3107921265,,,,-102.3004196102,,,,,39.5775938219,,153.5160556174,153.5160556174,,65.661792632,13.5398948513,,,,,,,-79.8333263103,,,,,,206.0533656019,545.9984583527,133.2737469399,,,,40.9912620144,,,,,46.0214668192,285.1512895907,,,,,-102.3004196102,,,-2496255.77,-265.1490184528,,
600276.SH,600276,恒瑞医药,10002474,通用,2005-03-31 00:00:00,一季报,2005一季报,058001001,2005-04-23 00:00:00,2005-04-23 00:00:00,CNY,323607123.4,,,,,,,,,,,,,808746.6,,0.0,324415870.0,46624039.08,,,,,,15553124.44,65310903.37,174640048.65,,0.0,302128115.54,,0.0,22287754.46,,,,,,,,,,14348453.95,,,,,,,0.0,14348453.95,,0.0,-14348453.95,,,30000000.0,,,,0.0,30000000.0,66000000.0,706461.63,,,,,,0.0,66706461.63,,0.0,-36706461.63,,,0.0,-28767161.12,,,,,39813998.8,6000000.0,14331315.44,14331315.44,,,,,,,,,,706461.63,,0.0,,,,-816125.18,-33283404.72,-2910892.01,,,-1553599.5,22287754.46,,,,,334706815.85,363473976.97,,,,0.0,-28767161.12,16.3928319022,,,,,,,,,,,,,-85.7090507052,,,14.356060751,0.5060138782,,,,,,-8.2627032432,81.3180724158,18.1832077483,,,22.2527668401,,,-39.0300277366,,,,,,,,,,-60.1848508553,,,,,,,,-60.1848508553,,,60.0473877065,,,-69.1675231244,,,,,-69.1675231244,-35.6725146199,-76.3585415968,,,,,,,-36.8239619569,,,-342.874445858,,,,-276.2077118621,,,,,29.5654303546,,159.6611171779,159.6611171779,,,,,,,,,,-71.1205028149,,,,,,88.7013350062,-35.7506102943,-109.9532388654,,,,-39.0300277366,,,,,285.9398512666,285.1512895907,,,,,-276.2077118621,,,,,,
600276.SH,600276,恒瑞医药,10002474,通用,2004-12-31 00:00:00,年报,2004年报,058001001,2005-01-25 00:00:00,2005-01-25 00:00:00,CNY,1329986843.73,,,,,,,,,,,,,974400.04,,0.0,1330961243.77,259553466.82,,,,,,67981937.99,209104777.68,584908283.74,,0.0,1121548466.23,,0.0,209412777.54,148456913.93,,310748.0,,,132640000.0,,0.0,281407661.93,79106887.84,23145070.0,,,,18297979.91,,0.0,120549937.75,,0.0,160857724.18,15300000.0,,357350665.01,,21320000.0,,0.0,393970665.01,380775380.82,37790705.37,,,80540000.0,,,0.0,499106086.19,,0.0,-105135421.18,-76920.56,,0.0,265058159.98,,,,,121315466.84,21974061.13,44579115.54,44579115.54,,695642.0,6007305.31,,,145647.46,315594.62,4689442.46,,12323355.81,401013.13,0.0,,,,12599808.45,-63352586.39,47269078.66,449832.52,,0.0,209412777.54,,,,,393543102.42,128484942.44,,,,0.0,265058159.98,7.8433800578,,,,,,,,,,,,,-89.9500583517,,,7.0805485078,-30.6125311792,,,,,,-11.4146574939,21.8023731755,20.9358294803,,,1.3936481863,,,53.0566191467,14845591.393,,15.4509427675,,,427770.9677419355,,,10021.909976076,-63.4814100695,19187.5583333333,,,,3374.4217416024,,,-44.515435257,,,174.9963735878,1253.982300885,,-18.7854193211,,,,,-10.6921981619,20.3322011628,1.295487582,,,,,,,41.0923712461,,,-220.3007621567,40.1308922814,,,2661.465959583,,,,,31.5717316649,213.8562365269,13.4365064648,13.4365064648,,2590.0309358082,-12.6598182485,,,130.0319595935,-10.0813874188,12724.4961684655,,-28.5759941327,116.1762556317,,,,,173.9264673921,-262.27168444,319.5865101613,,,,53.0566191467,,,,,206.2951151679,8.0736329478,,,,,2661.465959583,标准无保留意见,,-1305027.8,43.6317798413,,
600276.SH,600276,恒瑞医药,10002474,通用,2004-09-30 00:00:00,三季报,2004三季报,058001001,2004-10-23 00:00:00,2004-10-23 00:00:00,CNY,1030714324.44,,,,,,,,,,,,,235225.02,,0.0,1030949549.46,218211082.77,,,,,,52134888.19,141095792.72,498362510.32,,0.0,909804274.0,,0.0,121145275.46,157899617.71,3430528.08,101350.0,,,45254186.53,,0.0,206685682.32,67974722.88,20000000.0,,,,8999999.48,,0.0,96974722.36,,0.0,109710959.96,15300000.0,,297350665.01,,7000000.0,,0.0,319650665.01,331775380.82,33364411.57,,,,,,0.0,365139792.39,,0.0,-45489127.38,-76920.56,,0.0,185290187.48,,,,,93104918.62,33095715.19,27849888.04,27849888.04,,433035.0,709754.4,,,145647.46,157018.23,162722.67,,7897062.01,5539933.55,0.0,,,,-3074737.74,-44673687.68,4578385.8,358540.73,,-5138920.82,121145275.46,,,,,313775129.92,128484942.44,,,,0.0,185290187.48,17.0601868868,,,,,,,,,,,,,-81.3005902065,,,16.8786343431,-18.7352751685,,,,,,6.1735661647,22.7217541965,30.5826736655,,,11.7366783032,,,78.6043482646,15789861.771,8033.0679943101,-70.2489468905,,,190161.07513419,,,50604.7945182627,-59.5516618106,16566.6666666667,,,,1661.2523444227,,,-42.5110782442,,,165.1968144791,1253.982300885,,-19.5498260749,,,,,-13.7800141487,38.2565000384,29.468436437,,,,,,,37.4042758794,,,-143.3241070047,-595.3528673153,,,3982.6416498398,,,,,56.4151281983,5748.4918312233,-12.2006820552,-12.2006820552,,-92.5103984021,3.8654842392,,,-87.046005493,-59.1358410795,,,-36.861818593,13234.0292792793,,,,,68.9894577422,53.1197556561,-92.4818888964,,,,78.6043482646,,,,,128.3671318238,8.0736329478,,,,100.0,3982.6416498398,,,2416233.27,223.409636267,,
600276.SH,600276,恒瑞医药,10002474,通用,2004-06-30 00:00:00,中报,2004中报,058001001,2004-08-10 00:00:00,2004-08-10 00:00:00,CNY,583170779.36,,,,,,,,,,,,,138974.59,,0.0,583309753.95,101077690.1,,,,,,32204218.25,85094488.98,265795603.76,,0.0,484172001.09,,0.0,99137752.86,64679403.26,859521.26,101350.0,,,144092166.44,,0.0,209732440.96,58286852.76,20000000.0,,,,,,0.0,78286852.76,,0.0,131445588.2,,,126600000.0,,4584295.8,,0.0,131184295.8,180300000.0,29318158.37,,,,,,0.0,209618158.37,,0.0,-78433862.57,,,0.0,152149478.49,,,,,52915937.22,29284068.8,11051546.03,11051546.03,,236970.0,81495.98,,,177689.83,5754297.6,21775.45,,5825795.31,10104779.34,0.0,,,,-5561814.9,-6484310.62,-4270477.18,,,0.0,99137752.86,,,,,246521219.36,94371740.87,,,,0.0,152149478.49,2.8511586178,,,,,,,,,,,,,-79.8328894379,,,2.6945222344,-49.3806094542,,,,,,-3.7991297657,30.9702167669,5.0766806014,,,-12.141905414,,,485.8988095236,6467840.326,1937.7459933618,-58.0262106125,,,1460494.4105152297,,,71115.1137133185,-53.4079316068,19900.0,,,,,,,-37.4707526907,,,205.2357168348,,,-51.2958556477,,,,,-49.750680701,44.24,,,,,,,,57.1863681117,,,-161.4154252854,,,,671.7816504068,,,,,65.8584992639,1579.6807953221,-45.6043961112,-45.6043961112,,-95.5134750978,-80.4828096561,,,25.3596217464,1370.8788337909,,,-29.4627751416,24056.3284495021,,,,,50.3992032088,91.5420219041,-111.7991276053,,,,485.8988095236,,,,,77.8645425886,-20.6202945672,,,,,671.7816504068,未经审计,,1511517.17,142.0151612829,,
600276.SH,600276,恒瑞医药,10002474,通用,2004-03-31 00:00:00,一季报,2004一季报,058001001,2004-04-16 00:00:00,2004-04-16 00:00:00,CNY,278030114.15,,,,,,,,,,,,,5659152.4,,0.0,283689266.55,46389302.77,,,,,,16953981.63,36020073.73,147770611.39,,0.0,247133969.52,,0.0,36555297.03,20000.0,2643.2,101350.0,,,,,0.0,123993.2,36037674.75,,,,,,,0.0,36037674.75,,0.0,-35913681.55,,,97300000.0,,,,0.0,97300000.0,102600000.0,2988232.02,,,,,,0.0,105588232.02,,0.0,-8288232.02,,,0.0,-7646616.54,,,,,30728874.74,,5519238.15,5519238.15,,213565.0,,,,145598.49,,,,2446239.37,-2643.2,0.0,,,,-7223200.09,-24518051.63,29245676.2,,,0.0,36555297.03,,,,,86725124.33,94371740.87,,,,0.0,-7646616.54,12.1417427697,,,,,,,,,,,,,-0.1885456207,,,11.6744635142,-37.3357688515,,,,,,3.4261517699,17.8412248719,12.2329942079,,,-2.1838403415,,,2547.2504365393,,,153.375,,,,,,209.983,-7.4883556366,,,,,,,,-43.394750896,,,43.5540456088,,,-19.2531120332,,,,,-20.0032886623,193.1428571429,-18.7086102565,,,,,,,173.0074582819,,,-109.991353243,,,,-136.9222909003,,,,,35.7790501322,,-42.3328732578,-42.3328732578,,,,,,36.9091921559,,,,-33.1983430168,,,,,,1.458290544,22.9573115928,721.7914080417,,,,2547.2504365393,,,,,-37.8744329342,-20.6202945672,,,,,-136.9222909003,,,-220941.49,-393.2480795128,,
600276.SH,600276,恒瑞医药,10002474,通用,2003-12-31 00:00:00,年报,2003年报,058001001,2004-02-18 00:00:00,2004-02-18 00:00:00,CNY,1233257751.21,,,,,,,,,,,,,9695579.08,,0.0,1242953330.29,374063892.56,,,,,,76741745.38,171675454.45,483651773.22,,0.0,1106132865.61,,0.0,136820464.68,1000.0,2479023.2,269160.21,,,31000.0,,0.0,2780183.41,216620871.7,120000.0,,,,526648.21,,0.0,217267519.91,,0.0,-214487336.5,1130000.0,,440008015.83,,,,0.0,441138015.83,316436811.71,37307392.73,,,,,,0.0,353744204.44,,0.0,87393811.39,-128481.22,,0.0,9598458.35,,,,,92204811.25,7001314.16,39298738.06,39298738.06,,25860.0,6878054.51,,,-484974.88,350978.08,36566.29,,17253800.96,-2479023.2,0.0,,,,-17043704.23,-17487589.87,11265633.55,,,0.0,136820464.68,,,,,128484942.44,118886484.09,,,,0.0,9598458.35,42.5917676156,,,,,,,,,,,,,2566.7705659473,,,42.2352466103,41.3114198525,,,,,,36.6117314849,9.2513849099,39.7778856497,,,34.2334801721,,,174.5467258332,-99.998300146,5976.037254902,-72.8490979035,,,,,,-95.355580486,76.2562032266,,,,,,,,76.7823563965,,,-240.237884488,-82.0451867038,,36.7758830681,,,,,34.4959312511,-0.2091416872,37.9256864143,,,,,,,2.7881233073,,,640.9595670377,43.7806686274,,,132.4390236201,,,,,16.3141940892,49.8780234731,75.383308725,75.383308725,,0.0,706.6463130234,,,-191.1848351426,-43.848575203,,,16.0548306465,42.1160913943,,,,,-47.8849647902,68.2339691955,540.1887708537,,,,174.5467258332,,,,,8.0736329478,-19.9286683022,,,,,132.4390236201,标准无保留意见,,-2315183.62,-827.5983083345,,
600276.SH,600276,恒瑞医药,10002474,通用,2003-09-30 00:00:00,三季报,2003三季报,058001001,2003-10-27 00:00:00,2003-10-27 00:00:00,CNY,880499469.42,,,,,,,,,,,,311045.48,1257927.51,,0.0,882068442.41,268518823.17,,,,,,49103453.97,114972112.03,381645203.25,,0.0,814239592.42,,0.0,67828849.99,1000.0,42180.0,340660.21,,,23785.31,,0.0,407625.52,168053190.62,120000.0,,,,511000.0,,0.0,168684190.62,,0.0,-168276565.1,1130000.0,,369608480.01,,,,0.0,370738480.01,239970909.67,25770305.48,,,,,,0.0,265741215.15,,0.0,104997264.86,-11062.09,,0.0,4538487.66,,,,,59524241.48,565884.61,31719936.66,31719936.66,,5781816.22,683340.0,,-110106.61,1124344.0,384244.37,,,12507585.48,-42180.0,0.0,,,,-9915136.97,-95293205.71,60898086.46,,,0.0,67828849.99,,,,,137399426.71,118886484.09,,,,-13974454.96,4538487.66,,,,,,,,,,,,,,,,,,,,,,,,,,,,,,,,,,,,,,,,,,,,,,,,,,,,,,,,,,,,,,,,,,,,,,,,,,,,,,,,,,,,,,,,,,,,,,,,,,,,,,,,,,,,,,,,,,,,,,,,,-1957896.76,,,
600276.SH,600276,恒瑞医药,10002474,通用,2003-06-30 00:00:00,中报,2003中报,058001001,2003-08-18 00:00:00,2003-08-18 00:00:00,CNY,567004579.43,,,,,,,,,,,,311045.48,689115.03,,0.0,568004739.94,199681760.31,,,,,,33476015.52,64972396.84,252953940.15,,0.0,551084112.82,,0.0,16920627.12,1000.0,42180.0,241460.21,,,9865.31,,0.0,294505.52,125100376.03,100000.0,,,,,,0.0,125200376.03,,0.0,-124905870.51,1130000.0,,259936811.71,,,,0.0,261066811.71,125000000.0,,,,8356448.71,,,0.0,133356448.71,,0.0,127710363.0,-11062.09,,0.0,19714057.52,,,,,31904266.26,1743430.59,20316983.8,20316983.8,,5281816.22,417560.0,,191628.96,141744.07,391214.93,,,8259178.5,-42180.0,0.0,,,,-11213156.36,-76665020.25,36193160.4,,,0.0,16920627.12,,,,,138600541.61,118886484.09,,,,0.0,19714057.52,29.6594578147,,,,,,,,,,,,-94.3711344758,-91.3120703075,,,26.0102691973,8.2309381982,,,,,,14.384105619,-27.1820968814,88.800759109,,,26.1155884695,,,22.6737610111,,-96.9931089157,1111.9062939169,,,,,,-79.2995605868,63.1256030464,,,,,,,,63.2559988199,,,-65.9505969373,-86.1018866996,,642.6766048857,,,,,505.2937165493,386.3813229572,,,,,,,,205.7380290628,,,26308.788536414,,,,131.8168863066,,,,,-32.6285505975,-12.8284705,104.2126494862,104.2126494862,,7941.7127282117,7.2437563567,,235.1502035198,-82.45858354,410.8661120874,,,32.9984833798,96.9931089157,,,,,-150.4022237033,-12.3015083065,68.882070243,,,,22.6737610111,,,,,1.5281403201,-19.9286683022,,,,,131.8168863066,未经审计,,-3597551.75,-1325.2389913903,,
600276.SH,600276,恒瑞医药,10002474,通用,2003-03-31 00:00:00,一季报,2003一季报,058001001,2003-04-22 00:00:00,2003-04-22 00:00:00,CNY,247927406.23,,,,,,,,,,,,435103.4,5669842.64,,0.0,254032352.27,74028360.23,,,,,,16392354.68,30566615.18,131664144.25,,0.0,252651474.34,,0.0,1380877.93,,,40000.0,,,,,0.0,40000.0,38954744.56,,,,,24710154.58,,0.0,63664899.14,,0.0,-63624899.14,1130000.0,,120500000.0,,,,0.0,121630000.0,35000000.0,3675951.45,,,,,,0.0,38675951.45,,0.0,82954048.55,,,0.0,20710027.34,,,,,22631528.73,71205.37,9570856.85,9570856.85,,,207980.0,,75225.0,106346.76,202063.74,,,3661944.15,,0.0,,,,-7330094.16,-31823982.44,3558771.23,449032.7,,0.0,1380877.93,,,,,139596511.43,118886484.09,,,,0.0,20710027.34,,,,,,,,,,,,,,,,,,,,,,,,,,,,,,,,,,,,,,,,,,,,,,,,,,,,,,,,,,,,,,,,,,,,,,,,,,,,,,,,,,,,,,,,,,,,,,,,,,,,,,,,,,,,,,,,,,,,,,,,,75342.86,,,
600276.SH,600276,恒瑞医药,10002474,通用,2002-12-31 00:00:00,年报,2002年报,058001001,2003-04-22 00:00:00,2003-04-22 00:00:00,CNY,864887063.14,,,,,,,,,,,,8620900.0,363570.05,,0.0,873871533.19,264708891.15,,,,,,56175077.02,157138012.11,346014515.08,,0.0,824036495.36,,0.0,49835037.83,58828580.62,40800.0,991349.05,,,,,0.0,59860729.67,122901133.54,,,,,,,0.0,122901133.54,,0.0,-63040403.87,6293577.0,,321700000.0,,,,0.0,327993577.0,317100000.0,27048908.51,,,,,,0.0,344148908.51,,0.0,-16155331.51,-228535.66,,0.0,-29589233.21,,,,,79272191.99,4671341.4,22407342.15,22407342.15,,25860.0,852672.9,,,531859.14,625056.41,,,14866939.07,-4282750.18,0.0,,,,-11524974.33,-55051227.45,-2559273.27,,,0.0,49835037.83,,,,,118886484.09,148475717.3,,,,0.0,-29589233.21,25.390446423,,,,,,,,,,,,-34.9259737227,-81.7564854589,,,23.9541369537,-5.5313372514,,,,,,20.5295078041,22.5543568402,45.0948748879,,,18.8213544463,,,333.8346179503,18.117642681,-99.4474307734,66.6132857143,,,,,,3.5943735215,-55.4027736319,,,,,,,,-63.8206528667,,,77.6385807982,-50.2484031621,,-27.4306338822,,,,,-28.0636962386,-12.4951708152,-24.4917714721,,,,,,,-13.5743901612,,,-127.9757939903,-619.8117687947,,,86.0846478136,,,,,-2.6186789009,-33.3639782425,25.3537972568,25.3537972568,,,18.822867893,,,232.964785,,,,38.8917593231,-31.5973868587,,,,,-196.749390616,36.0254086931,90.9979632803,,,,333.8346179503,,,,,-19.9296773748,-58.7406696906,,,,,86.0846478136,标准无保留意见,,318195.3,27.8830682969,,
600276.SH,600276,恒瑞医药,10002474,通用,2002-06-30 00:00:00,中报,2002中报,058001001,2002-08-06 00:00:00,2002-08-06 00:00:00,CNY,437302907.93,,,,,,,,,,,,5525900.0,7931867.02,,0.0,450760674.95,184496007.92,,,,,,29266317.5,89225855.26,133979302.49,,0.0,436967483.17,,0.0,13793191.78,,1402777.78,19924.0,,,,,0.0,1422701.78,76689602.18,,,,,,,0.0,76689602.18,,0.0,-75266900.4,8130600.0,,35000000.0,,,,0.0,43130600.0,25700000.0,17917880.68,,,,,,0.0,43617880.68,,0.0,-487280.68,,,0.0,-61960989.3,,,,,47355766.49,2000000.0,9948935.02,9948935.02,,65680.24,389356.0,,-141789.62,808053.73,-125846.76,,,6209979.46,-1402777.78,0.0,,,,-4478057.82,-68267133.19,21431026.01,,,0.0,13793191.78,,,,,136514409.87,148475717.3,72493938.51,122493620.38,,0.0,-61960989.3,41.9548134502,,,,,,,,,,,,243.3475104165,23.8222262299,,,42.6127960058,38.6875470392,,,,,,23.6499169746,64.1193374915,37.456999322,,,41.6265114473,,,82.9820245379,,221.7009314087,-96.2758878505,,,,,,46.5116507305,48.1514399944,,,,,,,,-24.6399979021,,,25.3254783918,,,-86.6768176627,,,,,-83.5818043396,-88.8357949609,-5.6713488668,,,,,,,-82.4964978367,,,-103.6081936145,,,,22.3063981062,,,,,9.7135196473,329.0579922497,16.0606430608,16.0606430608,,,11.627293578,,87.1979431277,-28.6148529945,-190.9816138667,,,12.7737916096,13.2892069698,,,,,-280.704618093,-54.8007872653,445.1763912758,,,,82.9820245379,,,,,-51.2638775022,-58.7406696906,,,,,22.3063981062,未经审计,,293620.41,-7.7736710877,,
600276.SH,600276,恒瑞医药,10002474,通用,2001-12-31 00:00:00,年报,2001年报,058001001,2002-03-12 00:00:00,2002-03-12 00:00:00,CNY,689755151.06,,,,,,,,,,,,13247835.57,1992872.86,,0.0,704995859.49,280208148.87,,,,,,46606908.17,128219033.71,238474663.8,,0.0,693508754.55,,0.0,11487104.94,49805075.08,7383690.23,595000.0,,,,,0.0,57783765.31,275580217.76,54999681.87,,,,9119800.0,,0.0,339699699.63,,0.0,-281915934.32,12650000.0,,443300000.0,,,,0.0,455950000.0,362380000.0,35822464.7,,,,,,0.0,398202464.7,,0.0,57747535.3,43965.08,,0.0,-212637329.0,,,,,81403898.71,7010234.52,17875279.92,17875279.92,,,717600.0,,,-400000.0,,,,10703974.91,-3254434.06,0.0,,,,11912193.2,-86051706.35,-28429935.91,,,0.0,11487104.94,,,,,148477588.44,359859736.42,122493620.38,123748801.4,,0.0,-212637329.0,22.8363904917,,,,,,,,,,,,25.1035041315,44.0467929105,,,22.9294197995,2.2324990938,,,,,,-5.9473607693,103.0806363348,44.4333735555,,-100.0,25.2067915488,,,-41.4095593413,226286.7049090909,,-41.3360695374,,,,,-100.0,4173.8464563538,238.7833506808,-55.9757830936,,,,,,,64.6832404617,,,-37.5719294559,,,52.7777777778,,,,-100.0,-40.9490794489,26.9059709333,34.9246857157,,,,,,,27.5881133987,,,-87.4470133232,236.6117610503,,,-177.4123909022,,,,,24.2095790793,,24.0692262958,24.0692262958,,,,,,-200.0,,,,80.0261190188,-475.8285657647,,,,,156.3881328894,-88.1141032823,-926.2803782655,,,-100.0,-41.4095593413,,,,,-58.7401497269,322.4772995755,,,,,-177.4123909022,标准无保留意见,,248817.38,-6.5125363455,,
600276.SH,600276,恒瑞医药,10002474,通用,2001-06-30 00:00:00,中报,2001中报,058001001,2002-08-06 00:00:00,2002-08-06 00:00:00,CNY,308057822.98,,,,,,,,,,,,1609418.98,6405850.76,,0.0,316073092.72,133029974.11,,,,,,23668691.59,54366448.6,97469974.72,,0.0,308535089.02,,0.0,7538003.7,,436050.27,535000.0,,,,,0.0,971050.27,51764331.27,50000000.0,,,,,,0.0,101764331.27,,0.0,-100793281.0,,,262700000.0,,,,0.0,262700000.0,230200000.0,18995162.62,,,,,,0.0,249195162.62,,0.0,13504837.38,,,0.0,-79750439.92,,,,,43163109.38,-873141.33,8572186.71,8572186.71,,,348800.0,,-1107553.43,1131963.39,138321.09,106102.53,,5506580.36,-1617766.06,0.0,,,,2478109.23,-44099990.96,-6208717.21,,,0.0,7538003.7,,,,,280109296.5,359859736.42,,,,0.0,-79750439.92,14.3614760136,,,,,,,,,,,,,1849.4060913512,,,17.1940507606,-7.3504842779,,,,,,4.7267824189,59.5321228533,69.8327369613,,-100.0,18.8250359202,,,-24.9627211338,,,-25.2498889227,,,,,-100.0,1.6042671583,291.9121840772,,,,,,,,670.4664650483,,,-722.6392810207,,,75.0633080101,,,,,75.0633080101,32.3444866046,-13.777965322,,,,,,,27.1595149015,,,129.4155617736,,,,-65.7418249794,,,,,67.8847779059,,23.8485413528,23.8485413528,,,,,-10.755343,,135.7100169138,-91.0763793837,,12.5882121852,-574.0691916667,,,,,121.1619636843,-720.00373985,43.1995508357,,,-100.0,-24.9627211338,,,,,655.8018203548,322.4772995755,,,,,-65.7418249794,,,318369.4,108.0650469668,,
600276.SH,600276,恒瑞医药,10002474,通用,2000-12-31 00:00:00,年报,2000年报,058001001,2001-03-01 00:00:00,2001-03-01 00:00:00,CNY,561523460.84,,,,,,,,,,,,10589500.0,1383489.92,,0.0,573496450.76,274089111.93,,,,,,49554067.33,63137006.08,165110499.0,,2000000.0,553890684.34,,0.0,19605766.42,22000.0,,1014251.85,,,,,315780.0,1352031.85,81344085.3,124930517.19,,,,,,0.0,206274602.49,,0.0,-204922570.64,,,290160000.0,,15330681.32,,466639534.0,772130215.32,285550000.0,26549970.83,,,,,,0.0,312099970.83,,0.0,460030244.49,-32182.5,,0.0,274681257.77,,,,,65537536.89,,14407504.95,14407504.95,,539611.74,,,,400000.0,1413986.18,,,5945789.96,865935.79,0.0,,,,-21125354.91,-45744420.46,-2770191.9,,,135368.18,19605766.42,,,,,359859736.42,85178478.65,,,,0.0,274681257.77,34.1208201107,,,,,,,,,,,,-14.0197642219,123.9526765041,,,32.8756627986,20.5529086734,,,,,,74.7700815218,23.8567576861,81.3899093331,,,39.2682800848,,,-42.14701047,,,,,,,,3.9604938272,345.1133662551,300.2375663124,12492951.719,,,,,,,914.8836592425,,,-923.527882427,,,61.6130110282,,,,,330.0602736549,128.531412565,238.2351180194,,,,,,,135.0158157391,,,884.2231934118,,,,353.2082167583,,,,,26.8885752182,,11.3797016006,11.3797016006,,39.2187151703,,,,157.8703703704,302.3947273595,,,-11.7515889683,385.0817415638,,,,,-246.833438946,17.3774715436,-468.1091061466,,,-95.558633527,-42.14701047,,,,,322.4772995755,246.6725595787,,,,,353.2082167583,标准无保留意见,,266150.53,-16.0957479434,,
600276.SH,600276,恒瑞医药,10002474,通用,2000-06-30 00:00:00,中报,2000中报,058001001,2000-09-05 00:00:00,2000-09-05 00:00:00,CNY,269372024.32,,,,,,,,,,,,,328605.25,,0.0,269700629.57,143584100.87,,,,,,22600418.96,34078684.36,57391747.0,,2000000.0,259654951.19,,0.0,10045678.38,,,715718.0,,,,,240000.0,955718.0,13208145.44,,,,,,,0.0,13208145.44,,0.0,-12252427.44,,,150060000.0,,,,0.0,150060000.0,173940000.0,22030520.03,,,,,,0.0,195970520.03,,0.0,-45910520.03,,,0.0,-48117269.09,,,,,25709960.08,,6921508.01,6921508.01,,193800.0,,,-1000000.0,,-387345.35,1189007.63,,4890903.1,-240000.0,0.0,,,,-11710204.53,-5378023.15,-10930753.72,,,786826.31,10045678.38,,,,,37061209.56,85178478.65,,,,0.0,-48117269.09,,,,,,,,,,,,,,,,,,,,,,,,,,,,,,,,,,,,,,,,,,,,,,,,,,,,,,,,,,,,,,,,,,,,,,,,,,,,,,,,,,,,,,,,,,,,,,,,,,,,,,,,,,,,,,,,,,,,,,,,,153014.36,,,
600276.SH,600276,恒瑞医药,10002474,通用,1999-12-31 00:00:00,年报,1999年报,058001001,2000-09-05 00:00:00,2000-09-05 00:00:00,CNY,418669868.24,,,,,,,,,,,,12316202.56,617759.94,,0.0,431603830.74,227360015.57,,,,,,28353861.77,50975826.64,91025184.15,,0.0,397714888.13,,0.0,33888942.61,,,,,,,,303750.0,303750.0,20323950.61,1000.0,,,,,,0.0,20324950.61,,0.0,-20021200.61,,,179540000.0,,,,0.0,179540000.0,124950000.0,7849560.68,,,,,,0.0,132799560.68,,0.0,46740439.32,,,0.0,60608181.32,,,,,51649675.14,,12935485.32,12935485.32,,387600.0,,,,-691200.0,351392.82,,,6737560.36,-303750.0,0.0,,,,14387291.52,-55365553.82,752546.42,,,3047894.85,33888942.61,,,,,85178478.65,24570297.33,,,,0.0,60608181.32,,,,,,,,,,,,,,,,,,,,,,,,,,,,,,,,,,,,,,,,,,,,,,,,,,,,,,,,,,,,,,,,,,,,,,,,,,,,,,,,,,,,,,,,,,,,,,,,,,,,,,,,,,,,,,,,,,,,,,,,,317207.44,,,
