SECUCODE,SECURITY_CODE,SECURITY_NAME_ABBR,ORG_CODE,ORG_TYPE,REPORT_DATE,REPORT_TYPE,REPORT_DATE_NAME,SECURITY_TYPE_CODE,NOTICE_DATE,UPDATE_DATE,CURRENCY,EPSJB,EPSKCJB,EPSXS,BPS,MGZBGJ,MGWFPLR,MGJYXJJE,TOTALOPERATEREVE,MLR,PARENTNETPROFIT,KCFJCXSYJLR,TOTALOPERATEREVETZ,PARENTNETPROFITTZ,KCFJCXSYJLRTZ,YYZSRGDHBZC,NETPROFITRPHBZC,KFJLRGDHBZC,ROEJQ,ROEKCJQ,ZZCJLL,XSJLL,XSMLL,YSZKYYSR,XSJXLYYSR,JYXJLYYSR,TAXRATE,LD,SD,XJLLB,ZCFZL,QYCS,CQBL,ZZCZZTS,CHZZTS,YSZKZZTS,TOAZZL,CHZZL,YSZKZZL,TOTALDEPOSITS,GROSSLOANS,LTDRR,NEWCAPITALADER,HXYJBCZL,NONPERLOAN,BLDKBBL,NZBJE,TOTAL_ROI,NET_ROI,EARNED_PREMIUM,COMPENSATE_EXPENSE,SURRENDER_RATE_LIFE,SOLVENCY_AR,JZB,JZC,JZBJZC,ZYGPGMJZC,ZYGDSYLZQJZB,YYFXZB,JJYWFXZB,ZQZYYWFXZB,ZQCXYWFXZB,RZRQYWFXZB,EPSJBTZ,BPSTZ,MGZBGJTZ,MGWFPLRTZ,MGJYXJJETZ,ROEJQTZ,ZZCJLLTZ,ZCFZLTZ,REPORT_YEAR,ROIC,ROICTZ,NBV_LIFE,NBV_RATE,NHJZ_CURRENT_AMT,DJD_TOI_YOY,DJD_DPNP_YOY,DJD_DEDUCTDPNP_YOY,DJD_TOI_QOQ,DJD_DPNP_QOQ,DJD_DEDUCTDPNP_QOQ,XSMLL_TB,PER_TOI,PER_OI,PER_EBIT,STAFF_NUM,AVG_TOI,AVG_NET_PROFIT,PREPAID_ACCOUNTS_RATIO,ACCOUNTS_PAYABLE_TR,FIXED_ASSET_TR,CURRENT_ASSET_TR,PREPAID_ACCOUNTS_TDAYS,PAYABLE_TDAYS,OPERATE_CYCLE,GUARD_SPEED_RATIO,CASH_RATIO,INTEREST_COVERAGE_RATIO,CA_TA,NCA_TA,LIQUIDATION_RATIO,INTEREST_DEBT_RATIO,FC_LIABILITIES,FCFF_FORWARD,FCFF_BACK,SS_OI,SS_TA,NCO_OP,NCO_NETPROFIT,NCO_FIXED,FIRST_ADEQUACY_RATIO,NET_INTEREST_SPREAD,NET_INTEREST_MARGIN,LOAN_ADVANCES,NON_PERFORMING_LOAN,OVERDUE_LOANS,LOAN_PROVISION_RATIO,REVENUE_RATIO,LIABILITY,CAPITAL_PROVISIONS_SUM,RISK_COVERAGE,CAPITAL_LEVERAGE_RATIO,LIQUIDITY_COVERAGE_RATIO,NET_FUNDING_RATIO,NET_CAPITAL_LIABILITIES,NET_ASSETS_LIABILITIES,PROPRIETARY_CAPITAL,IS_BZ
600276.SH,600276,恒瑞医药,10002474,通用,2026-03-31 00:00:00,一季报,2026一季报,058001001,2026-04-23 00:00:00,2026-04-23 00:00:00,CNY,0.34,,0.34,9.586311329774,1.941024505984,6.396616625555,0.118490615868,8140565320.77,7049616182.4,2282268233.13,2172398804.54,12.975362979304,21.782316948345,16.58962258919,2.95596413263,5.293863461012,4.169638507623,4.15,,3.2317592332,28.0201019887,86.5986071559,,0.772985046273,0.0966082661,10.7892934467,9.233057601218,8.721048052942,0.13952181108,10.0243918877,1.111412327163,0.111412327163,780.320870767341,237.775611604117,56.207545158521,0.115337168813,0.378508121135,1.601208516511,,,,,,,,,,,,,,,,,,,,,,,,,13.333333333333,30.1445598729,333.859253691863,14.170415068507,36.146827403027,1.7156862745,-12.655903510762,37.370347115579,2026,3.106585181618,-19.466290256081,,,,12.975362979304,21.782316948345,16.58962258919,-3.563049807599,16.449072964754,19.097166955243,1.678525755912,1.226505977718,1.226505977718,0.33663984023,,,,0.850072473981,0.473813523993,1.379810683911,0.157253090323,105.873325810059,189.948145087833,293.988557459052,8.120702018245,7.209116782093,,72.9995443135,27.0004556865,955.157123394976,0.0946431368,718.979412527383,-126566067.517898,2120980.6079644,0.819565248047,0.093580628233,0.30161569839,0.344781993079,0.131750451367,,,,,,,,,7146776162.93,,,,,,,,,0
600276.SH,600276,恒瑞医药,10002474,通用,2025-12-31 00:00:00,年报,2025年报,058001001,2026-03-26 00:00:00,2026-03-26 00:00:00,CNY,1.19,1.14,1.18,9.231614205477,1.948806204998,6.052756522431,1.692788878431,31629416193.83,27266760378.4,7711054811.98,7413405567.05,13.024342516962,21.692131889131,19.997503862955,2.085094320472,3.25294869139,3.669473378472,14.26,13.71,12.8613530474,24.3981811061,86.2069669933,,0.99609530817,0.355219269992,11.3765031357,8.084228950022,7.63230474503,1.764006838829,11.5511699142,1.13059720409,0.130597204089,682.925440724484,218.48974932396,57.258668362764,0.527143928945,1.64767455276,6.287257637904,,,,,,,,,,,,,,,,,,,,,,,,,19.0,29.3687757448,289.935885753167,14.011352400438,45.475729134433,-3.1907671419,-4.691395562655,43.156705119767,2025,12.854390162707,-2.226364117347,,,,8.287463523405,14.149158245989,16.802984382318,13.659098187969,50.63721307645,38.553296104178,-0.048675221385,4.76547592272,4.76547592272,1.195773458905,20602.0,1535259.49877827,374286.71060965,3.959216033081,2.058964826856,5.770577822625,0.728743897066,90.927091876786,174.845143202234,275.74465751652,7.281276937381,6.448075613566,783.002429323532,73.6973674841,26.3026325159,831.794006824785,0.1062486453,643.02020208625,8271911580.88498,-8425558222.36556,1.062488033823,0.480995668011,1.249763579401,1.455925211992,1.927056623314,,,,,,,,,8070492359.49,,,,,,,,,0
600276.SH,600276,恒瑞医药,10002474,通用,2025-09-30 00:00:00,三季报,2025三季报,058001001,2025-10-28 00:00:00,2025-10-28 00:00:00,CNY,0.89,,0.89,8.965264255531,1.948417633213,5.776919345747,1.37263160116,23188081928.77,19992640745.43,5751169537.65,5589349747.69,14.853301068119,24.49561808602,21.078176892595,2.780947971216,1.539594057067,2.733003460708,11.09,,9.7249370994,24.8413610479,86.2194674266,,1.07840568048,0.392892793732,10.1648760197,6.54638686139,6.197325249449,1.160329521053,12.1400864482,1.1381754882,0.1381754882,689.687492512073,217.905405897619,58.279296348608,0.391481653548,1.239069764643,4.632863073448,,,,,,,,,,,,,,,,,,,,,,,,,21.917808219178,30.6652353576,285.710790602622,14.627097329451,90.952419628253,1.9301470588,-2.965503461435,46.466213216938,2025,9.924923487668,2.798372400163,,,,12.723832392346,9.53297938218,16.891068806331,-13.192488126842,-49.493887285776,-45.363462782921,0.293781568403,3.493654307384,3.493654307384,0.893092312844,,,,2.475786374409,1.524530039509,4.554538258319,0.534814621768,109.056258969193,177.103758537259,276.178920607303,5.824596917783,5.155074535604,,75.2252129962,24.7747870038,800.172612223891,0.1206523563,514.087973489501,7587945587.34417,-8255984292.7292,1.12873768932,0.383055819512,1.375260500151,1.581607356268,1.803890668261,,,,,,,,,8295022482.91,,,,,,,,,0
600276.SH,600276,恒瑞医药,10002474,通用,2025-06-30 00:00:00,中报,2025中报,058001001,2025-08-21 00:00:00,2025-08-21 00:00:00,CNY,0.7,0.67,0.7,8.808659122321,1.939296234653,5.580893434536,0.647931858772,15761193628.9,13646231459.72,4450106384.46,4272848537.94,15.884874271484,29.674622298875,22.429385100351,3.262400780856,7.501578824729,5.453767070934,9.42,9.05,7.8823386116,28.2635361388,86.5812055928,,0.936187007997,0.272850734066,11.8050152125,13.494843787747,12.74995805292,1.241094662317,6.1432708562,1.065453707073,0.065453707072,645.42222246999,212.692472849595,56.744936435338,0.278887205512,0.846292290406,3.172089199626,,,,,,,,,,,,,,,,,,,,,,,,,29.62962962963,31.8336457073,290.609713521004,14.986012302165,36.283973382308,15.8671586716,5.729013084139,-40.733304787694,2025,7.997872751036,10.261238944109,,,,12.526071629951,24.88013012717,17.564199645275,18.735001937635,37.458620463256,29.317838593032,0.411420957127,2.374675153394,2.374675153394,0.724403213512,,,,1.61318437599,1.015172299798,3.066799973383,0.384067064049,111.580550046858,177.309802519057,269.435278501217,11.95132646654,10.456088922052,368.723544770155,74.3483445113,25.6516554887,1580.94620338422,0.1453710651,1042.46294995313,3138107331.74609,-8179259113.15333,0.993983313281,0.249093454696,0.83360006313,0.965380739077,0.835588050056,,,,,,,,,3863719109.4,,,,,,,,,0
600276.SH,600276,恒瑞医药,10002474,通用,2025-03-31 00:00:00,一季报,2025一季报,058001001,2025-04-25 00:00:00,2026-04-23 00:00:00,CNY,0.3,,0.3,7.365894770502,0.447385756894,5.602691924801,0.087031492491,7205611122.72,6136948606.36,1874055519.98,1863286591.29,20.142899202865,36.899370286911,29.351759521884,4.316934956965,7.971658148923,6.843777962049,4.08,,3.7000316714,26.0413992562,85.169023166,,0.797039251674,0.07704746746,9.5953649232,10.696114615102,9.982149061451,0.165088805384,7.297347716,1.078717787854,0.078717787853,633.434019272346,202.883976790634,60.855321388105,0.142082675167,0.443603292008,1.478917503796,,,,,,,,,,,,,,,,,,,,,,,,,42.857142857143,12.2119099856,-8.311161925217,18.453998438166,-55.748878424236,22.5225225225,21.925518256831,-13.30689870584,2025,3.857496682441,34.296505006385,,,,20.142899202865,36.899370286911,29.351759521884,-7.564689761775,9.150195123078,19.315117614432,1.055585448578,1.129582780067,1.129582780067,0.315012079663,,,,0.784917836281,0.539131607989,1.40643627712,0.20216433025,114.661682841107,166.935120602011,263.741524069172,8.685017130277,7.194967746958,,70.1263700508,29.8736299492,1322.36185069648,0.2118595182,716.222312279428,-531263924.735215,189062699.091808,0.845245117178,0.118740053025,0.266145334987,0.295865313159,0.108545875095,,,,,,,,,3743012633.17,,,,,,,,,0
600276.SH,600276,恒瑞医药,10002474,通用,2024-12-31 00:00:00,年报,2024年报,058001001,2025-03-31 00:00:00,2026-03-26 00:00:00,CNY,1.0,0.97,1.0,7.135890520976,0.499776059655,5.308906871986,1.163622886445,27984605342.06,24136427950.18,6336527014.75,6177966481.3,22.63308203517,47.277661254478,49.180741075656,7.651910005923,16.304266311965,14.462278752148,14.73,14.36,13.4944301444,22.6445739365,86.2489488601,,0.919957963881,0.265244156492,11.6141053339,9.71900286547,9.053788938935,2.042812025675,8.0688989765,1.087771155644,0.087771155644,604.104547573445,221.301130325257,65.024533633852,0.595923340498,1.62674270787,5.536371887373,,,,,,,,,,,,,,,,,,,,,,,,,47.058823529412,12.4897248573,4.265829034583,17.577332453105,-2.890132333864,34.0309372157,35.889027617125,28.403782706364,2024,13.147092308335,39.672534703267,,,,34.259329347774,107.196897836151,99.938180637217,18.315534570043,44.545461461356,38.657783051553,2.007239241002,4.386987829762,4.386987829762,1.030250681053,20238.0,1382775.24172646,313100.455319202,3.249710064578,2.377121891018,5.288382820823,0.84034827602,110.779113473544,151.443643407714,286.331143885057,8.316943024158,6.904799613669,1335.32747408254,70.4387607388,29.5612392612,1200.52970394222,0.2197280249,682.957256442251,5992658609.77912,1762799236.24629,0.970062313527,0.541467270175,0.990938152464,1.171336485443,1.446373967053,,,,,,,,,4045394570.79,,,,,,,,,0
600276.SH,600276,恒瑞医药,10002474,通用,2024-09-30 00:00:00,三季报,2024三季报,058001001,2024-10-25 00:00:00,2025-10-28 00:00:00,CNY,0.73,,0.73,6.861246781514,0.50514988968,5.039750181533,0.718834358754,20189303845.1,17356121167.4,4619575874.29,4616314757.24,18.665453901308,32.984155694504,37.382327587003,2.94357850965,0.41124228468,0.173848501973,10.88,,10.0221441305,22.8652271167,85.9669124828,,0.934637073872,0.227122541931,9.2477689722,8.997616361125,8.336712518077,1.19737994279,8.2886600135,1.090377700454,0.090377700453,615.997060223204,230.862330825607,72.672958481192,0.438313780105,1.169528173065,3.715274644693,,,,,,,,,,,,,,,,,,,,,,,,,32.727272727273,10.4221272751,1.614811591562,14.921580415295,6.418730488559,22.1099887767,23.776137111572,33.34800662867,2024,9.654747692924,24.487863362447,,,,12.716584558874,1.914491907251,0.838661863736,-13.34478174005,-42.417252196137,-45.048831917539,1.88084928034,3.164962634892,3.164962634892,0.720980378741,,,,1.963455065411,2.016243240506,3.807988146276,0.614175241992,137.512696244716,133.912414224506,303.5403547815,7.508688273186,5.981217076061,,71.2832523554,28.7167476446,1167.06626580409,0.1811828111,577.91782148041,2385129335.72964,755560104.927264,0.990630696576,0.413755285674,0.857847854008,0.993309800826,0.889996613447,,,,,,,,,4006580717.3,,,,,,,,,0
600276.SH,600276,恒瑞医药,10002474,通用,2024-06-30 00:00:00,中报,2024中报,058001001,2024-08-22 00:00:00,2025-08-21 00:00:00,CNY,0.54,0.55,0.54,6.681647219159,0.496479264986,4.853541159311,0.475427772387,13600734114.77,11727430459.39,3431748098.1,3490051456.55,21.778944888107,48.672185695907,55.576729119759,8.262128444957,22.418852148525,23.532975604769,8.13,8.26,7.4552276444,25.2054950057,86.2264518991,,0.935319995046,0.222984643004,8.6221275666,7.23261778978,6.764260880006,0.630732562621,10.3654688931,1.115641469477,0.115641469477,608.564797406376,219.367862725272,75.091451982497,0.295777870766,0.820539516426,2.397077100626,,,,,,,,,,,,,,,,,,,,,,,,,50.0,9.6798167117,1.498349941281,15.487063336134,5.474340709797,36.8686868687,37.249873035548,72.225053081986,2024,7.253566917645,37.882427370246,,,,33.952102727045,92.938715515393,100.318392842999,26.772108570155,50.68849273911,42.283875619,2.458665336407,2.132109933587,2.132109933587,0.530510176719,,,,1.365964321071,1.382896993555,2.50836168496,0.411743524242,131.775037768784,130.1615383061,294.469162425621,6.229653866905,4.842761183213,915.245352836502,72.1786096673,27.8213903327,939.387457387082,0.1972200726,464.035559445433,3052983244.5913,1317973284.06317,0.99301419464,0.280310103768,0.761085379265,0.884666787753,0.562364447806,,,,,,,,,4994223887.59,,,,,,,,,0
600276.SH,600276,恒瑞医药,10002474,通用,2024-03-31 00:00:00,一季报,2024一季报,058001001,2024-04-18 00:00:00,2025-04-25 00:00:00,CNY,0.21,,0.21,6.564271806304,0.487939171537,4.729846183897,0.196676353936,5997533912.14,5054684532.62,1368929247.85,1440480282.74,9.198549224963,10.477037227102,18.058374256297,2.21392873525,3.017401202032,5.320548196621,3.33,,3.0346655272,22.8008496117,84.2793822706,,0.78039681513,0.209185796592,8.9864341539,9.116170562727,8.501459514652,0.33925759846,8.4174491477,1.091911058049,0.09191105805,676.21174282925,218.939760962365,75.177721140722,0.133094405642,0.411071975252,1.197163183911,,,,,,,,,,,,,,,,,,,,,,,,,10.526315789474,7.6666389827,1.386898031403,12.751093488771,486.345341203576,3.0959752322,4.155438359259,26.254694822051,2024,2.872373098807,-0.961056338785,,,,9.198549224963,10.477037227102,18.058374256297,3.296181821636,65.198581851144,84.424607956796,-0.084388583654,0.940199368886,0.940199368886,0.209444626312,,,,0.712719473489,0.746731342287,1.100235906189,0.184540291012,126.276892027985,120.525274490768,294.100245094712,7.418555648105,5.887591372155,,72.7497863356,27.2502136644,1156.27727692693,0.1691807513,576.146792499734,63723700.4390646,-625404934.525551,0.833446907047,0.107868492518,0.766865616975,0.917447376542,0.230167165955,,,,,,,,,3900646048.76,,,,,,,,,0
600276.SH,600276,恒瑞医药,10002474,通用,2023-12-31 00:00:00,年报,2023年报,058001001,2024-04-18 00:00:00,2025-03-31 00:00:00,CNY,0.68,0.65,0.68,6.343593185979,0.479328716112,4.515246911307,1.19825401312,22819784741.31,19294536954.4,4302435930.05,4141262764.05,7.259668198401,10.138833467357,21.457882849657,2.131202391999,2.275949951215,11.366728397557,10.99,10.58,9.9304781122,18.746104536,84.5517921099,,1.004273393382,0.334957807936,8.3411150279,12.252017880314,11.345856822962,2.993221173155,6.2840041052,1.0670536982,0.067053698199,679.584362073567,243.281660982575,87.44431127888,0.529735556159,1.479766286312,4.116905888273,,,,,,,,,,,,,,,,,,,,,,,,,11.475409836066,6.9856846114,1.238338622981,12.862601651547,504.1159202288,0.9182736455,6.247093839414,-32.728408874821,2023,9.412797108798,3.398646023979,,,,8.934153567175,13.052318743381,117.940108114741,-0.668929140501,-28.902037548928,-30.068057759909,1.124262103884,3.577328202926,3.577328202926,0.657762745693,19611.0,1163621.67871654,219388.910817908,3.097927724302,2.556946090853,4.212386431565,0.733501295798,116.206713660851,140.79295660078,330.720554742115,10.49620837633,8.162858693417,1294.70782493957,71.4578593553,28.5421406447,1547.57109160206,0.1716963284,812.407136773434,8989130064.02964,1717055303.06409,1.055834779384,0.550284204145,1.556784742148,1.786812867134,1.402133576522,,,,,,,,,2751420194.43,,,,,,,,,0
600276.SH,600276,恒瑞医药,10002474,通用,2023-09-30 00:00:00,三季报,2023三季报,058001001,2023-10-26 00:00:00,2024-10-25 00:00:00,CNY,0.55,,0.55,6.213652055823,0.497122301137,4.385381895481,0.675477291877,17013632174.61,14356078090.25,3473779150.73,3360195476.61,6.699945530199,9.46588065552,10.128034101781,0.576124369371,2.721598501601,2.041615783614,8.91,,8.0969921702,20.2839099396,84.3798545949,,0.87260800235,0.253259923378,9.4782624742,12.526063501494,11.512246272878,1.762210899008,6.2158109619,1.066277813197,0.066277813197,676.381496804077,250.412189590482,91.381656162327,0.399183007335,1.078222272013,2.954641131918,,,,,,,,,,,,,,,,,,,,,,,,,10.0,7.8465672142,17.214315168664,11.75652020855,96.97026432106,0.3378378378,3.880104349732,-12.847330678203,2023,7.755573460855,-0.409061016808,,,,2.238650151316,10.573982750266,7.136734837377,2.980841227747,9.01238076362,9.161798378471,1.341222560073,2.667130601905,2.667130601905,0.543385773273,,,,2.714765184626,1.817701921689,3.19564671758,0.552730127292,99.45611558931,148.539205894175,341.800290585621,9.933936460525,7.204229833248,,71.4418454343,28.5581545657,1572.56336065464,0.209650349,711.853498088078,4563208931.2318,879117588.502391,0.921833037953,0.365832037703,1.093253219945,1.248575467607,0.818422829961,,,,,,,,,2664804605.21,,,,,,,,,0
600276.SH,600276,恒瑞医药,10002474,通用,2023-06-30 00:00:00,中报,2023中报,058001001,2023-08-19 00:00:00,2024-08-22 00:00:00,CNY,0.36,0.35,0.36,6.091956952043,0.489150084975,4.202670861224,0.450752068406,11168379006.13,9399006828.76,2308265047.72,2243299159.39,9.193717304085,8.914761601964,11.680508713146,4.352266165023,4.778734177616,5.638874576433,5.94,5.77,5.431864875,20.5079521593,84.1573054031,,0.963847949833,0.257454413733,8.83757961,13.226266932458,12.158869026799,1.272295519285,6.0185604287,1.064039883366,0.064039883366,679.588221284165,247.35185317069,95.711693112501,0.264866273962,0.727708313856,1.880647955819,,,,,,,,,,,,,,,,,,,,,,,,,9.090909090909,7.7422714107,15.33458083434,11.807641869419,240.107916566599,1.0204081633,5.078016025493,-40.345768050947,2023,5.260689890647,0.207701851437,,,,19.508488776019,21.167128933951,23.474994978645,3.34537537092,-13.715512319215,-16.144479795074,0.790721645503,1.750803421352,1.750803421352,0.361778098764,,,,1.546681701165,1.26701308724,2.086983615702,0.367229841941,116.378179081336,142.066409426049,343.068812913102,10.582374340939,7.50430853188,780.000269038997,71.2345183564,28.7654816436,1622.23276483466,0.207039463,714.079356561588,3458150837.51417,1131437522.91709,1.030438510242,0.274260299502,1.1187215003,1.255388211035,0.540506212242,,,,,,,,,2525468198.38,,,,,,,,,0
600276.SH,600276,恒瑞医药,10002474,通用,2023-03-31 00:00:00,一季报,2023一季报,058001001,2023-04-22 00:00:00,2024-04-18 00:00:00,CNY,0.19,,0.19,6.09684844658,0.481264523337,4.194944844919,0.033542750341,5492320140.43,4632803043.55,1239107494.38,1220142401.43,0.251546071904,0.174487635431,3.398319472199,0.064774968489,0.055252308681,1.17615122409,3.23,,2.9135929674,22.4566745356,84.3505645173,,0.626930110669,0.038957903988,6.8961158122,12.082741104408,11.080381700942,0.084349036318,6.6670385284,1.071432840266,0.071432840266,693.679841635724,261.422689638733,95.043184799081,0.129742850517,0.344270040693,0.946937964992,,,,,,,,,,,,,,,,,,,,,,,,,0.0,7.3093021506,13.237960461855,10.989173220118,44.51841201543,-6.916426513,-4.64973136269,-12.525421509394,2023,2.90024609777,-5.683351135176,,,,0.251546071904,0.174487635431,3.398319472199,3.04607719906,69.049453172776,240.454620439422,-0.044677398933,0.860999871848,0.860999871848,0.194684699517,,,,0.816881626392,0.542766996048,1.024038124807,0.178366968703,110.17508178941,165.817009242104,356.44693736999,8.937151345828,6.298640732085,,72.4702494616,27.5297505384,1470.79179482341,0.2220521848,561.103770908357,329774662.350824,-47430064.2034619,0.65739479595,0.085369962435,0.159152400135,0.173480289461,0.040041934303,,,,,,,,,2819745940.98,,,,,,,,,0
600276.SH,600276,恒瑞医药,10002474,通用,2022-12-31 00:00:00,年报,2022年报,058001001,2023-04-22 00:00:00,2024-04-18 00:00:00,CNY,0.61,0.54,0.61,5.929423853892,0.473465608614,4.00065818547,0.198348358816,21275270681.52,17788631791.43,3906375067.36,3409628644.01,-17.87362135442,-13.770695913826,-18.831879112763,-1.739308042654,11.723408300278,9.88188071515,10.89,9.51,9.3465879897,17.9322822103,83.6117765913,,0.822274727744,0.059471141443,3.8642016826,8.50018893405,7.82680974125,0.347674713285,9.3412449447,1.103037427979,0.103037427979,690.692860628087,250.55209009629,89.037846585326,0.521215753805,1.436826968243,4.043224469215,,,,,,,,,,,,,,,,,,,,,,,,,-14.084507042254,8.3463112601,-9.769810441874,11.870445214285,-69.929040515365,-21.9914040115,-22.880885637401,-0.716211688557,2022,9.103404609975,-26.543226435213,,,,-6.59929518239,126.918787227749,592.421948317663,-6.774190919862,-30.460649007218,-65.622298634013,-2.272438064175,3.335203495417,3.335203495417,0.562738268715,20636.0,1030978.42031014,189299.043775926,3.438813054749,2.129823482313,4.321594233328,0.69615978446,104.687284324124,169.028092229051,339.595178310328,6.822214841696,4.9107161852,194.900390767029,73.0078232733,26.9921767267,1051.34985281641,3.2104918026,415.217609366532,1536440745.0872,1594352562.93646,0.872723997917,0.438212307214,0.307703538112,0.331642903815,0.235041314641,,,,,,,,,3957967302.84,,,,,,,,,0
600276.SH,600276,恒瑞医药,10002474,通用,2022-09-30 00:00:00,三季报,2022三季报,058001001,2022-10-29 00:00:00,2023-10-26 00:00:00,CNY,0.5,,0.5,5.761566841048,0.424113983366,3.92405014696,0.342933637321,15945305398.3,13276557327.72,3173389854.38,3051171760.23,-21.058813455215,-24.572421289743,-26.459020787411,-5.185500097706,-12.19370592407,-12.896569765799,8.88,,7.7945552913,19.4166654205,83.2631109664,,0.905002170696,0.137192383442,12.3923882677,11.473474244017,10.580551258569,0.847485076819,7.13209476,1.07679827322,0.07679827322,672.584832313551,238.133070307668,87.40014033541,0.401436349778,1.133819841365,3.089239890964,,,,,,,,,,,,,,,,,,,,,,,,,-24.242424242424,7.6585739492,-20.484942857083,9.533955601784,-37.286577492707,-31.4814814815,-31.498575288192,-32.753349893085,2022,7.787428796272,-34.529998861345,,,,-17.158224418671,-31.537146267219,-30.588976395607,20.376048488477,19.455923236615,25.808878972288,-3.732665503869,2.499655073536,2.499655073536,0.515344158064,,,,2.700791029686,1.643103180081,3.355618168986,0.533254783976,99.970711185064,164.323216748135,325.538506544986,9.59861679857,6.993666981174,,73.7172952531,26.2827047469,1378.13813195566,0.3665846623,619.85532640456,3367478103.13942,1096896708.05741,0.948217234945,0.376343440095,0.599034745763,0.7065702605,0.433975673336,,,,,,,,,2865322043.11,,,,,,,,,0
600276.SH,600276,恒瑞医药,10002474,通用,2022-06-30 00:00:00,中报,2022中报,058001001,2022-08-20 00:00:00,2023-08-19 00:00:00,CNY,0.33,0.32,0.33,5.654193913194,0.424113983366,3.758840443243,0.132532071866,10228041760.89,8540115797.31,2119331680.82,2008675627.68,-23.083219481018,-20.552721210846,-24.115690177741,-6.620259547424,-6.759322983282,-8.878123677066,5.88,5.57,5.1693637551,20.2195055531,83.4970759502,,0.834103305742,0.082657306997,12.0671390509,8.052755625468,7.430414732894,0.220303714163,10.08907538,1.112211896637,0.112211896637,704.053955567778,255.451570665624,91.320465364819,0.255662223863,0.704634540046,1.971080625585,,,,,,,,,,,,,,,,,,,,,,,,,-21.428571428571,10.3303579016,-22.467035594295,12.478228277296,-43.410414560515,-29.4964028777,-30.363780396208,3.039827290217,2022,5.249785987954,-32.345149977302,,,,-25.421814601424,-24.650148853883,-29.521037440531,-13.307131849575,-28.66461044051,-29.779143792183,-3.814007803565,1.603392085715,1.603392085715,0.342779344789,,,,1.750330343311,1.078400462815,2.158570598244,0.334849119397,102.837730424942,166.913874953408,346.783660856516,6.614128957492,4.821330753152,350.279851568472,75.8424330621,24.1575669379,973.775631021212,0.3231560361,349.715130327417,196986054.291473,477981612.802491,0.886860005345,0.222619587875,0.352461081431,0.408799843201,0.168618754991,,,,,,,,,4110887150.81,,,,,,,,,0
600276.SH,600276,恒瑞医药,10002474,通用,2022-03-31 00:00:00,一季报,2022一季报,058001001,2022-04-23 00:00:00,2023-04-22 00:00:00,CNY,0.19,,0.19,5.681565646584,0.42500281829,3.779598246578,0.023210018622,5478539090.55,4623244195.43,1236949171.02,1180040843.66,-20.933818903079,-17.346486962906,-19.796277026563,-5.599252383827,-5.73037459146,-6.933690382248,3.47,,3.0556735802,22.0546194558,84.388267,,0.771156409746,0.02702486176,11.5087639847,11.085260893365,10.134586492356,0.05382379258,7.6216869443,1.082505153993,0.082505153993,649.583700269831,264.001470356119,86.831206102695,0.138550274526,0.340907192216,1.03649372201,,,,,,,,,,,,,,,,,,,,,,,,,-17.391304347826,-5.8929255679,-31.928738588252,-9.798368397075,-37.903334367843,-27.4058577406,-27.606395494863,-25.221790733283,2022,3.075009696248,-30.413358417311,,,,-20.933818903079,-17.346486962906,-19.796277026563,-3.995732572752,282.936791601943,2179.90409130197,-2.846932727313,0.858839494834,0.858839494834,0.199739436533,,,,0.782777485413,0.488481400419,1.213164899856,0.180569323418,114.975202630553,184.244476704336,350.837720361399,9.196038633878,6.547595328019,,76.581759838,23.418240162,1291.6944758408,0.3610207672,494.61568331432,-555032641.475548,-528289539.870159,0.838445666843,0.115362633892,0.108408965771,0.122536060141,0.03240504059,,,,,,,,,3034768955.68,,,,,,,,,0
600276.SH,600276,恒瑞医药,10002474,通用,2021-12-31 00:00:00,年报,2021年报,058001001,2022-04-23 00:00:00,2023-04-22 00:00:00,CNY,0.71,0.66,0.71,5.472622905414,0.524730814523,3.576152913137,0.659601031079,25905526375.8,22163727825.69,4530217550.47,4200699248.35,-6.594911967723,-28.41429804101,-29.533201530039,-9.168566817736,-27.828210122358,-29.627592761718,13.96,12.94,12.1196775494,17.309151796,85.5559833225,,0.926348066304,0.162853901985,-0.3967055312,8.874749672607,8.16839940483,1.240269234481,9.4086306572,1.10385791412,0.10385791412,514.146900455955,201.114916193583,67.441892582108,0.700188992058,1.790021380878,5.337928492468,,,,,,,,,,,,,,,,,,,,,,,,,-28.282828282828,-4.3463590445,-10.980886569473,-8.52608646221,2.472985567669,-37.9831186139,-40.17278362456,-17.120965643339,2021,12.392872934919,-42.681409439163,,,,-31.423710485819,-84.393761257683,-97.156604692676,-17.313348231303,-79.019531728269,-96.553847770457,-2.695410685865,4.050262370384,4.050262370384,0.641580498002,24491.0,1057756.98729329,184974.78871708,4.874877982168,2.403683920429,6.69130284387,0.889646691003,73.848002209867,149.770107850016,268.55957100699,7.376887274445,5.503745934733,895.669586562186,76.8796887729,23.1203112271,1047.05122863899,0.3860541737,400.725843382095,3284459302.09345,488160420.987161,0.965967839481,0.637288342508,0.904390642152,0.940854317442,0.945314489664,,,,,,,,,3694413772.82,,,,,,,,,0
600276.SH,600276,恒瑞医药,10002474,通用,2021-09-30 00:00:00,三季报,2021三季报,058001001,2021-10-20 00:00:00,2022-10-29 00:00:00,CNY,0.66,,0.66,5.351702729937,0.533375688335,3.582496519368,0.54682653826,20198968493.15,17470401189.1,4207201011.41,4148940893.77,4.048000631506,-1.206763084177,0.193093133677,-4.046721004472,-0.900985680921,-1.271700679737,12.96,,11.3786761722,20.7530437378,86.4915512642,,0.933799049664,0.173192533446,14.9514454237,7.703072514156,7.122111078504,0.887660294656,10.6058736735,1.118641728594,0.118641728594,492.440572557091,201.253305682219,75.556686601041,0.54828950953,1.341592870163,3.573475917832,,,,,,,,,,,,,,,,,,,,,,,,,-1.492537313433,0.5447067939,56.941586794763,0.564955205502,-27.208054923469,-19.2019950125,-19.419273699414,-16.453282960149,2021,11.894651994552,-21.567118697347,,,,-14.841822566148,-3.574239314463,-4.870052924641,8.368358822876,31.472551079055,27.744539848213,-1.396841865978,3.157333213968,3.157333213968,0.725555588158,,,,3.613112069897,1.978522389488,5.576454137951,0.691648343138,74.727823210775,136.465476172787,276.808413553055,6.400254193958,4.490462090527,,77.9406830262,22.0593169738,930.874935012438,0.1282920149,363.704829578053,4062426156.35707,479830626.731041,0.9712725012,0.503684914001,0.689587716771,0.834540396263,0.882475011678,,,,,,,,,4131024697.4,,,,,,,,,0
600276.SH,600276,恒瑞医药,10002474,通用,2021-06-30 00:00:00,中报,2021中报,058001001,2021-08-20 00:00:00,2022-08-20 00:00:00,CNY,0.42,0.42,0.42,5.124785254696,0.547011179847,3.341838239109,0.234198697228,13297542736.29,11543322582.1,2667595055.64,2647023650.06,17.584946299169,0.213299861521,3.313035004501,2.013345635299,-2.695194513356,-1.78677340229,8.34,8.27,7.4233836709,20.0217431696,86.807937459,,0.910310420216,0.11267351779,14.8752148143,8.732182216199,8.039122699569,0.442247849108,9.7914327356,1.108542159936,0.108542159936,485.481275159696,211.686729910117,75.467548678574,0.370766102031,0.850313102179,2.385131134531,,,,,,,,,,,,,,,,,,,,,,,,,0.0,2.4449037671,71.746830893275,2.463402286092,-63.192837065335,-18.4750733138,-19.911479734037,-1.989587873804,2021,7.759659486633,-20.592895664024,,,,10.145879798046,-13.029703435399,-8.55523991996,-8.090093954956,-21.75007035478,-20.089997160541,-1.288314550973,2.078560267059,2.078560267059,0.4621714109,,,,2.276081365656,1.440365456392,3.775133689091,0.461451154758,79.083288812092,124.968284403936,287.158525581707,6.954731418454,4.914344799711,,79.9544660512,20.0455339488,1010.63160560837,0.1399778184,369.23919539606,1899366682.4943,135390451.562747,0.941633154271,0.338411844239,0.464280258974,0.562755784226,0.397988615542,,,,,,,,,3622878973.3,,,,,,,,,0
600276.SH,600276,恒瑞医药,10002474,通用,2021-03-31 00:00:00,一季报,2021一季报,058001001,2021-04-20 00:00:00,2022-04-23 00:00:00,CNY,0.23,,0.23,6.037341699199,0.624349849666,4.190166163752,0.037377238191,6929054893.69,6018656444.32,1496547606.47,1471304323.43,25.367028982931,13.769052419741,15.267704190101,5.055200509545,2.862053046131,3.269125221881,4.78,,4.2209164761,21.5907581873,86.861145375,,0.969549040321,0.028760756101,15.6098279503,8.460165650748,7.869398500534,0.057658857477,10.1923902953,1.113491388189,0.113491388188,460.366427022776,188.814016315079,69.972554434197,0.19549644526,0.476659528548,1.286218585669,,,,,,,,,,,,,,,,,,,,,,,,,-4.166666666667,2.2470898682,64.146187154464,3.746816627582,-89.290772691911,-7.5435203095,-8.328082632952,2.567224678075,2021,4.418965517389,-9.890751479803,,,,25.367028982931,13.769052419741,15.267704190101,-16.732838916079,-27.695717055913,-19.172472872552,0.307399257198,1.299591640068,1.299591640068,0.314244264843,,,,1.272089900476,0.807178109646,2.078514725109,0.241891115593,70.749716640579,111.49955496126,258.77155169672,6.605216244464,4.728492169987,,80.8709772755,19.1290227245,970.491163601057,0.130473001,363.72091639008,1369938117.96499,-390900529.910104,1.019823265161,0.195435958576,0.110682405924,0.133208643494,0.058835729626,,,,,,,,,3685279994.5,,,,,,,,,0
600276.SH,600276,恒瑞医药,10002474,通用,2020-12-31 00:00:00,年报,2020年报,058001001,2021-04-20 00:00:00,2022-04-23 00:00:00,CNY,0.99,0.94,0.99,5.721290743088,0.589458594117,3.909478423769,0.643682847167,27734598747.82,24385909078.38,6328383219.69,5961246061.35,19.090999917204,18.775347846038,19.731350697139,7.679349371985,8.145578741864,6.759621238644,22.51,21.2,20.2577995161,22.7473748081,87.9259487405,,0.829578343497,0.123742003136,8.506831533,7.437185164818,6.965751164859,0.909943025281,11.3522445456,1.128060146446,0.128060146446,404.242075968164,181.944407755759,64.770690901395,0.890555489895,1.978626353184,5.558069475406,,,,,,,,,,,,,,,,,,,,,,,,,-1.0,2.1347102966,56.771221864391,4.49183558517,-25.412253200467,-6.2864279767,-5.075376106965,19.447909778767,2020,21.621035712253,-7.108404177874,,,,31.180486200564,29.919450168067,26.159476225048,2.680454317579,29.631338213146,15.296061144069,0.496030617398,5.201813699892,5.201813699892,1.239881455588,28903.0,959575.087285749,218952.469283119,5.807265274941,2.560656388225,9.527275735946,1.101424159723,61.991313114874,140.588952760486,246.717166279177,5.874843488504,4.356957875582,,80.7669657825,19.2330342175,870.884067037651,0.0,286.474915057675,7157088201.81998,1529894440.05277,0.870965267476,0.695541533187,0.489781560193,0.543983664841,1.046266191213,,,,,,,,,3942587976.88,,,,,,,,,0
600276.SH,600276,恒瑞医药,10002474,通用,2020-09-30 00:00:00,三季报,2020三季报,058001001,2020-10-20 00:00:00,2021-10-20 00:00:00,CNY,0.67,,0.66,5.322709569291,0.33985618422,3.562370720543,0.751218472985,19413125067.81,17028575288.83,4258592129.13,4140945013.28,14.56519228571,14.021785223496,17.108363685686,4.824748953354,4.91697319956,6.312895937971,16.04,,14.1208409189,21.8550300369,87.7168164803,,0.909454813637,0.205352248737,15.8409454647,6.523849484322,6.080703283458,1.017138175921,12.6945427053,1.145403770837,0.145403770838,417.882911069377,189.299202890403,75.116591356041,0.646114001908,1.426313454454,3.594412301275,,,,,,,,,,,,,,,,,,,,,,,,,-4.285714285714,1.6763611727,-7.878729069001,2.216958323432,27.391612327393,-6.4177362894,-8.628140046027,22.126009856215,2020,15.165389562388,-10.418924918585,,,,17.134559329854,20.737809052919,26.584189424081,40.166553401024,18.580415401018,22.795913979655,0.616626572899,3.658194529677,3.658194529677,0.912689547741,,,,4.426809131163,1.72122829426,7.232936022145,0.810897182269,60.992012982745,156.864723233056,264.417837002722,5.892832591422,4.011892237408,,78.5889980002,21.4110019998,777.703332296973,0.0,281.957701069148,7837459470.52767,1902292690.77344,0.947026988874,0.565067938878,0.767630833006,0.939610919729,1.41065826826,,,,,,,,,4130229673.67,,,,,,,,,0
600276.SH,600276,恒瑞医药,10002474,通用,2020-06-30 00:00:00,中报,2020中报,058001001,2020-08-01 00:00:00,2021-08-20 00:00:00,CNY,0.42,0.4,0.41,5.002479446265,0.318498558024,3.261494508818,0.636285653539,11308881923.08,9945131726.24,2661917189.96,2562139085.3,12.792175419187,10.340283557306,11.944595033085,3.029177622191,2.32319174264,2.978972212395,10.23,9.85,9.2689734387,23.4550129708,87.9408927769,0.023990590692,1.003785977717,0.298580278038,16.063772465,8.56188735682,7.864562546555,1.21583973002,9.9901964732,1.110990093098,0.110990093098,455.487585834041,233.84516446757,73.569848282255,0.395180912934,0.769740098795,2.446654495051,,,,,,,,,,,,,,,,,,,,,,,,,-6.666666666667,1.6377552797,-10.768298844107,2.427691560771,93.748183857573,-10.5769230769,-10.176635256183,-5.217428589107,2020,9.771996537994,-13.569455727398,,,,14.278650943257,10.381021554161,13.400888711987,4.611011107217,2.361618843457,0.727942870282,1.443652056454,2.131037112432,2.131037112432,0.571208941538,,,,1.972138601304,0.984107969373,4.242802034023,0.490738586048,91.271475484013,182.906759829089,307.42582701178,7.509522005374,5.547369917385,,80.121127929,19.878872071,987.113000565321,0.0,344.337564545792,5950440220.31312,1512242305.59144,1.022688045019,0.389704962885,1.038597086418,1.272991314947,1.210739219502,,,,,,,,,2964837817.73,,,,,,,,,0
600276.SH,600276,恒瑞医药,10002474,通用,2020-03-31 00:00:00,一季报,2020一季报,058001001,2020-04-28 00:00:00,2021-06-04 00:00:00,CNY,0.24,,0.24,5.904658711538,0.38036207876,4.038838298811,0.349019001238,5527015316.47,4786116322.91,1315425921.76,1276423724.9,11.277989071039,10.298614616181,10.515030324932,2.40530482971,2.305200396565,2.439241967333,5.17,,4.6043724156,23.6270128494,86.5949531323,0.03721265629,1.029542627212,0.27929110113,17.4830839447,8.69037909975,8.053746761794,0.563200789903,9.9372780411,1.110337305213,0.110337305214,461.828662949284,203.573291744888,77.303902605994,0.194877466949,0.442101216857,1.164236176519,,,,,,,,,,,,,,,,,,,,,,,,,-11.111111111111,27.8641945429,9.913264422858,40.004258483028,261.325613914207,-11.9250425894,-12.171580595904,-14.227336897445,2020,4.904008844773,-16.953731808801,,,,11.277989071039,10.298614616181,10.515030324932,-12.871615733858,-17.431564339354,-11.534991014071,0.245334311942,1.249660300046,1.249660300046,0.346440818029,,,,1.090616238847,0.552293321478,2.151936801471,0.239626304317,82.522152884054,162.95688631387,280.880156828301,7.724584874099,5.474881523788,,81.6655425343,18.3344574657,991.853060255187,0.0,319.956854048789,3660179778.91217,-30595507.0844719,1.040287463278,0.197133145308,0.957502364975,1.182083841536,0.594897788278,,,,,,,,,2898356633.61,,,,,,,,,0
600276.SH,600276,恒瑞医药,10002474,通用,2019-12-31 00:00:00,年报,2019年报,058001001,2020-03-23 00:00:00,2021-04-20 00:00:00,CNY,1.0,0.78,1.0,5.601710453255,0.375999234494,3.741419989299,0.862987387053,23288576607.05,20375632553.96,5328027519.56,4978851425.83,33.704839292466,31.051131114219,30.936185446799,6.320243391793,8.989218507701,9.194268433916,24.02,22.44,21.3409320841,22.8715213556,87.4919618221,0.009560001396,0.953033683824,0.163892921912,12.0432375117,9.023291870079,8.373456339817,1.543629889124,9.5039290069,1.105020349531,0.105020349531,385.819497271376,162.972005428079,67.080478415446,0.933078816768,2.208968338178,5.366688021669,,,,,,,,,,,,,,,,,,,,,,,,,8.695652173913,4.6580761303,-6.280269887909,5.149401264323,14.657842425283,1.7796610169,6.149672871753,-17.097611212512,2019,23.275556330902,4.095306910574,,,,27.916120001591,38.090457293437,40.9545635594,-8.313880237569,20.470058487825,15.684202886802,1.033792548403,5.265556175262,5.265556175262,1.342019019686,24431.0,953238.778889526,218084.708753633,5.022050648214,2.1816080248,9.562646699998,1.15345094985,71.683864862663,165.015894655504,230.049998227337,8.045112958763,5.485423200889,,80.9657418659,19.0342581341,1036.31781810075,0.0,203.978622970561,1960743576.26393,1042252048.56966,0.999624996291,0.844804819407,0.620655590517,0.716580761566,1.501523710872,,,,,,,,,2618947867.88,,,,,,,,,0
600276.SH,600276,恒瑞医药,10002474,通用,2019-09-30 00:00:00,三季报,2019三季报,058001001,2019-10-25 00:00:00,2020-10-20 00:00:00,CNY,0.7,,0.7,5.234952852269,0.368922596036,3.485107343217,0.589692256233,16945046466.99,14772563758.32,3734893398.47,3535994256.05,36.009001818681,28.262184616536,27.245785167722,11.282206405486,7.010875468494,6.948615198815,17.14,,15.4542557479,22.0317573606,87.1792460829,0.006176278635,0.875842573503,0.153915144925,15.1899595264,8.394254206874,7.861442369094,1.017706057714,10.3946265994,1.116004500678,0.116004500678,384.91497645733,148.891002956037,73.228525761566,0.701453610574,1.813407087329,3.687087746094,,,,,,,,,,,,,,,,,,,,,,,,,6.060606060606,3.8928458522,43.526928770046,-0.665632203427,5.895813944032,-0.5223447475,1.631229845794,0.358637433477,2019,16.929233712148,0.767390942344,,,,47.269449614855,31.958987629071,31.151258711274,36.749091998783,8.408687311398,10.00714890895,0.744495300187,3.831281557901,3.831281557901,0.975152063414,,,,3.702955370733,1.590397214469,7.474903669988,0.856209450334,72.914732414546,169.768909014436,222.119867258157,7.611378862117,5.049020177717,,82.8893330314,17.1106669686,945.059021730252,0.0,154.389306939833,-99847778.9589248,-18926093.3540417,0.927754843413,0.605746289272,0.585089839653,0.698605846124,1.182766124357,,,,,,,,,2697702938.73,,,,,,,,,0
600276.SH,600276,恒瑞医药,10002474,通用,2019-06-30 00:00:00,中报,2019中报,058001001,2019-08-30 00:00:00,2020-08-01 00:00:00,CNY,0.45,0.42,0.45,4.92187124017,0.356934311347,3.184192144839,0.328408576984,10026300034.6,8691739289.92,2412461799.21,2288756401.81,29.19241855433,26.322281379344,25.213880060632,6.2383840098,6.023574227341,5.178786217678,11.44,10.85,10.3191118092,24.0695686102,86.6893994786,0.018570901532,0.888109673035,0.144868008307,14.7283145124,8.158171971773,7.586753212677,0.591359207825,10.5401196913,1.117819514792,0.117819514791,419.854191904868,164.149718312516,71.901827597571,0.428720264012,1.096559907933,2.503413418188,,,,,,,,,,,,,,,,,,,,,,,,,4.651162790698,6.1662300652,52.007714868223,1.785881614058,-8.89254656172,-1.970865467,1.116058427551,-11.249486623875,2019,11.306184197074,-0.256652358831,,,,29.60903188854,27.026675629323,22.722095120845,1.864196458526,2.285198934883,-1.835410751057,0.092660575044,2.26695031444,2.26695031444,0.626430280395,,,,1.946218520735,0.941634671736,4.321513545687,0.526212672439,92.487045047767,191.156937401372,236.045929933612,7.186529095666,4.80331929689,,82.0828855007,17.9171144993,932.457402859213,0.0,177.040301203866,892647631.066527,524479129.709611,0.941181695906,0.386555721422,0.504685859115,0.6018720595,0.628398875088,,,,,,,,,2573046329.5,,,,,,,,,0
600276.SH,600276,恒瑞医药,10002474,通用,2019-03-31 00:00:00,一季报,2019一季报,058001001,2019-04-17 00:00:00,2020-04-28 00:00:00,CNY,0.27,,0.27,4.617914133545,0.346056575389,2.884796750165,0.096594038119,4966854058.57,4290518829.32,1192604210.25,1154977491.43,28.770783412372,25.609826639597,27.760351127655,6.371180806994,5.980722816573,6.599832245228,5.87,,5.2424630283,24.0349345437,86.38302593,0.054405481682,0.847291584674,0.086017981415,14.0200034956,7.261615005196,6.800712013022,0.163636231448,11.5856004485,1.131037483795,0.131037483795,412.619811961433,148.635844758075,69.003777878409,0.218118464967,0.605506700934,1.304276414526,,,,,,,,,,,,,,,,,,,,,,,,,28.571428571429,-20.2198569716,-8.128786467342,-28.907441445352,-44.790548004578,-2.0033388982,-0.498415216957,14.823369812662,2019,5.905152575288,2.415146142584,,,,28.770783412372,25.609826639597,27.760351127655,0.155699706413,3.373130098315,12.831229338015,-0.099663650894,1.122951696032,1.122951696032,0.31298783469,,,,1.313398478887,,2.12514411377,0.268269900493,68.524519745324,,217.640019770722,4.008568901614,1.683249813975,,81.7867682295,18.2132317705,848.395696416845,0.0,163.410914403898,696152875.351943,345552942.682814,0.89519788462,0.191804634811,0.304438288232,0.357887312979,0.182144487463,,,,,,,,,2685714823.08,,,,,,,,,0
600276.SH,600276,恒瑞医药,10002474,通用,2018-12-31 00:00:00,年报,2018年报,058001001,2019-02-16 00:00:00,2020-03-23 00:00:00,CNY,0.92,0.71,0.91,5.352391960921,0.401195387614,3.558194287663,0.75266320105,17417901050.02,15083332964.66,4065609716.04,3802502271.5,25.891642398377,26.39274544077,22.603903707972,7.330552214795,6.967125015813,5.461511879429,23.6,22.07,20.1045669824,23.3161520352,86.5967312671,0.012828610733,0.93584297585,0.15927365338,9.7329972073,7.246208193863,6.832926341039,1.112517949526,11.4639989823,1.129484038702,0.129484038702,417.507859781785,140.348200469914,71.939114504704,0.862259216361,2.56504891972,5.004231737888,,,,,,,,,,,,,,,,,,,,,,,,,5.747126436782,-1.3429279691,15.150929014737,-4.41700042714,-16.305168206955,1.3745704467,-1.186931003708,-1.342212927512,2018,22.359851775928,0.507019047047,,,,31.559071424327,29.790981419844,23.819539127599,5.557957781763,15.120966859336,7.638436376136,-0.037957845454,4.725597643282,4.725597643282,1.20289563521,21016.0,828792.3986496,193453.069853445,5.19388024191,2.207730878046,8.051353823898,1.070621570252,69.312341300274,163.063353228373,212.290447953543,3.726162075035,1.559856457802,,80.8067911115,19.1932088885,857.289533500921,0.0,155.985645780212,128664802.068499,696275200.150678,0.985033086708,0.767274838447,0.603528739983,0.683104369622,1.191280367775,,,,,,,,,2563491134.74,,,,,,,,,0
600276.SH,600276,恒瑞医药,10002474,通用,2018-09-30 00:00:00,三季报,2018三季报,058001001,2018-10-26 00:00:00,2019-10-25 00:00:00,CNY,0.66,,0.65,5.038800130394,0.257040681632,3.508460788067,0.556860780677,12458768346.51,10781194826.91,2911920929.49,2778869454.41,23.769331736608,25.095093008213,22.162102684815,6.402492900951,6.974939473993,6.622477728317,17.23,,15.2062075519,23.7029852045,86.5349970965,0.008123457786,0.938407494892,0.164591532639,14.8243217414,8.149117964621,7.673204060932,0.984954474489,10.3574807961,1.115542054017,0.115542054018,420.867989825584,143.285875120472,78.31451285603,0.641531326989,1.884344843991,3.447636844736,,,,,,,,,,,,,,,,,,,,,,,,,3.125,-1.6287764805,63.159003539205,-0.60087585309,-30.642458519948,-0.6343713956,-1.574302028122,10.412913381146,2018,16.80030965755,1.040120713244,,,,26.239097109334,32.852582454911,30.802544809493,20.350265937378,4.356629328004,2.936928894428,-0.012613659424,3.383289357283,3.383289357283,0.928619416053,,,,3.207783468874,,6.057338856067,0.79268278744,84.170269789051,,221.604634954239,4.50360247809,2.190954780874,,81.561630233,18.438369767,947.97102981918,0.0,219.09547808742,272217203.899036,115291095.024807,1.041659408279,0.623892409811,0.583725055678,0.6943915765,0.969244909941,,,,,,,,,2154493986.32,,,,,,,,,0
600276.SH,600276,恒瑞医药,10002474,通用,2018-06-30 00:00:00,中报,2018中报,058001001,2018-08-10 00:00:00,2019-08-30 00:00:00,CNY,0.43,0.4099,0.43,4.636004534726,0.234813286718,3.128323982016,0.360462909005,7760749544.59,6721518977.11,1909767439.97,1827877548.96,22.320651004725,21.375993913829,18.103177231238,5.015300045474,5.924802174908,5.665726920018,11.67,11.17,10.20521564,25.0529763776,86.609146945,0.026289529476,0.932214444299,0.171038107825,15.0053156976,7.084987220388,6.689052151639,0.572548404597,11.8761225038,1.134766227284,0.134766227284,441.885395375115,147.886374195653,79.686326343862,0.40734543817,1.217150673813,2.258856798383,,,,,,,,,,,,,,,,,,,,,,,,,0.0,-4.3939832544,49.216393946814,-4.094190165212,-25.138775515824,-2.5876460768,-3.739413027743,20.132589541498,2018,11.335276451467,-0.710176357876,,,,22.939811270794,26.094687113203,24.419100038185,1.205388146996,1.14431510039,2.194656784479,0.034718287332,2.107500565745,2.107500565745,0.610734631519,,,,2.592939268687,1.104771522737,3.783416314631,0.502407979566,69.419288825517,162.929616029622,227.565183540181,3.766474544066,1.521019311659,,81.8638425245,18.1361574755,826.329212443875,0.0,152.101931165914,-605551712.12462,220831759.322735,0.992889296469,0.384037124237,0.574132358949,0.682705740217,0.630714031698,,,,,,,,,2382900765.86,,,,,,,,,0
600276.SH,600276,恒瑞医药,10002474,通用,2018-03-31 00:00:00,一季报,2018一季报,058001001,2018-04-27 00:00:00,2019-04-17 00:00:00,CNY,0.21,,0.21,5.788300143683,0.376675742142,4.057804092038,0.174959240905,3857128089.89,3335227968.0,949451362.33,904018720.39,21.700345007015,16.949451595919,12.278465766916,4.970956595385,4.27786076651,3.187571053057,5.99,,5.2687231462,25.2305836892,86.4692042959,0.054947864053,0.912696209013,0.128488849457,16.2146110311,8.215058739267,7.767013929454,0.26635773682,10.0899324479,1.112222498799,0.1122224988,430.987256118396,139.972571010227,78.280402594173,0.208822879847,0.642983116981,1.149713044612,,,,,,,,,,,,,,,,,,,,,,,,,-27.586206896552,2.916982044,100.260016280479,3.390632507538,-32.633052389253,-5.6692913386,-3.354337504875,-4.543256495677,2018,5.765897718944,-2.873672915747,,,,21.700345007015,16.949451595919,12.278465766916,2.324382146793,6.814095416258,9.35091123751,-0.379983359519,1.361668671203,1.361668671203,0.401718356405,,,,1.447968676368,0.75075972478,1.92792796571,0.259269070134,62.156040713355,119.878567042702,218.250186572439,4.923682121251,2.375542877111,,80.8651911989,19.1348088011,972.087798084157,0.0,237.55428771105,-104784011.390407,-207192686.840294,0.952533027799,0.194370729084,0.42483916809,0.509258331239,0.247380391592,,,,,,,,,1907223105.92,,,,,,,,,0
600276.SH,600276,恒瑞医药,10002474,通用,2017-12-31 00:00:00,年报,2017年报,058001001,2018-04-16 00:00:00,2019-02-16 00:00:00,CNY,0.87,0.7,0.87,5.425249149139,0.348408294268,3.722622541209,0.899294717398,13835629369.98,11985752317.97,3216647998.16,3101452854.68,24.715823278544,24.245172526711,19.760474344742,7.288120248768,7.647657010032,4.107286834413,23.28,22.45,20.3460606847,23.8005313376,86.6296140021,0.015218854053,0.962014323799,0.184117783781,12.4025551751,7.056447520346,6.671294358674,1.242385406306,11.6199636364,1.131477244347,0.131477244347,421.122860798744,138.785014580625,71.725673576334,0.854857414573,2.593939994803,5.019123307596,,,,,,,,,,,,,,,,,,,,,,,,,-5.434782608696,2.8059494688,86.650377809826,4.01612185386,-18.574598362559,0.1721170396,-0.259311090999,14.390708829266,2017,22.247054969824,3.080043021322,,,,33.214669368449,34.605594427963,26.54345753202,1.289414244155,17.836521264109,13.708882269414,-0.503591034054,4.884344678327,4.884344678327,1.296232292065,14864.0,930814.677743542,216405.274364908,4.71122351491,2.485171565947,7.529950156703,1.069968424603,76.413271172703,144.859214121428,210.513161132393,4.231978018853,2.08110093927,,80.2052341155,19.7947658845,842.994511281519,0.0,208.11009392697,173062181.961138,766411398.405997,1.014255808379,0.777901664883,0.668987666691,0.773586863123,1.275008781265,,,,,,,,,2096169951.25,,,,,,,,,0
600276.SH,600276,恒瑞医药,10002474,通用,2017-09-30 00:00:00,三季报,2017三季报,058001001,2017-10-19 00:00:00,2018-10-26 00:00:00,CNY,0.64,,0.64,5.122229804729,0.157539992312,3.529669721115,0.80288425569,10066119103.74,8711814752.79,2327765909.49,2274739377.71,21.805785050801,20.697706855306,17.472037572702,6.057653594628,4.917918546563,4.78630432526,17.34,,15.4494282136,23.6862142019,86.5459137033,0.0190053953,1.030496255347,0.224677556268,14.7237246522,9.219296653465,8.690875423998,1.578735696645,9.3806788345,1.103517425576,0.103517425576,413.949160195747,138.915426815399,70.327139427796,0.652254010788,1.94362862491,3.839200658477,,,,,,,,,,,,,,,,,,,,,,,,,-5.882352941176,2.5746877738,-15.915454776631,3.628475409486,-2.127468213604,-2.5842696629,-0.203370598787,-11.864689607273,2017,16.62736499022,2.660656149118,,,,24.67578261556,22.801927671283,17.606439851748,17.20488596268,-0.951744556648,-2.086614045678,-0.345984758555,3.573495586415,3.573495586415,0.968361922736,,,,3.079732695331,1.780987813212,5.91396549031,0.818370277876,87.669946294135,151.601261949714,209.244624220909,5.318838050224,2.500584096596,,79.8712755989,20.1287244011,1041.74718184721,0.0,250.058409659644,-1352029307.89065,212847.391860962,1.150722725685,0.700508256046,0.809369045218,0.94855832322,1.309348266513,,,,,,,,,1551149881.35,,,,,,,,,0
600276.SH,600276,恒瑞医药,10002474,通用,2017-06-30 00:00:00,中报,2017中报,058001001,2017-08-30 00:00:00,2018-08-10 00:00:00,CNY,0.43,0.4214,0.43,4.849071943936,0.157364268434,3.261871191542,0.481508165928,6344594703.22,5493092242.03,1573430938.35,1547695491.19,20.18300569968,19.71426522313,17.409006883799,4.870603092826,4.844536125784,4.938775562224,11.98,11.79,10.6016553202,25.1186338347,86.5790881684,0.033729790568,1.026261344283,0.213781261145,14.8735844062,8.647150536224,8.19209676181,0.936167299458,9.8858457552,1.109703584726,0.109703584726,426.476239199504,136.969641461025,74.124712809606,0.422063372951,1.314159824615,2.428339931142,,,,,,,,,,,,,,,,,,,,,,,,,-7.52688172043,2.8761598842,-15.155492204117,3.73454961711,-11.885587770872,-3.4649476229,-2.738170755062,2.005675277494,2017,11.416352689197,-0.039298171188,,,,21.63262177671,20.889430880947,17.387447979029,0.185046054193,-6.191351484809,-7.777348736517,-0.085532657605,2.252340375152,2.252340375152,0.647065930998,,,,1.953774434654,1.084086560309,3.770512455632,0.53045016509,92.129366014475,166.038401904636,211.091385990538,6.070717573383,3.247444528528,,79.6228071891,20.3771928109,986.693536708518,0.0,324.74445285283,64444710.8975775,290581120.524869,1.143131587318,0.460940133464,0.725011387532,0.851086339137,0.803297507717,,,,,,,,,1555497855.11,,,,,,,,,0
600276.SH,600276,恒瑞医药,10002474,通用,2017-03-31 00:00:00,一季报,2017一季报,058001001,2017-04-21 00:00:00,2018-04-27 00:00:00,CNY,0.29,,0.29,5.624242014021,0.188093334425,3.924730890627,0.259710803458,3169364959.21,2750977919.78,811847639.62,805157706.97,18.764947316947,18.632440005849,17.428896097529,4.513921055725,4.925119657212,4.614495009112,6.35,,5.4515878004,25.4852520516,86.7990261515,0.040653520061,1.032858760774,0.192360503087,15.002190743,8.078690122956,7.562503992329,0.401089663486,10.5701620205,1.118195025948,0.118195025948,420.734796650313,152.85821809377,67.213977103299,0.213911472777,0.588780905092,1.339007210683,,,,,,,,,,,,,,,,,,,,,,,,,0.276625172891,3.5422061865,-15.738357824067,4.622427901214,-11.207803332132,-4.6546546547,-5.43254655468,11.965460774668,2017,5.936493113697,-1.157499441992,,,,18.764947316947,18.632440005849,17.428896097529,12.005506107893,22.940078902365,23.243956868788,1.342901870737,1.350125411871,1.350125411871,0.396560555191,,,,0.881737676772,0.488290100062,1.900737871157,0.267762926297,102.071174194905,184.31665927401,220.067599928564,6.494637896472,3.923942870838,,80.2466945031,19.7533054969,922.816248844681,0.0,392.394287083769,948208243.899129,-104523810.715224,1.17731407925,0.243839525979,0.642837781572,0.754791448393,0.367711164939,,,,,,,,,1617491952.39,,,,,,,,,0
600276.SH,600276,恒瑞医药,10002474,通用,2016-12-31 00:00:00,年报,2016年报,058001001,2017-03-11 00:00:00,2018-04-16 00:00:00,CNY,0.92,0.71,0.92,5.277174304767,0.186663589089,3.578889959423,1.104440014189,11093724121.18,9659092709.49,2588952095.88,2589713235.23,19.08299220525,19.220207217825,19.302398522672,3.590460532255,2.389702601672,2.425814988381,23.24,23.25,20.3989574438,23.7449098948,87.0680810518,0.013689362212,1.045948634063,0.233702259705,12.5777184902,8.347446340721,7.881037955814,1.899535240036,10.1581358795,1.113066842267,0.113066842267,419.04923747617,145.486929681903,71.665360323621,0.859087591158,2.474449084788,5.023347379743,,,,,,,,,,,,,,,,,,,,,,,,,-0.486749594375,3.9614119647,-13.058809494605,5.215245084188,-5.113844212858,-4.6368485843,-5.600518440832,2.538812216283,2016,21.582310520789,-4.672757805198,,,,15.725478154339,10.071787745921,10.360961967557,-5.203105247863,7.503347262844,5.678294903896,2.101358992258,4.725842255802,4.725842255802,1.229878590741,12653.0,876766.310059275,204611.720214969,4.06486490756,2.301102429531,7.155144291613,1.06816395226,88.563828857007,156.446751513523,217.155851983877,6.261204878884,3.59897737802,,79.5057585955,20.4942414045,958.518032373979,0.0,359.897737801957,-283733321.672251,-34821366.6462324,1.182861352936,0.915721130027,0.857617917112,0.98422045289,1.546092659329,,,,,,,,,1455666831.8,,,,,,,,,0
600276.SH,600276,恒瑞医药,10002474,通用,2016-09-30 00:00:00,三季报,2016三季报,058001001,2016-10-29 00:00:00,2017-10-19 00:00:00,CNY,0.68,,0.68,4.993658685097,0.187359034759,3.406080912768,0.820336657319,8264073089.42,7177049060.21,1928591661.05,1936409229.56,20.277841718828,22.712408685003,22.65510574692,4.901067785466,4.283990426067,4.379742676857,17.8,,15.4809118367,23.5365783523,86.8463889725,0.010286197236,1.031588602673,0.23305166125,14.5693961833,8.13145544777,7.686232228615,1.426851464094,10.6434966788,1.119112725803,0.119112725803,410.497535425286,139.583036560462,75.794115754093,0.657738419112,1.934332470859,3.562281811902,,,,,,,,,,,,,,,,,,,,,,,,,1.250744490768,3.8555567182,-10.380333311235,6.441956970123,3.551312773932,-1.1660188784,-3.655295298716,7.912070842779,2016,16.196433584126,-4.109084580986,,,,20.137648576955,20.351195948073,20.716232158683,14.344079223786,-2.494305607732,-2.268935998298,2.158653415582,3.519977729054,3.519977729054,0.919423374126,,,,3.600020696853,1.67639224796,5.383616262366,0.812028482975,74.999568818041,161.060157805289,215.379108494669,7.317527058892,4.595236147381,,80.5145973929,19.4854026071,913.460770540701,0.0735765948,459.523614738132,948690424.277228,-126723518.188969,1.172128798831,0.710572241044,0.842844714384,0.990167974979,1.170036648051,,,,,,,,,1450927050.42,,,,,,,,,0
600276.SH,600276,恒瑞医药,10002474,通用,2016-06-30 00:00:00,中报,2016中报,058001001,2016-08-30 00:00:00,2017-08-30 00:00:00,CNY,0.465,0.4664,0.464,4.71350403183,0.185473724254,3.144440500857,0.546457899164,5279111357.12,4574519184.22,1314322011.18,1318208485.25,20.357255863643,23.848023537592,23.585996049089,4.378594417578,5.029850172768,5.142146348712,12.41,12.45,10.9001191963,25.0140832816,86.6532049575,0.004455329327,1.066003640408,0.243024533934,14.0989561878,9.177598737799,8.658432902228,1.146038169789,9.6914664094,1.107315067847,0.107315067847,413.072087526792,141.037773385592,73.87799580815,0.435759291018,1.276253840933,2.436449419492,,,,,,,,,,,,,,,,,,,,,,,,,2.513227513228,3.7886670528,-8.784225794222,6.987634029588,2.499483012981,-0.8785942492,-3.006353704244,4.098248162093,2016,11.420840870794,-2.926332865528,,,,19.624360140623,22.596513518778,23.043954197624,-2.176969115941,-7.942747468405,-7.74478600989,2.719539348752,2.248570917173,2.248570917173,0.624417465767,,,,2.457434890593,1.224555386915,3.528767436462,0.537248898627,73.247108474372,146.992126222621,214.91216690505,8.256924776771,5.174033462396,,80.6896016522,19.3103983478,1000.68704777371,0.0787730352,517.403346239639,781142703.822637,126791610.400035,1.197165199032,0.496354030737,0.832369212782,0.971550830777,0.81819725405,,,,,,,,,1233993433.12,,,,,,,,,0
600276.SH,600276,恒瑞医药,10002474,通用,2016-03-31 00:00:00,一季报,2016一季报,058001001,2016-04-26 00:00:00,2017-04-21 00:00:00,CNY,0.2892,,0.2886,5.431835211133,0.223225336663,3.751328438232,0.292492823924,2668603010.24,2285627687.76,684338651.03,685655518.98,21.082938322575,25.022931639371,24.090310406291,4.98774837033,6.307328319108,6.132082650968,6.66,,5.7647611327,25.6000040481,85.6488461937,0.005716991925,1.050621874948,0.214439226353,15.4585860001,9.397646690393,8.766519880153,0.538533334545,9.4405559959,1.104247062244,0.104247062244,399.669702053457,140.250575884429,70.95332598121,0.225185946139,0.641708595009,1.268439481242,,,,,,,,,,,,,,,,,,,,,,,,,2.991452991453,-3.8748389443,-36.676099650499,-0.740337190033,8.585662503525,-0.1499250375,-2.645025497346,2.702994785631,2016,6.006012676919,-3.881556423715,,,,21.082938322575,25.022931639371,24.090310406291,9.139026649533,14.068582503577,15.826019733943,2.478846128326,1.363989363786,1.363989363786,0.392784180459,,,,1.478545273322,0.713380833285,1.825258498083,0.275619111755,60.870641991084,126.159823478247,211.207988949645,8.411278981933,5.180927751969,,81.8220178888,18.1779821112,1035.2562112294,0.0821819407,518.092775196871,231913921.299167,-145914692.377023,1.205055324659,0.26349138328,0.707266215343,0.837653095484,0.381485731006,,,,,,,,,1152184723.5,,,,,,,,,0
600276.SH,600276,恒瑞医药,10002474,通用,2015-12-31 00:00:00,年报,2015年报,058001001,2016-04-13 00:00:00,2017-03-11 00:00:00,CNY,0.9245,0.7711,0.9225,5.076089488435,0.214700981208,3.401493725134,1.163963283186,9315960168.4,7944289704.11,2171571545.04,2170713470.39,25.008639113466,43.284254339569,45.047706316169,5.462892778425,10.212293643027,10.977818560853,24.37,24.36,21.6091837655,23.8726846366,85.2761235611,0.012174399573,0.99336701824,0.244450714881,13.1929968582,8.904978433086,8.408408336624,2.162346056915,9.906625267,1.10995953139,0.10995953139,397.708981626712,140.91903100388,75.122933673277,0.90518448572,2.554658497404,4.792145119967,,,,,,,,,,,,,,,,,,,,,,,,,18.860889688866,-2.0355055066,-36.33665822774,-0.413307245399,11.273355946454,13.560111836,12.015126325743,-3.520004913064,2015,22.64023381342,12.610997108266,,,,24.587981265329,50.466325808617,56.919163037992,-1.58886176534,17.542893383084,15.594186153458,3.517743568788,4.761545834512,4.761545834512,1.244979257328,10191.0,914136.018879403,213087.189190462,5.920815069843,3.088376884942,6.678743798448,1.123877255261,60.802439487366,116.566084196282,216.040382684251,8.068224307087,4.874023923648,75909.7707656667,81.5743071795,18.4256928205,985.787515051873,0.087242423,487.402392364794,1621240404.19613,-33087326.2671332,1.121579998379,0.908834206826,0.889960281726,1.02397664361,1.599202627374,,,,,,,,,1138935026.85,,,,,,,,,0
600276.SH,600276,恒瑞医药,10002474,通用,2015-09-30 00:00:00,三季报,2015三季报,058001001,2015-10-28 00:00:00,2016-10-29 00:00:00,CNY,0.6716,,0.6702,4.808272992699,0.209060178063,3.199942024482,0.792203049236,6870819239.29,5840972059.29,1571635404.86,1578743271.85,25.159026147632,40.720241480814,41.046609928777,6.068553341268,8.450925786939,8.440948813203,18.01,,16.0682539686,23.3574742401,85.0112898603,0.000834547247,0.97120063145,0.225583660932,14.9925026982,9.11267622864,8.503795006344,1.586436346507,9.8631196637,1.10942379664,0.10942379664,392.483094748749,150.195586946172,79.776458247663,0.687927718703,1.797656013001,3.384457093367,,,,,,,,,,,,,,,,,,,,,,,,,17.659425367905,-3.5888979209,-33.451496758123,-1.34179336086,7.948988319009,11.3102595797,9.998670653258,8.538645462275,2015,16.890477594622,11.447686372467,,,,25.534689687669,43.024653639062,42.309004097152,13.855543828564,-0.675202381228,-0.38442761448,3.317560427763,3.511792680211,3.511792680211,0.921138625473,,,,4.689226619107,2.174287829516,4.940051487404,0.85336095246,57.57879111661,124.178591414966,229.967358777647,8.167939133873,4.748778241668,,81.7653732348,18.2346267652,988.299586330171,0.0918395974,474.877824166813,939003476.093275,-262427859.825853,1.102319609813,0.695578304562,0.81726104221,0.965787904176,1.094622354176,,,,,,,,,1073950664.36,,,,,,,,,0
600276.SH,600276,恒瑞医药,10002474,通用,2015-06-30 00:00:00,中报,2015中报,058001001,2015-08-25 00:00:00,2016-08-30 00:00:00,CNY,0.4536,0.4559,0.4527,4.541443845147,0.20333514227,2.939069107732,0.533132346721,4386201163.56,3700156667.57,1061237776.46,1066632569.54,24.947222714553,39.638186323422,40.44843457582,4.955492484499,8.62290971386,8.72906625102,12.52,12.58,11.2379723957,24.7549582222,84.3590279969,0.001493837208,0.974888989061,0.237807825233,15.5308514156,9.67828667447,8.992667612538,1.213480726021,9.3099226745,1.102656464181,0.10265646418,396.503241253065,149.583088474304,76.280068198464,0.453968546212,1.203344588188,2.359725210676,,,,,,,,,,,,,,,,,,,,,,,,,16.786817713697,-4.1223339521,-32.417179135958,-2.232677777728,0.292141957441,10.9929078014,10.224581250416,5.787627222361,2015,11.765127668426,10.752546522965,,,,21.978668507008,39.017789859124,39.214036484877,-0.984214242501,-6.120759393349,-6.96025485133,3.583164106737,2.241862084224,2.241862084224,0.627348409731,,,,2.897655488536,1.497947783789,3.18509581898,0.565265843137,62.119185911552,120.164402222818,225.869514427138,8.596009201511,4.99442068287,,81.2661536293,18.7338463707,1046.81422507735,0.2314069204,481.991504814576,649584937.873397,-48666956.2845785,1.125310778896,0.482159183692,0.80738511372,0.960647249325,0.75122979526,,,,,,,,,953052127.73,,,,,,,,,0
600276.SH,600276,恒瑞医药,10002474,通用,2015-03-31 00:00:00,一季报,2015一季报,058001001,2015-04-18 00:00:00,2016-04-26 00:00:00,CNY,0.2808,,0.2802,5.65079439293,0.352513561911,3.779308061336,0.269365970774,2203946358.76,1841994419.65,547370504.0,552545574.86,28.032438543927,40.225670301465,41.616737090319,6.475216383853,10.360518288127,10.85000435432,6.67,,5.9213832289,25.3300262477,83.5770985228,0.007732025837,0.919103843789,0.183942791356,15.1712758148,9.671010705886,8.992026026873,0.497315692339,9.1920941698,1.101225703707,0.101225703707,384.994903074551,137.30346976832,76.905040947925,0.233769328584,0.655482342521,1.170274391518,,,,,,,,,,,,,,,,,,,,,,,,,8.249807247494,13.911960161,44.604329870416,16.579598821822,28.700189913367,11.9127516779,10.366197098115,12.493155164832,2015,6.248553819072,9.640834308252,,,,28.032438543927,40.225670301465,41.616737090319,12.298323743215,37.282659064647,46.468503585521,2.337239300647,1.46440079977,1.46440079977,0.420173037212,,,,1.921717761254,0.83688611341,1.61821911925,0.292233167802,46.833099955982,107.541514380354,214.203129280352,8.724227689676,4.697147385702,,80.7010046226,19.2989953774,1059.21804505594,0.1023659326,469.71473857022,182285450.15802,-208337272.559728,1.049484053142,0.23677307342,0.610199894324,0.726184764111,0.298483435121,,,,,,,,,897964189.29,,,,,,,,,0
600276.SH,600276,恒瑞医药,10002474,通用,2014-12-31 00:00:00,年报,2014年报,058001001,2015-03-31 00:00:00,2016-04-13 00:00:00,CNY,0.7778,0.636,0.7775,5.271965782304,0.337244284122,3.415610691597,1.046039524274,7452253087.84,6139036972.97,1515568863.48,1496551393.69,20.13805833742,22.409808926215,22.774911294634,4.146527858817,6.035231575271,6.037788584462,21.46,21.2,19.2913086601,21.1067593243,82.378267359,0.003062812339,0.986566327892,0.211252356228,12.5981060272,8.464575854774,7.81691947514,1.85083625285,10.2680615376,1.114430399182,0.114430399181,393.878584943463,134.43885992859,81.049641738728,0.913987238102,2.677797180006,4.441722286207,,,,,,,,,,,,,,,,,,,,,,,,,-5.732638468064,10.8669493704,38.340730619613,15.593327053717,4.240894977992,1.1310084826,-2.108247532694,31.358331825838,2014,20.104816043546,-3.7170202011,,,,17.810863745851,27.607729980007,29.179566702657,-0.841063683433,11.729528341324,4.831641925955,1.288257409568,4.951611158116,4.951611158116,1.141827070552,8770.0,849743.795648803,172812.869267959,6.304753885015,3.86879360189,5.587635360162,1.181796843232,57.099770516921,93.052263068294,215.488766755775,7.517027794849,4.054834952572,52476.867467,79.2341643019,20.7658356981,946.291015898704,0.1100490051,405.483495257187,1260785979.29133,-5567704.88187176,1.149097041967,0.942389466319,0.888209932885,1.00087537353,1.152732768817,,,,,,,,,933044467.43,,,,,,,,,0
600276.SH,600276,恒瑞医药,10002474,通用,2014-09-30 00:00:00,三季报,2014三季报,058001001,2014-10-28 00:00:00,2015-10-28 00:00:00,CNY,0.5708,,0.5708,4.987260687832,0.314147077513,3.243462590179,0.733867970022,5489671381.1,4516986687.3,1116850986.27,1119306073.82,20.99250949404,20.655244274087,20.757058546454,6.098215860782,5.398967505537,5.652288757031,16.18,,14.6076801412,21.078764793,82.2815497272,0.002114384121,0.980846494221,0.201056142572,15.0625177541,8.787930389175,8.126275549013,1.426795636514,9.0871961979,1.099955075829,0.09995507583,389.607825411828,130.708772331097,80.491411024804,0.69300456097,2.065660897771,3.354395165427,,,,,,,,,,,,,,,,,,,,,,,,,-7.577720207254,12.2239141298,28.866042424734,15.695138695053,2.778067181534,-0.736196319,-1.14688502232,-8.172541082278,2014,15.155521073962,-5.499123398079,,,,26.230451105812,25.812187617529,26.553292576246,10.630357815061,-3.457806106545,-2.550889056378,2.184825869602,3.65006490543,3.65006490543,0.868783005248,,,,4.690630520613,3.069996999448,4.337018716301,0.89921275317,57.561557836092,87.94796869461,211.197593122681,7.815722011401,4.00601406666,,78.8385015368,21.1614984632,1069.83390253337,0.2319422295,400.601406665994,771837206.299162,-159668948.3567,1.14274874971,0.727523346095,0.808815529493,0.953832658347,0.897453144236,,,,,,,,,783574101.03,,,,,,,,,0
600276.SH,600276,恒瑞医药,10002474,通用,2014-06-30 00:00:00,中报,2014中报,058001001,2014-08-16 00:00:00,2015-08-25 00:00:00,CNY,0.3884,0.3882,0.3884,4.736706714241,0.300868089953,3.006187590011,0.531579380314,3510443104.11,2858935336.21,759991091.55,759447816.39,18.226552066735,18.376866541254,18.192018510791,4.682072113795,4.976161760203,4.966641332798,11.28,11.27,10.1955228754,22.3420408099,81.4408680449,0.004415007983,0.994941085392,0.227746624369,15.3621114099,8.939890183184,8.312388805752,1.128320197635,8.800578025,1.096498177668,0.096498177669,394.444443403756,120.81191103185,82.391295246862,0.456338029373,1.489919317248,2.184696811243,,,,,,,,,,,,,,,,,,,,,,,,,-9.40051317938,11.8371099431,23.450562118578,15.848606459333,24.688780270642,-2.7586206897,-3.416088190038,1.075393668904,2014,10.622895850062,-6.291364240582,,,,20.280247458908,21.051469385168,20.650989058525,3.929913812326,-5.305073150706,-5.354478180792,1.939796776707,2.334082368015,2.334082368015,0.594095846676,,,,3.296890214072,2.22250415569,2.734918544441,0.597707666618,54.596904450048,80.989724828711,203.204652404293,8.014971161257,3.976064238226,,77.5812984119,22.4187015881,1103.89796759101,0.2449476801,397.606423822587,652746057.153493,5407397.06224316,1.136979718879,0.48883015786,0.863885467088,1.019363568021,0.631791415981,,,,,,,,,718567983.34,,,,,,,,,0
600276.SH,600276,恒瑞医药,10002474,通用,2014-03-31 00:00:00,一季报,2014一季报,058001001,2014-04-28 00:00:00,2015-04-18 00:00:00,CNY,0.2594,,0.2594,4.960668208101,0.24377801289,3.241826271089,0.209297259744,1721396845.85,1405835791.21,390349714.73,390169683.48,16.16517129795,15.950871183661,15.95529099353,3.861698733634,4.337153608148,4.404389045515,5.96,,5.3652145173,23.2259516633,81.6683145783,0.002276952586,0.932518355445,0.165383461127,15.5404458318,9.474468077886,8.793343314433,0.460782372767,8.1712475362,1.088983540743,0.088983540743,389.608960268357,121.320246167349,84.296367956256,0.23100084746,0.741838257366,1.06766165829,,,,,,,,,,,,,,,,,,,,,,,,,4.808080808081,10.4723881749,-8.533382483282,16.299567330099,-21.555106080241,-4.64,-4.633173107323,-8.713348022085,2014,5.69911188518,-6.576376036483,,,,16.16517129795,15.950871183661,15.95529099353,3.332894912099,24.929540013586,33.605237753057,-2.798713679678,1.265527147135,1.265527147135,0.34216752147,,,,1.518282898702,1.109610595286,1.335196306832,0.305603525549,59.277490431416,81.109535527464,205.619843926641,8.450523970064,3.832826394052,,76.1851388642,23.8148611358,1186.35721938683,0.2602964228,383.282639405186,197107285.139018,-1964255.46203557,1.067811379469,0.239228959631,0.602047733642,0.712063227914,0.222971870071,,,,,,,,,627841708.29,,,,,,,,,0
600276.SH,600276,恒瑞医药,10002474,通用,2013-12-31 00:00:00,年报,2013年报,058001001,2014-04-09 00:00:00,2015-03-31 00:00:00,CNY,0.8251,0.626,0.8251,4.673674585505,0.24377801289,2.954851096214,1.00348286965,6203074355.43,5044992684.92,1238110635.72,1218939095.87,14.13058412949,14.918149679718,16.885972726696,4.557914459536,3.283034729518,2.648173793772,21.22,20.89,19.7067762849,20.8292307586,81.3305208973,0.001776989081,1.020348694087,0.220045510968,12.6124498147,11.157533095083,10.271156199727,2.814123574858,7.8168330816,1.084796751326,0.084796751326,380.50480528541,119.333682554646,87.147992007147,0.946111573361,3.016750948209,4.130904128812,,,,,,,,,,,,,,,,,,,,,,,,,4.166140638808,10.8398252503,-7.998854536111,17.478258945078,29.477440831466,-7.3766914011,-8.34254206284,2.354815995743,2013,20.880965758993,-9.284954554074,,,,19.377423990843,14.410653732306,12.067799009929,6.245526638485,10.157404918174,2.700371200663,-3.1612805115,4.560342382072,4.560342382072,1.068016981125,8640.0,717948.420767361,143299.842097222,4.147364446878,4.611354683537,5.000090043912,1.249918464624,86.80211363412,78.068165366944,206.479821354527,9.850832142326,4.472094263028,45498.6222036667,74.9533936795,25.0466063205,1236.87972437017,0.2769980919,447.209426302849,972466467.306699,166328198.446605,1.176426699085,1.010691564775,0.940654197694,1.056426487938,1.048603292821,,,,,,,,,564396168.07,,,,,,,,,0
600276.SH,600276,恒瑞医药,10002474,通用,2013-09-30 00:00:00,三季报,2013三季报,058001001,2013-10-29 00:00:00,2014-10-28 00:00:00,CNY,0.6176,,0.6176,4.444026682284,0.24377801289,2.80345624437,0.714031689977,4537199372.14,3653456299.25,925654738.83,926907368.64,12.318076651032,15.09047344866,18.490993489625,2.401046966792,3.146893863021,3.66517208503,16.3,,14.7771571432,21.0128335214,80.5222781631,,0.9903831267,0.214061793966,16.3600997081,7.732839467749,7.155129579287,1.420325451716,9.8959464903,1.109827983369,0.109827983368,383.934812075061,111.955423730696,90.421193429795,0.703244382922,2.41167413782,2.986025618094,,,,,,,,,,,,,,,,,,,,,,,,,4.447826822256,11.2628868349,-7.445952061676,18.508277326466,30.258398724635,-7.2810011377,-9.794227919099,17.587075331852,2013,16.037439671383,-9.249615126258,,,,9.735585266484,14.802408127747,17.322733586198,5.415505513078,-7.110951253802,-7.09580621035,-4.828449231274,3.335633495118,3.335633495118,0.832063437024,,,,2.644242326857,3.289198251348,3.662838923384,0.925810752869,102.108644604032,82.086873264434,202.376192351636,6.696182478682,2.642663125467,,75.4208249897,24.5791750103,976.541921155991,0.2700219638,264.266312546655,507218334.431543,28158141.2643192,1.146417587982,0.741897372917,0.851881064301,1.018719316212,0.748300383392,,,,,,,,,693815836.72,,,,,,,,,0
600276.SH,600276,恒瑞医药,10002474,通用,2013-06-30 00:00:00,中报,2013中报,058001001,2013-08-17 00:00:00,2014-08-16 00:00:00,CNY,0.4287,0.4291,0.4287,4.235362230524,0.243715447536,2.594927709438,0.426324950136,2969251020.81,2372168556.58,642009806.27,642554231.63,13.731449715663,15.218203900545,19.015449267072,3.88459071053,4.504210919888,6.230146582097,11.6,11.61,10.556129571,22.2001399909,79.8911422428,0.001952421051,0.940120488105,0.195300507844,16.731872169,8.935780418132,8.382187012658,1.027540993469,8.7069440994,1.095373563887,0.095373563888,378.55022254841,98.016024198071,90.069209647026,0.475498333585,1.8364344144,1.998463189645,,,,,,,,,,,,,,,,,,,,,,,,,4.6630859375,11.6721399986,-6.8735407302,19.812976777293,48.00949031772,-6.9020866774,-9.067814138787,-2.534469875342,2013,11.336090600374,-9.334329785103,,,,17.048143156099,19.622892487915,28.122264753409,0.374221836504,-9.295117848491,-9.038051743967,-5.298223768173,2.182917775499,2.182917775499,0.57801692992,,,,1.628013500296,2.953252008722,2.412594164629,0.621398696325,110.564193704356,60.949759610218,188.085411695452,7.710768066857,2.968916397587,,76.4487156567,23.5512843433,1129.40080335128,0.9061195574,296.89163975871,506961665.588275,160580632.461506,1.154783788979,0.51979747843,0.732279037617,0.879726469852,0.452349060569,,,,,,,,,574353379.54,,,,,,,,,0
600276.SH,600276,恒瑞医药,10002474,通用,2013-03-31 00:00:00,一季报,2013一季报,058001001,2013-04-25 00:00:00,2014-04-28 00:00:00,CNY,0.2475,0.2721,0.2475,4.4904,0.266521294335,2.787479218979,0.266808009146,1481852802.02,1245049580.88,336650954.62,336482863.47,10.586138044975,11.494418044245,11.787815258541,2.609978801785,3.221386866577,3.402375106771,6.25,6.25,5.6258708527,23.2549211858,84.0197878752,0.003808027351,0.950404329425,0.222643821937,15.1638221133,8.686828059879,8.046952248983,0.590066731612,8.9511964336,1.098312070922,0.098312070922,372.021143307695,132.18868482188,89.741628092834,0.241921733802,0.680844961286,1.002879064183,,,,,,,,,,,,,,,,,,,,,,,,,3.125,11.4092076379,-6.011660931926,18.852813923192,186.188057120336,-9.4202898551,-10.459043253232,-21.154261534075,2013,6.100289887497,-11.725091459598,,,,10.586138044975,11.494418044245,,6.190303602131,23.27005564961,29.126017475294,0.908867029119,1.198362509341,1.198362509341,0.327345148487,,,,0.724115130034,1.009431700924,1.213631324701,0.316269681678,124.289627805145,89.159078239387,221.937169517447,7.511380204855,2.858604616851,,76.3912578058,23.6087421942,1096.89427877953,0.1572779539,285.860461685137,361711622.176606,90059343.3764183,1.167069247946,0.272000399517,0.812807014546,0.957405188166,0.261322506353,,,,,,,,,569132304.39,,,,,,,,,0
600276.SH,600276,恒瑞医药,10002474,通用,2012-12-31 00:00:00,年报,2012年报,058001001,2013-04-02 00:00:00,2014-04-09 00:00:00,CNY,0.7921,0.8433,0.7921,4.21660226814,0.264972801872,2.515232284465,0.775025257841,5435067561.2,4564670807.29,1077384764.0,1042844635.19,19.441750010162,22.90339592427,22.865488163536,3.117053505474,6.75623550937,8.563599408471,22.91,22.18,21.5004613137,21.1847768812,83.9855393864,0.000628720059,0.950578727643,0.176330630841,14.4887810146,11.069775357479,10.241232985482,2.350367490243,7.636995881,1.082684576512,0.082684576512,354.714234542903,131.905423927468,89.226336333621,1.014901475448,2.729228179411,4.034683197727,,,,,,,,,,,,,,,,,,,,,,,,,11.736493158415,12.2133836093,-5.133116309549,21.115474846434,65.209384913698,-0.8654262224,-0.389929349654,-16.273840368933,2012,23.018194673605,-1.764862054797,,,,13.344383366509,33.274053135082,46.129760357222,-2.335679076856,10.534595731784,7.51606077774,1.471559067256,4.395295667828,4.395295667828,1.074636973207,8267.0,657441.340413693,130323.547115036,2.624729647748,4.150387561964,5.362135601183,1.318409737832,137.156983123519,86.738887543708,221.132750627062,9.371605801157,3.260468332766,18111.3006492235,76.6011825834,23.3988174166,1286.32952441457,0.1697069897,326.04683327655,348548449.527547,-2764331.84378844,1.126574081213,1.03911695753,0.737090983922,0.832345942703,0.812526194687,,,,,,,,,450010685.77,,,,,,,,,0
600276.SH,600276,恒瑞医药,10002474,通用,2012-09-30 00:00:00,三季报,2012三季报,058001001,2012-10-27 00:00:00,2013-10-29 00:00:00,CNY,0.5913,0.6326,0.5913,3.9942,0.263389898465,2.365620619602,0.548165567033,4039598528.95,3417803679.65,804284413.03,782259766.2,21.703408599314,19.739581400648,16.677680769722,5.533121399958,4.450189645094,3.751860555381,17.58,17.1,16.3816092943,21.1572989332,84.6075087699,,0.97736444376,0.167799398035,18.1850524965,9.522255115434,8.772155113472,1.465052174892,8.415845417,1.091891937588,0.091891937588,348.712425583005,140.482204566577,90.913322845386,0.774276969192,1.921951615388,2.969861749077,,,,,,,,,,,,,,,,,,,,,,,,,8.854933726068,11.8407317876,-4.206922031832,21.194514976191,42.380666761818,-3.300330033,-1.03537674109,-31.454805720289,2012,17.672034883043,-4.256933470397,,,,23.978223774873,21.069696932709,16.729859105838,12.440182008451,-3.210595729781,1.45600387562,1.982118138156,3.266791022215,3.266791022215,0.836853282433,,,,1.964684452857,2.885655707707,4.563788478368,0.992913832586,137.426648644482,93.566255766024,231.390819978417,8.071150566814,2.693432640061,,78.4424143426,21.5575856574,1171.04225977993,0.3406853297,269.343264006069,171076505.280444,-73326046.5283483,1.125241453683,0.809318663301,0.667002279894,0.793104065716,0.734729901644,,,,,,,,,472674444.69,,,,,,,,,0
600276.SH,600276,恒瑞医药,10002474,通用,2012-06-30 00:00:00,中报,2012中报,058001001,2012-08-10 00:00:00,2013-08-17 00:00:00,CNY,0.4096,0.3969,0.4096,3.7927,0.261703762225,2.16581523908,0.288038928599,2610756328.38,2202453992.85,557212128.41,539891447.36,20.493418099701,19.159104941087,16.654272014778,4.678967748193,4.545842420453,3.243655792666,12.46,12.07,11.6087933783,22.6196886515,84.3607643084,,0.951417741307,0.136427430438,19.4644235165,8.899556193189,8.133688956398,0.760290494619,8.9333573503,1.098096922104,0.098096922104,350.729298437078,145.212509657674,90.368175875138,0.513216320399,1.239562627382,1.991851647517,,,,,,,,,,,,,,,,,,,,,,,,,8.30248545743,12.0402883608,-3.180734504513,22.335913140142,15.957700724235,-4.0061633282,-2.509653998252,-19.946772470317,2012,12.503178516748,-5.054562036318,,,,21.311590157783,19.700416259473,13.864387492933,-5.167247827544,-15.458589581622,,1.261995177997,2.111297762295,2.111297762295,0.587972866768,,,,1.271501561754,1.816834005374,3.013446971031,0.660918221906,141.564906732582,99.073442850354,235.574113883397,7.421591074956,2.289641091308,,77.8413336885,22.1586663115,1100.54049823511,1.3237932092,228.964109130842,172277007.877417,65666334.3445617,1.113496280457,0.542760895995,0.499965175947,0.603135757257,0.402449223319,,,,,,,,,478477220.09,,,,,,,,,0
600276.SH,600276,恒瑞医药,10002474,通用,2012-03-31 00:00:00,一季报,2012一季报,058001001,2012-04-27 00:00:00,2013-04-25 00:00:00,CNY,0.24,0.2678,0.24,4.0306,0.283568469214,2.345320339475,0.093228212187,1339998690.81,1115723613.49,301944223.33,301001377.2,19.727653696281,18.705277279841,18.967705481692,4.852176038438,5.427675840903,5.654113132461,6.9,,6.2830140051,23.7288600691,83.2630375792,0.013330498845,0.826217845893,0.078210875704,15.1290499689,7.02571848138,6.470713492465,0.177004726166,11.3527967494,1.128067173392,0.128067173391,339.90015054648,126.127419958472,93.52069560898,0.264783642653,0.713564108658,0.962353834239,,,,,,,,,,,,,,,,,,,,,,,,,6.053910737958,-17.3371142689,-51.828130884147,-15.362556597345,3.58690243,-4.6961325967,-4.57878256208,9.581803369922,2012,6.910559283905,-4.457149883697,,,,19.727653696281,18.705277279841,,8.8389077878,47.349977109088,,0.695961154136,1.192010846934,1.192010846934,0.330737634539,,,,0.653738244685,0.922142720899,1.552745658643,0.339627112079,137.669779505396,97.598775070586,219.637285709493,5.833146203108,1.625423046961,,78.4368060345,21.5631939655,865.167604805268,0.3771138586,162.542304696055,-24739833.7988091,-42551037.2326239,1.057109887237,0.267095767338,0.280780135752,0.329602330141,0.119329184734,,,,,,,,,602088546.56,,,,,,,,,1
600276.SH,600276,恒瑞医药,10002474,通用,2011-12-31 00:00:00,年报,2011年报,058001001,2012-03-20 00:00:00,2013-04-02 00:00:00,CNY,0.7089,0.624,0.7089,3.7577,0.279310114936,2.07672247304,0.469116968292,4550391768.99,3766248500.08,876611061.8,848769374.36,21.534792055934,21.049900510447,19.271480809426,7.085826029599,5.284809609431,3.334294820106,23.11,22.38,21.5846261059,20.6664689161,82.7675657676,0.002774560223,0.869112422825,0.115892817041,11.7028170543,8.68778489218,7.989267104831,1.227923797892,9.1213975592,1.10036903423,0.100369034231,344.686480706782,109.306301638388,95.460063281324,1.044427385901,3.293497214744,3.771210573568,,,,,,,,,,,,,,,,,,,,,,,,,9.651972157773,-16.8643160844,-51.174024920624,-14.594772333847,-8.906430840579,-5.4805725971,-1.503651241974,-15.557317016326,2011,23.431732428009,-2.839527643758,,,,32.373350150045,27.344831139716,18.144855375006,6.827075807343,0.41256862101,-14.115135783976,-1.264813410681,4.047851974509,4.047851974509,0.933522281079,5122.0,888401.360599375,171146.244006248,3.8965278655,3.958993825279,5.798409526435,1.353757274132,92.389946235852,90.932195372805,204.766540129086,7.270627670414,2.210602451624,8657.03461384216,77.4415553727,22.5584446273,1074.31940476879,0.4151080074,221.06024516244,-311289495.621116,-227077919.802141,1.077167090041,1.01733264491,0.510809994699,0.560777061199,0.62209709791,,,,,,,,,439471048.33,,,,,,,,,0
600276.SH,600276,恒瑞医药,10002474,通用,2011-09-30 00:00:00,三季报,2011三季报,058001001,2011-10-28 00:00:00,2012-10-27 00:00:00,CNY,0.5432,0.5964,0.5432,3.5713,0.274957130569,1.951920530452,0.385,3319215604.1,2753723578.8,671694692.45,670445076.59,17.952485227604,19.251533467861,19.574766272042,5.143544333817,3.99143576975,4.616923688051,18.18,0.0,16.5529951561,21.4927466688,82.9630824644,,0.865738208868,0.13038906938,15.5215625026,6.63416521725,6.155042226977,0.772902067589,12.2778051845,1.139962357421,0.139962357421,350.573509256379,106.108448551004,100.24513901366,0.77016657811,2.544566466545,2.693397432101,,,,,,,,,,,,,,,,,,,,,,,,,7.906237584426,-16.7199123196,-50.412521571757,-15.448093424079,6.944444444444,-7.433808554,-5.922578072436,31.799559002625,2011,18.457769866374,-4.479832269232,,,,22.005869837095,18.567320329409,21.150892651425,10.021718828982,-4.305269822464,-1.034526835985,-1.80781608484,2.952645424607,2.952645424607,0.745580901239,,,,2.829673006343,2.479150713154,4.427505597581,0.989882089645,95.417385469892,108.90826385319,206.352093663523,5.608856181546,1.714184329282,,78.6399726149,21.3600273851,800.609565632152,0.4827654062,171.418432928248,-344573651.863318,-312650244.103266,1.035728828836,0.727757045742,0.516338155366,0.606665455045,0.556613647131,,,,,,,,,579983779.19,,,,,,,,,1
600276.SH,600276,恒瑞医药,10002474,通用,2011-06-30 00:00:00,中报,2011中报,058001001,2011-08-06 00:00:00,2012-08-10 00:00:00,CNY,0.3782,0.4117,0.3782,3.3851,0.270301329891,1.770383841905,0.2484,2166721111.87,1805082437.09,467620270.13,462813266.96,15.904284933588,19.552612647077,18.88091776555,3.075518983337,3.281281428567,3.075560482696,12.98,0.0,11.9076337857,22.8288048323,83.3094036515,,0.874488712193,0.128857131433,16.4468776424,7.314993343343,6.828918635177,0.591087442524,11.1592719319,1.125609865819,0.125609865819,345.08828065886,100.984999793257,97.681941072199,0.521605658866,1.782442940719,1.842715224782,,,,,,,,,,,,,,,,,,,,,,,,,8.026278206227,-14.156555143,-36.248145980029,-15.355751051137,-34.216101694915,-8.0085046067,-5.038876457343,-13.434185641057,2011,13.168803878213,-6.29436500632,,,,13.009194724642,13.543370073609,12.569643147571,-6.405456425051,-16.161431355522,,-1.786925671796,1.927431038062,1.927431038062,0.522245329663,,,,2.369026073882,1.695358401527,2.970192970124,0.672199303286,75.980590498557,106.172240535025,198.670180816359,6.381243047213,2.061876148864,9306.58223633333,78.3092639015,21.6907360985,880.408961804415,0.5168573743,206.18761488641,-139802748.421741,-113743872.168475,1.047902584006,0.514592428224,0.476359458433,0.564449748372,0.378749851487,,,,,,,,,492375455.18,,,,,,,,,0
600276.SH,600276,恒瑞医药,10002474,通用,2011-03-31 00:00:00,一季报,2011一季报,058001001,2011-04-25 00:00:00,2012-04-27 00:00:00,CNY,0.2263,0.3376,0.2263,4.8759,0.588659884739,2.771019829034,0.09,1119205671.74,925443908.94,254364616.51,253010996.54,18.751618772746,25.103618451006,24.677257263916,4.720206102847,7.048239335398,7.037136198471,7.24,0.0,6.5845041321,23.7763951264,82.6875642527,,0.790195341349,0.060872417099,17.534370307,7.967103170538,7.421171760823,0.164642999101,10.3601112596,1.115574789362,0.115574789361,324.986592527458,93.382558170814,94.297276138981,0.276934501513,0.963777409432,0.954428417077,,,,,,,,,,,,,,,,,,,,,,,,,-17.106227106227,32.1238890093,38.903341181517,50.686377448158,-62.91718170581,-3.4666666667,-0.793240749826,-30.054323324307,2011,7.232942366166,-3.318873448595,,,,18.751618772746,25.103618451006,,20.334529290041,58.074336570246,,-2.639912403536,1.493402915033,1.493402915033,0.426234676626,,,,1.504649012707,1.030872291808,1.547676736163,0.355968930517,59.814614066104,87.304703710828,187.680453193536,7.025560895327,2.301629378248,,78.7346038686,21.2653961314,947.264968965592,0.4776480627,230.162937824764,-215403448.511803,-171673136.368988,0.996902362669,0.266465232991,0.211358599796,0.256020379774,0.094037774845,,,,,,,,,433796850.41,,,,,,,,,1
600276.SH,600276,恒瑞医药,10002474,通用,2010-12-31 00:00:00,年报,2010年报,058001001,2011-03-02 00:00:00,2012-03-20 00:00:00,CNY,0.6465,0.5755,0.6465,4.5199,0.572052303066,2.431610487777,0.514983629054,3744106269.5,3138603091.83,724173302.17,711628101.37,23.610255007849,8.778684191511,22.359281367216,3.100301222639,-4.23513440003,-1.666642270681,24.45,24.03,21.9141383189,20.1766639129,83.8278314213,,0.877035654348,0.103080891072,12.179819694,7.463685156014,7.024107597805,0.962934174386,10.8018803251,1.121099865832,0.121099865832,331.45720369845,105.029237451943,96.97019792124,1.086113066734,3.427617002025,3.712480821091,,,,,,,,,,,,,,,,,,,,,,,,,-27.481772293887,7.5914658889,12.487106004696,11.584244353951,-27.2005047987,-14.5403704998,-16.976730589137,-2.970768524098,2010,24.116527904574,-17.268935480293,,,,13.77239196445,-16.598920489976,-7.399655608862,-1.539620389945,-6.508579247132,-11.929910684719,1.357345634745,4.995917513867,4.995917513867,1.132520835841,4569.0,819458.583825783,158497.11144014,9.769387746749,3.614131958207,6.226970209036,1.456893321421,36.849801577359,99.60898056932,201.999455401253,6.789956367914,2.482647049387,,76.79001459,23.20998541,901.467097023707,0.5133950816,248.26470493871,40735874.3222007,-236146928.073157,1.041355573895,1.000849832628,0.456624514214,0.510891649468,0.534683289427,,,,,,,,,420801862.47,,,,,,,,,0
600276.SH,600276,恒瑞医药,10002474,通用,2010-09-30 00:00:00,三季报,2010三季报,058001001,2010-10-30 00:00:00,2011-10-28 00:00:00,CNY,0.5034,0.7517,0.5034,4.2883,0.554489034902,2.308547032821,0.36,2814027697.42,2377586510.55,563258746.38,560691103.56,27.246912567465,19.135011126338,33.947347699968,4.678153072869,10.605453290699,8.229318549829,19.64,0.0,17.595077349,20.7165136208,84.4905155955,0.004356268604,0.86123692656,0.096109708788,16.1480275675,8.555618821633,8.050338540125,0.824793380084,9.3155130999,1.102724439629,0.102724439629,317.899067259667,106.037964747799,93.801105018982,0.849326178675,2.546257848707,2.87843090916,,,,,,,,,,,,,,,,,,,,,,,,,-20.586843350686,10.205078125,9.03350360302,16.743066348043,-41.272430668842,,-10.772585617571,-6.997189958425,2010,19.323426983921,-10.6639618307,,,,20.745241848862,72.793566928802,47.29125867971,1.908751305864,-8.36005964835,-8.044358946185,0.524728108489,3.754874794172,3.754874794172,0.920066831697,,,,8.435621390266,3.486756275689,5.634527408483,1.136100347578,32.007126388053,77.435868369276,199.83832168648,7.826602044242,2.81373394905,,77.3356198306,22.6643801694,1030.3940596317,0.2763516502,281.373394905032,-112739463.983152,-344916832.112215,1.016302748915,0.788368292413,0.390407580819,0.46392800713,0.521986051159,,,,,,,,,337931829.82,,,,,,,,,1
600276.SH,600276,恒瑞医药,10002474,通用,2010-06-30 00:00:00,中报,2010中报,058001001,2010-08-07 00:00:00,2011-08-06 00:00:00,CNY,0.3501,0.3463,0.3501,3.9433,0.423989755351,2.091558332539,0.3776,1869405529.84,1585726349.97,391141824.32,389308289.05,30.805987895354,4.812655642634,28.810109173312,6.421935694006,4.166703906279,9.402868732359,14.11,14.04,12.5394828341,21.6349236516,84.8251663247,0.003112921679,0.843371535199,0.150477820954,14.6461242802,5.708957311901,5.302035892445,0.64670144059,12.8910841012,1.147988113136,0.147988113136,310.561951304028,112.350862789799,91.439498248479,0.57959450359,1.602123878094,1.968514738684,,,,,,,,,,,,,,,,,,,,,,,,,-30.119760479042,5.7008299193,-16.627587548458,15.118506504909,-39.91088478676,-17.5336060783,-20.633690436697,35.039346125321,2010,14.053374569311,-19.486147782369,,,,29.173952839057,17.042270246568,44.582704381388,-1.649564135882,-7.625532900972,,1.007003952002,2.509633438338,2.509633438338,0.63009398042,,,,15.01455466062,2.186150665042,3.908023225343,0.807224027806,11.988367558587,82.336502638322,203.792720175167,5.284388794938,1.754515417335,,71.9407729654,28.0592270346,739.074644717912,0.2896984128,175.451541733528,59258535.6372094,5335686.95672327,1.003562116835,0.543492928529,0.595766296793,0.695532017479,0.591002774363,,,,,,,,,444982903.94,,,,,,,,,0
600276.SH,600276,恒瑞医药,10002474,通用,2010-03-31 00:00:00,一季报,2010一季报,058001001,2010-04-22 00:00:00,2011-04-25 00:00:00,CNY,0.273,0.2724,0.273,3.6904,0.423791018799,1.838931876896,0.2427,942476139.11,800441518.01,203323148.97,202932757.82,32.451832368309,-4.413456661314,17.079896636519,7.623562278844,-1.410165964052,5.090247429527,7.5,0.0,6.6371527322,22.182383071,84.929632146,,0.83479187135,0.191814589355,13.691714999,5.079697533471,4.728055422242,0.377473949516,14.8116534888,1.173869479752,0.173869479752,300.793812789236,109.473604887842,86.141418324273,0.29920828213,0.822115980306,1.04479357028,,,,,,,,,,,,,,,,,,,,,,,,,-4.411764705882,-13.5737704918,-30.555555645162,-15.263435313232,-61.476190476191,,-27.518133939805,37.615856985351,2010,7.481235091236,-27.141325684722,,,,32.451832368309,-4.413456661314,,15.288931424539,5.381207002836,,1.503483858705,1.265252293197,1.265252293197,0.320567320735,,,,4.563292044944,1.076845545721,1.977218815178,0.411456445976,19.722603575136,83.577445584121,195.616621087482,4.660946605785,1.56979385847,,73.6998508952,26.3001491048,653.01319868641,0.3029449664,156.979385846974,53902311.4391984,2429873.05332348,0.962011684483,0.274672039113,0.748168591992,0.864715881702,0.382514390463,,,,,,,,,488922251.01,,,,,,,,,1
600276.SH,600276,恒瑞医药,10002474,通用,2009-12-31 00:00:00,年报,2009年报,058001001,2011-03-02 00:00:00,2011-03-02 00:00:00,CNY,0.8915,0.5174,0.8915,4.201,0.508549222559,2.17917009866,0.7074,3028960881.33,2505109230.63,665730889.79,581588984.03,26.599099434863,57.402887112974,2.086948365087,7.534595664401,7.167318517966,-9.452985988859,28.61,24.99,26.3951762854,22.8890448646,82.7052355173,0.001693325269,0.880232103351,0.144972565254,11.1934380408,6.633858457689,6.086927015523,1.355914890383,11.1326042274,1.125272088043,0.125272088044,312.18037955797,116.632143969292,87.176554807746,1.153179455127,3.086627646104,4.129550666391,,,,,,,,,,,,,,,,,,,,,,,,,30.833577927796,8.9612242251,-16.666666774162,23.889038002675,211.492734478203,25.09838216,30.651224062821,9.157872084793,2009,29.150510808222,23.807322377731,,,,35.064088240139,29.999235665011,-27.140331062836,4.494791251833,93.699124328335,40.085378651396,-0.648439683781,4.879571429439,4.879571429439,1.244226232596,3862.0,784298.519246504,172379.826460383,15.752076106113,3.87276320812,6.426080403619,1.63650948064,22.854130311133,92.956883923394,203.808701988697,5.993949338468,2.183851163013,,71.6400014954,28.3599985046,868.500061277807,0.3334589107,218.385116301287,354983458.217165,107408248.984294,1.019329150935,1.02955709549,0.569010462027,0.633370968999,0.91344814893,,,,,,,,,333852353.96,,,,,,,,,0
600276.SH,600276,恒瑞医药,10002474,通用,2009-09-30 00:00:00,三季报,2009三季报,058001001,2010-10-30 00:00:00,2010-10-30 00:00:00,CNY,0.6339,0.6743,0.6339,3.8912,0.508549222559,1.977459651384,0.613,2211470314.4,1858729395.28,472790274.71,418590672.52,23.732468325559,72.217863270394,21.02986551511,7.335879171014,2.795829196337,3.896245169655,,17.33,19.7193625645,22.2649391328,84.0494843262,,0.917151315061,0.172057847167,12.6062112718,7.50616516262,6.881923460845,1.386653782825,10.0163781027,1.111313346712,0.111313346713,304.85435551891,127.674922397155,81.673603762484,0.885668828777,2.114745753752,3.305841637467,,,,,,,,,,,,,,,,,,,,,,,,,43.319014243726,9.364811692,-16.674585471734,27.31555918502,145.2,,45.887472102331,-20.777771544856,2009,21.630046932797,36.341676112164,,,,32.638900018662,20.426703397205,26.105513556522,9.022567129795,-37.927395940402,-9.735340808,1.42189974169,3.562616945538,3.562616945538,0.896961594168,,,,8.921366999091,2.718992622836,4.745632358592,1.224156784181,30.264420242717,99.301483105306,209.352317242137,6.726397233616,2.931630322553,,75.1845883704,24.8154116296,963.991594895065,0.0705985003,244.894831237072,153986310.365208,-82084098.2854739,1.060741238897,0.856275897636,0.676294804853,0.772774837341,0.809546146777,,,,,,,,,274402180.33,,,,,,,,,1
600276.SH,600276,恒瑞医药,10002474,通用,2009-06-30 00:00:00,中报,2009中报,058001001,2010-08-07 00:00:00,2010-08-07 00:00:00,CNY,0.501,0.4057,0.501,3.7307,0.508549222559,1.816874103079,0.6284,1429143695.88,1200187580.68,373181866.18,302234266.82,19.345630666552,94.550538229891,19.183070938065,4.733096805631,7.6493607015,,17.11,13.05,15.7995034708,26.862229509,83.9794895461,,1.021900224687,0.272937799645,12.9344799896,7.955740403856,7.290473028786,1.568396836179,9.5461689286,1.105536369389,0.105536369389,306.035016894089,128.839825502971,79.161128665471,0.588167987529,1.397083543829,2.273843274275,,,,,,,,,,,,,,,,,,,,,,,,,62.135922330097,9.7899516203,-16.666666774162,30.400988519656,271.834319526627,54.1441441441,64.80882337043,-26.625704485668,2009,17.454604620487,52.322263854393,,,,19.799011802943,36.536537158287,,0.846147060738,-24.559255522403,,2.94722718696,2.30231060096,2.30231060096,0.708097061874,,,,6.18801727822,1.771113837825,3.110228617622,0.809261271844,29.088477279073,101.630960221646,208.000943159725,7.13929444337,3.658808678132,,75.9468418471,24.0531581529,1010.33696724132,0.0742365554,305.346690557923,252326098.106522,-59660456.0238767,1.167371098099,0.640369035258,0.885906470187,1.016065325308,0.853518490352,,,,,,,,,248704490.3,,,,,,,,,0
600276.SH,600276,恒瑞医药,10002474,通用,2009-03-31 00:00:00,一季报,2009一季报,058001001,2010-04-22 00:00:00,2010-04-22 00:00:00,CNY,0.2856,0.3353,0.2856,4.27,0.610259067858,2.170175158379,0.63,711561419.92,595375127.49,212711059.39,173328439.51,18.89187537908,186.333498147497,,4.725766282797,32.728253786947,,,7.86,9.1569837988,30.6767813416,83.6716425066,,1.122345007139,0.458578270765,11.6187087602,6.624513128468,6.027149170223,1.20823560525,10.7630427287,1.120611942157,0.120611942158,301.508704328142,125.347637353845,80.258102378296,0.298498845002,0.718003162245,1.121382107638,,,,,,,,,,,,,,,,,,,,,,,,,98.885793871866,8.9285714286,-17.310641024738,26.991483467979,350.0,,142.855793544345,-24.42004908218,2009,10.268146053363,123.126945139438,,,,18.89187537908,186.333498147497,,17.562695272768,43.320135714967,,-0.784037243833,1.37556670374,1.37556670374,0.478992754948,,,,2.697944452091,0.910842385225,1.553330948443,0.425776661091,33.358729802701,98.809631018398,205.605011244898,5.843016553522,2.913220144226,,71.1860789651,28.8139210349,890.093205855357,0.0,247.247611501297,225656160.220285,-20559062.0675747,1.270623909587,0.35974625998,1.323932335217,1.494870878593,0.718436363682,,,,,,,,,270500575.35,,,,,,,,,1
600276.SH,600276,恒瑞医药,10002474,通用,2008-12-31 00:00:00,年报,2008年报,058001001,2010-02-08 00:00:00,2010-02-08 00:00:00,CNY,0.6814,0.7629,0.6814,3.86,0.610259067858,1.758969262973,0.2271,2392561159.48,1991688238.76,422947064.06,569699646.57,20.798897019157,1.969352323631,100.105914327772,1.386455582958,-3.435054638414,12.047801534218,22.87,30.8,20.2027776431,18.2061901182,83.2450293222,0.002746011308,0.833391226097,0.049093723797,7.3243447133,6.756185024642,6.050234761881,0.510885148269,10.1986270113,1.113568720298,0.113568720297,324.422144239776,126.667504913006,79.123223780726,1.109665312285,2.842086454985,4.549865169772,,,,,,,,,,,,,,,,,,,,,,,,,-15.016213519581,1.4765489288,-22.201520880557,14.113094000149,-44.105340881122,-18.9868933758,-15.267565237964,-47.865964740044,2008,23.545061995029,-15.959245120883,,,,1.982016116007,-10.224213211565,37.694065761683,2.618500223983,79.436031869417,142.459770601339,-0.03849956075,4.625219096354,4.625219096354,0.917651388821,3353.0,713558.353558008,126139.893844319,16.20805325373,3.571101173345,5.142126715446,1.550788230373,22.211180723826,100.809241330677,202.792755380116,5.891910301101,2.023448220407,,68.9038110854,31.0961889146,944.216851382032,0.0,167.533073071473,252427389.023338,220719795.918094,1.07063462154,1.136266740893,0.261192154055,0.269654021395,0.254250154522,,,,,,,,,229914173.72,,,,,,,,,0
600276.SH,600276,恒瑞医药,10002474,通用,2008-09-30 00:00:00,三季报,2008三季报,058001001,2009-10-23 00:00:00,2009-10-23 00:00:00,CNY,0.4423,0.6686,0.4423,3.558,0.610317062853,1.55319559058,0.25,1787299925.66,1481155820.1,274530333.69,345857339.21,28.849970446749,10.050158520751,39.612591240988,4.556994162729,-2.880594525009,-0.356104942529,,18.79,13.5168306643,15.8630619103,82.8711398034,,0.847695885301,0.072692898783,25.3087293037,5.524936205142,5.116920555983,0.480814208257,12.6433935248,1.144733112182,0.144733112181,316.86619608994,101.441470400809,76.248280029059,0.852094680126,2.66163334318,3.541063482312,,,,,,,,,,,,,,,,,,,,,,,,,-8.274574865201,5.6099732858,-17.302782773688,23.887950814005,-64.285714285714,,-13.609371400181,-33.09918616645,2008,15.864589280098,-12.38106284573,,,,21.120780043204,-13.574161978374,-1.930853600639,-1.531181240708,-29.62376141161,,-0.057855565613,3.455148351932,3.455148351932,0.735042772991,,,,16.821686324768,3.983042854793,3.941665114474,1.181610240958,16.050709470338,67.787370069367,174.727967675197,5.030568054166,2.15499541051,,69.8539426408,30.1460573592,774.174740644836,0.0,160.446695719907,138527383.064055,144432025.159685,1.022712016353,0.855268189608,0.347322615031,0.458252632396,0.296435328143,,,,,,,,,270216666.56,,,,,,,,,1
600276.SH,600276,恒瑞医药,10002474,通用,2008-06-30 00:00:00,中报,2008中报,058001001,2009-08-26 00:00:00,2009-08-26 00:00:00,CNY,0.309,0.4902,0.309,3.398,0.610259067858,1.393297799123,0.169,1197483048.1,976850157.77,191817442.18,253588252.46,33.031325899724,24.754940419711,65.05276035547,4.672482804932,8.988398892597,,11.1,14.43,9.5865640854,16.4286039266,81.5752806956,,0.836037557599,0.072824081467,23.0389892481,5.71617726197,5.275395436264,0.328516478406,13.0102358894,1.149560537638,0.149560537638,308.468047616778,96.593378382203,73.071807630304,0.583528833507,1.86348177292,2.46333032995,,,,,,,,,,,,,,,,,,,,,,,,,3.970390309556,7.873015873,-17.310641024738,35.049245878558,-64.042553191489,-3.8128249567,-4.402058767484,-22.604663005639,2008,11.458997640143,0.572598617047,,,,20.221248733313,46.296685544424,,0.082524624891,58.208291485228,,-1.236224792771,2.314934119735,2.314934119735,0.503019022092,,,,13.657606758141,2.53649554137,2.618101360176,0.785327780723,13.179468642462,70.964051410388,166.859416439649,5.20289928735,2.643168041034,,74.1476562242,25.8523437758,752.076876728382,0.8860065065,199.169465590786,173723560.277363,91666584.2823448,1.013764939175,0.593213669476,0.337766017196,0.443276140763,0.195447446847,,,,,,,,,266244510.54,,,,,,,,,0
600276.SH,600276,恒瑞医药,10002474,通用,2008-03-31 00:00:00,一季报,2008一季报,058001001,2009-04-21 00:00:00,2009-04-21 00:00:00,CNY,0.1436,0.1723,0.1436,3.92,0.738014026739,1.708913935891,0.14,598494571.35,504727489.66,74287870.88,,48.911571309704,1.183534685383,,10.031424967937,0.210436845255,,,4.4,3.7705436898,12.761667844,84.3328434077,,0.802991379146,0.102307493436,25.2273107196,5.281751869276,4.85438766402,0.219448736056,14.2406056077,1.166053010386,0.166053010386,304.611271070268,114.71474973177,71.031162730251,0.295458535345,0.784554734334,1.267049510956,,,,,,,,,,,,,,,,,,,,,,,,,-15.678214914856,31.1036789298,0.0,102.159002214078,-36.363636363636,,-22.275172425005,-23.562832729698,2008,4.601930101694,-14.536189656442,,,,48.911571309704,1.183534685383,,0.841883818566,-55.064014410886,,-0.618578901378,1.388387591015,1.388387591015,0.242589614377,,,,10.404397761461,1.224475845662,1.291449530731,0.398203201985,8.65018832069,73.500837373678,182.612166466569,4.836612373255,2.635867149461,,73.9282275893,26.0717724107,687.414581140801,0.0,197.520448068548,99704545.179949,1619200.04095248,1.014483248562,0.304581007652,0.600379901484,0.801678077559,0.133612416497,,,,,,,,,283877345.44,,,,,,,,,0
600276.SH,600276,恒瑞医药,10002474,通用,2007-12-31 00:00:00,年报,2007年报,058001001,2009-02-18 00:00:00,2009-02-18 00:00:00,CNY,0.8018,0.6638,0.8018,3.748,0.784410022876,1.541426317799,0.4063,1980615070.6,1649398607.5,414778611.83,284699054.74,37.867411737885,100.407250624177,46.591732046575,10.419473482781,37.442788458885,43.310603045197,28.23,28.05,23.8430274072,21.225142146,83.2770906363,,0.875766888926,0.106107359774,17.0392569505,4.063652194455,3.745963114934,0.557350713671,19.5623203929,1.243198467291,0.243198467291,320.473195037401,118.488599214794,52.757854195035,1.123338880052,3.038266992653,6.823628547688,,,,,,,,,,,,,,,,,,,,,,,,,67.006873568007,1.155484558,-18.279103081971,15.245216867167,-49.402241594022,60.4889141558,59.961552336781,42.86367024124,2007,28.016242867994,69.136889156161,,,,53.111642829848,224.33288683116,321.958350483584,21.876711869023,72.740445729931,72.685893233862,3.391956154495,4.594630458211,4.594630458211,1.18514416433,3006.0,658887.249035263,137983.570136394,36.999420672274,4.772615519093,4.435061178975,1.599061425225,9.729882075418,75.430337633486,168.46831934438,3.67653234035,2.237434936643,,74.4591904872,25.5408095128,498.874702759336,2.9796067223,151.903676239566,-99772578.5470165,52216044.8092014,0.976558306463,0.939902948777,0.417808281582,0.499913541422,0.448492002307,,,,,,,,,402564628.82,,,,,,,,,0
600276.SH,600276,恒瑞医药,10002474,通用,2007-09-30 00:00:00,三季报,2007三季报,058001001,2008-10-25 00:00:00,2008-10-25 00:00:00,CNY,0.4822,0.5747,0.4822,3.369,0.738014026739,1.253709969674,0.7,1387117062.94,1150185166.6,249459280.55,247726466.6,32.234309785748,59.914149614897,59.097066466637,7.027852912083,18.628998231812,18.857421171541,,17.06,15.6461770025,18.5143892993,82.9191131253,,0.963315798364,0.217831532365,24.8095619509,3.798630276534,3.452124300526,0.890240666666,18.8987140818,1.233026071878,0.233026071879,319.495625674753,122.986896112493,38.516751380709,0.845081992687,2.195355834926,7.009936983814,,,,,,,,,,,,,,,,,,,,,,,,,2.508503401361,-6.4166666667,-23.112700699477,3.138007102704,11.883884679691,,36.440940186703,31.511947366009,2007,18.106347549236,43.178446806482,,,,31.459743502891,97.22427688106,93.299562451223,-2.262482554079,19.12884713931,,2.343851760632,3.217833894678,3.217833894678,0.794455041352,,,,29.919109995265,4.540960293398,3.252370881923,1.241681077047,9.024332610252,59.458789012656,161.501376566007,3.41971776412,2.379311220023,,71.0609483949,28.9390516051,517.163917538783,3.3069588661,233.588692789175,190430369.765625,34349352.6156991,1.039256173394,0.794535432722,0.891155919811,1.17655261993,0.705294873032,,,,,,,,,342889915.12,,,,,,,,,1
600276.SH,600276,恒瑞医药,10002474,通用,2007-06-30 00:00:00,中报,2007中报,058001001,2008-08-01 00:00:00,2008-08-01 00:00:00,CNY,0.2972,0.3564,0.2972,3.15,0.738014026739,1.031696097271,0.47,900151178.68,743492084.17,153755387.59,153640721.86,32.657153192062,43.067740687137,43.543565933343,10.498094734018,10.503846798563,,11.54,11.33,10.0280026555,17.3587013972,82.596357343,,0.972786155603,0.228360439867,16.7819122603,4.097639482293,3.741113305852,0.748214251949,16.8101030303,1.202069044952,0.202069044952,311.584106908874,112.710113213178,34.925470666272,0.577693136488,1.59701729391,5.153831761352,,,,,,,,,,,,,,,,,,,,,,,,,-29.456444338951,-29.9065420561,-52.319256658014,-25.78265372666,17.5,23.2905982906,25.39890468629,5.128998889568,2007,11.393757144305,29.482493352112,,,,46.240792195221,42.785537130576,,23.966820837097,9.42198785597,,2.57898123853,2.088170530432,2.088170530432,0.436035218992,,,,27.57599904773,3.675672988168,2.184700025699,0.869411528559,6.527415369012,48.970624040664,147.637019652448,3.717370329208,2.642104874997,,68.3136638269,31.6863361731,580.023651490371,3.6409501586,260.162625655937,160804824.271797,78633120.5983463,1.046891066256,0.571847769801,1.09576493472,1.315538729782,0.514572184177,,,,,,,,,277017299.85,,,,,,,,,0
600276.SH,600276,恒瑞医药,10002474,通用,2007-03-31 00:00:00,一季报,2007一季报,058001001,2008-04-25 00:00:00,2008-04-25 00:00:00,CNY,0.1703,0.0,0.1703,2.99,0.738014026739,0.845331603923,0.22,401912736.59,341054127.66,73418932.35,,18.959329507747,43.377814306805,,4.458797809969,10.732251729379,,,5.74,4.8511444894,18.4201495275,84.8577555799,,0.967641338987,0.240985075621,32.4312589452,4.371805521269,3.950790767641,0.39203264463,18.630472735,1.228961299902,0.228961299902,341.736565692239,149.551484170746,34.275176494353,0.263360755141,0.601799443844,2.625807047699,,,,,,,,,,,,,,,,,,,,,,,,,-15.189243027888,-33.4075723831,-52.319256658014,-27.727002568191,25.530827759281,,28.075170575158,27.787074716974,2007,5.384653554756,28.573152804741,,,,18.959329507747,43.377814306805,,3.686143136622,44.037446152058,,4.844056169725,0.93235708871,0.93235708871,0.25138327853,,,,11.622947770647,1.57483230434,0.966817510132,0.396941133462,7.743302454416,57.148941987013,183.826614451717,3.927989966021,2.768790754324,,68.1987414706,31.8012585294,523.427622524231,6.3807766829,272.653764952082,146231843.902747,37977791.0374919,1.063660926939,0.269929790181,0.88429864539,1.308268834955,0.238067019032,,,,,,,,,295058433.9,,,,,,,,,0
600276.SH,600276,恒瑞医药,10002474,通用,2006-12-31 00:00:00,年报,2006年报,058001001,2008-02-28 00:00:00,2008-02-28 00:00:00,CNY,0.4801,0.45,0.4801,3.756,0.95986467655,1.33751869249,0.803,1436608583.3,1157116932.98,206967866.95,194212218.36,21.822933188248,27.583061191422,19.490296005502,6.32415396236,9.892436482568,,17.59,15.59,14.9054738835,14.2852299858,80.5450382541,,0.976340427208,0.185280409865,29.0611347235,6.173216332898,5.531433371068,1.738869067147,13.6929986188,1.158654551771,0.15865455177,345.019744764709,107.53792491328,37.128741670244,1.043418544772,3.34765619004,9.695992479285,,,,,,,,,,,,,,,,,,,,,,,,,-24.512578616352,-12.4475524476,-37.986190468702,12.530587301389,-10.078387458007,12.6841768097,18.286221103086,-0.631964884739,2006,16.564241548824,16.772672911396,,,,28.278116646153,57.608250792771,,4.64182204016,5.042106059793,-20.892411382903,0.051001049273,4.332437608265,4.332437608265,0.870835444291,2566.0,559863.048830865,80657.7813522993,38.916781952665,5.373679968905,3.271424767042,1.646078953387,9.250507928376,66.993196856373,144.665230480392,5.499821074955,3.766301134609,57.168746596245,64.351028142,35.648971858,710.831698043157,3.2687684166,369.465259260459,183958806.817609,61660090.1929722,1.16634006792,1.141054972861,0.918636842791,1.29700683888,0.626922403101,,,,,,,,,201073875.52,,,,,,,,,0
600276.SH,600276,恒瑞医药,10002474,通用,2006-09-30 00:00:00,三季报,2006三季报,058001001,2007-10-23 00:00:00,2007-10-23 00:00:00,CNY,0.4704,0.0,0.4704,3.6,0.95986467655,1.215565439834,0.625648637428,1048984235.02,849888302.56,155995752.19,155707752.57,19.598980319747,20.106640858307,,5.587698550717,-2.586452420716,,,0.0,11.4673623482,14.7262023997,81.0201215792,,0.960524370017,0.197773309735,27.5074633125,6.374843353154,5.816003981266,1.413987694137,14.3703400796,1.167819656098,0.167819656098,346.729659984161,102.205115515808,37.608496992042,0.778704654261,2.641746439377,7.179228674231,,,,,,,,,,,,,,,,,,,,,,,,,,-13.6690647482,-37.986190468702,2.235325942691,-11.0718383196,,11.646116692458,4.237437255052,2006,12.64600081443,9.536801300206,,,,23.920043629709,-9.342337273687,,8.726912114897,-13.753637759357,,-2.364613626236,3.163463453517,3.163463453517,0.637709394452,,,,21.359604099685,4.406790820698,2.361116983315,1.208608670358,12.640683728964,61.269075612088,139.81555941865,5.753860348282,3.783717101461,,66.3836223201,33.6163776799,695.877755474912,3.8803744419,378.37171014605,142637161.156832,8470384.81147777,1.151862417081,0.857570801656,0.971846709929,1.343002794388,0.477089958814,,,,,,,,,202472772.52,,,,,,,,,1
600276.SH,600276,恒瑞医药,10002474,通用,2006-06-30 00:00:00,中报,2006中报,058001001,2007-08-08 00:00:00,2007-08-08 00:00:00,CNY,0.4213,0.0,0.4213,4.494,1.547824079515,1.390101033081,0.4,678554572.46,546370565.07,107470340.17,107034210.04,17.364852059765,40.750799614883,40.179612583777,4.319811424787,11.360025296691,,9.36,0.0,7.9968821742,15.6996353504,80.5197676422,,0.966815488549,0.150012297745,24.1394656805,5.506148171601,5.006808849393,0.617240887477,15.9899772735,1.190334161979,0.190334161979,353.37951735541,102.869266910494,39.85406315996,0.50936738311,1.749793747015,4.516478013234,,,,,,,,,,,,,,,,,,,,,,,,,40.903010033445,13.5995955511,0.0,41.971472784832,-27.0052693684,25.3012048193,33.716325852334,0.778619641998,2006,8.799457632717,27.773489425823,,,,18.417886708121,53.974015549941,,0.840604503167,9.875872382982,,-3.106271958276,2.660247194753,2.660247194753,0.550117433783,,,,14.665020952022,2.722377064606,1.519860876422,0.794293783333,12.274104523198,66.118688090715,142.72276844924,4.955251137722,3.131731907106,55.498676191919,65.8434567537,34.1565432463,625.391758160008,7.5496110675,311.475333850211,133501445.863921,51303547.6922416,1.168102166899,0.574742592061,0.724351185169,0.955514535187,0.231758161616,,,,,,,,,220515984.27,,,,,,,,,0
600276.SH,600276,恒瑞医药,10002474,通用,2006-03-31 00:00:00,一季报,2006一季报,058001001,2007-04-10 00:00:00,2007-04-10 00:00:00,CNY,0.2008,0.0,0.2008,4.49,1.547824079515,1.169636840814,0.175255755042,337857264.54,273451926.82,51206619.87,,16.32176209386,28.614611476806,,4.020035862641,7.022855733715,,,0.0,3.7877322104,14.8047396104,80.9371162086,,0.935473136948,0.132312786025,35.6093764828,5.998687831246,5.560053357642,0.312025782963,14.5793091956,1.170676554571,0.170676554571,351.774225558955,91.934174883044,42.543933977183,0.255845918947,0.978961306984,2.115460221621,,,,,,,,,,,,,,,,,,,,,,,,,,17.7550485182,0.0,39.928243848643,100.571286938989,,24.54269288788,-33.253744754079,2006,4.188007711791,20.359687920267,,,,16.32176209386,28.614611476806,,11.808491346642,58.333351965502,,-6.265098204506,1.324556456765,1.324556456765,0.302379391623,,,,6.283777695336,1.151558736086,0.749912456134,0.407070565366,14.322594522527,78.154936591336,134.473675379616,5.483452148464,3.231682094136,,63.3837555053,36.6162444947,685.903554541491,3.5401229781,323.168209413592,43516329.7385851,12124178.2378665,1.128975971996,0.281316413527,0.575545394279,0.893719102846,0.099926843842,,,,,,,,,197678681.14,,,,,,,,,0
600276.SH,600276,恒瑞医药,10002474,通用,2005-12-31 00:00:00,年报,2005年报,058001001,2007-02-08 00:00:00,2007-02-08 00:00:00,CNY,0.636,0.0,,4.29,1.547824079515,1.188582344201,0.893,1179259557.87,949350883.09,162222057.55,162533883.38,2.979184279447,32.296039113417,34.636213954191,4.318664522541,0.252890908321,,15.61,0.0,12.6011920446,13.5739995942,80.5039803794,,1.00890287993,0.193236704277,27.4717608219,6.524772001599,5.96452659203,1.857311823501,13.7800839102,1.15982483555,0.159824835549,387.791872118767,103.317781751085,47.590643081806,0.928333020579,3.484395366398,7.564512195836,,,,,,,,,,,,,,,,,,,,,,,,,32.224532224532,11.2263417164,0.0,74.844474177938,8.769792935445,20.6336939722,40.541370833285,-32.773768231982,2005,14.185032453092,28.870711588725,,,,19.269358919593,1.281512037992,,1.086759704137,-39.578849613963,,7.342754994456,4.623241899817,4.623241899817,0.864215716817,2262.0,521334.906220159,71716.2058134395,29.134088392278,3.711021612693,2.51251340326,1.512589019149,12.356659153111,97.008327509782,150.908364167346,5.886896574116,3.51639426585,80.15466463844,62.2879389101,37.7120610899,725.684986042312,3.734785414,351.639426584976,139946427.983393,-2710245.30064875,1.184078432616,1.086461377552,1.008738852779,1.423579711608,0.502259419049,,,,,,,,,177103622.93,,,,,,,,,0
600276.SH,600276,恒瑞医药,10002474,通用,2005-09-30 00:00:00,三季报,2005三季报,058001001,2006-10-20 00:00:00,2006-10-20 00:00:00,CNY,,0.0,,4.17,1.547824079515,1.188987689554,0.703543878121,877084597.39,727825262.49,129881038.28,,-1.648816620537,43.216364620066,,1.958015751879,9.650753528172,,,0.0,10.2711699143,14.6627391215,82.9823331359,,1.016150807849,0.204603232817,26.2994799082,6.440975807073,5.957672283871,1.500478798845,13.7861601916,1.159906579062,0.159906579062,385.441930747322,109.4671636457,51.839830609387,0.700494623085,2.466493065207,5.208350351961,,,,,,,,,,,,,,,,,,,,,,,,,,11.7363344051,0.0,39.757192858906,48.13152506239,,44.225296873886,-17.360011532087,2005,11.544979097729,34.747357211985,,,,7.831085612962,36.253001503887,,3.899343349319,46.48181214264,,9.882262188668,3.438576548543,3.438576548543,0.68270419211,,,,19.710946307753,2.557453859843,1.862120543282,1.147224903502,13.697972476025,105.573752175758,161.306192325133,5.883368742474,3.467022074981,,61.6852261859,38.3147738141,725.137116191161,3.8436746422,346.702207498079,136176303.632557,10953401.6007525,1.180763218031,0.829296211791,1.020409064051,1.395395711005,0.392661115927,,,,,,,,,172162253.78,,,,,,,,,0
600276.SH,600276,恒瑞医药,10002474,通用,2005-06-30 00:00:00,中报,2005中报,058001001,2006-07-19 00:00:00,2006-07-19 00:00:00,CNY,0.299,0.0,,3.956,1.547824079515,0.979141094907,0.547984760734,578158248.02,480455946.24,76355047.69,76355047.69,-5.924955352108,48.537903191459,22.420038583139,-2.452657169105,10.83362460836,,7.47,0.0,5.9804830287,12.7748401364,83.1011142512,,1.035809267136,0.241760053357,36.0495907894,4.063156017959,3.743421228176,0.779555773753,15.8664380702,1.188586310935,0.188586310935,384.495903346494,111.052397411569,51.260115973252,0.468145429986,1.620856498333,3.511502004676,,,,,,,,,,,,,,,,,,,,,,,,,48.019801980198,10.5645612074,0.0,40.531784748166,40.991262014368,32.6820603908,53.798784483525,-38.395403064011,2005,6.886763187152,58.675625957912,,,,-8.833471956428,65.221101850833,,-0.944383213571,-8.22060081541,,13.67340507969,2.266647252619,2.266647252619,0.45278922614,,,,14.759124605128,1.593753951626,1.213225051349,0.777482964968,12.195845269675,112.940896439101,162.309562227639,3.704485027271,2.007645075509,118.971181828567,59.9804578216,40.0195421784,630.057477731515,2.1406001399,200.764507550855,109028173.383046,55423383.5099458,1.187558016497,0.565280185828,1.210036536811,1.892470283584,0.298610653089,,,,,,,,,192715763.27,,,,,,,,,0
600276.SH,600276,恒瑞医药,10002474,通用,2005-03-31 00:00:00,一季报,2005一季报,058001001,2006-04-21 00:00:00,2006-04-21 00:00:00,CNY,,0.0,,3.813,1.547824079515,0.835883313221,0.08737828715,290450607.4,250794891.91,39813998.8,36195998.8,-2.854973490513,35.939787182443,,-0.745407641186,8.584236037298,,,0.0,3.0413122782,13.1727730379,86.3468298982,,0.953632312218,0.076735093307,39.3857411151,2.912025607645,2.66792494631,0.084949293938,21.8428871281,1.279474078884,0.279474078885,389.815140622193,144.422944335498,52.234507403724,0.230878666889,0.623169679957,1.722998922999,,,,,,,,,,,,,,,,,,,,,,,,,,5.9755419678,0.0,16.6541209034,-39.030027736807,,45.613753237193,-26.347461751352,2005,3.479576745468,29.264953378403,,,,-2.854973490513,35.939787182443,,14.641721760718,24.684443773339,,21.083229821483,1.138700474376,1.138700474376,0.247274614893,,,,6.358788836765,0.664383515501,0.604482781767,0.381483956618,14.153638736932,135.463926934028,196.650392596726,2.644238635175,1.275727787363,,60.6041579811,39.3958420189,457.529811549433,9.0439967373,127.572778736266,54851147.5520243,57961737.5477342,1.11415543695,0.256695800548,0.352741298196,0.58252801507,0.046824780507,,,,,,,,,275365387.95,,,,,,,,,1
600276.SH,600276,恒瑞医药,10002474,通用,2004-12-31 00:00:00,年报,2004年报,058001001,2006-03-29 00:00:00,2006-03-29 00:00:00,CNY,0.481,0.0,,3.857,1.547824079515,0.679794056855,0.821,1145143619.19,858824794.05,122620494.64,120720776.83,9.024715472345,29.729688208985,42.004643237757,-3.057515164208,-0.893945084296,,12.94,0.0,8.9661798301,10.5939084668,74.9971252215,,0.93475906338,0.182870317776,29.7361606204,3.19693738403,2.930524837985,0.882373090758,20.4980757478,1.257831190133,0.257831190132,425.354735272624,110.689129990323,60.189765270273,0.846352397533,3.252351879823,5.981083301845,,,,,,,,,,,,,,,,,,,,,,,,,29.649595687332,15.756302521,0.0,15.674821178918,53.171641791045,17.8506375228,29.101503862364,-45.671031892701,2004,11.007180978686,20.241973321186,,,,-12.476921071892,-3.347818087556,,-8.607750232461,-18.716032879454,8.908740164761,12.187510413188,4.489491669764,4.489491669764,0.714950940676,2182.0,524813.757648946,56196.3770119157,13.132949718139,4.408273038048,2.289593411006,1.532641470638,27.411968196511,81.664633041743,170.877089544648,2.904155299548,1.531519042135,16.258454342546,60.4378921836,39.5621078164,487.595543005733,7.8860486532,153.151904213538,304357520.032028,-118809806.344595,1.161414884074,1.059428379572,1.175293255261,1.726183668183,0.431772856239,,,,,,,,,257329061.52,,,,,,,,,0
600276.SH,600276,恒瑞医药,10002474,通用,2004-09-30 00:00:00,三季报,2004三季报,058001001,2005-10-20 00:00:00,2005-10-20 00:00:00,CNY,,0.0,,3.732,1.547824079515,0.85075241226,0.474945409375,891788555.31,673472619.78,90688685.35,90301939.15,17.204885663615,47.504117368186,,10.511000950483,12.04820882889,,,0.0,7.1216146799,10.4402459592,75.5193162964,,0.911094044471,0.135845290611,21.0241482169,4.742250624866,4.196747766445,0.834418739851,16.6821903623,1.200223582867,0.200223582867,395.818439450828,118.75194112953,57.864691056686,0.68213092946,2.273647044687,4.666057920114,,,,,,,,,,,,,,,,,,,,,,,,,,11.5028383627,0.0,59.491431760754,78.604348264661,,57.082702412377,-56.939509522599,2004,8.567870521992,40.995820934116,,,,4.6661808579,51.207779396952,,-12.157590315256,77.624611099839,,15.49509387814,3.496222852018,3.496222852018,0.490418787715,,,,8.978402742055,4.117451555845,2.316934064003,1.252407838877,30.072164031507,65.574542004439,176.618567531597,4.119009242134,1.954096895971,,59.1485111279,40.8514888721,592.684568071762,7.5599609855,195.409689597144,202170657.312974,-181232823.626079,1.155783305698,0.885472736364,0.991546910866,1.301169446992,0.476004778039,,,,,,,,,194185228.56,,,,,,,,,1
600276.SH,600276,恒瑞医药,10002474,通用,2004-06-30 00:00:00,中报,2004中报,058001001,2005-08-09 00:00:00,2005-08-09 00:00:00,CNY,0.202,0.0,,3.578,1.547824079515,0.696739955777,0.388665760491,614571324.61,449283293.89,51404420.05,62371363.85,23.900122828296,44.793768126243,75.684985575757,-0.352808811508,7.296658820375,,5.63,0.0,3.8885112446,8.5439518681,73.1051508424,0.003206203464,0.784437981329,0.161312037985,25.1330769069,3.348445319291,2.939333965419,0.43491637629,25.7552826564,1.346897174343,0.346897174342,395.501321588507,112.220610725989,56.607862510145,0.45511858033,1.603983429029,3.179770300773,,,,,,,,,,,,,,,,,,,,,,,,,45.323741007194,10.2619414484,0.0,61.505812625422,485.898809520433,28.5388127854,58.978589918914,-35.554915842445,2004,4.340151895149,60.082379138641,,,,15.493212444283,70.844548899832,,5.551464173694,-24.486207553864,,16.03240079752,2.409403323807,2.409403323807,0.274965567957,,,,3.957104949146,3.046708302068,1.533436060581,0.82004030812,45.487800377612,59.080155418168,280.853049276425,2.736676897871,1.379087293061,17.017033312144,61.0602900913,38.9397099087,384.029938787981,16.6377957083,108.148623818475,51792038.0908052,-227452342.010012,0.948906589044,0.466528411308,1.33709841294,1.888026061883,0.346314796255,,,,,,,,,321946700.25,,,,,,,,,0
600276.SH,600276,恒瑞医药,10002474,通用,2004-03-31 00:00:00,一季报,2004一季报,058001001,2005-04-23 00:00:00,2005-04-23 00:00:00,CNY,,0.0,,3.598,1.547824079515,0.716548465453,0.143313640972,298986595.44,213213214.88,29287966.11,,34.211944327253,29.842971139109,,2.126921433224,8.87998912986,,,0.0,2.0886160892,9.6925946721,71.3119645268,0.006820450452,0.774753165904,0.12226399975,34.6183196648,2.793552232864,2.462622786127,0.127482526266,29.6566658088,1.421598807475,0.421598807474,417.661017273412,108.985495824834,58.664015008906,0.215485755859,0.825797958883,1.534160251158,,,,,,,,,,,,,,,,,,,,,,,,,,12.6487163431,0.0,88.243100039003,2547.25043675475,,15.202690439697,-16.39027103036,2004,2.69181758437,17.795599724571,,,,34.211944327253,29.842971139109,,3.286774656834,-11.350283894007,,6.453362210858,1.172165488333,1.172165488333,0.190568323375,,,,3.604208292211,1.47662491457,0.742798115083,0.389138797541,24.970809870922,60.949804592867,290.164976265031,2.426872267684,0.555258745233,,60.4874581387,39.5125418613,333.770727069609,19.3567332949,30.2444210239,-136119464.660691,-210544179.550011,0.92990829151,0.209942672102,0.806745435155,1.261416616349,0.126169495241,,,,,,,,,392747510.43,,,,,,,,,0
600276.SH,600276,恒瑞医药,10002474,通用,2003-12-31 00:00:00,年报,2003年报,058001001,2005-01-25 00:00:00,2005-01-25 00:00:00,CNY,0.371,0.0,,3.376,1.547824079515,0.587676773499,0.536,1050352311.61,702158409.17,94519994.87,85011851.78,38.930811692295,19.715275771431,17.007642221471,8.284423140597,20.408986845579,,10.98,10.13,6.9450622664,8.7784651141,66.8497990064,0.002530999247,0.818005396049,0.130261497183,38.8135664311,1.697553667909,1.437153078869,0.315736477839,37.7295510331,1.605898169341,0.605898169341,455.035148692423,107.85662257101,75.574777431704,0.791147675151,3.337764445229,4.763494015253,,,,,,,,,,,,,,,,,,,,,,,,,19.677419354839,7.3107890499,0.0,49.833879770096,174.871794871795,8.8206144698,1.785668323925,23.133948523247,2003,9.154191897104,5.600907130252,,,,38.42805409401,94.146396969805,,9.293204264865,27.164932293061,,5.859025588652,4.117865981409,4.117865981409,0.655705820474,1667.0,630085.369892022,56700.6567906419,12.850883558088,6.143796205216,2.458587047036,1.54011726068,28.013638001834,58.595693602982,183.430156146658,1.350973449893,0.464023695487,7.963463527592,50.707970111,49.292029889,262.565879153505,26.2130794407,29.650084346861,-121259265.727653,-21577228.3093233,1.17413722765,0.850120061477,0.976307966379,1.483875546462,0.26551808291,,,,,,,,,547337527.6,,,,,,,,,0
600276.SH,600276,恒瑞医药,10002474,通用,2003-09-30 00:00:00,三季报,2003三季报,058001001,2004-10-23 00:00:00,2004-10-23 00:00:00,CNY,,0.0,,3.347,1.547824079515,0.533415747083,0.265920406748,760880018.15,497520170.12,61482138.24,,39.123043132902,-0.734418439871,,8.528499968831,16.478478523878,,,0.0,4.533672117,7.8230785485,65.3874669136,0.002653849046,0.804306371112,0.089145263868,38.7493993461,1.710076108337,1.452210648828,0.160682752005,38.7412920228,1.63242097821,0.63242097821,465.898537346638,104.905011597104,79.157856827151,0.579525322268,2.573756924378,3.410905888844,,,,,,,,,,,,,,,,,,,,,,,,,,6.4567430025,-0.328006862197,36.022674288858,,,-16.807755784504,31.198936446634,2003,6.076684021717,-13.77264893434,,,,40.409112362411,74.65912392901,,-3.07086778,100.6920323669,,10.846067277351,2.98300094934,2.98300094934,0.429171692267,,,,18.213242558792,4.669486750408,1.803834402486,1.127021727981,14.824378422922,57.822200689703,184.061249377692,1.423441095378,0.464357835202,,50.7897001577,49.2102998423,255.859982564042,28.1619149018,29.238685500155,-101743674.269643,-13779460.6684615,1.157211976155,0.619504000905,0.691073846354,1.139516410516,0.134451503001,,,,,,,,,550629003.54,,,,,,,,,0
600276.SH,600276,恒瑞医药,10002474,通用,2003-06-30 00:00:00,中报,2003中报,058001001,2004-08-10 00:00:00,2004-08-10 00:00:00,CNY,0.139,0.0,,3.245,1.547824079515,0.431402402459,0.066336670117,496021562.03,312513839.79,35501818.01,35501818.01,38.445927987835,-24.563962829806,-15.743181035197,7.618510255892,-19.082748469877,,4.38,0.0,2.4459339126,6.4320321337,63.0040836352,0.003093013928,0.740538007293,0.03411268464,45.0376820757,1.682544370969,1.433719382176,0.038223350301,39.9646970643,1.665686606214,0.665686606213,473.343036009452,101.005143871035,81.670763903715,0.380273895054,1.782087457148,2.203971058875,,,,,,,,,,,,,,,,,,,,,,,,,-24.864864864865,5.1863857374,-0.328006862197,29.225954013436,22.845685401852,-28.664495114,-40.672063167931,28.884034541679,2003,2.711199020468,-39.997956379774,,,,30.132443830132,-55.111351545934,,22.658872617074,-42.60902536061,,12.19699873047,1.944633523201,1.944633523201,0.2275731043,,,,6.713119382316,2.958781845433,1.15374246492,0.722430943926,26.813168327406,60.835847116555,182.67412444239,1.347645882472,0.477084007467,2.06011577329,53.0432717652,46.9567282348,248.14169841373,29.7613339901,31.309578636173,-103325664.113526,-20545444.0800134,1.143104701154,0.403796583462,0.285941298371,0.530356253365,0.03249539472,,,,,,,,,561177760.76,,,,,,,,,0
600276.SH,600276,恒瑞医药,10002474,通用,2003-03-31 00:00:00,一季报,2003一季报,058001001,2004-04-16 00:00:00,2004-04-16 00:00:00,CNY,,0.0,,3.194,1.547824079515,0.380650587089,0.005413679,222771972.3,149232552.7,22556450.96,,50.216986009464,23.778062657472,,9.850442188375,5.488193760492,,,0.0,1.8129924581,10.159055691,66.9889264611,0.008740147739,0.780614563873,0.006198616081,33.0005285244,2.055883670153,1.742198388553,0.004112407319,35.4703527619,1.549675293141,0.549675293142,504.312639652256,123.073548003709,88.693556757816,0.17846072639,0.731270053231,1.014729855132,,,,,,,,,,,,,,,,,,,,,,,,,,-10.9313998885,-16.875175434476,-21.623473054823,,,13.817576678719,4.95669290876,2003,2.285159709416,4.282593722587,,,,50.216986009464,23.778062657472,,6.531406731798,32.552596597127,,15.845581570729,0.873368979347,0.873368979347,0.146489736545,,,,7.312697981406,1.632865556283,0.661032546395,0.337864024148,12.307359093571,55.117826237252,211.764674490784,1.732407578935,0.631628835252,,53.4304860808,46.5695139192,278.719155902276,28.5069694156,41.573386234389,-41826942.3005302,-9907909.74181525,1.112920102427,0.19189159821,0.040756515278,0.06101567183,0.004123591822,,,,,,,,,458283355.83,,,,,,,,,0
600276.SH,600276,恒瑞医药,10002474,通用,2002-12-31 00:00:00,年报,2002年报,058001001,2004-02-18 00:00:00,2004-02-18 00:00:00,CNY,0.31,0.0,,3.105,1.547824079515,0.392218885609,0.195,756025462.47,477428825.07,78953996.69,72654956.69,19.19635435779,-2.712195717049,15.41820659416,,,,10.09,0.0,6.8232221498,10.485386528,63.1498340691,0.002109666564,0.793859733281,0.065917142086,28.2663188732,2.247453421711,1.904823175678,0.178240201957,30.6410632369,1.441775273193,0.441775273192,553.219441957217,115.602456645433,100.8238097497,0.650736349262,3.114120672229,3.570585171238,,,,,,,,,,,,,,,,,,,,,,,,,-18.848167539267,-11.1842105263,-16.666666666667,-1.929736045729,261.111111111111,-11.8777292576,-11.767666341207,-5.028154629106,2002,8.668667860791,-10.775695954706,,,,,,,10.857310669495,14.400864581856,5.176331764433,5.717625410126,2.963968849854,2.963968849854,0.481537519642,1667.0,453524.572567487,47362.9254289142,9.936352569176,6.415325903758,2.427808349768,1.151054444389,36.230598450863,56.115621466576,216.426615072189,1.844575243111,0.684492009241,3.959993238576,52.1657797172,47.8342202828,322.467628772039,23.4633322419,42.520988960557,14916503.6037703,83923183.9460109,1.143991976559,0.718001377906,0.450614614059,0.628657245107,0.146945537708,,,,,,,,,369094823.63,,,,,,,,,0
600276.SH,600276,恒瑞医药,10002474,通用,2002-09-30 00:00:00,三季报,2002三季报,058001001,2003-10-27 00:00:00,2003-10-27 00:00:00,CNY,,0.0,,3.144,1.55291775632,0.392152080432,0.0,546911569.08,322620035.21,61937015.1,57010115.1,,,,,,,,0.0,5.4496331476,11.44101209,58.9894332922,0.003875142765,,,28.4671427188,2.614786101074,2.365761277009,,29.5286631676,1.419016645559,0.41901664556,566.840589194858,86.270194739116,104.997041602621,0.476324393748,3.12970198823,2.571501024018,,,,,,,,,,,,,,,,,,,,,,,,,,,,,,,,,2002,7.047281340105,,,,,,,,-10.165197672032,-48.420707227918,,,2.144145845408,2.144145845408,0.390747019508,,,,7.386169332168,6.674345855497,1.930839715505,0.830294204358,36.554807757265,40.453402602388,191.267332959035,2.275518976785,0.987180980293,,53.6918943579,46.3081056421,334.807604704724,23.0738810284,69.739939007023,109891543.388881,125119744.768377,,,,,,,,,,,,,,347658267.86,,,,,,,,,0
600276.SH,600276,恒瑞医药,10002474,通用,2002-06-30 00:00:00,中报,2002中报,058001001,2003-08-18 00:00:00,2003-08-18 00:00:00,CNY,0.185,0.0,,3.085,1.55291775632,0.33383572654,0.054,358278187.91,201190666.16,47062146.08,42135246.08,19.597331452999,9.843462936101,8.033116813318,,,,6.14,0.0,4.122735499,13.217596853,56.1548743265,0.005372075066,0.705616218182,0.038498552927,26.8773732547,2.60627110754,2.23885599821,0.056215606557,31.0082604152,1.449448884777,0.449448884777,577.084664813089,99.275384776379,105.137861410528,0.311912637738,1.813138275973,1.712037867093,,,,,,,,,,,,,,,,,,,,,,,,,-8.415841584158,-8.0750893921,-15.50873952758,4.453362393881,54.285714285714,-0.8077544426,-2.983857564461,-1.620901215457,2002,4.518511132101,-16.110187258047,,,,,,,41.589949512569,58.252562719883,,-0.949068968033,1.404615904176,1.404615904176,0.25389742657,,,,4.551010709931,4.236280379644,1.21463647318,0.540908790438,39.551653791368,42.490105438943,204.417667474048,2.114809567355,0.851843174109,2.148165677895,54.272659891,45.727340109,318.818304478787,22.2909583573,55.638648866164,10989208.4704729,31163547.3600266,1.220568046525,0.371138500553,0.212889593125,0.291267416882,0.045036132153,,,,,,,,,365362322.4,,,,,,,,,0
600276.SH,600276,恒瑞医药,10002474,通用,2002-03-31 00:00:00,一季报,2002一季报,058001001,2002-04-23 00:00:00,2002-04-23 00:00:00,CNY,,0.0,,3.586,1.862047935265,0.485669117943,0.0,148300121.19,85756105.48,18223302.64,,,,,,,,,0.0,1.5928932165,12.3372864993,57.8260521919,0.014997870482,,,5.0202472686,2.531575949826,2.260394510135,,33.795227135,1.510465117129,0.510465117129,697.068562695413,115.217138742215,130.602666223353,0.129112120122,0.781133787755,0.689113037295,,,,,,,,,,,,,,,,,,,,,,,,,,,,,,,,,2002,2.191314607589,,,,,,,,,,,,0.697685929573,0.697685929573,0.112794633515,,,,1.693803120795,1.506291857951,0.526307796784,0.211230212794,53.134864905527,59.749376938428,245.827259782942,2.261735575233,1.061201037675,,61.0173703144,38.9826296856,292.68279266991,25.4142039472,80.592034293303,74294828.2973268,32050913.2453421,,,,,,,,,,,,,,398177362.97,,,,,,,,,0
600276.SH,600276,恒瑞医药,10002474,通用,2001-12-31 00:00:00,年报,2001年报,058001001,2003-04-22 00:00:00,2003-04-22 00:00:00,CNY,0.382,0.0,,3.496,1.857388895418,0.399936606464,0.054,634268947.69,378877019.29,81155081.33,62949303.09,30.856104072722,24.33485154183,10.374823925922,,,,11.45,0.0,7.7332445679,12.8342872541,59.7344424112,0.005076992484,0.64569927896,0.018110779318,16.6502695428,2.842940620312,2.498063870991,0.047657561767,32.2633124767,1.476304845371,0.476304845371,597.465057635217,126.403190640518,98.513197293313,0.602545697693,2.8480293747,3.654332717759,,,,,,,,,,,,,,,,,,,,,,,,,-39.842519685039,-30.7311274024,-42.686274859343,-18.189888847555,-63.513513513514,-45.6573327005,-14.45317628806,1.433905695399,2001,9.715590335556,-16.711603609114,,,,,,,,,,12.224634231073,2.983952520183,2.983952520183,0.508313757245,1660.0,382089.727524096,48888.6032108434,10.678743220084,6.56044580566,3.093378886619,0.862402444862,33.711832242855,54.874319621604,244.872310625276,2.335301826656,1.124202067355,0.943267323672,61.2360404722,38.7639595278,309.352041975359,23.4604411043,61.60020195765,-307265435.47769,-15351567.8913335,1.087480561002,0.616389874522,0.125913962045,0.141112466627,0.040495265147,,,,,,,,,361034255.93,,,,,,,,,0
600276.SH,600276,恒瑞医药,10002474,通用,2001-06-30 00:00:00,中报,2001中报,058001001,2002-08-06 00:00:00,2002-08-06 00:00:00,CNY,0.202,0.0,,3.356,1.83796258647,0.31960266179,0.035,299570386.36,169835227.42,42844739.98,39002157.23,29.784737549521,67.644210890471,,,,,6.19,0.0,4.2495355881,14.4083365197,56.6929293258,0.027424958688,0.584262853871,0.025162713149,32.1817223801,3.750209182539,3.315597045207,0.034936068591,31.5191547781,1.460262350384,0.460262350384,610.302118846277,131.802596806563,96.622145367236,0.294935892309,1.365678707106,1.862926964785,,,,,,,,,,,,,,,,,,,,,,,,,,67.8,4283.86550471657,-51.514611270366,-67.650268330118,,-24.828020513921,-45.450653645869,2001,5.386245343044,-39.149159555653,,,,,,,,,,9.683881115112,1.409345061912,1.409345061912,0.324592372365,,,,14.664619363898,3.433566203868,2.368251123673,0.375670950746,12.274440647477,52.423628761614,241.878819733169,3.257533306945,2.108952404547,1.24100779945,77.4207862131,22.5792137869,317.267390905771,20.7349339622,129.821077105083,-122146511.661275,6337997.00493517,1.028332028152,0.294748776953,0.129337491861,0.174639960102,0.059554857512,,,,,,,,,329423663.89,,,,,,,,,0
600276.SH,600276,恒瑞医药,10002474,通用,2000-12-31 00:00:00,年报,2000年报,058001001,2002-03-12 00:00:00,2002-03-12 00:00:00,CNY,0.635,0.0,0.0,5.047,3.240740138352,0.488859629733,0.148,484707192.06,257997845.56,65271386.36,57032302.16,17.098850598996,27.154195550198,,,,,21.07,0.0,9.0397798917,13.5210572411,53.2275670315,0.019122997021,0.593006156332,0.040448680649,19.9660957656,4.137419046747,3.63073046404,0.10324350314,31.8072268395,1.46643105076,0.466431050761,538.462292787497,136.066595710482,102.798918730792,0.668570491977,2.645763261146,3.501982359783,,,,,,,,,,,,,,,,,,,,,,,,,,812.8992464557,7629.73781232277,27.332620054272,-77.326833692325,,-27.433484620193,-51.026850845695,2000,11.664998675156,-38.70821372117,,,,,,,,,,11.451916086416,3.648529861197,3.648529861197,0.659540979601,1544.0,313929.528536269,42274.2139637306,23.975531995399,5.01274320173,,0.868407567287,15.015308109496,71.816964387036,,2.851742141701,2.54667114376,,79.6623916508,20.3376083492,314.393959915024,19.9097965053,189.501287688839,-185430670.072511,-525908943.321329,1.15847973795,0.569338621357,0.267284944982,0.299153238745,0.155088962656,,,,,,,,,313706174.58,,,,,,,,,0
600276.SH,600276,恒瑞医药,10002474,通用,2000-06-30 00:00:00,中报,2000中报,058001001,2001-07-30 00:00:00,2001-07-30 00:00:00,CNY,,0.0,,2.0,0.041925615293,0.659173145073,0.1081925512,230820967.1,119305741.57,25556945.72,,,,,,,,,0.0,5.6530845897,11.1384855557,51.6875668051,0.050762899953,0.544958826879,0.043521515858,33.4347637733,1.438724996593,1.035146189603,0.046609710414,57.7809944293,2.368601501817,1.36860150182,354.660781778833,130.856212961425,,0.507527218254,1.375555626488,,,,,,,,,,,,,,,,,,,,,,,,,,,,,,,,,,2000,8.851554561469,,,,,,,,,,,,2.485955488422,2.485955488422,0.46776914378,,,,7.183891602391,2.288507739581,,0.720517615362,25.056057351992,78.653874263478,,0.171955758472,0.171955758472,,69.5440195341,30.4559804659,173.067287933722,33.259405018,17.195575847154,-23120868.0661091,-5586453.25890742,1.167017137587,0.604131699596,0.25325278774,0.390730998755,,,,,,,,,,257635602.42,,,,,,,,,0
600276.SH,600276,恒瑞医药,10002474,通用,1999-12-31 00:00:00,年报,1999年报,058001001,2001-03-01 00:00:00,2001-03-01 00:00:00,CNY,,0.0,,0.552854,0.041925615293,0.383923325794,0.652754,413929931.49,197685997.23,51332467.7,,13.781951465231,18.742783524668,,,,,,0.0,12.4572329874,12.4778787932,47.7583238589,0.0261108743,0.46217931615,0.081871205805,17.6385573789,1.250132832605,0.965957651789,0.128138621195,64.948297973,2.852928508949,1.852928508953,360.596640527954,137.359252057864,,0.998345407414,2.620864591257,,,,,,,,,,,,,,,,,,,,,,,,,,,-75.510072567,-33.333333333863,-58.581359894328,122.782935153584,,-6.592557035549,5.984792044323,1999,19.031911750931,-15.290678584503,,,,,,,,,,9.838045771121,4.458049881422,4.458049881422,0.747964989338,,,,21.167939566632,4.222587851634,,1.459855516692,17.006851274627,85.25577504816,,0.322071211702,0.322071211702,,71.3000722052,28.6999277948,153.968622921416,41.0781464898,32.207121170151,38008207.1819176,39641236.0699613,1.011451060649,0.902874822068,0.541696426467,0.656130798851,,,,,,,,,,301170158.81,,,,,,,,,0
600276.SH,600276,恒瑞医药,10002474,通用,1998-12-31 00:00:00,年报,1998年报,058001001,2000-09-05 00:00:00,2000-09-05 00:00:00,CNY,,0.0,,2.257475043619,0.06288842294,0.926933682068,0.293,363792258.93,158179330.28,43229968.32,,19.837698040256,5.257497649655,,,,,,0.0,13.3364457821,11.9957466243,43.4806751373,0.062914866021,,,16.293180276,1.307392880129,0.81054753559,,61.2807712505,2.582696071943,1.582696071945,323.809570804281,137.280359944889,,1.111764544531,2.622370746584,,,,,,,,,,,,,,,,,,,,,,,,,,,48.2836220964,140.024338637069,135.637120576084,,,-53.158222912838,-8.442663754294,1998,22.467316976345,-53.827073733319,,,,,,,,,,7.154316217268,5.877096267044,5.877096267044,0.99195475832,,,,20.466363404161,4.163040754984,,1.856654845144,17.589837182644,86.475252390697,,0.142374233634,0.135849975155,,64.690519902,35.309480098,163.183324816814,32.5625029522,13.584997515531,-5548204.7768779,-28860580.2681209,,,,,,,,,,,,,,223996145.55,,,,,,,,,0
600276.SH,600276,恒瑞医药,10002474,通用,1997-12-31 00:00:00,年报,1997年报,058001001,2000-09-05 00:00:00,2000-09-05 00:00:00,CNY,,0.0,,1.522403493861,0.026200852504,0.393373369952,0.0,303570800.24,123181816.77,41070678.37,,,,,,,,,0.0,28.471263499,13.5484496788,40.5776236294,0.036429734155,,,7.5989329023,0.863050531062,0.491256231727,,66.9315794488,3.024033151059,2.024033151057,,133.617983202461,,,2.69424811969,,,,,,,,,,,,,,,,,,,,,,,,,,,,,,,,,,1997,48.659071003169,,,,,,,,,,,,4.90421325105,4.90421325105,0.881701857189,,,,36.176852207438,3.90287344609,,1.95323309875,9.951114539644,92.239731821348,,0.126112218702,0.125556915339,,53.7939044652,46.2060955348,149.406305399586,39.7632703698,12.555691533936,-13918395.8603602,50430049.1366328,,,,,,,,,,,,,,193376602.92,,,,,,,,,0
