SECUCODE,SECURITY_CODE,SECURITY_NAME_ABBR,ORG_CODE,ORG_TYPE,REPORT_DATE,REPORT_TYPE,REPORT_DATE_NAME,SECURITY_TYPE_CODE,NOTICE_DATE,UPDATE_DATE,CURRENCY,ACCEPT_DEPOSIT_INTERBANK,ACCOUNTS_PAYABLE,ACCOUNTS_RECE,ACCRUED_EXPENSE,ADVANCE_RECEIVABLES,AGENT_TRADE_SECURITY,AGENT_UNDERWRITE_SECURITY,AMORTIZE_COST_FINASSET,AMORTIZE_COST_FINLIAB,AMORTIZE_COST_NCFINASSET,AMORTIZE_COST_NCFINLIAB,APPOINT_FVTPL_FINASSET,APPOINT_FVTPL_FINLIAB,ASSET_BALANCE,ASSET_OTHER,ASSIGN_CASH_DIVIDEND,AVAILABLE_SALE_FINASSET,BOND_PAYABLE,BORROW_FUND,BUY_RESALE_FINASSET,CAPITAL_RESERVE,CIP,CONSUMPTIVE_BIOLOGICAL_ASSET,CONTRACT_ASSET,CONTRACT_LIAB,CONVERT_DIFF,CREDITOR_INVEST,CURRENT_ASSET_BALANCE,CURRENT_ASSET_OTHER,CURRENT_LIAB_BALANCE,CURRENT_LIAB_OTHER,DEFER_INCOME,DEFER_INCOME_1YEAR,DEFER_TAX_ASSET,DEFER_TAX_LIAB,DERIVE_FINASSET,DERIVE_FINLIAB,DEVELOP_EXPENSE,DIV_HOLDSALE_ASSET,DIV_HOLDSALE_LIAB,DIVIDEND_PAYABLE,DIVIDEND_RECE,EQUITY_BALANCE,EQUITY_OTHER,EXPORT_REFUND_RECE,FEE_COMMISSION_PAYABLE,FIN_FUND,FINANCE_RECE,FIXED_ASSET,FIXED_ASSET_DISPOSAL,FVTOCI_FINASSET,FVTOCI_NCFINASSET,FVTPL_FINASSET,FVTPL_FINLIAB,GENERAL_RISK_RESERVE,GOODWILL,HOLD_MATURITY_INVEST,HOLDSALE_ASSET,HOLDSALE_LIAB,INSURANCE_CONTRACT_RESERVE,INTANGIBLE_ASSET,INTEREST_PAYABLE,INTEREST_RECE,INTERNAL_PAYABLE,INTERNAL_RECE,INVENTORY,INVEST_REALESTATE,LEASE_LIAB,LEND_FUND,LIAB_BALANCE,LIAB_EQUITY_BALANCE,LIAB_EQUITY_OTHER,LIAB_OTHER,LOAN_ADVANCE,LOAN_PBC,LONG_EQUITY_INVEST,LONG_LOAN,LONG_PAYABLE,LONG_PREPAID_EXPENSE,LONG_RECE,LONG_STAFFSALARY_PAYABLE,MINORITY_EQUITY,MONETARYFUNDS,NONCURRENT_ASSET_1YEAR,NONCURRENT_ASSET_BALANCE,NONCURRENT_ASSET_OTHER,NONCURRENT_LIAB_1YEAR,NONCURRENT_LIAB_BALANCE,NONCURRENT_LIAB_OTHER,NOTE_ACCOUNTS_PAYABLE,NOTE_ACCOUNTS_RECE,NOTE_PAYABLE,NOTE_RECE,OIL_GAS_ASSET,OTHER_COMPRE_INCOME,OTHER_CREDITOR_INVEST,OTHER_CURRENT_ASSET,OTHER_CURRENT_LIAB,OTHER_EQUITY_INVEST,OTHER_EQUITY_OTHER,OTHER_EQUITY_TOOL,OTHER_NONCURRENT_ASSET,OTHER_NONCURRENT_FINASSET,OTHER_NONCURRENT_LIAB,OTHER_PAYABLE,OTHER_RECE,PARENT_EQUITY_BALANCE,PARENT_EQUITY_OTHER,PERPETUAL_BOND,PERPETUAL_BOND_PAYBALE,PREDICT_CURRENT_LIAB,PREDICT_LIAB,PREFERRED_SHARES,PREFERRED_SHARES_PAYBALE,PREMIUM_RECE,PREPAYMENT,PRODUCTIVE_BIOLOGY_ASSET,PROJECT_MATERIAL,RC_RESERVE_RECE,REINSURE_PAYABLE,REINSURE_RECE,SELL_REPO_FINASSET,SETTLE_EXCESS_RESERVE,SHARE_CAPITAL,SHORT_BOND_PAYABLE,SHORT_FIN_PAYABLE,SHORT_LOAN,SPECIAL_PAYABLE,SPECIAL_RESERVE,STAFF_SALARY_PAYABLE,SUBSIDY_RECE,SURPLUS_RESERVE,TAX_PAYABLE,TOTAL_ASSETS,TOTAL_CURRENT_ASSETS,TOTAL_CURRENT_LIAB,TOTAL_EQUITY,TOTAL_LIAB_EQUITY,TOTAL_LIABILITIES,TOTAL_NONCURRENT_ASSETS,TOTAL_NONCURRENT_LIAB,TOTAL_OTHER_PAYABLE,TOTAL_OTHER_RECE,TOTAL_PARENT_EQUITY,TRADE_FINASSET,TRADE_FINASSET_NOTFVTPL,TRADE_FINLIAB,TRADE_FINLIAB_NOTFVTPL,TREASURY_SHARES,UNASSIGN_RPOFIT,UNCONFIRM_INVEST_LOSS,USERIGHT_ASSET,ACCEPT_DEPOSIT_INTERBANK_YOY,ACCOUNTS_PAYABLE_YOY,ACCOUNTS_RECE_YOY,ACCRUED_EXPENSE_YOY,ADVANCE_RECEIVABLES_YOY,AGENT_TRADE_SECURITY_YOY,AGENT_UNDERWRITE_SECURITY_YOY,AMORTIZE_COST_FINASSET_YOY,AMORTIZE_COST_FINLIAB_YOY,AMORTIZE_COST_NCFINASSET_YOY,AMORTIZE_COST_NCFINLIAB_YOY,APPOINT_FVTPL_FINASSET_YOY,APPOINT_FVTPL_FINLIAB_YOY,ASSET_BALANCE_YOY,ASSET_OTHER_YOY,ASSIGN_CASH_DIVIDEND_YOY,AVAILABLE_SALE_FINASSET_YOY,BOND_PAYABLE_YOY,BORROW_FUND_YOY,BUY_RESALE_FINASSET_YOY,CAPITAL_RESERVE_YOY,CIP_YOY,CONSUMPTIVE_BIOLOGICAL_ASSET_YOY,CONTRACT_ASSET_YOY,CONTRACT_LIAB_YOY,CONVERT_DIFF_YOY,CREDITOR_INVEST_YOY,CURRENT_ASSET_BALANCE_YOY,CURRENT_ASSET_OTHER_YOY,CURRENT_LIAB_BALANCE_YOY,CURRENT_LIAB_OTHER_YOY,DEFER_INCOME_1YEAR_YOY,DEFER_INCOME_YOY,DEFER_TAX_ASSET_YOY,DEFER_TAX_LIAB_YOY,DERIVE_FINASSET_YOY,DERIVE_FINLIAB_YOY,DEVELOP_EXPENSE_YOY,DIV_HOLDSALE_ASSET_YOY,DIV_HOLDSALE_LIAB_YOY,DIVIDEND_PAYABLE_YOY,DIVIDEND_RECE_YOY,EQUITY_BALANCE_YOY,EQUITY_OTHER_YOY,EXPORT_REFUND_RECE_YOY,FEE_COMMISSION_PAYABLE_YOY,FIN_FUND_YOY,FINANCE_RECE_YOY,FIXED_ASSET_DISPOSAL_YOY,FIXED_ASSET_YOY,FVTOCI_FINASSET_YOY,FVTOCI_NCFINASSET_YOY,FVTPL_FINASSET_YOY,FVTPL_FINLIAB_YOY,GENERAL_RISK_RESERVE_YOY,GOODWILL_YOY,HOLD_MATURITY_INVEST_YOY,HOLDSALE_ASSET_YOY,HOLDSALE_LIAB_YOY,INSURANCE_CONTRACT_RESERVE_YOY,INTANGIBLE_ASSET_YOY,INTEREST_PAYABLE_YOY,INTEREST_RECE_YOY,INTERNAL_PAYABLE_YOY,INTERNAL_RECE_YOY,INVENTORY_YOY,INVEST_REALESTATE_YOY,LEASE_LIAB_YOY,LEND_FUND_YOY,LIAB_BALANCE_YOY,LIAB_EQUITY_BALANCE_YOY,LIAB_EQUITY_OTHER_YOY,LIAB_OTHER_YOY,LOAN_ADVANCE_YOY,LOAN_PBC_YOY,LONG_EQUITY_INVEST_YOY,LONG_LOAN_YOY,LONG_PAYABLE_YOY,LONG_PREPAID_EXPENSE_YOY,LONG_RECE_YOY,LONG_STAFFSALARY_PAYABLE_YOY,MINORITY_EQUITY_YOY,MONETARYFUNDS_YOY,NONCURRENT_ASSET_1YEAR_YOY,NONCURRENT_ASSET_BALANCE_YOY,NONCURRENT_ASSET_OTHER_YOY,NONCURRENT_LIAB_1YEAR_YOY,NONCURRENT_LIAB_BALANCE_YOY,NONCURRENT_LIAB_OTHER_YOY,NOTE_ACCOUNTS_PAYABLE_YOY,NOTE_ACCOUNTS_RECE_YOY,NOTE_PAYABLE_YOY,NOTE_RECE_YOY,OIL_GAS_ASSET_YOY,OTHER_COMPRE_INCOME_YOY,OTHER_CREDITOR_INVEST_YOY,OTHER_CURRENT_ASSET_YOY,OTHER_CURRENT_LIAB_YOY,OTHER_EQUITY_INVEST_YOY,OTHER_EQUITY_OTHER_YOY,OTHER_EQUITY_TOOL_YOY,OTHER_NONCURRENT_ASSET_YOY,OTHER_NONCURRENT_FINASSET_YOY,OTHER_NONCURRENT_LIAB_YOY,OTHER_PAYABLE_YOY,OTHER_RECE_YOY,PARENT_EQUITY_BALANCE_YOY,PARENT_EQUITY_OTHER_YOY,PERPETUAL_BOND_PAYBALE_YOY,PERPETUAL_BOND_YOY,PREDICT_CURRENT_LIAB_YOY,PREDICT_LIAB_YOY,PREFERRED_SHARES_PAYBALE_YOY,PREFERRED_SHARES_YOY,PREMIUM_RECE_YOY,PREPAYMENT_YOY,PRODUCTIVE_BIOLOGY_ASSET_YOY,PROJECT_MATERIAL_YOY,RC_RESERVE_RECE_YOY,REINSURE_PAYABLE_YOY,REINSURE_RECE_YOY,SELL_REPO_FINASSET_YOY,SETTLE_EXCESS_RESERVE_YOY,SHARE_CAPITAL_YOY,SHORT_BOND_PAYABLE_YOY,SHORT_FIN_PAYABLE_YOY,SHORT_LOAN_YOY,SPECIAL_PAYABLE_YOY,SPECIAL_RESERVE_YOY,STAFF_SALARY_PAYABLE_YOY,SUBSIDY_RECE_YOY,SURPLUS_RESERVE_YOY,TAX_PAYABLE_YOY,TOTAL_ASSETS_YOY,TOTAL_CURRENT_ASSETS_YOY,TOTAL_CURRENT_LIAB_YOY,TOTAL_EQUITY_YOY,TOTAL_LIAB_EQUITY_YOY,TOTAL_LIABILITIES_YOY,TOTAL_NONCURRENT_ASSETS_YOY,TOTAL_NONCURRENT_LIAB_YOY,TOTAL_OTHER_PAYABLE_YOY,TOTAL_OTHER_RECE_YOY,TOTAL_PARENT_EQUITY_YOY,TRADE_FINASSET_NOTFVTPL_YOY,TRADE_FINASSET_YOY,TRADE_FINLIAB_NOTFVTPL_YOY,TRADE_FINLIAB_YOY,TREASURY_SHARES_YOY,UNASSIGN_RPOFIT_YOY,UNCONFIRM_INVEST_LOSS_YOY,USERIGHT_ASSET_YOY,OPINION_TYPE,OSOPINION_TYPE,LISTING_STATE
002463.SZ,002463,沪电股份,10090573,通用,2026-03-31 00:00:00,一季报,2026一季报,058001001,2026-04-23 00:00:00,2026-04-23 00:00:00,CNY,,6375211966.0,6476447190,,,,,,,,,,,0.0,,,,,,,1155436149.0,2489942230,,,81955931.0,,,0.0,,0.0,,417041221.0,,421137273.0,224937480.0,,,,,,,,0.0,,,,,75140696.0,6433767012,,,,,,,,,,,,392158532,,,,,4913409150,,9949535.0,,0.0,,,,,,34034141.0,2625691851.0,,2659348.0,,,14111387.0,4391640589,2190558742.0,0.0,,646059943.0,0.0,,7331349707,6476447190,956137741.0,,,758031713.0,,263179496.0,,1037895011.0,,,3043649311.0,85015412.0,,,,0.0,,,,,,,,,89694767,,,,,,,,1924363537,,,3071898556,,,527652888,,1164838730,335280893,32720019199,18762322649,12638417741,16803981371,32720019199,15916037828,13957696550,3277620087,644219823,362252019,16789869984,,,,,,11787199855,,17438280.0,,71.2493703874,62.1628657203,,,,,,,,,,,,,,,,,,31.3189046164,31.9534035288,,,86.7361086364,,,,,,,,28.2462193876,132.321334957,316.3399124932,,,,,,,,,,,,,573.8708418411,,51.9139239403,,,,,,,,,,,6.8836576571,,,,,75.5492798077,,,,,,,,,,54.645544919,133.968410686,,-38.3169813929,,,-75.7777279991,35.844018936,52.5482341779,,,70.7605348629,,,64.0749914107,62.1628657203,28.2499498895,,,216.1800195151,,143.6509503016,,208.6415967679,,,-21.7144896804,16.5992822133,,,,,,,,,,,,,53.2373675455,,,,,,,,0.0916990801,,,5.9891617286,,,39.122278303,,0.0,62.0247128879,42.1189710893,56.1414498536,43.4678368805,32.1869328816,42.1189710893,54.3644071137,26.8104110613,118.2959205439,48.3719856258,1.4643300922,32.6839915426,,,,,,39.5434956539,,,,,0
002463.SZ,002463,沪电股份,10090573,通用,2025-12-31 00:00:00,年报,2025年报,058001001,2026-03-25 00:00:00,2026-04-23 00:00:00,CNY,,5695509983.0,5507160245,,,,,,,,,,,0.0,,,,,,,1070200576.0,2459951800,,,65820049.0,,,0.0,,0.0,,417148296.0,,322055969.0,87470566.0,,,,,,,,0.0,,,,,58147038.0,5706337198,,,,,,,,,,,,388676082,,,,,4245940570,15829877.0,11838025.0,,0.0,,,,,,33590103.0,1885660527.0,,4242650.0,,,15382037.0,2579107305,2835332099.0,0.0,,500148565.0,0.0,,6629639309,5507227425,934129326.0,67180.0,,408183311.0,,179139300.0,,486771550.0,,,2757271637.0,85015412.0,,,,0.0,,,,,,,,,98677645,,,,,,,,1924363537,,,2169945664,,,530245542,,1164838730,274156289,28254274039,15975174210,10724069946,15128086679,28254274039,13126187360,12279099829,2402117414,554114528,471602828,15112704642,,,,,,10545118488,,19357551.0,,57.4505472659,36.2007951958,,,,,,,,,,,,,,,,,,40.2947595769,20.0889110807,,,127.8997451001,,,,,,,,32.6612379827,93.5861559942,12.792187677,,,,,,,,,,,,,-20.832544228,,41.4974755659,,,,,,,,,,,6.3579070718,,,,,74.2923861593,20.9050781597,,,,,,,,,36.2310330097,43.9505903138,,6.6761441853,,,-74.6370511724,67.1811057346,207.8875274283,,,-24.45433066,,,56.4756639894,36.1923325736,50.7833677217,-77.6494307558,,31.667349723,,6.0549552711,,13.1186136622,,,-36.5741860211,21.6026509493,,,,,,,,,,,,,139.9680247378,,,,,,,,0.3004388118,,,31.1519816788,,,11.1299347906,,0.0,100.9108494624,33.4011324329,65.0724880166,41.5424113452,27.1115450946,33.4011324329,41.4687061253,6.7537690187,41.1405889322,45.5616108053,4.6205961601,27.6326945351,,,,,,37.2257086252,,,标准无保留意见,,0
002463.SZ,002463,沪电股份,10090573,通用,2025-09-30 00:00:00,三季报,2025三季报,058001001,2025-10-29 00:00:00,2025-10-29 00:00:00,CNY,,4835842124.0,4869838809,,,,,,,,,,,0.0,,,,,,,1028561372.0,2480883311,,,63794271.0,,,0.0,,0.0,,333068329.0,,211437376.0,85234182.0,,,,,,,,0.0,,,,,174864339.0,5216729002,,,,,,,,,,,,370839404,,,,,3592309450,16009663.0,,,0.0,,,,,,16712110.0,1160694745.0,,3089656.0,,,57351203.0,3071447665,2665474404.0,0.0,,766512191.0,0.0,,5662421511,4869994259,826579387.0,155450.0,,388876481.0,,143683468.0,,473836740.0,,,2463081903.0,72912466.0,,,,0.0,,,,,,,,,88564198,,,,,,,,1924363537,,,3025257465,,,439725468,,1164838730,218410070,26314612654,14989081023,10731193864,14004421534,26314612654,12310191120,11325531631,1578997256,555072888,382743240,13947070331,,,,,,9440430211,,,,67.0523635557,63.7226440315,,,,,,,,,,,,,,,,,,50.5143352567,96.857861025,,,105.5782281226,,,,,,,,4.4441947496,19.9467505608,81.0190868179,,,,,,,,,,,,,300.1630613715,,37.7556181874,,,,,,,,,,,0.1935518607,,,,,33.5049989112,-21.1232298357,,,,,,,,,-37.568111651,108.3213226163,,-16.8206329335,,,35.9323632762,21.5864299321,171.7395314868,,,20.8936071369,,,65.4201175643,63.7113268357,56.4754006292,-48.2822865584,,60.4741438999,,13.2509635321,,56.9529862949,,,-33.1408666576,3.0651902245,,,,,,,,,,,,,115.01489313,,,,,,,,0.4728627899,,,34.3616468505,,,19.9856919415,,28.1778439175,35.2273950294,37.7146696076,59.3383840766,49.2261061115,27.3859993351,37.7146696076,51.7083723021,16.7461051039,71.0449929024,71.566196343,1581.2186267643,27.3530742057,,,,,,31.0855837946,,,,,0
002463.SZ,002463,沪电股份,10090573,通用,2025-06-30 00:00:00,中报,2025中报,058001001,2025-08-22 00:00:00,2025-08-22 00:00:00,CNY,,4473259075.0,4380540222,,,,,,,,,,,0.0,,,,,,,958112863.0,2235665190,,,52906881.0,,,0.0,,0.0,,319705901.0,,212052153.0,52755671.0,,,,,,,,0.0,,,,,14105219.0,5021386423,,,,,,,,,,,,371480996,,,,,3099441471,14014710.0,,,0.0,,,,,,20228704.0,707260235.0,,3692440.0,,,56793886.0,2740923285,1999387664.0,0.0,,770357729.0,0.0,,5222873575,4406160116,749614500.0,25619894.0,,286533572.0,,92258707.0,,344076623.0,,,3454811755.0,72912466.0,,,,0.0,,,,,,,,,68676958,,,,,,,,1923712385,,,3543553245,,,348682291,,1164838730,181117720,24463766218,12713444758,10588459812,12795584599,24463766218,11668181619,11750321460,1079721807,468968371,272340449,12738790713,,20150889.0,,,,8405593163,,,,65.7807223736,66.1007196486,,,,,,,,,,,,,,,,,,45.127031654,161.7676801647,,,71.7820183333,,,,,,,,1.2320639377,15.1870681734,1.8154454044,,,,,,,,,,,,,-31.5789437942,,35.4540925924,,,,,,,,,,,2.4447632048,,,,,24.8945422471,-32.0189574747,,,,,,,,,-39.5766185304,26.1037641678,,5.1472141871,,,22.4673505278,18.0150523625,79.3745747392,,,-17.8213630907,,,62.2308660756,67.0471474308,43.8497480526,6384.94913521,,136.5720390032,,-13.1840758544,,8.2757345803,,,-7.9261336162,3.0651902245,,,,,,,,,,,,,177.5208611545,,,,,,,,0.5132869684,,,71.9910298088,,,21.0071174921,,28.1778439175,15.0210314844,35.633846356,45.6224657243,52.0537902406,26.1330939749,35.633846356,47.8460987558,26.2632437948,16.288478439,73.6441689414,1121.3758129598,26.1499285491,,,,,,29.4328857972,,,,,0
002463.SZ,002463,沪电股份,10090573,通用,2025-03-31 00:00:00,一季报,2025一季报,058001001,2025-04-25 00:00:00,2025-04-25 00:00:00,CNY,,3722765200.0,3993791773,,,,,,,,,,,0.0,,,,,,,879870383.0,1886985984,,,43888636.0,,,0.0,,0.0,,325187926.0,,181273611.0,54027364.0,,,,,,,,0.0,,,,,11150608.0,4235139772,,,,,,,,,,,,366902238,,,,,2798877418,13048445.0,,,0.0,,,,,,22007838.0,1122242034.0,,4311313.0,,,58257900.0,3232855317,1435977777.0,0.0,,378342656.0,0.0,,4468291995,3993791773,745526795.0,,,239746874.0,,108014968.0,,336278396.0,,,3887883337.0,72912466.0,,,,0.0,,,,,,,,,58533221,,,,,,,,1922600530,,,2898313852,,,379272748,,1164838730,206931947,23022977825,12016234425,8809234192,12712286309,23022977825,10310691516,11006743400,1501457324,434192358,357024009,12654028409,,20009334.0,,,,8446971892,,,,63.0055395407,64.4316025652,,,,,,,,,,,,,,,,,,42.3695309913,205.3275663005,,,62.5626597782,,,,,,,,0.2460635921,71.3594943567,45.3402289423,,,,,,,,,,,,,-75.6969606315,,15.2114667421,,,,,,,,,,,0.4291649542,,,,,34.7938786187,-37.6817920554,,,,,,,,,-48.8081311002,95.4987143671,,34.3898687807,,,11.2212439241,-15.5285796763,42.2267888271,,,-35.9471677176,,,55.2915503067,64.404861095,25.6090774598,,,191.8682829169,,-15.378819637,,32.1670849102,,,29.4856352116,3.0651902245,,,,,,,,,,,,,171.2561802039,,,,,,,,0.5187351392,,,29.0097054379,,,31.5838782062,,28.1778439175,81.8033338164,29.8192470368,25.5008773794,37.6412595188,22.246483785,29.8192470368,40.554134628,34.8862394154,60.4801107119,69.2963632333,863.2762773068,22.3023000721,,,,,,23.7667912261,,,,,0
002463.SZ,002463,沪电股份,10090573,通用,2024-12-31 00:00:00,年报,2024年报,058001001,2025-03-26 00:00:00,2026-03-25 00:00:00,CNY,,3617332605.0,4043412696,,,,,,,,,,,0.0,,,,,,,762822916.0,2048442090,,,28881142.0,,,0.0,,0.0,,314446256.0,,166363120.0,77550199.0,,,,,,,,0.0,,,,,73448158.0,4032819084,,,,,,,,,,,,365441642,,,,,2436102152,13092814.0,,,0.0,,,,,,24656719.0,1309935946.0,,3977131.0,,,60647668.0,1542702624,920898655.0,0.0,,662047963.0,0.0,,4236850089,4043713270,619517484.0,300574.0,,310011033.0,,168911768.0,,430319586.0,,,4347238867.0,69912466.0,,,,0.0,,,,,,,,,41121164,,,,,,,,1918599320,,,1654527546,,,477140154,,1164838730,136456687,21179935675,9677672156,7576577115,11901426159,21179935675,9278509516,11502263519,1701932401,380673534,450774365,11840778491,,,,,,7684506492,,,,60.7965919385,50.4731180168,,,,,,,,,,,,,,,,,,36.9895155688,259.3993282645,,,27.5570782104,,,,,,,,3.8679202641,84.6552807739,195.3895278949,,,,,,,,,,,,,6677.335909616,,9.3053280278,,,,,,,,,,,-2.5300024022,,,,,39.2676765621,-42.9269447104,,,,,,,,,-49.6075621442,54.7486738684,,9.9996846982,,,15.4841636466,-26.463977219,-19.0029609488,,,104.1136070883,,,61.4836251964,50.1349818474,65.6153987466,-95.192509775,,208.7256322195,,133.0942193377,,104.0648880875,,,39.5158604795,3.200930172,,,,,,,,,,,,,151.2659731466,,,,,,,,0.5250578732,,,15.33884002,,,60.9001260152,,28.1778439175,47.8854810581,32.0817016277,23.4260709988,50.8444671719,20.9835884409,32.0817016277,49.6954632966,40.3636811559,44.7858315948,66.4014726737,1836.8963209553,21.0131046846,,,,,,21.7810992598,,,标准无保留意见,,0
002463.SZ,002463,沪电股份,10090573,通用,2024-09-30 00:00:00,三季报,2024三季报,058001001,2024-10-25 00:00:00,2024-10-25 00:00:00,CNY,,2894806168.0,2974444273,,,,,,,,,,,0.0,,,,,,,683364392.0,1260240916,,,31031628.0,,,0.0,,0.0,,318895971.0,,176276035.0,47085743.0,,,,,,,,0.0,,,,,43698271.0,3786944642,,,,,,,,,,,,370123024,,,,,2690767746,20297057.0,,,0.0,,,,,,26768548.0,557165599.0,,3714450.0,,,42190985.0,2526143474,980893133.0,0.0,,634038647.0,0.0,,3423054943,2974744847,528248775.0,300574.0,,242329681.0,,126871740.0,,301897244.0,,,3683987183.0,70744027.0,,,,0.0,,,,,,,,,41189797,,,,,,,,1915306764,,,2251578137,,,366481587,,908767611,161513183,19108067956,9407074830,7191230907,10993689736,19108067956,8114378220,9700993126,923147313,323532782,22765822,10951498751,,,,,,7201730303,,,,42.4416689999,41.1950317449,,,,,,,,,,,,,,,,,,31.7637434345,196.346298806,,,52.5687957968,,,,,,,,4.1183374543,75.1727566886,206.2639535389,,,,,,,,,,,,,469.1267023846,,1.4304057222,,,,,,,,,,,-0.8097002668,,,,,49.2479993006,-12.8249598657,,,,,,,,,,-38.9052708484,,5.7170513127,,,-22.3165968327,41.4871624204,29.721695884,,,3066.3239870878,,,50.3067016101,40.7191056347,115.5191121445,-95.9040946517,,410.7843145314,,50.2226080965,,78.7367398286,,,10.6798212884,5.1473802485,,,,,,,,,,,,,121.6732912452,,,,,,,,0.4815470244,,,41.9791543369,,,52.3361304109,,15.3179383635,34.6341821041,28.5230093189,41.6117752548,61.6895776983,19.6797896911,28.5230093189,42.8208127996,17.9514060102,-25.1879788484,76.3892445848,-2.9447747358,19.9295687702,,,,,,22.6587339606,,,,,0
002463.SZ,002463,沪电股份,10090573,通用,2024-06-30 00:00:00,中报,2024中报,058001001,2024-08-23 00:00:00,2024-08-23 00:00:00,CNY,,2698298699.0,2637279496,,,,,,,,,,,0.0,,,,,,,660189113.0,854064638,,,30798847.0,,,0.0,,0.0,,315814860.0,,184093715.0,51814998.0,,,,,,,,0.0,,,,,20615319.0,3707076196,,,,,,,,,,,,362615896,,,,,2481646848,20615615.0,,,0.0,,,,,,33478272.0,560855768.0,,3511686.0,,,46374716.0,2322520077,1114643849.0,0.0,,937418480.0,0.0,,3219408058,2637674563,521109359.0,395067.0,,121118951.0,,106269337.0,,317778147.0,,,3752217530.0,70744027.0,,,,0.0,,,,,,,,,24746593,,,,,,,,1913888644,,,2060312825,,,288150233,,908767611,157464872,18036623509,8730414428,6963627671,10144510212,18036623509,7892113297,9306209081,928485626,270074356,22297842,10098135496,,,,,,6494171177,,13359.0,,61.4424340684,42.0921309976,,,,,,,,,,,,,,,,,,32.9771385325,47.4760883894,,,30.2033929231,,,,,,,,-0.0178411319,95.3209486853,483.4827145984,,,,,,,,,,,,,34.1131814466,,4.7969629285,,,,,,,,,,,-4.5569351949,,,,,52.6434154616,-12.7409594035,,,,,,,,,,-39.1310734219,,9.9498481166,,,-25.7974827376,40.5338901139,-7.4194084369,,,4011.9238880084,,,73.4971989959,42.0302966258,182.861688259,-63.628554936,,226.4180923214,,59.98408941,,117.4370646786,,,39.200586711,5.1473802485,,,,,,,,,,,,,11.5605237403,,,,,,,,0.454736448,,,17.9174542884,,,76.3804931645,,15.3179383635,83.9251388743,28.0779552657,33.6206544061,69.0389973036,16.6258901965,28.0779552657,46.5791028195,23.2805721013,-26.5822925819,22.0628613552,53.754998383,16.9329078691,,,,,,20.0626655168,,-99.9401444839,,,0
002463.SZ,002463,沪电股份,10090573,通用,2024-03-31 00:00:00,一季报,2024一季报,058001001,2024-04-23 00:00:00,2024-04-23 00:00:00,CNY,,2283827415.0,2428846834,,,,,,,,,,,0.0,,,,,,,618018741.0,618020183,,,26997981.0,,,0.0,,0.0,,324389721.0,,105785566.0,37173028.0,,,,,,,,0.0,,,,,45881537.0,3675970710,,,,,,,,,,,,365334351,,,,,2076412851,20938415.0,,,0.0,,,,,,42990886.0,574040621.0,,3208064.0,,,52380191.0,3827158706,1009639456.0,0.0,,590672797.0,0.0,,2877356808,2429241901,593529393.0,395067.0,,82142147.0,,127645310.0,,254434299.0,,,3002559574.0,70744027.0,,,,0.0,,,,,,,,,21578576,,,,,,,,1912678793,,,2246585900,,,288236487,,908767611,113821866,17734641319,9574621848,6400140643,10398897306,17734641319,7335744013,8160019471,935603370,256468804,37063511,10346517115,,,,,,6824909823,,33396.0,,57.9380223772,32.5217990091,,,,,,,,,,,,,,,,,,30.7541041141,-4.2144223546,,,9.7417741475,,,,,,,,0.9014599364,-0.5586218898,201.4429483179,,,,,,,,,,,,,45.2178665039,,32.2131549267,,,,,,,,,,,255.4668887602,,,,,29.6265969791,-12.6416660787,,,,,,,,,50.1234887784,52.9280934875,,175.8825183581,,,,72.9375531343,-25.5700015003,,,7361.3804555883,,,72.7274478563,32.5182140135,170.0206988936,13.621316921,,84.6932613814,,252.0223385341,,59.4534201081,,,35.756665175,5.1473802485,,,,,,,,,,,,,16.9718235419,,,,,,,,0.4409519584,,,11.1680023094,,,72.7663853942,,15.3179383635,103.620521757,32.1462685245,31.2846698363,56.0710255796,20.770650055,32.1462685245,52.5098752514,33.1717636478,31.9190694652,61.4987887944,-69.5439885919,20.1623173125,,,,,,26.3642214986,,-91.6068098539,,,0
002463.SZ,002463,沪电股份,10090573,通用,2023-12-31 00:00:00,年报,2023年报,058001001,2024-03-26 00:00:00,2025-11-28 00:00:00,CNY,,2249632633.0,2687132924,,,,,,,,,,,0.0,,,,,,,556847663.0,569962693,,,22641740.0,,,0.0,,0.0,,302736644.0,,90093887.0,26253537.0,,,,,,,,0.0,,,,,1083732.0,3689499091,,,,,,,,,,,,374927312,,,,,1749222944,22940447.0,,,0.0,,,,,,48929403.0,846492518.0,,3615584.0,,,52516004.0,2097886948,1136953481.0,0.0,,324352684.0,0.0,,2623702610,2693385126,374069977.0,6252202.0,,100416357.0,,72465018.0,,210873899.0,,,3115945995.0,67744027.0,,,,0.0,,,,,,,,,16365592,,,,,,,,1908578180,,,1434492965,,,296544301,,908767611,92271862,16035480626,7840865449,5022774290,9837223637,16035480626,6198256989,8194615177,1175482699,228768128,23273025,9784707633,,50229583.0,,,,6310097822,,82839.0,,43.3946964451,19.7623773294,,,,,,,,,,,,,,,,,,56.3704367364,-19.8332198754,,,-34.6583075361,,,,,,,,-5.6869299477,-17.4371191975,339.2383044507,,,,,,,,,,,,,-97.6718416695,,35.6901650339,,,,,,,,,,,266.9873570368,,,,,-2.0550188367,-5.6378943264,,,,,,,,,12.6877135246,985.6236546211,,203.5489764118,,,,62.3181689305,-10.9924339456,,,4019.9361342147,,,36.255017843,19.4743805653,4.8570267191,-41.2478084928,,295.5304812747,,113.8358061882,,57.2142638109,,,66.8850008594,7.0530051701,,,,,,,,,,,,,60.2845273095,,,,,,,,0.6284423519,,,2.0345431321,,,35.4842426445,,15.3179383635,16.8753238168,28.2702739309,16.5748783746,31.1636505394,18.9953352619,28.2702739309,46.3778081796,41.8909990357,190.2218933711,45.1825500989,-7.9364013809,18.3600788386,,,,,,21.3319352706,,-83.9019726346,标准无保留意见,,0
002463.SZ,002463,沪电股份,10090573,通用,2023-09-30 00:00:00,三季报,2023三季报,058001001,2023-10-26 00:00:00,2023-10-26 00:00:00,CNY,,2032274817.0,2106621059,,,,,,,,,,,0.0,,,,,,,518628550.0,425259543,,,20339433.0,,,0.0,,0.0,,306282235.0,,100629823.0,15374236.0,,,,,,,,0.0,,,,,7678127.0,3733539874,,,,,,,,,,,,373144375,,1073.0,,,1802883629,23283106.0,329385.0,,0.0,,,,,,,911969996.0,,3513577.0,,,54311453.0,1785422388,756151950.0,0.0,,20024440.0,0.0,,2277380121,2113959461,245105304.0,7338402.0,,47442663.0,,84455823.0,,168906093.0,,,3328508431.0,67280827.0,,,,0.0,,,,,,,,,18581308,,,,,,,,1906127862,,,1585851210,,,240574305,,788053987,119964470,14867429620,6642862017,4447553769,9185919999,14867429620,5681509621,8224567603,1233955852,183419790,23456565,9131608546,,50272766.0,,,,5871355484,,501954.0,,10.8436117523,10.047169749,,,,,,,,,,,,,,,,,,49.6647470569,-19.3565468915,,,-56.7090019308,,,,,,,,-7.6551509227,-34.9426335314,218.4882336832,,,,,,,,,,,,,1379.4335547245,,41.0289037474,,,,,,,,,,,267.2137950943,,-65.4650788542,,,-22.0972900317,290.0499274366,89.9468885698,,,,,,,,,1029.8776589671,,109.7174621251,,,,7.4015712283,-54.7949564054,,,4079.2810392039,,,8.7235585079,9.8861675159,-6.1584337329,-22.6147770472,,161.4086889376,,-16.3632186182,,28.7713760874,,,107.0504668145,167.5181988072,,,,,,,,,,,,,22.29808382,,,,,,,,0.4992511115,,,-26.6195786749,,,26.5352585816,,16.0677834016,-7.3552166429,14.3574842123,-13.8775177726,-6.8249403489,17.6156235582,14.3574842123,9.4551841802,55.5455027868,195.6383354356,21.9003719521,0.0832741393,16.9202250122,,,,,,20.5660655467,,-20.487195206,,,0
002463.SZ,002463,沪电股份,10090573,通用,2023-06-30 00:00:00,中报,2023中报,058001001,2023-08-26 00:00:00,2023-08-26 00:00:00,CNY,,1671368940.0,1856034868,,,,,,,,,,,0.0,,,,,,,496468130.0,579120756,,,23654412.0,,,0.0,,0.0,,315871215.0,,94251905.0,8880297.0,,,,,,,,0.0,,,,,15371583.0,3537388959,,,,,,,,,,,,379929015,,,,,1625780477,23625764.0,18494615.0,,0.0,,,,,,,921415572.0,,3193898.0,,,62497497.0,1652640566,1203971405.0,0.0,,22797564.0,0.0,,1855596561,1857121069,184227621.0,1086201.0,,37105465.0,,66424941.0,,146147184.0,,,2695547209.0,67280827.0,,,,0.0,,,,,,,,,22182213,,,,,,,,1905224892,,,1747250089,,,163368538,,788053987,85613567,14082535493,6533731231,4119539149,8698334645,14082535493,5384200848,7548804262,1264661699,221258418,14502190,8635837148,,75736787.0,,,,5408984674,,22318745.0,,-11.9359220668,3.1725502393,,,,,,,,,,,,,,,,,,50.1015524106,-2.3708600149,,,-42.0473429731,,,,,,,,-7.8243574105,-25.5487091418,-32.9714997254,,,,,,,,,,,,,,,38.0173445058,,,,,,,,,,,271.5530391065,,,,,-25.0205786578,287.0990807247,6169.5310381298,,,,,,,,,995.1978679114,,77.4356233667,,,,4.3865603446,63.5080593434,,,4416.1040082725,,,-14.4024378412,3.0738878822,-31.7457610247,-60.8685502247,,-14.5042361981,,-15.4566313898,,-11.337876974,,,18.0739601404,167.5181988072,,,,,,,,,,,,,43.9887980361,,,,,,,,0.4516426532,,,-8.2806980534,,,-2.0505869448,,16.0677834016,-12.2073032584,13.7331871019,1.7830205964,-8.6542381893,17.0406715203,13.7331871019,8.7675474776,26.5981679263,187.1882012928,68.3974395521,-59.4108589392,16.199734799,,,,,,20.6792525292,,2770.5006038422,,,0
002463.SZ,002463,沪电股份,10090573,通用,2023-03-31 00:00:00,一季报,2023一季报,058001001,2023-04-26 00:00:00,2023-04-26 00:00:00,CNY,,1446027613.0,1832790418,,,,,,,,,,,0.0,,,,,,,472657241.0,645212148,,,24601371.0,,,0.0,,0.0,,321491603.0,,106379827.0,12331696.0,,,,,,,,0.0,,,,,31594967.0,2780336580,,,,,,,,,,,,102775916,,777.0,,,1601841674,23968423.0,35604.0,,0.0,,,,,,28637015.0,375366362.0,,1162837.0,,,,2213029291,1356495333.0,0.0,,7916401.0,0.0,,1665836463,1833138123,219808850.0,347705.0,,44474902.0,,36260571.0,,159566536.0,,,2211721664.0,67280827.0,,,,0.0,,,,,,,,,18447670,,,,,,,,1904281825,,,2020892571,,,166835977,,788053987,55899015,13420463186,7293023519,4100787202,8610450719,13420463186,4810012467,6127439667,709225265,158805404,121695223,8610450719,,80520667.0,,,,5400982764,,397894.0,,-17.1133401079,-6.676282726,,,,,,,,,,,,,,,,,,49.4066694179,101.1506122143,,,-47.2265368798,,,,,,,,-9.389578398,-0.3736677192,-54.1945672719,,,,,,,,,,,,,-50.0701728541,,7.9644299694,,,,,,,,,,,-0.5499791145,,-95.4854453547,,,-20.1169724597,240.389720037,-96.3671389536,,,,,,,,-74.9031866635,340.3297358783,,-45.4074568938,,,,61.174533195,124.9782273731,,,2184.9393869422,,,-16.1993872539,-6.773822783,-9.6451519937,-85.67790285,,-48.0627260714,,-37.8652622404,,-27.4603987551,,,-5.1255488185,167.5181988072,,,,,,,,,,,,,26.5286523113,,,,,,,,0.4019201088,,,19.0977773262,,,-2.5289777342,,16.0677834016,-39.0834455769,11.1978371222,16.4652239595,-0.9748598356,15.4233881443,11.1978371222,4.3587507785,5.517774284,51.5584183947,8.3445955345,345.2241017571,15.4233881443,-46.6213369428,,,,,20.4964124191,,-69.2844615166,,,0
002463.SZ,002463,沪电股份,10090573,通用,2022-12-31 00:00:00,年报,2022年报,058001001,2023-03-24 00:00:00,2025-11-28 00:00:00,CNY,,1568839496.0,2243720427,,,,,,,,,,,0.0,,,,,,,356108018.0,710971168,,,34651291.0,,,0.0,,0.0,,320991188.0,,109121540.0,5977060.0,,,,,,,,0.0,,,,,46548896.0,2719061540,,,,,,,,,,,,102163550,,,,,1785924019,24311080.0,87781.0,,0.0,,,,,,43420353.0,77972925.0,,1191104.0,,,,1292453557,1277367230.0,0.0,,7872760.0,0.0,,1925582376,2254362076,356742880.0,10641649.0,,25387767.0,,33888159.0,,134131531.0,,,1867121658.0,63280827.0,,,,0.0,,,,,,,,,10210338,,,,,,,,1896658773,,,1405889536,,,218877336,,788053987,78948968,12501322508,6726033566,3829395011,8266898543,12501322508,4234423965,5775288942,405028954,157572744,25279291,8266898543,,,,,,5200689998,,514591.0,,-7.7544166832,13.7291008035,,,,,,,,,,,,,,,,,,18.6673940371,93.0507329797,,,-21.8760313276,,,,,,,,-10.0972817248,-0.0672119105,-85.1882510531,,,,,,,,,,,,,7.9227444011,,5.7955886795,,,,,,,,,,,-2.0711162525,,,,,-2.9814709287,238.3742500701,-87.7485024257,,,,,,,,-13.756428962,,,-52.542424205,,,,8.5071301107,207.1758846537,,,860.8215011875,,,-1.6271035696,14.2107265839,38.9665272056,966.2932212697,,-79.8372808842,,-42.4807738459,,-50.9899257001,,,-20.8540600815,151.6136262425,,,,,,,,,,,,,-25.0990002918,,,,,,,,0.0,,,-10.8348039612,,,3.7338316346,,16.0677834016,-6.6372577082,7.319832649,16.4220751266,-4.6516932198,14.2731717897,7.319832649,-4.0754984903,-1.6365403726,1.7372337515,11.4954600797,-66.8359192968,14.2731717897,,,,,,22.8691042981,,-65.8586539476,标准无保留意见,,0
002463.SZ,002463,沪电股份,10090573,通用,2022-09-30 00:00:00,三季报,2022三季报,058001001,2022-10-25 00:00:00,2022-10-25 00:00:00,CNY,,1833461383.0,1914289176,,,,,,,,,,,0.0,,,,,,,346526861.0,527333003,,,46983054.0,,,0.0,,0.0,,331672246.0,,154678599.0,4827254.0,,,,,,,,0.0,,,,,518991.0,2647357935,,,,,,,,,,,,101615021,,3107.0,,,2314275883,5969263.0,173409.0,,0.0,,,,,,84402667.0,80714048.0,,1675386.0,,,,1662380138,1672715896.0,0.0,,479136.0,0.0,,2094651934,1923772126,261190551.0,9482950.0,,18148847.0,,100979284.0,,131167421.0,,,1607583157.0,25150000.0,,,,0.0,,,,,,,,,15193458,,,,,,,,1896658772,,,2161136692,,,190124324,,678960142,129488640,13000836563,7713272824,4773330745,7810118861,13000836563,5190717702,5287563739,417386957,150466965,23437048,7810118861,,,,,,4869824239,,631287.0,,13.5472901815,7.2525311177,,,,,,,,,,,,,,,,,,19.433642282,316.2454209061,,,87.5323145911,,,,,,,,-10.3147153952,53.2232296049,-73.9637938328,,,,,,,,,,,,,-98.8881756046,,1.0774741304,,,,,,,,,,,-3.0882746278,,-92.3866699338,,,27.3442972364,-8.240794201,-80.7639445844,,,,,,,,45.8365801394,,,-43.2205541007,,,,34.6061371781,1753.6456304063,,,-43.0730406764,,,15.5920922557,7.2600827873,32.3187952913,8.8065999818,,-67.0809978251,,115.6597649856,,-28.4016117656,,,-30.4085266697,38.5674931129,,,,,,,,,,,,,10.9831430943,,,,,,,,-5.27e-08,,,42.8441748013,,,2.4446083468,,17.0912604775,71.6579978401,18.1858472004,41.0549101238,28.0645247244,13.4567157579,18.1858472004,26.0940151531,-4.4195570147,7.2257691109,30.4669141475,-80.9086628624,13.4567157579,,,,,,19.8873723246,,-63.2771766414,,,0
002463.SZ,002463,沪电股份,10090573,通用,2022-06-30 00:00:00,中报,2022中报,058001001,2022-08-24 00:00:00,2022-08-24 00:00:00,CNY,,1897900914.0,1798961898,,,,,,,,,,,0.0,,,,,,,330754827.0,593184326,,,40816786.0,,,0.0,,0.0,,342684039.0,,126595394.0,13248539.0,,,,,,,,0.0,,,,,,2563003202,,,,,,,,,,,,102254315,,,,,2168302246,6103286.0,294992.0,,0.0,,,,,,96171558.0,84132338.0,,1800032.0,,,,1583192856,736337652.0,0.0,,504806.0,0.0,,2167814730,1801737673,269913816.0,2775775.0,,43400355.0,,78569073.0,,164836098.0,,,2282931144.0,25150000.0,,,,0.0,,,,,,,,,15405513,,,,,,,,1896658772,,,1904997151,,,166788685,,678960142,97517869,12382081125,6419274249,4509830634,7431890583,12382081125,4950190542,5962806876,440359908,131390607,35729236,7431890583,,,,,,4482116487,,777521.0,,13.6421958953,0.0043214011,,,,,,,,,,,,,,,,,,-25.5686994951,246.6203939977,,,44.1552487096,,,,,,,,-7.8961363519,33.6660415528,-55.1459847725,,,,,,,,,,,,,,,-1.630816669,,,,,,,,,,,-2.0540116811,,,,,32.0297673568,49.6319320125,-73.5446945361,,,,,,,,37.6438474412,,,-78.2798580879,,,,34.4882183465,2351.5566871937,,,-99.7488256282,,,23.1198738198,-0.2692294231,197.6949268697,-64.0323217036,,-50.7423733247,,127.7186682211,,-34.5189156823,,,41.5806374627,38.5674931129,,,,,,,,,,,,,21.4336162144,,,,,,,,9.9906532995,,,49.3924261718,,,8.8309931658,,17.0912604775,144.791358877,13.721078739,7.961902226,14.9049765179,13.281262107,13.721078739,14.3878407111,20.6497756991,9.3478639382,-71.8379550603,-14.8757548982,13.281262107,,,,,,20.3448763984,,-59.7322982267,,,0
002463.SZ,002463,沪电股份,10090573,通用,2022-03-31 00:00:00,一季报,2022一季报,058001001,2022-04-26 00:00:00,2022-04-26 00:00:00,CNY,,1744584249.0,1963906359,,,,,,,,,,,0.0,,,,,,,316356186.0,320760718,,,46616935.0,,,0.0,,0.0,,354806431.0,,106778825.0,26921907.0,,,,,,,,0.0,,,,,63278743.0,2575233881,,,,,,,,,,,,103344288,,17211.0,,,2005234057,7041465.0,980054.0,,0.0,,,,,,114106180.0,85246653.0,,2130029.0,,,,1373063875,602945160.0,0.0,,346460.0,0.0,,1987857139,1966334111,243272890.0,2427752.0,,85631953.0,,58357969.0,,219971620.0,,,2331208915.0,25150000.0,,,,0.0,,,,,,,,,14579836,,,,,,,,1896658772,,,1696834833,,,171164694,,678960142,91763258,12068996604,6261975267,4141157685,7459883874,12068996604,4609112730,5807021337,467955045,146574366,27333476,7459883874,,150848040.0,,,,4482276821,,1295416.0,,28.9717538797,9.3099693521,,,,,,,,,,,,,,,,,,-25.9261860718,94.3015545016,,,141.4554526318,,,,,,,,-7.7307754639,-15.1994991458,28.6497024517,,,,,,,,,,,,,-46.0575981948,,-0.7650192296,,,,,,,,,,,-0.4422736396,,,,,45.7728934956,68.2874104665,-26.1180809249,,,,,,,,40.8309079578,,,-44.4207112226,,,,21.1814047236,,,,-99.8276199543,,,33.5145341069,8.9742232472,78.6375484044,-68.7274803264,,46.0801497896,,133.5716265756,,3.5588869642,,,44.7208700716,,,,,,,,,,,,,,-5.806999213,,,,,,,,9.9906532995,,,40.4326674936,,,-0.8186564934,,17.0912604775,159.6178931488,18.2371375207,18.0806988184,27.7838331308,13.7192922565,18.2371375207,26.3622481882,18.4062976538,15.0368965775,27.0400666645,40.6157218223,13.7192922565,-81.4424534692,,,,,17.6532289555,,-39.5428480222,,,0
002463.SZ,002463,沪电股份,10090573,通用,2021-12-31 00:00:00,年报,2021年报,058001001,2022-03-23 00:00:00,2025-11-28 00:00:00,CNY,,1700720446.0,1972863947,,,,,,,,,,,0.0,,,,,,,300089187.0,368282035,,,44354238.0,,,0.0,,0.0,,357042806.0,,109194932.0,40353506.0,,,,,,,,0.0,,,,,43131683.0,2570108616,,,,,,,,,,,,104324226,,,,,1840807149,7184672.0,716492.0,,0.0,,,,,,50346191.0,,,2509829.0,,,,1191123160,415842289.0,0.0,,819378.0,0.0,,1957431819,1973861951,256711373.0,998004.0,,125914401.0,,58916229.0,,273681550.0,,,2359087099.0,25150000.0,,,,0.0,,,,,,,,,13631778,,,,,,,,1896658773,,,1576724550,,,210998989,,678960142,84561535,11648660084,5777283697,4016217110,7234330170,11648660084,4414329914,5871376387,398112804,141326601,76224911,7234330170,,163744547.0,,,,4232707667,,1507237.0,,35.0904037355,16.8772241317,,,,,,,,,,,,,,,,,,-25.8760235801,166.2426300763,,,232.1941050505,,,,,,,,-9.673567864,-14.2117738382,369.7046018438,,,,,,,,,,,,,-56.0246548404,,-2.1944491397,,,,,,,,,,,-0.6510407268,,,,,29.1757158291,67.4938466223,,,,,,,,,-41.8976059576,,,-41.2668778551,,,,27.557221436,,,,-99.5906407614,,,44.0163893402,13.2321696134,156.1399248277,-98.1926472076,,411.0927150503,,152.9152972293,,67.8465978117,,,81.1873339046,,,,,,,,,,,,,,2.0255377852,,,,,,,,9.9906533575,,,83.8746782978,,,-6.5978542759,,17.0912604775,36.0518304946,21.8992557532,15.6081527708,39.9776063342,15.1428784214,21.8992557532,34.8687051802,28.7956704577,-1.4259438656,-6.370393507,137.8011190408,15.1428784214,-77.5221599315,,,,,17.9369190492,,,标准无保留意见,,0
002463.SZ,002463,沪电股份,10090573,通用,2021-09-30 00:00:00,三季报,2021三季报,058001001,2021-10-27 00:00:00,2021-10-27 00:00:00,CNY,,1614711703.0,1784842890,,,,,,,,,,,0.0,,,,,,,290141751.0,126688001,,,25053311.0,,,0.0,,0.0,,369817911.0,,100949836.0,18540543.0,,,,,,,,0.0,,,,,46679224.0,2619137407,,,,,,,,,,,,104853175,,40810.0,,,1817337669,6505356.0,901479.0,,0.0,,,,,,57874826.0,,,2950691.0,,,,1234995798,90239249.0,0.0,,841668.0,0.0,,1812106601,1793558308,197394898.0,8715418.0,,55131826.0,,46823423.0,,183198846.0,,,2310028916.0,18150000.0,,,,0.0,,,,,,,,,13689879,,,,,,,,1896658773,,,1512933023,,,185587438,,579855524,75434085,11000332841,5468276728,3727285722,6883787186,11000332841,4116545655,5532056113,389259933,115329596,122762737,6883787186,,302190441.0,,,,4061999312,,1719059.0,,27.0673551657,12.9864222539,,,,,,,,,,,,,,,,,,-16.750892206,32.9496768455,,,111.2321800091,,,,,,,,-7.1355913552,4.6694599443,114.6833432373,,,,,,,,,,,,,,,0.1808640965,,,,,,,,,,,-0.7520128771,,-99.8080545955,,,18.3366346647,48.0226238094,,,,,,,,,-41.8475057258,,,-11.6907265553,,,,67.2044448806,,,,-99.579166,,,26.0690022315,9.0965492464,18.4558306097,-86.4485032682,,214.6919993422,,98.0574488732,,21.0851476055,,,91.8540062774,,,,,,,,,,,,,,25.9618848297,,,,,,,,9.9906533575,,,108.70601555,,,-4.9319718909,,25.3103084054,-39.8360246793,21.2670484963,16.4265947504,31.5649475554,18.0498417261,21.2670484963,27.0574433001,26.4642001334,-4.3283001759,-16.5958756042,-43.8815838038,18.0498417261,-42.4545092076,,,,,22.4282841829,,,,,0
002463.SZ,002463,沪电股份,10090573,通用,2021-06-30 00:00:00,中报,2021中报,058001001,2021-08-27 00:00:00,2021-08-27 00:00:00,CNY,,1670067090.0,1798884161,,,,,,,,,,,0.0,,,,,,,444375988.0,171133706,,,28314464.0,,,0.0,,0.0,,372062610.0,,94710214.0,29537019.0,,,,,,,,0.0,,,,,38211336.0,2605494033,,,,,,,,,,,,104398676,,,,,1642282865,4078866.0,1115058.0,,0.0,,,,,,69869856.0,,,8287386.0,,,,1177198178,30035514.0,0.0,,200978307.0,0.0,,1760735016,1806601576,90667926.0,7717415.0,,88108904.0,,34502693.0,,251730862.0,,,1612459998.0,18150000.0,,,,0.0,,,,,,,,,12686366,,,,,,,,1724381768,,,1275163139,,,153254767,,579855524,39837137,10888114378,5945869901,3924834912,6560564779,10888114378,4327549599,4942244477,402714687,466552082,41973043,6560564779,,1162378330.0,,,550683.0,3724393278,,1930880.0,,18.1467058062,6.4845898953,,,,,,,,,,,,,,,,,,28.757332491,143.8991522433,,,120.5025715923,,,,,,,,-9.6539159521,-6.0559243623,2745.9266574812,,,,,,,,,,,,,,,-2.403988732,,,,,,,,,,,-1.8258544421,,,,,-0.2402089336,12.0772338903,,,,,,,,,-34.2385095959,,,294.0815858774,,,,43.8956552853,,,,,,,15.1891195868,1.1670327752,-21.1627928876,-91.9963429288,,1766.1653043375,,27.4065702687,,736.8997626049,,,230.6263216244,,,,,,,,,,,,,,-0.3470236621,,,,,,,,-0.0194579707,,,87.3170478379,,,-9.2998179726,,25.3103084054,-62.1216790073,25.3392622716,16.354051843,48.629768777,20.7455913696,25.3392622716,33.0106547201,38.1765170303,-34.2889816142,223.1267668957,-93.6293963457,20.7455913696,620.2003450818,,,,-98.6445369102,26.3914252536,,,,,0
002463.SZ,002463,沪电股份,10090573,通用,2021-03-31 00:00:00,一季报,2021一季报,058001001,2021-04-23 00:00:00,2021-04-23 00:00:00,CNY,,1352687078.0,1796639749,,,,,,,,,,,0.0,,,,,,,427082351.0,165083969,,,19306640.0,,,0.0,,0.0,,384533882.0,,125917682.0,20926521.0,,,,,,,,0.0,,,,,117307982.0,2595086794,,,,,,,,,,,,103803383,,,,,1375587744,4184190.0,1326514.0,,0.0,,,,,,81023535.0,,,3832415.0,,,,1133064828,,0.0,,200986140.0,0.0,,1488869472,1804402961,136182394.0,7763212.0,,58619842.0,,24985042.0,,212412113.0,,,1610831191.0,,,,,0.0,,,,,,,,,15478683,,,,,,,,1724381768,,,1208290680,,,172577511,,579855524,35345506,10207449924,5303131951,3240752436,6559910571,10207449924,3647539353,4904317973,406786917,115376487,19438421,6559910571,,812866290.0,,,39764406.0,3809735492,,2142701.0,,1.9662513375,19.4138263674,,,,,,,,,,,,,,,,,,26.1406367025,9.138829001,,,,,,,,,,,-9.6399493934,30.1696273169,4089.6866121964,,,,,,,,,,,,,,,-1.0866964847,,,,,,,,,,,-3.4368765434,,,,,-9.8591032152,12.0250963375,,,,,,,,,-31.9431718528,,,84.409153441,,,,-13.2276260664,,,,104.1111469758,,,1.4171072245,18.2957993028,-3.7326333079,-62.6449124174,,1127.6176403613,,-49.3703852734,,,,,421.1835244912,,,,,,,,,,,,,,7.2163950864,,,,,,,,-0.0194579707,,,80.7521175615,,,1.4124892674,,25.3103084054,-52.2243113583,20.5386470574,4.905122113,20.6435216766,22.4796608599,20.5386470574,17.1983575707,43.6940800724,-4.5228609231,-39.9363734096,-92.8803081184,22.4796608599,125.0473883657,,,,-53.9973419055,30.3796318349,,,,,0
002463.SZ,002463,沪电股份,10090573,通用,2020-12-31 00:00:00,年报,2020年报,058001001,2021-03-25 00:00:00,2022-03-23 00:00:00,CNY,,1258949858.0,1687979811,,,,,,,,,,,0.0,,,,,,,404847664.0,138325720,,,13351904.0,,,0.0,,0.0,,395280537.0,,127284287.0,8591252.0,,,,,,,,0.0,,,,,98081511.0,2627773775,,,,,,,,,,,,105007870,,,,,1425041183,4289514.0,,,0.0,,,,,,86650803.0,,,4273277.0,,,,933795160,,0.0,,200161111.0,0.0,,1359172958,1743198914,100223100.0,55219103.0,,24636313.0,,23294846.0,,163054571.0,,,1302015460.0,,,,,0.0,,,,,,,,,13361143,,,,,,,,1724381768,,,857499556,,,225903792,,579855524,62153912,9555973096,4997297819,2869185447,6282915860,9555973096,3273057236,4558675277,403871789,150942214,32054059,6282915860,,728471003.0,,,39764406.0,3588958997,,,,-10.097497841,-11.7126111095,,,,,,,,,,,,,,,,,,22.442848023,-34.4869015737,,,,,,,,,,,-9.9886607454,23.1873563935,1605.9911476133,,,,,,,,,,,,,,,0.670037772,,,,,,,,,,,-3.4216266054,,,,,2.1914207122,11.9755641114,,,,,,,,,-29.432890091,,,,,,,34.4740340808,,,,103.0990298615,,,-9.878446833,-9.1498380548,-7.0330512325,706.4001199835,,531.8795303519,,-38.6990368067,,,,,302.284981223,,,,,,,,,,,,,,29.6328550814,,,,,,,,-0.0194579707,,,65.7663223208,,,4.0294148065,,25.3103084054,-49.9517731337,16.0237992062,5.1518043825,7.7624898216,22.3771246977,16.0237992062,5.5090654449,30.8551189867,-8.1376469209,-16.5779084254,-95.3978532135,22.3771246977,,,,,-53.9973419055,32.5263717993,,,标准无保留意见,,0
002463.SZ,002463,沪电股份,10090573,通用,2020-09-30 00:00:00,三季报,2020三季报,058001001,2020-10-28 00:00:00,2020-10-28 00:00:00,CNY,,1270752587.0,1579696794,,,,,,,,,,,0.0,,,,,,,348522355.0,95290191,,,11860556.0,,,0.0,,0.0,,398234282.0,,96446314.0,8636228.0,,,,,,,,0.0,,,,,,2614408880,,,,,,,,,,,,105647659,834027.0,21261254.0,,,1535735467,4394839.0,,,0.0,,,,,,99522517.0,,,3341315.0,,,,738614215,,0.0,,200000000.0,0.0,,1437392673,1644010118,166640086.0,64313324.0,,17519297.0,,23641334.0,,151297537.0,,,1204055605.0,,,,,0.0,,,,,,,,,10868271,,,,,,,,1724381768,,,724911076,,,195215407,,462735693,125380819,9071163995,4696759138,2833038580,5831254905,9071163995,3239909090,4374404857,406870510,138278049,218756596,5831254905,,525133137.0,,,39764406.0,3317860198,,,,-0.2583496179,6.1087111147,,,,,,,,,,,,,,,,,,8.7779847905,-63.1526097557,,,,,,,,,,,-11.9312492696,29.5978443339,1601.019284669,,,,,,,,,,,,,,,7.1681371643,,,,,,,,,,,-3.2873579715,-46.8891011558,282.9095882398,,,2.0805320689,11.9284436512,,,,,,,,,-23.8126905816,,,9728.5533592187,,,,-14.2289290802,,,,104.5503911832,,,-7.2689585649,7.8569340792,-39.628030533,81.1766537987,,693.6663894757,,-41.5290516943,,,,,18892.5996166322,,,,,,,,,,,,,,35.6964714928,,,,,,,,-0.0194579707,,,41.6478273278,,,8.185185452,,31.150730176,13.3637112581,15.4565045844,-2.8400009708,7.6266480901,22.2023290817,15.4565045844,5.0221484522,44.7168175863,-10.1222776408,-19.6552992883,-72.5090693521,22.2023290817,424.9691733781,,,,-53.9973419055,34.6943511991,,,,,0
002463.SZ,002463,沪电股份,10090573,通用,2020-06-30 00:00:00,中报,2020中报,058001001,2020-08-26 00:00:00,2020-08-26 00:00:00,CNY,,1413553665.0,1689337549,,,,,,,,,,,0.0,,,,,,,345126743.0,70165765,,,12840877.0,,,0.0,,0.0,,411819299.0,,100815526.0,1037870.0,,,,,,,,0.0,,,,,,2669672663,,,,,,,,,,,,106340295,,,,,1646237274,3639335.0,,,0.0,,,,,,106247373.0,200000000.0,,2102962.0,,,,818091537,,0.0,,,0.0,,1528560182,1785761158,115006517.0,96423609.0,,-5288125.0,,27080780.0,,30078974.0,,,487698617.0,,,,,0.0,,,,,,,,,12730544,,,,,,,,1724717363,,,680751247,,,168968533,,462735693,105171338,8686914364,5110152854,2640678879,5433378316,8686914364,3253536048,3576761510,612857169,144386702,658855036,5433378316,,161396525.0,,,40626927.0,2946713569,,,,4.8972828255,22.0186747146,,,,,,,,,,,,,,,,,,11.2522323306,-69.0616289556,,,,,,,,,,,-11.5852206727,47.392557176,102.7786895495,,,,,,,,,,,,,,,8.4467932679,,,,,,,,,,,-3.7534197694,,,,,21.0522447622,-9.5184357553,,,,,,,,,-18.2694647832,,,1446.4661543553,,,,-21.9665461543,,,,,,,-0.7502026348,18.9732924912,-40.2732058281,-17.2226608366,,-79.1956649771,,-31.9644051437,,,,,1913.412398973,,,,,,,,,,,,,,19.9066030583,,,,,,,,-0.0233780749,,,15.6032696712,,,22.3527079687,,31.150730176,57.8886711523,16.3254414878,15.0423159087,1.0451177016,23.8204895847,16.3254414878,5.6459833121,18.2091184793,31.4318073653,-16.5117093455,36.6198764084,23.8204895847,,,,,-53.570960344,40.9644106715,,,,,0
002463.SZ,002463,沪电股份,10090573,通用,2020-03-31 00:00:00,一季报,2020一季报,058001001,2020-04-22 00:00:00,2020-04-22 00:00:00,CNY,,1326602734.0,1504549183,,14961428.0,,,,,,,,,0.0,,,,,,,338576340.0,151260528,,,,,,0.0,,0.0,,425557400.0,,96733535.0,499477.0,,,,,,,,0.0,,,,,,2623597334,,,,,,,,,,,,107497955,1929575.0,9203760.0,,,1526041778,3735047.0,,,0.0,,,,,,119052764.0,,,2078213.0,,,,1305789823,,0.0,,98468968.0,0.0,,1468065411,1525331391,141462677.0,20782208.0,,-5704441.0,,49348671.0,,,,,309071779.0,,,,,0.0,,,,,,,,,14436862,,,,,,,,1724717363,,,668479405,,,170173824,,462735693,73982201,8468196859,5055169704,2686221681,5355918301,8468196859,3112278558,3413027155,426056877,192090444,273023346,5355918301,,361197833.0,,,86439366.0,2922032712,,,,,11.9177095931,,-77.1590974112,,,,,,,,,,,,,,,,16.8690458658,-25.2384384313,,,,,,,,,,,-11.2755563131,45.0058072906,-19.4588092255,,,,,,,,,,,,,,,6.8592843093,,,,,,,,,,,-3.8626271866,23.2263943934,248.3528129353,,,22.4873938559,-9.2972213729,,,,,,,,,-10.4024832468,,,773.2978110962,,,,49.4620229481,,,,,,,9.7237439174,5.7346440989,,-78.8515029926,,-99.2341742619,,24.2014581266,,,,,1485.0435511377,,,,,,,,,,,,,,51.5857064348,,,,,,,,-0.0233780749,,,41.6714245854,,,27.3409030263,,31.150730176,1.3698054093,20.0767733501,24.5254146032,17.3321279837,27.90858034,20.0767733501,8.6303701556,14.0424058584,-25.9803883944,-7.4165777047,-39.0779797524,27.90858034,,,,,-30.6379022302,50.0685736371,,,,,0
002463.SZ,002463,沪电股份,10090573,通用,2019-12-31 00:00:00,年报,2019年报,058001001,2020-03-26 00:00:00,2021-03-25 00:00:00,CNY,,1400350188.0,1911914977,,16225829.0,,,,,,,,,0.0,,,,,,,330642149.0,211142082,,,,,,0.0,,0.0,,439145268.0,,103325772.0,503593.0,,,,,,,,0.0,,,,,,2610283887,,,,,,,,,,,,108728141,,,,,1394482211,3830759.0,,,0.0,,,,,,122792053.0,,,,,,,694405553,,0.0,,98553455.0,0.0,,1508155275,1918762583,107805087.0,6847606.0,,-5704441.0,,38000783.0,,,,,323655001.0,,,,,0.0,,,,,,,,,10306911,,,,,,,,1724717363,,,517294191,,,217153766,,462735693,124188040,8236218053,4752460358,2662508496,5134060696,8236218053,3102157357,3483757695,439648861,180937940,696502317,5134060696,,,,,86439366.0,2708109298,,,,14.8541783301,22.3753530768,,-75.4126337238,,,,,,,,,,,,,,,,27.1468857658,-17.5776900489,,,,,,,,,,,-11.0137265425,56.5332506333,-64.478845363,,,,,,,,,,,,,,,7.634814752,,,,,,,,,,,-3.356564005,,,,,34.2364925003,-9.0860352729,,,,,,,,,-9.1076141712,,,,,,,148.0681607119,,,,,,,15.6743478458,18.8612681259,27.5011798329,-86.8190691691,,-442.2690612449,,-78.4216532295,,,,,4242.4861257934,,,,,,,,,,,,,,-12.4404601456,,,,,,,,0.3255559729,,,210.3795029339,,,35.5840460748,,31.150730176,13.8366460971,24.8281375563,32.9958373151,33.4696163133,28.0527143304,24.8281375563,19.8339926715,15.1786497483,-25.9688308993,-4.3343741922,116.4526941787,28.0527143304,,,,,-16.0460577192,52.2579771775,,,标准无保留意见,,0
002463.SZ,002463,沪电股份,10090573,通用,2019-09-30 00:00:00,三季报,2019三季报,058001001,2019-10-29 00:00:00,2019-10-29 00:00:00,CNY,,1274044075.0,1488753164,,9519723.0,,,,,,,,,0.0,,,,,,,320397878.0,258607707,,,,,,0.0,,0.0,,452185683.0,,74419690.0,507709.0,,,,,,,,0.0,,,,,,2439539353,,,,,,,,,,,,109238727,1570350.0,5552552.0,,,1504435210,3926472.0,,,0.0,,,,,,130628733.0,,,33996.0,,,,861146080,,0.0,,97775418.0,0.0,,1550066354,1524250742,276022279.0,35497578.0,,-2951034.0,,40432616.0,,,,,6339604.0,,,,,0.0,,,,,,,,,8009251,,,,,,,,1724717363,,,511769993,,,180445600,,352827386,110600489,7856780376,4834046094,2632283575,4771803409,7856780376,3084976967,3022734282,452693392,172105998,795740962,4771803409,,100031233.0,,,86439366.0,2463251182,,,,,7.4230675561,,-84.8742356997,,,,,,,,,,,,,,,,30.4462586701,8.1525243396,,,,,,,,,,,-10.3456925372,19.7090610517,-59.1646311008,,,,,,,,,,,,,,,-0.7579877258,,,,,,,,,,,-3.9103397022,,,,,46.1788898806,-8.8842070479,,,,,,,,,-4.7019352494,,,-92.3077271185,,,,96.1959475113,,,,,,,26.2249207387,7.5111139441,,11.3383271928,,-332.7317550974,,-83.3840606551,,,,,55.7196909778,,,,,,,,,,,,,,-11.9670499554,,,,,,,,0.3255559729,,,6.9131405563,,,32.2947680539,,16.8624945783,79.1270184558,19.6932677523,37.026492399,22.4204300968,25.3340955841,19.6932677523,11.9031077448,-0.4460261884,-25.3755888907,-5.6560996008,104.3882778535,25.3340955841,,,,,-16.0460577192,49.987424779,,,,,0
002463.SZ,002463,沪电股份,10090573,通用,2019-06-30 00:00:00,中报,2019中报,058001001,2019-08-29 00:00:00,2019-08-29 00:00:00,CNY,,1347559848.0,1384490983,,8158016.0,,,,,,,,,0.0,,,,,,,310220061.0,226792047,,,,,,0.0,,0.0,,465781063.0,,68399333.0,511824.0,,,,,,,,0.0,,,,,,2461734997,,,,,,,,,,,,110487349,,,,,1359939485,4022184.0,,,0.0,,,,,,129997158.0,,,135985.0,,,,1048385656,,0.0,,98572370.0,0.0,,1540114159,1500976497,192554311.0,116485514.0,,-2951034.0,,39803841.0,,,,,24222490.0,,,,,0.0,,,,,,,,,10617050,,,,,,,,1725120663,,,588868506,,,138099545,,352827386,66611073,7467768231,4441976688,2613366127,4388109217,7467768231,3079659014,3025791543,466292887,172942458,482254159,4388109217,,,,,87503268.0,2090395409,,,,23.8545663372,4.1772157194,,-83.4490366752,,,,,,,,,,,,,,,,34.5112558847,5.3652407877,,,,,,,,,,,-10.0611921182,20.5120886961,-56.9158298701,,,,,,,,,,,,,,,-0.8109694199,,,,,,,,,,,-3.874444397,,,,,57.2842545778,-8.6911928489,,,,,,,,,-5.5917891297,,,-76.1521868752,,,,190.875181205,,,,,,,39.5304965621,3.1459437841,1121.3814996593,-7.712364847,,-423.1311496591,,-90.0126771309,,,,,428.2224307466,,,,,,,,,,,,,,-7.3311236168,,,,,,,,0.3636108367,,,27.7089339302,,,24.4885832595,,16.8624945783,43.8706827935,20.9092687926,41.3097731154,33.6627398799,21.7030673903,20.9092687926,19.7959342672,-0.2346589723,-24.2489961296,-5.9000468659,806.9704568652,21.7030673903,,,,,-14.5375421628,43.6060158297,,,,,0
002463.SZ,002463,沪电股份,10090573,通用,2019-03-31 00:00:00,一季报,2019一季报,058001001,2019-04-23 00:00:00,2019-04-23 00:00:00,CNY,,,1344335216,,65502788.0,,,,,,,,,0.0,,,,,,,289705745.0,202323928,,,,,,0.0,,0.0,,479639412.0,,66710111.0,620151.0,,,,,,,,0.0,,,,,,2455188944,,,,,,,,,,,,111817030,1565878.0,2642080.0,,,1245876600,4117897.0,,,0.0,,,,,,132875071.0,95340427.0,,237973.0,,,,873659942,,0.0,,,0.0,,1337965110,1442603230,,98268014.0,,-2863184.0,,39732763.0,,,,,19499261.0,,,,,0.0,,,,,,,,,9523894,,,,,,,,1725120663,,,471851968,,,133636420,,352827386,72982483,7052318798,4059548583,2289416997,4187301811,7052318798,2865016987,2992770215,575599990,207478228,448152154,4187301811,,,,,124620461.0,1947131662,,,,,13.7342150734,,287.2889719695,,,,,,,,,,,,,,,,72.3645404301,38.8117062211,,,,,,,,,,,-9.2499056171,35.2692278977,-45.246283172,,,,,,,,,,,,,,,-2.8250921163,,,,,,,,,,,-3.9365274201,59.1842543731,220.8993655081,,,52.5120021145,-8.5063453925,,,,,,,,,-4.1572726418,-2.2887642482,,-67.5843515454,,,,77.5296941171,,,,,,,23.0249684774,6.7721925576,,-41.8899321744,,-183.7810047339,,-83.0562492086,,,,,27.351402548,,,,,,,,,,,,,,-7.4045670163,,,,,,,,3.0439687494,,,-0.8728093303,,,27.4790967648,,16.8624945783,116.3641347944,17.7399059499,36.4062769329,27.0520168089,17.6024253075,17.7399059499,17.9414169132,-0.6935714543,-8.2320178097,150.2281602698,529.7822665633,17.6024253075,,,,,,37.8026064377,,,,,0
002463.SZ,002463,沪电股份,10090573,通用,2018-12-31 00:00:00,年报,2018年报,058001001,2019-03-26 00:00:00,2020-03-26 00:00:00,CNY,,1219241832.0,1562336638,,65992546.0,,,,,,,,,0.0,,,17738900.0,,,,260047383.0,256171032,,,,,,0.0,,0.0,,493497762.0,,66008833.0,1417727.0,,,,,,,,0.0,,,,,,2425129725,,,,130694740.0,,,,,,,,112504424,,,,,1038824976,4213609.0,,,0.0,,,,,,135096083.0,98954453.0,,339962.0,,,,279925304,,0.0,,,0.0,,1303794059,1614287491,84552227.0,51950853.0,,1666654.0,,176106091.0,,,,,7453219.0,,,189135793.0,321780387.0,0.0,,,,,,,,,11771317,,,,,,,,1719120663,,,166665062,,,160161739,,352827386,109093200,6598046093,3573390306,1994842399,4009333752,6598046093,2588712341,3024655787,593869942,189135793,321780387,4009333752,,,,,102960461.0,1778632127,,,,20.1308314658,26.8460251487,,457.6899125401,,,,,,,,,,,,27.6826904224,,,,54.7188774625,82.9412228223,,,,,,,,,,,-8.7043014279,28.273214379,88.2549074545,,,,,,,,,,,,,,,-5.4920133737,,,,,,,,,,,-4.5207543222,,,,,39.9999096249,-8.3292178456,,,,,,,,,2.2338888606,0.5767530087,,-60.864980603,,,,-32.779363206,,,,,,,23.7831216822,19.3389728107,120.413544354,-57.0694330896,,33.3507757474,,-50.5360585111,,,,,-52.1442354632,,,184.1163358044,350.2204276731,,,,,,,,,,4.9590781184,,,,,,,,2.6855800141,,,-69.9929702575,,,14.0637722515,,16.8624945783,195.758076827,10.1086020757,21.1379100346,6.9957753331,14.939693179,10.1086020757,3.378904682,-0.5850129155,-7.1626862364,184.1163358044,350.2204276731,14.939693179,,,,,,32.4566907491,,,标准无保留意见,,0
002463.SZ,002463,沪电股份,10090573,通用,2018-09-30 00:00:00,三季报,2018三季报,058001001,2018-10-20 00:00:00,2018-10-20 00:00:00,CNY,0.0,,1385878469,,62937137.0,,,,,,,,,0.0,0.0,,17243400.0,,,,245616763.0,239113889,,,,,,0.0,0.0,0.0,0.0,504365820.0,,62167132.0,1243307.0,,,,,,,,0.0,,,,,,2458171995,,,,199597.0,,,,,,,,113684164,,,,,1029174056,4309321.0,,,0.0,,,0.0,,,137073857.0,101019971.0,,441950.0,,,,438921441,,0.0,0.0,,0.0,0.0,1228019273,1417761091,,31882622.0,,1267998.0,,243336324.0,,,,,4071164.0,,,182424086.0,389328082.0,0.0,0.0,,,,,,,,9098015,,,,,,,,1719120663,,,478678290,,,136396626,,301916699,61744169,6564095478,3527818606,2150199581,3807266799,6564095478,2756828679,3036276872,606629098,182424086,389328082,3807266799,,,,,102960461.0,1642305137,,,,,23.8661699043,,328.2945662844,,,,,,,,,,,,38.666323554,,,,48.0458813264,35.9985860381,,,,,,,,,,,-8.9407979569,46.4596062168,33.5692868646,,,,,,,,,,,,,,,-3.4948144253,,,-91.2554681527,,,,,,,,-4.1929965101,,,,,34.92605274,-54.0796631324,,,,,,,,,4.910808958,2.4005215191,,-57.52861617,,,,-20.1839283794,,,,,,,24.5336387805,12.6244119437,,-77.2248236864,,3070.1535076754,,9.9423050357,,,,,-80.7857132643,,,223.2881313682,5687.414047938,,,,,,,,,,14.5387707057,,,,,,,,2.6855800141,,,-14.4634465717,,,22.1181647456,,11.1461850352,45.0124726027,11.8486163729,25.5492800433,21.3392025982,10.5733505598,11.8486163729,13.6589449273,-0.73713272,-7.1680911616,217.9322679663,5603.7663385443,10.5733505598,,,,,,23.3462039909,,,,,0
002463.SZ,002463,沪电股份,10090573,通用,2018-06-30 00:00:00,中报,2018中报,058001001,2018-08-24 00:00:00,2018-08-24 00:00:00,CNY,0.0,1088017897.0,1328976757,,49290279.0,,,,,,,,,0.0,0.0,,16847000.0,,,,230627585.0,215243704,,,,,,0.0,0.0,0.0,0.0,517886632.0,,56757238.0,1187963.0,,,,,,,,0.0,,,,,,2481862140,,,,,,,,,,,,114940661,1350466.0,896516.0,,,864638033,4405034.0,,,0.0,,,0.0,,,137696877.0,96485415.0,,570220.0,,,,360424582,,0.0,0.0,,0.0,0.0,1103783185,1455196823,15765288.0,126220066.0,,913262.0,,398543649.0,,,,,4585661.0,,,182435447.0,52275465.0,0.0,0.0,,,,,,,,11456975,,,,,,,,1718870663,,,461102045,,,110933502,,301916699,46299268,6176340578,3143432043,1955194192,3605586376,6176340578,2570754202,3032908535,615560010,183785913,53171981,3605586376,,,,,102387961.0,1455646128,,,,21.6562602331,23.1784134339,,324.2768569432,,,,,,,,,,,,-87.1493562805,,,,39.0111312537,4.4911812689,,,,,,,,,,,-9.5974709792,-17.8314323906,29.0565541696,,,,,,,,,,,,,,,-2.8376061492,,,,,,,,,,,-4.3108321613,143.5945027968,,,,15.9616046745,-53.9981031283,,,,,,,,,,,,-52.9706542887,,,,-34.5964094945,,,,,,,20.2458520873,23.7865401085,-33.200473982,30.5739647588,,-83.7991586849,,417.7153426175,,,,,-79.0180556893,,,233.7158985388,445.1134597561,,,,,,,,,,-20.4753649746,,,,,,,,2.6706471502,,,-23.595324329,,,17.9732476429,,11.1461850352,7.5518455132,8.5658704781,22.039274284,13.3209871629,6.3632839075,8.5658704781,11.8133795534,-2.5813036641,7.280058534,232.8111461817,454.4620698256,6.3632839075,,,,,,14.3893190845,,,,,0
002463.SZ,002463,沪电股份,10090573,通用,2018-03-31 00:00:00,一季报,2018一季报,058001001,2018-04-24 00:00:00,2018-04-24 00:00:00,CNY,0.0,1051150043.0,1181997181,,16913156.0,,,,,,,,,0.0,0.0,,16450600.0,,,,168077346.0,145754226,,,,,,0.0,0.0,0.0,0.0,528527728.0,,49316546.0,1132619.0,,,,,,,,0.0,,,,,,2526566783,,,,,,,,,,,,116399113,983689.0,823336.0,,,816903970,4500746.0,,,0.0,,,0.0,,,138638658.0,97573658.0,,734130.0,,,,492120457,,0.0,0.0,,0.0,0.0,1087555743,1351103874,36405700.0,169106693.0,,3417462.0,,234498037.0,,,,,15311383.0,,,81931930.0,70336520.0,0.0,0.0,,,,,,,,10285490,,,,,,,,1674159763,,,476006598,,,104830065,,301916699,33731322,5989743869,2976071684,1801952503,3560557361,5989743869,2429186508,3013672185,627234005,82915619,71159856,3560557361,,,,,,1412986091,,,,16.6415600014,22.0255268472,,14.2730777734,,,,,,,,,,,,-39.9882819082,,,,1.3088785784,-41.442079111,,,,,,,,,,,-9.6051779105,-25.1830076404,18.9037647328,,,,,,,,,,,,,,,-0.6507883591,,,,,,,,,,,-4.2890382231,271.5749711976,3182.4462783559,,,7.050926018,-53.9197503151,,,,,,,,,,,,324.8511258876,,,,42.3234477347,,,,,,,16.7328020429,26.4278079954,19.430238991,69.0581530231,,-11.3019564138,,90.2428879271,,,,,2.6192968914,,,40.1050142118,484.2773276554,,,,,,,,,,-18.4158630397,,,,,,,,0.0,,,126.2366085587,,,6.4594535515,,11.1461850352,-19.9744564111,11.7489020759,27.8285263751,32.8649043408,4.1667381774,11.7489020759,25.0952364615,-0.5988247317,7.1022052608,41.1481596564,489.8875854027,4.1667381774,,,,,,8.4763779399,,,,,0
002463.SZ,002463,沪电股份,10090573,通用,2017-12-31 00:00:00,年报,2017年报,058001001,2018-03-22 00:00:00,2019-03-26 00:00:00,CNY,,1014928322.0,1231679618,,11833197.0,,,,,,,,,0.0,,,13892956.0,,,,168077346.0,140029146,,,,,,0.0,,0.0,,540548755.0,,51459561.0,753089.0,,,,,,,,0.0,,,,,,2566057972,,,,,,,,,,,,117831287,989325.0,1490331.0,,,742018319,4596458.0,,,0.0,,,,,,132144130.0,98387003.0,,868690.0,,,,416427629,,0.0,,,0.0,,1053289044,1352690955,38360722.0,121011337.0,,1249827.0,,356029232.0,,,,,15574339.0,,,66569841.0,71471743.0,0.0,,,,,,,,,11215149,,,,,,,,1674159763,,,555420058,,,140414205,,301916699,36885958,5992307566,2949853027,1864412303,3488206416,5992307566,2504101150,3042454539,639688847,66569841,71471743,3488206416,,,,,,1342802781,,,,14.3987343374,47.7559274251,,11.5171775814,,,,,,,,,,,,-37.8483470708,,,,1.3088785784,-49.3445719927,,,,,,,,,,,-9.3792517761,-20.4287159844,-20.1543500134,,,,,,,,,,,,,,,-0.1959150377,,,,,,,,,,,-2.1750110534,270.1400008979,140.1319626831,,,7.2707497363,-53.8444097051,,,,,,,,,,,,301.3926688507,,,,31.8313228201,,,,,,,15.0994587358,52.5273549159,37.3599499154,127.2056100935,,2269.0259112535,,21.7088969669,,,,,4.3816693586,,,39.7412192995,79.0633140111,,,,,,,,,,-16.1718529676,,,,,,,,0.0,,,142.8402799395,,,17.1007423353,,11.1461850352,-5.1135851051,12.5612711501,31.4846929269,36.9753946523,3.6605434588,12.5612711501,27.8536669691,-1.22224181,7.0718694484,38.9615425257,76.3216722594,3.6605434588,,,,,,7.1438947937,,,标准无保留意见,,0
002463.SZ,002463,沪电股份,10090573,通用,2017-09-30 00:00:00,三季报,2017三季报,058001001,2017-10-27 00:00:00,2017-10-27 00:00:00,CNY,,957935866.0,1118851475,,14694825.0,,,,,,,,,0.0,,,12435175.0,,,,165905840.0,175820864,,,,,,0.0,,0.0,,553887810.0,,42446606.0,930833.0,,,,,,,,0.0,,,,,,2547191615,,,,2282535.0,,,,,,,,118659555,950577.0,98656.0,,,762768965,9384341.0,,,0.0,,,,,,130657516.0,98651813.0,,1040583.0,,,,549916116,,0.0,,,0.0,,986094428,1258839950,28158562.0,139988475.0,,39998.0,,221330928.0,,,,,21188213.0,,,56427709.0,6727151.0,0.0,,,,,,,,,7943175,,,,,,,,1674159763,,,559618398,,,111692332,,271639282,42578523,5868731944,2809907476,1772056792,3443204696,5868731944,2425527248,3058824468,653470456,57378286,6825807,3443204696,,,,,,1331459813,,,,19.3806161849,37.7299873564,,57.1788483418,,,,,,,,,,,,-46.0609637432,,,,0.0,-28.5048443077,,,,,,,,,,,-24.21110231,-42.8725753206,3.7695968536,,,,,,,,,,,,,,,-8.506058171,,,4.5205773019,,,,,,,,-41.0566354519,115.6422692667,-38.0173025816,,,33.8209126842,-7.543802783,,,,,,,,,,,,457.4541831175,,,,52.2814439713,,,,,,,20.1387556984,43.4466729451,53.2467187554,114.6565168506,,100.43556349,,87.731183711,,,,,,,,0.6085002069,-94.7384524823,,,,,,,,,,-48.7499403182,,,,,,,,0.0,,,57.0750553732,,,12.6383556422,,7.8180515005,-10.1028574686,8.4553648548,35.5955114821,27.5346495572,4.6567417882,8.4553648548,14.3470658804,-8.3889123385,-10.6947448869,1.5055592229,-94.6679279751,4.6567417882,,,,,,10.295680406,,,,,0
002463.SZ,002463,沪电股份,10090573,通用,2017-06-30 00:00:00,中报,2017中报,058001001,2017-08-22 00:00:00,2017-08-22 00:00:00,CNY,,894337780.0,1078903941,,11617480.0,,,,,,,,,0.0,,,131098491.0,,,,165905840.0,205992220,,,,,,0.0,,0.0,,572867416.0,,69074148.0,920498.0,,,,,,,,0.0,,,,,,2554344373,,,,2504974.0,,,,,,,,120118780,554391.0,,,,745624412,9575766.0,,,0.0,,,,,,,,,1212477.0,,,,551077669,,0.0,,,0.0,,917938678,1175569510,23600898.0,96665569.0,,5637127.0,,76981232.0,,,,,21855272.0,,,54667892.0,9589832.0,0.0,,,,,,,,,14406825,,,,,,,,1674159763,,,603499774,,,94032761,,271639282,43048325,5689025981,2575754454,1725359301,3389878766,5689025981,2299147215,3113271527,573787914,55222283,9589832,3389878766,,,,,,1272536754,,,,12.2508869203,24.4572469739,,14.2366158803,,,,,,,,,,,,464.8844522232,,,,0.0,-27.7320289431,,,,,,,,,,,-22.7928150381,-10.9787845812,4.99410298,,,,,,,,,,,,,,,-8.0948373548,,,22.2864334364,,,,,,,,-40.8080928518,-14.7961159677,,,,46.0280635049,-7.4041816311,,,,,,,,,,,,441.284375,,,,24.7817016321,,,,,,,11.3163771861,28.3240209679,-15.3794294001,96.4449196298,,162.1513450937,,10.5540569595,,,,,,,,36.5290641053,-95.8133128471,,,,,,,,,,-7.970589836,,,,,,,,0.0,,,7.5183329739,,,18.5586841888,,7.8180515005,-11.813853331,2.2558922194,17.8912818598,10.2528763811,4.1199364825,2.2558922194,-0.3738493004,-7.8549322754,-22.7600214401,35.7083733372,-95.8157526965,4.1199364825,,,,,,8.5035771654,,,,,0
002463.SZ,002463,沪电股份,10090573,通用,2017-03-31 00:00:00,一季报,2017一季报,058001001,2017-04-22 00:00:00,2017-04-22 00:00:00,CNY,,901179685.0,968647472,,14800648.0,,,,,,,,,0.0,,,27412313.0,,,,165905840.0,248906081,,,,,,0.0,,0.0,,584688056.0,,65916237.0,952551.0,,,,,,,,0.0,,,,,,2543117093,,,,2691220.0,,,,,,,,121615237,264735.0,25083.0,,,763098462,9767191.0,,,0.0,,,,,,,,,172797.0,,,,345776093,,0.0,,,0.0,,931662501,1068676184,30482816.0,100028712.0,,3852917.0,,123262446.0,,,,,14920569.0,,,58478942.0,12038208.0,0.0,,,,,,,,,12607218,,,,,,,,1674159763,,,210402110,,,98469475,,271639282,42150694,5360002432,2328174914,1356229105,3418132720,5360002432,1941869712,3031827518,585640607,58743677,12063291,3418132720,,,,,,1302574918,,,,9.3226606116,11.6220526549,,11.6208592454,,,,,,,,,,,,1.7212144718,,,,0.0,-22.1699368873,,,,,,,,,,,-9.3213661932,-23.6715892424,27.8113297168,,,,,,,,,,,,,,,-8.173268867,,,36.7191806258,,,,,,,,-39.8068229178,-79.7245134756,-81.2200983805,,,34.3083295237,-7.269609075,,,,,,,,,,,,-67.5031124585,,,,17.0745956708,,,,,,,9.6910674748,13.372230398,21.8283726296,33.6677328018,,161.4021147452,,143.4442751095,,,,,,,,10.1315038768,-89.4481311945,,,,,,,,,,-20.0872274633,,,,,,,,0.0,,,-55.8928908252,,,23.1021391908,,7.8180515005,7.0421992256,-0.8221147601,17.0678989047,-10.385818745,5.3195515987,-0.8221147601,-10.0547231542,-11.2383188914,-9.2784961004,7.9750044504,-89.4385097212,5.3195515987,,,,,,12.3147274329,,,,,0
002463.SZ,002463,沪电股份,10090573,通用,2016-12-31 00:00:00,年报,2016年报,058001001,2017-03-29 00:00:00,2018-04-27 00:00:00,CNY,,887184922.0,833590665,,10611098.0,,,,,,,,,0.0,,,22353317.0,,,,165905840.0,276434632,,,,,,0.0,,0.0,,596495577.0,,64671020.0,943181.0,,,,,,,,0.0,,,,,,2571095134,,,,2601311.0,,,,,,,,120451112,267284.0,620630.0,,,691724744,9958616.0,,,0.0,,,,,,,,,216419.0,,,,315879125,,0.0,,,0.0,,915112074,886851382,27927152.0,53260717.0,,52757.0,,292525231.0,,,,,14920569.0,,,47637942.0,39914230.0,0.0,,,,,,,,,13378739,,,,,,,,1674159763,,,228718258,,,119908894,,271639282,38873803,5323596211,2243495392,1361129353,3365028100,5323596211,1958568111,3080100819,597438758,47905226,40534860,3365028100,,,,,,1253270458,,,,4.0034996506,4.1114990639,,139.4883289168,,,,,,,,,,,,-15.4275507427,,,,0.0,-26.0862762315,,,,,,,,,,,-21.9939993102,-18.9096594501,26.5540824309,,,,,,,,,,,,,,,-6.162952584,,,121.9141539735,,,,,,,,-40.8085822901,-21.5759684759,4634.0198321892,,,26.8968888672,-7.1398406332,,,,,,,,,,,,-59.9817677852,,,,16.3425556709,,,,,,,4.2641959937,7.6524086525,13.2850372646,130.1773828657,,100.7909233536,,136.0231718456,,,,,,,,7.169598154,-82.2158541142,,,,,,,,,,25.2834031603,,,,,,,,0.0,,,-37.1184664755,,,10.932060864,,7.8180515005,-10.8566975282,-2.0598740339,12.1374245856,-5.6303212503,4.2514444506,-2.0598740339,-11.2871702736,-10.3291358803,-21.946728976,6.9508743162,-81.9403817217,4.2514444506,,,,,,9.6990574331,,,标准无保留意见,,0
002463.SZ,002463,沪电股份,10090573,通用,2016-09-30 00:00:00,三季报,2016三季报,058001001,2016-10-25 00:00:00,2016-10-25 00:00:00,CNY,,802421613.0,812351396,,9349111.0,,,,,,,,,0.0,,,23054129.0,,,,165905840.0,245919968,,,,,,0.0,,0.0,,730829748.0,,74301627.0,897019.0,,,,,,,,0.0,,,,,,2784000300,,,,2183814.0,,,,,,,,201311133,440812.0,159167.0,,,569992350,10150040.0,,,0.0,,,,,,,,,186667.0,,,,361118270,,0.0,,,0.0,,820796272,877566502,18374659.0,65215106.0,,-9183047.0,,117897796.0,,,,,,,,56086423.0,127854989.0,0.0,,,,,,,,,15498860,,,,,,,,1674159763,,,356274519,,,99160123,,251942303,47363600,5411195612,2072271748,1389470860,3289997985,5411195612,2121197627,3338923864,731726767,56527235,128014156,3289997985,,,,,,1207173126,,,,-4.9065262375,-1.7136239835,,-40.892090812,,,,,,,,,,,,2.7805977318,,,,0.0,-36.7863065571,,,,,,,,,,,-5.7749014157,-2.2212026955,53.0981667864,,,,,,,,,,,,,,,4.651209184,,,94.620564519,,,,,,,,-0.6713681691,-4.7086646174,,,,14.30454786,-7.0146327244,,,,,,,,,,,,-85.4631585177,,,,32.8455241838,,,,,,,-2.9589829758,-4.9288066275,818.73295,-32.452978302,,5.065239272,,71.3013722296,,,,,,,,25.958318949,-45.5137745733,,,,,,,,,,57.3291543636,,,,,,,,0.0,,,-1.9994534353,,,4.9392680614,,1.4934438026,41.9445233298,0.7559333424,3.2002426159,-0.6126120299,2.9296781483,0.7559333424,-2.4396902044,-0.703716289,-5.7304617525,25.6429988843,-45.4459445331,2.9296781483,,,,,,8.0024612656,,,,,0
002463.SZ,002463,沪电股份,10090573,通用,2016-06-30 00:00:00,中报,2016中报,058001001,2016-08-23 00:00:00,2016-08-23 00:00:00,CNY,,796731148.0,866887198,,10169664.0,,,,,,,,,0.0,,,23208019.0,,,,165905840.0,285039440,,,,,,0.0,,0.0,,741987182.0,,77592906.0,876714.0,,,,,,,,0.0,,,,,,2779326318,,,,2048448.0,,,,,,,,202931086,650664.0,133563.0,,,510603506,10341467.0,,,0.0,,,,,,,,,224000.0,,,,441633398,,0.0,,,0.0,,824621409,916094665,27890261.0,49207467.0,,-9070000.0,,69632209.0,,,,,,,,40041212.0,229055376.0,0.0,,,,,,,,,15654588,,,,,,,,1674159763,,,561299415,,,79313263,,251942303,48815292,5563518989,2184855753,1564910919,3255744174,5563518989,2307774815,3378663236,742863896,40691876,229188939,3255744174,,,,,,1172806268,,,,10.5050296297,12.9765067782,,8.943729401,,,,,,,,,,,,-16.2017416144,,,,0.0,-28.6767004213,,,,,,,,,,,-5.6079476611,17.0580537171,49.6326233848,,,,,,,,,,,,,,,7.1027260734,,,-19.4016884172,,,,,,,,-0.5288983449,-82.4815395774,-75.0582167287,,,26.1287440953,-6.8937219258,,,,,,,,,,,,-79.9382923367,,,,94.2947736252,,,,,,,11.2917174155,10.3333062856,39.7025460588,-21.8695224675,,-57.9569186872,,-76.0590802173,,,,,,,,83.130680641,-57.6544510713,,,,,,,,,,-30.084315934,,,,,,,,0.0,,,73.3103496954,,,7.6536959322,,1.4934438026,14.0244864689,-1.0847620291,-5.8114986079,28.669643925,2.3403470394,-1.0847620291,-5.544522273,2.232899323,-39.4577330629,59.0831882664,-57.6716633924,2.3403470394,,,,,,6.7417624931,,,,,0
002463.SZ,002463,沪电股份,10090573,通用,2016-03-31 00:00:00,一季报,2016一季报,058001001,2016-04-28 00:00:00,2016-04-28 00:00:00,CNY,,824330180.0,867792205,,13259751.0,,,,,,,,,0.0,,,26948472.0,,,,165905840.0,319807117,,,,,,0.0,,0.0,,644791426.0,,86358718.0,745279.0,,,,,,,,0.0,,,,,,2769473618,,,,1968429.0,,,,,,,,202041565,1305690.0,133563.0,,,568169126,10532891.0,,,0.0,,,,,,,,,531734.0,,,,295346818,,0.0,,,0.0,,849351294,942626056,25021114.0,74833851.0,,-6274893.0,,50632715.0,,,,,,,,53099195.0,114086028.0,0.0,,,,,,,,,15776224,,,,,,,,1674159763,,,477025391,,,79990060,,251942303,39377642,5404433074,1988738959,1513409023,3245487346,5404433074,2158945728,3415694115,645536705,54404885,114219591,3245487346,,,,,,1159754333,,,,2.2116121561,14.8122115169,,51.2503540363,,,,,,,,,,,,-9.9385970318,,,,0.0,-16.6439791988,,,,,,,,,,,-13.3299761156,36.7934576782,27.2000355003,,,,,,,,,,,,,,,6.8583055395,,,,,,,,,,,-1.2089633053,,-85.1356194021,,,15.6018237107,25.2448888129,,,,,,,,,,,,-62.1388575595,,,,18.4503587226,,,,,,,3.0117503257,13.5564735386,38.8120294186,0.7749875105,,-25.1587049413,,-80.6288578494,,,,,,,,-18.2880879461,-76.7775023194,,,,,,,,,,161.4447400902,,,,,,,,0.0,,,63.1240106816,,,-14.7218613857,,1.4934433937,30.2013159188,-3.7206581897,-14.6652037759,15.110649985,1.7084290448,-3.7206581897,-10.8725288678,4.0491234716,-41.7159190085,-16.2788215825,-76.7927614808,1.7084290448,,,,,,4.7007584105,,,,,0
002463.SZ,002463,沪电股份,10090573,通用,2015-12-31 00:00:00,年报,2015年报,058001001,2016-03-25 00:00:00,2018-04-27 00:00:00,CNY,,853033720.0,800671081,,4430737.0,,,,,,,,,0.0,,,26430968.0,,,,165905840.0,373996354,,,,,,0.0,,0.0,,764679091.0,,79751817.0,745279.0,,,,,,,,0.0,,,,,,2739957410,,,,1172215.0,,,,,,,,203494217,340819.0,13110.0,,,545107725,10724315.0,,,0.0,,,,,,,,,540801.0,,,,271507810,,0.0,,,0.0,,877685830,823810069,24652110.0,23138988.0,,-6670305.0,,123939200.0,,,,,,,,44450985.0,224437149.0,0.0,,,,,,,,,10678780,,,,,,,,1674159763,,,363728817,,,108092190,,251942303,43608215,5435561940,2000666058,1442337593,3227799977,5435561940,2207761963,3434895882,765424370,44791804,224450259,3227799977,,,,,,1142462376,,,,10.6688219154,10.1792399158,,-53.6738619859,,,,,,,,,,,,0.440313753,,,,0.0,6.9540698485,,,,,,,,,,,9.4467200659,69.4852473095,27.2000355003,,,,,,,,,,,,,,,8.5109980135,,,,,,,,,,,-0.8144993846,-51.0688730388,-98.7287938377,,,19.8870371329,-6.6640388776,,,,,,,,,,,,-68.0436019663,,,,25.1809671664,,,,,,,11.7521172479,8.5787919597,68.9922187286,-27.741008952,,1.5648844429,,-70.6991137297,,,,,,,,38.7336219927,-46.4029799405,,,,,,,,,,43.376202524,,,,,,,,0.0,,,19.6771293163,,,17.1114371568,,1.4934438026,0.4562573184,-0.2092940207,-12.2712760903,13.8099288701,0.1751627814,-0.2092940207,-0.7660974878,8.4778921988,-20.058843883,36.8229446166,-46.5315323796,0.1751627814,,,,,,0.1605009819,,,标准无保留意见,,0
002463.SZ,002463,沪电股份,10090573,通用,2015-09-30 00:00:00,三季报,2015三季报,058001001,2015-10-28 00:00:00,2015-10-28 00:00:00,CNY,,843824062.0,826514751,,15817022.0,,,,,,,,,0.0,,,22430429.0,,,,165905840.0,389029583,,,,,,0.0,,0.0,,775621102.0,,75989508.0,585911.0,,,,,,,,0.0,,,,,,2660265774,,,,1122088.0,,,,,,,,202671807,462594.0,,,,498661130,10915739.0,,,0.0,,,,,,,,,1284096.0,,,,271833223,,0.0,,,0.0,,845824062,923062466,2000000.0,96547715.0,,-9673008.0,,68824782.0,,,,,,,,44527764.0,234655618.0,0.0,,,,,,,,,9851232,,,,,,,,1674159763,,,363543400,,,94492867,,248235052,33367684,5370597475,2008010539,1398035393,3196355069,5370597475,2174242406,3362586936,776207013,44990358,234655618,3196355069,,,,,,1117727422,,,,0.4837420673,-7.837555146,,-63.2162646907,,,,,,,,,,,,-22.5409046476,,,,-0.000270032,-41.4780954486,,,,,,,,,,,,219.4307462596,-2.7331811579,,,,,,,,,,,,,,,25.5101601671,,,,,,,,,,,2.3526444762,,,,,11.6394816697,-6.5591866175,,,,,,,,,,,,-35.1527256292,,,,-37.8790443715,,,,,,,-4.0820107185,-1.3811547023,-95.2446926609,146.3717173988,,,,-40.9506820164,,,,,,,,10.2762681826,-42.5944640278,,,,,,,,,,-75.1151626026,,,,,,,,0.0,,,-5.0248964819,,,10.7254350086,,-4.028e-07,41.209131994,-1.1656570691,-15.81358014,-4.0434193962,-1.2038757919,-1.1656570691,-1.1094179834,10.2941985256,4.6540263192,11.421916098,-42.5996777802,-1.2038757919,,,,,,-3.0374066322,,,,,0
002463.SZ,002463,沪电股份,10090573,通用,2015-06-30 00:00:00,中报,2015中报,058001001,2015-08-06 00:00:00,2015-08-06 00:00:00,CNY,,720990846.0,767316341,,9334786.0,,,,,,,,,0.0,,,27695109.0,,,,165905840.0,399644214,,,,,,0.0,,0.0,0.0,786069551.0,,66285833.0,585911.0,,,,,,,,0.0,0.0,,,,,2595009875,,,,2541552.0,,,,,,,,204010092,3714162.0,535499.0,,,404827234,11107164.0,,,0.0,,,,,,,440361519.0,,1116555.0,,0.0,,227300709,,0.0,0.0,,0.0,0.0,740954878,830297483,19964032.0,62981142.0,,-5742072.0,,290850183.0,,,0.0,0.0,,,,21864830.0,540919605.0,0.0,0.0,0.0,0.0,,,0.0,0.0,,22390667,,,,,,,,1674159763,,,323869530,,,73674445,,248235052,42811236,5624531774,2319662932,1216223867,3181290926,5624531774,2443240848,3304868842,1227016981,25578992,541455104,3181290926,0.0,,,,,1098732343,,,,-14.5996406857,-7.4409890186,,17.7188675324,,,,,,,,,,,,,,,,0.0,-41.9890649466,,,,,,,,,,,,137.8009331466,-2.7331811579,,,,,,,,,,,,,,,32.0437539414,,,,,,,,,,,14.0710039763,,-43.6134030823,,,-12.9218973172,-6.4491521548,,,,,,,,,,,,964.866385641,,,,-37.5325856691,,,,,,,-14.5702117505,-6.7744275886,-13.4936364801,2.1916117363,,,,129.6099690499,,,,,,,,-78.117314823,11.4330153267,,,,,,,,,,452.6958982003,,,,,,,,0.0,,,12.7419640496,,,5.2762616382,,0.0,65.122925667,7.9694669355,-0.7205464536,-10.4631017743,-2.3721649739,7.9694669355,25.2441446838,15.0370246198,107.1148410344,-74.4001197777,11.3255312399,-2.3721649739,,,,,,-6.1129873377,,,,,0
002463.SZ,002463,沪电股份,10090573,通用,2015-03-31 00:00:00,一季报,2015一季报,058001001,2015-04-29 00:00:00,2015-04-29 00:00:00,CNY,,806493668.0,755836155,,8766757.0,,,,,,,,,0.0,,,29922332.0,,,,165905840.0,383664088,,,,,,0.0,,0.0,0.0,743961288.0,,63130737.0,585911.0,,,,,,,,0.0,0.0,,,,,2591725186,,,,,,,,,,,,204514065,,898544.0,,,491488030,8409837.0,,,0.0,,,,,,,363022302.0,,1404432.0,,0.0,,249342274,,0.0,0.0,,0.0,0.0,824518845,830094513,18025177.0,74258358.0,,-5013549.0,,261382187.0,,,0.0,0.0,,,,64983420.0,491273719.0,0.0,0.0,0.0,0.0,,,0.0,0.0,,6034248,,,,,,,,1674159763,,,292431132,,,93799022,,248235053,30243659,5613284192,2330513515,1314742835,3190971856,5613284192,2422312336,3282770677,1107569501,64983420,492172263,3190971856,,,,,,1107684749,,,,3.7557045051,1.7463094766,,5.2694164836,,,,,,,,,,,,,,,,-62.7121299736,-57.6678092073,,,,,,,,,,,,133.9925882332,-2.7331811579,,,,,,,,,,,,,,,66.8166091633,,,,,,,,,,,12.4018477835,,29.9659082198,,,12.7881036316,-31.3802713885,,,,,,,,,,,,979.4355458542,,,,-39.9958352667,,,,,,,2.7827816425,5.059786153,-27.5950173007,57.1510437983,,,,5.8815218773,,,,,,,,44.0953997049,11.3389429904,,,,,,,,,,-12.6794653378,,,,,,,,19.9999999857,,,136.6957744225,,,29.2096733541,,4.028e-07,14.5867848394,11.8541470644,-0.2829549839,21.9436245342,-6.2658080889,11.8541470644,50.0702641283,22.4334424754,106.6505502786,44.0953997049,11.3680833977,-6.2658080889,,,,,,-15.8279638467,,,,,0
002463.SZ,002463,沪电股份,10090573,通用,2014-12-31 00:00:00,年报,2014年报,058001001,2015-03-26 00:00:00,2016-03-25 00:00:00,CNY,,770798591.0,726698679,,9564227.0,,,,,,,,,0.0,,,26315099.0,,,,165905840.0,349679404,,,,,,0.0,,0.0,0.0,698677028.0,,47055315.0,585911.0,,,,,,,,0.0,0.0,,,,,2525050419,,,,,,,,,,,,205165287,696528.0,1031304.0,,,454684458,11490014.0,,,0.0,,,,,,,258221800.0,,1692309.0,,0.0,,216892245,,0.0,0.0,,0.0,0.0,785386310,758720975,14587719.0,32022296.0,,-6776347.0,,422987888.0,,,0.0,0.0,,,,32040528.0,418749305.0,0.0,0.0,0.0,0.0,,,0.0,0.0,,7448084,,,,,,,,1674159763,,,303925085,,,92298577,,248235052,43410153,5446962106,2280514259,1267321408,3222155959,5446962106,2224806147,3166447847,957484739,32737056,419780609,3222155959,,,,,,1140631651,,,,2.4915189975,10.6868943681,,-15.7670346208,,,,,,,,,,,,,,,,-62.7121299736,-60.2165649247,,,,,,,,,,,62.4687729437,74.4094156065,-2.7331811579,,,,,,,,,,,,,,,83.4742091512,,,,,,,,,,,12.7847306779,,-41.4212214193,,,22.2615677238,-6.2476903629,,,,,,,,,,,,962.674411303,,,,-64.6560303326,,,,,,,0.3327109339,7.0541116088,-52.5155693699,-38.6442360048,,-1512477.45535714,,46.5958717025,,,,,,,,-19.6542017966,26.6791868364,,,,,,,,,,-7.6993466531,,,,,,,,19.9999999857,,,409.8561452004,,,16.0217407228,,0.0,90.4739700533,13.3092970752,-1.8378584628,27.2451828158,-4.6855749889,13.3092970752,55.9507481476,27.4762625346,122.3398892051,-17.9075670928,26.3184085613,-4.6855749889,,,,,,-11.7331803184,,,标准无保留意见,,0
002463.SZ,002463,沪电股份,10090573,通用,2014-09-30 00:00:00,三季报,2014三季报,058001001,2014-10-28 00:00:00,2014-10-28 00:00:00,CNY,,839761781.0,896802111,,43000043.0,,,,,,,,,0.0,,,28957773.0,,,,165906288.0,664758924,,,,,,0.0,,0.0,0.0,,,23789040.0,602375.0,,,,,,,,0.0,0.0,,,,,2119562090,,,,,,,,,,,,198013259,,37129.0,,,446670947,11681982.0,,,0.0,,,,,,,102969250.0,,1980185.0,,,,437586995,,0.0,0.0,,0.0,0.0,881820051,935989935,42058270.0,39187824.0,,,,116554745.0,,,,,,,638117004.0,40378374.0,408768273.0,0.0,-5737841.0,,,,,,,,39587287,,,,,,,,1674159763,,,382777577,,,85339802,,248235053,23629976,5433938564,2385195311,1456945823,3235304112,5433938564,2198634452,3048743253,741688629,40378374,408805402,3235304112,,,,,,1152740849,,,,23.1586602801,6.5504933895,,326.5288688833,,,,,,,,,,,,,,,,-62.7120292842,-34.0450147967,,,,,,,,,,,,90.4139553528,-2.6603085137,,,,,,,,,,,,,,,121.3677595781,,,,,,,,,,,6.8945308603,,-95.8471792382,,,53.0486610517,,,,,,,,,,,,,6153.3474388935,,,,-47.372182695,,,,,,,22.5075631279,2.2647853151,10.8107528475,-46.7502997449,,,,45.69343125,,,,,,,75.6015537239,-0.9717374024,39.401659237,,,,,,,,,,207.3101670744,,,,,,,,19.9999999857,,,1194.127461374,,,28.1978589977,,6.281201164,173.1883601461,18.4189528765,-1.665412881,74.5838459553,-4.569144953,18.4189528765,83.4438001583,40.9400373795,103.7561375644,-0.9717374024,38.9905358216,-4.569144953,,,,,,-12.4441397342,,,,,0
002463.SZ,002463,沪电股份,10090573,通用,2014-06-30 00:00:00,中报,2014中报,058001001,2014-08-05 00:00:00,2014-08-05 00:00:00,CNY,,844248024.0,829002312,,7929728.0,,,,,,,,,0.0,,,,,,,165905840.0,688911864,,,,18551.0,,0.0,,0.0,0.0,,,27874505.0,602375.0,,,,,,,,0.0,0.0,,,,,1965265147,,,,,,,,,,,,178844829,,949692.0,,,464901303,11872863.0,,,0.0,,,,,,,,,104854.0,,,,363870846,,0.0,0.0,,0.0,0.0,867326132,890632754,23078108.0,61630442.0,,,,126671409.0,,,,,,,591830777.0,99918405.0,485421312.0,0.0,0.0,,,,,,,,4051173,,,,,,,,1674159763,,,287266177,,,69982011,,248235052,25926888,5209372551,2336498489,1358349341,3258590058,5209372551,1950782493,2872874062,592433152,99918405,486371004,3258590058,,,,,,1170270852,,,,31.6671670681,1.5065435509,,26.2364070326,,,,,,,,,,,,,,,,-62.7121299736,-1.7482264948,,,,,,,,,,,,138.2463611122,-2.6603085137,,,,,,,,,,,,,,,99.2481800843,,,,,,,,,,,-4.0530535378,,-77.7466546475,,,70.7956555585,,,,,,,,,,,,,137.4088665489,,,,-57.9463239347,,,,,,,28.0733001261,-0.1306783392,-35.9157497374,-17.9352191151,,,,42.3434194853,,,,,,,96.8619413505,165.3068737722,-26.6224031238,,,,,,,,,,-68.2199225512,,,,,,,,19.9999999857,,,-6.299403039,,,41.4853946406,,6.2812007359,207.2380960732,11.2532122644,-16.4579368508,28.9958260421,-2.0908594116,11.2532122644,44.0468673138,52.3542553805,96.6575001981,165.3068737722,-26.9500955555,-2.0908594116,,,,,,-6.7176977808,,,,,0
002463.SZ,002463,沪电股份,10090573,通用,2014-03-31 00:00:00,一季报,2014一季报,058001001,2014-04-25 00:00:00,2014-04-25 00:00:00,CNY,,777300556.0,742863460,,8327924.0,,,,,,,,,0.0,,,,,,,444932467.0,906317582,,,,-448.0,,0.0,,0.0,,,,26979802.0,602375.0,,,,,,,,0.0,,,,,,1553637374,,,,,,,,,,,,181949024,,691369.0,,,435762296,12255713.0,,,0.0,,,,,,,,,130108.0,,,,415541613,,0.0,,,0.0,,802195496,790116317,24894940.0,47252857.0,,,,246862892.0,,,,,,,535360147.0,45097498.0,441241587.0,0.0,,,,,,,,,6910457,,,,,,,,1395133136,,,123547255,,,72594427,,248235052,26393671,5018396134,2337126531,1078156271,3404277341,5018396134,1614118793,2681269603,535962522,45097498,441932956,3404277341,,,,,,1315977134,,,,28.7771718665,-4.8642121863,,-37.9714682536,,,,,,,,,,,,,,,,-34.3229154809,75.4798541283,,,,,,,,,,,,75.4353696687,-2.6603085137,,,,,,,,,,,,,,,55.3503621999,,,,,,,,,,,15.1095373239,,,,,67.0791501556,,,,,,,,,,,,,82.0558027594,,,,-68.3969215253,,,,,,,21.2663396445,-12.3732063653,-57.0140897776,-60.8957088718,,,,,,,,,,,107.7299842315,20.8993555948,-28.8705015115,,,,,,,,,,81.9926375547,,,,,,,,19.9999999656,,,-59.4032933582,,,39.1270548305,,6.2812007359,195.4219489415,4.7334879155,-24.6454066004,3.5603475394,-2.51654254,4.7334879155,24.2176458609,58.647319679,107.4655489334,20.8993555948,-28.7590507061,-2.51654254,,,,,,-7.229451626,,,,,0
002463.SZ,002463,沪电股份,10090573,通用,2013-12-31 00:00:00,年报,2013年报,058001001,2014-04-25 00:00:00,2015-03-26 00:00:00,CNY,,752060852.0,656535431,,11354494.0,,,,,,,,,0.0,,,,,,,444932467.0,878957293,,,,-448.0,,0.0,,0.0,0.0,430037733.0,,26979802.0,602375.0,,,,,,,,0.0,0.0,,,,,1376242705,,,,,,,,,,,,181908744,,1760542.0,,,371894837,12255713.0,,,0.0,,,,,,,,,159250.0,,0.0,,613661247,,0.0,0.0,,0.0,0.0,782781909,708726609,30721057.0,52191178.0,,-448.0,,288540109.0,,,0.0,0.0,7447453.0,,430037733.0,39878287.0,330558883.0,0.0,0.0,0.0,0.0,,,0.0,0.0,,8069373,,,,,,,,1395133136,,,59609968,,,79552829,,248235052,22790596,4807162560,2323211600,995968083,3380554369,4807162560,1426608191,2483950960,430640108,39878287,332319425,3380554369,,,,,,1292254162,,,,36.2394437376,-12.7076821634,,-53.3220690143,,,,,,,,,,,,,,,,-34.3229154809,112.1444004399,,,,,,,,,,,,75.4353696687,-2.6603085137,,,,,,,,,,,,,,,33.6015909912,,,,,,,,,,,61.8209772425,,-88.4344653513,,,49.8371917141,,,,,,,,,,,,,50.0009419211,,,,-66.210875339,,,,,,,27.5256274642,-16.3162881975,-50.2969356607,-44.9458446111,,,,707.498423498,,,,,-80.5040497382,,100.1277917902,4.3543814538,133.2033054959,,,,,,,,,,21.2880347196,,,,,,,,19.9999999656,,,-80.9910861412,,,16.4727436386,,6.2812007359,59.324147722,1.8219879127,-25.3134453221,-7.1409050015,-1.5301296554,1.8219879127,10.7564433926,54.2320575044,99.8326221235,4.3543814538,111.7096907749,-1.5301296554,,,,,,-4.9432200594,,,标准无保留意见,,0
002463.SZ,002463,沪电股份,10090573,通用,2013-09-30 00:00:00,三季报,2013三季报,058001001,2013-10-28 00:00:00,2013-10-28 00:00:00,CNY,,681853618.0,841668661,,10081391.0,,,,,,,,,0.0,,,,,,,444932467.0,1007897920,,,,,,0.0,,0.0,,,,12493328.0,618838.0,,,,,,,,0.0,,,,,,957484547,,,,,,,,,,,,185241712,,894067.0,,,291848974,,,,0.0,,,,,,,,,31666.0,,,,831474717,,0.0,,,0.0,,719808662,915261233,37955044.0,73592572.0,,,,80000000.0,,,,,,,363389156.0,40774596.0,293230565.0,0.0,,,,,,,,,12881867,,,,,,,,1395133136,,,29578043,,,66568820,,233564403,-32286522,4588740596,2425591423,834524990,3390207612,4588740596,1198532984,2163149173,364007994,40774596,294124632,3390207612,,,,,,1316577606,,,,5.2336338565,-0.5778100798,,49.1452920011,,,,,,,,,,,,,,,,-34.3229154809,189.6656989118,,,,,,,,,,,,-43.7280061689,-1.5899216966,,,,,,,,,,,,,,,-7.8216000728,,,,,,,,,,,135.7506648466,,,,,17.0711021815,,,,,,,,,,,,,-70.3856800838,,,,-53.3427695583,,,,,,,5.7300596117,-8.9327047872,15.5199635645,-53.5629594915,,,,,,,,,,,163.9473199468,-35.9485084683,67.2653108157,,,,,,,,,,-47.0970337154,,,,,,,,19.9999999656,,,-92.0901654047,,,11.8214933824,,12.9692208642,-280.3912828492,-2.8559750052,-25.0454031057,-30.6058246004,0.2202661617,-2.8559750052,-10.6166214473,45.4153579145,163.1946592093,-35.9485084683,67.7753067456,0.2202661617,,,,,,-1.4493803071,,,,,0
002463.SZ,002463,沪电股份,10090573,通用,2013-06-30 00:00:00,中报,2013中报,058001001,2013-08-06 00:00:00,2013-08-06 00:00:00,CNY,,641198594.0,816698395,,6281649.0,,,,,,,,,0.0,,,,,,,444932467.0,701169902,,,,,,0.0,,0.0,,,,11699866.0,618838.0,,,,,,,,0.0,,,,,,986340325,,,,,,,,,,,,186399709,,4267637.0,,,272197382,,,,0.0,,,,,,,,,44166.0,,,,865253362,,0.0,,,0.0,,677210731,891798141,36012137.0,75099746.0,,,,88990000.0,,,,,,,300632399.0,37661446.0,661538852.0,0.0,,,,,,,,,12747524,,,,,,,,1395133136,,,306578812,,,49462357,,233564403,-24176938,4682446866,2796792898,1053018057,3328177572,4682446866,1354269294,1885653968,301251237,37661446,665806489,3328177572,,,,,,1254547566,,,,5.1150638291,2.9895771569,,2.0811449068,,,,,,,,,,,,,,,,-34.3229154809,126.0881923804,,,,,,,,,,,,-47.3018888661,-1.5899216966,,,,,,,,,,,,,,,-7.7977227672,,,,,,,,,,,135.6025437025,,,,,0.3496448248,,,,,,,,,,,,,-77.5443484627,,,,-50.0681908033,,,,,,,2.4217460426,-7.105318676,-29.6656150988,-55.0350992054,,,,,,,,,,,,9.5207699358,1144.2617360658,,,,,,,,,,20.0885342161,,,,,,,,19.9999999656,,,0.802015017,,,6.4297206992,,12.9692208642,-836.8407959428,3.8394527696,-7.6329286976,-5.3910272687,1.2881377265,3.8394527696,10.6915149063,27.2884127506,172.7705394105,9.5207699358,1152.2885623156,1.2881377265,,,,,,1.2519712091,,,,,0
002463.SZ,002463,沪电股份,10090573,通用,2013-03-31 00:00:00,一季报,2013一季报,058001001,2013-04-23 00:00:00,2013-04-23 00:00:00,CNY,,603601201.0,780845439,,13425957.0,,,,,,,,,0.0,,,,,,,677454656.0,516479562,,,,,,0.0,,0.0,,,,15378770.0,618838.0,,,,,,,,,,,,,,1000086097,,,,,,,,,,,,158065985,,,,,260811894,,,,0.0,0.0,,,,,,,,71466.0,,,,1314877009,,0.0,,,0.0,,661515387,901683474,57914186.0,120838035.0,,,,,,,,,,,257719245.0,37301686.0,620335580.0,0.0,,,,,,,,,3797108,,,,,,,,1162610947,,,304328270,,,52178512,,233564403,-27659958,4791586945,3101505065,1041089854,3492159008,4791586945,1299427937,1690081880,258338083,37301686,620335580,3492159008,,,,,,1418529002,,,,15.6251039087,18.3452179164,,17.1138147378,,,,,,,,,,,,,,,,-32.9006482827,69.2965476964,,,,,,,,,,,,-29.203198835,,,,,,,,,,,,,,,,-5.8402876817,,,,,,,,,,,104.7530587797,,,,,-3.8963117087,,,,,,,,,,,,,-75.0497496806,,,,-28.3813849972,,,,,,,18.0846090514,10.1916127952,51.7207056968,-23.7536644772,,,,,,,,,,,207.6662189465,19.0311823031,2883.1420065829,,,,,,,,,,-20.669209414,,,,,,,,39.9999999518,,,-10.0532427359,,,17.4655285798,,12.9692208642,-261.1653672441,8.4659663844,5.0931221875,-0.7440971319,6.308335032,8.4659663844,14.7235142496,15.253979361,208.4049901143,19.0311823031,2883.1420065829,6.308335032,,,,,,14.5713655348,,,,,0
002463.SZ,002463,沪电股份,10090573,通用,2012-12-31 00:00:00,年报,2012年报,058001001,2013-03-07 00:00:00,2014-04-25 00:00:00,CNY,,552014036.0,752111351,,24325187.0,,,,,,,,,0.0,,,,,,,677454656.0,414320289,,,,,,0.0,,0.0,,,,15378770.0,618838.0,,,,,,,,0.0,,,,,,1030109518,,,,,,,,,,,,112413574,,15222314.0,,,248199284,,,,0.0,0.0,,,,,,,,106166.0,,,,1816150176,,0.0,,,0.0,,613823217,846911058,61809181.0,94799707.0,,,,35732591.0,,,,,38200000.0,,214881566.0,38214291.0,141747083.0,0.0,,,,,,,,,6653066,,,,,,,,1162610947,,,313589553,,,68301670,,233564403,14304546,4721143889,3110615572,1072558464,3433085021,4721143889,1288058868,1610528317,215500404,38214291,156969397,3433085021,,,,,,1359455015,,,,4.1401360066,16.5567274829,,57.9496879081,,,,,,,,,,,,,,,,-32.9006482827,39.0554810711,,,,,,,,,,,,-29.203198835,-1.5899216966,,,,,,,,,,,,,,,-3.2336668788,,,,,,,,,,,39.7637109797,,10.8289487805,,,-10.5314579024,,,,,,,,,,,,,-71.2909680909,,,,5.646849718,,,,,,,15.8007389913,13.4477868181,,-6.3666147908,,,,,,,,,,,160.5016015858,45.611794839,1337.4933879014,,,,,,,,,,14.9129758314,,,,,,,,39.9999999518,,,30.4013957706,,,11.3644495281,,12.9692208642,245.9387095099,11.4158675553,12.1994779027,14.7602145621,6.6280651675,11.4158675553,26.5625987819,9.9329561372,159.2752621521,45.611794839,565.2465066266,6.6280651675,,,,,,15.9087801223,,,标准无保留意见,,0
002463.SZ,002463,沪电股份,10090573,通用,2012-09-30 00:00:00,三季报,2012三季报,058001001,2012-10-24 00:00:00,2012-10-24 00:00:00,CNY,,647942671.0,846560171,,6759443.0,,,,,,,,,,,,,,,,677454656.0,347952113,,,,,,,0.0,,0.0,,,22201680.0,628836.0,,,,,,,,,,,,,,1038729841,,,,,,,,,,,,78575266,,,,,249292070,,,,,,,,,,,,,106928.0,,,,1782091884,,,,,,,680798502,1005038341,32855831.0,158478170.0,,,,,,,,,,,137674880.0,63659089.0,175308654.0,,,,,,,,,,24349990,,,,,,,,1162610947,,,373940095,,,59531328,,206750477,17898050,4723646767,3236080939,1202586507,3382756544,4723646767,1340890223,1487565828,138303716,63659089,175308654,3382756544,,,,,,1335940464,,,,1.3800235845,9.3094478517,,-18.901045003,,,,,,,,,,,,,,,,-32.9006482827,1.5387508201,,,,,,,,,,,,-7.0911382031,,,,,,,,,,,,,,,,8.1852234127,,,,,,,,,,,7.4279089393,,,,,-12.2197677913,,,,,,,,,,,,,-66.2879122265,,,,-7.0487974958,,,,,,,6.5207946291,23.216341363,,284.5843336229,,,,,,,,,,,166.3132919454,96.5846859326,560.1332913901,,,,,,,,,,132.8477443834,,,,,,,,39.9999999518,,,-8.6989175438,,,2.5266035359,,18.102766238,670.7668561989,6.0519347325,5.9650592768,3.6464864199,7.4351882065,6.0519347325,2.7156034967,6.241418256,-4.7249007147,96.5846859326,560.1332913901,7.4351882065,,,,,,17.8573569589,,,,,0
002463.SZ,002463,沪电股份,10090573,通用,2012-06-30 00:00:00,中报,2012中报,058001001,2012-08-08 00:00:00,2012-08-08 00:00:00,CNY,,609996865.0,792991308,,6153584.0,,,,,,,,,,,,,,,,677454656.0,310131146,,,,,,,0.0,,0.0,109812430.0,,22201680.0,628836.0,,,,,,,,,,,,,,1069757011,,,,,,,,,,,,79116170,,,,,271248974,,,,,,,,,,,,,196681.0,,,,1732870040,,,,63249000.0,,,661198190,960009904,51201325.0,167018596.0,,,,,,,,,,,,34387492.0,53167178.0,,,,,,,,,,10615105,,,,,,,,1162610947,,,304139567,,,46474196,,206750477,-2580688,4509313889,3027911201,1113021341,3285851282,4509313889,1223462607,1481402688,110441266,34387492,53167178,3285851282,,,,,,1239035202,,,,-9.7448934885,-8.6442961015,,-43.6593587042,,,,,,,,,,,,,,,,-32.9006482827,-17.2979846071,,,,,,,,,,,,-7.0911382031,,,,,,,,,,,,,,,,16.5939377396,,,,,,,,,,,7.2437990781,,,,,11.592394691,,,,,,,,,,,,,-51.2296667328,,,,-1.0947479622,,,,291.5922423267,,,-2.1691479289,5.341029847,,285.6425872693,,,,,,,,,,,,-2.8623982664,64.8385206742,,,,,,,,,,5.3118096577,,,,,,,,39.9999999518,,,-9.3574347928,,,-4.874047478,,18.102766238,-126.8769648541,3.9163896987,2.6831477966,-1.7050201996,7.3445375057,3.9163896987,-4.2924711744,6.5315440484,-24.3589238872,-2.8623982664,64.8385206742,7.3445375057,,,,,,18.4651202458,,,,,0
002463.SZ,002463,沪电股份,10090573,通用,2012-03-31 00:00:00,一季报,2012一季报,058001001,2012-04-19 00:00:00,2012-04-19 00:00:00,CNY,,522033002.0,659803119,,11464025.0,,,,,,,,,,,,,,,,1009629212.0,305073889,,,,,,,0.0,,0.0,,,21722408.0,,,,,,,,,,,,,,,1062116772,,,,,,,,,,,,77198351,,,,,271385936,,,,,,,,,,,,,286434.0,,,,1835943084,,,,70783875.0,,,560204579,818286847,38171577.0,158483728.0,,,,,,,,,,,83765857.0,31337743.0,20794705.0,,,,,,,,,,4786424,,,,,,,,830436391,,,338342681,,,44420276,,206750477,-7658530,4417594850,2951196996,1048894649,3284934344,4417594850,1132660506,1466397854,83765857,31337743,20794705,3284934344,,,,,,1238118264,,,,-16.7013240652,-14.1464082251,,174.8714480064,,,,,,,,,,,,,,,,-12.0559069719,-9.295896422,,,,,,,,,,,,-24.2864483828,,,,,,,,,,,,,,,,14.4618353949,,,,,,,,,,,3.6402731989,,,,,9.6029338308,,,,,,,,,,,,,-41.4700232948,,,,5.5388968733,,,,330.8667995678,,,-10.6104412853,0.0675987489,,222.0376620364,,,,,,,,,,,,-11.0541764491,-17.2628770949,,,,,,,,,,-39.5434303955,,,,,,,,19.9999999711,,,52.3173969214,,,-21.2335633936,,18.102766238,17.5023668762,5.0330256377,3.9892789256,10.2042642413,6.0063172947,5.0330256377,2.3087504802,7.1984419839,-46.071327207,-11.0541764491,-17.2628770949,6.0063172947,,,,,,14.2507973252,,,,,0
002463.SZ,002463,沪电股份,10090573,通用,2011-12-31 00:00:00,年报,2011年报,058001001,2012-03-06 00:00:00,2013-03-07 00:00:00,CNY,,530068480.0,645274938,,15400592.0,,,,,,,,,,,,,,,,1009629212.0,297953224,,,,,,,0.0,,0.0,,,21722408.0,628836.0,,,,,,,,,,,,,,1064532968,,,,,,,,,,,,80431160,,13734962.0,,,277415143,,,,,,,,,,,,,369800.0,,,,1719076509,,,,70885125.0,,,530068480,746520564,,101245626.0,,,,,,,,,,,82487618.0,26243953.0,9860712.0,,,,,,,,,,5789656,,,,,,,,830436391,,,240480212,,,61331664,,206750477,-9801749,4237407106,2772397546,934608277,3219682375,4237407106,1017724731,1465009560,83116454,26243953,23595674,3219682375,,,,,,1172866295,,,,-8.3974954493,-10.6397836341,,828.5368810922,,,,,,,,,,,,,,,,-12.0559069719,-0.8634297574,,,,,,,,,,,,-24.2864483828,,,,,,,,,,,,,,,,12.9613471389,,,,,,,,,,,7.9521800348,,,,,29.894821607,,,,,,,,,,,,,-35.740599152,,,,3.5409988278,,,,330.2587253414,,,-8.3974954493,-1.4883656742,,183.6488574088,,,,,,,,,,,,28.2517376373,-60.7841849027,,,,,,,,,,-18.5779346875,,,,,,,,19.9999999711,,,59.5974002504,,,-0.5818212835,,18.102766238,49.8839867926,5.6547475248,4.0725062757,15.3738039318,6.2532850561,5.6547475248,3.8048428945,8.7845650332,-51.2088511108,28.2517376373,-6.1605704861,6.2532850561,,,,,,15.5453388281,,,标准无保留意见,,0
002463.SZ,002463,沪电股份,10090573,通用,2011-09-30 00:00:00,三季报,2011三季报,058001001,2011-10-28 00:00:00,2011-10-28 00:00:00,CNY,,639122628.0,774462032,,8334809.0,,,,,,,,,,,,,,,,1009629212.0,342679135,,,,,,,0.0,,0.0,,,23896192.0,,,,,,,,,,,,,,,960140219,,,,,,,,,,,,73142321,,,,,283995683,,,,,,,,,,,63762500.0,,317180.0,,,,1917233813,,,,15940625.0,,,639122628,815669683,,41207651.0,,,,,,,,,,,51696586.0,32382527.0,26556554.0,,,,,,,,,,10457473,,,,,,,,830436391,,,409568085,29703414.0,,58064274,,175059809,-3135790,4454088253,3053913206,1160277158,3148648595,4454088253,1305439658,1400175047,145162500,32382527,26556554,3148648595,,,,,,1133523183,,,,18.89808118,1.7657598112,,6.5840121853,,,,,,,,,,,,,,,,-12.0559069719,82.6570377431,,,,,,,,,,,,-28.4737799364,,,,,,,,,,,,,,,,1.8361712755,,,,,,,,,,,-1.5158271795,,,,,11.7336965793,,,,,,,,,,,-65.4524663593,,-52.0571964086,,,,17.0007822346,,,,-6.3761838338,,,18.7364597668,-0.0341244735,,-24.9732539256,,,,,,,,,,,,3.8112123389,58.7001085289,,,,,,,,,,102.9517203635,,,,,,,,19.9999999711,,,133.8225864186,,,0.495446235,,21.7725425683,-123.9838459204,12.2097169655,11.8380396982,38.0749305833,6.9316548831,12.2097169655,27.3737821538,13.0290127947,-21.3486555246,3.8112123389,58.7001085289,6.9316548831,,,,,,17.987116774,,,,,0
002463.SZ,002463,沪电股份,10090573,通用,2011-06-30 00:00:00,中报,2011中报,058001001,2011-08-05 00:00:00,2011-08-05 00:00:00,CNY,,675858562.0,868026050,,10922105.0,,,,,,,,,,,,,,,,1009629212.0,374998293,,,,,,,0.0,,0.0,,,23896192.0,,,,,,,,,,,,,,,917506546,,,,,,,,,,,,73772256,,,,,243071201,,,,,,,,,,,64607000.0,,403280.0,,,,1752050578,,,,16151750.0,,,675858562,911335218,,43309168.0,,,,,,,,,,,10880226.0,35400804.0,32254098.0,,,,,,,,,,10079691,,,,,,,,830436391,,,335537246,70519774.0,,48855433,,175059809,9601858,4339367353,2948790786,1132327758,3061032595,4339367353,1278334758,1390576567,146007000,35400804,32254098,3061032595,,,,,,1045907183,,,,23.5749215146,19.4875682739,,116.4710874545,,,,,,,,,,,,,,,,,231.5421925035,,,,,,,,,,,,-29.0898865708,,,,,,,,,,,,,,,,-4.8564999299,,,,,,,,,,,-1.5475748821,,,,,4.5318462026,,,,,,,,,,,-67.8589153291,,-46.0624866253,,,,266.9865409435,,,,-70.2694966794,,,23.5749215146,19.3579084481,,16.8172710546,,,,,,,,,,,,,56.9025505027,,,,,,,,,,132.2353731582,,,,,,,,35.6854972249,,,89.0204385195,,,6.090318575,,21.7725425683,340.3463571142,61.6029537691,96.7989632944,31.1701960985,88.8428718622,61.6029537691,20.1147310578,17.1677063451,-27.3635465267,13.4244640824,56.9025505027,88.8428718622,,,,,,20.8929428021,,,,,0
002463.SZ,002463,沪电股份,10090573,通用,2011-03-31 00:00:00,一季报,2011一季报,058001001,2011-04-22 00:00:00,2011-04-22 00:00:00,CNY,,626700240.0,768521276,,4170686.0,,,,,,,,,,,,,,,,1148035277.0,336339677,,,,,,,0.0,,0.0,,,28690251.0,,,,,,,,,,,,,,,927922192,,,,,,,,,,,,74486827,,,,,247608277,,,,,,,,,,,73927125.0,,489380.0,,,,1739589041,,,,16428250.0,,,626700240,817734069,,49212793.0,,,,,,,,,,,,35232394.0,25133464.0,,,,,,,,,,7917128,,,,,,,,692030326,,,222130031,81400000.0,,56394929,,175059809,-9283333,4205910306,2837981979,951773197,3098809984,4205910306,1107100322,1367928327,155327125,35232394,25133464,3098809984,,,,,,1083684572,,,,,,,,,,,,,,,,,,,,,,,,,,,,,,,,,,,,,,,,,,,,,,,,,,,,,,,,,,,,,,,,,,,,,,,,,,,,,,,,,,,,,,,,,,,,,,,,,,,,,,,,,,,,,,,,,,,,,,,,,,,,,,,,,,,,,,,,,,,,,,,,,,,,,,,,,,,,,0
002463.SZ,002463,沪电股份,10090573,通用,2010-12-31 00:00:00,年报,2010年报,058001001,2011-03-11 00:00:00,2012-03-06 00:00:00,CNY,0.0,578661558.0,722105389,,1658587.0,,,,,,,,,0.0,0.0,,,,,,1148035277.0,300548247,,,,,,0.0,0.0,0.0,0.0,,,28690251.0,,,,,,,,,0.0,,,,,,942386927,,,,,,,,,,,,74506286,,,,,213569055,,,,0.0,,,0.0,,,,170351500.0,,575480.0,,,,1660285808,,0.0,0.0,16475000.0,0.0,0.0,578661558,757799390,,35694001.0,,,,,,,,,,,,20462844.0,25144733.0,0.0,0.0,,,,,,,,7110672,,,,,,,,692030326,,,150679279,,,61690593,,175059809,-19558118,4010616849,2663909658,810069743,3030195606,4010616849,980421243,1346707191,170351500,20462844,25144733,3030195606,,,,,,1015070194,,,,20.1579449986,14.1982892762,,-84.8885221385,,,,,,,,,,,,,,,,,359.6399188472,,,,,,,,,,,,-19.8350852525,,,,,,,,,,,,,,,,-5.3053447701,,,,,,,,,,,-2.186008163,,,,,-3.448554674,,,,,,,,,,,-15.7166755526,,-46.2298880646,,,,312.0548264294,,,,-69.8405898979,,,19.7790003288,14.2242244977,,14.7514469391,,,,,,,,,,,,-30.8650192304,87.6725129508,,,,,,,,,,19.9872025746,,,,,,,,13.0712477146,,,-7.4981193507,,,19.8162616159,,21.7725425683,-302.7288309382,61.6868199025,103.8371488323,0.9638460214,105.2935523977,61.6868199025,-2.3926320936,14.7497715868,-15.7166755526,-30.8650192304,87.6725129508,105.2935523977,,,,,,40.9348799562,,,标准无保留意见,,0
002463.SZ,002463,沪电股份,10090573,通用,2010-09-30 00:00:00,三季报,2010三季报,058001001,2010-10-21 00:00:00,2010-10-21 00:00:00,CNY,,537538219.0,761024173,,7819943.0,,,,,,,,,,,,,,,,1148035277.0,187607956,,,,,,,0.0,,0.0,,,33408996.0,,,,,,,,,,,,,,,942828277,,,,,,,,,,,,74268097,,,,,254171921,,,,,,,,,,,184564550.0,,661580.0,,,,1638650423,,,,17026250.0,,,538269904,815948121,731685.0,54923948.0,,,,,,,,,,,,31193670.0,16733797.0,,,,,,,,,,5152690,,,,,,,,692030326,,,175161900,,,57778015,,143759673,13074592,3969431858,2730656952,840324274,2944543034,3969431858,1024888824,1238774906,184564550,31193670,16733797,2944543034,,,,,,960717758,,,,,,,,,,,,,,,,,,,,,,,,,,,,,,,,,,,,,,,,,,,,,,,,,,,,,,,,,,,,,,,,,,,,,,,,,,,,,,,,,,,,,,,,,,,,,,,,,,,,,,,,,,,,,,,,,,,,,,,,,,,,,,,,,,,,,,,,,,,,,,,,,,,,,,,,,,,,,0
002463.SZ,002463,沪电股份,10090573,通用,2010-06-30 00:00:00,中报,2010中报,058001001,2010-08-17 00:00:00,2010-08-17 00:00:00,CNY,,546922105.0,726457206,,5045526.0,,,,,,,,,,,,,,,,,113107261,,,,,,,0.0,,0.0,,,33699272.0,,,,,,,,,,,,,,,964339703,,,,,,,,,,,,74931883,31210907.0,,,,232533156,,,,,,,,,,,201010640.0,,747680.0,,,,477415486,,,,54327200.0,,,546922105,763531491,,37074285.0,,,,,,,,,,,,,20556771.0,,,,,,,,,,4340291,,,,,,,,612030326,,,177513738,,,46050793,,143759673,2180524,2685202994,1498377195,863250793,1620941561,2685202994,1064261433,1186825799,201010640,31210907,20556771,1620941561,,,,,,865151562,,,,,,,,,,,,,,,,,,,,,,,,,,,,,,,,,,,,,,,,,,,,,,,,,,,,,,,,,,,,,,,,,,,,,,,,,,,,,,,,,,,,,,,,,,,,,,,,,,,,,,,,,,,,,,,,,,,,,,,,,,,,,,,,,,,,,,,,,,,,,,,,,,,,,,,,,,,,,0
002463.SZ,002463,沪电股份,10090573,通用,2009-12-31 00:00:00,年报,2009年报,058001001,2011-03-11 00:00:00,2011-03-11 00:00:00,CNY,0.0,481584100.0,632325925,,10975677.0,,,,,,,,,0.0,0.0,,,,,,,65387760,,,,,,0.0,0.0,0.0,0.0,,,35789037.0,,,,,,,,,0.0,,,,,,995184918,,,,,,,,,,,,76171399,,,,,221197160,,,,0.0,,,0.0,,,,202117680.0,,1070260.0,,,,402928373,,0.0,0.0,54626400.0,0.0,0.0,483107687,663431416,1523587.0,31105491.0,,,,,,,,,,,,29598394.0,13398197.0,0.0,0.0,,,,,,,,5926192,,,,,,,,612030326,,,162893206,,,51487663,,143759673,9647428,2480484712,1306881338,802336455,1476030577,2480484712,1004454135,1173603374,202117680,29598394,13398197,1476030577,,,,,,720240578,,,,20.4394657087,24.4549804397,,194.3776663339,,,,,,,,,,,,,,,,,-27.2348143097,,,,,,,,,,,,17.9743408958,,,,,,,,,,,,,,,,-5.1491054498,,,,,,,,,,,-1.8093078452,,,,,8.2736947443,,,,,,,,,,,-29.8084295446,,,,,,-12.5947473251,,,,699.2625757177,,,19.7497039991,27.6623298308,-57.388022341,168.1347195146,,,,,,,,,,,,-9.9829572677,-32.0210393768,,,,,,,,,,65.2283861312,,,,,,,,0.0,,,-57.1462441702,,,23.2741033718,,25.8408330955,-2.5492144029,1.028265466,8.1626263281,-8.6859333673,14.5425391356,1.028265466,-13.8995590807,-5.8845294613,-29.8084295446,-9.9829572677,-32.0210393768,19.2131078125,,,,,,41.2277499804,,,标准无保留意见,,0
002463.SZ,002463,沪电股份,10090573,通用,2008-12-31 00:00:00,年报,2008年报,058001001,2010-07-27 00:00:00,2010-07-27 00:00:00,CNY,,399855726.0,508076031,,3728434.0,,,,,,,,,,,,,,,,1889750.0,89861325,,,,,,,0.0,,0.0,,,30336289.0,,,,,,,,,,,,,,,1049209839,,,,,,,,,,,,77574969,,,,,204294460,,,,,,,,,,,287951500.0,,,,,50486388.0,460988740,,,,6834600.0,,,403431216,519676726,3575490.0,11600695.0,,,,,,,,,,,,32880878.0,19709329.0,,,,,,,,,,3586667,,,,,,,,612030326,,,380114188,,,41766812,,114239289,9899795,2455238344,1208255922,878655923,1288630921,2455238344,1166607423,1246982422,287951500,32880878,19709329,1238144533,,,,,,509985168,,,,-44.6143826733,-20.0952973562,,-11.7803947179,,,,,,,,,,,,,,,,0.0,-35.8272913493,,,,,,,,,,,,-1.3534056342,,,,,,,,,,,,,,,,-2.807371988,,,,,,,,,,,183.8627190675,,,,,-51.780078301,,,,,,,,,,,171.8660041334,,,,,-9.2113467573,60.0196085389,,,,-94.653388667,,,-44.5936987614,-22.9941768588,-42.1788487357,-70.2556395134,,,,,,,,,,,,30.2240633702,-9.8487818491,,,,,,,,,,-30.4191302884,,,,,,,,0.0,,,-27.4814995679,,,29.1523253197,,29.1205659259,-55.2587208999,-8.7700982564,-14.5278917424,-40.335814567,15.813328579,-8.7700982564,-26.0979323128,-2.3994671596,171.8660041334,30.2240633702,-9.8487818491,17.1297871251,,,,,,43.7891818766,,,标准无保留意见,,0
002463.SZ,002463,沪电股份,10090573,通用,2007-12-31 00:00:00,年报,2007年报,058001001,2010-07-27 00:00:00,2010-07-27 00:00:00,CNY,,721948667.0,635852477,,4226310.0,,,,,,,,,,,,,,,,1889750.0,140030438,,,,,,,0.0,,0.0,,,30752495.0,,,,,,,,,,,,,,,1079515865,,,,,8602663.0,,,,,,,27328340,,,,,423672318,,,,,,,,,,,105916700.0,,11811.0,,,55608698.0,288082657,,,,127830500.0,,,728132373,674853803,6183706.0,39001326.0,,,,,,,,,,,,25249464.0,21862521.0,,,,,,,,,,5154674,,,,,,,,612030326,,,524161677,,,32339187,,88474898,22126759,2691264922,1413625973,1472668933,1112679289,2691264922,1578585633,1277638949,105916700,25249464,21862521,1057070591,,,8602663.0,,,354675617,,,,,,,,,,,,,,,,,,,,,,,,,,,,,,,,,,,,,,,,,,,,,,,,,,,,,,,,,,,,,,,,,,,,,,,,,,,,,,,,,,,,,,,,,,,,,,,,,,,,,,,,,,,,,,,,,,,,,,,,,,,,,,,,,,,,,,,,,,,,,,,,,,,,,,,,,,,标准无保留意见,,0
002463.SZ,002463,沪电股份,10090573,通用,2006-06-30 00:00:00,中报,2006中报,058001001,2007-01-22 00:00:00,2007-01-22 00:00:00,CNY,,572441895.0,473862821,,1831064.0,,,,,,,,,0.0,,,,,,,1889750.0,282372033,,,,,,11738091.0,7210916.0,0.0,6665386.0,,,,,,,,,,,,,,,,,,815592240,,,,,,,,,,,,2661387,,,,,348333687,,,,0.0,0.0,,,,,,350382060.0,,1625287.0,,,62077250.0,145756974,,0.0,,39978000.0,0.0,,599148192,488447034,26706297.0,14584213.0,,,,,,,,,,,,4124481.0,19040094.0,0.0,,,,,,,,,822213,,,,,,,,612030326,,,95185620,,,20747093,,61264415,10306787,2123599956,1021349009,777986623,995231273,2123599956,1128368683,1102250947,350382060,4124481,19040094,933154023,,,,,,257969532,,,,,,,,,,,,,,,,,,,,,,,,,,,,,,,,,,,,,,,,,,,,,,,,,,,,,,,,,,,,,,,,,,,,,,,,,,,,,,,,,,,,,,,,,,,,,,,,,,,,,,,,,,,,,,,,,,,,,,,,,,,,,,,,,,,,,,,,,,,,,,,,,,,,,,,,,,,,,0
002463.SZ,002463,沪电股份,10090573,通用,2005-12-31 00:00:00,年报,2005年报,058001001,2007-01-22 00:00:00,2007-01-22 00:00:00,CNY,,381542345.0,338298440,,4244535.0,,,,,,,,,,,,,,,,,34428928,,,,,,,4343163.0,,5753968.0,,,,,,,,,,,,,,,,,,788563444,,,,,,,,,,,,2690468,,,,,221218700,,,,,,,,,,,165439100.0,,230329.0,,,,128513315,,,,40351000.0,,,399202540,355518241,17660195.0,17219801.0,,,,,,,,,,,,2411471.0,3990557.0,,,,,,,,,,779376,,,,,,,,612030326,,,30655040,,,22466539,,61264415,6067624,1540276521,714363352,511152717,863684704,1540276521,676591817,825913169,165439100,2411471,3990557,863684704,,,,,,190389963,,,,22.1484139953,8.9298858979,,161.1263066974,,,,,,,,,,,,,,,,,-26.0993562094,,,,,,,-48.8696532355,,940.1431696162,,,,,,,,,,,,,,,,,,,-5.5857706204,,,,,,,,,,,89.2905512603,,,,,23.1504952096,,,,,,,,,,,-48.4819146995,,-66.4979411119,,,,10.4605116694,,,,186.7622185394,,,18.4381390217,-0.254234842,-28.4899321739,-62.4506215606,,,,,,,,,,,,-59.6826434995,-30.7727510313,,,,,,,,,,-0.9188867588,,,,,,,,0.0,,,85.1932580197,,,-21.1073009076,,15.5963569507,195.2149632965,-1.3466710679,5.4584550686,28.4481964995,2.5474561926,-1.3466710679,-5.9077500164,-6.5617882171,-48.4819146995,-59.6826434995,-30.7727510313,2.5474561926,,,,,,7.4433110578,,,,,0
002463.SZ,002463,沪电股份,10090573,通用,2004-12-31 00:00:00,年报,2004年报,058001001,2007-01-22 00:00:00,2007-01-22 00:00:00,CNY,,312359639.0,310565312,,1625472.0,,,,,,,,,,,,,,,,,46588130,,,,,,,8494296.0,,553190.0,,,,,,,,,,,,,,,,,,835216735,,,,,,,,,,,,1421343,,,,,179632814,,,,,,,,,,,321128200.0,,687507.0,,,,116343219,,,,14071240.0,,,337055735,356424396,24696096.0,45859084.0,,,,,,,,,,,,5981223.0,5764431.0,,,,,,,,,,786604,,,,,,,,612030326,,,16553000,,,28477336,,52998569,-6372553,1561302125,677388410,397944643,842229282,1561302125,719072843,883913715,321128200,5981223,5764431,842229282,9942650.0,,,,,177200387,,,,-18.5209772233,-10.819281147,,-49.0845236525,,,,,,,,,,,,,,,,,13.054592466,,,,,,,161.7865647828,,61.9617280914,,,,,,,,,,,,,,,,,,,1.9982581264,,,,,,,,,,,1104.5279661017,,,,,2.2104520354,,,,,,,,,,,-6.7366418288,,-41.2605067864,,,,-35.2230528062,,,,-15.0,,,-12.8172871028,-1.8690094412,660.7187741805,206.3355273345,,,,,,,,,,,,95.2625859037,95.8572360508,,,,,,,,,,-4.9135026733,,,,,,,,0.0,,,-63.6372423353,,,-14.1972589486,,79.3747726871,-177.8003149589,-1.6855552546,-6.7881298203,-19.8761861315,12.7355974948,-1.6855552546,-14.4964766503,2.6194709438,-6.7366418288,95.2625859037,95.8572360508,12.7355974948,,,,,,67.9511428918,,,,,0
002463.SZ,002463,沪电股份,10090573,通用,2003-12-31 00:00:00,年报,2003年报,058001001,2007-01-22 00:00:00,2007-01-22 00:00:00,CNY,,383362034.0,348242665,,3192491.0,,,,,,,,,0.0,,,,,,,,41208525,,,,,,1137102.0,3244741.0,0.0,341556.0,,,,,,,,,,,,,,,,,,818853920,,,,,,,,,,,,118000,,,,,175747989,,,,0.0,0.0,,,,,,344324080.0,,1170434.0,,,,179605900,,0.0,,16554400.0,0.0,,386608450,363212879,3246416.0,14970214.0,,,,,,,,,,,,3063169.0,2943180.0,0.0,,,,,,,,,827251,,,,,,,,612030326,,,45521850,,,33189308,,29546278,8190909,1588069921,726719042,496662133,747083708,1588069921,840986213,861350879,344324080,3063169,2943180,747083708,,,,,,105507104,,,,,,,,,,,,,,,,,,,,,,,,,,,,,,,,,,,,,,,,,,,,,,,,,,,,,,,,,,,,,,,,,,,,,,,,,,,,,,,,,,,,,,,,,,,,,,,,,,,,,,,,,,,,,,,,,,,,,,,,,,,,,,,,,,,,,,,,,,,,,,,,,,,,,,,,,,,,,0
