SECUCODE,SECURITY_CODE,SECURITY_NAME_ABBR,ORG_CODE,ORG_TYPE,REPORT_DATE,REPORT_TYPE,REPORT_DATE_NAME,SECURITY_TYPE_CODE,NOTICE_DATE,UPDATE_DATE,CURRENCY,SALES_SERVICES,DEPOSIT_INTERBANK_ADD,LOAN_PBC_ADD,OFI_BF_ADD,RECEIVE_ORIGIC_PREMIUM,RECEIVE_REINSURE_NET,INSURED_INVEST_ADD,DISPOSAL_TFA_ADD,RECEIVE_INTEREST_COMMISSION,BORROW_FUND_ADD,LOAN_ADVANCE_REDUCE,REPO_BUSINESS_ADD,RECEIVE_TAX_REFUND,RECEIVE_OTHER_OPERATE,OPERATE_INFLOW_OTHER,OPERATE_INFLOW_BALANCE,TOTAL_OPERATE_INFLOW,BUY_SERVICES,LOAN_ADVANCE_ADD,PBC_INTERBANK_ADD,PAY_ORIGIC_COMPENSATE,PAY_INTEREST_COMMISSION,PAY_POLICY_BONUS,PAY_STAFF_CASH,PAY_ALL_TAX,PAY_OTHER_OPERATE,OPERATE_OUTFLOW_OTHER,OPERATE_OUTFLOW_BALANCE,TOTAL_OPERATE_OUTFLOW,OPERATE_NETCASH_OTHER,OPERATE_NETCASH_BALANCE,NETCASH_OPERATE,WITHDRAW_INVEST,RECEIVE_INVEST_INCOME,DISPOSAL_LONG_ASSET,DISPOSAL_SUBSIDIARY_OTHER,REDUCE_PLEDGE_TIMEDEPOSITS,RECEIVE_OTHER_INVEST,INVEST_INFLOW_OTHER,INVEST_INFLOW_BALANCE,TOTAL_INVEST_INFLOW,CONSTRUCT_LONG_ASSET,INVEST_PAY_CASH,PLEDGE_LOAN_ADD,OBTAIN_SUBSIDIARY_OTHER,ADD_PLEDGE_TIMEDEPOSITS,PAY_OTHER_INVEST,INVEST_OUTFLOW_OTHER,INVEST_OUTFLOW_BALANCE,TOTAL_INVEST_OUTFLOW,INVEST_NETCASH_OTHER,INVEST_NETCASH_BALANCE,NETCASH_INVEST,ACCEPT_INVEST_CASH,SUBSIDIARY_ACCEPT_INVEST,RECEIVE_LOAN_CASH,ISSUE_BOND,RECEIVE_OTHER_FINANCE,FINANCE_INFLOW_OTHER,FINANCE_INFLOW_BALANCE,TOTAL_FINANCE_INFLOW,PAY_DEBT_CASH,ASSIGN_DIVIDEND_PORFIT,SUBSIDIARY_PAY_DIVIDEND,BUY_SUBSIDIARY_EQUITY,PAY_OTHER_FINANCE,SUBSIDIARY_REDUCE_CASH,FINANCE_OUTFLOW_OTHER,FINANCE_OUTFLOW_BALANCE,TOTAL_FINANCE_OUTFLOW,FINANCE_NETCASH_OTHER,FINANCE_NETCASH_BALANCE,NETCASH_FINANCE,RATE_CHANGE_EFFECT,CCE_ADD_OTHER,CCE_ADD_BALANCE,CCE_ADD,BEGIN_CCE,END_CCE_OTHER,END_CCE_BALANCE,END_CCE,NETPROFIT,ASSET_IMPAIRMENT,FA_IR_DEPR,OILGAS_BIOLOGY_DEPR,IR_DEPR,IA_AMORTIZE,LPE_AMORTIZE,DEFER_INCOME_AMORTIZE,PREPAID_EXPENSE_REDUCE,ACCRUED_EXPENSE_ADD,DISPOSAL_LONGASSET_LOSS,FA_SCRAP_LOSS,FAIRVALUE_CHANGE_LOSS,FINANCE_EXPENSE,INVEST_LOSS,DEFER_TAX,DT_ASSET_REDUCE,DT_LIAB_ADD,PREDICT_LIAB_ADD,INVENTORY_REDUCE,OPERATE_RECE_REDUCE,OPERATE_PAYABLE_ADD,OTHER,OPERATE_NETCASH_OTHERNOTE,OPERATE_NETCASH_BALANCENOTE,NETCASH_OPERATENOTE,DEBT_TRANSFER_CAPITAL,CONVERT_BOND_1YEAR,FINLEASE_OBTAIN_FA,UNINVOLVE_INVESTFIN_OTHER,END_CASH,BEGIN_CASH,END_CASH_EQUIVALENTS,BEGIN_CASH_EQUIVALENTS,CCE_ADD_OTHERNOTE,CCE_ADD_BALANCENOTE,CCE_ADDNOTE,SALES_SERVICES_YOY,DEPOSIT_INTERBANK_ADD_YOY,LOAN_PBC_ADD_YOY,OFI_BF_ADD_YOY,RECEIVE_ORIGIC_PREMIUM_YOY,RECEIVE_REINSURE_NET_YOY,INSURED_INVEST_ADD_YOY,DISPOSAL_TFA_ADD_YOY,RECEIVE_INTEREST_COMMISSION_YOY,BORROW_FUND_ADD_YOY,LOAN_ADVANCE_REDUCE_YOY,REPO_BUSINESS_ADD_YOY,RECEIVE_TAX_REFUND_YOY,RECEIVE_OTHER_OPERATE_YOY,OPERATE_INFLOW_OTHER_YOY,OPERATE_INFLOW_BALANCE_YOY,TOTAL_OPERATE_INFLOW_YOY,BUY_SERVICES_YOY,LOAN_ADVANCE_ADD_YOY,PBC_INTERBANK_ADD_YOY,PAY_ORIGIC_COMPENSATE_YOY,PAY_INTEREST_COMMISSION_YOY,PAY_POLICY_BONUS_YOY,PAY_STAFF_CASH_YOY,PAY_ALL_TAX_YOY,PAY_OTHER_OPERATE_YOY,OPERATE_OUTFLOW_OTHER_YOY,OPERATE_OUTFLOW_BALANCE_YOY,TOTAL_OPERATE_OUTFLOW_YOY,OPERATE_NETCASH_OTHER_YOY,OPERATE_NETCASH_BALANCE_YOY,NETCASH_OPERATE_YOY,WITHDRAW_INVEST_YOY,RECEIVE_INVEST_INCOME_YOY,DISPOSAL_LONG_ASSET_YOY,DISPOSAL_SUBSIDIARY_OTHER_YOY,REDUCE_PLEDGE_TIMEDEPOSITS_YOY,RECEIVE_OTHER_INVEST_YOY,INVEST_INFLOW_OTHER_YOY,INVEST_INFLOW_BALANCE_YOY,TOTAL_INVEST_INFLOW_YOY,CONSTRUCT_LONG_ASSET_YOY,INVEST_PAY_CASH_YOY,PLEDGE_LOAN_ADD_YOY,OBTAIN_SUBSIDIARY_OTHER_YOY,ADD_PLEDGE_TIMEDEPOSITS_YOY,PAY_OTHER_INVEST_YOY,INVEST_OUTFLOW_OTHER_YOY,INVEST_OUTFLOW_BALANCE_YOY,TOTAL_INVEST_OUTFLOW_YOY,INVEST_NETCASH_OTHER_YOY,INVEST_NETCASH_BALANCE_YOY,NETCASH_INVEST_YOY,ACCEPT_INVEST_CASH_YOY,SUBSIDIARY_ACCEPT_INVEST_YOY,RECEIVE_LOAN_CASH_YOY,ISSUE_BOND_YOY,RECEIVE_OTHER_FINANCE_YOY,FINANCE_INFLOW_OTHER_YOY,FINANCE_INFLOW_BALANCE_YOY,TOTAL_FINANCE_INFLOW_YOY,PAY_DEBT_CASH_YOY,ASSIGN_DIVIDEND_PORFIT_YOY,SUBSIDIARY_PAY_DIVIDEND_YOY,BUY_SUBSIDIARY_EQUITY_YOY,PAY_OTHER_FINANCE_YOY,SUBSIDIARY_REDUCE_CASH_YOY,FINANCE_OUTFLOW_OTHER_YOY,FINANCE_OUTFLOW_BALANCE_YOY,TOTAL_FINANCE_OUTFLOW_YOY,FINANCE_NETCASH_OTHER_YOY,FINANCE_NETCASH_BALANCE_YOY,NETCASH_FINANCE_YOY,RATE_CHANGE_EFFECT_YOY,CCE_ADD_OTHER_YOY,CCE_ADD_BALANCE_YOY,CCE_ADD_YOY,BEGIN_CCE_YOY,END_CCE_OTHER_YOY,END_CCE_BALANCE_YOY,END_CCE_YOY,NETPROFIT_YOY,ASSET_IMPAIRMENT_YOY,FA_IR_DEPR_YOY,OILGAS_BIOLOGY_DEPR_YOY,IR_DEPR_YOY,IA_AMORTIZE_YOY,LPE_AMORTIZE_YOY,DEFER_INCOME_AMORTIZE_YOY,PREPAID_EXPENSE_REDUCE_YOY,ACCRUED_EXPENSE_ADD_YOY,DISPOSAL_LONGASSET_LOSS_YOY,FA_SCRAP_LOSS_YOY,FAIRVALUE_CHANGE_LOSS_YOY,FINANCE_EXPENSE_YOY,INVEST_LOSS_YOY,DEFER_TAX_YOY,DT_ASSET_REDUCE_YOY,DT_LIAB_ADD_YOY,PREDICT_LIAB_ADD_YOY,INVENTORY_REDUCE_YOY,OPERATE_RECE_REDUCE_YOY,OPERATE_PAYABLE_ADD_YOY,OTHER_YOY,OPERATE_NETCASH_OTHERNOTE_YOY,OPERATE_NETCASH_BALANCENOTE_YOY,NETCASH_OPERATENOTE_YOY,DEBT_TRANSFER_CAPITAL_YOY,CONVERT_BOND_1YEAR_YOY,FINLEASE_OBTAIN_FA_YOY,UNINVOLVE_INVESTFIN_OTHER_YOY,END_CASH_YOY,BEGIN_CASH_YOY,END_CASH_EQUIVALENTS_YOY,BEGIN_CASH_EQUIVALENTS_YOY,CCE_ADD_OTHERNOTE_YOY,CCE_ADD_BALANCENOTE_YOY,CCE_ADDNOTE_YOY,OPINION_TYPE,OSOPINION_TYPE,MINORITY_INTEREST,MINORITY_INTEREST_YOY,USERIGHT_ASSET_AMORTIZE,USERIGHT_ASSET_AMORTIZE_YOY
000682.SZ,000682,东方电子,10005606,通用,2026-03-31 00:00:00,一季报,2026一季报,058001001,2026-04-29 00:00:00,2026-04-29 00:00:00,CNY,1766341747.77,,,,,,,,,,,,25303221.93,114679184.87,,0.0,1906324154.57,1279432934.78,,,,,,655506337.8,113208473.36,237501363.72,,0.0,2285649109.66,,0.0,-379324955.09,10000000.0,2061499.11,63590.45,,,,,0.0,12125089.56,38998245.56,,,,,,,0.0,38998245.56,,0.0,-26873156.0,,,26892980.88,,,,0.0,26892980.88,123290000.0,5864910.12,5512475.06,,1399029.75,,,0.0,130553939.87,,0.0,-103660958.99,-3552201.58,,0.0,-513411271.66,4220475938.78,,0.0,3707064667.12,,,,,,,,,,,,,,,,,,,,,,,,,,,,,,,,,,,,,,2.02532773,,,,,,,,,,,,30.4577892112,349.8377044985,,,7.3279871761,14.0388041554,,,,,,11.4029417849,-41.2423289402,23.660445255,,,9.0966884338,,,-18.9477508336,-88.2352941176,774.602524482,4593.264596695,,,,,,-85.7748621436,205.7398965137,,,,,,,,-82.9519866185,,,81.2754505427,,,24.0938192947,,,,,19.1718533616,1.4635389222,1232.5101074088,,,-34.209418733,,,,5.2190290787,,,-2.117247223,-6210.5072688406,,,8.9674999027,8.6964975045,,,11.698244657,,,,,,,,,,,,,,,,,,,,,,,,,,,,,,,,,,,,,,,,,,,
000682.SZ,000682,东方电子,10005606,通用,2025-12-31 00:00:00,年报,2025年报,058001001,2026-04-24 00:00:00,2026-04-24 00:00:00,CNY,8534164107.69,,,,,,,,,,,,122331258.69,142628560.96,,0.0,8799123927.34,4985782170.36,,,,,,1670397472.86,546741834.04,787955398.34,,0.0,7990876875.6,,0.0,808247051.74,377171480.0,4539211.39,573944.34,,,,,0.0,382284635.73,225504856.23,456096397.48,,,,,,0.0,681601253.71,,0.0,-299316617.98,,,353262689.06,,9400.0,,0.0,353272089.06,392876491.0,118772012.24,7221000.0,,8988426.77,,,0.0,520636930.01,,0.0,-167364840.95,-3897320.95,,0.0,337668271.86,3882807666.92,,0.0,4220475938.78,927413586.23,39499526.32,73653115.82,73653115.82,,19028828.47,12072551.05,,,,41854.82,66242.94,-178717950.76,2304870.29,-15685880.71,-14070057.1,-42091406.49,28021349.39,,-376946197.58,-359446575.05,603537297.12,-173023.8,,0.0,808247051.74,,,,,4220475938.78,3882807666.92,,,,,337668271.86,5.05833737,,,,,,,,,,,,34.4739470764,51.9888976888,,,5.910517556,13.4450434562,,,,,,14.1495070105,6.9994991271,-12.3310378228,,,9.9461669803,,,-22.2901657512,31.4186341463,246.6816288579,4.0419919397,,,,,,32.1813581494,103.3639777857,64.7152031347,,,,,,,75.766773686,,,-203.643232649,,,-23.7547232977,,,,,-23.75269448,-20.2301013004,-30.3383742984,-41.4426683436,,-37.325546729,,,,-23.1364458223,,,21.802402313,-360.0807300981,,,-53.6792645635,23.1140827896,,,8.6964975045,24.8458375498,-30.0615526007,7.5328527405,7.5328527405,,1.9553342133,1.0264662306,,,,274.3812781488,-45.1790036296,-19181.7561401694,-33.2317737738,-44.3450379169,-2.2923043852,-192.9377741411,4464.0121210546,,-57.0582883611,-25.2284536062,-8.3128216828,0.0,,,-22.2901657512,,,,,8.6964975045,23.1140827896,,,,,-53.6792645635,标准无保留意见,,,,7891446.21,35.4316854805
000682.SZ,000682,东方电子,10005606,通用,2025-09-30 00:00:00,三季报,2025三季报,058001001,2025-10-25 00:00:00,2025-10-25 00:00:00,CNY,5496375190.82,,,,,,,,,,,,78966894.28,109020508.62,,0.0,5684362593.72,3698942984.31,,,,,,1323307721.24,432678961.89,584197487.84,,0.0,6039127155.28,,0.0,-354764561.56,328171480.0,4401987.33,548840.17,,,,,0.0,333122307.5,63739225.13,337764000.0,,,,,,0.0,401503225.13,,0.0,-68380917.63,,,300689561.28,,1153947.39,,0.0,301843508.67,264865000.0,117256884.61,7221000.0,,7461300.9,,,0.0,389583185.51,,0.0,-87739676.84,-1844795.98,,0.0,-512729952.01,3882807666.92,,0.0,3370077714.91,,,,,,,,,,,,,,,,,,,,,,,,,,,,,,,,,,,,,,3.1303828626,,,,,,,,,,,,34.4074042123,-8.8826414852,,,3.2030496692,18.9725288275,,,,,,14.7950168773,25.6720278005,-25.7330877973,,,11.9862211507,,,-407.957322925,59.3065436893,402.6616111689,103.3195149406,,,,,,60.5433906717,69.1299566986,55.6516129032,,,,,,,57.646033644,,,-44.9061572378,,,-13.1363296679,,,,,-12.8029755427,-11.6218501713,0.8987032689,4.1666666667,,-37.5609453946,,,,-8.9455391952,,,-7.3994647711,-85.5337525432,,,-3392.816235964,23.1140827896,,,7.3563956735,,,,,,,,,,,,,,,,,,,,,,,,,,,,,,,,,,,,,,,,,,,
000682.SZ,000682,东方电子,10005606,通用,2025-06-30 00:00:00,中报,2025中报,058001001,2025-08-23 00:00:00,2025-08-23 00:00:00,CNY,3361746414.7,,,,,,,,,,,,55261571.45,70645345.45,,0.0,3487653331.6,2390227551.54,,,,,,934067435.56,339516048.78,374881260.87,,0.0,4038692296.75,,0.0,-551038965.15,257000000.0,2184509.65,8746.15,,,,,0.0,259193255.8,25129512.15,267764000.0,,,,,,0.0,292893512.15,,0.0,-33700256.35,,,155944214.48,,1153947.39,,0.0,157098161.87,240220000.0,8035055.16,7221000.0,,3929527.48,,,0.0,252184582.64,,0.0,-95086420.77,-737938.22,,0.0,-680563580.49,3882807666.92,,0.0,3202244086.43,279649014.16,8582882.86,35785020.83,35785020.83,,9796335.67,5990184.08,,,,671.64,,,1353824.64,-3604474.6,-6992291.9,-6838214.89,-154077.01,,-670514803.1,-52503443.62,-162293598.19,,,0.0,-551038965.15,,,,,3202244086.43,3882807666.92,,,,,-680563580.49,4.5147676497,,,,,,,,,,,,113.505664309,1.6421756621,,,5.3062583967,21.8682945085,,,,,,13.7904786976,43.1043447466,-20.2985464529,,,15.7286767457,,,-209.7824953228,54.7593554327,249.1503329524,-95.0004784505,,,,,,55.005106684,9.8304335533,50.4292134831,,,,,,,45.8050089608,,,-0.1067041719,,,-28.279863422,,,,,-27.7491527144,-2.4189178932,2.0611782207,4.1666666667,,-3.6091690595,,,,-2.3010731769,,,-133.685805857,-267.9193298975,,,-170.2858153876,23.1140827896,,,10.3447792502,16.0319324292,-52.7066511632,8.1322930938,8.1322930938,,13.5699201374,29.3364519518,,,,123.4632421782,,,-34.5811031934,33.9934211093,-666.551951978,-1122.0098386055,-127.2659775704,,-27.9161044263,-369.0035201526,-963.9863066493,,,,-209.7824953228,,,,,10.3447792502,23.1140827896,,,,,-170.2858153876,,,,,3711712.38,-20.2176571641
000682.SZ,000682,东方电子,10005606,通用,2025-03-31 00:00:00,一季报,2025一季报,058001001,2025-04-29 00:00:00,2026-04-29 00:00:00,CNY,1731277700.42,,,,,,,,,,,,19395715.72,25493457.69,,0.0,1776166873.83,1121927701.94,,,,,,588410258.56,192670116.63,192059282.36,,0.0,2095067359.49,,0.0,-318900485.66,85000000.0,235706.97,1354.93,,,,,0.0,85237061.9,12755366.9,216000000.0,,,,,,0.0,228755366.9,,0.0,-143518305.0,,,21671491.0,,895063.2,,0.0,22566554.2,121511630.0,440140.01,,,2126489.42,,,0.0,124078259.43,,0.0,-101511705.23,-56290.27,,0.0,-563986786.16,3882807666.92,,0.0,3318820880.76,,,,,,,,,,,,,,,,,,,,,,,,,,,,,,,,,,,,,,2.6063053559,,,,,,,,,,,,-2.3071154022,-37.3742201924,,,1.6193506221,10.1713526301,,,,,,12.8858215007,50.5367354049,-11.5862620591,,,11.1554607748,,,-132.866778414,2.4096385542,-9.0249694951,-95.51357784,,,,,,1.9090108055,-1.4716310731,111.7647058824,,,,,,,99.0113624473,,,-358.4440257116,,,-45.134392846,,,,,-42.8683657457,-6.3862240687,37.8288262091,,,-26.9967073206,,,,-6.7313714061,,,-8.5292128012,-217.7009060564,,,-115.478306761,23.1140827896,,,14.7550298299,,,,,,,,,,,,,,,,,,,,,,,,,,,,,,,,,,,,,,,,,,,
000682.SZ,000682,东方电子,10005606,通用,2024-12-31 00:00:00,年报,2024年报,058001001,2025-04-23 00:00:00,2026-04-24 00:00:00,CNY,8123262104.97,,,,,,,,,,,,90970229.81,93841433.9,,0.0,8308073768.68,4394887620.0,,,,,,1463341819.52,510976068.58,898784904.91,,0.0,7267990413.01,,0.0,1040083355.67,287000000.0,1309331.39,551646.82,351238.31,,,,0.0,289212216.52,110887315.78,276900000.0,,,,,,0.0,387787315.78,,0.0,-98575099.26,,,463324030.47,,,,0.0,463324030.47,492512210.0,170498478.96,12331504.52,,14341452.22,,,0.0,677352141.18,,0.0,-214028110.71,1498504.31,,0.0,728978650.01,3153829016.91,,0.0,3882807666.92,742847021.92,56477556.75,68493594.23,68493594.23,,18663887.1,11949889.47,,,,-24001.9,120834.98,-926875.9,3452046.61,-10866934.49,-13754756.22,-14368719.3,613963.08,,-240004014.76,-287032670.85,658257030.26,-173023.8,,0.0,1040083355.67,,,,,3882807666.92,3153829016.91,,,,,728978650.01,9.1809844035,,,,,,,,,,,,-0.4042134981,-34.409387569,,,8.254284375,8.6769006279,,,,,,14.9930927635,27.7089691201,28.5871129471,,,13.2858394542,,,-17.386162922,32.4780885823,-77.6540234559,1288.870042657,,,,,,29.9604265679,-27.7104004709,57.5892094929,,,,,,,17.8315309404,,,7.4972453111,,,12.0400843731,,,,,12.0400843731,9.7135483562,53.2727402777,38.888013896,,-78.15545494,,,,8.2380886166,,,-0.8310199832,341.6807523051,,,-22.4095604462,42.4295679125,,,23.1140827896,22.7078502908,140.7636541048,20.6604918668,20.6604918668,,16.3559458366,41.740897783,,,,-2.3532125917,148.3976616266,98.1428271788,-68.5134931856,18.4518974425,-307.2604517964,-32.5178517848,-91.7759620195,,52.2314847645,-205.7644096231,-42.4345010258,0.0,,,-17.386162922,,,,,23.1140827896,42.4295679125,,,,,-22.4095604462,标准无保留意见,,,,5826883.26,1.011918215
000682.SZ,000682,东方电子,10005606,通用,2024-09-30 00:00:00,三季报,2024三季报,058001001,2024-10-23 00:00:00,2025-10-25 00:00:00,CNY,5329540178.42,,,,,,,,,,,,58751892.98,119648451.62,,0.0,5507940523.02,3109073179.13,,,,,,1152757111.97,344292178.19,786618792.29,,0.0,5392741261.58,,0.0,115199261.44,206000000.0,875735.73,269939.74,351068.0,,,,0.0,207496743.47,37686537.84,217000000.0,,,,,,0.0,254686537.84,,0.0,-47189794.37,,,346162624.87,,,,0.0,346162624.87,299695117.53,116212479.26,6932160.0,,11949733.94,,,0.0,427857330.73,,0.0,-81694705.86,-994318.26,,0.0,-14679557.05,3153829016.91,,0.0,3139149459.86,,,,,,,,,,,,,,,,,,,,,,,,,,,,,,,,,,,,,,13.2628422907,,,,,,,,,,,,-17.6884152272,50.9980196936,,,13.4236417699,10.9577314108,,,,,,15.3522922261,29.9454984502,34.9446319758,,,15.9918675461,,,-44.3043745245,21.4799207417,-75.9115539045,567.5236121188,,,,,,19.6972598845,-51.7759681067,72.61952112,,,,,,,24.3862036039,,,-50.2698792557,,,8.7771712961,,,,,8.7771712961,-9.9026087305,8.8974677956,31.4329462863,,-80.7686711053,,,,-14.6825697974,,,55.4208896139,-16.9831536411,,,-69.2369173082,42.4295679125,,,42.3241441997,,,,,,,,,,,,,,,,,,,,,,,,,,,,,,,,,,,,,,,,,,,
000682.SZ,000682,东方电子,10005606,通用,2024-06-30 00:00:00,中报,2024中报,058001001,2024-08-23 00:00:00,2025-08-23 00:00:00,CNY,3216527664.27,,,,,,,,,,,,25882953.33,69503968.2,,0.0,3311914585.8,1961320260.68,,,,,,820866074.43,237250692.41,470356868.27,,0.0,3489793895.79,,0.0,-177879309.99,166064273.97,625664.49,174939.74,351068.0,,,,0.0,167215946.2,22880281.3,178000000.0,,,,,,0.0,200880281.3,,0.0,-33664335.1,,,217434352.36,,,,0.0,217434352.36,246174765.45,7872783.07,6932160.0,,4076661.07,,,0.0,258124209.59,,0.0,-40689857.23,439459.96,,0.0,-251794042.36,3153829016.91,,0.0,2902034974.55,241010391.11,18148181.66,33093740.83,33093740.83,,8625818.93,4631473.95,,,,-2862.52,,,2069470.3,-5460780.82,1234183.71,669094.82,565088.89,,-524183257.54,19517753.37,18784278.98,,,0.0,-177879309.99,,,,,2902034974.55,3153829016.91,,,,,-251794042.36,8.9524709418,,,,,,,,,,,,-41.6275738797,6.425499315,,,8.166089917,7.5354438537,,,,,,15.285350326,20.2505775235,21.7660466796,,,11.8707079786,,,-208.7661758823,28.666814752,-81.1758005355,332.6017619633,,,,,,26.2678861223,-54.9129584209,69.2015209125,,,,,,,28.4179804934,,,-40.2832641281,,,5.5828954845,,,,,5.5828954845,-8.9376529762,14.6390921857,31.8086775415,,-88.8573057579,,,,-17.7397991939,,,62.2727889949,-65.4569668527,,,-33.7994060926,42.4295679125,,,43.2311444996,13.4300941418,324.4116722827,21.4781008049,21.4781008049,,18.9366193044,22.8418955916,,,,-1108.3911649699,,,91.5058377036,29.4596607961,370.3856321248,91.5667709274,750.2899434153,,-11.1176372835,30.6207242375,-85.4129970317,,,,-208.7661758823,,,,,43.2311444996,42.4295679125,,,,,-33.7994060926,,,,,4652298.05,45.6663254342
000682.SZ,000682,东方电子,10005606,通用,2024-03-31 00:00:00,一季报,2024一季报,058001001,2024-04-27 00:00:00,2025-04-29 00:00:00,CNY,1687301471.79,,,,,,,,,,,,19853764.99,40707609.18,,0.0,1747862845.96,1018347941.78,,,,,,521243722.85,127988770.39,217227872.99,,0.0,1884808308.01,,0.0,-136945462.05,83000000.0,259089.74,30200.68,351068.0,,,,0.0,83640358.42,12945882.53,102000000.0,,,,,,0.0,114945882.53,,0.0,-31305524.11,,,39499227.52,,,,0.0,39499227.52,129801013.57,319338.14,,,2912867.82,,,0.0,133033219.53,,0.0,-93533992.01,47824.84,,0.0,-261737153.33,3153829016.91,,0.0,2892091863.58,,,,,,,,,,,,,,,,,,,,,,,,,,,,,,,,,,,,,,13.2891769407,,,,,,,,,,,,-15.2378970098,43.1311276873,,,13.4063169534,12.8488966814,,,,,,15.3659785693,10.3425839781,9.4324580024,,,12.9497960425,,,-7.4301731208,-16.8472093082,-92.171364764,568.6003984946,,,,,,-18.8983531155,-43.0535625618,104.0,,,,,,,57.0010739814,,,-204.6417914417,,,-27.2503204824,,,,,-27.2503204824,20.5779976466,-28.2074380531,,,-92.2427144986,,,,-8.6585725425,,,-2.3917009781,-99.3153746291,,,-43.8742905711,42.4295679125,,,42.3002495367,,,,,,,,,,,,,,,,,,,,,,,,,,,,,,,,,,,,,,,,,,,
000682.SZ,000682,东方电子,10005606,通用,2023-12-31 00:00:00,年报,2023年报,058001001,2024-04-19 00:00:00,2025-04-23 00:00:00,CNY,7440180311.02,0.0,0.0,0.0,0.0,0.0,0.0,,0.0,0.0,,0.0,91339436.14,143071440.29,0.0,0.0,7674591187.45,4043994256.93,0.0,0.0,0.0,0.0,0.0,1272547580.34,400109774.67,698969659.02,0.0,0.0,6415621270.96,,0.0,1258969916.49,216639599.1,5859360.8,39719.11,0.0,,0.0,,0.0,222538679.01,153393180.35,175710000.0,,0.0,,0.0,,0.0,329103180.35,,0.0,-106564501.34,,,413534167.76,,,,0.0,413534167.76,448907375.05,111238618.59,8878739.19,,65652327.3,,,0.0,625798320.94,,0.0,-212264153.18,-620034.61,,0.0,939521227.36,2214307789.55,,0.0,3153829016.91,605378563.93,23457675.52,56765551.98,56765551.98,,16040338.09,8430798.49,,,,-23450.07,48645.78,-49907897.07,10963574.43,-13325796.86,-3377385.69,-10842855.59,7465469.9,,-502431389.33,-93873800.16,1143492268.79,-173023.8,,0.0,1258969916.49,,,,,3153829016.91,2214307789.55,,,,,939521227.36,22.7652419241,,,,,,,,,,,,33.8943396259,54.4788369629,,,23.3593871888,6.8417831549,,,,,,19.1354544928,28.6607886392,8.4327699445,,,10.4470805597,,,205.1654050717,-73.1820385342,-12.4514333726,-97.6356005154,,,,,,-72.7343812101,-23.9489568718,-79.7602992567,,,,,,,-69.2381773246,,,57.9884128392,,,26.165698234,,,,,20.0631044434,184.8400479096,19.9684914116,-2.5925386025,,21.548449432,,,,105.6272326926,,,-629.411288368,-106.9169218953,,,351.7870196885,10.3649189061,,,42.4295679125,22.5544505335,72.4578807926,10.8039750738,10.8039750738,,5.1714232331,15.0304000919,,,,-106.7577339441,-57.9082250483,36.5976853358,303.0696357867,16.3238679795,-126.3122701015,-1099.2808261758,-36.4679590869,,41.2528887866,39.847385234,26.2301788,0.0,,,205.1654050717,,,,,42.4295679125,10.3649189061,,,,,351.7870196885,标准无保留意见,,,,5768510.65,5.0788747975
000682.SZ,000682,东方电子,10005606,通用,2023-09-30 00:00:00,三季报,2023三季报,058001001,2023-10-28 00:00:00,2024-10-23 00:00:00,CNY,4705462153.9,,,,,,,,,,,,71377429.0,79238424.36,,0.0,4856078007.26,2802033837.21,,,,,,999336111.77,264951215.93,582919661.77,,0.0,4649240826.68,,0.0,206837180.58,169575349.36,3635501.13,40438.98,,,100000.0,,0.0,173351289.47,78148873.83,125710000.0,,,,895777.78,,0.0,204754651.61,,0.0,-31403362.14,,,318230949.33,,,,0.0,318230949.33,332634622.72,106717338.44,5274294.0,,62136808.15,,,0.0,501488769.31,,0.0,-183257819.98,-849967.05,,0.0,-8673968.59,2214307789.55,,0.0,2205633820.96,,,,,,,,,,,,,,,,,,,,,,,,,,,,,,,,,,,,,,23.8987820326,,,,,,,,,,,,6.4251404412,-30.9496560062,,,22.0227291473,6.1551297485,,,,,,20.0158937587,22.5290524447,0.741386595,,,8.9555113421,,,171.9559305211,-72.5990639091,-37.6971492596,-68.2316957632,,,,,,-72.2562249717,-29.493169197,-84.4774466888,,,,,,,-78.1514077412,,,89.9452326413,,,8.5171777414,,,,,2.6836359774,116.2776548018,15.2383109223,-45.7616999244,,721.1828165248,,,,97.4580287142,,,-427.587444391,-110.2646877955,,,98.38036483,10.3649189061,,,49.9614691924,,,,,,,,,,,,,,,,,,,,,,,,,,,,,,,,,,,,,,,,,,,
000682.SZ,000682,东方电子,10005606,通用,2023-06-30 00:00:00,中报,2023中报,058001001,2023-08-18 00:00:00,2024-08-23 00:00:00,CNY,2952230120.59,,,,,,,,,,,,44341061.44,65307627.07,,0.0,3061878809.1,1823882610.6,,,,,,712029821.75,197296925.55,386279164.92,,0.0,3119488522.82,,0.0,-57609713.72,129065349.36,3323724.29,40438.98,,,,,0.0,132429512.63,50746911.97,105200000.0,,,,480000.0,,0.0,156426911.97,,0.0,-23997399.34,,,205937099.34,,,,0.0,205937099.34,270336504.05,6867450.64,5259259.2,,36585954.72,,,0.0,313789909.41,,0.0,-107852810.07,1272210.11,,0.0,-188187713.02,2214307789.55,,0.0,2026120076.53,212474822.43,4276079.77,27242556.98,27242556.98,,7252450.07,3770272.29,,,,283.87,14578.23,1250092.0,1080630.4,-7741358.89,262377.0,349274.99,-86897.99,,-471737224.04,14942309.87,128774080.74,,,0.0,-57609713.72,,,,,2026120076.53,2214307789.55,,,,,-188187713.02,25.6811168839,,,,,,,,,,,,16.3704822637,2.5914117618,,,24.9366045603,4.9080558798,,,,,,21.1134246417,22.1791108339,-1.2912925093,,,8.343003096,,,86.5562735844,-69.5505072682,-4.3785624386,-67.3767327313,,,,,,-69.0199354002,-40.3797431293,-83.1909645927,,,,,,,-78.495972741,,,91.9999043061,,,-9.1648111368,,,,,-9.1648111368,146.285580214,-36.41555019,-21.1401324313,,268.4439927977,,,,140.459710738,,,-212.09064899,-79.2471748871,,,69.9447491445,10.3649189061,,,46.7977541205,17.0415234371,22.1789896866,10.0437413717,10.0437413717,,-8.5711255047,-7.9501026171,,,,-99.2325842557,-66.4736097105,-0.5286869273,-22.4033835309,9.5222128495,-91.9042249293,-89.2229434865,,,33.0103484939,113.1422637549,-19.2631492152,,,,86.5562735844,,,,,46.7977541205,10.3649189061,,,,,69.9447491445,,,,,3193804.77,22.8839995937
000682.SZ,000682,东方电子,10005606,通用,2023-03-31 00:00:00,一季报,2023一季报,058001001,2023-04-28 00:00:00,2024-04-27 00:00:00,CNY,1489375699.74,,,,,,,,,,,,23422926.39,28440780.03,,0.0,1541239406.16,902399555.27,,,,,,451817536.95,115992181.6,198504060.82,,0.0,1668713334.64,,0.0,-127473928.48,99816253.08,3309513.5,4517.0,,,,,0.0,103130283.58,22733437.09,50000000.0,,0.0,,480000.0,,0.0,73213437.09,,0.0,29916846.49,,,54294710.0,,,,0.0,54294710.0,107649004.05,444806.72,,,37550091.71,,,0.0,145643902.48,,0.0,-91349192.48,6985548.89,,0.0,-181920725.58,2214307789.55,,0.0,2032387063.97,,,,,,,,,,,,,,,,,,,,,,,,,,,,,,,,,,,,,,35.6942367962,,,,,,,,,,,,199.1817360828,21.6778580408,,,36.537899746,13.2890617406,,,,,,23.1389466049,11.1540463184,0.7695337835,,,13.9206107068,,,62.0617835525,-28.4107414345,213.0866596404,-87.6441155134,,,,,,-26.6095251419,-60.9640804862,-82.8876920596,,,,,,,-79.1072199916,,,114.2527772816,,,-29.7610478655,,,,,-29.7610478655,183.4917311928,-71.9538230961,,,3732.5129302342,,,,259.2748622553,,,-348.4900843402,881.858529915,,,64.3319013739,10.3649189061,,,35.8262875037,,,,,,,,,,,,,,,,,,,,,,,,,,,,,,,,,,,,,,,,,,,
000682.SZ,000682,东方电子,10005606,通用,2022-12-31 00:00:00,年报,2022年报,058001001,2023-04-19 00:00:00,2024-04-19 00:00:00,CNY,6060494154.87,0.0,0.0,0.0,0.0,0.0,0.0,,0.0,0.0,,0.0,68217548.55,92615560.23,0.0,0.0,6221327263.65,3785030666.39,0.0,0.0,0.0,0.0,0.0,1068151866.09,310980352.99,644611088.86,0.0,0.0,5808773974.33,,0.0,412553289.32,807815312.05,6692697.58,1679881.52,,,0.0,,0.0,816187891.15,201697667.83,868145246.95,,,,,,0.0,1069842914.78,,0.0,-253655023.63,16660000.0,16660000.0,327770680.58,,0.0,,0.0,344430680.58,157599810.26,92723195.3,9115050.39,,54013298.9,,,0.0,304336304.46,,0.0,40094376.12,8964025.03,,0.0,207956666.84,2006351122.71,,0.0,2214307789.55,493967017.35,13601973.66,51230609.68,51230609.68,,15251612.65,7329191.66,,,,347010.85,115570.75,-78716206.71,-5398923.57,-15925445.57,12835782.23,1085065.91,11750716.32,,-855244417.9,-156059384.16,905878673.12,-173023.8,,0.0,412553289.32,,,,,2214307789.55,2006351122.71,,,,,207956666.84,27.8143366782,,,,,,,,,,,,4.5500454692,-17.1968354111,,,26.4821907598,26.5441737538,,,,,,22.7139428495,20.6479633152,7.904374739,,,23.1542707631,,,104.1604366907,-10.2875387324,-30.1640132243,781.4518535931,,,-100.0,,,-10.3684579442,15.5295419771,-2.1954207328,,,,,,,0.6441692824,,,-66.4490411009,671.2962962963,671.2962962963,149.5667910397,,-100.0,,,135.5953791626,67.9192089073,507.4693280146,-21.8021825778,,58.3683457074,,,,112.4889767753,,,1249.3694469592,230.9677891817,,,353.9748160551,2.3364940622,,,10.3649189061,17.7742164016,1.2925553827,9.2740928498,9.2740928498,,-7.0111475224,-8.5217148337,,,,78.9953280585,-43.8331923219,-68.3483312712,-155.4994309943,-41.1872776146,643.7632820436,124.9119042872,93.2238456295,,-48.3738896207,55.1279762998,38.5254933635,0.0,,,104.1604366907,,,,,10.3649189061,2.3364940622,,,,,353.9748160551,标准无保留意见,,,,5489695.87,42.8402381928
000682.SZ,000682,东方电子,10005606,通用,2022-09-30 00:00:00,三季报,2022三季报,058001001,2022-10-27 00:00:00,2023-10-28 00:00:00,CNY,3797827611.14,,,,,,,,,,,,67068202.78,114754568.59,,0.0,3979650382.51,2639565175.84,,,,,,832669807.7,216235423.88,578629778.16,,0.0,4267100185.58,,0.0,-287449803.07,618866993.44,5835208.32,127293.48,,,0.0,,0.0,624829495.24,110838727.17,809853878.29,,16460000.0,,,,0.0,937152605.46,,0.0,-312323110.22,16660000.0,16660000.0,293253986.1,,,,0.0,309913986.1,153799810.26,92605781.52,9724298.13,,7566744.81,,,0.0,253972336.59,,0.0,55941649.51,8280495.88,,0.0,-535550767.9,2006351122.71,,0.0,1470800354.81,,,,,,,,,,,,,,,,,,,,,,,,,,,,,,,,,,,,,,29.890235132,,,,,,,,,,,,25.9431489665,9.4103714782,,,29.1250809262,30.3769887393,,,,,,20.5922646278,15.005850517,-2.9935044346,,,21.9326813954,,,31.1567081031,-17.858529016,-1.6286766133,10.3590302716,,,-100.0,,,-17.7705721817,17.3705285754,2.7669592193,,,,,,,6.1948822271,,,-154.7027275201,671.2962962963,671.2962962963,349.7760523006,,,,,300.6127017839,65.6676373672,552.3120723288,-16.5754595759,,6.3555143039,,,,122.4949011341,,,252.0670621272,524.8728624858,,,7.4884044275,2.3408370638,,,6.4594893927,,,,,,,,,,,,,,,,,,,,,,,,,,,,,,,,,,,,,,,,,,,
000682.SZ,000682,东方电子,10005606,通用,2022-06-30 00:00:00,中报,2022中报,058001001,2022-08-20 00:00:00,2023-08-18 00:00:00,CNY,2348984631.73,,,,,,,,,,,,38103357.98,63657986.52,,0.0,2450745976.23,1738553436.44,,,,,,587903301.27,161481716.64,391332411.03,,0.0,2879270865.38,,0.0,-428524889.15,423866993.44,3475919.6,123957.48,,,,,0.0,427466870.52,85116895.89,625853878.29,,16460000.0,,,,0.0,727430774.18,,0.0,-299963903.66,,,226715111.09,,,,0.0,226715111.09,109765461.63,10800519.09,6669120.0,,9929855.13,,,0.0,130495835.85,,0.0,96219275.24,6130298.42,,0.0,-626139219.15,2006351122.71,,0.0,1380211903.56,181537984.29,3499848.69,24756116.65,24756116.65,,7932340.97,4095900.59,,,,36990.38,43482.85,1256736.2,1392625.67,-8556087.78,3240912.67,3240912.67,,,-704194175.42,-113696621.44,159498518.32,,,0.0,-428524889.15,,,,,1380211903.56,2006351122.71,,,,,-626139219.15,26.7636285554,,,,,,,,,,,,15.1596935186,-3.7339816957,,,25.5339422054,29.1875814043,,,,,,22.5525584659,12.8258410297,0.2682985139,,,22.0607109726,,,-5.3853574365,-20.8209382624,-21.8781137242,-24.1130254045,,,,,,-20.881931759,18.905808508,12.9251783516,,,,,,,16.2395006168,,,-250.7791752642,,,829.1602913525,,,,,520.1179187363,66.7707289912,2.172428614,-23.9379562044,,60.8044705772,,,,58.0538382336,,,309.1533883177,452.9241503094,,,-15.9771870707,2.3408370638,,,-2.8415662971,23.191663397,-59.935358676,-2.792992751,-2.792992751,,-1.3672073538,-19.1016440225,,,,240.2946422713,199.6058801035,217.1108810916,-44.7094078146,-0.3199694642,-23.4083374032,-23.4083374032,,,-105.4927012748,-159.8283467724,175.2389263465,,,,-5.3853574365,,,,,-2.8415662971,2.3408370638,,,,,-15.9771870707,,,,,2599040.38,
000682.SZ,000682,东方电子,10005606,通用,2022-03-31 00:00:00,一季报,2022一季报,058001001,2022-04-29 00:00:00,2023-04-28 00:00:00,CNY,1097596872.87,,,,,,,,,,,,7828996.08,23373833.57,,0.0,1128799702.52,796546057.85,,,,,,366916844.27,104352639.82,196988170.3,,0.0,1464803712.24,,0.0,-336004009.72,139429091.85,1057059.89,36557.48,,,,,0.0,140522709.22,58237227.08,292187355.29,,,,,,0.0,350424582.37,,0.0,-209901873.15,,,77300000.0,,,,0.0,77300000.0,37972537.54,1585979.87,,,979777.3,,,0.0,40538294.71,,0.0,36761705.29,-893454.33,,0.0,-510037631.91,2006351122.71,,0.0,1496313490.8,,,,,,,,,,,,,,,,,,,,,,,,,,,,,,,,,,,,,,7.3045215719,,,,,,,,,,,,3.0338451308,-41.0353413653,,,5.4835444168,36.9065453769,,,,,,20.3192541394,31.4349956704,2.3279541869,,,26.4209491609,,,-279.4407865351,-17.3998271031,-52.3752294724,-23.8385833333,,,,,,-17.855430904,-0.5127063673,22.7677963403,,,,,,,18.1721561318,,,-67.2927550788,,,1697.6744186047,,,,,1096.5944272446,0.4564485185,54.3283496807,,,-82.0468994043,,,,-8.4606301354,,,197.1886722889,-212.1295539931,,,-103.1613663945,2.3364940622,,,-12.4703171649,,,,,,,,,,,,,,,,,,,,,,,,,,,,,,,,,,,,,,,,,,,
000682.SZ,000682,东方电子,10005606,通用,2021-12-31 00:00:00,年报,2021年报,058001001,2022-04-23 00:00:00,2023-04-19 00:00:00,CNY,4741638780.42,,,,,,,,,,,,65248702.9,111850266.46,,0.0,4918737749.78,2991074621.7,,,,,,870440506.83,257758477.18,597391060.76,,0.0,4716664666.47,,0.0,202073083.31,900449392.02,9583451.01,190581.2,,,380000.0,,0.0,910603424.23,174585360.92,887632515.22,,,,777548.64,,0.0,1062995424.78,,0.0,-152392000.55,2160000.0,2160000.0,131335855.71,,12700000.0,,0.0,146195855.71,93854545.46,15263848.07,11656400.0,,34106120.55,,,0.0,143224514.08,,0.0,2971341.63,-6844450.14,,0.0,45807974.25,1960543148.46,,0.0,2006351122.71,419418640.55,13428404.1,46882667.56,46882667.56,,16401549.48,8011946.93,,,,193865.87,205763.43,-46757937.02,9727889.95,-11279660.49,1725788.64,-4355612.07,6081400.71,,-576411671.95,-347787711.12,653943654.07,-173023.8,,0.0,202073083.31,,,,,2006351122.71,1960543148.46,,,,,45807974.25,13.9400098346,,,,,,,,,,,,5.986784602,-4.7879961225,,,13.3203440467,21.304476467,,,,,,14.2307262955,0.0538385837,11.9542000429,,,17.3596640133,,,-37.1619209261,-31.3734172685,-6.7300687501,-28.509480443,,,89.8101898102,,,-31.1630867956,15.371612822,-35.9295138429,,,,,,,-30.8271900456,,,28.7497036026,-90.3864149361,-90.3864149361,1.0523564227,,26.7782786095,,,-10.0077460794,-33.8120271791,-77.6086919188,-7.8682377639,,7356.0848299466,,,,-31.9359417716,,,106.1938777704,18.4592956513,,,-10.7555866682,2.6884708342,,,2.3364940622,29.0290194271,-59.9845789714,4.9793629436,4.9793629436,,24.9892252129,-34.8898167413,,,,-14.2394783639,70.1223966255,-4920.7833220688,-10.1725210914,29.9117060997,140.7893842,-5.3738466152,6337.9706544411,,-127.1910158377,-345.7792130273,178.4424112792,0.0,,,-37.1619209261,,,,,2.3364940622,2.6884708342,,,,,-10.7555866682,标准无保留意见,,,,3843241.89,
000682.SZ,000682,东方电子,10005606,通用,2021-09-30 00:00:00,三季报,2021三季报,058001001,2021-10-29 00:00:00,2022-10-27 00:00:00,CNY,2923874614.04,,,,,,,,,,,,53252759.94,104884543.43,,0.0,3082011917.41,2024563691.31,,,,,,690483597.99,188021237.97,596485601.08,,0.0,3499554128.35,,0.0,-417542210.94,753416010.24,5931818.46,115344.87,48000.0,,350000.0,,0.0,759861173.57,94434887.97,788048886.96,,,,,,0.0,882483774.93,,0.0,-122622601.36,2160000.0,2160000.0,65200000.0,,10000000.0,,0.0,77360000.0,92836363.64,14196545.71,11656400.0,,7114576.86,,,0.0,114147486.21,,0.0,-36787486.21,-1948934.99,,0.0,-578901233.5,1960459949.59,,0.0,1381558716.09,,,,,,,,,,,,,,,,,,,,,,,,,,,,,,,,,,,,,,15.2936791652,,,,,,,,,,,,22.5730132503,-10.8470553826,,,14.2707018814,16.6449137383,,,,,,14.499923577,29.3214429835,28.2665916096,,,18.6638201417,,,-65.679194884,-24.4998486582,12.7911743506,16.509969697,,,,,,-24.2606502145,-0.535658618,-27.6341835278,,,,,,,-25.4610456792,,,32.127016976,,,-48.1717011129,,900.0,,,-38.9905362776,-27.3580879186,-77.898659408,4.2436513359,,378.367889731,,,,-41.0154913365,,,44.8638121178,-78.6541347198,,,-15.6656596319,2.8021210179,,,-1.7752093158,,,,,,,,,,,,,,,,,,,,,,,,,,,,,,,,,,,,,,,,,,,
000682.SZ,000682,东方电子,10005606,通用,2021-06-30 00:00:00,中报,2021中报,058001001,2021-08-27 00:00:00,2022-08-20 00:00:00,CNY,1853043068.03,,,,,,,,,,,,33087408.29,66127162.67,,0.0,1952257638.99,1345758947.99,,,,,,479715241.06,143124762.17,390285281.42,,0.0,2358884232.64,,0.0,-406626593.65,535327123.28,4449354.42,163344.87,,,350000.0,,0.0,540289822.57,71583463.38,554219960.0,,,,,,0.0,625803423.38,,0.0,-85513600.81,2160000.0,2160000.0,24400000.0,,10000000.0,,0.0,36560000.0,65818181.82,10570874.39,8768000.0,,6175111.36,,,0.0,82564167.57,,0.0,-46004167.57,-1737001.68,,0.0,-539881363.71,1960459949.59,,0.0,1420578585.88,147362231.57,8735504.86,25467419.84,25467419.84,,8042295.83,5063020.8,,,,-26366.21,14513.35,-1073116.51,2518738.93,-8528798.23,4231417.05,4231417.05,,,-342685735.82,-43758359.26,-211989359.85,,,0.0,-406626593.65,,,,,1420578585.88,1960459949.59,,,,,-539881363.71,9.2772976403,,,,,,,,,,,,-6.6778936924,11.3964258191,,,9.0316198603,17.2391073329,,,,,,21.4842754571,44.5008088369,34.2278892137,,,22.0597721095,,,-186.3119955662,-22.4163589449,19.0055679043,117.79316,,,,,,-22.1275449664,-15.6729023843,-25.8965155769,,,,,,,-24.8544007352,,,38.4679477028,,,-67.4666666667,,,,,-51.2533333333,-1.7639077313,-70.5820974763,120.1974946508,,315.2003763913,,,,-20.931251979,,,-56.3664813325,-730.3077357517,,,-74.0758608565,2.8021210179,,,-11.0404468409,23.1389918825,-11.8168974285,26.2990199586,26.2990199586,,38.3852310913,-23.7916659471,,,,-110.6025409061,,,-66.8314501949,2.8792493761,529.3973763839,529.3973763839,,,-382.4157120477,29.6772697553,-25.4120585015,,,,-186.3119955662,,,,,-11.0404468409,2.8021210179,,,,,-74.0758608565,,,,,,
000682.SZ,000682,东方电子,10005606,通用,2021-03-31 00:00:00,一季报,2021一季报,058001001,2021-04-29 00:00:00,2022-04-29 00:00:00,CNY,1022880356.57,,,,,,,,,,,,7598470.26,39640411.92,,0.0,1070119238.75,581817367.21,,,,,,304952725.06,79394866.86,192506702.46,,0.0,1158671661.59,,0.0,-88552422.84,168800000.0,2219559.02,48000.0,,,,,0.0,171067559.02,58537351.81,238000000.0,,,,,,0.0,296537351.81,,0.0,-125469792.79,2160000.0,2160000.0,4300000.0,,,,0.0,6460000.0,37800000.0,1027665.93,,,5457426.67,,,0.0,44285092.6,,0.0,-37825092.6,796805.39,,0.0,-251050502.84,1960543148.46,,0.0,1709492645.62,,,,,,,,,,,,,,,,,,,,,,,,,,,,,,,,,,,,,,19.5095438857,,,,,,,,,,,,-59.7557281085,36.935004615,,,18.4116916765,15.8926775442,,,,,,28.1123749532,55.7601538378,20.156444753,,,21.8048600982,,,-86.3291781109,-35.0769230769,51.0952027837,-36.0,,,,,,-34.5931958699,613.0503317969,-32.0,,,,,,,-17.2167651553,,,-29.7979746854,,,-74.7058823529,,,,,-62.0,26.0,-64.3529453463,,,,,,,34.6751775743,,,-138.1499140576,126.2771445188,,,-57.1807234708,2.80648378,,,-2.1638671257,,,,,,,,,,,,,,,,,,,,,,,,,,,,,,,,,,,,,,,,,,,
000682.SZ,000682,东方电子,10005606,通用,2020-12-31 00:00:00,年报,2020年报,058001001,2021-04-23 00:00:00,2022-04-23 00:00:00,CNY,4161522179.35,,,,,,,,,,,,61563055.38,117474963.14,,0.0,4340560197.87,2465757825.94,,,,,,762002076.9,257619778.34,533603081.02,,0.0,4018982762.2,,0.0,321577435.67,1312100000.0,10274963.09,266582.48,,,200200.0,,0.0,1322841745.57,151324365.37,1385400000.0,,,,,,0.0,1536724365.37,,0.0,-213882619.8,22468205.0,22468205.0,129968127.77,,10017488.91,,0.0,162453821.68,141800000.0,68168630.5,12651880.0,,457426.67,,,0.0,210426057.17,,0.0,-47972235.49,-8393906.08,,0.0,51328674.3,1909214474.16,,0.0,1960543148.46,325057605.19,33558072.75,44658937.0,44658937.0,,13122370.71,12305213.3,,,,226054.91,120950.23,-931287.69,10829525.74,-16093501.3,-4230974.98,-4133484.93,-97490.05,,-253712352.94,-78017929.27,234857775.82,-173023.8,,0.0,321577435.67,,,,,1960543148.46,1909214474.16,,,,,51328674.3,7.7953880183,,,,,,,,,,,,27.1028632261,41.7699464671,,,8.7348982376,19.1254731116,,,,,,17.3968168776,0.4446540383,5.0237584668,,,15.3712101905,,,-36.7410582717,135.0570139509,53.2447297311,-38.5111359015,,,,,,133.9890331093,84.8698963879,142.9850229189,,,,,,,135.6891792775,,,-146.7791825983,218.3940011875,218.3940011875,4.30828874,,,,,23.3919615655,1.9410496046,727.0973405968,217.7363456458,,-91.7070677735,,,,37.6613389435,,,-126.2729960778,-468.0542974648,,,-87.2557949205,26.9203447073,,,2.80648378,14.9656791736,214.6158335947,6.6342645576,6.6342645576,,3.9573944945,9.1626196765,,,,13.3749094161,-40.3292791361,-288.0244450758,326.110135848,-17.8439510007,-138.4885020045,-132.9932541964,,,43.4658942624,69.0583542785,-72.76232804,0.0,,,-36.7410582717,,,,,2.80648378,26.9203447073,,,,,-87.2557949205,标准无保留意见,,,,,
000682.SZ,000682,东方电子,10005606,通用,2020-09-30 00:00:00,三季报,2020三季报,058001001,2020-10-30 00:00:00,2021-10-29 00:00:00,CNY,2536023340.75,,,,,,,,,,,,43445745.95,117645630.08,,0.0,2697114716.78,1735663927.75,,,,,,603042846.16,145390612.44,465035823.9,,0.0,2949133210.25,,0.0,-252018493.47,997900000.0,5259115.79,99000.0,,,,,0.0,1003258115.79,94943460.8,1088979473.15,,,,,,0.0,1183922933.95,,0.0,-180664818.16,,,125800000.0,,1000000.0,,0.0,126800000.0,127800000.0,64233866.95,11181880.0,,1487260.54,,,0.0,193521127.49,,0.0,-66721127.49,-1090898.34,,0.0,-500495337.46,1907022861.18,,0.0,1406527523.72,,,,,,,,,,,,,,,,,,,,,,,,,,,,,,,,,,,,,,15.8278660646,,,,,,,,,,,,14.1954412743,103.042673321,,,18.0117726351,17.7566672715,,,,,,20.4479982542,-12.2477484374,11.5793921238,,,15.3326777709,,,7.2110622977,103.567895899,22.4654894598,-28.0330472247,,,,,,102.8271772033,131.3074619003,190.2717621253,,,,,,,183.1844030597,,,-335.9718597172,,,-5.3720690492,,,,,-9.4275693417,10.6493506494,775.2906405226,180.8191105709,,-73.0366599277,,,,50.7708898381,,,-673.0079831751,-134.3252851341,,,-177.7137246261,26.7746511361,,,6.2298197155,,,,,,,,,,,,,,,,,,,,,,,,,,,,,,,,,,,,,,,,,,,
000682.SZ,000682,东方电子,10005606,通用,2020-06-30 00:00:00,中报,2020中报,058001001,2020-08-28 00:00:00,2021-08-27 00:00:00,CNY,1695725560.61,,,,,,,,,,,,35455059.47,59362014.7,,0.0,1790542634.78,1147875464.6,,,,,,394878464.11,99047723.9,290763181.71,,0.0,1932564834.32,,0.0,-142022199.54,690000000.0,3738778.36,75000.0,,,,,0.0,693813778.36,84887853.85,747900000.0,,,,,,0.0,832787853.85,,0.0,-138974075.49,,,75000000.0,,,,0.0,75000000.0,67000000.0,35933474.12,3981880.0,,1487260.54,,,0.0,104420734.66,,0.0,-29420734.66,275579.94,,0.0,-310141429.75,1907022861.18,,0.0,1596881431.43,119671461.75,9906098.34,20164384.37,20164384.37,,5811527.55,6643657.63,,,,248678.22,,,7593756.57,-8781643.65,-985431.51,-985431.51,,,-71035359.6,-62225057.4,-169034271.81,,,0.0,-142022199.54,,,,,1596881431.43,1907022861.18,,,,,-310141429.75,13.9677159767,,,,,,,,,,,,360.9611927687,61.4420826206,,,16.8485920101,26.7532011351,,,,,,7.7633467781,-22.2741557869,13.6559458976,,,16.7508582018,,,-15.5325584348,88.3106836387,15.761184928,-45.0549450549,,,,,,87.6277947907,309.9127520394,158.678297171,,,,,,,167.6455540409,,,-337.040923661,,,240.9090909091,,,,,240.9090909091,16.5217391304,560.7407218571,-20.4604749387,,-73.0366599277,,,,52.5409662836,,,36.6672561402,-78.8589473771,,,-183.3629037326,26.7746511361,,,14.4872401798,8.1361612365,57.613601465,-2.1839394278,-2.1839394278,,-7.4919694886,37.6804947995,,,,87.9102736378,,,190.3711884486,-71.851822876,-256.8079002813,-256.8079002813,,,57.2079050148,52.5854850442,-718.3454237739,,,,-15.5325584348,,,,,14.4872401798,26.7746511361,,,,,-183.3629037326,,,,,,
000682.SZ,000682,东方电子,10005606,通用,2020-03-31 00:00:00,一季报,2020一季报,058001001,2020-04-29 00:00:00,2021-04-29 00:00:00,CNY,855898469.12,,,,,,,,,,,,18880873.98,28948340.88,,0.0,903727683.98,502031171.89,,,,,,238035338.25,50972514.41,160213380.86,,0.0,951252405.41,,0.0,-47524721.43,260000000.0,1468980.47,75000.0,,,,,0.0,261543980.47,8209427.75,350000000.0,,,,,,0.0,358209427.75,,0.0,-96665447.28,,,17000000.0,,,,0.0,17000000.0,30000000.0,2882891.56,1960000.0,,,,,0.0,32882891.56,,0.0,-15882891.56,352136.93,,0.0,-159720923.34,1907022861.18,,0.0,1747301937.84,,,,,,,,,,,,,,,,,,,,,,,,,,,,,,,,,,,,,,3.275665029,,,,,,,,,,,,373.9239039899,60.1046662916,,,6.2189110435,10.4484853977,,,,,,8.0634037107,-35.1306797308,14.3616320774,,,6.4655927873,,,-11.3846102113,-10.3582886771,-20.1422581568,,,,,,,-10.3942536948,-12.0906866943,59.7720113728,,,,,,,56.0574901867,,,-255.0462359113,,,240.0,,,,,240.0,36.3636363636,11.4653888244,0.0,,,,,,9.237439341,,,36.7271374624,130.7175067265,,,-2331.2097884324,26.7746511361,,,16.6662783324,,,,,,,,,,,,,,,,,,,,,,,,,,,,,,,,,,,,,,,,,,,
000682.SZ,000682,东方电子,10005606,通用,2019-12-31 00:00:00,年报,2019年报,058001001,2020-04-15 00:00:00,2021-04-23 00:00:00,CNY,3860575351.0,,,,,,,,,,,,48435616.49,82863093.39,,0.0,3991874060.88,2069882923.89,,,,,,649082400.33,256479332.63,508078447.02,,0.0,3483523103.87,,0.0,508350957.01,558204997.99,6704937.33,433545.95,,,,,0.0,565343481.27,81854519.49,570158597.99,,,,,,0.0,652013117.48,,0.0,-86669636.21,7056730.0,7056730.0,124600000.0,,,,0.0,131656730.0,139100000.0,8241911.46,3981880.0,,5515861.67,,,0.0,152857773.13,,0.0,-21201043.13,2280616.24,,0.0,402760893.91,1504261967.27,,0.0,1907022861.18,282743169.55,10666364.87,41880475.46,41880475.46,,12622835.32,11272369.0,,,,199387.07,202696.11,495301.39,2541485.13,-13656620.61,-1774079.23,-1774079.23,,,-448777511.61,-252145377.05,862253485.41,-173023.8,,0.0,508350957.01,,,,,1907022861.18,1504261967.27,,,,,402760893.91,24.4829917309,,,,,,,,,,,,-3.1480770077,1.184514995,,,23.4654790131,11.3097575764,,,,,,19.9246499017,27.3626932774,39.1859584289,,,17.4000421336,,,91.1340359235,-35.87535922,-23.2012978806,-97.3312888482,,,,,,-40.7883389358,-11.8358585399,-46.2668944326,,,,,,,-43.4966463567,,,56.4808780108,292.0405555556,292.0405555556,-62.2187281493,,,,,-61.2310266672,-49.4562324162,-29.5092102415,-14.9293943542,,-77.5256011794,,,,-50.9193569857,,,-175.3119945598,5.1969627972,,,314.6548881,6.9028139577,,,26.7746511361,26.6651161846,-10.1371882281,5.255013401,5.255013401,,15.5281598713,71.0081281681,,,,105.0001498387,36.5616143873,,-53.6335832074,26.9482149266,64.2775718602,64.2775718602,,,-195.0483590525,-383.0104970063,330.98631689,0.0,,,91.1340359235,,,,,26.7746511361,6.9028139577,,,,,314.6548881,标准无保留意见,,,,,
000682.SZ,000682,东方电子,10005606,通用,2019-09-30 00:00:00,三季报,2019三季报,058001001,2019-10-30 00:00:00,2020-10-30 00:00:00,CNY,2189476010.32,,,,,,,,,,,,38045079.09,57941332.31,,0.0,2285462421.72,1473941109.21,,,,,,500666557.27,165683056.39,416775728.07,,0.0,2557066450.94,,0.0,-271604029.22,490204997.99,4294365.55,137563.14,,,,,0.0,494636926.68,41046432.32,375158597.99,,,,1869878.18,,0.0,418074908.49,,0.0,76562018.19,7056730.0,6566730.0,132941721.05,,,,0.0,139998451.05,115500000.0,7338575.78,3981880.0,,5515861.67,,,0.0,128354437.45,,0.0,11644013.6,3178118.8,,0.0,-180219878.63,1504261967.27,,0.0,1324042088.64,,,,,,,,,,,,,,,,,,,,,,,,,,,,,,,,,,,,,,16.2099202707,,,,,,,,,,,,58.9870749619,-31.0291343212,,,14.731595257,14.9787594716,,,,,,24.8677818579,12.5538972742,14.7213715261,,,16.5811367601,,,-34.877190953,64.7747892403,43.4366157732,-99.1003785251,,,,,,35.2260870388,-12.7916261176,-44.8372190494,,,,,,,-42.5058498997,,,121.1862697953,292.0405555556,264.8183333333,-39.8135570263,,,,,-39.5733176653,-51.0109903301,-22.8718043674,32.6462083761,,-79.5169730838,,,,-52.8474259943,,,128.7309895032,60.7245040107,,,70.0281597741,6.9028139577,,,64.3072490093,,,,,,,,,,,,,,,,,,,,,,,,,,,,,,,,,,,,,,,,,,,
000682.SZ,000682,东方电子,10005606,通用,2019-06-30 00:00:00,中报,2019中报,058001001,2019-08-28 00:00:00,2020-08-29 00:00:00,CNY,1487899925.06,,,,,,,,,,,,7691549.75,36769851.91,,0.0,1532361326.72,905598796.97,,,,,,366431143.72,127432162.24,255827514.71,,0.0,1655289617.64,,0.0,-122928290.92,366415747.99,3229734.01,136500.0,,,,,0.0,369781982.0,20708761.42,289123597.99,,,,1320895.81,,0.0,311153255.22,,0.0,58628726.78,,,22000000.0,,,,0.0,22000000.0,57500000.0,5438362.27,5006165.17,,5515861.67,,,0.0,68454223.94,,0.0,-46454223.94,1303529.89,,0.0,-109450258.19,1504261967.27,,0.0,1394811709.08,110667384.88,6285052.97,20614594.63,20614594.63,,6282187.09,4825416.73,,,,132338.81,32007.86,,2615189.41,-5110009.02,628432.31,628432.31,,,-166001126.2,-131236304.87,27336544.48,,,0.0,-122928290.92,,,,,1394811709.08,1504261967.27,,,,,-109450258.19,20.3553332784,,,,,,,,,,,,-41.4195588174,-18.8661945625,,,18.3559462973,14.0859546592,,,,,,24.3039890368,19.7443697532,19.6222575402,,,17.4917792963,,,-7.6902607921,113.0324116221,154.0810316193,2821.8110519376,,,,,,65.6166754562,-46.156819494,-18.1170329604,,,,,,,-20.533949702,,,134.8401636673,,,-88.8823287054,,,,,-89.4577026178,-63.3214012347,7.2740371453,66.7676645969,,-79.430582708,,,,-63.7141375223,,,-331.9167056341,478.8565706685,,,58.2526982628,6.9028139577,,,21.8221782732,46.1030679315,41.1371517828,9.1619469153,9.1619469153,,25.0977788149,80.569779764,,,,116765.7806428824,3659.0388507127,,14.4515410882,-114.6509120736,185.1908973733,185.1908973733,,,-1.5634269488,-107.8915265423,321.8942174566,,,,-7.6902607921,,,,,21.8221782732,6.9028139577,,,,,58.2526982628,,,,,,
000682.SZ,000682,东方电子,10005606,通用,2019-03-31 00:00:00,一季报,2019一季报,058001001,2019-04-30 00:00:00,2020-04-29 00:00:00,CNY,828751350.94,,,,,,,,,,,,3983946.33,18080885.18,,0.0,850816182.45,454538756.31,,,,,,220273774.54,78577229.11,140093646.75,,0.0,893483406.71,,0.0,-42667224.26,290043547.99,1839496.63,,,,,,0.0,291883044.62,9338518.8,219062147.99,,,,1136170.77,,0.0,229536837.56,,0.0,62346207.06,,,5000000.0,,,,0.0,5000000.0,22000000.0,2586355.81,1960000.0,,5515861.67,,,0.0,30102217.48,,0.0,-25102217.48,-1146372.11,,0.0,-6569606.79,1504261967.27,,0.0,1497692360.48,,,,,,,,,,,,,,,,,,,,,,,,,,,,,,,,,,,,,,29.7554680216,,,,,,,,,,,,-55.4862268408,-33.7957005403,,,26.0537312598,28.2365444243,,,,,,27.7294261084,15.3824157548,12.4980346852,,,24.1745573269,,,4.2801758239,176.2319504667,207.7139023288,,,,,,,87.5881632203,-51.1629594628,90.4888243391,,,,,,,71.1405946173,,,190.3064295113,,,-84.1931486961,,,,,-84.7243601838,10.0,77.6875679797,100.0,,7989.4046380319,,,,39.8558220291,,,-323.9649029784,41.0727213362,,,52.5194489177,6.9028139577,,,7.4929199949,,,,,,,,,,,,,,,,,,,,,,,,,,,,,,,,,,,,,,,,,,,
000682.SZ,000682,东方电子,10005606,通用,2018-12-31 00:00:00,年报,2018年报,058001001,2019-04-02 00:00:00,2020-04-15 00:00:00,CNY,3101287410.69,,,,,,,,,,,,50009968.82,81893057.84,,0.0,3233190437.35,1859570058.33,,,,,,541241855.5,201377127.03,365035706.73,,0.0,2967224747.59,,0.0,265965689.76,870500000.0,8730534.69,16245517.98,8807973.16,,50500000.0,,0.0,954784025.83,92843323.98,1061093700.0,,,,,,0.0,1153937023.98,,0.0,-199152998.15,1800000.0,1800000.0,329793026.8,,8000000.0,,0.0,339593026.8,275207026.8,11692182.04,4680676.68,,24542866.37,,,0.0,311442075.21,,0.0,28150951.59,2167948.75,,0.0,97131591.95,1407130375.32,,0.0,1504261967.27,223221024.12,11869609.53,39789530.31,39789530.31,,10926197.85,6591715.33,,,,-3987621.9,148428.32,,5481305.88,-18694437.92,-4966289.59,-4966289.59,,,-152103035.94,-52202877.29,200065164.86,-173023.8,,0.0,265965689.76,,,,,1504261967.27,1407130375.32,,,,,97131591.95,14.4460813664,,,,,,,,,,,,-7.4883138942,283.1288517807,,,16.0823086225,13.4699932019,,,,,,17.9282677629,12.7769381557,15.1717502911,,,14.4192811933,,,38.5483393905,184.1984982044,240.4805225948,2764.5316309501,,,,,,208.5609001619,3.3618549158,241.4885461789,,,,,,,156.1176530787,,,-41.1248778449,-99.809003369,-99.809003369,115.2186349547,,-28.2511210762,,,-69.3178924535,158.7692814233,170.8688928744,227.1370338272,,487.9483202519,,,,171.1890768659,,,-97.1621112867,190.87202695,,,-90.6642849205,283.7276819701,,,6.9028139577,19.8612830783,6.0815116361,7.1576714897,7.1576714897,,-13.0194249494,27.5338254501,,,,-2176.2040704331,15938.6756569848,,8.4916548654,-468.2122170333,-1985.1491455984,-1985.1491455984,,,-981.6772794639,79.0696812528,17.4786498994,0.0,,,38.5483393905,,,,,6.9028139577,283.7276819701,,,,,-90.6642849205,标准无保留意见,,,,,
000682.SZ,000682,东方电子,10005606,通用,2018-09-30 00:00:00,三季报,2018三季报,058001001,2018-10-31 00:00:00,2019-10-30 00:00:00,CNY,1884069798.19,,,,,,,,,,,,23929667.93,84008416.8,0.0,0.0,1992007882.92,1281924692.86,,,,,,400957356.51,147203304.73,363293885.46,0.0,0.0,2193379239.56,,0.0,-201371356.64,297500000.0,2993911.65,15291224.57,,,50000000.0,0.0,0.0,365785136.22,47067076.81,680093700.0,,,,,0.0,0.0,727160776.81,,0.0,-361375640.59,1800000.0,1800000.0,220883166.51,9000000.0,9000000.0,,0.0,231683166.51,235767166.51,9514776.95,3001880.0,,26928938.25,,0.0,0.0,272210881.71,,0.0,-40527715.2,1977370.42,,0.0,-601297342.01,1407130375.32,,0.0,805833033.31,,,,,,,,,,,,,,,,,,,,,,,,,,,,,,,,,,,,,,10.586196904,,,,,,,,,,,,-34.0025619281,28.8113554475,,,10.3490421172,18.1066169975,,,,,,16.2507145655,-1.8397565997,0.6895006873,,,12.9983469774,,,-48.1938212678,37.5404530744,21.8965739179,2759.7764297737,,,,,,66.8036792586,-28.2826342455,179.5288532676,,,,,,,135.3815292922,,,-303.1511495386,-99.8089019826,-99.8089019826,54.2154968483,,,,,-78.6497667577,160.9596897511,190.876603929,109.8043052838,,,,,,190.7699385213,,,-104.0873590378,210.6763339176,,,-178.6801771185,283.7276819701,,,-28.7459866631,,,,,,,,,,,,,,,,,,,,,,,,,,,,,,,,,,,,,,,,,,,
000682.SZ,000682,东方电子,10005606,通用,2018-06-30 00:00:00,中报,2018中报,058001001,2018-08-23 00:00:00,2019-08-28 00:00:00,CNY,1236255913.66,,,,,,,,,,,,13129893.86,45320013.91,0.0,0.0,1294705821.43,793786404.01,,,,,,294786311.01,106420170.32,213862804.44,0.0,0.0,1408855689.78,,0.0,-114149868.35,172000000.0,1271143.3,4671.76,,,50000000.0,0.0,0.0,223275815.06,38461252.15,353093700.0,,,,,0.0,0.0,391554952.15,,0.0,-168279137.09,1800000.0,1800000.0,197883166.51,,9000000.0,,0.0,208683166.51,156767166.51,5069597.84,3001880.0,,26815838.25,,0.0,0.0,188652602.6,,0.0,20030563.91,225190.48,,0.0,-262173251.05,1407130375.32,,0.0,1144957124.27,75746106.12,4453152.76,18884414.59,18884414.59,,5021821.45,2672327.97,,,,113.24,-899.34,,2284975.27,-2380613.7,-737675.42,-737675.42,,,-163445770.97,-63127298.67,6479478.35,,0.0,0.0,-114149868.35,,,,,1144957124.27,1407130375.32,,,,,-262173251.05,10.1904859162,,,,,,,,,,,,-11.6772429449,94.1647257176,,,11.5997745894,17.7381635844,,,,,,15.3335484416,-0.6561306763,2.411351006,,,13.09376775,,,-33.3398468707,61.8062088429,62.0433347069,-95.7529454545,,,,,,108.2904686843,-17.4713830871,116.223943662,,,,,,,86.5404285702,,,-63.8405529694,-99.8089019826,-99.8089019826,56.6073387342,,,,,-80.4655220005,87.8075159611,80.2828070743,109.8043052838,,,,,,118.6407591121,,,-97.960221424,135.5697601925,,,-133.058998052,283.7276819701,,,-1.27525248,13.7035515535,-70.7568480788,7.9709010745,7.9709010745,,-9.1463814881,6.8114780876,,,,-99.7924298484,,,86.2292068358,-78.1790308139,17.9915174367,17.9915174367,,,-70.3177747908,15.5590014846,130.4276898871,,,,-33.3398468707,,,,,-1.27525248,283.7276819701,,,,,-133.058998052,,,,,,
000682.SZ,000682,东方电子,10005606,通用,2018-03-31 00:00:00,一季报,2018一季报,058001001,2018-04-27 00:00:00,2019-04-30 00:00:00,CNY,638702448.21,,,,,,,,,,,,8949918.3,27310741.64,0.0,0.0,674963108.15,354453372.36,,,,,,172453428.51,68101563.48,124529861.47,0.0,0.0,719538225.82,,0.0,-44575117.67,105000000.0,597794.45,,,,50000000.0,0.0,0.0,155597794.45,19121795.05,115000000.0,,,,,0.0,0.0,134121795.05,,0.0,21475999.4,1100000.0,1100000.0,31631853.2,,,,0.0,32731853.2,20000000.0,1455563.74,980000.0,,68186.25,,0.0,0.0,21523749.99,,0.0,11208103.21,-1945401.41,,0.0,-13836416.47,1407130375.32,,0.0,1393293958.85,,,,,,,,,,,,,,,,,,,,,,,,,,,,,,,,,,,,,,12.1699987205,,,,,,,,,,,,-1.6036539895,61.5863316013,,,13.3623587239,5.2394485532,,,,,,12.4742102464,25.0712342931,6.5880948885,,,8.7874331379,,,32.4757346736,93.3701657459,52.4565847281,,,,,,,184.4977093925,-10.2056197921,124.171539961,,,,,,,84.7532568038,,,219.9576589669,-99.8832178783,-99.8832178783,-46.2507078455,,,,,-96.7293518345,-53.6709693694,-31.0532615123,-31.5068493151,,,,,,-52.4658660479,,,-98.826984772,-605.1530979684,,,-101.5868109491,283.7276819701,,,12.4836066878,,,,,,,,,,,,,,,,,,,,,,,,,,,,,,,,,,,,,,,,,,,
000682.SZ,000682,东方电子,10005606,通用,2017-12-31 00:00:00,年报,2017年报,058001001,2018-04-12 00:00:00,2019-04-02 00:00:00,CNY,2709824026.88,,,,,,,,,,,,54058001.67,21374808.36,0.0,0.0,2785256836.91,1638820983.29,,,,,,458958539.6,178562328.72,316948996.44,0.0,0.0,2593290848.05,,0.0,191965988.86,306300000.0,2564180.36,567126.5,,,,0.0,0.0,309431306.86,89823585.36,310726000.0,,,,50000000.0,0.0,0.0,450549585.36,,0.0,-141118278.5,942425000.0,942425000.0,153236278.48,,11150000.0,,0.0,1106811278.48,106352278.48,4316546.62,1430800.0,,4174323.75,,0.0,0.0,114843148.85,,0.0,991968129.63,-2385716.29,,0.0,1040430123.7,366700251.62,,0.0,1407130375.32,186232800.44,11189140.64,37131760.85,37131760.85,,12561652.81,5168601.59,,,,192063.1,925.44,,5052283.41,-3290045.05,-238174.31,-238174.31,,,17251554.45,-249412719.99,170299169.28,-173023.8,0.0,0.0,191965988.86,,,,,1407130375.32,366700251.62,,,,,1040430123.7,16.1420939478,,,,,,,,,,,,10.4454300156,-7.8346275473,,,15.7949949985,3.1371715084,,,,,,12.616519295,10.1574349238,3.2736918796,,,5.1826236572,,,418.9958011663,-32.7959409054,-69.7964972234,-8.0389229975,,,,,,-33.4388026297,31.2679806363,-12.5327275994,,,,,,,6.342970501,,,-442.4662507697,11186.5269461078,11186.5269461078,139.9514551823,,37.0778234472,,,1277.5659037015,-18.6658817193,-77.7532637122,-91.1995177818,,108.7161875,,,,-24.5261292305,,,1481.2372584097,-204.4040735209,,,1275.5738521644,-19.4427042892,,,283.7276819701,25.6735149613,-57.5044796121,11.5557599059,11.5557599059,,6.9148027413,-1.7477711896,,,,1274.5347893595,4552.790346908,,453.3589187237,63.1967372728,94.4229255634,94.4229255634,,,121.1702296597,4.0937664786,146.8601021969,-50.0,,,418.9958011663,,,,,283.7276819701,-19.4427042892,,,,,1275.5738521644,标准无保留意见,,,,,
000682.SZ,000682,东方电子,10005606,通用,2017-09-30 00:00:00,三季报,2017三季报,058001001,2017-10-30 00:00:00,2018-10-31 00:00:00,CNY,1703711539.9,,,,,,,,,,,,36258480.07,65218176.23,0.0,0.0,1805188196.2,1085396166.15,,,,,,344907433.91,149962245.03,360806124.75,0.0,0.0,1941071969.84,,0.0,-135883773.64,216300000.0,2456108.12,534700.0,,,,0.0,0.0,219290808.12,65628563.34,243300000.0,,,,,0.0,0.0,308928563.34,,0.0,-89637755.22,941925000.0,941925000.0,143230201.26,,,,0.0,1085155201.26,90346201.26,3271069.87,1430800.0,,,,0.0,0.0,93617271.13,,0.0,991537930.13,-1786624.43,,0.0,764229776.84,366700251.62,,0.0,1130930028.46,,,,,,,,,,,,,,,,,,,,,,,,,,,,,,,,,,,,,,17.3563604457,,,,,,,,,,,,19.1023016263,17.4713323023,,,17.3950772611,7.8121198023,,,,,,11.9944426402,31.8312108534,30.1219330333,,,13.7956409491,,,19.1403831975,-36.3274422555,-68.2373375676,57.4963181149,,,,,,-36.9453523824,152.5543780817,-15.5536434727,,,,,,,-1.6457446454,,,-366.1361462843,11180.5389221557,11180.5389221557,334.0309129091,,,,,2524.3172944619,3.1839694069,-82.5407901519,-91.1995177818,,,,,,-11.9259901908,,,1626.7614496137,-336.9865106035,,,484.8903239049,-19.4427042892,,,340.6567675305,,,,,,,,,,,,,,,,,,,,,,,,,,,,,,,,,,,,,,,,,,,
000682.SZ,000682,东方电子,10005606,通用,2017-06-30 00:00:00,中报,2017中报,058001001,2017-08-17 00:00:00,2018-08-23 00:00:00,CNY,1121926183.9,,,,,,,,,,,,14865810.69,23341013.02,0.0,0.0,1160133007.61,674196352.18,,,,,,255594590.64,107123037.43,208827246.53,0.0,0.0,1245741226.78,,0.0,-85608219.17,106300000.0,784446.52,110000.0,,,,0.0,0.0,107194446.52,46603534.13,163300000.0,,,,,0.0,0.0,209903534.13,,0.0,-102709087.61,941925000.0,941925000.0,126356253.87,,,,0.0,1068281253.87,83472253.87,2812025.13,1430800.0,,,,0.0,0.0,86284279.0,,0.0,981996974.87,-633095.3,,0.0,793046572.79,366700251.62,,0.0,1159746824.41,66617185.73,15228019.1,17490281.55,17490281.55,,5527376.38,2501910.86,,,,54555.05,,,1226969.34,-1336079.61,-899511.12,-899511.12,,,-95965186.94,-74759062.28,-21294677.23,,0.0,0.0,-85608219.17,,,,,1159746824.41,366700251.62,,,,,793046572.79,14.1602607564,,,,,,,,,,,,-31.1444543764,-16.910214028,,,12.3674951215,-1.921416593,,,,,,13.3268009053,21.5902049014,19.1488005644,,,5.9025036939,,,40.4937045014,-61.1618560468,-88.9732181664,-66.8174962293,,,,,,-61.8722539888,308.6425488013,-19.2020907115,,,,,,,-1.6908192285,,,-251.864974634,20048.128342246,20048.128342246,449.3750168261,,,,,3760.0948649322,89.6491031866,-75.1792624676,-85.0256410256,,,,,,55.907111202,,,3649.1657124664,-82.9319390759,,,860.7397628824,-19.4427042892,,,230.4522034698,14.2600700688,141.198889201,22.4711930701,22.4711930701,,42.0873617726,-5.2265822422,,,,485.7748867178,,,-39.0004070569,82.4001708884,59.5552904897,59.5552904897,,,21.7360436256,26.1190266674,-1013.0819793291,,,,40.4937045014,,,,,230.4522034698,-19.4427042892,,,,,860.7397628824,,,,,,
000682.SZ,000682,东方电子,10005606,通用,2017-03-31 00:00:00,一季报,2017一季报,058001001,2017-04-29 00:00:00,2018-04-27 00:00:00,CNY,569405772.93,,,,,,,,,,,,9095783.19,16901640.98,0.0,0.0,595403197.1,336806565.63,,,,,,153327085.5,54450221.0,116832805.39,0.0,0.0,661416677.52,,0.0,-66013480.42,54300000.0,392107.99,,,,,0.0,0.0,54692107.99,21295091.08,51300000.0,,,,,0.0,0.0,72595091.08,,0.0,-17902983.09,941925000.0,941925000.0,58850734.46,,,,0.0,1000775734.46,43169476.52,2111142.27,1430800.0,,,,0.0,0.0,45280618.79,,0.0,955495115.67,385111.25,,0.0,871963763.41,366700251.62,,0.0,1238664015.03,,,,,,,,,,,,,,,,,,,,,,,,,,,,,,,,,,,,,,20.2746925384,,,,,,,,,,,,-39.0965436647,27.7741063844,,,18.7046759168,9.6872100301,,,,,,14.7446995096,2.3510773752,1.1499381202,,,8.5375881525,,,38.7663577977,-53.2702237522,-56.6128771729,,,,,,,-53.2960205271,272.4818316489,-58.8942307692,,,,,,,-44.3788582554,,,-33.4714871264,,,6990.4499349398,,,,,120475.3896939759,96.5358859412,-3.2175723883,21.6666666667,,,,,,87.5244401305,,,4197.9326368843,931.0364152066,,,703.092481078,-19.4427042892,,,298.7687032508,,,,,,,,,,,,,,,,,,,,,,,,,,,,,,,,,,,,,,,,,,,
000682.SZ,000682,东方电子,10005606,通用,2016-12-31 00:00:00,年报,2016年报,058001001,2017-04-07 00:00:00,2018-04-12 00:00:00,CNY,2333197150.81,,,,,,,,,,,,48945439.99,23191799.47,0.0,0.0,2405334390.27,1588972200.15,,,,,,407541045.02,162097391.65,306901971.52,0.0,0.0,2465512608.34,,0.0,-60178218.07,455776041.1,8489678.76,616702.76,,,,0.0,0.0,464882422.62,68427643.15,355248301.99,,,,,0.0,0.0,423675945.14,,0.0,41206477.48,8350000.0,8350000.0,63861366.61,,8134065.54,,0.0,80345432.15,130759736.17,19403055.64,16258200.0,,2000000.0,,0.0,0.0,152162791.81,,0.0,-71817359.66,2285079.7,,0.0,-88504020.55,455204272.17,,0.0,366700251.62,148187786.82,26330165.01,33285382.02,33285382.02,,11749217.59,5260543.86,,,,-16352.27,19.89,,913021.05,-8939547.22,-4270595.86,-4270595.86,,,-81489689.66,-260058925.09,68986104.99,-115349.2,0.0,0.0,-60178218.07,,,,,366700251.62,455204272.17,,,,,-88504020.55,8.1458938849,,,,,,,,,,,,19.2749157675,-25.0737940826,,,7.8895267609,26.2747135436,,,,,,8.8685725767,-3.1322963547,16.6377325377,,,19.5022984664,,,-136.1884594735,21.8163947882,-2.3473585738,285.8709180896,,,,,,19.7269883791,11.66574189,-0.5324647935,,,,,,,1.0955051852,,,233.7896834456,-85.6716315464,-85.6716315464,-72.9508193176,,,,,-72.7059281444,-57.9800358456,14.4080513442,86.2251443233,,134.8770230296,,,,-53.7493231654,,,-107.4070762802,148.0646852841,,,-186.9505426947,28.8006618912,,,-19.4427042892,30.6725445802,85.1272734189,7.7088616577,7.7088616577,,-2.3362928878,10.4086563997,,,,-102.473546446,,,-87.1027838351,7.1944853092,-504.8182940812,-504.8182940812,,,-500.8008795434,-141.3102604118,-39.0242176958,,,,-136.1884594735,,,,,-19.4427042892,28.8006618912,,,,,-186.9505426947,标准无保留意见,,,,,
000682.SZ,000682,东方电子,10005606,通用,2016-09-30 00:00:00,三季报,2016三季报,058001001,2016-10-27 00:00:00,2017-10-30 00:00:00,CNY,1451741970.72,,,,,,,,,,,,30443139.7,55518376.23,,0.0,1537703486.65,1006747820.32,,,,,,307968347.16,113753218.27,277283096.2,,0.0,1705752481.95,,0.0,-168048995.3,339706786.82,7732689.68,339500.0,,,,,0.0,347778976.5,25985913.94,288111897.31,,,,,,0.0,314097811.25,,0.0,33681165.25,8350000.0,8350000.0,33000000.0,,,,0.0,41350000.0,87558369.56,18735497.76,16258200.0,,,,,0.0,106293867.32,,0.0,-64943867.32,753892.88,,0.0,-198557804.49,455204272.17,,0.0,256646467.68,,,,,,,,,,,,,,,,,,,,,,,,,,,,,,,,,,,,,,15.7694681092,,,,,,,,,,,,3.867706633,12.9249224107,,,15.4027167259,19.2737253066,,,,,,11.3871790021,-2.804627746,1.6481533647,,,12.935889771,,,5.5400679628,36.9233320516,10.5673880897,4297.0988213962,,,,,,33.5642928162,-26.8080361709,46.9958659745,,,,,,,35.6771846314,,,16.6268859819,-85.6716315464,-85.6716315464,-83.7048648395,,,,,-84.1443567981,-61.4959144325,35.860532872,123.9121688948,,,,,,-55.9294872146,,,-431.3465789827,594.2736570987,,,-53.543382882,28.8006618912,,,14.5228934009,,,,,,,,,,,,,,,,,,,,,,,,,,,,,,,,,,,,,,,,,,,
000682.SZ,000682,东方电子,10005606,通用,2016-06-30 00:00:00,中报,2016中报,058001001,2016-08-12 00:00:00,2017-08-17 00:00:00,CNY,982764209.25,,,,,,,,,,,,21589852.43,28091314.41,,0.0,1032445376.09,687404251.53,,,,,,225537638.58,88101699.9,175265924.24,,0.0,1176309514.25,,0.0,-143864138.16,273700000.0,7114011.43,331500.0,,,,,0.0,281145511.43,11404474.22,202109190.0,,,,,,0.0,213513664.22,,0.0,67631847.21,4675000.0,4675000.0,23000000.0,,,,0.0,27675000.0,44014051.46,11329337.52,9555000.0,,,,,0.0,55343388.98,,0.0,-27668388.98,-346082.43,,0.0,-104246762.36,455204272.17,,0.0,350957509.81,58303119.97,6313469.83,14281139.19,14281139.19,,3890125.28,2639886.71,,,,-14141.68,,,2011438.57,-7591435.13,-2224051.38,-2224051.38,,,-122617346.97,-101188518.38,2332175.83,,,0.0,-143864138.16,,,,,350957509.81,455204272.17,,,,,-104246762.36,24.2397030724,,,,,,,,,,,,4.8064627184,-3.9345017286,,,22.783837812,20.2811531865,,,,,,14.5836618304,16.7726564778,2.9885044027,,,16.0117226565,,,16.8863264182,40.2870322911,7.3291466886,5228.7252853239,,,,,,35.808411302,-64.4760150411,51.9617969925,,,,,,,29.3210312247,,,61.3636762328,-91.9778296383,-91.9778296383,-81.9324430479,,,,,-85.0869724533,-67.2509548671,82.866540003,661.71875,,,,,,-60.635850533,,,-161.5090675693,-84.5282164152,,,-20.6762647402,28.8006618912,,,31.4289215322,20.1981269873,-29.9499163197,-6.9813943863,-6.9813943863,,-34.4240942272,26.7718871103,,,,57.6547215665,,,-59.4767899545,-1.450565856,-231.1911141215,-231.1911141215,,,-460.4209051243,-7.2369169649,101.7037748155,,,,16.8863264182,,,,,31.4289215322,28.8006618912,,,,,-20.6762647402,,,,,,
000682.SZ,000682,东方电子,10005606,通用,2016-03-31 00:00:00,一季报,2016一季报,058001001,2016-04-28 00:00:00,2017-04-29 00:00:00,CNY,473421100.41,,,,,,,,,,,,14934756.97,13227751.27,,0.0,501583608.65,307060928.56,,,,,,133624547.5,53199460.52,115504574.26,,0.0,609389510.84,,0.0,-107805902.19,116200000.0,903742.78,,,,,,0.0,117103742.78,5717081.82,124800000.0,,,,,,0.0,130517081.82,,0.0,-13413339.04,,,830000.0,,,,0.0,830000.0,21965187.84,2181328.08,1176000.0,,,,,0.0,24146515.92,,0.0,-23316515.92,-46341.08,,0.0,-144582098.23,455204272.17,,0.0,310622173.94,,,,,,,,,,,,,,,,,,,,,,,,,,,,,,,,,,,,,,10.7417590074,,,,,,,,,,,,83.607274661,-34.408598647,,,10.0444175534,7.6028175511,,,,,,28.0364660887,30.1120510103,45.0901216289,,,19.4352481341,,,-98.0823028085,-12.0403312491,0.7761649882,,,,,,,-12.0879568722,-32.0478328629,70.9589041096,,,,,,,60.3140214349,,,-125.8983847575,,,-91.7,,,,,-91.7,-60.0042997314,-36.6607297573,-6.25,,,,,,-58.6268383123,,,51.788277635,47.0267180765,,,-183.0345110353,28.8006618912,,,2.7411252128,,,,,,,,,,,,,,,,,,,,,,,,,,,,,,,,,,,,,,,,,,,
000682.SZ,000682,东方电子,10005606,通用,2015-12-31 00:00:00,年报,2015年报,058001001,2016-04-09 00:00:00,2017-04-07 00:00:00,CNY,2157453294.8,,,,,,,,,,,,41035820.21,30952854.46,,0.0,2229441969.47,1258345519.51,,,,,,374342232.45,167338943.27,263124089.3,,0.0,2063150784.53,,0.0,166291184.94,374150000.0,8693752.3,159821.0,5281832.45,,,,0.0,388285405.75,61278993.89,357150000.0,,,,655855.0,,0.0,419084848.89,,0.0,-30799443.14,58276000.0,58276000.0,236093534.07,,,,0.0,294369534.07,311184787.52,16959519.38,8730400.0,,851509.43,,,0.0,328995816.33,,0.0,-34626282.26,921162.84,,0.0,101786622.38,353417649.79,,0.0,455204272.17,113403919.16,14222736.89,30903104.45,30903104.45,,12030280.17,4764611.79,,,,661086.03,,,7079210.26,-9632560.36,1054941.42,1054941.42,,,-13563510.38,-107769526.52,113136892.03,,,0.0,166291184.94,,,,,455204272.17,353417649.79,,,,,101786622.38,0.1778491073,,,,,,,,,,,,-16.410246376,15.7686546064,,,-0.0004427151,-6.6414355097,,,,,,20.4700554559,23.104675082,-17.1741887167,,,-2.3228135555,,,41.8403582016,74.4085770889,4.9864055879,62.9463102302,,,,,,74.1940692881,-3.7208785811,6.7362003526,,,,,,,5.2296900794,,,82.435779045,20.105315767,20.105315767,42.1996667347,,,,,37.1979198951,131.1515028129,-69.852033096,-68.0335687073,,,,,,72.3592049081,,,-246.2240060844,713.2217595728,,,394.3089418811,-8.9135889355,,,28.8006618912,4.1706314072,-8.5978463693,6.9761688035,6.9761688035,,43.8943644902,68.2537212801,,,,97.5161999721,,,-24.0227940818,1.7820107577,114.5120618238,114.5120618238,,,94.940996102,-83.5256213584,-60.5776297212,,,,41.8403582016,,,,,28.8006618912,-8.9135889355,,,,,394.3089418811,标准无保留意见,,,,,
000682.SZ,000682,东方电子,10005606,通用,2015-09-30 00:00:00,三季报,2015三季报,058001001,2015-10-31 00:00:00,2016-10-27 00:00:00,CNY,1253993815.84,,,,,,,,,,,,29309532.95,49163971.11,,0.0,1332467319.9,844065042.6,,,,,,276484555.87,117035632.08,272787145.68,,0.0,1510372376.23,,0.0,-177905056.33,248100000.0,6993644.16,7721.0,5281832.45,,,,0.0,260383197.61,35503780.17,196000000.0,,,,,,0.0,231503780.17,,0.0,28879417.44,58276000.0,58276000.0,202514429.46,,,,0.0,260790429.46,227400205.12,13790243.1,7260972.05,,,,,0.0,241190448.22,,0.0,19599981.24,108587.28,,0.0,-129317070.37,353417649.79,,0.0,224100579.42,,,,,,,,,,,,,,,,,,,,,,,,,,,,,,,,,,,,,,-1.4282693942,,,,,,,,,,,,-7.0415190717,172.2628472815,,,0.8107681676,-4.6738446571,,,,,,22.9333007971,19.6293049071,12.7872952934,,,4.1602030758,,,-38.6671443747,6.3779611963,-5.4701902054,76.1980830671,,,,,,8.2099713784,-11.6500903904,-19.341563786,,,,,,,-18.2501054994,,,167.8594607454,22.1187848054,22.1187848054,54.6176987317,,,,,45.9389771385,150.4492423395,-58.6180570625,-13.0735860486,,,,,,94.3184585976,,,-64.0875020247,405.1424031127,,,-11.2351158462,-8.9135889355,,,-17.5333720177,,,,,,,,,,,,,,,,,,,,,,,,,,,,,,,,,,,,,,,,,,,
000682.SZ,000682,东方电子,10005606,通用,2015-06-30 00:00:00,中报,2015中报,058001001,2015-08-11 00:00:00,2016-08-12 00:00:00,CNY,791022664.21,,,,,,,,,,0.0,,20599733.9,29241834.91,0.0,0.0,840864233.02,571497889.17,,,,,,196832283.92,75447200.19,170180084.91,0.0,0.0,1013957458.19,0.0,0.0,-173093225.17,195100000.0,6628219.5,6221.0,5281832.45,,,0.0,0.0,207016272.95,32103589.26,133000000.0,,,,,0.0,0.0,165103589.26,0.0,0.0,41912683.69,58276000.0,58276000.0,127300000.0,,,0.0,0.0,185576000.0,134397968.8,6195413.07,1254400.0,,,0.0,0.0,0.0,140593381.87,0.0,0.0,44982618.13,-187549.87,0.0,0.0,-86385473.22,353417649.79,,0.0,267032176.57,48505847.33,9012794.13,15352992.12,15352992.12,,5932247.88,2082391.27,,,,-33396.12,,,4963670.37,-7482890.87,1695275.93,1695275.93,,,-21879509.82,-94359779.49,-136882867.9,,0.0,0.0,-173093225.17,,,,0.0,267032176.57,353417649.79,,,,,-86385473.22,-7.0850668797,,,,,,,,,,,,-26.694330662,138.6951071803,,,-5.7002093334,1.8571921985,,,,,,28.7633340875,15.7981555029,-4.000895591,,,6.0217007684,,,-167.6343226411,-19.7119341564,-1.2584662475,41.967138293,,,,,,-17.0996736879,-7.2333419984,-42.9184549356,,,,,,,-38.3036687974,,,334.2833545214,,,100.7366826845,,,,,192.6308768724,136.2244875014,-75.8636448379,-59.5062238521,,,,,,70.2870908806,,,334.9434241816,-141.4965142461,,,14.6887621419,-8.9135889355,,,-6.8741719179,9.0441510265,70.9044903233,9.6040569579,9.6040569579,,49.9634032034,71.5465527801,,,,-234.9721557275,,,15.6736231796,-11.6815894107,59.0572517598,59.0572517598,,,81.4502452838,-95.3467548758,-503.0272736421,,,,-167.6343226411,,,,,-6.8741719179,-8.9135889355,,,,,14.6887621419,,,,,,
000682.SZ,000682,东方电子,10005606,通用,2015-03-31 00:00:00,一季报,2015一季报,058001001,2015-04-30 00:00:00,2016-04-28 00:00:00,CNY,427500072.83,,,,,,,,,,0.0,,8134076.93,20166898.4,0.0,0.0,455801048.16,285365137.78,,,,,,104364445.21,40887419.81,79608847.91,0.0,0.0,510225850.71,0.0,0.0,-54424802.55,132106000.0,896782.27,202793.0,,,,0.0,0.0,133205575.27,8413391.45,73000000.0,,,,,0.0,0.0,81413391.45,0.0,0.0,51792183.82,,,10000000.0,,,0.0,0.0,10000000.0,54918873.01,3443879.4,1254400.0,,,0.0,0.0,0.0,58362752.41,0.0,0.0,-48362752.41,-87480.1,0.0,0.0,-51082851.24,353417649.79,,0.0,302334798.55,,,,,,,,,,,,,,,,,,,,,,,,,,,,,,,,,,,,,,-5.5750526402,,,,,,,,,,,,0.2372027998,365.1599475657,,,-2.0184951552,-1.0301091976,,,,,,20.7370454837,24.4054468261,-2.5199882363,,,4.2750148552,,,-125.6702190363,7.4032520325,25.2324775067,4527.8639890461,,,,,,7.666555744,-58.089750746,-40.6504065041,,,,,,,-43.0973160075,,,367.6003060022,,,0.0,,,,,0.0,275.6085437922,10.7008521583,-11.1111111111,,,,,,229.132744746,,,-525.4653036332,-147.2618775046,,,-0.1262182831,-8.9135889355,,,-10.2821904307,,,,,,,,,,,,,,,,,,,,,,,,,,,,,,,,,,,,,,,,,,,
000682.SZ,000682,东方电子,10005606,通用,2014-12-31 00:00:00,年报,2014年报,058001001,2015-04-04 00:00:00,2016-04-09 00:00:00,CNY,2153623095.35,,,,,,,,,,0.0,,49091926.26,26736817.98,0.0,0.0,2229451839.59,1347862969.38,,,,,,310734672.64,135932240.72,317683684.86,0.0,0.0,2112213567.6,0.0,0.0,117238271.99,214525000.0,8280836.22,98082.0,,,,0.0,0.0,222903918.22,63647230.04,334610000.0,,,,,0.0,0.0,398257230.04,0.0,0.0,-175353311.82,48520750.0,48520750.0,166029597.32,,7959.61,0.0,0.0,214558306.93,134623735.4,56254272.25,27311150.0,,,0.0,0.0,0.0,190878007.65,0.0,0.0,23680299.28,-150216.92,0.0,0.0,-34584957.47,388002607.26,,0.0,353417649.79,108863618.88,15560614.63,28887839.97,28887839.97,,8360494.32,2831801.73,,,,334699.65,,,9317544.88,-9807328.0,-7269411.01,-7269411.01,,,-268106343.73,-58721788.12,286986528.79,,0.0,0.0,117238271.99,,,,0.0,353417649.79,388002607.26,,,,,-34584957.47,13.7001274457,,,,,,,,,,,,22.0970432971,-33.0537233793,,,12.9253476123,18.6988343038,,,,,,21.0420061834,-6.3213217963,0.0297523378,,,13.869512584,,,-1.7515583734,-29.199669967,9.0910044461,-97.4092763343,,,,,,-29.0965417206,10.7645453438,6.9041533546,,,,,,,7.5029326672,,,-212.6558804199,,,-16.3517330141,,,,,8.0977779373,-21.2439627766,271.0960204327,231.2747293268,,,,,,2.5693018035,,,91.1431668716,62.9749231422,,,-145.9745229541,24.0511718646,,,-8.9135889355,21.0953130636,46.9484260022,12.4547312359,12.4547312359,,3.0157087092,11.9847476377,,,,118.3781047018,,,53.755516296,-6.2741247578,9.8994590094,9.8994590094,,,-101.079938865,-111.5434425786,83.1944347572,,,,-1.7515583734,,,,,-8.9135889355,24.0511718646,,,,,-145.9745229541,标准无保留意见,,,,,
000682.SZ,000682,东方电子,10005606,通用,2014-09-30 00:00:00,三季报,2014三季报,058001001,2014-10-28 00:00:00,2015-10-31 00:00:00,CNY,1272163741.2,,,,,,,,,,0.0,,31529703.0,18057539.47,0.0,0.0,1321750983.67,885449580.51,,,,,,224906151.61,97831908.47,241859816.72,0.0,0.0,1450047457.31,0.0,0.0,-128296473.64,233225000.0,7398347.86,4382.0,,,,0.0,0.0,240627729.86,40185417.65,243000000.0,,,,,0.0,0.0,283185417.65,0.0,0.0,-42557687.79,47720750.0,47720750.0,130977521.41,,,0.0,0.0,178698271.41,90796922.76,33324300.7,8353010.0,,,0.0,0.0,0.0,124121223.46,0.0,0.0,54577047.95,21496.37,0.0,0.0,-116255617.11,388002607.26,,0.0,271746990.15,,,,,,,,,,,,,,,,,,,,,,,,,,,,,,,,,,,,,,4.1709107746,,,,,,,,,,,,7.1418487738,-21.4604203429,,,3.776863121,10.0962242711,,,,,,25.0817457955,-18.0082078165,5.9365979182,,,8.8883104193,,,-121.0627137504,60.7749584483,10.5667568245,-99.8044971893,,,,,,56.2561268148,-7.546284117,68.1660899654,,,,,,,50.6582339615,,,-25.281189316,,,1.9756473139,,,,,39.1297659685,-27.501951934,262.3844654389,20.7693197426,,,,,,-7.6728688366,,,1010.1714386456,105.0699575351,,,-18.1143688534,24.0511718646,,,26.7772637022,,,,,,,,,,,,,,,,,,,,,,,,,,,,,,,,,,,,,,,,,,,
000682.SZ,000682,东方电子,10005606,通用,2014-06-30 00:00:00,中报,2014中报,058001001,2014-08-16 00:00:00,2015-08-11 00:00:00,CNY,851340723.87,,,,,,,,,,0.0,,28101147.0,12250705.62,0.0,0.0,891692576.49,561077599.76,,,,,,152863612.39,65154060.41,177272575.57,0.0,0.0,956367848.13,0.0,0.0,-64675271.64,243000000.0,6712696.52,4382.0,,,,0.0,0.0,249717078.52,34606818.82,233000000.0,,,,,0.0,0.0,267606818.82,0.0,0.0,-17889740.3,,,63416411.14,,,0.0,0.0,63416411.14,56894173.09,25668387.08,3097760.0,,,0.0,0.0,0.0,82562560.17,0.0,0.0,-19146149.03,451965.36,0.0,0.0,-101259195.61,388002607.26,,0.0,286743411.65,44482759.39,5273585.33,14007685.98,14007685.98,,3955797.05,1213892.81,,,,24742.97,,,4291099.59,-6700200.91,1065827.5,1065827.5,,,-117950399.64,-48303735.35,33963673.64,,0.0,0.0,-64675271.64,,,,0.0,286743411.65,388002607.26,,,,,-101259195.61,6.8032875071,,,,,,,,,,,,69.9405397363,159.0813016407,,,8.9588738058,23.5672678289,,,,,,22.4625517155,-19.1981351381,-0.3791602527,,,14.1968656262,,,-238.6569050484,67.5134093812,2.6276930333,-99.8044099268,,,,,,62.3181229659,-4.432936479,61.2456747405,,,,,,,48.0846343899,,,33.415784572,,,-44.5854498951,,,,,-44.5854498951,-39.4742839468,385.9594829193,,,,,,,-16.8403548083,,,-226.310535027,250.0135868956,,,-225.5011738327,24.0511718646,,,1.8020756209,16.3186769732,193.3954228896,15.2694764696,15.2694764696,,-6.0308831712,27.4272986687,,,,1423.1180984466,,,136.5251646048,-6.674544733,124.9155125734,124.9155125734,,,-98.0558164078,-352.8594504097,224.6187436745,,,,-238.6569050484,,,,,1.8020756209,24.0511718646,,,,,-225.5011738327,,,,,,
000682.SZ,000682,东方电子,10005606,通用,2014-03-31 00:00:00,一季报,2014一季报,058001001,2014-04-30 00:00:00,2015-04-30 00:00:00,CNY,452740599.58,,,,,,,,,,0.0,,8114828.33,4335476.11,0.0,0.0,465190904.02,288335306.29,,,,,,86439455.92,32866261.77,81666842.74,0.0,0.0,489307866.72,0.0,0.0,-24116962.7,123000000.0,716094.01,4382.0,,,,0.0,0.0,123720476.01,20074782.66,123000000.0,,,,,0.0,0.0,143074782.66,0.0,0.0,-19354306.65,,,10000000.0,,,0.0,0.0,10000000.0,14621305.59,3110978.22,1411200.0,,,0.0,0.0,0.0,17732283.81,0.0,0.0,-7732283.81,185096.54,0.0,0.0,-51018456.62,388002607.26,,0.0,336984150.64,,,,,,,,,,,,,,,,,,,,,,,,,,,,,,,,,,,,,,16.7493124484,,,,,,,,,,,,12.2006740183,107.168634774,,,17.1429662664,21.8433805911,,,,,,26.8586395379,-9.1220435359,-21.4969071321,,,9.9622634915,,,49.6137458726,6.89794752,-88.2501992618,-99.8041301627,,,,,,0.2639835907,-1.6177628298,76.9784172662,,,,,,,59.140164816,,,-157.791561666,,,-86.0848268952,,,,,-86.0848268952,-73.6107370875,12.4326559455,-24.2105263158,,,,,,-69.5181418695,,,-156.4781104642,404.9016784896,,,-6754.862928019,24.0511718646,,,7.9966686951,,,,,,,,,,,,,,,,,,,,,,,,,,,,,,,,,,,,,,,,,,,
000682.SZ,000682,东方电子,10005606,通用,2013-12-31 00:00:00,年报,2013年报,058001001,2014-03-29 00:00:00,2015-04-04 00:00:00,CNY,1894125489.33,,,,,,,,,,0.0,,40207301.45,39937722.2,0.0,0.0,1974270512.98,1135531765.99,,,,,,256716393.29,145104780.86,317589194.65,0.0,0.0,1854942134.79,0.0,0.0,119328378.19,303000000.0,7590759.9,3785892.0,,,,0.0,0.0,314376651.9,57461735.47,313000000.0,,,,,0.0,0.0,370461735.47,0.0,0.0,-56085083.57,,,198485400.0,,,0.0,0.0,198485400.0,170937670.49,15158953.25,8244260.0,,,0.0,0.0,0.0,186096623.74,0.0,0.0,12388776.26,-405716.7,0.0,0.0,75226354.18,312776253.08,,0.0,388002607.26,89899118.41,10589167.27,25688416.71,25688416.71,,8115747.03,2528738.77,,,,-1821186.98,,,6059974.37,-9228331.0,-8068110.28,-8068110.28,,,-133333213.27,-27758737.12,156656794.28,,0.0,0.0,119328378.19,,,,0.0,388002607.26,312776253.08,,,,,75226354.18,38.5564123736,,,,,,,,,,,,16.2817636065,27.5922642724,,,37.7794049265,32.3010246447,,,,,,27.9892632102,48.8784591575,10.6218674018,,,28.5093075912,,,1235.5057302758,185.4912122224,20.3938019145,27459.8165538327,,,,,,179.5663290257,-38.6825882315,178.2222222222,,,,,,,79.6509636601,,,40.1825437372,,,52.3027092055,,,,,45.3115876924,481.4000161348,155.5570382596,105.9624807353,,,,,,426.6969073914,,,-87.7654026179,-50.0880348285,,,2393.9353618494,-1.0375889383,,,24.0511718646,50.6273837406,28.3497869185,3.70229767,3.70229767,,18.4208309715,210.1200162128,,,,-5236.1286308786,,,242.8048316045,-95.5399098915,-759.037656947,-759.037656947,,,1.5774440232,88.882849498,-43.6762442457,,,,1235.5057302758,,,,,24.0511718646,-1.0375889383,,,,,2393.9353618494,标准无保留意见,,,,,
000682.SZ,000682,东方电子,10005606,通用,2013-09-30 00:00:00,三季报,2013三季报,058001001,2013-10-30 00:00:00,2014-10-28 00:00:00,CNY,1221227434.55,,,,,,,,,,0.0,,29427999.76,22991642.62,0.0,0.0,1273647076.93,804250632.91,,,,,,179807333.34,119319148.74,228306195.85,0.0,0.0,1331683310.84,0.0,0.0,-58036233.91,145063013.7,6691294.99,2241400.0,,,,0.0,0.0,153995708.69,43465443.51,144500000.0,,,,,0.0,0.0,187965443.51,0.0,0.0,-33969734.82,,,128440000.0,,,0.0,0.0,128440000.0,125240506.72,9195841.4,6916500.0,,,0.0,0.0,0.0,134436348.12,0.0,0.0,-5996348.12,-423995.07,0.0,0.0,-98426311.92,312776253.08,,0.0,214349941.16,,,,,,,,,,,,,,,,,,,,,,,,,,,,,,,,,,,,,,53.2124296659,,,,,,,,,,,,23.1875519937,11.4832332284,,,51.3375861244,37.2450788524,,,,,,28.3098984417,83.1364187713,5.4537811925,,,32.139867053,,,65.0783389793,867.086758,13.6313310159,10466.7749556025,,,,,,636.4758113812,-19.4158902282,863.3333333333,,,,,,,172.4500231034,,,29.3489211395,,,56.6341463415,,,,,45.5081001473,363.8537285926,57.1427651093,63.4710265243,,,,,,309.2193690152,,,-110.8201984379,-57.4775655929,,,38.1440882172,-1.0375889383,,,36.5863085162,,,,,,,,,,,,,,,,,,,,,,,,,,,,,,,,,,,,,,,,,,,
000682.SZ,000682,东方电子,10005606,通用,2013-06-30 00:00:00,中报,2013中报,058001001,2013-08-14 00:00:00,2014-08-16 00:00:00,CNY,797110972.65,,,,,,,,,,0.0,,16535870.16,4728517.86,0.0,0.0,818375360.67,454066525.56,,,,,,124824781.33,80634352.34,177947280.93,0.0,0.0,837472940.16,0.0,0.0,-19097579.49,145063013.7,6540823.75,2240400.0,,,,0.0,0.0,153844237.45,36212077.2,144500000.0,,,,,0.0,0.0,180712077.2,0.0,0.0,-26867839.75,,,114440000.0,,,0.0,0.0,114440000.0,94000000.0,5282001.48,,,,0.0,0.0,0.0,99282001.48,0.0,0.0,15157998.52,-301282.95,0.0,0.0,-31108703.67,312776253.08,,0.0,281667549.41,38242146.96,1797432.72,12152120.76,12152120.76,,4209677.8,952615.98,,,,-1870.05,,,1814225.39,-6280974.46,-4277766.7,-4277766.7,,,-59554120.54,19102997.84,-27254065.19,,0.0,0.0,-19097579.49,,,,0.0,281667549.41,312776253.08,,,,,-31108703.67,57.0474267243,,,,,,,,,,,,-6.294610478,-65.5564779981,,,51.8502918437,22.5920968963,,,,,,38.0432495464,71.8192177316,22.8398423473,,,28.3279951449,,,83.1987795219,1350.630137,11.0760338266,303889.145183175,,,,,,868.2231157332,69.8093054615,1345.0,,,,,,,476.8914678464,,,-74.0617913236,,,472.2,,,,,335.6299961934,452.9411764706,57.4242193267,,,,,,,387.7460257384,,,156.2752408122,25.6783003607,,,74.8299768482,-1.0375889383,,,46.3501875356,101.9229796694,-37.6952810005,-0.8181197918,-0.8181197918,,35.624978966,266.5778008118,,,,98.0745125198,,,377.7862499245,-23.9892086587,-3184.428686312,-3184.428686312,,,25.5748325969,125.7956556302,-445.8878615706,,,,83.1987795219,,,,,46.3501875356,-1.0375889383,,,,,74.8299768482,,,,,,
000682.SZ,000682,东方电子,10005606,通用,2013-03-31 00:00:00,一季报,2013一季报,058001001,2013-04-26 00:00:00,2014-04-30 00:00:00,CNY,387788664.52,,,,,,,,,,,,7232423.87,2092728.04,,0.0,397113816.43,236644210.7,,,,,,68138406.84,36165273.79,104030095.83,,0.0,444977987.16,,0.0,-47864170.73,115063013.7,6094520.46,2237200.0,,,,,0.0,123394734.16,20404885.31,69500000.0,,,,,,0.0,89904885.31,,0.0,33489848.85,,,71864000.0,,,,0.0,71864000.0,55406267.46,2766970.32,1862000.0,,,,,0.0,58173237.78,,0.0,13690762.22,-60706.96,,0.0,-744266.62,312776253.08,,0.0,312031986.46,,,,,,,,,,,,,,,,,,,,,,,,,,,,,,,,,,,,,,83.9179018676,,,,,,,,,,,,-3.7864083247,-71.0352916823,,,76.0327027652,31.9118058307,,,,,,24.9022402008,28.7967766617,34.6304645784,,,31.1461384132,,,57.9062179041,2201.260274,3.5483562115,,,,,,,1033.5514425925,288.06723258,1290.0,,,,,,,776.4299541031,,,5236.2131992028,,,,,,,,,2670.313373,46.5311618937,31.9444444444,,,,,,1396.103931675,,,452.1001059359,-368.7893878869,,,99.3637772393,-1.0375889383,,,56.7420766363,,,,,,,,,,,,,,,,,,,,,,,,,,,,,,,,,,,,,,,,,,,
000682.SZ,000682,东方电子,10005606,通用,2012-12-31 00:00:00,年报,2012年报,058001001,2013-04-15 00:00:00,2014-03-29 00:00:00,CNY,1367042821.68,,,,,,,,,,,,34577478.19,31301052.95,,0.0,1432921352.82,858294007.2,,,,,,200576506.85,97465262.39,287094407.38,,0.0,1443430183.82,,0.0,-10508831.0,106132864.0,6304942.43,13737.0,,,,,0.0,112451543.43,93711938.93,112500000.0,,,,,,0.0,206211938.93,,0.0,-93760395.5,6270000.0,6270000.0,130322960.79,,,,0.0,136592960.79,29401043.3,5931729.9,4002797.0,,,,,0.0,35332773.2,,0.0,101260187.59,-270319.15,,0.0,-3279358.06,316055611.14,,0.0,312776253.08,59683117.49,8250241.41,24771309.11,24771309.11,,6853310.32,815406.5,,,,35458.36,,,1767762.24,-4719410.48,-939203.33,-939203.33,,,-135470179.52,-249692914.7,278136271.6,,,0.0,-10508831.0,,,,,312776253.08,316055611.14,,,,,-3279358.06,12.1913021266,,,,,,,,,,,,25.3153158222,200.653603846,,,14.0410525793,-4.4197220345,,,,,,29.3596880866,22.6423821368,21.7578957139,,,5.4909244656,,,90.6004895973,-45.1559477373,274.2438723788,-95.4311580586,,,,,,-42.4808903458,192.7465397039,-56.3403383404,,,,,,,-28.8154112464,,,0.4490064475,113.2653061224,113.2653061224,171.5061683125,,,,,168.1447993522,-53.3316773016,-34.0215412014,-42.238331277,,,,,,-50.920162535,,,581.036792983,7.7743889437,,,98.5574376796,-41.8357120217,,,-1.0375889383,43.7784860685,103.9929219643,-5.0418147469,-5.0418147469,,23.6310893248,53.9589344533,,,,-94.6186054644,,,-0.6117768722,-179.8404361607,-98.2101823282,-98.2101823282,,,-82.3381724826,-50.713472813,454.1929220677,,,,90.6004895973,,,,,-1.0375889383,-41.8357120217,,,,,98.5574376796,标准无保留意见,,,,,
000682.SZ,000682,东方电子,10005606,通用,2012-09-30 00:00:00,三季报,2012三季报,058001001,2012-10-29 00:00:00,2013-10-30 00:00:00,CNY,797081174.95,,,,,,,,,,,,23888777.14,20623408.52,,0.0,841593360.61,585995971.32,,,,,,140135200.42,65153151.7,216498823.72,,0.0,1007783147.16,,0.0,-166189786.55,15000000.0,5888600.38,21211.77,,,,,0.0,20909812.15,53937983.1,15000000.0,,,,52814.32,,0.0,68990797.42,,0.0,-48080985.27,6270000.0,6270000.0,82000000.0,,,,0.0,88270000.0,27000000.0,5851902.5,4231025.0,,,,,0.0,32851902.5,,0.0,55418097.5,-269241.57,,0.0,-159121915.89,316055611.14,,0.0,156933695.25,,,,,,,,,,,,,,,,0.0,,,,,,,,,,-166189786.55,,,,,,,,,,,-159121915.89,17.0164245551,,,,,,,,,,,,154.8096217041,77.2916211094,,,19.8547098611,-5.02107667,,,,,,25.9930754724,19.3008790087,37.5713939643,,,7.190023657,,,30.1740462388,-43.0614846686,775.2057378393,-5.9761968085,,,,,,-22.6696436619,416.1378282035,-83.4126031758,,,,,,,-31.6113027775,,,34.8856273766,113.2653061224,113.2653061224,64.0,,,,,66.7359274651,-43.75,-3.0090530525,-6.2490998327,,,,,,-39.2008078074,,,5168.1770492993,-60.7750897756,,,49.1797793328,-41.8357120217,,,-31.8499805133,,,,,,,,,,,,,,,,,,,,,,,,,,30.1740462388,,,,,,,,,,,49.1797793328,,,,,,
000682.SZ,000682,东方电子,10005606,通用,2012-06-30 00:00:00,中报,2012中报,058001001,2012-08-17 00:00:00,2013-08-14 00:00:00,CNY,507560670.86,,,,,,,,,,,,17646658.58,13728322.73,,0.0,538935652.17,370388089.49,,,,,,90424400.86,46929763.39,144861209.14,,0.0,652603462.88,,0.0,-113667810.71,10000000.0,5888600.38,737.0,,,,,0.0,15889337.38,21325142.99,10000000.0,,,,,,0.0,31325142.99,,0.0,-15435805.61,6270000.0,6270000.0,20000000.0,,,,0.0,26270000.0,17000000.0,3355266.11,3004800.0,,,,,0.0,20355266.11,,0.0,5914733.89,-405376.83,,0.0,-123594259.26,316055611.14,,0.0,192461351.88,18938977.14,2884906.23,12252359.74,12252359.74,,3103910.38,259867.34,,,,-97120.86,,,379714.86,-5065742.84,-130243.86,-130243.86,,,-80018792.86,-74055097.16,7879451.18,,,,-113667810.71,,,,,192461351.88,316055611.14,,,,,-123594259.26,14.5128971545,,,,,,,,,,,,235.3723419793,42.3353815288,,,17.6352302974,-10.9909815514,,,,,,17.1326996258,21.387329928,43.3360547355,,,3.0891461778,,,35.0121790808,643.3413120616,1822.9745579308,31.6071428571,,,,,,861.7890387747,244.0266503116,-88.2939577502,,,,,,,-65.811448952,,,82.8438813143,,,-60.0,,,,,-47.46,-64.5833333333,-38.1444230868,-33.3038859454,,,,,,-61.8989015573,,,272.7254856356,-510.8007139869,,,53.9179196691,-41.8357120217,,,-30.0597575112,37.9397061867,48.0804591582,-7.4621652041,-7.4621652041,,16.2571318543,-2.7371280701,,,,,,,-69.8449480285,-3097.4278650228,-47.038726238,-47.038726238,,,-448.4893811128,48.5658231359,116.0135895079,,,,35.0121790808,,,,,-30.0597575112,-41.8357120217,,,,,53.9179196691,,,10482528.63,57.9914288079,,
000682.SZ,000682,东方电子,10005606,通用,2012-03-31 00:00:00,一季报,2012一季报,058001001,2012-04-25 00:00:00,2013-04-26 00:00:00,CNY,210848786.65,,,,,,,,,,,,7517050.08,7225096.2,,,225590932.93,179395778.27,,,,,,54553390.5,28079331.43,77270843.68,,,339299343.88,,,-113708410.95,5000000.0,5885675.72,,,,,,,10885675.72,5258079.94,5000000.0,,,,,,,10258079.94,,,627595.78,,,,,,,,,2000000.0,1888315.28,1411200.0,,,,,,3888315.28,,,-3888315.28,-12949.73,,,-116982080.18,316055611.14,,,199073530.96,,,,,,,,,,,,,,,,0.0,,,,,,,,,,-113708410.95,,,,,,,,,,,-116982080.18,2.2960778381,,,,,,,,,,,,139.0440525075,47.338175029,,,5.3353149269,-19.30281326,,,,,,24.5935864491,13.7197559603,25.4485936474,,,-3.7120164171,,,17.7308686918,2806.6387629345,157324.465527064,,,,,,,6093.5334421226,535.8802364268,-90.0342860423,,,,,,,-79.8856909627,,,101.2348618051,,,,,,,,,0.0,-54.5499116433,-62.525890913,,,,,,-36.823652787,,,6.4116702829,-114.222161159,,,39.4195292697,-41.8357120217,,,-43.167693657,,,,,,,,,,,,,,,,,,,,,,,,,,17.7308686918,,,,,,,,,,,39.4195292697,,,,,,
000682.SZ,000682,东方电子,10005606,通用,2011-12-31 00:00:00,年报,2011年报,058001001,2012-03-29 00:00:00,2013-04-15 00:00:00,CNY,1218492695.75,,,,,,,,,,,,27592380.04,10411002.08,,,1256496077.87,897982330.11,,,,,,155053332.16,79471109.98,235791203.27,,,1368297975.52,,,-111801897.65,193517545.88,1684714.94,300667.0,,,,,,195502927.82,32011288.34,257674924.0,,,,,,,289686212.34,,,-94183284.52,2940000.0,2940000.0,48000000.0,,,,,50940000.0,63000000.0,8990403.85,6929850.0,,,,,,71990403.85,,,-21050403.85,-293106.38,,,-227328692.4,543384303.54,,,316055611.14,41510464.55,4044376.31,26086544.35,26086544.35,,5543355.12,529625.97,,,,658906.53,,-11100.0,1778643.57,-1686464.81,-473842.12,-473842.12,,,-74296115.66,-165673917.56,50187626.1,,,,-111801897.65,,,,,316055611.14,543384303.54,,,,,-227328692.4,10.4523738563,,,,,,,,,,,,-14.8079254502,-53.4632222771,,,8.510973046,26.9983844205,,,,,,27.3949614689,15.8721267155,37.7602013106,,,28.0532558387,,,-225.050249186,264.0035326396,-66.1267356695,-50.4654974999,,,,,,232.8037224484,134.3234153023,12579.8969491049,,,,,,,1745.9217341203,,,-318.7719115857,-87.610619469,-87.610619469,14.8325358852,,,,,-22.2646116283,50.7177033493,76.0033933418,79.9616634406,,,,,,53.4712044884,,,-213.0410295494,-98.8572099265,,,-250.6176279582,38.4583335029,,,-41.8357120217,12.1858679405,-24.5320119031,-6.9334146769,-6.9334146769,,13.2481208109,0.794290862,,,,573.5124748352,,,41.4598465571,61.3881438523,29.7616310099,29.7616310099,,,-316.2434361323,-476.3747112603,-21.7855840921,,,,-225.050249186,,,,,-41.8357120217,38.4583335029,,,,,-250.6176279582,标准无保留意见,,19753562.8,16.9640321057,,
000682.SZ,000682,东方电子,10005606,通用,2011-09-30 00:00:00,三季报,2011三季报,058001001,2011-10-22 00:00:00,2012-10-29 00:00:00,CNY,681170338.25,,,,,,,,,,,,9375147.21,11632477.83,,0.0,702177963.29,616974746.37,,,,,,111224525.55,54612465.76,157371977.91,,0.0,940183715.59,,0.0,-238005752.3,26344206.4,672824.7,22560.0,,,,,0.0,27039591.1,10450306.13,90430102.8,,,,,,0.0,100880408.93,,0.0,-73840817.83,2940000.0,2940000.0,50000000.0,,,,0.0,52940000.0,48000000.0,6033452.28,4513050.0,,,,,0.0,54033452.28,,0.0,-1093452.28,-167464.73,,0.0,-313107487.14,543384303.54,,0.0,230276816.4,,,,,,,,,,,,,,,,0.0,,,,,,,,,,-238005752.3,,,,,,,,,,,-313107487.14,6.8893250979,,,,,,,,,,,,-46.9362396076,-16.7705237282,,,4.9732954684,17.5911744487,,,,,,35.0693548356,12.8938246669,13.001137749,,,18.311971854,,,-89.2631760204,-49.0175812879,-87.1119846052,-92.2999470963,,,,,,-52.7169524846,14.815325607,5597.9996093381,,,,,,,843.7875961897,,,-258.8051028839,-86.4827586207,-86.4827586207,-5.303030303,,,,,-28.9872568746,-7.6923076923,31.1876141944,92.6184379001,,,,,,-4.5330220731,,,-106.0913514425,-208.218334479,,,-410.2833412183,38.4583335029,,,-30.4496675311,,,,,,,,,,,,,,,,,,,,,,,,,,-89.2631760204,,,,,,,,,,,-410.2833412183,,,,,,
000682.SZ,000682,东方电子,10005606,通用,2011-06-30 00:00:00,中报,2011中报,058001001,2011-08-25 00:00:00,2012-08-17 00:00:00,CNY,443234503.25,,,,,,,,,,,,5261810.94,9645052.82,,,458141367.01,416124226.45,,,,,,77198255.61,38661171.16,101064041.01,,,633047694.23,,,-174906327.22,1345277.04,306223.52,560.0,,,,,,1652060.56,6198689.25,85425968.8,,,,,,,91624658.05,,,-89972597.49,,,50000000.0,,,,,50000000.0,48000000.0,5424355.05,4505210.0,,,,,,53424355.05,,,-3424355.05,98679.68,,,-268204600.08,543384303.54,,,275179703.46,13729895.23,1948201.84,13240378.67,13240378.67,,2669866.64,267180.41,,,,,,,1259208.11,-158431.81,-88577.93,-88577.93,,,-14588941.12,-143980329.18,-49204778.08,,,,-174906327.22,,,,,275179703.46,543384303.54,,,,,-268204600.08,15.2118147724,,,,,,,,,,,,-50.2235581287,-37.6971347946,,,11.5338224171,30.4067678706,,,,,,40.123918654,19.393149306,10.8757757452,,,27.1889992535,,,-101.1399377012,-13.7349843216,-16.7579658166,-99.808863935,,,,,,-25.5937926888,17.6413977249,5697.8803312067,,,,,,,1258.9043011615,,,-1889.5700292234,,,1.4198782961,,,,,-6.629318394,-1.0309278351,139.2697148483,187.3220663265,,,,,,5.2343183568,,,-223.0475003543,185.3509585191,,,-201.9900085806,38.4583335029,,,-9.3733063719,-23.6384204901,286.8872858119,-6.3367691268,-6.3367691268,,19.3258624432,-2.7288169279,,,,,,,80.1323082738,65.6415571624,-17.1953458415,-17.1953458415,,,-262.1936290437,-83.3170892075,-24.1021025595,,,,-101.1399377012,,,,,-9.3733063719,38.4583335029,,,,,-201.9900085806,,,6634871.72,-10.4975053972,,
000682.SZ,000682,东方电子,10005606,通用,2011-03-31 00:00:00,一季报,2011一季报,058001001,2011-04-30 00:00:00,2012-04-25 00:00:00,CNY,206116198.3,,,,,,,,,,,,3144629.62,4903750.3,,,214164578.22,222307351.12,,,,,,43785071.17,24691691.6,61595623.7,,,352379737.59,,,-138215159.37,172020.0,3738.73,,,,,,,175758.73,826897.84,50172020.0,,,,,,,50998917.84,,,-50823159.11,,,2000000.0,,,,,2000000.0,2000000.0,4154701.01,3765800.0,,,,,,6154701.01,,,-4154701.01,91053.18,,,-193101966.31,543384303.54,,,350282337.23,,,,,,,,,,,,,,,,0.0,,,,,,,,,,-138215159.37,,,,,,,,,,,-193101966.31,13.7869484988,,,,,,,,,,,,-51.0058878991,-23.2055187024,,,10.4247652724,34.0283203178,,,,,,53.7062022441,44.553247139,24.5695182333,,,35.0733251065,,,-106.4941295611,-77.1204362572,-96.2108362302,,,,,,,-79.3351200855,-64.6599157627,7242.819927409,,,,,,,1586.9687298991,,,-2239.2880951331,,,150.0,,,,,150.0,,119.8789145788,140.1658163265,,,,,,225.7247571796,,,-281.3260029155,545.7943307517,,,-175.0084486727,38.4583335029,,,8.7034733762,,,,,,,,,,,,,,,,,,,,,,,,,,-106.4941295611,,,,,,,,,,,-175.0084486727,,,,,,
000682.SZ,000682,东方电子,10005606,通用,2010-12-31 00:00:00,年报,2010年报,058001001,2011-03-29 00:00:00,2012-03-29 00:00:00,CNY,1103183800.59,,,,,,,,,,,,32388435.41,22371557.7,,,1157943793.7,707081695.73,,,,,,121710725.74,68585182.85,171160611.72,,,1068538216.04,,,89405577.66,53163645.0,4973583.07,606985.0,,,,,,58744213.07,13661156.44,2032153.14,,,,,,,15693309.58,,,43050903.49,23730000.0,23730000.0,41800000.0,,,,,65530000.0,41800000.0,5108085.52,3850736.8,,,,,,46908085.52,,,18621914.48,-147395.4,,,150931000.23,392453303.31,,,543384303.54,37001509.47,5359062.05,28029979.03,28029979.03,,4894876.03,525452.35,,,,-139152.94,,,1257348.72,-4367738.25,-674620.05,-674620.05,,,-17849198.14,-28744133.69,64166721.08,-54528.0,0.0,0.0,89405577.66,,,,,543384303.54,392453303.31,,,,,150931000.23,9.3127224082,,,,,,,,,,,,36.1506232256,-0.2061237054,,,9.7154554306,-1.1603169054,,,,,,10.9584223735,2.7676870006,21.9307567911,,,3.5218542013,,,285.0345778886,4165.4101043815,-13.5631293354,-72.1012312399,,,,,,540.1895297419,-44.0268708719,52.5113804542,,,,,,,-39.0292838838,,,359.921704604,241.8607464003,241.8607464003,-33.6507936508,,,,,-6.3073107175,-37.6119402985,-9.2205897051,-11.3599596044,,,,,,-35.4122617298,,,793.4250145059,-163.2840500926,,,3489.7253060174,1.0829468412,,,38.4583335029,2.7008860327,-54.705051254,1.1742519139,1.1742519139,,54.9310497271,44.8132637939,,,,-260.3625188104,,,-1.9748713631,27.3471350666,32.7210294577,32.7210294577,,,-241.443594946,-256.1249433627,178.9725969587,,,,285.0345778886,,,,,38.4583335029,1.0829468412,,,,,3489.7253060174,标准无保留意见,,16888578.86,2.5633812137,,
000682.SZ,000682,东方电子,10005606,通用,2010-09-30 00:00:00,三季报,2010三季报,058001001,2010-10-30 00:00:00,2011-10-22 00:00:00,CNY,637266946.56,,,,,,,,,,,,17667702.29,13976391.96,,,668911040.81,524677765.37,,,,,,82346232.93,48375069.16,139265834.88,,,794664902.34,,,-125753861.53,51673120.0,5220545.44,292985.0,,,,,,57186650.44,9101839.04,1587050.0,,,,,,,10688889.04,,,46497761.4,21750000.0,21750000.0,52800000.0,,,,,74550000.0,52000000.0,4599102.07,2343000.0,,,,,,56599102.07,,,17950897.93,-54333.15,,,-61359535.35,392453303.31,,,331093767.96,,,,,,,,,,,,,,,,0.0,,,,,,,,,,-125753861.53,,,,,,,,,,,-61359535.35,9.6374858483,,,,,,,,,,,,61.0840675983,-49.1473065678,,,7.9408949794,10.8623207673,,,,,,12.0528075011,13.8463232098,19.980396004,,,12.6666723224,,,-46.8698983059,5844.8372660232,767.1690095945,-85.7150170648,,,,,,1523.5913941924,-55.7199555145,79.7114742218,,,,,,,-50.1411104717,,,359.5313259713,213.3363351963,213.3363351963,38.9473684211,,,,,65.8825984042,-5.4545454545,34.2990346789,-6.7865220392,,,,,,-3.1244096983,,,233.1362743832,-123.304920536,,,47.4610388856,1.0829468412,,,21.9677286633,,,,,,,,,,,,,,,,,,,,,,,,,,-46.8698983059,,,,,,,,,,,47.4610388856,,,,,,
000682.SZ,000682,东方电子,10005606,通用,2010-06-30 00:00:00,中报,2010中报,058001001,2010-08-07 00:00:00,2011-08-25 00:00:00,CNY,384712717.29,,,,,,,,,,,,10570886.03,15480913.74,,,410764517.06,319097109.18,,,,,,55092846.64,32381398.25,91150695.75,,,497722049.82,,,-86957532.76,1559470.0,367871.26,292985.0,,,,,,2220326.26,5269139.41,1473400.0,,,,,,,6742539.41,,,-4522213.15,4250000.0,4250000.0,49300000.0,,,,,53550000.0,48500000.0,2267046.23,1568000.0,,,,,,50767046.23,,,2782953.77,-115616.37,,,-88812408.51,392453303.31,,,303640894.8,17980109.0,503557.99,14136154.12,14136154.12,,2237458.49,274675.81,,,,-33588.78,,,699046.23,-461114.64,-75581.44,-75581.44,,,-4027939.74,-78541684.14,-39648625.66,,,,-86957532.76,,,,,303640894.8,392453303.31,,,,,-88812408.51,0.6407964735,,,,,,,,,,,,46.9499873228,10.5496732049,,,1.810393959,-2.0137119043,,,,,,10.6746956993,6.934759945,22.4065621015,,,3.6530243568,,,-13.343093774,,,-85.6801075269,,,,,,8.5203450635,-72.0922373813,,,,,,,,-64.2884397888,,,73.1373109014,-2.173427013,-2.173427013,45.0,,,,,39.655251027,15.4761904762,-30.5142026518,-37.618978471,,,,,,12.1611264575,,,140.2266696152,-161.4535741462,,,11.4401848589,1.0829468412,,,5.4442108007,10.008200407,-67.7202532751,3.7344616179,3.7344616179,,54.7544224464,63.2225439752,,,,-140.8597525335,,,-6.6717315154,-619.2542828665,65.5042344594,65.5042344594,,,-141.796771727,-80.7399359165,48.2379306888,,,,-13.343093774,,,,,5.4442108007,1.0829468412,,,,,11.4401848589,,,7413057.87,26.2849615134,,
000682.SZ,000682,东方电子,10005606,通用,2010-03-31 00:00:00,一季报,2010一季报,058001001,2010-04-28 00:00:00,2011-04-30 00:00:00,CNY,181142214.48,,,,,,,,,,,,6418382.71,6385550.39,,,193946147.58,165865953.25,,,,,,28486209.75,17081381.49,49446786.48,,,260880330.97,,,-66934183.39,751850.0,98669.0,,,,,,,850519.0,2339829.85,683280.0,,,,,,,3023109.85,,,-2172590.85,,,800000.0,,,,,800000.0,,1889540.44,1568000.0,,,,,,1889540.44,,,-1089540.44,-20424.93,,,-70216739.61,392453303.31,,,322236563.7,,,,,,,,,,,,,,,,0.0,,,,,,,,,,-66934183.39,,,,,,,,,,,-70216739.61,0.1680337541,,,,,,,,,,,,104.6141517706,-43.1240631989,,,-0.6435252997,8.6432214083,,,,,,0.5711953812,-12.1921756783,24.1313320868,,,8.5725039681,,,-48.4792886709,,,,,,,,,-58.4301564027,182.125062378,,,,,,,,264.5115712182,,,-278.5728913226,,,,,,,,-81.5855862613,,-0.944639225,5.3791768596,,,,,,-78.7872274787,,,76.122995944,-149.56506356,,,-45.1205857263,1.0829468412,,,-5.1865243714,,,,,,,,,,,,,,,,,,,,,,,,,,-48.4792886709,,,,,,,,,,,-45.1205857263,,,,,,
000682.SZ,000682,东方电子,10005606,通用,2009-12-31 00:00:00,年报,2009年报,058001001,2011-03-29 00:00:00,2011-03-29 00:00:00,CNY,1009199822.57,,,,,,,,,,,,23788679.51,22417766.03,,,1055406268.11,715382398.64,,,,,,109690389.55,66738081.64,140375255.78,,,1032186125.61,,,23220142.5,1246390.0,5754006.4,2175669.49,,,,,,9176065.89,24406633.42,1332460.0,,,,,,,25739093.42,,,-16563027.53,6941422.86,6941422.86,63000000.0,,,,,69941422.86,67000000.0,5626920.8,4344240.8,,,,,,72626920.8,,,-2685497.94,232910.82,,,4204527.85,388248775.46,,,392453303.31,36028422.83,11831478.34,27704656.57,27704656.57,,3159389.96,362848.22,,,,86773.98,,,1282680.0,-6011790.8,-1002720.53,-1002720.53,,,12619304.64,18410981.02,-81251881.73,,0.0,0.0,23220142.5,,,,,392453303.31,388248775.46,,,,,4204527.85,20.3635209712,,,,,,,,,,,,-7.3502468504,18.2062000625,,,19.5114210438,27.6321755818,,,,,,10.2434822137,19.8613974482,-3.1857808966,,,19.9274692946,,,3.5437347022,-67.186446925,45.4049783415,-77.6573902222,,,,,,-47.5455156714,145.3074125958,-98.1804054165,,,,,,,-69.0553354551,,,74.7839328576,83.1509989446,-76.0640591034,117.2413793103,,,,,113.3010761208,110.6918238994,-9.2755599707,,,,,,,91.1123582807,,,48.4767948438,161.9811633917,,,108.6075521516,-11.1753465125,,,1.0829468412,11.8137281955,-38.7016524388,3.5753963832,3.5753963832,,41.3316006551,32.9654257049,,,,-93.5269660663,,,-51.1040373146,-16.5805754508,-116.5375873679,-116.5375873679,,,144.0026590368,133.1543074877,-487.1152091696,,,,3.5437347022,,,,,1.0829468412,-11.1753465125,,,,,108.6075521516,标准无保留意见,,16466480.2,23.4844279882,,
000682.SZ,000682,东方电子,10005606,通用,2009-09-30 00:00:00,三季报,2009三季报,058001001,2010-10-30 00:00:00,2010-10-30 00:00:00,CNY,581249142.69,,,,,,,,,,,,10968001.09,27484074.13,,,619701217.91,473269693.2,,,,,,73488772.63,42491551.59,116073824.99,,,705323842.41,,,-85622624.5,869210.0,602021.68,2051000.0,,,,,,3522231.68,20555171.4,883110.0,,,,,,,21438281.4,,,-17916049.72,6941422.86,6941422.86,38000000.0,,,,,44941422.86,55000000.0,3424523.55,2513585.0,,,,,,58424523.55,,,-13483100.69,233140.25,,,-116788634.66,388248775.46,,,271460140.8,,,,,,,,,,,,,,,,0.0,,,,,,,,,,-85622624.5,,,,,,,,,,,-116788634.66,10.5081177958,,,,,,,,,,,,-23.952522,97.0620916978,,,11.7891710995,13.3856542016,,,,,,1.6166616668,9.2566020275,5.6354464252,,,10.4673373757,,,-1.7588431744,-75.5041708939,-65.3578628887,292.2164745797,,,,,,-39.3675849482,319.44296329,-98.3391643408,,,,,,,-63.1235891388,,,65.7609293377,83.1509989446,,-20.0,,,,,-12.3778068629,11.5618661258,-5.4291731721,49.7786318675,,,,,,10.3992565789,,,-726.6158817395,169.1729773268,,,15.6378105503,-11.5228625207,,,-9.6263627926,,,,,,,,,,,,,,,,,,,,,,,,,,-1.7588431744,,,,,,,,,,,15.6378105503,,,,,,
000682.SZ,000682,东方电子,10005606,通用,2009-06-30 00:00:00,中报,2009中报,058001001,2010-08-07 00:00:00,2010-08-07 00:00:00,CNY,382263188.26,,,,,,,,,,,,7193526.33,14003581.64,,,403460296.23,325654859.86,,,,,,49779081.2,30281452.23,74465530.43,,,480180923.72,,,-76720627.49,,,2046000.0,,,,,,2046000.0,18880551.2,,,,,,,,18880551.2,,,-16834551.2,4344422.86,4344422.86,34000000.0,,,,,38344422.86,42000000.0,3262603.75,2513585.0,,,,,,45262603.75,,,-6918180.89,188136.12,,,-100285223.46,388248775.46,,,287963552.0,16344335.18,1559981.23,13627249.71,13627249.71,,1445812.31,168283.01,,,,82205.05,2208.0,,749018.75,-64110.1,-219103.53,-219103.53,,,9636963.75,-43455633.5,-76597837.35,,,,-76720627.49,,,,,287963552.0,388248775.46,,,,,-100285223.46,23.1719911792,,,,,,,,,,,,-18.7940714608,72.1817292622,,,23.2540043377,20.7377387039,,,,,,9.5055165158,8.2189682646,0.3633771671,,,15.0529453712,,,14.7699750258,,,326.3161589389,,,,,,-63.4587795396,362.2703947885,,,,,,,,-67.0581625599,,,67.4478609695,60.3108066421,60.3108066421,183.3333333333,,,,,160.6690881033,204.347826087,35.3663641459,,,,,,,179.2229351822,,,-361.1497457054,197.5986876456,,,30.0780792089,-11.5228625207,,,-2.5134423784,39.5297458926,-44.9767086251,2.446780168,2.446780168,,39.2871318697,276.974859981,,,,-88.0167565598,-31.0215557638,,-43.521547977,96.3109121346,24.0760102285,24.0760102285,,,1018.2703834786,42.8678494146,-75.1266012169,,,,14.7699750258,,,,,-2.5134423784,-11.5228625207,,,,,30.0780792089,,,5870103.44,228.5910755565,,
000682.SZ,000682,东方电子,10005606,通用,2009-03-31 00:00:00,一季报,2009一季报,058001001,2010-04-28 00:00:00,2010-04-28 00:00:00,CNY,180838345.02,,,,,,,,,,,,3136822.48,11227156.42,,,195202323.92,152670319.51,,,,,,28324421.96,19453142.84,39834251.07,,,240282135.38,,,-45079811.46,,,2046000.0,,,,,,2046000.0,829359.09,,,,,,,,829359.09,,,1216640.91,4344422.86,,,,,,,4344422.86,7000000.0,1907560.0,1487960.0,,,,,,8907560.0,,,-4563137.14,41208.32,,,-48385099.37,388248775.46,,,339863676.09,,,,,,,,,,,,,,,,0.0,,,,,,,,,,-45079811.46,,,,,,,,,,,-48385099.37,47.7880743123,,,,,,,,,,,,-11.6749872768,112.2629990057,,,48.7777143117,14.3809635679,,,,,,12.0522448428,17.3309152377,5.0686437261,,,12.6786536698,,,45.0524100752,,,716.2075034044,,,,,,-44.9265351068,-67.6219285719,,,,,,,,-83.0635510578,,,202.943664193,,,,,,,,,,36.7487839688,89.7908163265,,,,,,538.563399384,,,-227.1212727137,128.0198805792,,,42.918761462,-11.5228625207,,,-4.0061144947,,,,,,,,,,,,,,,,,,,,,,,,,,45.0524100752,,,,,,,,,,,42.918761462,,,,,,
000682.SZ,000682,东方电子,10005606,通用,2008-12-31 00:00:00,年报,2008年报,058001001,2010-03-27 00:00:00,2010-03-27 00:00:00,CNY,838459870.92,,,,,,,,,,,,25675923.25,18964966.32,,,883100760.49,560503176.71,,,,,,99498298.99,55679378.9,144994461.64,,,860675316.24,,,22425444.25,3798400.0,3957227.92,9737758.98,,,,,,17493386.9,9949407.22,73228400.0,,,,,,,83177807.22,,,-65684420.32,3790000.0,29000000.0,29000000.0,,,,,32790000.0,31800000.0,6202210.56,,,,,,,38002210.56,,,-5212210.56,-375776.78,,,-48846963.41,437095738.87,,,388248775.46,32221824.11,19301463.76,26748298.86,26748298.86,,2235444.83,272889.15,,,,1340545.73,8904.76,,2623284.07,-5156768.85,6063281.83,6063281.83,,,-28678504.7,-55531188.6,20989069.87,-13100.57,,,22425444.25,,,,,388248775.46,437095738.87,,,,,-48846963.41,2.9307110385,,,,,,,,,,,,52.8250905955,-58.3074808313,,,0.7099664264,8.9044288914,,,,,,21.2179509177,16.8623118799,24.8715255471,,,13.169810468,,,-80.727288665,-37.9746732093,-40.0337962909,364.3400046707,,,,,,18.03773213,-37.0509355376,1005.5095524574,,,,,,,270.8421268548,,,-763.2154043428,,-39.3305439331,-39.3305439331,,,,,-31.4016736402,-34.1614906832,-0.5083180219,,,,,,,-30.3145171305,,,22.5974301463,-0.5091216594,,,-148.0580955151,29.6361993804,,,-11.5228625207,37.4734289721,91.8875778522,-1.495663551,-1.495663551,,10.07493878,1.2897868665,,,,4093.7619298582,-94.4228136057,,-32.5367725042,21.8564465855,488.4439204984,488.4439204984,,,-796.0133254501,-17876.697952836,-65.2730371783,,,,-80.727288665,,,,,-11.5228625207,29.6361993804,,,,,-148.0580955151,标准无保留意见,,13334863.73,150.5065253315,,
000682.SZ,000682,东方电子,10005606,通用,2008-09-30 00:00:00,三季报,2008三季报,058001001,2009-10-29 00:00:00,2009-10-29 00:00:00,CNY,525978683.09,,,,,,,,,,,,14422570.45,13946910.79,,,554348164.33,417398211.91,,,,,,72319609.23,38891518.5,109881511.29,,,638490850.93,,,-84142686.6,3548400.0,1737830.66,522925.51,,,,,,5809156.17,4900587.97,53172630.0,,,,62270.0,,,58135487.97,,,-52326331.8,3790000.0,,47500000.0,,,,,51290000.0,49300000.0,3621120.45,1678200.0,,,,,,52921120.45,,,-1631120.45,-337039.49,,,-138437178.34,438812541.32,,,300375362.98,,,,,,,,,,,,,,,,0.0,,,,,,,,,,-84142686.6,,,,,,,,,,,-138437178.34,3.2089204473,,,,,,,,,,,,36.7655160948,-58.8423526129,,,0.0525065381,11.2683460272,,,,,,24.2718821422,9.9755093368,21.9430379847,,,14.2621125267,,,-1676.0440940983,69.2906623919,-14.8670936284,-69.4210745649,,,,,,-0.6547024557,-45.7656184654,1306.7875398178,,,,,,,353.6283964689,,,-650.9278293402,,,1.0638297872,,,,,9.1276595745,3.7894736842,-29.0449030949,-14.3775510204,,,,,,0.6039975301,,,70.8905083283,-5.1324548035,,,-685.2429585334,30.1453778621,,,-5.9979237064,,,,,,,,,,,,,,,,-100.0,,,,,,,,,,-1676.0440940983,,,,,,,,,,,-685.2429585334,,,,,,
000682.SZ,000682,东方电子,10005606,通用,2008-06-30 00:00:00,中报,2008中报,058001001,2009-08-08 00:00:00,2009-08-08 00:00:00,CNY,310349118.01,,,,,,,,,,,,8858375.81,8133024.16,,,327340517.98,269720853.94,,,,,,45458057.99,27981649.35,74195919.4,,,417356480.68,,,-90015962.7,3228400.0,1890830.66,479925.51,,,,,,5599156.17,4084308.97,53228400.0,,,,2100.0,,,57314808.97,,,-51715652.8,2710000.0,2710000.0,12000000.0,,,,,14710000.0,13800000.0,2410202.69,,,,,,,16210202.69,,,-1500202.69,-192765.01,,,-143424583.2,438812541.32,,,295387958.12,11713871.53,2835128.89,13301784.29,13301784.29,,1038008.53,44640.38,,,,686000.0,3201.0,,1326202.69,-1737830.66,-288582.74,-288582.74,,,861774.03,-76061609.89,-43738550.75,,,,-90015962.7,,,,,295387958.12,438812541.32,,,,,-143424583.2,-3.7328260383,,,,,,,,,,,,30.7183094902,-67.3268144152,,,-7.5444703576,11.8044700778,,,,,,16.9012841476,1.8863474458,16.0460725386,,,12.3347116956,,,-415.0377956056,4717.0695314831,1509.6778823561,-67.9185381139,,,,,,233.1947730428,-22.8252871526,9287.3937427251,,,,,,,878.1837296358,,,-1137.5529665206,,,-62.8482972136,,,,,-54.4582043344,-57.9268292683,-20.2504612502,,,,,,,-54.7481846252,,,57.4074098101,2.3569030903,,,-465.1968230507,30.1453778621,,,-5.2621281794,28.8716811929,11.6730203954,-2.4448934595,-2.4448934595,,-5.7290090199,-27.8910142695,,,,424.3066562428,,,-2.1605318732,-1379.4278704378,-134.2611965098,-93.11674947,,,105.9594854296,-134.2984871942,-4212.5573681506,,,,-415.0377956056,,,,,-5.2621281794,30.1453778621,,,,,-465.1968230507,,,1786446.4,464.388039682,,
000682.SZ,000682,东方电子,10005606,通用,2008-03-31 00:00:00,一季报,2008一季报,058001001,2009-04-29 00:00:00,2009-04-29 00:00:00,CNY,122363286.66,,,,,,,,,,,,3551454.32,5289266.84,,,131204007.82,133475287.1,,,,,,25277871.05,16579724.79,37912596.62,,,213245479.56,,,-82041471.74,2335405.0,1128961.18,250671.55,,,,,,3715037.73,2561483.91,2335405.0,,,,,,,4896888.91,,,-1181851.18,,,,,,,,,,1394937.45,784000.0,,,,,,1394937.45,,,-1394937.45,-147068.15,,,-84765328.52,438812541.32,,,354047212.8,,,,,,,,,,,,,,,,0.0,,,,,,,,,,-82041471.74,,,,,,,,,,,-84765328.52,-10.1723463126,,,,,,,,,,,,11.71530451,-52.76778383,,,-12.877707761,35.2210343981,,,,,,12.8071098417,5.4396343488,8.2720719065,,,24.0827773647,,,-285.8973664656,,,3.1762080848,,,,,,1429.1065375123,-47.5113471334,,,,,,,,0.3446092789,,,74.513233161,,,,,,,,,,15.2837094847,15.3110751581,,,,,,15.2837094847,,,-15.2837094847,1.6922356745,,,-210.9896388989,30.1453778621,,,14.2403187627,,,,,,,,,,,,,,,,100.0,,,,,,,,,,-285.8973664656,,,,,,,,,,,-210.9896388989,,,,,,
000682.SZ,000682,东方电子,10005606,通用,2007-12-31 00:00:00,年报,2007年报,058001001,2009-03-31 00:00:00,2009-03-31 00:00:00,CNY,814586688.91,,,,,,,,,,,,16800855.9,45487695.87,,,876875240.68,514674363.95,,,,,,82082148.92,47645282.73,116114911.71,,,760516707.31,,,116358533.37,6123950.0,6599096.95,2097118.25,,,,,,14820165.2,15805488.62,6623950.0,,,,0.0,,,22429438.62,,,-7609273.42,,47800000.0,47800000.0,,,,,47800000.0,48300000.0,6233898.59,,,,,,,54533898.59,,,-6733898.59,-373873.31,,,101641488.05,337171053.27,,,438812541.32,23438583.26,10058735.42,27154437.89,27154437.89,,2030839.04,269414.28,,,,-33565.99,159664.02,,3888465.12,-6599096.95,-1560915.62,-1560915.62,,,-3200678.37,312381.91,60440269.36,,,,116358533.37,,,,,438812541.32,337171053.27,,,,,101641488.05,7.8120615871,,,,,,,,,,,,-8.9515875821,249.42356951,,,11.4154032501,-0.0228408895,,,,,,-0.9529406336,4.3669124199,-8.8102563582,,,-1.3147522469,,,610.2179419727,,,153.2636042258,,,,,,27.7764027406,88.6427183818,,,,,,,,167.7013267215,,,-336.3140148294,,,52.7156549521,,,,,51.5975721955,61.5384615385,39.3061164769,,,,,,,38.2638536747,,,14.8799195951,-91.3395600493,,,784.0677071624,3.5302248024,,,30.1453778621,214.760444316,31.1612515265,-5.9355934663,-5.9355934663,,17.7078416195,15.8632011099,,,,91.2988658997,738.9271082859,,64.9358702079,,-99.5145998578,-99.5145998578,,,72.4760985608,-97.6421793626,286.6232713956,,,,610.2179419727,,,,,30.1453778621,3.5302248024,,,,,784.0677071624,标准无保留意见,,5323160.23,0.1653604491,,
000682.SZ,000682,东方电子,10005606,通用,2007-09-30 00:00:00,三季报,2007三季报,058001001,2008-10-29 00:00:00,2008-10-29 00:00:00,CNY,509625215.35,,,,,,,,,,,,10545472.91,33886559.79,,,554057248.05,375127542.39,,,,,,58194668.0,35363799.39,90108884.53,,,558794894.31,,,-4737646.26,2096040.0,2041314.85,1710084.65,,,,,,5847439.5,9035943.31,3779720.0,,,,,,,12815663.31,,,-6968223.81,,,47000000.0,,,,,47000000.0,47500000.0,5103397.23,1960000.0,,,,,,52603397.23,,,-5603397.23,-320585.58,,,-17629852.88,337171053.27,,,319541200.39,15098567.22,5815812.73,20346342.46,20346342.46,,1617707.88,48641.58,,,,-191757.25,,,2006118.98,-2041314.85,458411.36,-766329.39,1224740.75,,-10817423.22,-58986249.41,21820200.36,87295.9,,,-4737646.26,,,,,319541200.39,337171053.27,,,,,-17629852.88,5.3890722404,,,,,,,,,,,,-3.832761234,39.6075958403,,,6.7950987111,3.3610315764,,,,,,2.2510494817,3.7049657561,-18.3443218905,,,-0.9747805915,,,89.5856528409,,,7.9905427448,,,,,,-52.667747804,26.3807973373,300.7336726039,,,,,,,58.3553944817,,,-263.532941611,,,54.0983606557,,,,,50.4963176433,70.2508960573,74.2766086819,1900.0,,,,,,70.6332917743,,,-1495.0310862245,-153.7900048947,,,56.9532517227,3.5302248024,,,12.230415933,37.4024852915,108.3143905364,-6.576589011,-6.576589011,,11.7586068959,-33.5558357363,,,,-144.1977372926,,,62.8540339003,-602.2677050908,183.6771211374,-39.8836128279,,,22.3486379656,-44.6951054998,175.5059789911,,,,89.5856528409,,,,,12.230415933,3.5302248024,,,,,56.9532517227,,,,,,
000682.SZ,000682,东方电子,10005606,通用,2007-06-30 00:00:00,中报,2007中报,058001001,2008-08-19 00:00:00,2008-08-19 00:00:00,CNY,322383119.02,,,,,,,,,,,,6776690.92,24892045.31,,,354051855.25,241243354.36,,,,,,38885849.99,27463590.61,63936605.33,,,371529400.29,,,-17477545.04,67020.0,117466.4,1495958.98,,,,,,1680445.38,5292289.17,567020.0,,,,,,,5859309.17,,,-4178863.79,,,32300000.0,,,,,32300000.0,32800000.0,3022215.21,1855900.0,,,,,,35822215.21,,,-3522215.21,-197417.96,,,-25376042.0,337171053.27,,,311795011.27,9089562.13,2538776.94,13635149.16,13635149.16,,1101090.08,61906.82,,,,-211528.19,,,1355488.45,-117466.4,842301.99,-149434.34,991736.33,,-14460544.29,-32463551.43,1063536.55,87733.15,,,-17477545.04,,,,,311795011.27,337171053.27,,,,,-25376042.0,5.4935399217,,,,,,,,,,,,-9.5790752674,87.5756197975,,,8.4850179613,2.5094564954,,,,,,1.701123138,9.435844445,-17.4091923727,,,-1.2106365354,,,64.849651329,,,0.9647609419,,,,,,-86.2844764296,-11.5377998762,-39.8833757422,,,,,,,-15.3981145194,,,-178.4557080479,,,5.9016393443,,,,,3.4261927634,17.5627240143,190.9317766684,,,,,,,23.7860880164,,,-253.7283353238,-154.5880485009,,,39.841828769,3.5302248024,,,9.9837751861,58.8581363598,40.1314246879,-9.6274711327,-9.6274711327,,27.9276781873,-46.6144344875,,,,-169.3755014301,,,21.4215072689,-143.3541002898,352.7422726851,55.160530122,,,-17.6692097522,-99.5633173516,102.3247836748,,,,64.849651329,,,,,9.9837751861,3.5302248024,,,,,39.841828769,,,316528.04,159.7421275014,,
000682.SZ,000682,东方电子,10005606,通用,2007-03-31 00:00:00,一季报,2007一季报,058001001,2008-04-23 00:00:00,2008-04-23 00:00:00,CNY,136220063.24,,,,,,,,,,,,3179022.19,11198430.37,,,150597515.8,98708967.65,,,,,,22408047.76,15724376.22,35016044.26,,,171857435.89,,,-21259920.09,,,242954.8,,,,,,242954.8,4880071.73,,,,,,,,4880071.73,,,-4637116.93,,,,,,,,,,1210003.96,679900.0,,,,,,1210003.96,,,-1210003.96,-149599.73,,,-27256640.71,337171053.27,,,309914412.56,2136185.85,1840972.02,6806927.03,6806927.03,,501385.39,65239.37,,,,,,,530103.96,,-325352.02,-325352.02,,,-13682693.49,-33550686.77,14268398.84,149599.73,,,-21259920.09,,,,,309914412.56,337171053.27,,,,,-27256640.71,-4.6358487274,,,,,,,,,,,,-5.1891119101,76.2857852885,,,-1.2782449354,-16.4763277782,,,,,,22.1717375817,7.3014990541,2.5764591997,,,-7.2610823663,,,35.1153830648,,,-79.3929270306,,,,,,-97.9668143543,-6.9988879155,,,,,,,,-6.9988879155,,,-169.1886175064,,,,,,,,,,89.8807720565,593.7755102041,,,,,,89.8807720565,,,-89.8807720565,-218.7339634022,,,-1.9024643428,3.5302248024,,,3.6758760058,2.4873192332,94.6006144864,-5.831263093,-5.831263093,,13.9034761451,10.7280456277,,,,,,,-1.6949857233,,-58.3504612942,-58.3504612942,,,-10.6094072195,-2582.0834984354,143.5654077045,218.7339634022,,,35.1153830648,,,,,3.6758760058,3.5302248024,,,,,-1.9024643428,,,169377.62,-64.5273920634,,
000682.SZ,000682,东方电子,10005606,通用,2006-12-31 00:00:00,年报,2006年报,058001001,2008-04-12 00:00:00,2008-04-12 00:00:00,CNY,755561740.42,,,,,,,,,,,,18452662.11,13017924.33,,,787032326.86,514791947.01,,,,,,82871868.63,45651712.43,127333302.05,,,770648830.12,,,16383496.74,,,828037.75,0.0,,10770477.22,,,11598514.97,8378530.99,,,,,0.0,,,8378530.99,,,3219983.98,230847.96,,31300000.0,,,,,31530847.96,29900000.0,4474964.02,,,5066941.54,,,,39441905.56,,,-7911057.6,-195397.81,,,11497025.31,325674027.96,,,337171053.27,7446483.09,7668984.02,28867920.28,28867920.28,,1725321.79,232527.91,,,,-385765.69,19031.93,,2357561.83,,-782356.59,-782356.59,,,-11628723.41,13248756.29,-32386244.71,,,,16383496.74,,,,,337171053.27,325674027.96,,,,,11497025.31,9.9027546828,,,,,,,,,,,,32.3437732024,34.1080786688,,,10.6731553625,15.0444281402,,,,,,13.1005825742,5.6493985291,13.5632836124,,,13.987647349,,,-53.2582390907,,,-85.762224007,,,,,,-51.3559248868,-63.4296475369,,,,,,,,-74.4574499062,,,135.9428732561,-94.1110214286,,8.3044982699,,,,,-3.927946496,-4.7770700637,36.4249058981,,,-49.3305846,,,,-11.7239064306,,,33.2972465436,-368.4038635841,,,-18.9813554375,,,,,-64.0886529054,13.9767607603,1.4514818653,1.4514818653,,-5.5573558349,15.6902413088,,,,95.7143808598,-92.0339585993,,-15.7075294381,,,,,,28.3532689575,157.1169953606,-233.0550545787,,,,-53.2582390907,,,,,3.5302248024,4.5558095175,,,,,-18.9813554375,带解释性说明的无保留意见,,5314372.36,-11.2584494647,,
000682.SZ,000682,东方电子,10005606,通用,2006-09-30 00:00:00,三季报,2006三季报,058001001,2007-10-27 00:00:00,2007-10-27 00:00:00,CNY,483565520.14,,,,,,,,,,,,10965764.48,24272719.25,,,518804003.87,362929371.61,,,,,,56913516.58,34100391.56,110352257.94,,,564295537.69,,,-45491533.82,,,1583550.38,,,10770477.22,,,12354027.6,7149775.52,943200.0,,,,,,,8092975.52,,,4261052.08,,,30500000.0,,730000.0,,,31230000.0,27900000.0,2928331.73,98000.0,,,,,,30828331.73,,,401668.27,-126319.23,,,-40955132.7,325674027.96,,,284718895.26,10988569.23,2791843.96,21778633.69,21778633.69,,1447501.83,73206.7,,,,-78525.4,12087.33,,1231850.96,406419.69,-547833.57,-547833.57,,,-13930757.86,-40765891.29,-28898639.09,,,,-45491533.82,,,,,284718895.26,325674027.96,,,,,-40955132.7,21.3682891721,,,,,,,,,,,,12.578619108,248.672003185,,,24.9737921484,22.2306643924,,,,,,4.1301206066,11.7166296367,-1.2971921179,,,14.2519729366,,,42.2507001434,,,-71.1999509242,,,,,,124.6828428434,-64.6794970187,-32.7596708589,,,,,,,-62.6109233496,,,126.3893469749,,,2.0066889632,,265.0,,,-8.2010582011,-8.2236842105,20.1500105638,,,,,,,-28.1694066369,,,104.514086187,,,,60.5514645923,,,,,-0.2473311377,-3.6877157682,3.9078267331,3.9078267331,,-6.3813641213,-82.4622219448,,,,79.4572449958,-91.3614712842,,-41.3887063659,0.0,,,,,39.7333180441,27.0248733377,16.2024900189,,,,42.2507001434,,,,,37.1053712676,4.5558095175,,,,,60.5514645923,,,,,,
000682.SZ,000682,东方电子,10005606,通用,2006-06-30 00:00:00,中报,2006中报,058001001,2007-08-21 00:00:00,2007-08-21 00:00:00,CNY,305595128.63,,,,,,,,,,,,7494604.75,13270405.47,,,326360138.85,235337658.21,,,,,,38235418.44,25095608.07,77413706.4,,,376082391.12,,,-49722252.27,,,1481664.46,,,10770477.22,,,12252141.68,5982543.01,943200.0,,,,,,,6925743.01,,,5326398.67,,,30500000.0,,730000.0,,,31230000.0,27900000.0,1038805.47,,,,,,,28938805.47,,,2291194.53,-77544.08,,,-42182203.15,325674027.96,,,283491824.81,5721810.88,1811711.36,15087714.52,15087714.52,,860712.94,115961.72,,,,-78525.4,8537.67,,1116349.55,270946.46,-333265.18,-333265.18,,,-12289148.81,-16267293.94,-45747764.04,,,,-49722252.27,,,,,283491824.81,325674027.96,,,,,-42182203.15,25.9565559823,,,,,,,,,,,,26.1015715125,223.8154762339,,,29.1692216679,22.4985040006,,,,,,4.7925183055,8.0099775198,17.2130408639,,,18.3090521714,,,23.7627489914,,,-64.6319401054,,,,,,192.4646520679,-59.5972562844,34.7428571429,,,,,,,-55.3387321872,,,147.0613210147,,,2.0066889632,,,,,-7.6581904199,-8.2236842105,-13.7908673889,,,,,,,-8.6594324381,,,7.1810632427,,,,43.3040440746,,,,,2.238470588,-34.8119674921,5.1598755842,5.1598755842,,-3.336587331,-57.248646897,,,,77.2559367351,-93.8983292868,,1.7654292192,0.0,,,,,72.9081924368,39.8951936769,-231.222594181,,,,23.7627489914,,,,,19.575073853,4.5558095175,,,,,43.3040440746,,,-529823.85,-67.7837442794,,
000682.SZ,000682,东方电子,10005606,通用,2006-03-31 00:00:00,一季报,2006一季报,058001001,2007-04-28 00:00:00,2007-04-28 00:00:00,CNY,142842002.39,,,,,,,,,,,,3353013.83,6352429.58,,,152547445.8,118180828.29,,,,,,18341433.3,14654386.34,34136530.48,,,185313178.41,,,-32765732.61,,,1178987.43,,,10770477.22,,,11949464.65,5247326.21,,,,,,,,5247326.21,,,6702138.44,,,,,,,,,,637244.07,98000.0,,,,,,637244.07,,,-637244.07,-46935.61,,,-26747773.85,325674027.96,,,298926254.11,2084341.62,946025.8,7228436.16,7228436.16,,440184.45,58918.56,,,,-134119.56,,,539244.07,,-205463.26,-205463.26,,,-12370280.1,1351714.67,-32751670.63,46935.61,,,-32765732.61,,,,,298926254.11,325674027.96,,,,,-26747773.85,45.1169881643,,,,,,,,,,,,116.4475685783,52.3543235845,,,46.4676737123,28.5324999553,,,,,,8.445721928,-4.3050402035,-4.0153154445,,,16.0110862858,,,41.0545591756,,,92.6510960763,,,,,,1852.5886398532,-3.6156705292,,,,,,,,-49.1250726438,,,169.0786232371,,,,,,,,,,0.7349459253,,,,,,,-76.4338953389,,,9.4914324197,,,,59.468649483,,,,,234.8830037617,36.4047559148,-0.593048531,-0.593048531,,-12.856489583,-29.9683316473,,,,-106.7798162379,,,-23.4104942682,,,,,,27.1665807298,108.7820522881,-2.7889857939,160.2751985839,,,41.0545591756,,,,,21.7668671014,4.5558095175,,,,,59.468649483,,,477488.49,144.3882604119,,
000682.SZ,000682,东方电子,10005606,通用,2005-12-31 00:00:00,年报,2005年报,058001001,2006-03-28 00:00:00,2006-03-28 00:00:00,CNY,687482076.86,,,,,,,,,,,,13942977.19,9707039.62,,0.0,711132093.67,447472298.6,,,,,,73272715.97,43210574.85,112125414.13,,0.0,676081003.55,,0.0,35051090.12,18027853.31,,5815780.15,,,,,0.0,23843633.46,22910719.82,9891529.6,,,,,,0.0,32802249.42,,0.0,-8958615.96,3920000.0,,28900000.0,,,,0.0,32820000.0,31400000.0,3280166.47,,,10000000.0,,,0.0,44680166.47,,0.0,-11860166.47,-41715.67,,0.0,14190592.02,,,,,20735738.68,6728550.6,28454902.53,28454902.53,,1826846.13,200991.81,,54062.34,-1467937.82,-9001399.27,238913.27,,2796883.06,2036410.13,0.0,,,,-16230640.59,-23195821.5,24340484.33,-2466894.08,,0.5,35051090.12,,,,,325674027.96,311483435.94,,,,0.0,14190592.02,24.1795636012,,,,,,,,,,,,25.6676300023,-49.9110850051,,,21.7495816274,44.5025602792,,,,,,-1.3922715106,3.7931945282,10.8421904774,,,28.3469885908,,,-38.8648317827,-9.86073345,,83.5010224605,,,,,,-0.9583287177,-56.2739329344,-76.1922348548,,,,,,,-65.0830083622,,,87.1780130144,96.4049870834,,56.2162162162,,,,,57.0644848773,79.4285714286,94.0314041636,,,6536.8508355165,,,,131.0102204182,,,-862.8743855611,,,,229.231618631,,,,,11.7342009536,-27.927774475,-1.0494416072,-1.0494416072,,29.102585838,102.8389425464,,154.3022964176,-127.853965839,-2096.2529234292,,,89.4343090443,864.7582308192,,,,,-3406.0136972799,-187.9662462952,175.0893558048,-220.4063805352,,,-38.8648317827,,,,,4.5558095175,-3.405259807,,,,,229.231618631,带解释性说明的无保留意见,,5988595.34,-16.3148800154,,
000682.SZ,000682,东方电子,10005606,通用,2005-09-30 00:00:00,三季报,2005三季报,058001001,2005-10-28 00:00:00,2005-10-28 00:00:00,CNY,398428224.9,,,,,,,,,,,,9740539.16,6961476.41,,0.0,415130240.47,296921704.07,,,,,,54656151.6,30524006.74,111802551.83,,0.0,493904414.24,,0.0,-78774173.77,,,5498429.45,,,,,0.0,5498429.45,20242564.28,1402729.6,,,,,,0.0,21645293.88,,0.0,-16146864.43,3920000.0,,29900000.0,,200000.0,,0.0,34020000.0,30400000.0,2437229.69,,,10080878.44,,,0.0,42918108.13,,0.0,-8898108.13,,,0.0,-103819146.33,,,,,11015814.77,2898741.3,20959570.01,20959570.01,,1546168.47,417422.89,,136279.23,-3007089.31,-382253.5,139923.48,,2101729.69,406419.69,0.0,,,,-23115189.7,-55862720.84,-34486274.23,-1542715.72,,0.0,-78774173.77,,,,,207664289.61,311483435.94,,,,0.0,-103819146.33,17.5091122134,,,,,,,,,,,,45.7684960012,-18.1458280279,,,17.1861726438,30.7541091441,,,,,,1.9662526336,37.5688396368,52.1422596612,,,31.2319328481,,,-256.2596728597,,,229.8058331941,,,,,,122.8636740026,-44.8126801515,-96.5870326034,,,,,,,-72.1710377772,,,78.5601988642,96.4049870834,,75.8823529412,,-20.0,,,76.7651417893,78.8235294118,126.0829780283,,,,,,,137.4048577247,,,-861.9211384556,,,,-7.8571418602,,,,,18.9004299897,7.5311784133,5.1831656474,5.1831656474,,46.5875047029,,,,,-18.0747368402,,,94.9612337628,168.8155068096,,,,,-168.6708056439,-48.4120383413,-315.3289415551,-130.2829760384,,,-256.2596728597,,,,,-8.1976433419,-3.405259807,,,,,-7.8571418602,,,1807649.59,11.240679864,,
000682.SZ,000682,东方电子,10005606,通用,2005-06-30 00:00:00,中报,2005中报,058001001,2005-08-20 00:00:00,2005-08-20 00:00:00,CNY,242619470.06,,,,,,,,,,,,5943307.97,4098138.12,,,252660916.15,192114720.2,,,,,,36486782.7,23234527.63,66045301.64,,,317881332.17,,,-65220416.02,,,4189272.65,,,,,,4189272.65,14807269.16,700000.0,,,,,,,15507269.16,,,-11317996.51,3920000.0,,29900000.0,,,,,33820000.0,30400000.0,1204983.09,,,77330.96,,,,31682314.05,,,2137685.95,,,,-74400726.58,,,,,5596534.11,2779208.53,14347406.21,14347406.21,,890422.67,271246.9,,87953.77,-3407895.89,-345256.69,139923.48,,1096983.09,270946.46,,,,,-45361125.43,-27064880.39,-13811788.46,-701094.38,,,-65220416.02,,,,,237082709.36,311483435.94,,,,,-74400726.58,14.3717875655,,,,,,,,,,,,80.2648468093,-22.9621078062,,,14.4562531046,31.5796888844,,,,,,-3.4717353888,29.2100266855,43.5024404388,,,28.2755941404,,,-141.0006824743,,,340.2139468671,,,,,,139.1622384332,-49.4579390476,-98.296836983,,,,,,,-77.9716665305,,,83.5123454489,96.4049870834,,,,,,,1513.6450820564,,,,,,,,,,,,1.9948675399,,,,20.5220128891,,,,,-3.2591376957,13.5748853516,10.1008987501,10.1008987501,,52.96389462,,,,,-45.6297782725,,,,136.4943501576,,,,,-2026.3558104092,47.4263297788,-873.8918454901,-19.2837561274,,,-141.0006824743,,,,,3.5963218404,-3.405259807,,,,,20.5220128891,,,-315777.82,-136.2493328472,,
000682.SZ,000682,东方电子,10005606,通用,2005-03-31 00:00:00,一季报,2005一季报,058001001,2005-04-25 00:00:00,2005-04-25 00:00:00,CNY,98432309.13,,,,,,,,,,,,1549111.34,4169510.54,,0.0,104150931.01,91946261.32,,,,,,16913007.7,15313644.91,35564559.74,,0.0,159737473.67,,0.0,-55586542.66,,,611980.65,,,,,0.0,611980.65,5444169.44,4700000.0,,,,170000.0,,0.0,10314169.44,,0.0,-9702188.79,,,2000000.0,,,,0.0,2000000.0,2000000.0,632594.84,,,71475.6,,,0.0,2704070.44,,0.0,-704070.44,,,0.0,-65992801.89,,,,,622408.9,693543.12,7271560.04,7271560.04,,505125.91,84131.31,,53373.56,-829241.38,-64861.05,139923.48,,704070.44,-449560.53,0.0,,,,-16984346.23,-15391785.72,-31863015.65,-77868.86,,0.0,-55586542.66,,,,,245490634.05,311483435.94,,,,0.0,-65992801.89,-3.6758482578,,,,,,,,,,,,-4.9997130265,7.7437377221,,,-3.2855280303,6.0922716986,,,,,,-14.7174523924,25.8744189188,-23.1463506985,,,-3.1539311731,,,2.9063952858,,,24.6769654183,,,,,,24.6769654183,-54.05618852,-76.5,,,,,,,-67.6160413461,,,69.0606865926,,,,,,,,-4.5745072705,,,,,,,,,,,,-133.5931343266,,,,23.71952831,,,,,-80.0430614812,35.2748320136,9.5479704048,9.5479704048,,73.5490969468,,,,,29.6537428028,,,,-1606.8413115899,,,,,-782.2906663612,72.0354829952,-111.2241394558,30.6981081917,,,2.9063952858,,,,,4.0431386924,-3.405259807,,,,,23.71952831,,,-1075708.95,-2281.6799830448,,
000682.SZ,000682,东方电子,10005606,通用,2004-12-31 00:00:00,年报,2004年报,058001001,2005-04-23 00:00:00,2005-04-23 00:00:00,CNY,553619337.13,,,,,,,,,,,,11095122.26,19379616.47,,0.0,584094075.86,309663924.11,,,,,,74307274.99,41631414.32,101157703.26,,0.0,526760316.68,,0.0,57333759.18,20000000.0,905000.0,3169344.82,,,,,0.0,24074344.82,52396022.23,41547493.18,,,,,,0.0,93943515.41,,0.0,-69869170.59,1995876.0,,18500000.0,,400000.0,,0.0,20895876.0,17500000.0,1690533.8,,,150673.87,,,0.0,19341207.67,,0.0,1554668.33,,,0.0,-10980743.08,,,,,18558094.57,9335844.08,28756687.17,28756687.17,,1415034.5,99089.36,,-99558.11,5270121.42,-409852.58,,,1476439.55,211079.84,0.0,,,,-462937.17,26369002.29,-32415359.1,-769926.64,,0.0,57333759.18,,,,,311483435.94,322464179.02,,,,0.0,-10980743.08,35.6319372184,,,,,,,,,,,,70.3694463652,95.3734914832,,,37.5603369022,60.512430677,,,,,,1.3106466511,2.1472636863,5.1375768901,,,30.6323085905,,,168.2853195858,-22.6305609284,13.125,81.3611561702,,,,,,-15.2238139965,-0.4068488364,48.7466201914,,,,,,,16.6394706953,,,-33.9920753515,-83.1233343193,,,,,,,76.6906928877,,,,,,,,,,,,-86.8540842969,,,,42.0466875293,,,,,52.4480379264,-33.8876607536,2.5738792131,2.5738792131,,33.3555725423,,,,,-149.8966755132,,,,128.3504748312,,,,,-101.7269433284,-50.2456303711,71.4054238082,-42.4787103108,,,168.2853195858,,,,,-3.405259807,-5.5497702775,,,,,42.0466875293,带解释性说明的无保留意见,,7156105.34,253.8955737979,,
000682.SZ,000682,东方电子,10005606,通用,2004-09-30 00:00:00,三季报,2004三季报,058001001,2004-10-28 00:00:00,2004-10-28 00:00:00,CNY,339061556.5,,,,,,,,,,,,6682197.75,8504730.11,,0.0,354248484.36,227084032.78,,,,,,53602196.99,22188169.08,73485533.92,,0.0,376359932.77,,0.0,-22111448.41,,800000.0,1667171.68,,,,,0.0,2467171.68,36679737.91,41100000.0,,,,,,0.0,77779737.91,,0.0,-75312566.23,1995876.0,,17000000.0,,250000.0,,0.0,19245876.0,17000000.0,1078024.41,,,,,,0.0,18078024.41,,0.0,1167851.59,,,0.0,-96256163.05,,,,,9264739.22,2695721.69,19926734.36,19926734.36,,1054775.08,,,,,-323738.6,,,1078024.41,-590593.18,0.0,,,,-8603536.08,-37640289.47,-8303364.1,-669921.74,,0.0,-22111448.41,,,,,226208015.97,322464179.02,,,,0.0,-96256163.05,37.0009697818,,,,,,,,,,,,56.0379939263,16.5207049985,,,36.7386507248,98.761468683,,,,,,-12.7886347731,-9.3915034686,-16.1468500985,,,30.7550514452,,,23.1336908811,,,-4.4343380868,,,,,,-67.5138334169,-20.4879842871,87.9015194878,,,,,,,14.3748648188,,,-24.6696726579,-82.6897137901,,,,,,,66.92,,,,,,,,,,,,-89.8711917606,,,,-23.968273103,,,,,42.5731895255,-48.5779955875,-10.0449860652,-10.0449860652,,59.7105772464,,,,,-2064.2146949837,,,,-274.4629191199,,,,,-199.4580460335,42.4517683307,-37.4606808796,-91.566015799,,,23.1336908811,,,,,-14.2391113238,-5.5497702775,,,,,-23.968273103,,,1624989.7,412.5353732182,,
000682.SZ,000682,东方电子,10005606,通用,2004-06-30 00:00:00,中报,2004中报,058001001,2004-08-20 00:00:00,2004-08-20 00:00:00,CNY,212132270.75,,,,,,,,,,,,3296986.67,5319639.47,,0.0,220748896.89,146006364.53,,,,,,37799066.26,17981985.01,46023817.74,,0.0,247811233.54,,0.0,-27062336.65,,800000.0,951644.69,,,,,0.0,1751644.69,29296923.95,41100000.0,,,,,,0.0,70396923.95,,0.0,-68645279.26,1995876.0,,,,100000.0,,0.0,2095876.0,,,,,,,,,,,0.0,2095876.0,,,0.0,-93611739.91,,,,,5785077.76,2447027.37,13031143.59,13031143.59,,582112.97,,,,,-237078.36,,,,-742433.99,0.0,,,,2354763.6,-51479914.33,1784718.18,-587753.44,,0.0,-27062336.65,,,,,228852439.11,322464179.02,,,,0.0,-93611739.91,45.3920689581,,,,,,,,,,,,-4.6646436752,-15.8537379374,,,41.7931012902,124.4522551094,,,,,,-14.8265729464,17.7354452392,16.8418519459,,,51.0196265364,,,-221.8539785194,,,-38.1496667479,,,,,,-76.2926838214,-20.7121354937,105.5,,,,,,,23.6116479427,,,-38.5053944036,-79.4873997945,,,,,,,-78.4596505653,,,,,,,,,,,,-78.4596505653,,,,-94.0553395139,,,,,57.2723831811,-39.0114333989,-13.2372646448,-13.2372646448,,1555.0032525022,,,,,-482.6222162259,,,,-584.781230991,,,,,-76.2037517685,-74.8146015735,115.5850167579,,,,-221.8539785194,,,,,-21.9391984009,-5.5497702775,,,,,-94.0553395139,未经审计,,871127.26,227.6345650897,,
000682.SZ,000682,东方电子,10005606,通用,2004-03-31 00:00:00,一季报,2004一季报,058001001,2004-04-20 00:00:00,2004-04-20 00:00:00,CNY,102188607.27,,,,,,,,,,,,1630638.59,3869840.26,,0.0,107689086.12,86666314.0,,,,,,19831733.66,12165811.8,46275694.21,,0.0,164939553.67,,0.0,-57250467.55,,,490853.02,,,,,0.0,490853.02,11849625.15,20000000.0,,,,,,0.0,31849625.15,,0.0,-31358772.13,1995876.0,,,,100000.0,,0.0,2095876.0,,,,,,,,,,,0.0,2095876.0,,,0.0,-86513363.68,,,,,3118759.42,512691.91,6637786.18,6637786.18,,291056.49,,,,,-92202.56,,,,29834.63,0.0,,,,2489312.41,-55040413.24,-15084930.98,-112361.81,,0.0,-57250467.55,,,,,235950815.34,322464179.02,,,,0.0,-86513363.68,78.1668279397,,,,,,,,,,,,-34.7502709354,-2.3449701902,,,68.7456137178,157.6249040094,,,,,,-22.0025829369,141.2713072574,37.9435890899,,,68.898798659,,,-69.1876969773,,,778.2079723661,,,,,,778.2079723661,-50.6449369089,3233.3333333333,,,,,,,29.4230116035,,,-27.0547300243,-18.5356734694,,,,,,,-14.4540408163,,,,,,,,,,,,-14.4540408163,,,,-54.2959834522,,,,,150.0017050165,-76.8276898859,-6.5657571928,-6.5657571928,,25299.6961038961,,,,,,,,,,,,,,174.5604660275,-39.5920965234,-823.5208345723,,,,-69.1876969773,,,,,-17.3094694978,-5.5497702775,,,,,-54.2959834522,,,49306.45,104.0967930436,,
000682.SZ,000682,东方电子,10005606,通用,2003-12-31 00:00:00,年报,2003年报,058001001,2004-04-20 00:00:00,2004-04-20 00:00:00,CNY,408177711.3,,,,,,,,,,,,6512389.69,9919266.08,,0.0,424609367.07,192922082.61,,,,,,73345968.51,40756269.74,96214604.0,,0.0,403238924.86,,0.0,21370442.21,25850000.0,800000.0,1747532.32,,,,,0.0,28397532.32,52610065.67,27931722.5,,,,,,0.0,80541788.17,,0.0,-52144255.85,11826246.0,,,,,,0.0,11826246.0,,,,,,,,,,,0.0,11826246.0,,,0.0,-18947567.64,,,,,12173390.24,14121182.5,28035097.62,28035097.62,,1061098.89,,,,,821402.58,,,,-744537.23,0.0,,,,26806737.8,52998364.74,-113361914.8,-540380.13,,0.0,21370442.21,,,,,322464179.02,341411746.66,,,,0.0,-18947567.64,-26.1045686892,,,,,,,,,,,,53.245698511,-35.3706023256,,,-25.7636489754,-51.9045974832,,,,,,-41.8654712603,-12.1964562515,16.9453574084,,,-38.5288128916,,,125.4377419485,,,-78.3561460166,,,,,,251.7142635876,-40.7592669372,1762.1148333333,,,,,,,-12.4720033209,,,37.882300688,,,,,,,,18.26246,,,,,,,,,,,,71.2022050547,,,,88.2347796966,,,,,104.2085353645,-84.4442377711,8.9272432432,8.9272432432,,25.4949465671,,,,,-39.1685459446,,,,-138.7794495008,,,,,-11.1323779172,-30.7668845895,-316.4241927517,,,,125.4377419485,,,,,-5.5497702775,-32.0518238318,,,,,88.2347796966,带解释性说明的无保留意见,,2022095.18,139.8428113114,,
000682.SZ,000682,东方电子,10005606,通用,2003-09-30 00:00:00,三季报,2003三季报,058001001,2003-10-23 00:00:00,2003-10-23 00:00:00,CNY,247488435.33,,,,,,,,,,,,4282417.11,7298900.32,,0.0,259069752.76,114249524.46,,,,,,61462398.68,24487956.35,87635985.06,,0.0,287835864.55,,0.0,-28766111.79,5850000.0,,1744530.04,,,,,0.0,7594530.04,46131062.81,21873160.0,,,,,,0.0,68004222.81,,0.0,-60409692.77,11530000.0,,,,,,0.0,11530000.0,,,,,,,,,,,0.0,11530000.0,,,0.0,-77645804.56,,,,,6498233.82,5242350.47,22151888.47,22151888.47,,660429.07,,,,,-14958.71,,,,-157717.4,0.0,,,,8650417.36,-65406509.25,-6040537.59,-349708.03,,0.0,-28766111.79,,,,,263765942.1,341411746.66,,,,0.0,-77645804.56,,,,,,,,,,,,,,,,,,,,,,,,,,,,,,,,,,,,,,,,,,,,,,,,,,,,,,,,,,,,,,,,,,,,,,,,,,,,,,,,,,,,,,,,,,,,,,,,,,,,,,,,,,,,,,,,,,,,,,,,,-519937.85,,,
000682.SZ,000682,东方电子,10005606,通用,2003-06-30 00:00:00,中报,2003中报,058001001,2003-08-05 00:00:00,2003-08-05 00:00:00,CNY,145903605.52,,,,,,,,,,,,3458304.24,6321896.35,,0.0,155683806.11,65050076.89,,,,,,44378942.55,15273212.73,39389839.32,,0.0,164092071.49,,0.0,-8408265.38,5850000.0,,1538625.0,,,,,0.0,7388625.0,36950073.17,20000000.0,,,,,,0.0,56950073.17,,0.0,-49561448.17,9730000.0,,,,,,0.0,9730000.0,,,,,,,,,,,0.0,9730000.0,,,0.0,-48239713.55,,,,,3678381.19,4012272.31,15019286.26,15019286.26,,35172.92,,,,,-40691.61,,,,-108419.15,0.0,,,,9895524.61,-29448292.0,-11451499.91,,,0.0,-8408265.38,,,,,293172033.11,341411746.66,,,,0.0,-48239713.55,-36.9174977544,,,,,,,,,,,,143.1441757912,702.2225800122,,,-33.3261389265,-69.9928010204,,,,,,-32.5596084091,-45.7083359384,-17.1668858863,,,-54.1989343949,,,93.2610303482,,,1200.2475044206,,,,,,76.9668488199,-33.6754738895,1233.3333333333,,,,,,,-0.4561211778,,,6.5510939314,,,,,,,,-2.7,,,,,,,,,,,,40.6267247505,,,,71.7710922956,,,,,105.8367385506,67.683932809,-0.9905301591,-0.9905301591,,,,,,,-393.2904094443,,,,,,,,,-36.5890278594,-158.1198030869,85.6040293483,,,,93.2610303482,,,,,-11.5810228865,-32.0518238318,,,,,71.7710922956,未经审计,,-682516.73,-126.377875281,,
000682.SZ,000682,东方电子,10005606,通用,2003-03-31 00:00:00,一季报,2003一季报,058001001,2003-04-26 00:00:00,2003-04-26 00:00:00,CNY,57355574.24,,,,,,,,,,,,2499073.35,3962765.94,,0.0,63817413.53,33640503.17,,,,,,25426141.54,5042378.2,33546824.84,,0.0,97655847.75,,0.0,-33838434.22,,,-72375.0,,,,,0.0,-72375.0,24008935.27,600000.0,,,,,,0.0,24608935.27,,0.0,-24681310.27,2450000.0,,,,,,0.0,2450000.0,,,,,,,,,,,0.0,2450000.0,,,0.0,-56069744.49,,,,,1247495.26,2212519.63,7104232.86,7104232.86,,-1155.0,,,,,,,,,,0.0,,,,-3338649.21,-39429462.42,-1633415.34,,,0.0,-33838434.22,,,,,285342002.17,341411746.66,,,,0.0,-56069744.49,,,,,,,,,,,,,,,,,,,,,,,,,,,,,,,,,,,,,,,,,,,,,,,,,,,,,,,,,,,,,,,,,,,,,,,,,,,,,,,,,,,,,,,,,,,,,,,,,,,,,,,,,,,,,,,,,,,,,,,,,-1203537.73,,,
000682.SZ,000682,东方电子,10005606,通用,2002-12-31 00:00:00,年报,2002年报,058001001,2003-04-26 00:00:00,2003-04-26 00:00:00,CNY,552372053.4,,,,,,,,,,,,4249639.47,15347916.64,,0.0,571969609.51,401123750.95,,,,,,126165929.44,46417568.13,82273128.35,,0.0,655980376.87,,0.0,-84010767.36,,,8074034.88,,,,,0.0,8074034.88,88807249.59,1500000.0,,,,1711065.95,,0.0,92018315.54,,0.0,-83944280.66,,,,,10000000.0,,0.0,10000000.0,3000000.0,92235.0,,,,,,0.0,3092235.0,,0.0,6907765.0,,,0.0,-161047283.02,,,,,-289254792.6,90777824.27,25737452.62,25737452.62,,845531.17,,,,7828.34,1350292.53,5020239.22,,92235.0,1919927.28,0.0,,,,30164797.0,76550599.27,-27222701.46,,,0.0,-84010767.36,,,,,341411746.66,502459029.68,,,,0.0,-161047283.02,-16.6819236083,,,,,,,,,,,,-97.3722169095,-39.6083046633,,-100.0,-49.9933791913,-34.613750104,,,,,,-3.7746851088,-84.0468252811,20.9171858127,,,-40.5591634596,,,-308.9695776313,,,9416.4476011266,,,,,,3704.7706264306,-60.138224579,-81.25,,,,66179.2822280756,,,-60.129084325,,,63.5940345033,,,,,,,,233.3333333333,-84.4479004666,-99.9499785061,,,,,,,-98.4853824218,,,103.4339747959,,,,58.8677625835,,,,,-561.6254660223,2657.2508603008,-1.3942664903,-1.3942664903,,83.6095286336,,,,,4866.8690748433,,,-88.4754546488,,,,,,133.2773175763,169.9347700256,-118.522962509,,,,-308.9695776313,,,,,-32.0518238318,-43.7961808693,,,,,58.8677625835,保留意见,,-5075181.98,-13354.6835465857,,
000682.SZ,000682,东方电子,10005606,通用,2002-06-30 00:00:00,中报,2002中报,058001001,2002-08-28 00:00:00,2002-08-28 00:00:00,CNY,231290136.45,,,,,,,,,,,,1422326.58,788047.67,,0.0,233500510.7,216781569.43,,,,,,65804692.86,28131782.28,47553251.79,,0.0,358271296.36,,0.0,-124770785.66,,,118333.24,,,4056813.15,,0.0,4175146.39,55711024.77,1500000.0,,,,,,0.0,57211024.77,,0.0,-53035878.38,,,,,10000000.0,,0.0,10000000.0,3000000.0,80973.75,,,,,,0.0,3080973.75,,0.0,6919026.25,,,0.0,-170887637.79,,,,,-63021174.55,2392758.95,15169545.18,15169545.18,,,,,,,13874.17,,,-3975839.4,,0.0,,,,15605382.28,-11408768.97,-79546563.32,,,0.0,-124770785.66,,,,,331571391.89,502459029.68,,,,0.0,-170887637.79,-58.3685568662,,,,,,,,,,,,-98.5572213119,-35.0659553204,,,-64.3707608429,-48.4736380199,,,,,,5.3368210397,-84.8745836953,47.9646196995,,,-48.9146355877,,,-171.4957134323,,,258.5855757576,,,-2.0465475866,,,-2.9473056239,-48.6712076158,,,,,,,,-47.2891977014,,,49.1192441775,,,,,,,,400.0,-71.4013346044,-99.955894344,,,,,,,-98.4164331403,,,103.5931958158,,,,50.1424201528,,,,,-125.2730267776,0.3552577516,44.6625981461,44.6625981461,,,,,,,,,,-16.4696453431,,,,,,136.0469014373,94.5857043301,-57.9227011751,,,,-171.4957134323,,,,,-39.8502189038,-43.7961808693,,,,,50.1424201528,未经审计,,-301494.45,-156.5310810136,,
000682.SZ,000682,东方电子,10005606,通用,2001-12-31 00:00:00,年报,2001年报,058001001,2002-04-30 00:00:00,2002-04-30 00:00:00,CNY,662967842.42,,,,,,,,,,,,161719568.31,25413952.29,,293686400.0,1143787763.02,613468048.08,,,,,,131115112.05,290961322.42,68040889.14,,0.0,1103585371.69,,0.0,40202391.33,50700.0,76665.24,84842.95,,,,,0.0,212208.19,222787993.39,8000000.0,,,,2581.6,,0.0,230790574.99,,0.0,-230578366.8,,,3000000.0,,,,0.0,3000000.0,19290000.0,184390734.46,,,478721.0,,,0.0,204159455.46,,0.0,-201159455.46,,,0.0,-391535430.93,,,,,62660059.7,3292330.98,26101375.35,26101375.35,,460505.06,,,,,27185.99,,,800335.26,,0.0,,,,-90646720.34,-109460000.0,146967319.33,,,0.0,40202391.33,,,,,502459029.68,893994460.61,,,,0.0,-391535430.93,-40.2241048479,,,,,,,,,,,,91.286103522,60.4423451487,,,-5.4308317113,32.4418248865,,,,,,5.7839776279,45.733195466,62.1380243734,,,33.1606394284,,,-89.4401456746,,,,,,,,,-97.7518688818,20.9590662209,80.9954751131,,,,,,,22.3674044201,,,-28.6958827083,,,-84.4479004666,,,,-100.0,-85.56998557,7.2858731924,7235.5139467002,,,,,,,896.2073119289,,,-67983.972444756,,,,-293.9823584227,,,,,-86.751670059,,99.4441500943,99.4441500943,,13.9918494619,,,,,,,,112.7210435876,,,,,,-194.2997202961,29.8112609096,77.432092164,,,-100.0,-89.4401456746,,,,,-43.7961808693,29.1612594333,,,,,-293.9823584227,保留意见,,-37720.56,,,
000682.SZ,000682,东方电子,10005606,通用,2001-06-30 00:00:00,中报,2001中报,058001001,2001-08-14 00:00:00,2001-08-14 00:00:00,CNY,555565983.4,,,,,,,,,,,,98582450.08,1213612.48,,0.0,655362045.96,420719726.95,,,,,,62470741.2,185990135.5,32138258.38,,0.0,701318862.03,,0.0,-45956816.07,50700.0,76665.24,33000.0,,,4141572.4,,0.0,4301937.64,108537571.57,,,,,,,0.0,108537571.57,,0.0,-104235633.93,2000000.0,,,,,,0.0,2000000.0,10490000.0,183590399.2,,,478721.0,,,0.0,194559120.2,,0.0,-192559120.2,,,0.0,-342751570.2,,,,,249361404.57,2384288.58,10486155.63,10486155.63,,,,,-328597.95,,,,,-3413627.12,-68325.88,0.0,,,,-43291882.68,-210715662.12,-50370569.1,,,0.0,-45956816.07,,,,,551242890.41,893994460.61,,,,0.0,-342751570.2,-1.904578796,,,,,,,,,,,,,3762.6325021141,,,15.7098374964,62.5604297273,,,,,,20.9129503059,137.1117613854,-46.5246917599,,,56.1911481307,,,-139.1552242683,,,,,,-43.2163517716,,,-41.0176401479,36.6457324237,,,,,,,,36.6457324237,,,-44.4981672213,,,,,,,-100.0,-90.37999038,-41.6573971079,9968.3950804192,,,,,,,882.4514973316,,,-19618.0909233175,,,,-841.5477346866,,,,,14.6707427034,,116.7890682871,116.7890682871,,,,,,,,,,37.1871665458,0.8233767286,,,,,-217.8017464719,-80.8463853558,-265.3537346578,,,-100.0,-139.1552242683,,,,,-25.3437588595,29.1612594333,,,,,-841.5477346866,,,533325.11,,,
000682.SZ,000682,东方电子,10005606,通用,2000-12-31 00:00:00,年报,2000年报,058001001,2001-04-10 00:00:00,2001-04-10 00:00:00,CNY,1109088940.84,,,,,,,,,,,,84543291.61,15839928.21,,0.0,1209472160.66,463198123.86,,,,,,123946097.5,199653429.33,41964794.75,,0.0,828762445.44,,0.0,380709715.22,,,,,,9439315.54,,0.0,9439315.54,184184617.45,4420000.0,,,,,,0.0,188604617.45,,0.0,-179165301.91,,,19290000.0,,,,1500000.0,20790000.0,17980000.0,2513671.65,,,,,,0.0,20493671.65,,0.0,296328.35,,,0.0,201840741.66,,,,,472965724.58,,13087059.88,13087059.88,,403980.69,36987.2,,,,,,,-6291427.7,42601.15,0.0,,,,-30800817.7,-155950942.3,82830178.88,2287703.01,,2098667.53,380709715.22,,,,,893994460.61,692153718.95,,,,0.0,201840741.66,26.5329484888,,,,,,,,,,,,38.5016319786,95.7201325091,,,27.8976378945,14.3546532458,,,,,,237.4751252819,26.5703756291,29.644792511,,,31.1557946006,,,21.3360286252,,,,,,601.0109667602,,,385.0874133603,359.4631582095,-85.2666666667,,,,,,,169.1010305718,,,-162.933117363,,,-61.801980198,,,,-99.6278838998,-95.4166666667,-80.2417582418,-37.0872529228,,,,,,-100.0,-78.487114822,,,-99.9173047214,,,,-66.5805253743,,,,,55.7781663714,,107.8291851184,107.8291851184,,0.0,,,,,,,,-440.9229105728,-52.7795312553,,,,,-724.768177859,-750.8565473913,387.7678560827,260.993404353,,430.1452562496,21.3360286252,,,,,29.1612594333,684.8235261895,,,,,-66.5805253743,标准无保留意见,,,,,
000682.SZ,000682,东方电子,10005606,通用,2000-06-30 00:00:00,中报,2000中报,058001001,2000-08-19 00:00:00,2000-08-19 00:00:00,CNY,566352615.22,,,,,,,,,,,,,31419.31,,0.0,566384034.53,258808202.99,,,,,,51665881.15,78439860.77,60099248.49,,0.0,449013193.4,,0.0,117370841.13,,,,,,7293600.41,,0.0,7293600.41,79429902.16,,,,,,,0.0,79429902.16,,0.0,-72136301.75,,,19290000.0,,,,1500000.0,20790000.0,17980000.0,1823432.61,,,,,,0.0,19803432.61,,0.0,986567.39,,,0.0,46221106.77,,,,,217458611.23,,4837031.55,4837031.55,,,,,,,,,,-5434601.39,-68893.13,0.0,,,,-13622292.25,-116516380.3,30462311.12,,,255054.3,117370841.13,,,,,738374825.72,692153718.95,,,,0.0,46221106.77,46.216822096,,,,,,,,,,,,,-98.8543850555,,,36.8707554324,66.4599223356,,,,,,291.4911744993,16.4729818042,1053.4384280755,,,86.1338070176,,,-31.9896791587,,,,,,1017.8009609109,,,1017.8009609109,227.403434808,,,,,,,,46.3860752808,,,-34.5624100392,,,-5.9024390244,,,,-99.6278838998,-95.0920679887,-67.3090909091,-47.4549913972,,,,,,-100.0,-66.274078173,,,-99.7296196138,,,,-90.4472475281,,,,,51.9842149059,,56.0434045335,56.0434045335,,,,,,,,,,-315.2114393044,,,,,,-181.3440740948,-869.1239178759,845.7617206891,,,106.180724108,-31.9896791587,,,,,29.076699238,684.8235261895,,,,,-90.4472475281,,,,,,
000682.SZ,000682,东方电子,10005606,通用,1999-12-31 00:00:00,年报,1999年报,058001001,2000-04-05 00:00:00,2000-04-05 00:00:00,CNY,876521849.91,,,,,,,,,,,,61041368.54,8093152.2,,0.0,945656370.65,405054023.35,,,,,,36727476.55,157741041.96,32369055.43,,0.0,631891597.29,,0.0,313764773.36,,,599370.97,,,1346528.94,,0.0,1945899.91,40086917.56,30000000.0,,,,,,0.0,70086917.56,,0.0,-68141017.65,,,50500000.0,,,,403100000.0,453600000.0,91000000.0,3995488.62,,,,,,266822.69,95262311.31,,0.0,358337688.69,,,0.0,603961444.4,,,,,303614900.34,,6297026.99,6297026.99,,403980.69,,,,,,-12826.16,,1845410.65,90217.55,0.0,,,,4929959.43,-18328699.8,16981475.48,-1420991.76,,-635680.05,313764773.36,,,,,692153718.95,88192274.55,,,,0.0,603961444.4,166.4383733329,,,,,,,,,,,,109.5349367427,3999.3472014922,,,163.9238007972,149.0341651984,,,,,,12.5475083477,107.902996619,244.5042403026,,,125.2322598806,,,303.5275192424,,,204.5584197154,,,172.2188949493,,,181.4233560686,-14.7882829601,,,,,,,,48.9819360239,,,-47.0062794236,,,5.3400083438,,,,,846.1827284105,200.3300330033,-30.9010238839,,,,,,120.6927608426,162.8556378222,,,2963.0567271439,,,,1301.3079860431,,,,,119.9581921466,,34.9892689886,34.9892689886,,177.1367700347,,,,,,,,-61.3824734804,,,,,,-52.3530275046,85.7399306156,-57.8935365768,-560.6434789086,,-108.2774745669,303.5275192424,,,,,684.8235261895,95.5810718253,,,,,1301.3079860431,标准无保留意见,,,,,
000682.SZ,000682,东方电子,10005606,通用,1999-06-30 00:00:00,中报,1999中报,058001001,1999-08-24 00:00:00,1999-08-24 00:00:00,CNY,387337521.84,,,,,,,,,,,,23729293.93,2742571.59,,0.0,413809387.36,155477786.7,,,,,,13197202.01,67345971.19,5210442.71,,0.0,241231402.61,,0.0,172577984.75,,,,,,652495.45,,0.0,652495.45,24260558.6,30000000.0,,,,,,0.0,54260558.6,,0.0,-53608063.15,,,20500000.0,,,,403100000.0,423600000.0,55000000.0,3470229.92,,,,,,248498.99,58718728.91,,0.0,364881271.09,,,0.0,483851192.69,,,,,143079734.54,,3099798.78,3099798.78,,201630.34,,,,,,-12826.16,,2525238.16,,0.0,,,,16746508.46,15149233.77,-4084724.42,,,-4126608.72,172577984.75,,,,,572043467.24,88192274.55,,,,0.0,483851192.69,340.8236477071,,,,,,,,,,,,162.6704587595,45873.1056389969,,,327.0187638522,331.5758284402,,,,,,-51.8357649132,319.6777672269,-41.0424573293,,,173.162129975,,,1907.6778549616,,,,,,,,,1951.8724842767,-24.4720202171,,,,,,,,68.9239906021,,,-67.0580285983,,,-18.9723320158,,,,,1563.5969356285,1566.6666666667,41.255247819,,,,,,3245.0712832876,918.6906386903,,,1752.3056845727,,,,12879.7782028144,,,,,,,,,,,,,,,,,,,,,,,,,,,,,-148.0067081281,1907.6778549616,,,,,,,,,,100.0,12879.7782028144,标准无保留意见,,,,,
000682.SZ,000682,东方电子,10005606,通用,1998-12-31 00:00:00,年报,1998年报,058001001,1999-03-13 00:00:00,1999-03-13 00:00:00,CNY,328977331.21,,,,,,,,,,,,29131833.33,197425.39,,0.0,358306589.93,162649981.39,,,,,,32632865.08,75872423.45,9395836.58,,0.0,280551106.5,,0.0,77755483.43,,,196800.0,,,494649.33,,0.0,691449.33,47043903.06,,,,,,,0.0,47043903.06,,0.0,-46352453.73,,,47940000.0,,,,0.0,47940000.0,30300000.0,5782268.92,,,38132.95,,,120902.33,36241304.2,,0.0,11698695.8,-1889.46,,0.0,43099836.04,,,,,138033004.08,,4664835.24,4664835.24,,145769.43,,,,,,,,4778686.82,,0.0,,,,10346847.18,-128531631.27,40329854.61,308479.73,,7679637.61,77755483.43,,,,,88192274.55,45092438.51,,,,0.0,43099836.04,,,,,,,,,,,,,,,,,,,,,,,,,,,,,,,,,,,,,,,,,,,,,,,,,,,,,,,,,,,,,,,,,,,,,,,,,,,,,,,,,,,,,,,,,,,,,,,,,,,,,,,,,,,,,,,,,,,,,,,,,,,,
000682.SZ,000682,东方电子,10005606,通用,1998-06-30 00:00:00,中报,1998中报,058001001,1998-08-18 00:00:00,1998-08-18 00:00:00,CNY,87866774.81,,,,,,,,,,,,9033864.73,5965.6,,0.0,96906605.14,36025601.17,,,,,,27400418.56,16047066.69,8837618.52,,0.0,88310704.94,,0.0,8595900.2,,,31800.0,,,,,0.0,31800.0,32121286.27,,,,,,,0.0,32121286.27,,0.0,-32089486.27,,,25300000.0,,162898.55,,0.0,25462898.55,3300000.0,2456708.67,,,,,,7428.81,5764137.48,,0.0,19698761.07,8756.22,,0.0,-3786068.78,,,,,,,,,,,,,,,,,,,,0.0,,,,,,,,,8595900.2,8595900.2,,,,,,,,,,-3786068.78,-3786068.78,,,,,,,,,,,,,,,,,,,,,,,,,,,,,,,,,,,,,,,,,,,,,,,,,,,,,,,,,,,,,,,,,,,,,,,,,,,,,,,,,,,,,,,,,,,,,,,,,,,,,,,,,,,,,,,,,,,,,,,,,,,,
