SECUCODE,SECURITY_CODE,SECURITY_NAME_ABBR,ORG_CODE,ORG_TYPE,REPORT_DATE,REPORT_TYPE,REPORT_DATE_NAME,SECURITY_TYPE_CODE,NOTICE_DATE,UPDATE_DATE,CURRENCY,ACCEPT_DEPOSIT_INTERBANK,ACCOUNTS_PAYABLE,ACCOUNTS_RECE,ACCRUED_EXPENSE,ADVANCE_RECEIVABLES,AGENT_TRADE_SECURITY,AGENT_UNDERWRITE_SECURITY,AMORTIZE_COST_FINASSET,AMORTIZE_COST_FINLIAB,AMORTIZE_COST_NCFINASSET,AMORTIZE_COST_NCFINLIAB,APPOINT_FVTPL_FINASSET,APPOINT_FVTPL_FINLIAB,ASSET_BALANCE,ASSET_OTHER,ASSIGN_CASH_DIVIDEND,AVAILABLE_SALE_FINASSET,BOND_PAYABLE,BORROW_FUND,BUY_RESALE_FINASSET,CAPITAL_RESERVE,CIP,CONSUMPTIVE_BIOLOGICAL_ASSET,CONTRACT_ASSET,CONTRACT_LIAB,CONVERT_DIFF,CREDITOR_INVEST,CURRENT_ASSET_BALANCE,CURRENT_ASSET_OTHER,CURRENT_LIAB_BALANCE,CURRENT_LIAB_OTHER,DEFER_INCOME,DEFER_INCOME_1YEAR,DEFER_TAX_ASSET,DEFER_TAX_LIAB,DERIVE_FINASSET,DERIVE_FINLIAB,DEVELOP_EXPENSE,DIV_HOLDSALE_ASSET,DIV_HOLDSALE_LIAB,DIVIDEND_PAYABLE,DIVIDEND_RECE,EQUITY_BALANCE,EQUITY_OTHER,EXPORT_REFUND_RECE,FEE_COMMISSION_PAYABLE,FIN_FUND,FINANCE_RECE,FIXED_ASSET,FIXED_ASSET_DISPOSAL,FVTOCI_FINASSET,FVTOCI_NCFINASSET,FVTPL_FINASSET,FVTPL_FINLIAB,GENERAL_RISK_RESERVE,GOODWILL,HOLD_MATURITY_INVEST,HOLDSALE_ASSET,HOLDSALE_LIAB,INSURANCE_CONTRACT_RESERVE,INTANGIBLE_ASSET,INTEREST_PAYABLE,INTEREST_RECE,INTERNAL_PAYABLE,INTERNAL_RECE,INVENTORY,INVEST_REALESTATE,LEASE_LIAB,LEND_FUND,LIAB_BALANCE,LIAB_EQUITY_BALANCE,LIAB_EQUITY_OTHER,LIAB_OTHER,LOAN_ADVANCE,LOAN_PBC,LONG_EQUITY_INVEST,LONG_LOAN,LONG_PAYABLE,LONG_PREPAID_EXPENSE,LONG_RECE,LONG_STAFFSALARY_PAYABLE,MINORITY_EQUITY,MONETARYFUNDS,NONCURRENT_ASSET_1YEAR,NONCURRENT_ASSET_BALANCE,NONCURRENT_ASSET_OTHER,NONCURRENT_LIAB_1YEAR,NONCURRENT_LIAB_BALANCE,NONCURRENT_LIAB_OTHER,NOTE_ACCOUNTS_PAYABLE,NOTE_ACCOUNTS_RECE,NOTE_PAYABLE,NOTE_RECE,OIL_GAS_ASSET,OTHER_COMPRE_INCOME,OTHER_CREDITOR_INVEST,OTHER_CURRENT_ASSET,OTHER_CURRENT_LIAB,OTHER_EQUITY_INVEST,OTHER_EQUITY_OTHER,OTHER_EQUITY_TOOL,OTHER_NONCURRENT_ASSET,OTHER_NONCURRENT_FINASSET,OTHER_NONCURRENT_LIAB,OTHER_PAYABLE,OTHER_RECE,PARENT_EQUITY_BALANCE,PARENT_EQUITY_OTHER,PERPETUAL_BOND,PERPETUAL_BOND_PAYBALE,PREDICT_CURRENT_LIAB,PREDICT_LIAB,PREFERRED_SHARES,PREFERRED_SHARES_PAYBALE,PREMIUM_RECE,PREPAYMENT,PRODUCTIVE_BIOLOGY_ASSET,PROJECT_MATERIAL,RC_RESERVE_RECE,REINSURE_PAYABLE,REINSURE_RECE,SELL_REPO_FINASSET,SETTLE_EXCESS_RESERVE,SHARE_CAPITAL,SHORT_BOND_PAYABLE,SHORT_FIN_PAYABLE,SHORT_LOAN,SPECIAL_PAYABLE,SPECIAL_RESERVE,STAFF_SALARY_PAYABLE,SUBSIDY_RECE,SURPLUS_RESERVE,TAX_PAYABLE,TOTAL_ASSETS,TOTAL_CURRENT_ASSETS,TOTAL_CURRENT_LIAB,TOTAL_EQUITY,TOTAL_LIAB_EQUITY,TOTAL_LIABILITIES,TOTAL_NONCURRENT_ASSETS,TOTAL_NONCURRENT_LIAB,TOTAL_OTHER_PAYABLE,TOTAL_OTHER_RECE,TOTAL_PARENT_EQUITY,TRADE_FINASSET,TRADE_FINASSET_NOTFVTPL,TRADE_FINLIAB,TRADE_FINLIAB_NOTFVTPL,TREASURY_SHARES,UNASSIGN_RPOFIT,UNCONFIRM_INVEST_LOSS,USERIGHT_ASSET,ACCEPT_DEPOSIT_INTERBANK_YOY,ACCOUNTS_PAYABLE_YOY,ACCOUNTS_RECE_YOY,ACCRUED_EXPENSE_YOY,ADVANCE_RECEIVABLES_YOY,AGENT_TRADE_SECURITY_YOY,AGENT_UNDERWRITE_SECURITY_YOY,AMORTIZE_COST_FINASSET_YOY,AMORTIZE_COST_FINLIAB_YOY,AMORTIZE_COST_NCFINASSET_YOY,AMORTIZE_COST_NCFINLIAB_YOY,APPOINT_FVTPL_FINASSET_YOY,APPOINT_FVTPL_FINLIAB_YOY,ASSET_BALANCE_YOY,ASSET_OTHER_YOY,ASSIGN_CASH_DIVIDEND_YOY,AVAILABLE_SALE_FINASSET_YOY,BOND_PAYABLE_YOY,BORROW_FUND_YOY,BUY_RESALE_FINASSET_YOY,CAPITAL_RESERVE_YOY,CIP_YOY,CONSUMPTIVE_BIOLOGICAL_ASSET_YOY,CONTRACT_ASSET_YOY,CONTRACT_LIAB_YOY,CONVERT_DIFF_YOY,CREDITOR_INVEST_YOY,CURRENT_ASSET_BALANCE_YOY,CURRENT_ASSET_OTHER_YOY,CURRENT_LIAB_BALANCE_YOY,CURRENT_LIAB_OTHER_YOY,DEFER_INCOME_1YEAR_YOY,DEFER_INCOME_YOY,DEFER_TAX_ASSET_YOY,DEFER_TAX_LIAB_YOY,DERIVE_FINASSET_YOY,DERIVE_FINLIAB_YOY,DEVELOP_EXPENSE_YOY,DIV_HOLDSALE_ASSET_YOY,DIV_HOLDSALE_LIAB_YOY,DIVIDEND_PAYABLE_YOY,DIVIDEND_RECE_YOY,EQUITY_BALANCE_YOY,EQUITY_OTHER_YOY,EXPORT_REFUND_RECE_YOY,FEE_COMMISSION_PAYABLE_YOY,FIN_FUND_YOY,FINANCE_RECE_YOY,FIXED_ASSET_DISPOSAL_YOY,FIXED_ASSET_YOY,FVTOCI_FINASSET_YOY,FVTOCI_NCFINASSET_YOY,FVTPL_FINASSET_YOY,FVTPL_FINLIAB_YOY,GENERAL_RISK_RESERVE_YOY,GOODWILL_YOY,HOLD_MATURITY_INVEST_YOY,HOLDSALE_ASSET_YOY,HOLDSALE_LIAB_YOY,INSURANCE_CONTRACT_RESERVE_YOY,INTANGIBLE_ASSET_YOY,INTEREST_PAYABLE_YOY,INTEREST_RECE_YOY,INTERNAL_PAYABLE_YOY,INTERNAL_RECE_YOY,INVENTORY_YOY,INVEST_REALESTATE_YOY,LEASE_LIAB_YOY,LEND_FUND_YOY,LIAB_BALANCE_YOY,LIAB_EQUITY_BALANCE_YOY,LIAB_EQUITY_OTHER_YOY,LIAB_OTHER_YOY,LOAN_ADVANCE_YOY,LOAN_PBC_YOY,LONG_EQUITY_INVEST_YOY,LONG_LOAN_YOY,LONG_PAYABLE_YOY,LONG_PREPAID_EXPENSE_YOY,LONG_RECE_YOY,LONG_STAFFSALARY_PAYABLE_YOY,MINORITY_EQUITY_YOY,MONETARYFUNDS_YOY,NONCURRENT_ASSET_1YEAR_YOY,NONCURRENT_ASSET_BALANCE_YOY,NONCURRENT_ASSET_OTHER_YOY,NONCURRENT_LIAB_1YEAR_YOY,NONCURRENT_LIAB_BALANCE_YOY,NONCURRENT_LIAB_OTHER_YOY,NOTE_ACCOUNTS_PAYABLE_YOY,NOTE_ACCOUNTS_RECE_YOY,NOTE_PAYABLE_YOY,NOTE_RECE_YOY,OIL_GAS_ASSET_YOY,OTHER_COMPRE_INCOME_YOY,OTHER_CREDITOR_INVEST_YOY,OTHER_CURRENT_ASSET_YOY,OTHER_CURRENT_LIAB_YOY,OTHER_EQUITY_INVEST_YOY,OTHER_EQUITY_OTHER_YOY,OTHER_EQUITY_TOOL_YOY,OTHER_NONCURRENT_ASSET_YOY,OTHER_NONCURRENT_FINASSET_YOY,OTHER_NONCURRENT_LIAB_YOY,OTHER_PAYABLE_YOY,OTHER_RECE_YOY,PARENT_EQUITY_BALANCE_YOY,PARENT_EQUITY_OTHER_YOY,PERPETUAL_BOND_PAYBALE_YOY,PERPETUAL_BOND_YOY,PREDICT_CURRENT_LIAB_YOY,PREDICT_LIAB_YOY,PREFERRED_SHARES_PAYBALE_YOY,PREFERRED_SHARES_YOY,PREMIUM_RECE_YOY,PREPAYMENT_YOY,PRODUCTIVE_BIOLOGY_ASSET_YOY,PROJECT_MATERIAL_YOY,RC_RESERVE_RECE_YOY,REINSURE_PAYABLE_YOY,REINSURE_RECE_YOY,SELL_REPO_FINASSET_YOY,SETTLE_EXCESS_RESERVE_YOY,SHARE_CAPITAL_YOY,SHORT_BOND_PAYABLE_YOY,SHORT_FIN_PAYABLE_YOY,SHORT_LOAN_YOY,SPECIAL_PAYABLE_YOY,SPECIAL_RESERVE_YOY,STAFF_SALARY_PAYABLE_YOY,SUBSIDY_RECE_YOY,SURPLUS_RESERVE_YOY,TAX_PAYABLE_YOY,TOTAL_ASSETS_YOY,TOTAL_CURRENT_ASSETS_YOY,TOTAL_CURRENT_LIAB_YOY,TOTAL_EQUITY_YOY,TOTAL_LIAB_EQUITY_YOY,TOTAL_LIABILITIES_YOY,TOTAL_NONCURRENT_ASSETS_YOY,TOTAL_NONCURRENT_LIAB_YOY,TOTAL_OTHER_PAYABLE_YOY,TOTAL_OTHER_RECE_YOY,TOTAL_PARENT_EQUITY_YOY,TRADE_FINASSET_NOTFVTPL_YOY,TRADE_FINASSET_YOY,TRADE_FINLIAB_NOTFVTPL_YOY,TRADE_FINLIAB_YOY,TREASURY_SHARES_YOY,UNASSIGN_RPOFIT_YOY,UNCONFIRM_INVEST_LOSS_YOY,USERIGHT_ASSET_YOY,OPINION_TYPE,OSOPINION_TYPE,LISTING_STATE
002270.SZ,002270,华明装备,10120706,通用,2026-03-31 00:00:00,一季报,2026一季报,058001001,2026-04-27 00:00:00,2026-04-27 00:00:00,CNY,,234819086.67,823021171.94,,,,,,,,,,,0.0,,,,,,,1198874917.26,68611541.77,,48097699.38,65217597.32,,,0.0,,0.0,,20114426.66,,72222052.29,41461719.69,,,,,,190536136.62,,0.0,,,,,317246253.74,1286937336.8,,,,,,,99418923.61,,,,,151481684.3,,,,,434409431.88,3505541.3,90933615.87,,0.0,,,,,,20966915.54,392732475.0,,19419452.43,,,28185736.03,1011026186.57,,0.0,,77300482.62,0.0,,357400061.8,956926777.89,122580975.13,133905605.95,,-38664791.17,,71089103.29,5733523.48,58803622.03,,,70952099.33,,,,,0.0,,,,,2990405.07,,,,45570165.74,,,,,,,,227247078,,,380034333.35,,546329.64,33683296.72,,18997410.47,72560446.53,5013571873.28,3033524795.74,1315734152.94,3149605078.05,5013571873.28,1863966795.23,1980047077.54,548232642.29,323804411.12,149159177.25,3121419342.02,,,,,99636709.7,1814055107.52,,127727908.14,,-11.6418567905,3.3454677641,,,,,,,,,,,,,,,,,,-5.1996381789,13.1611778807,,-16.6343141405,1.9505631295,,,,,,,,-20.6938715125,-24.3665340358,55.2333227689,,,,,,,,,,,,,56.3052109978,,50.2996893774,,,,,,0.0,,,,,-0.1295352994,,,,,1.3420030216,-5.8929563312,754.4584558564,,,,,,,,-22.6095628569,78.292074085,,-32.0436223378,,,10.823610098,-12.1995252128,,,,-48.5110232027,,,-16.8945829893,-4.4458497124,-25.3910685807,-34.7028533777,,-111.5111491704,,9.7731188098,-5.0662206057,0.9164152885,,,145.8361066371,,,,,,,,,,159.742845638,,,,69.8389370332,,,,,,,,0.0,,,533.3043557886,,25.3934922587,3.8895260547,,0.0,4.7431981739,11.3568672315,-0.9331257049,55.5348260819,-6.6001642707,11.3568672315,64.9407769636,37.4881310179,92.9441187732,851.217063067,16.31700437,-6.7325731786,,,,,,-2.1392207183,,323.3921461694,,,0
002270.SZ,002270,华明装备,10120706,通用,2025-12-31 00:00:00,年报,2025年报,058001001,2026-02-27 00:00:00,2026-04-27 00:00:00,CNY,,221465363.88,536918296.38,,,,,,,,,,,0.0,,,,,,,1181386307.59,132148705.43,,43255338.13,67675745.31,,,0.0,,0.0,,20121157.61,,68204710.46,41731593.3,,,,,,,,0.0,,,,,577484604.19,1016394280.61,,,,,,,99418923.61,,,,,154017608.91,,,,,387087652.19,3560420.3,336424995.89,,0.0,,,,,,21140812.49,392718975.0,161016878.03,21880440.56,,,30182633.45,1292412414.14,,0.0,,105974508.37,0.0,,401333973.36,678781971.95,179868609.48,141863675.57,,-26189567.3,,99307455.07,6301124.99,58803622.03,,,4196190.53,,,,,0.0,,,,,3037897.84,,,,44970492.33,,,,,,,,227247078,,,220034333.35,,1201080.86,65877690.56,,18997410.47,69776909.47,5208442684.19,3273915500.22,1081018757.1,3172372429.42,5208442684.19,2036070254.77,1934527183.97,955051497.67,144044471.69,148138409.67,3142189795.97,,2477162.55,,,99636709.71,1839184196.06,,354761469.04,,-17.4793564446,5.9652943475,,,,,,,,,,,,,,,,,,-6.5825401819,128.1541405987,,-25.8829682863,24.3730271935,,,,,,,,-21.2265835487,-27.8678690807,60.6489165412,,,,,,,,,,,,,46.3072045335,,18.0295890774,,,,,,0.0,,,,,0.0679232456,,,,,0.9179447622,-5.8073994527,2901.159405989,,,,,,,,-22.2543718645,78.2859453842,,-26.0034589616,,,93.0651098482,11.2871986229,,,,-34.1679865732,,,-4.9845213964,-7.0006838858,16.7884839209,-36.4369797744,,5.735398035,,64.003533702,22.6794979569,0.9164152885,,,-79.8774077912,,,,,,,,,,179.1415822843,,,,25.6394674143,,,,,,,,0.0,,,83.3494665034,,383.7766922737,2.5490598891,,0.0,-4.777300367,16.8416318895,8.5908581037,8.9453331275,-0.2819858902,16.8416318895,59.5227703502,34.0828195192,236.1757872232,56.8819510916,136.8700260182,-0.7429668834,,,,,,9.3210884572,,880.6116575654,标准无保留意见,,0
002270.SZ,002270,华明装备,10120706,通用,2025-09-30 00:00:00,三季报,2025三季报,058001001,2025-10-27 00:00:00,2025-10-27 00:00:00,CNY,,229919937.33,1070530516.02,,,,,,,,,,,0.0,,,,,,,1158555527.22,95606323.73,,56076628.49,69435259.35,,,0.0,,0.0,,20225388.56,,79128448.18,53658908.61,,,,,,,,0.0,,,,,180193548.79,844717076.06,,,,,,,99418923.61,,18450775.37,,,119877259.44,,,,,407446649.39,3615299.3,7860748.89,,0.0,,,,,,18842795.68,340249741.67,,23190384.42,,,29724336.37,1023502543.84,,0.0,,49538888.87,0.0,,465930264.11,1244041280.94,236010326.78,173510764.92,,-22564301.14,,65400940.77,5726706.93,61819833.43,,,11151323.65,,,,,0.0,,,,,2025300.0,,,,53504023.76,,,,,,,,227247078,,,100017638.9,,2297678.28,38797426.93,,18997410.47,54820173.04,4555037571.08,3180619100.37,926765510.29,3204251973.06,4555037571.08,1350785598.02,1374418470.71,424020087.73,142499152.16,132002709.02,3174527636.69,,,,,99636709.71,1889630953.57,,17050803.21,,-12.0417725401,12.9855856792,,,,,,,,,,,,,,,,,,-8.3878713374,141.2093727275,,-35.453389129,15.6196147891,,,,,,,,-38.4744345246,-10.2742131187,102.8209451687,,,,,,,,,,,,,34.0290847374,,1.8979496543,,,,,,0.0,,,,,-23.1355259717,,,,,7.7470960181,-5.7243001871,-44.1676682105,,,,,,,,-87.7768975922,277.0305947126,,-35.7097258082,,,71.1275440835,8.9952045413,,,,-81.5615224886,,,7.0453285581,10.9780428347,35.7413170803,0.0138980259,,30.584602605,,3.3035281501,-57.9669050585,7.5625501264,,,-44.0467200994,,,,,,,,,,,,,,-44.3668133635,,,,,,,,0.0,,,-16.6571668704,,43.8279795845,6.1644730034,,0.0,-34.4315487347,3.3412719533,10.3266376218,-10.5193822885,3.0504816886,3.3412719533,4.0376750828,-9.8653890707,61.4419931953,694.2250765227,106.4395598621,2.6680540472,,,,,,17.2181383396,,-58.6119948044,,,0
002270.SZ,002270,华明装备,10120706,通用,2025-06-30 00:00:00,中报,2025中报,058001001,2025-08-08 00:00:00,2025-08-08 00:00:00,CNY,,255222758.86,882790707.01,,,,,,,,,,,0.0,,,,,,,1264631161.98,92416143.27,,58356427.03,66477088.8,,,0.0,,0.0,,25182952.47,,95538092.72,53864913.31,,,,,,194530560.84,,0.0,,,,,132900374.95,861391123.11,,,,,,,99418923.61,,,,,149527190.36,,,,,446340626.31,3670178.3,8411747.43,,0.0,,,,,,18925849.07,205231713.92,,25888623.2,,,27941449.11,1269141556.98,,0.0,,151845997.81,0.0,,465100256.87,997161878.35,209877498.01,114371171.34,,-15738655.74,,74058556.93,5703265.89,62396412.29,,,15726914.48,,,,,0.0,,,,,1364300.0,,,,37688837.86,,,,,,,,227247078,,,60014708.34,,2346530.39,38734083.39,,18997410.47,42685385.01,4554768953.72,3105979124.3,1068645216.63,3192068109.96,4554768953.72,1362700843.76,1448789829.42,294055627.13,238084430.52,90330865.89,3164126660.85,,,,,189682061.17,1856325196.92,,23890379.01,,4.066702638,7.7072997999,,,,,,,,,,,,,,,,,,0.0,286.3830807419,,-6.7662214609,44.2779195071,,,,,,,,-16.5110318865,11.8359946773,100.4400300384,,,,,,,,,,,,,-25.4875540061,,2.2645581916,,,,,,0.0,,,,,-5.0315480058,,,,,20.6441974355,-5.6435458017,-64.0782142427,,,,,,,,-86.6825457589,-31.7401833426,,-32.9689428291,,,63.2964714135,17.0333985825,,,,124.5369811519,,,14.4006008122,9.1895695249,30.1123453746,22.1666149266,,32.1305589343,,5.291526241,-37.9805216807,8.9554727863,,,-33.5462611383,,,,,,,,,,,,,,-37.7276278982,,,,,,,,0.0,,,499.6889881782,,62.5517796741,18.9135072939,,0.0,-31.2748991664,5.4726231693,10.9268943185,62.9415203009,0.3485441452,5.4726231693,19.8024921544,-4.5852997814,-38.943245384,997.031091139,49.104106979,0.0081085886,,,,,,10.8425564131,,-46.1022502958,,,0
002270.SZ,002270,华明装备,10120706,通用,2025-03-31 00:00:00,一季报,2025一季报,058001001,2025-04-19 00:00:00,2025-04-19 00:00:00,CNY,,265758285.7,796378583.16,,,,,,,,,,,0.0,,,,,,,1264631161.98,60631696.36,,57694840.37,63969825.49,,,0.0,,0.0,,25363016.76,,95489544.7,26709290.86,,,,,,,,0.0,,,,,202965884.32,856247502.66,,,,,,,99418923.61,,,,,151678161.06,,,,,428656844.08,3725057.3,10642251.27,,0.0,,,,,,27092385.46,220274780.59,,28576350.15,,,25432970.47,1151504236.19,,0.0,,150130158.78,0.0,,430056276.3,1001449727.73,164297990.6,205071144.57,,-18280261.5,,64760028.74,6039497.76,58269630.23,,,28861545.32,,,,,0.0,,,,,1151294.49,,,,26831400.7,,,,,,,,227247078,,,60008166.67,,435692.18,32422225.8,,18997410.47,69274614.29,4502256571.98,3062098019.47,845941829.29,3372174108.72,4502256571.98,1130082463.26,1440158552.51,284140633.97,34041064.2,128235057.34,3346741138.25,,,,,,1853710057.12,,30167755.66,,31.0273305798,18.8057939944,,,,,,,,,,,,,,,,,,0.0,203.7849691879,,12.6568836507,-58.7979100328,,,,,,,,-16.4130514497,10.9621433909,-6.694920465,,,,,,,,,,,,,-40.4450577164,,0.3919129041,,,,,,0.0,,,,,-4.9228741829,,,,,3.9928324971,-5.5650381869,-53.5467183369,,,,,,,,-81.0006859093,4.6392032919,,-23.1059099875,,,78.2676687367,-3.4128913557,,,,126.1373737657,,,13.6334479278,16.5615292611,-6.4536063742,8.595134076,,-26.4471868928,,-6.8239409034,-72.9042818198,-19.2322747575,,,,,,,,,,,,,,,,,-73.5154828927,,,,,,,,0.0,,,-0.0627305804,,-65.7433014195,19.1928137261,,0.0,85.3130741192,-3.2840009802,-2.33006601,9.6569311462,-3.4325132033,-3.2840009802,-2.8381116592,-5.2516086267,-27.4500548537,39.4104346255,118.2038660029,-3.7676687493,,,,,,-6.3821291174,,-34.7902868664,,,0
002270.SZ,002270,华明装备,10120706,通用,2024-12-31 00:00:00,年报,2024年报,058001001,2025-04-11 00:00:00,2026-02-27 00:00:00,CNY,,268375711.02,506692591.84,,,,,,,,,,,0.0,,,,,,,1264631161.98,57920800.86,,58360861.37,54413522.64,,,0.0,,0.0,,25543081.05,,94555241.32,25976890.6,,,,,,50188624.14,,0.0,,,,,394706881.34,861135151.41,,,,,,,99418923.61,,128180058.36,,,153913066.16,,,,,383566721.56,3779936.3,11209834.28,,0.0,,,,,,27192284.63,220274780.58,,29569545.08,,,15633396.15,1161330710.21,,0.0,,160977164.23,0.0,,422387993.26,729878455.36,154012282.24,223185863.52,,-27783034.94,,60552021.55,5136249.41,58269630.23,,,20853131.08,,,,,0.0,,,,,1088300.0,,,,35793284.75,,,,,,,,227247078,,,120008166.67,,248271.75,64240170.15,,18997410.47,73277600.55,4457694231.04,3014908950.34,992257975.69,3181343368.84,4457694231.04,1276350862.2,1442785280.7,284092886.51,91817108.78,62539955.84,3165709972.69,,,,,,1682369085.43,,36177570.02,,43.3239159471,18.9313848089,,,,,,,,,,,,,,,,,,0.0,151.9667794382,,35.0165342588,-34.6573250082,,,,,,,,-14.0060256211,8.0958668117,-13.4897771871,,,,,,,,,,,,,-31.2416863292,,-0.4636558324,,,,,,0.0,,,,,-4.6002427228,,,,,4.9506974551,-5.4886855623,-67.0523731307,,,,,,,,-80.3595359681,-0.057749877,,-6.7346149777,,,23.0451634033,10.1209393486,,,,144.5486251232,,,9.5615127928,10.7237023322,-22.3237909897,-4.2742127232,,-97.019192225,,-19.9142211384,-49.246773565,-19.2322747575,,,,,,,,,,,,,,,,,-63.2718467689,,,,,,,,0.0,,,99.8609399428,,268.5383956647,5.6449467816,,0.0,89.5349043951,-1.3380249,1.0519359409,33.9882982637,-5.3934824519,-1.3380249,10.4647154031,-5.9844438367,-31.5243974948,152.9802184612,8.4370263867,-5.501340417,,,,,,-9.2163868427,,-30.3789766189,标准无保留意见,,0
002270.SZ,002270,华明装备,10120706,通用,2024-09-30 00:00:00,三季报,2024三季报,058001001,2024-10-23 00:00:00,2024-10-23 00:00:00,CNY,,261396737.94,947493000.62,,,,,,,,,,,0.0,,,,,,,1264631161.98,39636239.11,,86877727.17,60054913.24,,,0.0,,0.0,,32873145.34,,88189193.91,26456295.51,,,,,,,,0.0,,,,,134443616.58,828983388.7,,,,,,,99418923.61,,,,,155959252.9,,,,,378150933.48,3834815.66,14079205.79,,0.0,,,,,,154157226.63,90244597.24,98992229.79,36071372.71,,,17369697.28,939034472.34,,0.0,,268671254.66,0.0,,435264453.28,1120979654.32,173867715.34,173486653.7,,-32506190.25,,63309493.82,13624280.91,57473380.24,,,19929705.05,,,,,0.0,,,,,,,,,96172854.72,,,,,,,,227247078,,,120007486.12,,1597518.29,36544642.32,,18997410.47,83607545.98,4407762247.34,2882911297.7,1035716486.98,3109400286.69,4407762247.34,1298361960.65,1524850949.64,262645473.67,17941910.47,63942545.27,3092030589.41,,,,,,1612063610.92,,41197451.12,,44.2396630276,11.8117035012,,,,,,,,,,,,,,,,,,0.0,277.4668576937,,82.6568879882,-48.2495187745,,,,,,,,16.3922984846,0.1122875879,-20.3153710884,,,,,,,,,,,,,-37.0967747586,,-5.5648851863,,,,,,0.0,,,,,-5.7376370378,,,,,14.6474224074,,-61.7253399689,,,,,,,,40.0380556556,-60.8119055391,-0.5103218191,62.2551251698,,,71.6726689449,-11.2844908928,,,,311.7349426708,,,23.7356407141,10.8169411164,1.9478310211,5.6819144545,,-1310.4807810787,,3.8456944335,-11.1390837574,-33.0007543309,,,,,,,,,,,,,,,,,-37.3230284534,,,,,,,,0.0,,,99.8884727211,,-24.0815972011,5.9405231784,,0.0,16.9104432635,-1.4540195476,-2.4395701105,38.2865316199,-5.6562015685,-1.4540195476,10.3130780838,0.4647499151,-38.6363959915,-48.0169872931,6.7541893931,-5.8943264534,,,,,,-8.924771097,,-29.4627951054,,,0
002270.SZ,002270,华明装备,10120706,通用,2024-06-30 00:00:00,中报,2024中报,058001001,2024-08-09 00:00:00,2024-08-09 00:00:00,CNY,,245249203.05,819620126.63,,,,,,,,,,,0.0,,,,,,,1264631161.98,23918268.65,,62591507.01,46075719.02,,,0.0,,0.0,,30163209.63,,85426962.04,26873331.29,,,,,,,,0.0,,,,,178359968.16,842316378.56,,,,,,,99418923.61,,,,,157449328.93,,,,,369964437.41,3889695.02,23416840.93,,0.0,,,,,,142113115.07,300662562.5,100494368.84,38621833.36,,,17110871.33,1084426815.21,,0.0,,67626275.65,0.0,,406554033.43,913239133.27,161304830.38,93619006.64,,-23189605.65,,70336673.4,9195926.9,57267809.22,,,23665958.83,,,,,0.0,,,,,,,,,60522566.57,,,,,,,,227247078,,,10007638.88,,1443558.72,32573325.16,,18997410.47,62110327.22,4318437161.09,2800023514.03,655845860.93,3180980986.97,4318437161.09,1137456174.12,1518413647.06,481610313.19,21702614.67,60582413.0,3163870115.64,,,,,,1674740512.12,,44325373.77,,32.5164282336,11.5688779444,,,,,,,,,,,,,,,,,,0.0,114.2087189469,,65.5214544792,37.2056652454,,,,,,,,6.1207974835,-5.5381980272,-16.2906712466,,,,,,,,,,,,,-1.0904720506,,-5.3463124951,,,,,,0.0,,,,,-23.8922313943,,,,,12.9711989486,,-50.2351678334,,,,,,,,35.0116055398,25.140932885,,64.9844062322,,,121.9618106275,-9.163017416,,,,9.7559895379,,,16.6591608602,1.8699096472,-1.2982497509,-42.1549086046,,-387.3670572187,,47.7484481667,142.4744806039,-34.6831165714,,,,,,,,,,,,,,,,,19.6984315347,,,,,,,,0.0,,,-90.0444810235,,-0.8885449106,-3.3675604442,,0.0,37.2300662279,-1.3839094468,-0.0219703499,-1.1526699376,-5.5445354795,-1.3839094468,12.4708129761,-3.800469794,38.4571156106,-40.5656904823,255.8316597186,-5.8370766225,,,,,,-8.961396307,,-31.0263136596,,,0
002270.SZ,002270,华明装备,10120706,通用,2024-03-31 00:00:00,一季报,2024一季报,058001001,2024-04-19 00:00:00,2024-04-19 00:00:00,CNY,,202826604.59,670319650.57,,,,,,,,,,,0.0,,,,,,,1264631161.98,19958754.55,,51212885.09,155258690.86,,,0.0,,0.0,,30343273.92,,86055966.28,28625762.92,,,,,,,,0.0,,,,,340804434.59,852904858.46,,,,,,,99418923.61,,,,,159531706.24,,,,,412198450.4,3944574.37,22909579.02,,0.0,,,,,,142596650.23,210508847.22,99260846.78,37163259.42,,,14266731.96,1192192469.94,,0.0,,66388919.39,0.0,,378459233.74,859159736.56,175632629.15,188840085.99,,-14456835.26,,69502863.04,22289491.35,72144696.48,,,,,,,,0.0,,,,,,,,,101309759.93,,,,,,,,227247078,,,60045833.77,,1271845.21,27201493.77,,18997410.47,37382475.37,4655131123.71,3135149062.13,771444012.2,3492038801.65,4655131123.71,1163092322.06,1519982061.58,391648309.86,24417873.95,58768462.58,3477772069.69,,50000000.0,,,,1980081409.29,,46262671.94,,16.5652410141,-9.2895157657,,,,,,,,,,,,,,,,,,0.0,-15.2423022466,,-1.9990956984,321.8681379847,,,,,,,,6.0822659801,0.6910009348,34.3063171709,,,,,,,,,,,,,-8.0328105824,,-3.8010901744,,,,,,0.0,,,,,-24.1345599309,,,,,25.3581347381,,-52.9504554945,,,,,,,,40.9788774325,-15.9161824497,,133.9008451939,,,98.4721654802,29.8990882688,,,,13.5584013566,,,17.2816103194,-13.7697512578,18.1199322164,-26.6325265294,,-356.385718863,,48.8353130378,293.7202158499,-24.0693632948,,,,,,,,,,,,,,,,,85.618978847,,,,,,,,0.0,,,-40.1872531609,,,0.4910984092,,0.0,-16.2487096947,4.8024995886,9.8331189091,20.844749164,1.0875059027,4.8024995886,17.8003673811,-4.2438724505,12.2311655296,-42.7666990517,230.5992042147,0.8844392952,-28.1892667343,,,,,2.0884181553,,-33.8885375111,,,0
002270.SZ,002270,华明装备,10120706,通用,2023-12-31 00:00:00,年报,2023年报,058001001,2024-04-11 00:00:00,2025-04-11 00:00:00,CNY,,187251171.06,426037746.6,,,,,,,,,,,0.0,,,,,,,1264631161.98,22987475.17,,43224973.66,83274097.13,,,0.0,,0.0,,29703338.21,,87473503.02,30027538.66,,,,,,,,0.0,,,,,574049682.53,865146453.4,,,,,,,99418923.61,,,,,161334861.38,,,,,365473246.83,3999453.74,34023191.79,,0.0,,,,,,138450316.58,220402062.5,100725777.31,31704737.05,,,12705412.97,1054595717.29,,0.0,,65826239.73,0.0,,385525886.32,659188990.24,198274715.26,233151243.64,,-14101689.6,,75608956.31,10120045.11,72144696.48,,,,,,,,0.0,,,,,,,,,97454627.04,,,,,,,,227247078,,,60045833.22,,67366.59,60807612.77,,18997410.47,38661797.3,4518148178.69,2983524187.11,740555696.69,3362710573.53,4518148178.69,1155437605.16,1534623991.58,414881908.47,36294185.11,57673986.39,3350005160.56,,56254006.82,,,,1853163833.12,,51963571.15,,0.048082578,-18.997519401,,,,,,,,,,,,,,,,,,0.0,-83.0625754927,,5.7661518637,162.7735482218,,,,,,,,238.1683349332,-9.8413005608,-12.3414209083,,,,,,,,,,,,,27.7368548912,,11.7496333876,,,,,,0.0,,,,,-24.4313913921,,,,,19.4177439127,,-42.2396870793,,,,,,,,94.5961012265,-15.3874267445,,132.4436752137,,,169.1650058334,4.1991884919,,,,-60.1759259664,,,26.3081894568,-16.2510385284,67.9366579206,-10.7195098482,,-1065.9034799531,,44.3457756886,186.9221959215,-24.0693632948,,,,,,,,,,,,,,,,,92.3753947648,,,,,,,,0.0,,,-40.1007369343,,,11.6286661748,,0.0,-19.0225905733,1.2372967325,3.324451156,-2.7936622863,0.7202759103,1.2372967325,2.7726620444,-2.5882236316,14.4733545402,-32.338318586,199.2058651963,0.4817862868,-66.8515586198,,,,,1.732357656,,-31.4099254996,标准无保留意见,,0
002270.SZ,002270,华明装备,10120706,通用,2023-09-30 00:00:00,三季报,2023三季报,058001001,2023-10-24 00:00:00,2023-10-24 00:00:00,CNY,,181223896.71,847400559.11,,,,,,,,,,,0.0,,,,,,,1264631161.98,10500587.88,,47563345.75,116047062.4,,,0.0,,0.0,,28243402.5,,88090279.46,33201253.33,,,,,,,,0.0,,,,,213730879.56,877833833.67,,,,,,,99418923.61,,,,,165452305.67,,,,,329838146.85,,36784665.83,,0.0,,,,,,110082381.47,230285750.0,99500000.0,22231268.61,,,10117916.49,1058478367.3,,0.0,,65253449.93,0.0,,351769668.6,1011559823.82,170545771.89,164159264.71,,2685394.99,,60964967.46,15332140.93,85782130.33,,,,,,,,0.0,,,,,,,,,153442089.41,,,,,,,,227247078,,,60037222.0,,2104256.98,34495433.12,,18997410.47,71514180.98,4472797598.75,2955000609.33,748964107.24,3295818419.85,4472797598.75,1176979178.9,1517796989.42,428015071.66,34514949.28,59896989.18,3285700503.36,,19526000.0,,,,1770035200.94,,58405278.72,,14.2316752484,-3.0859950565,,,,,,,,,,,,,,,,,,-0.7993002761,-59.0215144154,,-36.7865211377,117.8707982434,,,,,,,,294.2346479939,5.868331273,18.8745106004,,,,,,,,,,,,,52.5291151757,,12.068424161,,,,,,0.0,,,,,-23.587753428,,,,,-11.9853038326,,-31.4824272515,,,,,,,,88.5783049451,-39.45741893,,286.8855201949,,,309.2893316945,0.4614255165,,,,-29.6668694603,,,23.9269972026,-4.0129769368,36.2116986311,-8.5293500874,,-94.0425239295,,59.2309673251,138.2285454936,-37.9965946747,,,,,,,,,,,,,,,,,34.296117808,,,,,,,,0.0,,,20.0628379337,,,14.9864217941,,0.0,-9.3539095688,1.357136295,0.9269812754,19.6609421988,-0.6641228698,1.357136295,7.4812474688,2.2052120402,-8.767995915,12.511126463,116.0133858027,-0.895235514,-60.948,,,,,1.1888352949,,-21.6017774288,,,0
002270.SZ,002270,华明装备,10120706,通用,2023-06-30 00:00:00,中报,2023中报,058001001,2023-08-11 00:00:00,2023-08-11 00:00:00,CNY,,185070791.84,734631504.53,,,,,,,,,,,0.0,,,,,,,1264631161.98,11165870.73,,37814739.61,33581498.94,,,0.0,,0.0,,28423466.79,,90435456.72,32103149.9,,,,,,,,0.0,,,,,180326376.9,889892830.13,,,,,,,99418923.61,,,,,206876816.67,,,,,327485625.41,,47054998.3,,0.0,,,,,,105259925.25,240259166.66,,23409384.1,,,7708925.82,1193816421.86,,0.0,,61615111.79,0.0,,348497306.54,896475844.96,163426514.7,161844340.43,,8069681.29,,47605693.51,3792533.91,87676885.69,,,,,,,,0.0,,,,,,,,,50562539.37,,,,,,,,227247078,,,100523527.74,,1456500.38,33708478.55,,18997410.47,45259999.45,4379039096.83,2800638824.18,663493753.97,3367704561.21,4379039096.83,1011334535.62,1578400272.65,347840781.65,36515297.05,17025582.56,3359995635.39,,49526000.0,,,,1839593803.27,,64264179.75,,14.6048421215,-2.4733536363,,,,,,,,,,,,,,,,,,-0.7993002761,-55.6558771559,,-60.3505061889,-25.1241097102,,,,,,,,223.2134339366,15.1684458369,-33.2562213541,,,,,,,,,,,,,48.2164636602,,12.2809619591,,,,,,0.0,,,,,-6.0191961331,,,,,-16.6967669674,,-19.3781194464,,,,,,,,426.7959075046,118.1386915344,,280.7926674522,,,111.5994952899,22.384035345,,,,-57.3785367107,,,49.2345369547,-1.7135935151,126.8640175137,1.8893205354,,-61.3039185497,,40.997771619,-6.6068112589,-36.6270636998,,,,,,,,,,,,,,,,,-57.4061344086,,,,,,,,0.0,,,,,,25.8678288654,,0.0,-27.6081110276,4.3173028085,2.3148231264,21.5344331401,-1.7152629143,4.3173028085,31.1157781117,8.0702788347,54.3224327267,23.2299725596,-44.002358663,-1.8358719418,-12.5987600834,,,,,-2.1968769462,,-19.9128700848,,,0
002270.SZ,002270,华明装备,10120706,通用,2023-03-31 00:00:00,一季报,2023一季报,058001001,2023-04-21 00:00:00,2023-04-21 00:00:00,CNY,,174002646.78,738966015.04,,,,,,,,,,,0.0,,,,,,,1264631161.98,23548014.02,,52257563.8,36802658.67,,,0.0,,0.0,,28603531.08,,85465399.57,21313787.41,,,,,,,,0.0,,,,,370571762.33,886605534.31,,,,,,,99418923.61,,,,,210282450.21,,,,,328816674.93,,48692456.56,,0.0,,,,,,101147528.5,250355958.32,,15888467.35,,,7188278.48,917783554.78,,0.0,,58462358.22,0.0,,322692733.08,996355396.27,148690086.3,257389381.23,,-3167679.15,,46697831.06,5661251.43,95013949.06,,,,,,,,0.0,,,,,,,,,54579418.85,,,,,,,,227247078,,,100389694.41,,,27068560.5,,18997410.47,44635103.81,4441813069.33,2854466023.79,638376112.77,3454471223.19,4441813069.33,987341846.14,1587347045.54,348965733.37,42663752.65,17776347.26,3447282944.71,,69627474.51,,,,1939574973.41,,69976778.91,,40.1110763747,20.9248174391,,,,,,,,,,,,,,,,,,-0.7993002761,-4.9517052346,,-41.4284754324,-41.7161432252,,,,,,,,218.7453315702,4.5605559836,-55.8383149978,,,,,,,,,,,,,170.9210467189,,10.0819576926,,,,,,-4.0986411794,,,,,-6.0124556674,,,,,-16.7144023349,,-25.071030818,,,,,,,,407.1362370143,8.7585180963,,162.3113878642,,,228.0835927895,-21.7735850243,,,,-41.5097641287,,,40.1203630768,17.1822051582,40.1312322828,7.6194303918,,41.2738516782,,3.8792455392,62.8125813479,-31.3238273232,,,,,,,,,,,,,,,,,-65.0650006568,,,,,,,,0.0,,,-22.8422805849,,,2.725454035,,0.0,14.8325863579,1.4528074206,-1.2566736875,2.7685481604,1.4644717261,1.4528074206,1.4120179242,6.7186986606,-0.9790407353,47.2254710489,-48.7931986127,1.3185402666,,,,,,2.7998222312,,-16.4356121098,,,0
002270.SZ,002270,华明装备,10120706,通用,2022-12-31 00:00:00,年报,2022年报,058001001,2023-04-12 00:00:00,2024-04-11 00:00:00,CNY,,187161179.14,525956419.42,,,,,,,,,,,0.0,,,,,,,1264631161.98,135720015.52,,40868437.49,31690441.33,,,0.0,,0.0,,8783595.37,,97021700.14,34255105.4,,,,,,,,0.0,,,,,449400200.92,774182811.32,,,,,,,99418923.61,,,,,213494550.65,,,,,306046015.32,,58904098.8,,0.0,,,,,,71147528.5,260483819.39,,13639750.37,,,4720306.39,1012095902.62,,0.0,,165292580.75,0.0,,305226357.83,787101091.95,118065178.69,261144672.53,,1459948.11,,52380442.69,3527104.3,95013949.06,,,,,,,,0.0,,,,,,,,,50658571.57,,,,,,,,227247078,,,100244694.42,,,54473115.96,,18997410.47,47743929.54,4462928510.06,2887529673.5,761838902.8,3338662988.3,4462928510.06,1124265521.76,1575398836.56,362426618.96,53640678.67,19275687.11,3333942681.91,,169703323.83,,,,1821607083.35,,75759607.39,,33.4138854392,7.5670298022,,,,,,,,,,,,,,,,,,37.5893541478,430.7268311881,,-40.2770122927,-57.4693038808,,,,,,,,-4.0448233002,14.2155014382,-29.2734606776,,,,,,,,,,,,,44.7761906777,,-5.0974413969,,,,,,-4.0986411794,,,,,-6.0731500859,,,,,-20.843582691,,-23.1009760947,,,,,,,,243.2404699691,-3.5963322552,,111.9615637965,,,150.2735819039,32.8603904227,,,,154.6845852416,,,10.0910389462,1.3210689079,-13.7977040641,-9.2874783069,,233.3215704827,,23.3757300852,-26.0496005823,-31.3238273232,,,,,,,,,,,,,,,,,-47.9727413216,,,,,,,,151.7672521255,,,-68.9821344461,,,42.5225472182,,0.0,43.0359766876,8.9288918309,11.8068466722,-9.6146875603,17.152807139,8.9288918309,-9.8616471713,4.0212422283,-10.3763938363,101.1706053802,-84.953697233,17.0646477341,,,,,,0.0524333646,,-17.412067763,标准无保留意见,,0
002270.SZ,002270,华明装备,10120706,通用,2022-09-30 00:00:00,三季报,2022三季报,058001001,2022-10-25 00:00:00,2022-10-25 00:00:00,CNY,,158645924.01,874384006.32,,,,,,,,,,,0.0,,,,,,,1274820808.22,25624636.27,,75242411.28,53264165.43,,,0.0,,0.0,,7164109.66,,83207393.94,27929665.63,,,,,,,,0.0,,,,,140124643.95,783301666.14,,,,,,,99418923.61,,,,,216525901.4,,,,,374753491.42,,53686469.55,,0.0,,,,,,58374891.8,380369891.62,,5746213.66,,,2472069.44,1053616710.95,,0.0,,92777684.47,0.0,,283852329.63,1053850605.57,125206405.62,179466599.25,,45076051.64,,38287130.0,6435895.79,138350675.87,,,,,,,,0.0,,,,,,,,,114256533.93,,,,,,,,227247078,,,50004833.33,,,29999570.89,,18997410.47,78893839.37,4412908416.96,2927859896.32,625905239.82,3317853040.68,4412908416.96,1095055376.28,1485048520.64,469150136.46,30676920.91,27728369.22,3315380971.24,,50000000.0,,,,1749239622.91,,74498217.95,,15.7830631848,12.7853545747,,,,,,,,,,,,,,,,,,38.9488100178,-40.0375042806,,102.241873724,-51.4810099171,,,,,,,,-23.2464805702,-6.0965822186,-40.9650720996,,,,,,,,,,,,,9.5879382243,,-2.1132356821,,,,,,-4.3477195806,,,,,-6.1244292925,,,,,-14.7612577771,,74.849048897,,,,,,,,183.8870433814,32.4011846901,,1528.1495801848,,,-81.8381063226,10.1972615533,,,,40.0609788972,,,-36.39404315,3.2411276441,-59.5124811812,-26.8982555547,,683.542180854,,-26.2656187784,-50.6331877892,0.0,,,,,,,,,,,,,,,,,-32.3892471988,,,,,,,,151.7672521255,,,-84.5259033909,,,20.4807539439,,0.0,1.8351449319,0.1485102446,0.0921928071,-41.8013880558,12.2312212666,0.1485102446,-24.4840885126,0.2597292117,25.2287057868,109.891817577,-77.3904099388,12.666340544,,,,,,-8.4248357985,,33.535210019,,,0
002270.SZ,002270,华明装备,10120706,通用,2022-06-30 00:00:00,中报,2022中报,058001001,2022-08-22 00:00:00,2022-08-22 00:00:00,CNY,,161486014.39,753262346.16,,,,,,,,,,,0.0,,,,,,,1274820808.22,25180046.45,,95372565.89,44849548.78,,,0.0,,0.0,,8794023.95,,78524509.09,48099089.61,,,,,,,,0.0,,,,,121664201.43,792558965.12,,,,,,,99418923.61,,,,,220126672.85,,,,,393124748.57,,58365046.78,,0.0,,,,,,19981158.5,110140555.52,,6147540.67,,,3643168.34,975467444.34,,0.0,,144563576.74,0.0,,233523227.03,912105627.85,72037212.64,158843281.69,,20854001.2,,33763436.8,4060824.95,138350675.87,,,,,,,,0.0,,,,,,,,,118708501.02,,,,,,,,227247078,,,,,,26780853.26,,18997410.47,62520815.65,4197807054.95,2737275732.49,545930677.28,3426477661.81,4197807054.95,771329393.14,1460531322.46,225398715.86,29631830.87,30404106.59,3422834493.47,,56665100.0,,,,1880915195.58,,80242830.3,,-7.571796369,4.5445622429,,,,,,,,,,,,,,,,,,35.3535454598,-39.4816003642,,114.0957824137,19.5804149728,,,,,,,,-7.5673595698,-16.0304741775,-43.6867922014,,,,,,,,,,,,,44.9399238252,,17.2125264174,,,,,,-4.3477195806,,,,,9.4644493403,,,,,-7.1683961811,,96.7127720197,,,,,,,,-1.7511747243,-55.4402797893,,74.6566779561,,,-71.8235779067,109.3369117672,,,,157.0433953421,,,-44.337747679,-5.0552040179,-70.5755566766,-33.8570433009,,219.5797588019,,-20.7209625376,9.5621804749,0.0,,,,,,,,,,,,,,,,,-21.7239496864,,,,,,,,151.7672521255,,,,,,12.4416487267,,0.0,88.9221756939,0.5303089507,-3.4518318503,-39.9321312402,18.3570827438,0.5303089507,-39.7695003433,8.9523393594,-39.3719238646,149.7617173053,-74.3324531166,18.7616559823,,,,,,3.0934886186,,29.4489873846,,,0
002270.SZ,002270,华明装备,10120706,通用,2022-03-31 00:00:00,一季报,2022一季报,058001001,2022-04-26 00:00:00,2022-04-26 00:00:00,CNY,,124189072.9,611095415.06,,,,,,,,,,,0.0,,,,,,,1274820808.22,24774788.52,,89220084.65,63143828.68,,,0.0,,0.0,,8973788.24,,81737705.74,48263075.58,,,,,,,,0.0,,,,,136782197.92,805404948.18,,,,,,,103667898.8,,,,,223734380.66,,,,,394806165.95,,64984821.08,,0.0,,,,,,19944843.44,230194344.96,,6057101.63,,,2190989.93,1173239953.62,10583662.0,0.0,,99952337.94,0.0,,230296814.82,850261688.56,106107741.92,239166273.5,,-5393984.18,,44953956.7,3477158.45,138350675.87,,,,,,,,0.0,,,,,,,,,156231343.57,,,,,,,,227247078,,,130109722.23,,,26350392.66,,18997410.47,38869719.15,4378206165.27,2890793869.71,621178487.19,3404611648.22,4378206165.27,973594517.05,1487412295.56,352416029.86,28978513.26,34714816.74,3402420658.29,,,,,,1886749345.78,,83739952.72,,-33.5981416652,-20.2203762879,,,,,,,,,,,,,,,,,,35.3535454598,-33.473073706,,304.2894140372,81.7817324332,,,,,,,,-7.4941229833,0.4100193001,223.3671114072,,,,,,,,,,,,,-1.3616016527,,17.1632362901,,,,,,-0.2597235371,,,,,9.4183973033,,,,,0.3791851989,,,,,,,,,,-2.3208832394,-5.8597357478,,59.2860108715,,,-80.5795436841,108.6027875522,,,,192.2582980702,,,-43.3806195131,-18.8878606102,-51.7075377605,-15.2719590619,,-159.1146408035,,19.0342868174,50.9445247716,0.0,,,,,,,,,,,,,,,,,1.7716076608,,,,,,,,151.7672521255,,,10784.5932440739,,,-6.1582559466,,0.0,-39.8139770308,3.0320437204,6.7295278576,6.4993074469,28.0389325968,3.0320437204,-38.7799433618,-3.4674743872,-65.0050954143,153.5934629247,-70.3251594239,28.5017457345,,,,,,18.8477884436,,,,,0
002270.SZ,002270,华明装备,10120706,通用,2021-12-31 00:00:00,年报,2021年报,058001001,2022-04-22 00:00:00,2023-04-12 00:00:00,CNY,,140286131.78,488956904.72,,,,,,,,,,,0.0,,,,,,,919134456.16,25572480.52,,68429994.98,74511927.2,,,0.0,,0.0,,9153852.53,,84946175.36,48433170.53,,,,,,,,0.0,,,,,310410295.24,815766005.38,,,,,,,103667898.8,,,,,227298744.55,,,,,386634496.26,,76599280.21,,0.0,,,,,,20728187.59,270201150.52,,6435011.2,,,1886058.59,761773994.04,10583662.0,0.0,,64900897.16,0.0,,277249048.38,776838519.8,136962916.6,287881615.08,,-1095057.69,,42456034.63,4769554.09,138350675.87,,,,,,,,0.0,,,,,,,,,97369288.44,,,,,,,,90260777,,,323183728.57,,,38220700.53,,18997410.47,33378965.66,4097102646.55,2582605412.32,842879094.22,2849836098.54,4097102646.55,1247266548.01,1514497234.23,404387453.79,26664272.63,128109126.93,2847950039.95,,,,,,1820652454.01,,91732054.96,,-30.8054379712,-25.8475731855,,,,,,,,,,,,,,,,,,-2.4630781418,-59.467912649,,231.7656046461,130.3030941276,,,,,,,,-7.2944010408,8.9793802177,220.8169655246,,,,,,,,,,,,,22.6530324807,,22.2691494946,,,,,,-0.2597235371,,,,,9.3408123473,,,,,1.8341992407,,,,,,,,,,0.9431757072,64.4891476222,,60.1030202799,,,-83.143384046,71.787873818,,,,89.7687051462,,,-14.6268756362,-19.555462712,12.2571025956,-6.0094377862,,-112.3801517894,,-35.0870271193,80.7888967894,0.0,,,,,,,,,,,,,,,,,-52.8492825307,,,,,,,,0.0,,,14187.3715879933,,,21.8062536079,,0.0,-59.8152598968,-3.350981734,-4.1448194917,19.4919649954,8.8570789887,-3.350981734,-23.0649789153,-1.9665225947,-55.8437004164,-86.3077338101,-22.2675297493,9.2519649469,,,,,,17.7407019506,,,标准无保留意见,,0
002270.SZ,002270,华明装备,10120706,通用,2021-09-30 00:00:00,三季报,2021三季报,058001001,2021-10-26 00:00:00,2021-10-26 00:00:00,CNY,,137019974.81,775263782.8,,,,,,,,,,,0.0,,,,,,,917475153.66,42734439.19,,37204170.38,109780037.34,,,0.0,,0.0,,9333916.82,,88609547.88,47310408.64,,,,,,,,0.0,,,,,127865024.4,800212032.34,,,,,,,103937849.86,,,,,230652021.36,,,,,439651596.97,,30704467.59,,0.0,,,,,,20562717.87,287285867.2,,352929.1,,,13611297.83,956118778.36,,0.0,,66240922.49,0.0,,446266896.51,1020766267.88,309246921.7,245502485.08,,5752855.78,,51925749.38,13036887.54,138350675.87,,,,,,,,0.0,,,,,,,,,168991660.64,,,,,,,,90260777,,,323151874.99,,,24899886.42,,18997410.47,77472113.8,4406364514.24,2925163106.34,1075464205.95,2956265648.04,4406364514.24,1450098866.2,1481201407.9,374634660.25,14615586.86,122639858.33,2942654350.21,,,,,,1910168153.3,,55789194.43,,-16.6355271262,-12.2927133666,,,,,,,,,,,,,,,,,,-2.5874741623,-81.3567356983,,,239.0513506972,,,,,,,,-4.6748896497,-0.6154598451,264.134015064,,,,,,,,,,,,,-0.4517599017,,84.3288889538,,,,,,4.2622360861,,,,,11.5927564263,,,,,-4.1554992796,,,,,,,,,,2.4812565724,67.6588064931,,-91.792027756,,,39.2912233336,124.4898791426,,,,93.6869078655,,,18.4381485014,-7.3220560323,45.5754693816,12.879613722,,-72.1971470631,,-67.8028802166,,0.0,,,,,,,,,,,,,,,,,0.4539742798,,,,,,,,0.0,,,9068.0336217688,,,16.9598270275,,0.0,1.4794257315,8.4598267338,13.9216132687,93.3017018766,13.8362677041,8.4598267338,-1.0660593843,-0.921099985,-58.8023248505,23.4725768052,-0.8709142433,13.7401236187,,,,,,26.05220858,,,,,0
002270.SZ,002270,华明装备,10120706,通用,2021-06-30 00:00:00,中报,2021中报,058001001,2021-08-24 00:00:00,2021-08-24 00:00:00,CNY,,174715084.84,720517959.04,,,,,,,,,,,0.0,,,,,,,941845153.66,41607257.63,,44546681.31,37505764.46,,,0.0,,0.0,,9513981.11,,93515484.72,85413513.97,,,,,,,,0.0,,,,,83941124.17,676172580.99,,,,,,,103937849.86,,,,,201094212.94,,,,,423481586.44,,29670186.73,,0.0,,,,,,20337300.16,247175150.56,,3519785.64,,,12929847.26,465979666.99,543826247.06,0.0,,56240922.49,0.0,,419536072.1,960669427.34,244820987.26,240151468.3,,6525444.94,,42588101.32,3706411.22,138350675.87,,,,,,,,0.0,,,,,,,,,151653667.43,,,,,,,,90260777,,,323092222.22,,,23817556.54,,18997410.47,33093423.48,4175663139.57,2835139997.94,908856412.84,2895033894.36,4175663139.57,1280629245.21,1340523141.63,371772832.37,11864040.33,118453495.88,2882104047.1,,,,,,1824475261.03,,61987993.82,,4.0466090483,-22.317137644,,,,,,,,,,,,,,,,,,0.0,-78.0676116104,,,-1.421782174,,,,,,,,-4.5260277056,9.1950726921,548.2425885108,,,,,,,,,,,,,1.4355779043,,53.3512813203,,,,,,4.2622360861,,,,,-4.2613725284,,,,,-13.2353931699,,,,,,,,,,,44.2503633719,,-22.8632138231,,,53.743726131,-27.4111727908,,,,64.4471417836,,,16.2902730484,-14.0277600877,26.9513895537,26.4580379799,,-80.5074708705,,-42.2798623953,,0.0,,,,,,,,,,,,,,,,,-7.7695648298,,,,,,,,0.0,,,222.2276451374,,,16.403722104,,0.0,-54.5526651499,0.7501014969,5.3384397775,39.8078827431,11.5145931178,0.7501014969,-17.2971998937,-7.7484052521,-58.6181659317,-49.5484284802,-3.7345789338,11.3773484828,,,,,,21.3797652405,,,,,0
002270.SZ,002270,华明装备,10120706,通用,2021-03-31 00:00:00,一季报,2021一季报,058001001,2021-04-27 00:00:00,2021-04-27 00:00:00,CNY,,187026501.99,765979314.8,,,,,,,,,,,0.0,,,,737900879.64,,,941845153.66,37240242.26,,22068370.22,34736069.37,,,0.0,,0.0,,9700776.35,,81403933.9,14925165.2,,,,,,,,0.0,,,,,138670335.5,687421219.9,,,,,,,103937849.86,,,,,204476016.99,,,,,393314774.54,,,,0.0,,,,,,20418738.52,244522730.83,,3802657.62,,,11281866.37,562427744.8,,0.0,,34200000.0,0.0,,406745557.51,1048254546.06,219719055.52,282275231.26,,9124616.35,,37765553.02,2303600.25,138350675.87,,,,263789211.95,,,,0.0,,,,,,,,,153511718.21,,,,,,,,90260777,,,1195356.77,,,28079606.71,,18997410.47,64582634.36,4249363602.99,2708523056.12,583269978.07,2659044072.9,4249363602.99,1590319530.09,1540840546.87,1007049552.02,11427153.1,116984004.18,2647762206.53,,235526009.59,,,,1587534249.05,,,,20.0711991178,-12.8211896427,,,,,,,,,,,,,,,0.0890829362,,,0.0,-85.034878785,,,-19.2986059159,,,,,,,,-4.3158648042,-2.027389457,12.0832301434,,,,,,,,,,,,,-3.8651986921,,41.4478372187,,,,,,4.2622360861,,,,,19.3984107719,,,,,-15.7623652916,,,,,,,,,,,25.0738311782,,-21.0959726582,,,80.1080558324,-9.9562932697,,,,25.7352941176,,,8.8949951498,2.4389164738,0.9006164279,95.1206381835,,-72.8190617663,,6.2869384006,,0.0,,,,-7.2506934476,,,,,,,,,,,,,22.8968885575,,,,,,,,0.0,,,-98.7432482908,,,44.9533095856,,0.0,-19.3304742449,1.0356149964,0.7126276465,-11.3585723497,2.6025795663,1.0356149964,-1.480125781,1.6084190977,5.3177339942,-42.0012909933,-56.6477014446,2.4147932615,,,,,,5.7891724668,,,,,0
002270.SZ,002270,华明装备,10120706,通用,2020-12-31 00:00:00,年报,2020年报,058001001,2021-04-01 00:00:00,2022-06-01 00:00:00,CNY,,202741556.08,659394339.1,,,,,,,,,,,0.0,,,,726571411.02,,,942345153.66,63091940.71,,20626006.44,32353854.16,,,0.0,,0.0,,9874109.69,,77947016.39,15096823.34,,,,,,,,0.0,,,,,253080000.52,667188746.1,,,,,,,103937849.86,,,,,207880972.96,,,,,379670581.34,,,,0.0,,,,,,20534511.07,164266855.55,,4019294.07,,,11188832.89,443438746.35,,0.0,,34200000.0,0.0,,324749797.37,965682128.32,122008241.29,306287789.22,,8845268.69,,65404545.11,2638189.72,138350675.87,,,,261926594.29,,,,0.0,,,,,,,,,206506483.18,,,,,,,,90260777,,,2262023.68,,,31378274.43,,18997410.47,83063783.85,4239155989.43,2694278388.11,705385583.25,2617961206.58,4239155989.43,1621194782.85,1544877601.32,915809199.6,194739660.04,164807739.31,2606772373.69,,195062157.54,,,,1546323763.87,,,,28.0682728221,-16.0840943494,,,,,,,,,,,,,,,0.089090532,,,0.0530872828,-56.0533603687,,,,,,,,,,,-2.3493333311,0.3521222714,-9.0853338035,,,,,,,,,,,,,-9.8668846306,,27.8152176587,,,,,,4.2622360861,,,,,5.2435993454,,,,,-8.0319904545,,,,,,,,,,,9.18988312,,-20.3883687816,,,79.330241662,-0.8916881292,,,,25.7352941176,,,21.6635086038,-5.1624346633,12.3286897318,31.7544657019,,-67.0242587475,,65.4386674985,,0.0,,,,-6.4682273039,,,,,,,,,,,,,53.3925003575,,,,,,,,0.0,,,-97.818753337,,,32.8656066911,,0.0,57.0364556413,10.3295699919,13.2820250954,33.1450155311,8.6563433436,10.3295699919,13.1431280281,5.5327022136,1.4091616976,1037.7177512778,266.806994193,8.4728550919,,,,,,16.683469028,,,标准无保留意见,,0
002270.SZ,002270,华明装备,10120706,通用,2020-09-30 00:00:00,三季报,2020三季报,058001001,2020-10-27 00:00:00,2020-10-27 00:00:00,CNY,,164362551.68,883921749.9,,,,,,,,,,,0.0,,,,715223001.07,,,941845153.66,229221870.69,,,32378587.23,,,0.0,,0.0,,9791666.42,,89158281.3,12992581.49,,,,,,,,0.0,,,,,128445288.71,434121876.87,,,,,,,99688874.67,,,,,206690854.09,,,,,458713430.26,,,,0.0,,,,,,20064857.28,171351492.48,,4299833.01,,,9771827.33,425907297.92,,0.0,,34200000.0,0.0,,376793205.7,1101412293.13,212430654.02,217490543.23,,20691602.38,,161274516.88,,138350675.87,,,,273374467.22,,,,0.0,,,,,,,,,168227949.02,,,,,,,,90260777,,,3524767.56,,,21289264.06,,18997410.47,76342680.54,4062669697.1,2567698106.1,556365616.81,2596945338.83,4062669697.1,1465724358.27,1494971591.0,909358741.46,11837111.72,123717330.18,2587173511.5,,,,,,1515378567.99,,,,2.3346640313,-25.5383936421,,,,,,,,,,,,,,,2.5400548644,,,-0.0211912229,71.677440977,,,,,,,,,,,-14.9818059816,25.3380954867,-23.452741453,,,,,,,,,,,,,,,35.1000457245,,,,,,0.0,,,,,2.1698981833,,,,,2.9242218902,,,,,,,,,,,25.4403312445,,-19.5528059042,,,62.0115320294,0.329158697,,,,-37.1323529412,,,51.2689441149,-29.9161465296,140.101123238,-43.432493202,,1320.4296485473,,756.1443263407,,0.0,,,,6.6543996643,,,,,,,,,,,,,36.3994774632,,,,,,,,0.0,,,-98.3451795493,,,22.3461648381,,10.8775714599,171.8401416718,5.6366664859,-1.9176142357,-13.0972015723,10.8348112046,5.6366664859,-2.4679080926,21.7413088904,5.4211160108,-56.0491456303,264.1637350054,10.7027318032,,,,,,17.8228658071,,,,,0
002270.SZ,002270,华明装备,10120706,通用,2020-06-30 00:00:00,中报,2020中报,058001001,2020-08-20 00:00:00,2020-08-20 00:00:00,CNY,,167920018.19,927512114.24,,,,,,,,,,,0.0,,,,703903561.0,,,941845153.66,189706916.05,,,38046705.74,,,0.0,,0.0,,9964999.76,,85640755.04,13176165.14,,,,,,,,0.0,,,,,82753138.4,440930506.2,,,,,,,99688874.67,,,,,210045013.44,,,,,488081029.71,,,,0.0,,,,,,,171351492.49,,4563044.19,,,8409999.93,641944063.44,,0.0,,34200000.0,0.0,,360766262.82,1117418166.98,192846244.63,189906052.74,,33476645.83,,73783783.42,,138350675.87,,,,284190711.11,,,,0.0,,,,,,,,,164429092.36,,,,,,,,90260777,,,100268312.51,,,20461164.05,,18997410.47,72817082.87,4144574623.28,2691458126.71,650075228.24,2596103176.65,4144574623.28,1548471446.63,1453116496.57,898396218.39,23515700.25,123048852.4,2587693176.72,,,,,,1503113189.76,,,,-8.8875313564,-24.2033872682,,,,,,,,,,,,,,,0.9395597455,,,-0.0211912229,73.8363404406,,,,,,,,,,,-23.2210418995,29.238464269,-23.0499978679,,,,,,,,,,,,,,,34.5755083631,,,,,,0.0,,,,,10.7626031411,,,,,6.782370005,,,,,,,,,,,4.6101907753,,-18.6912609743,,,68.5120286161,15.7759944501,,,,25.7352941176,,,38.9032080659,-27.0276890073,155.6787330285,-38.2630547832,,33233.3258621232,,661.0407850797,,0.0,,,,10.8742524196,,,,,,,,,,,,,22.7670153926,,,,,,,,0.0,,,-67.9432409216,,,40.4054060818,,10.8775714599,188.6190768854,5.404053596,-1.1880509375,-11.6566638824,12.630255345,5.404053596,-4.8326842354,20.2647892386,0.8014392628,-50.0083664773,229.4843206888,12.5089975298,,,,,,20.205964639,,,,,0
002270.SZ,002270,华明装备,10120706,通用,2020-03-31 00:00:00,一季报,2020一季报,058001001,2020-04-30 00:00:00,2020-04-30 00:00:00,CNY,,155763000.09,878630152.97,,,,,,,,,,,0.0,,,,737244120.93,,,941845153.66,248846913.6,,,43042712.91,,,0.0,,0.0,,10138333.1,,83088460.59,13316144.78,,,,,,,,0.0,,,,,144245719.15,485989205.22,,,,,,,99688874.67,,,,,171255224.98,,,,,466910990.44,,,,0.0,,,,,,,195502711.1,,4819345.41,,,6263943.23,624616383.78,,0.0,,27200000.0,0.0,,373520892.26,1023297182.5,217757892.17,144667029.53,,33569909.44,,35531697.11,,138350675.87,,,,284410980.26,,,,0.0,,,,,,,,,124910988.4,,,,,,,,90260777,,,95114791.67,,,19371483.68,,18997410.47,80058279.45,4205807628.47,2689357947.87,658010586.62,2591595731.94,4205807628.47,1614211896.53,1516449680.6,956201309.91,19702426.65,269844986.49,2585331788.71,,,,,,1500658538.14,,,,,-29.8403450332,,,,,,,,,,,,,,,5.7426994059,,,-1.3092651281,168.303861921,,,,,,,,,,,12.6650125094,56.2840801147,-23.9244406564,,,,,,,,,,,,,,,44.424286424,,,,,,0.5292932382,,,,,-11.0675212904,,,,,-4.8850753181,,,,,,,,,,,,,-17.8403331208,,,-90.9754048935,24.887988828,,,,,,,-1.7838800996,-41.4651242183,,-70.8246784728,,522.0990632383,,505.2305486098,,0.0,,,,10.9601882943,,,,,,,,,,,,,62.9020086907,,,,,,,,0.0,,,-72.3730106263,,,41.1414037523,,10.8775714599,87.4584392828,3.5105242434,-6.4287300015,-31.6287488817,9.0255937898,3.5105242434,-4.264508329,27.5355008718,32.1252580742,-85.0162752398,415.3444256644,12.0334412948,,,,,,19.6829521771,,,,,0
002270.SZ,002270,华明装备,10120706,通用,2019-12-31 00:00:00,年报,2019年报,058001001,2020-04-29 00:00:00,2021-04-01 00:00:00,CNY,,158307402.46,785779923.35,,38331798.89,,,,,,,,,0.0,,,,725924680.86,,,941845153.66,143564880.59,,,,,,0.0,,0.0,,10111666.44,,77673510.66,16605487.29,,,,,,,,0.0,,,,,280784703.25,521994765.82,,,,,,,99688874.67,,,,,197523625.43,,,,,412828964.35,,,,0.0,,,,,,,150441461.11,,5048626.7,,,6239233.71,447428412.39,,0.0,,27200000.0,0.0,,266924570.15,1018248544.12,108617167.69,232468620.77,,26823562.88,,39534013.48,,138350675.87,,,,280040233.11,,,,0.0,,,,,,,,,134626192.74,,,,,,,,90260777,,,103703250.0,,,23616551.5,,18997410.47,52894586.49,3842266393.08,2378381200.23,529787450.5,2409395646.88,3842266393.08,1432870746.2,1463885192.85,903083295.7,17116693.47,44930369.9,2403156413.17,,,,,,1325229509.16,,,,-23.1153417206,-28.7664703004,,49.828639591,,,,,,,,,,,,,4.1408174888,,,-1.3092651281,66.0717269374,,,,,,,,,,,-3.3331648364,55.7687098976,-5.9370016746,,,,,,,,,,,,,,,51.7643837747,,,,,,0.0,,,,,-0.3176591754,,,,,-0.6322637036,,,,,,,,,,,,,-17.0237731024,,,-90.7358689779,-19.0742953887,,,,,,,-43.7916732015,-40.4058579925,-59.619158315,-61.6093604868,,5199.4395905409,,11.5402961531,,,,,,,,,,,,,,,,,,,42.1185271657,,,,,,,,0.0,,,-67.3178575391,,,37.0334014081,,10.8775714599,-21.5753629155,-5.1221860815,-16.8250974072,-45.7515458213,2.6178476913,-5.1221860815,-15.8011085423,22.9943000938,24.5332259891,-75.0832095122,-14.1562930978,5.3746934196,,,,,,8.7732384061,,,标准无保留意见,,0
002270.SZ,002270,华明装备,10120706,通用,2019-09-30 00:00:00,三季报,2019三季报,058001001,2019-10-25 00:00:00,2019-10-25 00:00:00,CNY,,160612782.81,1187083912.28,,51310600.85,,,,,,,,,0.0,,,,697505966.83,,,942044784.47,133518923.27,,,,,,0.0,,0.0,,11517142.34,,71134223.76,16973281.26,,,,,,,,0.0,,,,,,321333626.9,,,,,,,99688874.67,,,,,202301125.64,17630086.8,1350000.0,,,445680736.6,,,,0.0,,,,,,,136600000.0,,5344913.59,,,6031562.82,424509986.38,,0.0,,54400000.0,0.0,,249088276.45,1571563546.51,88475493.64,384479634.23,,1456714.34,,18837304.87,,138350675.87,,,,256318040.4,,,,0.0,,,,,,,,,123334745.96,,,,,,,,90260777,,,213000000.0,,,17400843.0,,17133681.97,28083667.14,3845889720.16,2617899316.06,640215996.35,2343077333.38,3845889720.16,1502812386.78,1227990404.1,862596390.43,26932608.91,33972995.74,2337045770.56,,,,,,1286149812.78,,,,,-4.7879777782,,61.6286196275,,,,,,,,,,,,,0.0847045309,,,-1.3757114976,210.8804385396,,,,,,,,,,,0.0,86.9284320728,-22.4143503155,,,,,,,,,,,,,,,-8.5616808097,,,,,,14.2007215909,,,,,4.7767945376,,,,,-39.2344716808,,,,,,,,,,,,,634.7653415057,,,84.9239742429,-40.7196699545,,,,-25.2480281419,,,-51.3225615802,11.4795313241,,135.9445437609,,153.1511192106,,141.9291925054,,,,,,,,,,,,,,,,,,,29.7102954165,,,,,,,,0.0,,,-58.5908145468,,,56.8911734126,,0.0,14.6908774415,-12.8959054738,-19.8223369124,-57.0198439068,6.9455915878,-12.8959054738,-32.4388653797,6.7671920622,17.3900335041,-91.517356145,-88.7866711719,6.8293305623,,,,,,14.0400702893,,,,,0
002270.SZ,002270,华明装备,10120706,通用,2019-06-30 00:00:00,中报,2019中报,058001001,2019-08-27 00:00:00,2019-08-27 00:00:00,CNY,,184299712.97,1223685440.3,,49300610.11,,,,,,,,,0.0,,,,697351526.77,,,942044784.47,109129607.52,,,,,,0.0,,0.0,,12978816.08,,66265686.09,17123021.15,,,15618654.64,,,32647274.77,,0.0,,,,,,327645432.34,,,,,,,99688874.67,,,,,189635316.87,6351829.12,925930.43,,,457080161.91,,,,0.0,,,,,,,163800000.0,,5611997.24,,,4990741.61,554470783.42,,0.0,,27200000.0,0.0,,259724932.09,1531290638.57,75425219.12,307605198.27,,100429.96,,9695115.54,,138350675.87,,,,256318040.4,,,,0.0,,,,,,,,,133935888.1,,,,,,,,90260777,,,312783685.54,,,14572917.54,,17133681.97,25229476.74,3932082763.31,2723818477.67,735850893.58,2304978505.73,3932082763.31,1627104257.58,1208264285.64,891253364.0,47039271.56,37345890.13,2299987764.12,,,,,,1250448090.72,,,,16.0954037621,11.5243889803,,22.5341224508,,,,,,,,,,,,,0.6662969336,,,-1.3757114976,163.2933684957,,,,,,,,,,,13.5622096738,93.1804933509,109.4540476473,,,,,,,,,,,,,,,-1.2360396643,,,,,,,,,,,15.7578961171,10.3466845428,7113.9143178132,,,-0.5913677356,,,,,,,,,,,,,1882.5785382518,,,-11.3780263028,-36.4449295256,,,,,,,-13.1997155115,18.8034394895,-46.3061715675,60.4683417642,,105.2611299201,,19.5557070367,,,,,,,,,,,,,,,,,,,71.898222472,,,,,,,,0.0,,,-4.2010151485,,,34.4646728183,,0.0,57.8007911519,8.7507791173,-1.1335401903,-0.7806023271,6.6279246981,8.7507791173,11.9069298413,40.3922948474,25.1163337353,9.4255191965,-21.9849389436,6.6749548817,,,,,,14.1544657308,,,,,0
002270.SZ,002270,华明装备,10120706,通用,2019-03-31 00:00:00,一季报,2019一季报,058001001,2019-04-30 00:00:00,2019-04-30 00:00:00,CNY,,,1252329637.86,,44454951.37,,,,,,,,,0.0,,,,697205693.7,,,954339994.41,92748166.88,,,,,,0.0,,0.0,,8998652.62,,53165018.81,17503840.78,,,14360765.51,,,,,0.0,,,,,,336501025.73,,,,,,,99164006.29,,,,,192567695.7,39001747.81,19136.43,,,490891405.32,,,,0.0,,,,,,,,,5865828.81,,,69409687.15,500141278.31,,0.0,,,0.0,,380305078.88,1748183743.17,,495854105.31,,-7953087.88,,5870770.6,5441837.2,138350675.87,,,,256318040.4,,,,0.0,,,,,,,,,76678605.38,,,,,,,,90260777,,,344282145.2,,,13724876.73,,17133681.97,42707215.4,4063169092.43,2874127868.43,962408286.9,2377052618.43,4063169092.43,1686116474.0,1189041224.0,723708187.1,131492182.12,52362065.65,2307642931.28,,,,,,1253861565.78,,,,,29.4377258783,,35.9554594356,,,,,,,,,,,,,,,,-0.0885048251,108.8171352484,,,,,,,,,,,-30.3244491277,97.1230565434,114.1123501879,,,,,,,,,,,,,,,3.5534389063,,,,,,,,,,,17.1324891999,88017.1404106301,-55.9385188528,,,3.5141640685,,,,,,,,,,,,,1770.5210292911,,,1258.8350252123,-4.7659709141,,,,,,,44.5180164888,27.1340737682,,21.6653296578,,-211.6565690871,,-15.3193564261,-6.9245575966,,,,,,,,,,,,,,,,,,68.6470189634,,,,,,,,0.0,,,-19.6712017086,,,14.3695365463,,0.0,-8.4384479587,33.9373350848,16.2400926728,19.6352851849,7.6518638351,33.9373350848,104.2435674996,111.929290851,3331.4981730817,747.3480933521,14.5503123276,4.7507629598,,,,,,9.7033589753,,,,,0
002270.SZ,002270,华明装备,10120706,通用,2018-12-31 00:00:00,年报,2018年报,058001001,2019-04-27 00:00:00,2020-04-29 00:00:00,CNY,,205902459.61,1103104011.08,,25583759.55,,,,,,,,,0.0,,,394668716.27,697060670.7,,,954339994.41,86447514.72,,,,,,0.0,,0.0,,10460326.36,,49864642.72,17653580.67,,,11347698.03,,,,,0.0,,,,,,343950769.5,,,,,,,99688874.67,,,,,198153076.86,28695531.35,617339.6,,,415455740.2,,,,0.0,,,,,,,,,6084425.49,,,67348288.74,552887879.74,,0.0,,,0.0,,474884390.54,1708638651.08,268981930.93,605534640.0,,506158.48,,35443704.96,5441837.2,,,,,,,,,0.0,,,,,,,,,94728108.59,,,,,,,,90260777,,,317308604.0,,,17234156.97,,17133681.97,67446389.88,4049699539.22,2859493820.96,976594556.51,2347930404.98,4049699539.22,1701769134.24,1190205718.26,725174577.73,68695418.37,52339736.39,2280582116.24,,,,,,1218341504.38,,,,-4.1144343558,21.940831843,,-11.5550195591,,,,,,,,,,,,,,,,-0.0885048251,123.8826563872,,,,,,,,,,,-27.2413850332,106.9226349192,115.9440144591,,,,,,,,,,,,,,,4.6035280086,,,,,,,,,,,20.929532489,4251.5479357538,253.6823921581,,,11.6314392712,,,,,,,,,,,,,2077.20340818,,,1436.7052385527,2.7697540893,,,,,,,34.1052336113,7.9725282154,92.9907712356,-10.6687396188,,144.3581567697,,403.0348716571,-6.9245575966,,,,,,,,,,,,,,,,,,28.3299034415,,,,,,,,0.0,,,-26.3308566955,,,-28.8052332239,,0.0,-27.7367946354,27.6399735339,9.2623746461,0.7507542526,7.6596425266,27.6399735339,71.5719320158,114.1957687567,3115.591411449,113.5476548002,20.0521188967,4.7820889574,,,,,,9.262300574,,,标准无保留意见,,0
002270.SZ,002270,华明装备,10120706,通用,2018-09-30 00:00:00,三季报,2018三季报,058001001,2018-10-26 00:00:00,2018-10-26 00:00:00,CNY,0.0,,1246779434.55,,31745987.17,,,,,,,,,0.0,0.0,,427384978.07,696915647.7,,,955185379.56,42948640.93,,,,,,0.0,0.0,0.0,0.0,11517142.34,,38054255.83,21876830.74,,,9249711.47,,,,,0.0,,,,,,351421187.25,,,,,,,87292683.69,,,,,193078177.79,,,,,733443366.54,,,,0.0,,,0.0,,,,,4502666.67,727431.37,,,3261644.6,716105976.56,,0.0,0.0,72774000.0,0.0,0.0,511711964.59,1409732825.25,,162953390.7,,-2740703.04,,7786288.49,5871284.4,,,,,,,317502530.7,302969762.69,0.0,0.0,,,,,,,,95084777.63,,,,,,,,90260777,,,514378628.0,,,11091027.38,,17133681.97,24486400.11,4415280063.56,3265122997.16,1489561822.35,2190905953.76,4415280063.56,2224374109.8,1150157066.4,734812287.45,317502530.7,302969762.69,2187644309.16,,,,,,1127805173.67,,,,,19.5578124377,,-17.2426948994,,,,,,,,,,,,,,,,0.0,36.934263912,,,,,,,,,,,-27.3962643087,24.1316007361,157.6682811562,,,,,,,,,,,,,,,5.1104968427,,,,,,,,,,,16.5695347888,,,,,31.18959346,,,,,,,,,,,,,102.8376725869,,,-38.2504903406,129.4065338805,,,,,,,83.2348987439,21.6331918069,,40.2620355961,,-2550.8113754472,,-72.9573100767,0.4205699146,,,,,,,1522.3016784222,1905.3487372328,,,,,,,,,,-54.6599752762,,,,,,,,0.0,,,26.3546478366,,,-40.0030915182,,0.0,-16.8680262401,55.1212163214,42.9567295971,86.5306394135,8.2769935005,55.1212163214,170.3043032429,104.527665063,2917.2976855866,1483.0134482951,1885.9218403058,8.3987691151,,,,,,18.0121709644,,,,,0
002270.SZ,002270,华明装备,10120706,通用,2018-06-30 00:00:00,中报,2018中报,058001001,2018-08-28 00:00:00,2018-08-28 00:00:00,CNY,0.0,158748500.8,1097235727.08,,40234188.75,,,,,,,,,0.0,0.0,,289034302.2,692735849.05,,,955185379.56,41447913.46,,,,,,0.0,0.0,0.0,0.0,11428816.08,,34302472.75,8175072.93,,,,,,,,0.0,,,,,,331745943.79,,,,,,,,,,,,163820631.88,5756248.27,12835.34,,,459799266.42,,,,0.0,,,0.0,,,,,,283065.57,,,5631494.54,872425723.52,,0.0,0.0,,0.0,0.0,299221291.29,1288927867.03,140472790.49,191692139.95,,-1908904.77,,8109287.11,5871284.4,,,,,,,37231230.25,47857267.72,0.0,0.0,,,,,,,,77915807.49,,,,,,,,90260777,,,326500000.0,,,10837729.52,,17133681.97,15988181.4,3615682384.28,2755048054.63,741640153.88,2161702492.34,3615682384.28,1453979891.94,860634329.65,712339738.06,42987478.52,47870103.06,2156070997.8,,,,,,1095400064.04,,,,-12.8396892445,2.566418881,,18.3237924531,,,,,,,,,,,,,,,,0.0,64.4705150208,,,,,,,,,,,-34.031626928,11.1673444272,-0.9573415518,,,,,,,,,,,,,,,-2.220662917,,,,,,,,,,,-1.3869487153,1407.614584112,-67.6065604883,,,-0.5917956288,,,,,,,,,,,,,-17.1173394633,,,-1.2387572519,157.9913428998,,,,,,,7.8531704943,10.4362802678,47.4006196118,96.9246133149,,-780.6969150803,,-64.1199598303,0.4205699146,,,,,,,64.4052538046,185.1440887725,,,,,,,,,,-61.1027777072,,,,,,,,0.0,,,-13.4161665567,,,-30.0900818356,,0.0,-54.5192060339,30.5601631576,24.8007523198,-3.4397164758,9.4132308503,30.5601631576,83.2044205884,53.1912449573,2684.8852157515,86.6762697634,184.5487900173,9.4440625127,,,,,,20.7503862799,,,,,0
002270.SZ,002270,华明装备,10120706,通用,2018-03-31 00:00:00,一季报,2018一季报,058001001,2018-04-28 00:00:00,2018-04-28 00:00:00,CNY,0.0,129753762.07,967515173.31,,32698173.03,,,,,,,,,0.0,0.0,,,,,,955185379.56,44415975.14,,,,,,0.0,0.0,0.0,0.0,12915079.26,,26970472.02,8175072.93,,,,,,,,0.0,,,,,,324953984.42,,,,,,,,,,,,164401607.97,44261.25,43431.2,,,474226314.57,,,,0.0,,,0.0,,,,,,313593.31,,,5108029.0,525170764.18,,0.0,0.0,,0.0,0.0,263154095.33,1375070971.42,133400333.26,407555798.11,,-2551875.58,,6932836.54,5846694.96,,,,,,,15473821.95,45667544.69,0.0,0.0,,,,,,,,45466920.11,,,,,,,,90260777,,,428591180.9,,,12000465.46,,17133681.97,46643175.49,3033634415.57,2472578782.71,804451868.37,2208092395.01,3033634415.57,825542020.56,561055632.86,21090152.19,15518083.2,45710975.89,2202984366.01,,,,,,1142956403.06,,,,-20.6177496582,46.9185040167,,17.0946962426,,,,,,,,,,,,,,,,0.0,250.8494454043,,,,,,,,,,,-31.2529050659,56.3805398137,-4.0332771592,,,,,,,,,,,,,,,-5.7851563629,,,,,,,,,,,-1.7976206843,69.5833333333,-82.8916584229,,,14.5840727293,,,,,,,,,,,,,-8.4144901648,,,-11.0705771509,34.0410344767,,,,,,,17.6873636648,78.7165903684,121.7794401663,267.5793229239,,-1239.8156481628,,-74.9943535699,0.0,,,,,,,-48.0138365672,345.3490692861,,,,,,,,,,-78.8126391566,,,,,,,,0.0,,,376.2124232222,,,-11.8156518212,,0.0,9.6891480432,27.9757890964,35.2682170602,85.6576907168,15.6146915076,27.9757890964,79.2305324733,3.4076043038,-22.7608911722,-47.9108105524,335.0035058336,15.6951891842,,,,,,35.8520825773,,,,,0
002270.SZ,002270,华明装备,10120706,通用,2017-12-31 00:00:00,年报,2017年报,058001001,2018-04-24 00:00:00,2019-04-27 00:00:00,CNY,0.0,214737701.37,904622343.81,,28926186.0,,,,,,,,,0.0,0.0,,,,,,955185379.56,38612868.06,,,,,,0.0,0.0,0.0,0.0,14376753.0,,24098205.95,8175072.93,,,,,,,,0.0,,,,,,328813737.02,,,,,,,,,,,,163858300.6,659432.73,174546.32,,,372167323.93,,,,0.0,,,0.0,,,,,,279460.59,,,4382641.97,537986963.81,,0.0,0.0,,0.0,0.0,354113242.08,1582475356.76,139375540.71,677853012.95,,-1141071.94,,7045973.74,5846694.96,,,,,,,31509226.97,43422965.22,0.0,0.0,,,,,,,,73816083.43,,,,,,,,90260777,,,430721180.9,,,24207055.87,,17133681.97,93334345.66,3172751785.43,2617089213.21,969317365.17,2180882594.33,3172751785.43,991869191.1,555662572.22,22551825.93,32168659.7,43597511.54,2176499952.36,,,,,,1115061185.77,,,,39.8909160887,57.7407339815,,-36.0261251224,,,,,,,,,,,,,,,,0.0,340.0131964982,,,,,,,,,,,-28.9968073646,29.3039846896,-5.2938167611,,,,,,,,,,,,,,,-6.7882104811,,,,,,,,,,,-2.6538124015,,-59.9915475062,,,-8.6324172588,,,,,,,,,,,,,-25.540434861,,,-31.8985231081,40.2256852932,,,,,,,68.7992342745,100.9044422187,147.6466608209,216.4745262593,,-249.1212847177,,-86.5551277434,0.0,,,,,,,3.7613408416,413.8285239682,,,,,,,,,,-14.4042680919,,,,,,,,0.0,,,,,,5.4636788533,,0.0,74.0027863262,39.4574724945,51.6102982924,163.5407018908,16.1043189527,39.4574724945,150.0390975838,1.2370531366,-21.9121616769,5.932883302,390.5684899582,16.2693451828,,,,,,37.8999689861,,,标准无保留意见,,0
002270.SZ,002270,华明装备,10120706,通用,2017-09-30 00:00:00,三季报,2017三季报,058001001,2017-10-25 00:00:00,2017-10-25 00:00:00,CNY,,172751107.28,1042825566.25,,38360344.3,,,,,,,,,0.0,,,,,,,955185379.56,31364422.39,,,,,,0.0,,0.0,,15863016.18,,30656380.49,8490308.02,,,,,,,,0.0,,,,,,334335007.26,,,,,,,,,,,,165633480.6,485728.33,147791.91,,,559071300.7,,,,0.0,,,,,,,,,358627.35,,,5282057.49,312155876.49,,0.0,,,0.0,,279265559.18,1159003397.27,106514451.9,116177831.02,,-103391.1,,28792581.33,5846694.96,,,,,,,19571115.22,15108083.55,0.0,,,,,,,,,209714878.21,,,,,,,,90260777,,,407091180.9,,,18485998.13,,17133681.97,29454852.33,2846341827.55,2283993909.46,798561473.35,2023427030.0,2846341827.55,822914797.55,562347918.09,24353324.2,20056843.55,15255875.46,2018144972.51,,,,,,955668525.08,,,,64.4566134852,73.8153971276,,-14.475172914,,,,,,,,,,,,,,,,0.0,438.2606646002,,,,,,,,,,,-27.0139100101,52.5348740394,-3.9495384614,,,,,,,,,,,,,,,-5.9892058807,,,,,,,,,,,-2.2218724178,,-82.3914568394,,,173.6487008118,,,,,,,,,,,,,-22.9504359435,,,-36.7323789822,-43.7236890206,,,,,,,78.239925614,60.9700208026,106.2794405066,-3.225784592,,-106.7672383614,,-28.018546675,0.0,,,,,,,-37.0905712877,68.8152678294,,,,,,,,,,1473.922102764,,,,,,,,0.0,,,,,,19.7445974697,,9.9569383143,38.379346247,35.958687221,48.1081740936,190.1616970266,13.1830081395,35.958687221,169.1143461042,1.9813397744,-20.3455773078,-35.5292452515,55.850371487,13.4172058507,,,,,,33.31626557,,,,,0
002270.SZ,002270,华明装备,10120706,通用,2017-06-30 00:00:00,中报,2017中报,058001001,2017-08-24 00:00:00,2017-08-24 00:00:00,CNY,,182133931.63,1069780673.88,,34003464.49,,,,,,,,,0.0,,,,,,,955185379.56,25200816.97,,,,,,0.0,,0.0,,17324689.92,,30856608.95,8254092.79,,,,,,,,0.0,,,,,,339280213.68,,,,,,,,,,,,166124696.22,381811.66,39623.27,,,462536537.43,,,,0.0,,,,,,,,,341525.68,,,5702130.09,338160852.11,,0.0,,,0.0,,277433931.63,1167123579.23,95300000.0,97342905.35,,280433.88,,22601109.34,5846694.96,,,,,,,22646010.02,16783538.43,0.0,,,,,,,,,200312009.18,,,,,,,,90260777,,,377091180.9,,,15502420.55,,17133681.97,35153698.97,2769361110.49,2207557248.99,768059213.18,1975723114.6,2769361110.49,793637995.89,561803861.5,25578782.71,23027821.68,16823161.7,1970020984.51,,,,,,907160712.1,,,,71.2077541057,83.4526640201,,6.1977271936,,,,,,,,,,,,,,,,0.0,338.2082757454,,,,,,,,,,,-25.3116524402,57.1370985287,-7.8376696867,,,,,,,,,,,,,,,-6.444161014,,,,,,,,,,,-2.4840105773,,-98.5674546786,,,135.4232946406,,,,,,,,,,,,,-15.030214004,,,-36.7057291782,-41.0947134134,,,,,,,92.0465379485,81.8122094859,150.262605042,65.543853078,,-80.8183447275,,-35.4254018857,0.0,,,,,,,-39.1857385837,80.4650507743,,,,,,,,,,2274.8909022686,,,,,,,,0.0,,,,,,12.3214310588,,9.9569383143,48.5469170505,36.6383764441,50.3800496882,198.8180421806,13.7043406602,36.6383764441,174.4400936574,0.5382960557,-20.4442231583,-38.1604103213,39.4250746816,13.9670639217,,,,,,36.1903439041,,,,,0
002270.SZ,002270,华明装备,10120706,通用,2017-03-31 00:00:00,一季报,2017一季报,058001001,2017-04-28 00:00:00,2017-04-28 00:00:00,CNY,,163454376.15,658538677.47,,27924555.15,,,,,,,,,0.0,,,,,,,955185379.56,12659554.04,,,,,,0.0,,0.0,,18786363.66,,17246693.26,8518653.85,,,,,,,,0.0,,,,,,344907417.85,,,,,,,,,,,,167411023.15,26100.0,253859.79,,,413867567.52,,,,0.0,,,,,,,,,342404.94,,,5743913.36,391798501.28,,0.0,,,0.0,,223604376.15,769414282.46,60150000.0,110875604.99,,223884.94,,27725084.25,5846694.96,,,,,,,29765270.08,10254325.84,0.0,,,,,,,,,214594542.69,,,,,,,,90260777,,,90000000.0,,,13608384.83,,17133681.97,42523053.85,2370475257.07,1827908163.83,433298435.02,1909871804.54,2370475257.07,460603452.53,542567093.24,27305017.51,29791370.08,10508185.63,1904127891.18,,,,,,841324167.71,,,,150.6257957806,89.6445545664,,-3.7632560261,,,,,,,,,,,,,,,,0.0,131.2285935808,,,,,,,,,,,-23.8112101597,-1.9640806396,-6.0998236427,,,,,,,,,,,,,,,-5.8749263199,,,,,,,,,,,-2.2966519698,-68.0977845684,-85.4313227302,,,131.6901781139,,,,,,,,,,,,,,,,119.2367944433,-10.5237613577,,,,,,,112.514323368,30.0865091629,50.375,-54.5991129588,,-81.5470832004,,-86.4755686585,0.0,,,,,,,-31.3938115983,22.9321996383,,,,,,,,,,763.2393172057,,,,,,,,0.0,,,80.0,,,19.3199660451,,9.9569383143,99.079585823,18.0065991863,26.2440401902,62.702088927,11.7719889513,18.0065991863,53.5121348004,-3.2596142968,-19.0475046563,-31.4628940951,4.2070143428,11.6069616245,,,,,,30.6688550597,,,,,0
002270.SZ,002270,华明装备,10120706,通用,2016-12-31 00:00:00,年报,2016年报,058001001,2017-04-28 00:00:00,2018-04-24 00:00:00,CNY,0.0,153503677.99,573486835.63,,45215622.87,,,,,,,,,0.0,0.0,,,,,,955185379.56,8775388.64,,,,,,0.0,0.0,0.0,0.0,20248037.4,,18636862.59,8632037.16,,,,,,,,0.0,,,,,,352759815.81,,,,,,,,,,,,168325339.33,,436273.61,,,407329725.45,,,,0.0,,,0.0,,,,,,375318.59,,,6435458.04,383657931.63,,0.0,0.0,,0.0,0.0,209783677.99,787675642.85,56280000.0,214188807.22,,765197.23,,52406401.53,5846694.96,,,,,,,30367019.85,8450867.01,0.0,0.0,,,,,,,,86238042.23,,,,,,,,90260777,,,,,,22952978.82,,17133681.97,53639569.59,2275067609.27,1726194884.31,367805564.08,1878381970.63,2275067609.27,396685638.64,548872724.96,28880074.56,30367019.85,8887140.62,1871946512.59,,,,,,808601476.83,,,,98.5088234426,114.4204128445,,37.1225889466,,,,,,,,,,,,,,,,0.0,86.3128382973,,,,,,,,,,,-22.4787015718,4.8761562435,-6.5533627026,,,,,,,,,,,,,,,-5.6592381082,,,,,,,,,,,-2.3942374661,,-76.2690746674,,,140.028924519,,,,,,,,,,,,,,,,72.4264802909,-36.0612650355,,,,,,,79.1669329943,25.2490191696,41.5492957746,-40.7382804491,,-37.8825041527,,9.1800031875,0.0,,,,,,,-41.4798015514,2.736473966,,,,,,,,,,1137.0569101055,,,,,,,,0.0,,,,,,36.4520482315,,9.9569383143,25.1260542325,11.9334077369,17.9366126784,15.8177456523,11.835783191,11.9334077369,12.3980024564,-3.512816166,-18.3180021027,-41.5719196359,-11.6954117682,11.7008420243,,,,,,31.7805603964,,,标准无保留意见,,0
002270.SZ,002270,华明装备,10120706,通用,2016-09-30 00:00:00,三季报,2016三季报,058001001,2016-10-14 00:00:00,2016-10-14 00:00:00,CNY,,105043575.7,599961558.92,,44852875.6,,,,,,,,,0.0,,,,,,,955185379.56,5826995.07,,,,,,0.0,,0.0,,21734300.58,,20097948.54,8839424.49,,,,,,,,0.0,,,,,,355634701.73,,,,,,,,,,,,169397271.86,,839319.35,,,204302559.83,,,,0.0,,,,,,,,,465450.2,,,8348753.13,554684326.42,,0.0,,,0.0,,156679575.7,720011957.19,51636000.0,120050398.27,,1527818.21,,40000000.0,5846694.96,,,,,,,31109987.2,8949476.99,0.0,,,,,,,,,13324349.27,,,,,,,,90260777,,,,,,15437855.67,,15582174.47,21285584.25,2093534356.45,1542111989.05,275212573.38,1787748058.0,2093534356.45,305786298.45,551422367.4,30573725.07,31109987.2,9788796.34,1779399304.87,,,,,,716843155.63,,,,336.0667850378,658.0432740357,,86.8421077198,,,,,,,,,,,,,,,,338.8079630925,26.9184873308,,,,,,,,,,,,189.9545614012,,,,,,,,,,,,,,,,30.7505373186,,,,,,,,,,,125.594420067,,-23.1451726108,,,109.8150889413,,,,,,,,,,,,,,,,,420.8548958842,,,,,,,159.8814124664,584.234360159,42.6408839779,360.2670892649,,,,-20.0,,,,,,,,196.1174907117,210.2553207304,,,,,,,,,,82.749246606,,,,,,,,-52.2808474755,,,,,,12.378739673,,-41.9054396145,277.8813675315,187.1903986,316.3771763718,130.0579236942,207.6418444656,187.1903986,106.8115616815,53.7680152647,8.3024981522,196.1174907117,146.1576909571,206.2051622663,,,,,,386.1139258359,,,,,0
002270.SZ,002270,华明装备,10120706,通用,2016-06-30 00:00:00,中报,2016中报,058001001,2016-08-26 00:00:00,2016-08-26 00:00:00,CNY,,106381823.99,583137170.34,,32019013.39,,,,,,,,,0.0,,,,,,,955185379.56,5750876.55,,,,,,0.0,,0.0,,23195974.32,,19636743.48,8956037.42,,,,,,,,0.0,,,,,,362649961.09,,,,,,,,,,,,170356366.38,,2765934.83,,,196470165.85,,,,0.0,,,,,,,,,401937.79,,,9008919.79,574075557.06,,0.0,,,0.0,,144461823.99,641939054.88,38080000.0,58801884.54,,1461989.99,,35000000.0,5846694.96,,,,,,,37237992.36,9300159.98,0.0,,,,,,,,,8434577.31,,,,,,,,90260777,,,,,,13801836.75,,15582174.47,23665047.83,2026781335.2,1467985449.91,257032409.28,1737596914.18,2026781335.2,289184421.02,558795885.29,32152011.74,37237992.36,12066094.81,1728587994.39,,,,,,666097673.37,,,,347.0985167573,608.9323865667,,77.3946971579,,,,,,,,,,,,,,,,338.8079630925,50.3981985659,,,,,,,,,,,-20.2631325863,189.3510288257,,,,,,,,,,,,,,,,30.8739246913,,,,,,,,,,,125.6074965701,,2.7164789007,,,109.9487768193,,,,,,,,,,,,,,,,,423.3209008191,,,,,,,132.8759054086,494.2986878236,-0.4184100418,128.2633046029,,,,-22.2222222222,7.1471834665,,,,,,,177.8705694143,315.1242453528,,,,,,,,,,93.9072339881,,,,,,,,-52.2808474755,,,,,,15.4958261535,,-41.9054396145,377.5365934856,178.0996504976,301.5521639009,121.8722451649,197.6055152827,178.0996504976,99.5232814503,53.845435059,10.5235185136,177.8705694143,144.5937014009,196.0625197846,,,,,,344.5218022845,,,,,0
002270.SZ,002270,华明装备,10120706,通用,2016-03-31 00:00:00,一季报,2016一季报,058001001,2016-04-27 00:00:00,2016-04-27 00:00:00,CNY,,65218496.62,347248925.22,,29016521.13,,,,,,,,,0.0,,,,,,,955185379.56,5474908.55,,,,,,0.0,,0.0,,24657648.06,,17592218.62,9072031.79,,,,,,,,0.0,,,,,,366435216.85,,,,,,,,,,,,171346250.18,81812.5,1742504.04,,,178629742.05,,,,0.0,,,,,,,,,,,,2619958.65,437879941.34,,0.0,,,0.0,,105218496.62,591463547.92,40000000.0,244214622.7,,1213276.7,,205000000.0,5846694.96,,,,,,,43385692.71,8341448.27,0.0,,,,,,,,,24859217.88,,,,,,,,90260777,,,50000000.0,,,11404951.98,,15582174.47,21359826.36,2008764995.7,1447916401.5,266313996.26,1708721319.59,2008764995.7,300043676.11,560848594.2,33729679.85,43467505.21,10083952.31,1706101360.94,,,,,,643859753.21,,,,113.1641063427,301.1706910963,,51.5613197876,,,,,,,,,,,,,,,,338.8079630925,43.5420050944,,,,,,,,,,,,151.0115545053,,,,,,,,,,,,,,,,30.3373242295,,,,,,,,,,,125.8909218068,,-24.9732859231,,,82.4390609215,,,,,,,,,,,,,,,,,325.3116432656,,,,,,,43.0659689802,419.0082845362,-6.868451688,791.2476679335,,,,310.0,,,,,,,,444.8814368729,262.6540121232,,,,,,,,,,799.3426426908,,,,,,,,-52.2808474755,,,,,,-4.4909347945,,-41.9054396145,177.9659980898,171.4422068374,289.0008592884,111.8054920998,192.6673739966,171.4422068374,92.1017250226,52.4791134164,10.7531545723,445.908921045,118.1434954526,192.2186311798,,,,,,328.6832857945,,,,,0
002270.SZ,002270,华明装备,10120706,通用,2015-12-31 00:00:00,年报,2015年报,058001001,2016-04-15 00:00:00,2017-04-26 00:00:00,CNY,,77328390.41,267459066.99,,32974598.29,,,,,,,,,0.0,,,,,,,955185379.56,4710028.96,,,,,,0.0,,0.0,,26119321.8,,17770352.44,9237397.31,,,,,,,,0.0,,,,,,373920889.27,,,,,,,,,,,,172454304.91,81812.5,1838418.03,,,169700266.86,,,,0.0,,,,,,,,,,,,3732291.02,600039916.09,,0.0,,,0.0,,117088390.41,628887673.59,39760000.0,361428606.6,,1231854.6,,48000000.0,5846694.96,,,,,,,51891518.92,8225770.93,0.0,,,,,,,,,6971226.75,,,,,,,,90260777,,,50000000.0,,,16821278.33,,15582174.47,42868425.7,2032518847.83,1463663272.25,317572719.11,1679589409.61,2032518847.83,352929438.22,568855575.58,35356719.11,51973331.42,10064188.96,1675857118.59,,,,,,613596932.96,,,,38.8347901436,137.3361983664,,135.7863509606,,,,,,,,,,,,,,,,1586.8742684521,-14.1037825784,,,,,,,,,,,15120.4184768091,83.9814031517,,,,,,,,,,,,,,,,328.3087753801,,,,,,,,,,,208.8185243828,6.25,-5.299015683,,,75.66465824,,,,,,,,,,,,,,,,,395.8905343773,,,,,,,110.2195846136,56.6771723001,-10.4907699235,25.1923303513,,551.1433804599,,-4.0,7.1471834665,,,,,,,33.7622303542,69.0808480163,,,,,,,,,,-26.3096222299,,,,,,,,179.6028675992,,,25.0,,,2503.0429689345,,0.0,57.2168885892,156.7575365729,131.1084739365,14.8681312062,226.1519904125,156.7575365729,27.5776986519,259.3820682024,20503.2937969007,-62.5743405168,106.8695589063,225.4272334343,,,,,,49.5506698722,,,标准无保留意见,,0
002270.SZ,002270,华明装备,10120706,通用,2015-09-30 00:00:00,三季报,2015三季报,058001001,2015-10-17 00:00:00,2015-10-17 00:00:00,CNY,,24088873.38,79146083.01,,24005764.09,,,,,,,,,0.0,,,,,,,217677312.15,4591131.83,,,,,,0.0,,0.0,,,,6931413.13,,,,,,,,,0.0,,,,,,271994830.02,,,,,,,,,,,,75089300.44,,1092084.1,,,97372672.7,,,,0.0,,,,,,,,,,,,,106494981.77,,0.0,,5456694.96,0.0,,60288873.38,105228851.27,36200000.0,26082768.26,,,,50000000.0,,,,,,,,10505960.7,2884552.3,0.0,,,,,503457.33,,,,7291055.65,,,,,,,,189150000,,,,27726477.89,,13737345.44,,26822088.62,5632874.78,728970873.21,370364197.79,119627513.35,581113424.64,728970873.21,147857448.57,358606675.42,28229935.22,10505960.7,3976636.4,581113424.64,,,,,,147464023.87,,,,-42.9051285549,-18.9878781697,,-27.1446488666,,,,,,,,,,,,,,,,0.0,7106.4429337841,,,,,,,,,,,,-17.3164088468,,,,,,,,,,,,,,,,-6.6790549927,,,,,,,,,,,-2.5366572993,,-16.0979230242,,,-10.6472238092,,,,,,,,,,,,,,,,,-32.8818549616,,,,-8.6495125001,,,-40.9979369869,-22.3240074903,-39.6566094349,-30.9521758529,,,,,,,,,,,,21.0282321975,36.4479918124,,,,,,,,,,145.6446592665,,,,,,,,0.0,,,,,,-9.9244074172,,7.3545477053,7.7623185696,-7.3087889123,-9.556705628,-29.739505899,-0.3244349511,-7.3087889123,-27.3234968928,-4.8667833239,-14.9269560581,21.0282321975,16.4240667323,-0.3244349511,,,,,,-2.4663674445,,,,,0
002270.SZ,002270,华明装备,10120706,通用,2015-06-30 00:00:00,中报,2015中报,058001001,2015-08-15 00:00:00,2015-08-15 00:00:00,CNY,,23793821.72,82255682.12,,18049588.8,,,,,,,,,0.0,,,,,,,217677312.15,3823766.91,,,,,,0.0,,0.0,,29090651.63,,6786477.85,,,,,,,,,0.0,,,,,,277098713.09,,,,,,,,,,,,75510064.59,,2692785.87,,,93580047.87,,,,0.0,,,,,,,,,,,,,109698572.36,,0.0,,,0.0,,62033821.72,108016232.92,38240000.0,25760550.8,,,,45000000.0,5456694.96,,,,,,,13401200.58,2240331.68,0.0,,,,,,,,,4349800.23,,,,,,,,189150000,,,,,363814.62,11950074.05,,26822088.62,4955651.18,728796793.37,365577770.93,115847031.29,583859110.45,728796793.37,144937682.92,363219022.44,29090651.63,13401200.58,4933117.55,583859110.45,,,,,,149845895.06,,,,-37.9641111784,-17.3412859344,,-51.9049018885,,,,,,,,,,,,,,,,0.0,1441.7906417442,,,,,,,,,,,,-17.4916218374,,,,,,,,,,,,,,,,-6.4783876852,,,,,,,,,,,-2.6362276395,,159.7133445213,,,-14.9063576184,,,,,,,,,,,,,,,,,-30.127712072,,,,,,,-33.827011516,-13.8519528307,-30.9622675573,-0.4308090906,,,,,,,,,,,,55.0345089377,-27.3266509356,,,,,,,,,,45.9898379492,,,,,,,,0.0,,,,,,-13.9004669008,,7.3545477053,-39.7206783415,-6.7768688675,-8.4809132546,-31.2514980607,0.8878407875,-6.7768688675,-28.6217437657,-4.9964580777,-15.7948308585,55.0345089377,19.7483097127,0.8878407875,,,,,,1.9990615157,,,,,0
002270.SZ,002270,华明装备,10120706,通用,2015-03-31 00:00:00,一季报,2015一季报,058001001,2015-04-08 00:00:00,2015-04-08 00:00:00,CNY,,30595440.17,86558896.98,,19145070.24,,,,,,,,,0.0,,,,,,,217677312.15,3814150.81,,,,,,0.0,,0.0,0.0,,,7008529.41,,,,,,,,,0.0,0.0,,,,,281143731.48,,,,,,,,,,,,75853535.33,,2322511.47,,,97912004.78,,,,0.0,,,,,,,,,,,0.0,,102955079.71,,0.0,0.0,5456694.93,0.0,0.0,73545440.17,113960328.87,42950000.0,27401431.89,,0.0,,50000000.0,,,0.0,0.0,,,30454825.4,7962409.76,2300111.95,0.0,0.0,0.0,0.0,,,0.0,0.0,,2764154.25,,,,,,,,189150000,,,,,,11941224.59,,26822088.62,7684330.64,740034138.06,372214191.03,125735170.33,583844142.33,740034138.06,156189995.73,367819947.03,30454825.4,7962409.76,4622623.42,583844142.33,,,,,,150194741.56,,,,-33.7439817787,-13.5514484064,,-51.2510550282,,,,,,,,,,,,,,,,0.0,1355.0279145262,,,,,,,,,,,,-13.5329978995,,,,,,,,,,,,,,,,-6.6992812699,,,,,,,,,,,-2.5061312492,,39.2562212357,,,-14.3221628892,,,,,,,,,,,,,,,,,-28.0736535163,,,,-23.9900000462,,,-25.0512201197,-17.4210783226,-17.3243503369,-27.6512144309,,,,,,,,,,,-14.7861681383,-14.7807630951,-33.0472413341,,,,,,,,,,-28.0847282073,,,,,,,,0.0,,,,,,4.4460085501,,7.3545477053,18.1045548529,-6.5459019874,-7.95148974,-26.8394774477,-0.0725058836,-6.5459019874,-24.7644580487,-5.0791370232,-14.7861681383,-14.7807630951,-9.4175605893,-0.0725058836,,,,,,-1.4831385048,,,,,0
002270.SZ,002270,华明装备,10120706,通用,2014-12-31 00:00:00,年报,2014年报,058001001,2015-02-07 00:00:00,2016-04-15 00:00:00,CNY,,55698136.13,112692066.71,,13984947.88,,,,,,,,,0.0,,,,,,,56624574.66,5483395.08,,,,,,0.0,,0.0,0.0,171607.12,,9658776.45,,,,,,,100000000.0,,0.0,0.0,,,,,87301711.0,,,,,,,,,,,,55843251.39,77000.0,1941287.14,,,96604671.97,,,,0.0,,,,,,,,,,,0.0,,121002494.4,,0.0,0.0,,0.0,0.0,55698136.13,401390747.84,44420000.0,288698681.13,,189183.31,,50000000.0,5456694.96,,0.0,0.0,,,,38793849.94,4864992.71,0.0,0.0,0.0,0.0,,,0.0,0.0,,9460158.79,,,,,,,,32281778,,,40000000.0,,,646215.93,,15582174.47,27267061.5,791610199.63,633323065.71,276467211.38,514971381.13,791610199.63,276638818.5,158287133.92,171607.12,138870849.94,4864992.71,514971381.13,,,,,,410293670.69,,,,27.9742562627,16.1532356725,,-59.105099532,,,,,,,,,,,,,,,,-73.9869193988,32.6931481312,,,,,,,,,,,-99.5396272979,7.107186977,,,,,,,,,,,,,,,,-71.1724578294,,,,,,,,,,,-28.7623885377,,2.7214224456,,,-14.734327148,,,,,,,,,,,,,,,,,-22.4706610087,,,,,,,-51.1260899589,188.1530563819,-36.9392390687,582.8645936261,,,,,-27.4699894792,,,,,,,278.6836478908,66.7241226613,,,,,,,,,,136.7027586443,,,,,,,,-82.9332392281,,,,,,-96.0676513278,,-37.6328474568,160.2345177181,-2.4937124493,51.7036511151,43.3667202952,-11.4774999575,-2.4937124493,20.2177028428,-59.8644827881,-99.5396272979,1255.5787869034,1.1886165169,-11.4774999575,,,,,,173.659068501,,,标准无保留意见,,0
002270.SZ,002270,华明装备,10120706,通用,2014-09-30 00:00:00,三季报,2014三季报,058001001,2014-10-18 00:00:00,2014-10-18 00:00:00,CNY,,42190958.26,97696593.08,,32949898.28,,,,,,,,,0.0,,,,,,,217677312.15,63708.71,,,,,,0.0,,0.0,0.0,,,8383057.67,,,,,,,,,0.0,0.0,,,,,291461718.48,,,,,,,,,,,,77043633.39,,1301617.48,,,108975542.62,,,,0.0,,,,,,,,,,,,,158667945.47,,0.0,0.0,5973361.62,0.0,0.0,102180958.26,135471524.56,59990000.0,37774931.48,,,,,,,,,,,33183172.85,8680586.76,2114030.6,0.0,0.0,,,,,,,,2968131.15,,,,,,,,189150000,,,,,,15250907.65,,24984585.37,5227128.42,786450910.13,409498791.88,170262840.99,583004896.29,786450910.13,203446013.84,376952118.25,33183172.85,8680586.76,3415648.08,583004896.29,,,,,,151192998.77,,,,-6.9147113887,8.2913524403,,-26.5595160487,,,,,,,,,,,,,,,,0.0,-99.7906054064,,,,,,,,,,,,-1.3513416415,,,,,,,,,,,,,,,,4.228892191,,,,,,,,,,,-2.2777827816,,0.1106201344,,,-17.5818843423,,,,,,,,,,,,,,,,,6.0560779271,,,,9.4684913969,,,-20.1867491797,1.3290459057,-27.4607013301,-13.117596509,,,,,,,,,,,-4.4810042701,-16.4930886329,-23.0106395644,,,,,,,,,,-43.869682425,,,,,,,,0.0,,,,,,8.7899382678,,8.0211729578,-32.0597352162,-4.354698272,-3.6153748401,-19.0978649591,1.0297535061,-4.354698272,-17.0269114933,-5.1451090865,-4.4810042701,-16.4930886329,-15.5807363983,1.0297535061,,,,,,2.8064626791,,,,,0
002270.SZ,002270,华明装备,10120706,通用,2014-06-30 00:00:00,中报,2014中报,058001001,2014-08-16 00:00:00,2014-08-16 00:00:00,CNY,,38354929.98,99512414.45,,37528957.23,,,,,,,,,0.0,,,,,,,217677312.15,248008.18,,,,,,0.0,,0.0,0.0,,,8225198.46,,,,,,,,,0.0,0.0,,,,,296293772.35,,,,,,,,,,,,77554579.86,,1036830.0,,,109973019.43,,,,0.0,,,,,,,,,,,,,156998683.76,,0.0,0.0,6490028.28,0.0,0.0,93744929.98,125384424.22,55390000.0,25872009.77,,,,,,,,,,,34547346.59,8644011.37,3082741.76,0.0,0.0,,,,,,,,2979522.61,,,,,,,,189150000,,,,,,13879371.49,,24984585.37,8221146.23,781776780.63,399455221.78,168508444.58,578720989.46,781776780.63,203055791.17,382321558.85,34547346.59,8644011.37,4119571.76,578720989.46,,,,,,146909091.94,,,,-27.9356055656,15.8750345166,,-31.0380637521,,,,,,,,,,,,,,,,0.0,-99.214910089,,,,,,,,,,,,0.2773346913,,,,,,,,,,,,,,,,3.9361076517,,,,,,,,,,,-2.2636754931,,24.7311524748,,,-28.2325477919,,,,,,,,,,,,,,,,,14.4961019514,,,,18.9369822439,,,-23.9287956649,8.1283027914,-20.8827310384,-13.9889015685,,,,,,,,,,,-4.311691692,-25.5123411101,-12.159923932,,,,,,,,,,-62.3348862813,,,,,,,,0.0,,,,,,20.8432757549,,8.0211729578,-0.1525685581,-4.9838367462,-4.5659772524,-21.4168873572,1.131594307,-4.9838367462,-18.9519197353,-5.4165314645,-4.311691692,-25.5123411101,-5.0952903862,1.131594307,,,,,,3.276319715,,,,,0
002270.SZ,002270,华明装备,10120706,通用,2014-03-31 00:00:00,一季报,2014一季报,058001001,2014-04-16 00:00:00,2014-04-16 00:00:00,CNY,,46177601.66,100127642.84,,39272788.88,,,,,,,,,0.0,,,,,,,217677312.15,262135.92,,,,,,0.0,,0.0,,,,8105438.19,,,,,,,,,0.0,,,,,,301330724.25,,,,,,,,,,,,77803390.41,,1667797.28,,,114279267.64,,,,0.0,,,,,,,,,,,,,143139593.13,,0.0,,7178917.16,0.0,,98127601.66,138001715.88,51950000.0,37874073.04,,,,,,,,,,,35739298.11,9343441.75,3435425.21,0.0,,,,,,,,,3843626.23,,,,,,,,189150000,,,,,,11432916.16,,24984585.37,6506379.58,791869114.14,404367425.37,171862045.19,584267770.84,791869114.14,207601343.3,387501688.77,35739298.11,9343441.75,5103222.49,584267770.84,,,,,,152455873.32,,,,-7.3355044255,30.107415496,,-33.5047079942,,,,,,,,,,,,,,,,0.0,-99.1687466223,,,,,,,,,,,,0.6342230524,,,,,,,,,,,,,,,,3.8059210445,,,,,,,,,,,-2.5779840567,,235.8022253347,,,-26.7420139736,,,,,,,,,,,,,,,,,2.5747812536,,,,31.5616367067,,,-18.058411843,26.7100438007,-25.7008009153,18.5277858663,,,,,,,,,,,-4.6143569066,-21.6427960966,28.5816383848,,,,,,,,,,-39.4739319377,,,,,,,,0.0,,,,,,13.9637469881,,8.0211729578,54.4928744913,-3.8651777451,-2.3202100439,-18.3314567286,1.4705837199,-3.8651777451,-16.258276582,-5.4261257297,-4.6143569066,-21.6427960966,61.0639036338,1.4705837199,,,,,,4.5627548279,,,,,0
002270.SZ,002270,华明装备,10120706,通用,2013-12-31 00:00:00,年报,2013年报,058001001,2014-02-28 00:00:00,2015-02-07 00:00:00,CNY,,43522922.31,97020170.0,,34197290.42,,,,,,,,,0.0,,,,,,,217677312.15,4132387.51,,,,,,0.0,,0.0,0.0,37275694.07,,9017860.26,,,,,,,,,0.0,0.0,,,,,302841326.13,,,,,,,,,,,,78390123.2,,1889856.17,,,113298433.87,,,,0.0,,,,,,,,,,,0.0,,156073166.59,,0.0,0.0,7523361.6,0.0,0.0,113962922.31,139297758.24,70440000.0,42277588.24,,0.0,,,7523361.6,,0.0,0.0,,,37275694.07,10244395.33,2917989.69,0.0,0.0,0.0,0.0,,,0.0,0.0,,3996640.7,,,,,,,,189150000,,,,,,16433332.44,,24984585.37,10477880.39,811855542.36,417473845.26,192839182.49,581740665.8,811855542.36,230114876.56,394381697.1,37275694.07,10244395.33,4807845.86,581740665.8,,,,,,149928768.28,,,,-15.8421892919,33.6495194404,,-43.4799077718,,,,,,,,,,,,,,,,0.0,-88.4259057962,,,,,,,,,,,-4.0087540295,-2.0275129367,,,,,,,,,,,,,,,,4.3475852764,,,,,,,,,,,-2.4678536504,,258.1132253737,,,-25.495472395,,,,,,,,,,,,,,,,,18.4293311968,,,,,,,-0.6303497565,18.7911866156,11.8627918056,-5.355160806,,,,,37.8739639381,,,,,,,-22.3122884868,13.6566601751,,,,,,,,,,-41.9172228985,,,,,,,,0.0,,,,,,-1.9010022194,,8.0211729578,133.0838134248,-1.7836671719,1.5519581678,-10.3411136022,1.5810897305,-1.7836671719,-9.372670378,-5.083876413,-4.0087540295,-22.3122884868,55.337422972,1.5810897305,,,,,,5.073759375,,,标准无保留意见,,0
002270.SZ,002270,华明装备,10120706,通用,2013-09-30 00:00:00,三季报,2013三季报,058001001,2013-10-25 00:00:00,2013-10-25 00:00:00,CNY,,45325055.0,90216430.84,,44866123.57,,,,,,,,,0.0,,,,,,,217677312.15,30425193.37,,,,,,0.0,,0.0,,,,8497893.24,,,,,,,,,0.0,,,,,,279636204.85,,,,,,,,,,,,78839424.22,,1300179.22,,,132222802.9,,,,0.0,,,,,,,,,,,,,149607593.05,,0.0,,5456694.93,0.0,,128025055.0,133694661.14,82700000.0,43478230.3,,,,,,,,,,,34739867.81,10395051.88,2745873.7,0.0,,,,,,,,,5287928.66,,,,,,,,189150000,,,,,40265.1,14018674.79,,23129340.93,7693712.17,822257754.35,424859038.67,210455312.34,577062574.2,822257754.35,245195180.15,397398715.68,34739867.81,10395051.88,4046052.92,577062574.2,,,,,,147065656.02,,,,-22.0810613231,16.3368675468,,-5.3912282433,,,,,,,,,,,,,,,,0.0,-14.8539646555,,,,,,,,,,,,-4.3665747581,,,,,,,,,,,,,,,,-2.1200767548,,,,,,,,,,,-2.5290258818,,4524.7932290977,,,-19.4932552568,,,,,,,,,,,,,,,,,41.8410520204,,,,0.0,,,16.3340660669,12.1783211102,59.4063222822,4.4323973168,,,,,,,,,,,-13.5750287686,-27.1040755375,-32.3312789198,,,,,,,,,,-24.431122052,,,,,,,,0.0,,,,,,-4.0328022328,,8.9794100059,10.8460182863,1.3663092158,6.2207083538,5.8959693335,0.8427105573,1.3663092158,2.6203114866,-3.3556389017,-13.5750287686,-27.1040755375,-0.9759965455,0.8427105573,,,,,,1.9948151351,,,,,0
002270.SZ,002270,华明装备,10120706,通用,2013-06-30 00:00:00,中报,2013中报,058001001,2013-07-31 00:00:00,2013-07-31 00:00:00,CNY,,53223135.06,85879080.74,,54419813.7,,,,,,,,,0.0,,,,,,,217677312.15,31589780.55,,,,,,0.0,,0.0,,,,8202450.22,,,,,,,,,0.0,,,,,,285072992.48,,,,,,,,,,,,79350825.04,,831251.84,,,153235228.57,,,,0.0,,,,,,,,,,,,,137121422.55,,0.0,,5456694.93,0.0,,123233135.06,115958931.18,70010000.0,30079850.44,,,,,,,,,,,36104041.55,11604622.16,3509493.5,0.0,,,,,,,,,7910563.16,,,,,,,,189150000,,,,,40265.1,11485431.36,,23129340.93,8233708.28,822782939.09,418566890.8,214433405.49,572245492.05,822782939.09,250537447.04,404216048.29,36104041.55,11604622.16,4340745.34,572245492.05,,,,,,142248573.87,,,,-1.0718661106,12.6086936925,,8.618072817,,,,,,,,,,,,,,,,0.0,-8.9979947014,,,,,,,,,,,,-5.7830234933,,,,,,,,,,,,,,,,-1.899478513,,,,,,,,,,,-2.528783578,,207.4219425518,,,-2.6750764916,,,,,,,,,,,,,,,,,51.0156573704,,,,0.0,,,39.8472754877,6.5983081182,103.9918414918,-7.4976582461,,,,,,,,,,,-13.1294472096,-20.9953441847,-33.9229373846,,,,,,,,,,11.4503686187,,,,,,,,0.0,,,,,,-10.8475721322,,8.9794100059,38.7261778777,4.7959434391,13.2157845302,21.0222238662,1.0351235354,4.7959434391,14.5335595817,-2.6973526126,-13.1294472096,-20.9953441847,-22.2312670083,1.0351235354,,,,,,2.8314111378,,,,,0
002270.SZ,002270,华明装备,10120706,通用,2013-03-31 00:00:00,一季报,2013一季报,058001001,2013-04-24 00:00:00,2013-04-24 00:00:00,CNY,,49833111.78,76957675.67,,59061006.72,,,,,,,,,0.0,,,,,,,217677312.15,31535020.13,,,,,,0.0,,0.0,,,,8054355.61,,,,,,,,,,,,,,,290282790.44,,,,,,,,,,,,79862225.86,,496660.58,,,155995644.76,,,,0.0,0.0,,,,,,,,,,,,139546574.1,,0.0,,5456694.93,0.0,,119753111.78,108911426.23,69920000.0,31953750.56,,,,,,,,,,,37468215.29,11924164.32,2671785.22,0.0,,,,,,,,,6350364.98,,,,,,,,189150000,,,,,40265.1,10032064.11,,23129340.93,4211443.15,823706847.91,413972455.87,210438485.01,575800147.61,823706847.91,247906700.3,409734392.04,37468215.29,11924164.32,3168445.8,575800147.61,,,,,,145803229.43,,,,17.0560841544,-11.1292692916,,8.5468014701,,,,,,,,,,,,,,,,0.0,-42.2486131133,,,,,,,,,,,,-5.8504717049,,,,,,,,,,,,,,,,5.7882713458,,,,,,,,,,,-2.5421838616,,174.5108115934,,,7.4475153222,,,,,,,,,,,,,,,,,72.0846636123,,,,0.0,,,65.8354815899,-2.3700990776,135.8974358974,28.0181670711,,,,,,,,,,,-12.7121872317,-17.1726434872,-32.0497209271,,,,,,,,,,-16.0804400112,,,,,,,,0.0,,,,,,-9.6806949102,,8.9794100059,-53.6493922996,7.1118961989,18.4435217047,26.2612279256,2.9278302419,7.1118961989,18.2794629002,-2.3290463796,-12.7121872317,-17.1726434872,-22.963154858,2.9278302419,,,,,,10.9864113252,,,,,0
002270.SZ,002270,华明装备,10120706,通用,2012-12-31 00:00:00,年报,2012年报,058001001,2013-03-30 00:00:00,2015-02-07 00:00:00,CNY,0.0,51715844.25,72592980.81,,60504661.39,,,,,,,,,0.0,0.0,0.0,0.0,,,,217677312.15,35703765.99,,,,,,0.0,0.0,0.0,0.0,38832389.03,,9204482.33,,,,,,,,,0.0,0.0,,,,,290223607.31,0.0,,,,,,,,,,,80373626.68,,527725.88,,,152069192.99,,,,0.0,,,0.0,0.0,,0.0,0.0,0.0,0.0,0.0,0.0,0.0,131785905.58,0.0,0.0,0.0,0.0,0.0,0.0,114685844.25,117262704.59,62970000.0,44669723.78,0.0,0.0,,0.0,5456694.93,,0.0,0.0,0.0,,0.0,13186635.48,2567372.37,0.0,0.0,0.0,0.0,,,0.0,0.0,0.0,6880939.41,0.0,,0.0,0.0,0.0,0.0,0.0,189150000,0.0,,0.0,0.0,40265.1,16751784.23,0.0,23129340.93,4495327.34,826599323.13,411093840.82,215080947.62,572685986.48,826599323.13,253913336.65,415505482.31,38832389.03,13186635.48,3095098.25,572685986.48,0.0,,0.0,,,142689068.3,0.0,,,4.2702689373,-14.7469377492,,10.7810902531,,,,,,,,,,,,,,,,-16.703190968,-40.1985613995,,,,,,,,,,,,-5.3259626113,,,,,,,,,,,,,,,,4.8863295984,,,,,,,,,,,-2.5609227113,,477.0211424087,,,5.7400059088,,,,,,,,,,,,,,,,,30.2396402955,,,,-100.0,,,16.0108255478,-4.003198631,27.8319123021,20.7201000822,,,,,,,,,,,-100.0,-23.9563879658,-29.8966209507,,,,,,,,,,9.8071576558,,,,,,,,30.0,,,,,,-8.8123215184,,8.9794100059,-25.0112057546,2.5825402692,8.9930615386,7.198932859,2.1079641287,2.5825402692,3.6692847133,-3.0586134286,-12.3206317865,-23.9563879658,-17.5459106047,2.1079641287,,,,,,7.4366436263,,,标准无保留意见,,0
002270.SZ,002270,华明装备,10120706,通用,2012-09-30 00:00:00,三季报,2012三季报,058001001,2012-10-13 00:00:00,2012-10-13 00:00:00,CNY,,58169497.39,77547584.65,,47422794.67,,,,,,,,,,,,,,,,217677312.15,35732953.68,,,,,,,0.0,,0.0,,,8885902.83,,,,,,,,,,,,,,,285693118.24,,,,,,,,,,,,80885027.5,,28113.24,,,164238168.27,,,,,,,,,,,,,,,,,105475524.13,,,,5456694.93,,,110049497.39,119180479.63,51880000.0,41632894.98,,,,,,,,,,,40196562.77,14260127.65,4057818.23,,,,,,,,,,6997495.27,,,,,,,,189150000,,,,,,14607777.57,,21223587.95,6940900.8,811174601.02,399977598.77,198737793.01,572240245.24,811174601.02,238934355.78,411197002.25,40196562.77,14260127.65,4085931.47,572240245.24,,,,,,144189345.14,,,,11.2214563366,-3.0353221566,,-4.483703767,,,,,,,,,,,,,,,,-16.703190968,-68.2868518945,,,,,,,,,,,,-5.216580003,,,,,,,,,,,,,,,,33.7806186763,,,,,,,,,,,-2.3941541244,,2149.0592,,,-0.6472346502,,,,,,,,,,,,,,,,,23.759232074,,,,0.0,,,9.5449251939,17.5921834105,7.7242524917,94.7683502306,,,,,,,,,,,-11.9524766278,30.5311284485,-18.8124701053,,,,,,,,,,-32.4268520662,,,,,,,,30.0,,,,,,-7.8906826041,,14.4596062552,1733.9815290768,3.2405865848,8.9145152537,8.7612235096,2.6750967335,3.2405865848,4.6205787167,-1.7386914917,-11.9524766278,30.5311284485,-18.2704296259,2.6750967335,,,,,,9.266336854,,,,,0
002270.SZ,002270,华明装备,10120706,通用,2012-06-30 00:00:00,中报,2012中报,058001001,2012-08-18 00:00:00,2012-08-18 00:00:00,CNY,,53799796.85,76263277.66,,50101987.9,,,,,,,,,,,,,0.0,,,217677312.15,34713279.61,,,,,,,0.0,,0.0,,,8705915.35,0.0,,,,,,0.0,0.0,,,,,,,290592739.12,0.0,,,,,,,,,,,81409494.98,0.0,270394.44,,,157447057.8,0.0,,,,,,,,,,0.0,0.0,0.0,,,,90799474.0,,,,5456694.93,,,88119796.85,108781211.66,34320000.0,32517934.0,0.0,,,,0.0,,,,0.0,,41560736.51,14688529.48,5311212.94,,,,,,0.0,,,,7097834.9,,0.0,,,,,,189150000,,,0.0,0.0,,12882914.84,,21223587.95,5935223.19,785128614.8,369707185.74,177185147.19,566382731.1,785128614.8,218745883.7,415421429.06,41560736.51,14688529.48,5581607.38,566382731.1,0.0,,0.0,,,138331831.0,,,,7.368640126,-6.8629915635,,-8.1279027181,,,,,,,,,,,,,,,,-16.703190968,-69.9930289336,,,,,,,,,,,,-5.2283155409,,,,,,,,,,,,,,,,34.0892405857,,,,,,,,,,,-2.0600339043,-100.0,20.1753066667,,,0.4539496027,,,,,,,,,,,,,,,,,12.3762840203,,,,5.8861254758,,,0.7724285754,11.274909363,-8.0799640033,104.8234192794,,,,,,,,,,,-12.1723059937,30.2788183651,-28.046182934,,,,,,,,,,-37.2588064646,,,,,,,,30.0,,,-100.0,,,-6.3448087925,,14.4596062552,213.730863474,0.7969068237,4.3741596171,-2.4133660351,2.9723973221,0.7969068237,-4.4309507421,-2.1865797068,-12.1723059937,30.1331847326,-26.61977785,2.9723973221,,,,,,10.9639041376,,,,,0
002270.SZ,002270,华明装备,10120706,通用,2012-03-31 00:00:00,一季报,2012一季报,058001001,2012-04-26 00:00:00,2012-04-26 00:00:00,CNY,,42571996.27,86595074.73,,54410637.55,,,,,,,,,,,,,,,,217677312.15,54604784.11,,,,,,,0.0,,0.0,,,8554854.98,,,,,,,,,,,,,,,274399786.24,,,,,,,,,,,,81945429.34,,180925.69,,,145183110.37,,,,,,,,,,,,,,,,,81091813.28,,,,5456694.93,,,72211996.27,111555399.73,29640000.0,24960325.0,,,,,,,,,,,42924910.25,14396408.17,3931970.93,,,,,,,,,,7567204.81,,,,,,,,189150000,,,,,,11107330.93,,21223587.95,9086058.11,769015279.48,349510424.81,166669125.96,559421243.27,769015279.48,209594036.21,419504854.67,42924910.25,14396408.17,4112896.62,559421243.27,,,,,,131370343.17,,,,10.2828793069,11.3128871879,,-9.2474610875,,,,,,,,,,,,,,,,-16.703190968,-50.5271993648,,,,,,,,,,,,-14.3487097643,,,,,,,,,,,,,,,,49.5046253928,,,,,,,,,,,-2.0722421609,,-40.1734314107,,,-5.8859588858,,,,,,,,,,,,,,,,,-44.3961685268,,,,5.8861254758,,,-15.6690995612,35.5619354343,-36.9721095205,455.0686043409,,,,,,,,,,,-11.6936835735,-22.9891239954,13.2069027262,,,,,,,,,,-63.7115105227,,,,,,,,30.0,,,,,,4.606418338,,14.4596062552,113.9990573126,-3.219985406,-14.1296710615,-13.1158495292,0.9488489815,-3.219985406,-12.8283319919,8.2369303784,-11.6936835735,-23.126676876,8.9313475622,0.9488489815,,,,,,2.0008868268,,,,,0
002270.SZ,002270,华明装备,10120706,通用,2011-12-31 00:00:00,年报,2011年报,058001001,2012-02-11 00:00:00,2013-03-30 00:00:00,CNY,0.0,49597881.33,85149998.01,,54616416.26,,,,,,,,,0.0,0.0,,,,,,261327312.15,59703858.01,,,,,,0.0,0.0,0.0,0.0,,,9722287.74,,,,,,,,,0.0,,,,,,276702987.34,,,,,,,,,,,,82486030.16,,91456.94,,,143814246.73,,,,0.0,,,0.0,,,,,,,,,,101187246.28,,0.0,0.0,5456694.93,0.0,0.0,98857881.33,122152720.63,49260000.0,37002722.62,,,,,,,,,,,44289083.99,17340885.22,3662266.22,0.0,0.0,,,,,,,,6266385.14,,,,,,,,145500000,,,,,,18370666.42,,21223587.95,5994665.45,805789485.19,377174321.94,200637209.61,560863191.59,805789485.19,244926293.6,428615163.25,44289083.99,17340885.22,3753723.16,560863191.59,,,,,,132812291.49,,,,13.3022239408,14.2399760501,,-4.8459769138,,,,,,,,,,,,,,,,0.0,-13.1845145482,,,,,,,,,,,,-3.7416771985,,,,,,,,,,,,,,,,52.4591730562,,,,,,,,,,,-2.0803599817,,-69.7579990223,,,-4.318911819,,,,,,,,,,,,,,,,,-50.5436358136,,,,5.8861254758,,,6.3686888721,41.8547279669,0.1951833088,219.6762993121,,,,,,,,,,,-11.2397769917,49.9537828244,6.429881869,,,,,,,,,,-78.2856147908,,,,,,,,0.0,,,,,,4.7030630477,,14.4596062552,-52.3787888134,-1.519274222,-20.3631196853,-8.6856640736,2.235067975,-1.519274222,-9.1583449527,24.3794607931,-11.2397769917,49.5212836316,0.2749633284,2.235067975,,,,,,7.7743354653,,,标准无保留意见,,0
002270.SZ,002270,华明装备,10120706,通用,2011-09-30 00:00:00,三季报,2011三季报,058001001,2011-10-18 00:00:00,2011-10-18 00:00:00,CNY,,52300607.55,79975086.16,,49648904.47,,,,,,,,,,,,,,,,261327312.15,112675517.3,,,,,,,0.0,,0.0,,,9374954.85,,,,,,,,,,,,,,,213553443.74,,,,,,,,,,,,82869040.04,,1250.0,,,165308099.57,,,,,,,,,,,,,,,,,85226388.66,,,,5456694.93,,,100460607.55,101350681.8,48160000.0,21375595.64,,,,,,,,,,,45653257.73,10924694.99,4998080.66,,,,,,,,,,10355437.75,,,,,,,,145500000,,,,,,15859174.71,,18542426.14,378460.78,785712894.37,367239938.44,182728537.43,557331099.21,785712894.37,228381795.16,418472955.93,45653257.73,10924694.99,4999330.66,557331099.21,,,,,,131961360.92,,,,25.6386457979,-6.5958354294,,1.3872261156,,,,,,,,,,,,,,,,0.0,150.4943065325,,,,,,,,,,,,0.2364386363,,,,,,,,,,,,,,,,27.7270377046,,,,,,,,,,,-2.0644333104,,-94.119592436,,,1.3351520443,,,,,,,,,,,,,,,,,-50.4737359299,,,,,,,39.8552561314,13.5825111232,59.4488684295,492.405017812,,,,,,,,,,,-18.9670776453,29.2849493471,24.4593147435,,,,,,,,,,-73.5964220624,,,,,,,,0.0,,,,,,24.85438796,,16.0244197996,-91.6331795016,1.5334625661,-21.4797768894,6.5414393629,2.0757140364,1.5334625661,0.234054953,36.6910232707,-18.9670776453,28.7918968643,23.834945668,2.0757140364,,,,,,7.1211026249,,,,,0
002270.SZ,002270,华明装备,10120706,通用,2011-06-30 00:00:00,中报,2011中报,058001001,2011-08-10 00:00:00,2011-08-10 00:00:00,CNY,,50107551.69,81882893.75,,54534498.92,,,,,,,,,,,,,,,,261327312.15,115684050.66,,,,,,,0.0,,0.0,,,9186198.81,,,,,,,,,,,,,,,216715925.79,,,,,,,,,,,,83121832.92,12617.64,225000.0,,,156735557.36,,,,,,,,,,,,,,,,,80799498.57,,,,5153361.6,,,87444351.69,97758975.75,37336800.0,15876082.0,,,,,,,,,,,47320764.8,11274687.37,7381419.3,,,,,,,,,,11312878.35,,,,,,,,145500000,,,7500000.0,,,13755686.87,,18542426.14,1891819.99,778921337.51,354213329.33,181567024.08,550033548.63,778921337.51,228887788.88,424708008.18,47320764.8,11287305.01,7606419.3,550033548.63,,,,,,124663810.34,,,,-3.4219378216,1.7693137737,,12.3048179854,,,,,,,,,,,,,,,,0.0,238.201331878,,,,,,,,,,,,-8.0584250661,,,,,,,,,,,,,,,,28.1295534208,,,,,,,,,,,-2.4097774375,-37.0612794613,78.3389368748,,,-6.0637914418,,,,,,,,,,,,,,,,,-46.1464175598,,,,,,,21.6482443724,8.9851964545,86.684,71.8190692641,,,,,,,,,,,-17.8850815083,83.6443191112,137.8884191693,,,,,,,,,,-71.2282417027,,,,,,,,0.0,,,-50.0,,,54.2926049088,,16.0244197996,-28.4926159295,4.1831820429,-21.1345851044,18.5451744552,2.4546294639,4.1831820429,8.5855844417,42.276216133,-17.8850815083,83.2514527886,135.5617276662,2.4546294639,,,,,,9.3092189184,,,,,0
002270.SZ,002270,华明装备,10120706,通用,2011-03-31 00:00:00,一季报,2011一季报,058001001,2011-04-23 00:00:00,2011-04-23 00:00:00,CNY,,38602543.33,77794294.01,,59954948.04,,,,,,,,,,,,,,,,261327312.15,110373343.35,,,,,,,0.0,,0.0,,,9988004.8,,,,,,,,,,,,,,,183539328.98,,,,,,,,,,,,83679470.61,33450.0,302416.96,,,154262965.07,,,,,,,,,,,,,,,,,145838535.1,,,,5153361.6,,,85629343.33,82291094.01,47026800.0,4496800.0,,,,,,,,,,,48609105.2,18693993.52,3473260.76,,,,,,,,,,20852906.58,,,,,,,,145500000,,,7500000.0,,,10618211.68,,18542426.14,4245840.25,794601326.22,407021178.48,191829148.42,554163072.6,794601326.22,240438253.62,387580147.74,48609105.2,18727443.52,3775677.72,554163072.6,,,,,,128793334.31,,,,-15.5473569416,-7.6909988009,,24.4691084872,,,,,,,,,,,,,,,,0.0,400.1339495501,,,,,,,,,,,,-1.8896758383,,,,,,,,,,,,,,,,7.5074932902,,,,,,,,,,,-2.3950469707,,343.3476440781,,,11.8179205315,,,,,,,,,,,,,,,,,-22.3441846398,,,,,,,24.0122506239,-5.8697939136,101.4858611825,42.9068598947,,,,,,,,,,,-17.493979937,245.5590210262,4.4726801832,,,,,,,,,,-55.3504225534,,,,,,,,0.0,,,,,,41.2486346143,,16.0244197996,12.9670481187,5.6673976504,-12.1434238124,43.2594763956,-0.89441442,5.6673976504,24.6962743346,34.2481342775,-17.493979937,246.1773452618,11.2858005198,-0.89441442,,,,,,-5.5459336121,,,,,0
002270.SZ,002270,华明装备,10120706,通用,2010-12-31 00:00:00,年报,2010年报,058001001,2011-03-11 00:00:00,2012-02-11 00:00:00,CNY,,43774852.43,74536078.31,,57397905.51,,,,,,,,,,,,,,,,261327312.15,68770977.55,,,,,,,0.0,,0.0,,,10100204.8,,,,,,,,,,,,,,,181493170.79,,,,,,,,,,,,84238494.08,33450.0,302416.96,,,150305822.67,,,,,,,,,,,,,,,,,204599039.87,,,,5153361.6,,,92938892.43,86111138.05,49164040.0,11575059.74,,,,,,,,,,,49897445.6,11564153.23,3441013.14,,,,,,,,,,28858220.39,,,,,,,,145500000,,,22500000.0,,,17545490.92,,18542426.14,12588225.5,818220498.3,473617651.08,219721479.19,548601573.51,818220498.3,269618924.79,344602847.22,49897445.6,11597603.23,3743430.1,548601573.51,,,,,,123231835.22,,,,7.7393989187,-4.7142002385,,26.7171269088,,,,,,,,,,,,,,,,0.0,219.344550499,,,,,,,,,,,,-1.9529936653,,,,,,,,,,,,,,,,7.6941022065,,,,,,,,,,,-2.3953148595,,-51.6685984026,,,37.6390240511,,,,,,,,,,,,,,,,,-9.8051787988,,,,,,,48.4165305548,-0.6521586988,123.574533879,36.9391090588,,,,,,,,,,,-17.1196171385,64.8612554527,83.5586724812,,,,,,,,,,-27.5183144472,,,,,,,,0.0,,,,,,11.9523466453,,16.0244197996,42.9723734496,8.8487392361,1.8455108409,57.6105851938,-0.6322488419,8.8487392361,35.0715094234,20.2094073719,-17.1196171385,65.338126425,49.7175969835,-0.6322488419,,,,,,-4.6808314396,,,标准无保留意见,,0
002270.SZ,002270,华明装备,10120706,通用,2010-09-30 00:00:00,三季报,2010三季报,058001001,2010-10-22 00:00:00,2010-10-22 00:00:00,CNY,,41627802.67,85622612.79,,48969585.59,,,,,,,,,,,,,,,,261327312.15,44981268.78,,,,,,,0.0,,0.0,,,9352841.12,,,,,,,,,,,,,,,167195174.63,,,,,,,,,,,,84615878.42,32349.38,21257.03,,,163130065.17,,,,,,,,,,,,,,,,,172083217.38,,,,,,,71831842.67,89230886.69,30204040.0,3608273.9,,,,,,,,,,,56339147.6,8450090.32,4015834.95,,,,,,,,,,39219827.61,,,,,,,,145500000,,,25000000.0,,,12702136.44,,15981485.77,4523352.45,773846251.78,467701088.83,171509356.85,545997747.33,773846251.78,227848504.45,306145162.95,56339147.6,8482439.7,4037091.98,545997747.33,,,,,,123188949.41,,,,-14.129350809,6.4415122074,,-3.157465871,,,,,,,,,,,,,,,,0.0,-50.5380914593,,,,,,,,,,,,-1.4349461897,,,,,,,,,,,,,,,,116.6853220833,,,,,,,,,,,-2.2985260022,,-97.9049148468,,,46.3209700637,,,,,,,,,,,,,,,,,-18.139237189,,,,,,,27.277168712,9.1682969015,279.4477386935,178.4161959877,,,,,,,,,,,9.1133110578,57.8512210832,21.7468760229,,,,,,,,,,-26.3785354106,,,,,,,,0.0,,,,,,-2.6071073503,,72.3141471907,-49.7799097563,6.7047556735,1.4481523184,27.6054815249,1.2640278998,6.7047556735,22.4731451325,15.8775429759,9.1133110578,58.4555210304,-6.3998561804,1.2640278998,,,,,,0.0881954573,,,,,0
002270.SZ,002270,华明装备,10120706,通用,2010-06-30 00:00:00,中报,2010中报,058001001,2010-07-29 00:00:00,2010-07-29 00:00:00,CNY,,51882954.12,80459315.99,,48559358.27,,,,,,,,,,,,,,,,261327312.15,34205675.66,,,,,,,0.0,,0.0,,,9991343.76,,,,,,,,,,,,,,,169138126.22,,,,,,,,,,,,85174345.07,20047.5,126164.26,,,166853186.61,,,,,,,,,,,,,,,,,150035512.79,,,,,,,71882954.12,89699315.99,20000000.0,9240000.0,,,,,,,,,,,57627488.0,6139415.27,3102891.4,,,,,,,,,,39319384.77,,,,,,,,145500000,,,15000000.0,,,8915324.8,,15981485.77,2645628.86,747645946.53,449136455.82,153162728.82,536855729.71,747645946.53,210790216.82,298509490.71,57627488.0,6159462.77,3229055.66,536855729.71,,,,,,114046931.79,,,,9.0339369863,20.4881948428,,-5.5746626424,,,,,,,,,,,,,,,,0.0,-54.2530212438,,,,,,,,,,,,5.6795873782,,,,,,,,,,,,,,,,117.7924695785,,,,,,,,,,,-1.7907450322,,-92.7540828641,,,57.2745019376,,,,,,,,,,,,,,,,,-35.5007124205,,,,,,,-9.4493220298,17.521715862,-37.106918239,-3.2255886382,,,,,,,,,,,11.6084692702,100.4071083651,-10.6964961861,,,,,,,,,,-21.353191954,,,,,,,,0.0,,,,,,17.7659239844,,72.3141471907,-63.1326439861,4.0049675694,-4.4883404118,3.0563682698,3.5197879678,4.0049675694,5.2614477447,20.0697245312,11.6084692702,101.0615129506,-38.0899741858,3.5197879678,,,,,,11.265187,,,,,0
002270.SZ,002270,华明装备,10120706,通用,2010-03-31 00:00:00,一季报,2010一季报,058001001,2010-04-24 00:00:00,2010-04-24 00:00:00,CNY,,45709100.31,84275956.84,,48168536.57,,,,,,,,,,,,,,,,261327312.15,22068756.47,,,,,,,0.0,,0.0,,,10180381.0,,,,,,,,,,,,,,,170722359.31,,,,,,,,,,,,85732811.72,,68212.15,,,137959071.62,,,,,,,,,,,,,,,,,187801176.8,,,,,,,69049100.31,87422621.74,23340000.0,3146664.9,,,,,,,,,,,58915828.4,5409783.1,3324563.66,,,,,,,,,,46703480.24,,,,,,,,145500000,,,,,,7517390.67,,15981485.77,3758476.76,751983434.71,463279126.21,133903287.41,559164318.9,751983434.71,192819115.81,288704308.5,58915828.4,5409783.1,3392775.81,559164318.9,,,,,,136355520.98,,,,12.2070970283,36.8182681032,,8.809218646,,,,,,,,,,,,,,,,0.0,-56.9263499534,,,,,,,,,,,,11.0079335709,,,,,,,,,,,,,,,,122.4072301479,,,,,,,,,,,-1.7566074508,,-94.225426455,,,27.3385667155,,,,,,,,,,,,,,,,,-27.8599945516,,,,,,,-25.5691967382,20.3925889601,-55.1439803279,-71.439689884,,,,,,,,,,,14.1036274826,79.2523411791,-14.0206434331,,,,,,,,,,-8.4310257971,,,,,,,,0.0,,,,,,-17.7709688099,,72.3141471907,-18.2273964027,4.1863118897,-6.8477288935,-12.9336664572,8.2938642087,4.1863118897,-6.1379422777,28.6373769016,14.1036274826,79.2523411791,-32.7890350718,8.2938642087,,,,,,36.0319511233,,,,,0
002270.SZ,002270,华明装备,10120706,通用,2009-12-31 00:00:00,年报,2009年报,058001001,2011-03-11 00:00:00,2011-03-11 00:00:00,CNY,,40630310.61,78223700.17,,45296091.31,,,,,,,,,,,,,,,,261327312.15,21535040.27,,,,,,,0.0,,0.0,,,10301390.3,,,,,,,,,,,,,,,168526564.66,,,,,,,,,,,,86305789.48,,625715.27,,,109202912.26,,,,,,,,,,,,,,,,,226841227.85,,,,,,,62620310.61,86676405.77,21990000.0,8452705.6,,,,,,,,,,,60204168.8,7014476.02,1874612.13,,,,,,,,,,39814499.58,,,,,,,,145500000,,,,,,15672285.08,,15981485.77,8804655.89,751704157.57,465035372.86,139407818.91,552092169.86,751704157.57,199611987.71,286668784.71,60204168.8,7014476.02,2500327.4,552092169.86,,,,,,129283371.94,,,,-21.3785218221,34.8691207288,,-7.6370593549,,,,,,,,,,,,,,,,0.0,-35.8202635295,,,,,,,,,,,,12.3588418052,,,,,,,,,,,,,,,,119.0179339239,,,,,,,,,,,-1.6998984202,,-65.5537974126,,,-12.7519945411,,,,,,,,,,,,,,,,,-15.1655589807,,,,,,,-30.1584468207,20.2866335652,-42.1043832432,-39.8748032152,,,,,,,,,,,16.598785695,203.9813884489,-77.7647580138,,,,,,,,,,47.0030609756,,,,,,,,0.0,,,,,,106.0511309631,,72.3141471907,94.7288196791,5.9613393531,-7.3535616469,-8.9652914026,9.4025237512,5.9613393531,-2.5192212673,38.1754053587,16.598785695,203.9813884489,-75.600170529,9.4176554572,,,,,,46.130345093,,,标准无保留意见,,0
002270.SZ,002270,华明装备,10120706,通用,2009-09-30 00:00:00,三季报,2009三季报,058001001,2009-10-22 00:00:00,2009-10-22 00:00:00,CNY,,48477335.46,80440996.2,,50566195.97,,,,,,,,,,,,,,,,261327312.15,90941231.56,,,,,,,0.0,,0.0,,,9489003.21,,,,,,,,,,,,,,,77160360.02,,,,,,,,,,,,86606552.55,,1014614.13,,,111487823.72,,,,,,,,,,,,,,,,,210214529.49,,,,,,,56437335.46,81736996.2,7960000.0,1296000.0,,,,,,,,,,,51633615.6,5353199.21,3298511.7,,,,,,,,,,53272273.01,,,,,,,,145500000,,,,,,13042159.54,,9274621.98,9007057.59,725221895.59,461024748.25,134405947.77,539182332.22,725221895.59,186039563.37,264197147.34,51633615.6,5353199.21,4313125.83,539182332.22,,,,,,123080398.09,,,,-0.9607797387,18.7258967155,,-17.1962041709,,,,,,,,,,,,,,,,0.0,304.3414845773,,,,,,,,,,,,14.1907350054,,,,,,,,,,,,,,,,-1.6809478062,,,,,,,,,,,-1.6815728917,,,,,-12.0227799916,,,,,,,,,,,,,,,,,-24.5404013291,,,,,,,-22.2064900868,16.334806459,-66.2711864407,-48.2964972473,,,,,,,,,,,0.0,-34.6231868719,-55.7454071674,,,,,,,,,,282.2841009649,,,,,,,,0.0,,,,,,183.7579067639,,131.6011779134,79.0484121785,4.4489225957,-7.2316247249,-11.2931393247,9.7726287458,4.4489225957,-8.4228270776,33.8599344321,0.0,-34.6231868719,-42.132802669,9.7889577905,,,,,,53.3213448679,,,,,0
002270.SZ,002270,华明装备,10120706,通用,2009-06-30 00:00:00,中报,2009中报,058001001,2009-07-29 00:00:00,2009-07-29 00:00:00,CNY,,47584225.2,66777758.68,,51426195.16,,,,,,,,,,,,,,,,261327312.15,74771441.94,,,,,,,0.0,,0.0,,,9454374.31,,,,,,,,,,,,,,,77660226.98,,,,,,,,,,,,86727411.89,,1741177.24,,,106090424.42,,,,,,,,,,,,,,,,,232615767.43,,,,,,,79384225.2,76325737.19,31800000.0,9547978.51,,,,,,,,,,,51633615.6,3063471.81,3474546.09,,,,,,,,,,49994889.49,,,,,,,,145500000,,,,,,7570377.32,,9274621.98,7176074.3,718855996.98,470242541.86,148620343.79,518602037.59,718855996.98,200253959.39,248613455.12,51633615.6,3063471.81,5215723.33,518602037.59,,,,,,102500103.46,,,,25.2950501596,15.4507659559,,2.4798797489,,,,,,,,,,,,,,,,57226.9317601115,277.1916786256,,,,,,,,,,,,14.2683266183,,,,,,,,,,,,,,,,2.5508855409,,,,,,,,,,,-2.1378501819,,,,,0.5579975081,,,,,,,,,,,,,,,,,917.4599871856,,,,,,,36.5685792512,23.8583733514,57.8163771712,152.4250762723,,,,,,,,,,,0.0,116.4499314165,-37.2597090242,,,,,,,,,,223.9403616668,,,,,,,,33.4862385321,,,,,,66.3845768859,,131.6011779134,-14.1658339108,78.1964790717,122.907216708,-12.4347197632,184.8716919161,78.1964790717,-9.5342274143,29.1850594416,0.0,103.5002653366,-5.819065024,184.9850271977,,,,,,49.6029362629,,,,,0
002270.SZ,002270,华明装备,10120706,通用,2009-03-31 00:00:00,一季报,2009一季报,058001001,2009-04-27 00:00:00,2009-04-27 00:00:00,CNY,,40736371.87,61597006.02,,44268801.09,,,,,,,,,,,,,,,,261327312.15,51234934.69,,,,,,,0.0,,0.0,,,9170858.94,,,,,,,,,,,,,,,76761155.29,,,,,,,,,,,,87265728.0,,1181250.0,,,108340367.87,,,,,,,,,,,,,,,,,260328753.28,,,,,,,92769521.87,72614620.63,52033150.0,11017614.61,,,,,,,,,,,51633615.6,3017970.68,3866699.86,,,,,,,,,,51003607.55,,,,,,,,145500000,,,,,,9142015.37,,9274621.98,4596254.24,721767976.11,497335299.19,153794563.25,516339797.26,721767976.11,205428178.85,224432676.92,51633615.6,3017970.68,5047949.86,516339797.26,,,,,,100237863.13,,,,,,,,,,,,,,,,,,,,,,,,,,,,,,,,,,,,,,,,,,,,,,,,,,,,,,,,,,,,,,,,,,,,,,,,,,,,,,,,,,,,,,,,,,,,,,,,,,,,,,,,,,,,,,,,,,,,,,,,,,,,,,,,,,,,,,,,,,,,,,,,,,,,,,,,,,,,,0
002270.SZ,002270,华明装备,10120706,通用,2008-12-31 00:00:00,年报,2008年报,058001001,2010-02-25 00:00:00,2010-02-25 00:00:00,CNY,,51678385.54,57999710.94,,49041413.14,,,,,,,,,,,,,,,,261327312.15,33554267.21,,,,,,,0.0,,0.0,,,9168295.2,,,,,,,,,,,,,,,76946468.1,,,,,,,,,,,,87798270.9,,1816500.0,,,125163792.21,,,,,,,,,,,,,,,,69788.64,267392847.91,,,,,,,89660535.54,72058218.94,37982150.0,14058508.0,,,,,,,,,,,51633615.6,2307534.7,8430815.06,,,,,,,,,,27084129.62,,,,,,,,145500000,,,,,,7606017.5,,9274621.98,4521496.05,709413605.15,501946303.74,153136996.93,504642992.62,709413605.15,204770612.53,207467301.41,51633615.6,2307534.7,10247315.06,504573203.98,,,,,,88471269.85,,,,70.8572677002,25.3355680776,,2.7404235305,,,,,,,,,,,,,,,,57226.9317601115,138.7146856364,,,,,,,,,,,,10.3626361298,,,,,,,,,,,,,,,,20.569932336,,,,,,,,,,,-1.7823338798,,,,,38.6741402515,,,,,,,,,,,,,,,,-3.9211375276,809.1353065847,,,,,,,69.118093241,41.9152192965,66.8078612209,212.4112888889,,,,,,,,,,,0.0,183.8247223765,70.7388265806,,,,,,,,,,86.6337469668,,,,,,,,33.4862385321,,,,,,-17.2515600379,,131.6011779134,-42.6417115486,94.1106387966,164.3289540063,-6.0111334529,234.4914102125,94.1106387966,-4.5803044003,18.1650755831,-0.0683795632,154.5488238758,107.5261450399,234.6062509197,,,,,,136.9616713645,,,标准无保留意见,,0
002270.SZ,002270,华明装备,10120706,通用,2008-09-30 00:00:00,三季报,2008三季报,058001001,2008-10-22 00:00:00,2008-10-22 00:00:00,CNY,,48947614.22,67753538.55,,61067485.45,,,,,,,,,,,,,,,,261327312.15,22491194.95,,,,,,,0.0,,0.0,,,8309783.81,,,,,,,,,,,,,,,78479560.47,,,,,,,,,,,,88087813.34,,,,,126723512.87,,,,,,,,,,,,,,,,73053.95,278578912.68,,,,,,,72547614.22,70260138.55,23600000.0,2506600.0,,,,11955.23,86904.81,,,,,,51633615.6,8188222.94,7453490.11,,,,,,,,,,13935257.28,,,,,,,,145500000,,,,,,4596227.71,,4004565.98,5030515.2,694331619.29,496963266.72,151516970.33,491181033.36,694331619.29,203150585.93,197368352.57,51633615.6,8188222.94,7453490.11,491107979.41,,,,,,80276101.28,,,,,,,,,,,,,,,,,,,,,,,,,,,,,,,,,,,,,,,,,,,,,,,,,,,,,,,,,,,,,,,,,,,,,,,,,,,,,,,,,,,,,,,,,,,,,,,,,,,,,,,,,,,,,,,,,,,,,,,,,,,,,,,,,,,,,,,,,,,,,,,,,,,,,,,,,,,,,0
002270.SZ,002270,华明装备,10120706,通用,2008-06-30 00:00:00,中报,2008中报,058001001,2008-08-18 00:00:00,2008-08-18 00:00:00,CNY,,37977737.46,57840897.05,,50181748.15,,,,,,,,,,,,,,,,455854.35,19823194.99,,,,,,,0.0,,0.0,,,8273836.32,,,,,,,,,,,,,,,75728480.13,,,,,,,,,,,,88622017.86,90063.75,,,,105501727.41,,,,,,,,,,,,,,,,72398.24,22862399.54,,,,,,,58127737.46,61623397.05,20150000.0,3782500.0,,,,,,,,,,,51633615.6,1415325.84,5537982.11,,,,,,,,,,15433362.25,,,,,,,,109000000,,,47000000.0,,,4549927.32,,4004565.98,8360393.8,403406397.66,210958868.36,169725196.32,182047585.74,403406397.66,221358811.92,192447529.3,51633615.6,1505389.59,5537982.11,181975187.5,,,,,,68514767.17,,,,,,,,,,,,,,,,,,,,,,,,,,,,,,,,,,,,,,,,,,,,,,,,,,,,,,,,,,,,,,,,,,,,,,,,,,,,,,,,,,,,,,,,,,,,,,,,,,,,,,,,,,,,,,,,,,,,,,,,,,,,,,,,,,,,,,,,,,,,,,,,,,,,,,,,,,,标准无保留意见,,0
002270.SZ,002270,华明装备,10120706,通用,2007-12-31 00:00:00,年报,2007年报,058001001,2009-03-21 00:00:00,2009-03-21 00:00:00,CNY,,30246524.62,46275540.0,,47733318.06,,,,,,,,,,,,,,,,455854.35,14056222.44,,,,,,,0.0,,0.0,,,8307426.79,35331.0,,,,,,,,,,,,,,63818952.71,,,,,,,,,,,,89391526.36,93505.5,,,,90257485.63,,,,,,,,,,,,,,,,72636.83,29411776.88,,,,,,,53016524.62,50775540.0,22770000.0,4500000.0,,,,,,,,,,,51633615.6,813013.99,4937842.92,,,,,,,,,,14511914.41,,,,,,,,109000000,,,44200000.0,,,9191735.22,,4004565.98,7882899.18,365468688.14,189894559.84,162930996.57,150868744.97,365468688.14,214599943.17,175574128.3,51668946.6,906519.49,4937842.92,150796108.14,,,,,,37335687.81,,,,31.7488197739,11.4196019906,,123.3791362821,,,,,,,,,,,,,,,,-97.3680102943,1941.2264347071,,,,,,,,,,,,911.5129747179,-24.2424242424,,,,,,,,,,,,,,,-18.8391339159,,,,,,,,,,,17680.3918545277,,,,,21.5255703863,,,,,,,,,,,,,,,,41.53708106,-15.1770323732,,,,,,,51.0110175883,5.8581916513,87.4074074074,-30.0476235779,,,,,,,,,,,51533.6156,-76.6178609486,86.5761800589,,,,,,,,,,133.6535447498,,,,,,,,3533.3333333333,,,,,,10.8104415005,,-81.9513337309,-29.282667414,48.3154802444,14.5546068509,105.2141398214,-9.5894913892,48.3154802444,169.7937005905,117.711482267,35135.9737233979,-73.9286592498,86.5761800589,-9.6052198616,,,,,,-69.9661733976,,,标准无保留意见,,0
002270.SZ,002270,华明装备,10120706,通用,2006-12-31 00:00:00,年报,2006年报,058001001,2008-08-18 00:00:00,2008-08-18 00:00:00,CNY,,22957719.6,41532673.94,,21368745.02,,,,,,,,,,,,,,,,17319761.89,688616.52,,,,,,,0.0,,0.0,,,821287.22,46636.92,,,,,,,,,,,,,,78632665.95,,,,,,,,,,,,502753.41,,,,,74270365.77,,,,,,,,,,,,,,,,51320.0,34674307.8,,,,,,,35107719.6,47965621.94,12150000.0,6432948.0,,,,,,,,,,,100000.0,3477072.77,2646555.91,,,,,,,,,,6210868.5,,,,,,,,3000000,,,,,,8295008.21,,22187600.57,11147053.9,246413043.02,165767719.92,79395599.5,166870806.6,246413043.02,79542236.42,80645323.1,146636.92,3477072.77,2646555.91,166819486.6,,,,,,124312124.14,,,,54.3247073433,9.3570777572,,29.6459140669,,,,,,,,,,,,,,,,,-52.0102685247,,,,,,,,,,,,91.3806883278,,,,,,,,,,,,,,,,39.9903932816,,,,,,,,,,,377.7899369331,,,,,60.6003495507,,,,,,,,,,,,,,,,,13.6840875923,,,,,,,-18.3508056272,18.0519223899,-56.7953915084,142.5696832579,,,,,,,,,,,0.0,503.0441262798,-84.9133194827,,,,,,,,,,171.7410110788,,,,,,,,0.0,,,,,,10.7353403502,,20.4588987596,486.2797649871,26.142977339,20.8176293266,14.321536162,32.653119133,26.142977339,14.3680001035,38.7104402531,46.63692,503.0441262798,-84.9133194827,32.6123225538,,,,,,19.1007154786,,,标准无保留意见,,0
002270.SZ,002270,华明装备,10120706,通用,2005-12-31 00:00:00,年报,2005年报,058001001,2008-08-18 00:00:00,2008-08-18 00:00:00,CNY,,14876243.73,37978953.71,,16482389.88,,,,,,,,,,,,,,,,,1434924.72,,,,,,,0.0,,0.0,,,429137.98,,,,,,,,,,,,,,,56170044.32,,,,,,,,,,,,105224.78,,,,,46245457.11,,,,,,,,,,,,,,,,,30500581.51,,,,,,,42998243.73,40630953.71,28122000.0,2652000.0,,,,,,,,,,,100000.0,576586.79,17542334.16,,,,,,,,,,2285583.79,,,,,,,,3000000,,,,,,7490840.94,,18419229.13,1901319.91,195344242.08,137204910.28,69449381.25,125794860.83,195344242.08,69549381.25,58139331.8,100000.0,576586.79,17542334.16,125794860.83,,,,,,104375631.7,,,,,,,,,,,,,,,,,,,,,,,,,,,,,,,,,,,,,,,,,,,,,,,,,,,,,,,,,,,,,,,,,,,,,,,,,,,,,,,,,,,,,,,,,,,,,,,,,,,,,,,,,,,,,,,,,,,,,,,,,,,,,,,,,,,,,,,,,,,,,,,,,,,,,,,,,,,标准无保留意见,,0
