SECUCODE,SECURITY_CODE,SECURITY_NAME_ABBR,ORG_CODE,ORG_TYPE,REPORT_DATE,REPORT_TYPE,REPORT_DATE_NAME,SECURITY_TYPE_CODE,NOTICE_DATE,UPDATE_DATE,CURRENCY,SALES_SERVICES,DEPOSIT_INTERBANK_ADD,LOAN_PBC_ADD,OFI_BF_ADD,RECEIVE_ORIGIC_PREMIUM,RECEIVE_REINSURE_NET,INSURED_INVEST_ADD,DISPOSAL_TFA_ADD,RECEIVE_INTEREST_COMMISSION,BORROW_FUND_ADD,LOAN_ADVANCE_REDUCE,REPO_BUSINESS_ADD,RECEIVE_TAX_REFUND,RECEIVE_OTHER_OPERATE,OPERATE_INFLOW_OTHER,OPERATE_INFLOW_BALANCE,TOTAL_OPERATE_INFLOW,BUY_SERVICES,LOAN_ADVANCE_ADD,PBC_INTERBANK_ADD,PAY_ORIGIC_COMPENSATE,PAY_INTEREST_COMMISSION,PAY_POLICY_BONUS,PAY_STAFF_CASH,PAY_ALL_TAX,PAY_OTHER_OPERATE,OPERATE_OUTFLOW_OTHER,OPERATE_OUTFLOW_BALANCE,TOTAL_OPERATE_OUTFLOW,OPERATE_NETCASH_OTHER,OPERATE_NETCASH_BALANCE,NETCASH_OPERATE,WITHDRAW_INVEST,RECEIVE_INVEST_INCOME,DISPOSAL_LONG_ASSET,DISPOSAL_SUBSIDIARY_OTHER,REDUCE_PLEDGE_TIMEDEPOSITS,RECEIVE_OTHER_INVEST,INVEST_INFLOW_OTHER,INVEST_INFLOW_BALANCE,TOTAL_INVEST_INFLOW,CONSTRUCT_LONG_ASSET,INVEST_PAY_CASH,PLEDGE_LOAN_ADD,OBTAIN_SUBSIDIARY_OTHER,ADD_PLEDGE_TIMEDEPOSITS,PAY_OTHER_INVEST,INVEST_OUTFLOW_OTHER,INVEST_OUTFLOW_BALANCE,TOTAL_INVEST_OUTFLOW,INVEST_NETCASH_OTHER,INVEST_NETCASH_BALANCE,NETCASH_INVEST,ACCEPT_INVEST_CASH,SUBSIDIARY_ACCEPT_INVEST,RECEIVE_LOAN_CASH,ISSUE_BOND,RECEIVE_OTHER_FINANCE,FINANCE_INFLOW_OTHER,FINANCE_INFLOW_BALANCE,TOTAL_FINANCE_INFLOW,PAY_DEBT_CASH,ASSIGN_DIVIDEND_PORFIT,SUBSIDIARY_PAY_DIVIDEND,BUY_SUBSIDIARY_EQUITY,PAY_OTHER_FINANCE,SUBSIDIARY_REDUCE_CASH,FINANCE_OUTFLOW_OTHER,FINANCE_OUTFLOW_BALANCE,TOTAL_FINANCE_OUTFLOW,FINANCE_NETCASH_OTHER,FINANCE_NETCASH_BALANCE,NETCASH_FINANCE,RATE_CHANGE_EFFECT,CCE_ADD_OTHER,CCE_ADD_BALANCE,CCE_ADD,BEGIN_CCE,END_CCE_OTHER,END_CCE_BALANCE,END_CCE,NETPROFIT,ASSET_IMPAIRMENT,FA_IR_DEPR,OILGAS_BIOLOGY_DEPR,IR_DEPR,IA_AMORTIZE,LPE_AMORTIZE,DEFER_INCOME_AMORTIZE,PREPAID_EXPENSE_REDUCE,ACCRUED_EXPENSE_ADD,DISPOSAL_LONGASSET_LOSS,FA_SCRAP_LOSS,FAIRVALUE_CHANGE_LOSS,FINANCE_EXPENSE,INVEST_LOSS,DEFER_TAX,DT_ASSET_REDUCE,DT_LIAB_ADD,PREDICT_LIAB_ADD,INVENTORY_REDUCE,OPERATE_RECE_REDUCE,OPERATE_PAYABLE_ADD,OTHER,OPERATE_NETCASH_OTHERNOTE,OPERATE_NETCASH_BALANCENOTE,NETCASH_OPERATENOTE,DEBT_TRANSFER_CAPITAL,CONVERT_BOND_1YEAR,FINLEASE_OBTAIN_FA,UNINVOLVE_INVESTFIN_OTHER,END_CASH,BEGIN_CASH,END_CASH_EQUIVALENTS,BEGIN_CASH_EQUIVALENTS,CCE_ADD_OTHERNOTE,CCE_ADD_BALANCENOTE,CCE_ADDNOTE,SALES_SERVICES_YOY,DEPOSIT_INTERBANK_ADD_YOY,LOAN_PBC_ADD_YOY,OFI_BF_ADD_YOY,RECEIVE_ORIGIC_PREMIUM_YOY,RECEIVE_REINSURE_NET_YOY,INSURED_INVEST_ADD_YOY,DISPOSAL_TFA_ADD_YOY,RECEIVE_INTEREST_COMMISSION_YOY,BORROW_FUND_ADD_YOY,LOAN_ADVANCE_REDUCE_YOY,REPO_BUSINESS_ADD_YOY,RECEIVE_TAX_REFUND_YOY,RECEIVE_OTHER_OPERATE_YOY,OPERATE_INFLOW_OTHER_YOY,OPERATE_INFLOW_BALANCE_YOY,TOTAL_OPERATE_INFLOW_YOY,BUY_SERVICES_YOY,LOAN_ADVANCE_ADD_YOY,PBC_INTERBANK_ADD_YOY,PAY_ORIGIC_COMPENSATE_YOY,PAY_INTEREST_COMMISSION_YOY,PAY_POLICY_BONUS_YOY,PAY_STAFF_CASH_YOY,PAY_ALL_TAX_YOY,PAY_OTHER_OPERATE_YOY,OPERATE_OUTFLOW_OTHER_YOY,OPERATE_OUTFLOW_BALANCE_YOY,TOTAL_OPERATE_OUTFLOW_YOY,OPERATE_NETCASH_OTHER_YOY,OPERATE_NETCASH_BALANCE_YOY,NETCASH_OPERATE_YOY,WITHDRAW_INVEST_YOY,RECEIVE_INVEST_INCOME_YOY,DISPOSAL_LONG_ASSET_YOY,DISPOSAL_SUBSIDIARY_OTHER_YOY,REDUCE_PLEDGE_TIMEDEPOSITS_YOY,RECEIVE_OTHER_INVEST_YOY,INVEST_INFLOW_OTHER_YOY,INVEST_INFLOW_BALANCE_YOY,TOTAL_INVEST_INFLOW_YOY,CONSTRUCT_LONG_ASSET_YOY,INVEST_PAY_CASH_YOY,PLEDGE_LOAN_ADD_YOY,OBTAIN_SUBSIDIARY_OTHER_YOY,ADD_PLEDGE_TIMEDEPOSITS_YOY,PAY_OTHER_INVEST_YOY,INVEST_OUTFLOW_OTHER_YOY,INVEST_OUTFLOW_BALANCE_YOY,TOTAL_INVEST_OUTFLOW_YOY,INVEST_NETCASH_OTHER_YOY,INVEST_NETCASH_BALANCE_YOY,NETCASH_INVEST_YOY,ACCEPT_INVEST_CASH_YOY,SUBSIDIARY_ACCEPT_INVEST_YOY,RECEIVE_LOAN_CASH_YOY,ISSUE_BOND_YOY,RECEIVE_OTHER_FINANCE_YOY,FINANCE_INFLOW_OTHER_YOY,FINANCE_INFLOW_BALANCE_YOY,TOTAL_FINANCE_INFLOW_YOY,PAY_DEBT_CASH_YOY,ASSIGN_DIVIDEND_PORFIT_YOY,SUBSIDIARY_PAY_DIVIDEND_YOY,BUY_SUBSIDIARY_EQUITY_YOY,PAY_OTHER_FINANCE_YOY,SUBSIDIARY_REDUCE_CASH_YOY,FINANCE_OUTFLOW_OTHER_YOY,FINANCE_OUTFLOW_BALANCE_YOY,TOTAL_FINANCE_OUTFLOW_YOY,FINANCE_NETCASH_OTHER_YOY,FINANCE_NETCASH_BALANCE_YOY,NETCASH_FINANCE_YOY,RATE_CHANGE_EFFECT_YOY,CCE_ADD_OTHER_YOY,CCE_ADD_BALANCE_YOY,CCE_ADD_YOY,BEGIN_CCE_YOY,END_CCE_OTHER_YOY,END_CCE_BALANCE_YOY,END_CCE_YOY,NETPROFIT_YOY,ASSET_IMPAIRMENT_YOY,FA_IR_DEPR_YOY,OILGAS_BIOLOGY_DEPR_YOY,IR_DEPR_YOY,IA_AMORTIZE_YOY,LPE_AMORTIZE_YOY,DEFER_INCOME_AMORTIZE_YOY,PREPAID_EXPENSE_REDUCE_YOY,ACCRUED_EXPENSE_ADD_YOY,DISPOSAL_LONGASSET_LOSS_YOY,FA_SCRAP_LOSS_YOY,FAIRVALUE_CHANGE_LOSS_YOY,FINANCE_EXPENSE_YOY,INVEST_LOSS_YOY,DEFER_TAX_YOY,DT_ASSET_REDUCE_YOY,DT_LIAB_ADD_YOY,PREDICT_LIAB_ADD_YOY,INVENTORY_REDUCE_YOY,OPERATE_RECE_REDUCE_YOY,OPERATE_PAYABLE_ADD_YOY,OTHER_YOY,OPERATE_NETCASH_OTHERNOTE_YOY,OPERATE_NETCASH_BALANCENOTE_YOY,NETCASH_OPERATENOTE_YOY,DEBT_TRANSFER_CAPITAL_YOY,CONVERT_BOND_1YEAR_YOY,FINLEASE_OBTAIN_FA_YOY,UNINVOLVE_INVESTFIN_OTHER_YOY,END_CASH_YOY,BEGIN_CASH_YOY,END_CASH_EQUIVALENTS_YOY,BEGIN_CASH_EQUIVALENTS_YOY,CCE_ADD_OTHERNOTE_YOY,CCE_ADD_BALANCENOTE_YOY,CCE_ADDNOTE_YOY,OPINION_TYPE,OSOPINION_TYPE,MINORITY_INTEREST,MINORITY_INTEREST_YOY,USERIGHT_ASSET_AMORTIZE,USERIGHT_ASSET_AMORTIZE_YOY
002270.SZ,002270,华明装备,10120706,通用,2026-03-31 00:00:00,一季报,2026一季报,058001001,2026-04-27 00:00:00,2026-04-27 00:00:00,CNY,531550890.01,,,,,,,,,,,,6339054.11,27386355.55,,0.0,565276299.67,244141673.34,,,,,,106651972.31,66859334.08,55255555.39,,0.0,472908535.12,,0.0,92367764.55,2599070.67,,494480.0,,,,,0.0,3093550.67,19533302.81,,,,,,,0.0,19533302.81,,0.0,-16439752.14,30000.0,30000.0,158227122.22,,,,0.0,158257122.22,,2926062.49,,,474868849.96,,,0.0,477794912.45,,0.0,-319537790.23,-11713519.93,,0.0,-255323297.75,1165598887.03,,0.0,910275589.28,,,,,,,,,,,,,,,,,,,,,,,,,,,,,,,,,,,,,,17.5275307847,,,,,,,,,,,,53.9885624423,15.3195736256,,,17.7309276384,31.0229913312,,,,,,5.4950180576,-10.3554127102,-2.499766982,,,12.9504866701,,,50.2990583087,,,-99.2404330245,,,,,,-95.2495746111,-11.1757333974,,,,,,,,-11.1757333974,,,-138.11621707,,,,,,,,2790.2243082037,,-94.4278875072,,,3844.2678180863,,,,283.610508175,,,-168.3466612867,-414.7733861475,,,-2270.9857362887,5.5890921281,,,-16.7277669547,,,,,,,,,,,,,,,,,,,,,,,,,,,,,,,,,,,,,,,,,,,
002270.SZ,002270,华明装备,10120706,通用,2025-12-31 00:00:00,年报,2025年报,058001001,2026-02-27 00:00:00,2026-02-27 00:00:00,CNY,2264780209.03,,,,,,,,,,,,23396333.95,53948272.58,,0.0,2342124815.56,881577929.24,,,,,,330510150.73,297746320.94,228258971.75,,0.0,1738093372.66,,0.0,604031442.9,204370378.84,4577624.62,11861689.0,925296.31,,11758146.39,,0.0,233493135.16,112136511.96,70827624.09,,,,,,0.0,182964136.05,,0.0,50528999.11,390000.0,390000.0,510142941.67,,101176530.0,,0.0,611709471.67,317500000.0,614433942.26,1801480.97,,266773649.26,,,0.0,1198707591.52,,0.0,-586998119.85,-5864286.57,,0.0,61698035.59,1103900851.44,,0.0,1165598887.03,719626911.41,6000798.38,66770428.05,66770428.05,,9061819.23,10051172.71,,,,-39134781.27,305369.08,-6518.56,19301410.07,10903817.68,32111135.33,16356432.63,15754702.7,,-23202884.4,-289821339.3,19434190.19,38771447.39,,0.0,604031442.9,,,,,1165598887.03,1103900851.44,,,,,61698035.59,-7.9908494151,,,,,,,,,,,,-9.0747191875,-22.0275185284,,,-8.3816620235,-0.9049363606,,,,,,6.996491763,19.4076218735,4.1529516946,,,4.2624384443,,,-32.0821604752,69.9720053125,-48.4345525841,2632.900263344,,,,,,80.2353640162,-1.4415464627,-2.7351324198,,,,,,,-1.9463700894,,,188.574376166,-80.3655037003,-80.3655037003,21.6467890451,,1747.7706552707,,,43.3158935233,17.5925925926,-17.4248328873,,,95.3244299292,,,,4.1747290104,,,18.9054655978,-256.3166611066,,,-45.0187088862,11.3157386043,,,5.5890921281,16.1098599959,-44.4129660723,5.6106622344,5.6106622344,,-0.5209094531,11.2319221698,,,,-3169.2968733701,-31.6423679628,,-0.8720373444,157.6184786117,454.775017384,427.0973585415,488.9427683332,,-3.5805868603,-267.5876241568,129.2664716155,21331.9190176775,,,-32.0821604752,,,,,5.5890921281,11.3157386043,,,,,-45.0187088862,标准无保留意见,,,,23858466.91,-4.5637464918
002270.SZ,002270,华明装备,10120706,通用,2025-09-30 00:00:00,三季报,2025三季报,058001001,2025-10-27 00:00:00,2025-10-27 00:00:00,CNY,1568347234.24,,,,,,,,,,,,18752398.11,40860760.44,,0.0,1627960392.79,627535569.42,,,,,,252266329.85,225281683.61,162725405.42,,0.0,1267808988.3,,0.0,360151404.49,76630136.8,1907004.44,114460029.0,925296.31,,,,0.0,193922466.55,86117728.55,66000000.0,,,,,,0.0,152117728.55,,0.0,41804738.0,390000.0,390000.0,249783622.22,,101176530.0,,0.0,351350152.22,237500000.0,430844071.05,,,249279731.51,,,0.0,917623802.56,,0.0,-566273650.34,1737688.11,,0.0,-162579819.74,1103900851.44,,0.0,941321031.7,,,,,,,,,,,,,,,,,,,,,,,,,,,,,,,,,,,,,,-6.4480239367,,,,,,,,,,,,99.7299792577,-28.2683301303,,,-6.5892140368,-0.81188336,,,,,,9.081211271,26.2481946708,8.9157642735,,,6.3789897808,,,-34.6381782234,-35.8883114971,-78.4448066136,50998.2272321429,,,,,,50.7985032695,38.2339694716,-9.3564394632,,,,,,,12.5870588722,,,741.7551777153,-79.3450775316,-79.3450775316,13.7593669129,,,,,58.6516821278,163.8888888889,-42.3033406776,,,826.499688524,,,,6.250040436,,,11.8208624259,118.6971414116,,,-51.9698465377,11.3157386043,,,6.3996891226,,,,,,,,,,,,,,,,,,,,,,,,,,,,,,,,,,,,,,,,,,,
002270.SZ,002270,华明装备,10120706,通用,2025-06-30 00:00:00,中报,2025中报,058001001,2025-08-08 00:00:00,2025-08-08 00:00:00,CNY,1099698245.5,,,,,,,,,,,,9053649.31,34412379.22,,0.0,1143164274.03,384303915.25,,,,,,175585608.64,161829396.82,103690053.18,,0.0,825408973.89,,0.0,317755300.14,26630136.8,1809177.91,103758490.0,925296.31,,,,0.0,133123101.02,56566967.21,16000000.0,,,,,,0.0,72566967.21,,0.0,60556133.81,,,49783622.22,,5475600.0,,0.0,55259222.22,122500000.0,54871629.7,,,205049383.14,,,0.0,382421012.84,,0.0,-327161790.62,5470485.72,,0.0,56620129.05,1103900851.44,,0.0,1160520980.49,373860110.58,8598652.63,32690343.06,32690343.06,,4495900.21,5138427.73,,,,-423484.97,99874.3,,-10619367.89,12560454.02,26286154.0,-1601868.71,27888022.71,,-62773904.75,-112893171.81,26132190.4,2098258.64,,0.0,317755300.14,,,,,1160520980.49,1103900851.44,,,,,56620129.05,-12.2851200094,,,,,,,,,,,,89.1085847805,-21.7908685831,,,-12.2335509283,-10.0762916072,,,,,,7.9753357196,32.4601225187,4.3085870061,,,1.706186975,,,-35.2767955236,-77.7202141793,-74.3536439011,46220.7544642857,,,,,,4.9830899407,33.8451842779,-78.0267001415,,,,,,,-36.9414037567,,,416.4394084859,,,-50.21637778,,,,,-44.74077778,75.0,-89.0221611722,,,1333.2613161333,,,,-34.5333715187,,,32.4250414042,40.1645308108,,,152.4634907234,11.3157386043,,,14.4372184493,17.433361898,286.8540970028,6.2779120308,6.2779120308,,-0.3489111191,9.0606592691,,,,-398.2600433919,,,-275.4738321275,486.8568384498,2473.1110953001,-178.2720075315,984.1531148283,,-1142.6012051017,-171.0770430112,168.9361086226,52.4684376737,,,-35.2767955236,,,,,14.4372184493,11.3157386043,,,,,152.4634907234,,,,,12504863.99,10.7371119763
002270.SZ,002270,华明装备,10120706,通用,2025-03-31 00:00:00,一季报,2025一季报,058001001,2025-04-19 00:00:00,2026-04-27 00:00:00,CNY,452277765.44,,,,,,,,,,,,4116574.64,23748228.24,,0.0,480142568.32,186334986.6,,,,,,101096690.89,74582678.22,56672229.06,,0.0,418686584.77,,0.0,61455983.55,,21300.53,65100250.0,,,,,0.0,65121550.53,21990953.1,,,,,,,0.0,21990953.1,,0.0,43130597.43,,,,,5475600.0,,0.0,5475600.0,60000000.0,52512624.14,,,12039467.7,,,0.0,124552091.84,,0.0,-119076491.84,3721254.86,,0.0,-10768656.0,1103900851.44,,0.0,1093132195.44,,,,,,,,,,,,,,,,,,,,,,,,,,,,,,,,,,,,,,-17.2048293267,,,,,,,,,,,,64.8001269921,123.933011323,,,-14.1627728934,-9.4836549249,,,,,,3.865636181,46.1481329987,9.5832999267,,,3.1399386319,,,-59.9436222014,,-99.6894719091,,,,,,,15.4935297807,72.3871441159,,,,,,,,-64.958411605,,,776.9543663566,,,,,,,,,500.0,1005.3059273932,,,-0.7975543716,,,,363.2390220708,,,-342.8739559223,1008.1077782023,,,-108.9922057369,11.3157386043,,,-1.647204061,,,,,,,,,,,,,,,,,,,,,,,,,,,,,,,,,,,,,,,,,,,
002270.SZ,002270,华明装备,10120706,通用,2024-12-31 00:00:00,年报,2024年报,058001001,2025-04-11 00:00:00,2026-02-27 00:00:00,CNY,2461472793.34,,,,,,,,,,,,25731384.87,69188861.97,,0.0,2556393040.18,889628501.02,,,,,,308898119.26,249352860.62,219157467.97,,0.0,1667036948.87,,0.0,889356091.31,120237670.0,8877310.0,434033.0,,,,,0.0,129549013.0,113776655.31,72819329.17,,,,,,0.0,186595984.48,,0.0,-57046971.48,1986300.0,1986300.0,419364083.24,,5475600.0,,0.0,426825983.24,270000000.0,744090461.75,,,136579765.96,,,0.0,1150670227.71,,0.0,-723844244.47,3751542.88,,0.0,112216418.24,991684433.2,,0.0,1103900851.44,619781051.7,10795320.34,63223188.49,63223188.49,,9109270.28,9036230.35,,,,1275040.6,446722.73,,19471206.26,-18924167.98,-9051126.42,-5000478.36,-4050648.06,,-22400804.15,172937196.74,8476682.2,180905.16,,0.0,889356091.31,,,,,1103900851.44,991684433.2,,,,,112216418.24,23.6409718673,,,,,,,,,,,,60.5390397815,-19.2529713697,,,22.1671618746,25.3318514433,,,,,,12.8068121797,-7.5624708726,0.7821346508,,,13.3377846602,,,43.056939871,-33.5306902323,391.6865013545,-75.6953934793,,,,,,-30.5305003662,80.5522187034,-37.7612571197,,,,,,,3.655263748,,,-982.0738629295,123.9828544807,123.9828544807,598.9401387333,,-94.5244,,,165.2958225883,13.4453781513,42.4049388031,,,387.6310902061,,,,45.9267058016,,,-15.3280559315,-11.8052399661,,,2256.7296489201,0.4824623302,,,11.3157386043,12.5528021529,144.1809815723,8.6354067775,8.6354067775,,-22.0773168215,67.3740453924,,,,-21.7761473706,-22.2025729036,,44.7624711369,-58.6141450633,-203.4294083356,-143.5137025225,-47.7953372142,,63.2291127,270.9440760292,-94.4676605522,168.5383956647,,,43.056939871,,,,,11.3157386043,0.4824623302,,,,,2256.7296489201,标准无保留意见,,,,24999375.01,7.6596162843
002270.SZ,002270,华明装备,10120706,通用,2024-09-30 00:00:00,三季报,2024三季报,058001001,2024-10-23 00:00:00,2025-10-27 00:00:00,CNY,1676444795.97,,,,,,,,,,,,9388875.01,56963347.59,,0.0,1742797018.57,632672129.16,,,,,,231264694.36,178443489.19,149404823.54,,0.0,1191785136.25,,0.0,551011882.32,119526000.0,8847076.46,224000.0,,,,,0.0,128597076.46,62298528.27,72812673.74,,,,,,0.0,135111202.01,,0.0,-6514125.55,1888169.76,1888169.76,219571916.58,,,,0.0,221460086.34,90000000.0,746740064.52,,,26905538.62,,,0.0,863645603.14,,0.0,-642185516.8,-9293870.5,,0.0,-106981630.53,991684433.2,,0.0,884702802.67,,,,,,,,,,,,,,,,,,,,,,,,,,,,,,,,,,,,,,10.6658925659,,,,,,,,,,,,-29.4685549609,-17.7067465161,,,9.1019737204,27.8132277305,,,,,,10.5764256585,-9.9873265143,-5.0756824587,,,12.456080669,,,2.4902669024,-34.3263736264,228.3827945977,-65.4324337721,,,,,,-30.6163857647,43.7361636543,21.3544562333,,,,,,,30.7414584327,,,-107.9440688173,310.4716869565,310.4716869565,37.2324478625,,,,,38.0157586564,-60.5263157895,43.5311481716,,,11.8291201293,,,,11.8244151482,,,-4.9557804409,-172.5407439168,,,-620.0229964586,0.4824623302,,,-12.1879049873,,,,,,,,,,,,,,,,,,,,,,,,,,,,,,,,,,,,,,,,,,,
002270.SZ,002270,华明装备,10120706,通用,2024-06-30 00:00:00,中报,2024中报,058001001,2024-08-09 00:00:00,2025-08-08 00:00:00,CNY,1253719147.33,,,,,,,,,,,,4787540.09,44000462.09,,0.0,1302507149.51,427366622.35,,,,,,162616404.45,122172163.02,99407015.43,,0.0,811562205.25,,0.0,490944944.26,119526000.0,7054327.34,224000.0,,,,,0.0,126804327.34,42262982.8,72815644.91,,,,,,0.0,115078627.71,,0.0,11725699.63,,,100000000.0,,,,0.0,100000000.0,70000000.0,499840000.94,,,14306489.74,,,0.0,584146490.68,,0.0,-484146490.68,3902903.03,,0.0,22427056.24,991684433.2,,0.0,1014111489.44,318359369.55,2222712.05,30759301.19,30759301.19,,4511641.83,4711531.88,,,,141985.15,,,6051824.23,-3246796.43,-1107666.39,2046540.98,-3154207.37,,-5051814.25,158832116.57,-37907840.93,1376192.13,,0.0,490944944.26,,,,,1014111489.44,991684433.2,,,,,22427056.24,15.9170754927,,,,,,,,,,,,-56.504635579,-21.3680517713,,,13.406450108,42.6112219673,,,,,,9.9730894235,-8.4435985127,-2.3915245849,,,18.8538567334,,,5.4194056693,-21.3644736842,199.6149922135,-64.2033157062,,,,,,-18.1803154921,42.1155738058,21.3594081833,,,,,,,28.2378012211,,,-82.0273096052,,,100.0,,,,,100.0,-60.0,80.8074571688,,,9.0937552642,,,,25.741147821,,,-16.7848609407,-85.0580273273,,,-84.2623630968,0.4824623302,,,-10.2102305658,9.3662822339,114.6749540197,9.309193723,9.309193723,,-31.8533950589,108.554870424,,,,-41.1804268254,,,1243.0537779944,39.9835294276,-124.9795775553,-68.927037015,-46.574005364,,76.262148334,1.7586629442,-717.3598123892,,,,5.4194056693,,,,,-10.2102305658,0.4824623302,,,,,-84.2623630968,,,,,11292387.68,-2.2141249199
002270.SZ,002270,华明装备,10120706,通用,2024-03-31 00:00:00,一季报,2024一季报,058001001,2024-04-19 00:00:00,2025-04-19 00:00:00,CNY,546261046.1,,,,,,,,,,,,2497919.58,10605059.12,,0.0,559364024.8,205857833.13,,,,,,97334108.38,51032248.37,51716118.33,,0.0,405940308.21,,0.0,153423716.59,49526000.0,6859453.5,,,,,,0.0,56385453.5,12756724.53,50000000.0,,,,,,0.0,62756724.53,,0.0,-6371271.03,,,,,,,,,10000000.0,4750958.34,,,12136260.98,,,0.0,26887219.32,,0.0,-26887219.32,-409781.19,,0.0,119755445.05,991684433.2,,0.0,1111439878.25,,,,,,,,,,,,,,,,,,,,,,,,,,,,,,,,,,,,,,90.9560877463,,,,,,,,,,,,-46.8141337775,-75.6406731064,,,67.3245534939,33.5666677025,,,,,,11.0435617233,-8.2097504038,-13.9095335988,,,13.5668707629,,,762.8166677455,-50.474,374.0764110613,,,,,,,-44.4340929747,-33.3505804425,66.6666666667,,,,,,,27.7099622009,,,-112.1740456841,,,,,,,,,-91.4893617021,41.4645244655,,,10.8782900018,,,,-79.6006013228,,,79.6006013228,92.2440552331,,,210.9876548967,0.4824623302,,,26.4403474033,,,,,,,,,,,,,,,,,,,,,,,,,,,,,,,,,,,,,,,,,,,
002270.SZ,002270,华明装备,10120706,通用,2023-12-31 00:00:00,年报,2023年报,058001001,2024-04-11 00:00:00,2025-04-11 00:00:00,CNY,1990822909.4,,,,,,,,,,,,16028116.84,85685954.2,,0.0,2092536980.44,709818366.82,,,,,,273829313.4,269752840.62,217456664.05,,0.0,1470857184.89,,0.0,621679795.55,180892009.29,1805481.74,1785805.5,2000000.0,,,,0.0,186483296.53,63015927.54,117000000.0,,,,,,0.0,180015927.54,,0.0,6467368.99,886808.95,886808.95,60000000.0,,100000000.0,,0.0,160886808.95,238000000.0,522517314.36,511061.75,,28008830.59,,,0.0,788526144.95,,0.0,-627639336.0,4253702.69,,0.0,4761531.23,986922901.97,,0.0,991684433.2,550658037.69,-24434315.3,58197589.87,58197589.87,,11690139.39,5398824.13,,,,1629989.52,574212.73,-6728006.82,13450451.7,-11930945.99,8751018.27,11491732.65,-2740714.38,,-60919944.54,-101165948.98,153220572.96,67366.59,,0.0,621679795.55,,,,,991684433.2,986922901.97,,,,,4761531.23,23.1469800353,,,,,,,,,,,,-44.6841133289,66.1807481406,,,23.2963208914,30.171605186,,,,,,13.1723555858,14.9817420682,21.4820931273,,,22.4836432039,,,25.2626931491,168.9933972504,112.5922306957,-98.1382701291,-33.3333333333,,,,,11.6336827852,-8.5654741462,-57.8629075098,,,,,,,-48.0599851915,,,103.6022892356,-99.8211357498,,-86.6666666667,,,,,-82.9893413851,-56.8918674153,38.9225432809,,,-39.1240012685,,,,-19.0616837885,,,-2107.5900207652,-90.1513405886,,,-98.5637514334,50.5839056762,,,0.4824623302,51.3412106111,-437.312177822,9.0355971891,9.0355971891,,-18.195711602,169.6454485862,,,,478.5641656335,191.219180684,-3694.1921398833,-20.4853252662,-240.3109969984,142.7089595797,189.692744051,64.3022552915,,-583.6086558604,-834.5817091377,300.3920598676,182.0930885502,,,25.2626931491,,,,,0.4824623302,50.5839056762,,,,,-98.5637514334,标准无保留意见,,,,23220754.33,0.6508409876
002270.SZ,002270,华明装备,10120706,通用,2023-09-30 00:00:00,三季报,2023三季报,058001001,2023-10-24 00:00:00,2024-10-23 00:00:00,CNY,1514870351.74,,,,,,,,,,,,13311615.84,69219948.39,,0.0,1597401915.97,494997380.47,,,,,,209144664.41,198242627.71,157393624.11,,0.0,1059778296.7,,0.0,537623619.27,182000000.0,2694135.2,648006.28,,,,,0.0,185342141.48,43342278.44,60000000.0,,,,,,0.0,103342278.44,,0.0,81999863.04,460000.0,460000.0,160000000.0,,,,0.0,160460000.0,228000000.0,520263422.98,607823.15,,24059510.25,,,0.0,772322933.23,,0.0,-611862933.23,12811931.61,,0.0,20572480.69,986922901.97,,0.0,1007495382.66,,,,,,,,,,,,,,,,,,,,,,,,,,,,,,,,,,,,,,36.0235174917,,,,,,,,,,,,-34.0851064011,173.6603788653,,,37.8054333318,27.4243304279,,,,,,11.0771519109,49.1741610927,42.0158205989,,,29.1667211272,,,58.7320865143,939.6516174957,3867.7985272459,-99.3192863637,,,,,,60.0966574673,57.8800163791,-37.9300285212,,,,,,,-16.7385305053,,,1082.1674733423,-99.9072206532,,-60.0,,,,,-82.0875195086,-54.8170368146,39.8791796488,-57.3384117547,,-20.1127526392,,,,-14.8175922894,,,-5529.1579854752,-76.5138379149,,,-94.4997977678,50.5839056762,,,-2.1306285086,,,,,,,,,,,,,,,,,,,,,,,,,,,,,,,,,,,,,,,,,,,
002270.SZ,002270,华明装备,10120706,通用,2023-06-30 00:00:00,中报,2023中报,058001001,2023-08-11 00:00:00,2024-08-09 00:00:00,CNY,1081565543.3,,,,,,,,,,,,11007012.25,55957486.85,,0.0,1148530042.4,299672505.75,,,,,,147869269.93,133439236.4,101842606.4,,0.0,682823618.48,,0.0,465706423.92,152000000.0,2354464.07,625756.28,,,,,0.0,154980220.35,29738459.81,60000000.0,,,,,,0.0,89738459.81,,0.0,65241760.54,,,50000000.0,,,,0.0,50000000.0,175000000.0,276448775.27,607823.15,,13113940.12,,,0.0,464562715.39,,0.0,-414562715.39,26120400.0,,0.0,142505869.07,986922901.97,,0.0,1129428771.04,291094625.37,-15146296.52,28139720.13,28139720.13,,6620493.91,2259132.99,,,,241390.99,528529.07,,450601.78,-5409842.33,4434287.92,6586243.42,-2151955.5,,-21281682.61,156087071.09,6140315.61,,,0.0,465706423.92,,,,,1129428771.04,986922901.97,,,,,142505869.07,42.0495149807,,,,,,,,,,,,-41.5875495884,284.7000282134,,,44.5074086859,1.3500451292,,,,,,14.9071657312,108.1635243914,70.4321776062,,,24.5516825745,,,88.8780535389,1302.1151794874,-78.2813828151,-99.3426594063,,,,,,42.1368727206,147.0445725883,5.8852803578,,,,,,,30.6183632572,,,61.7573212775,,,0.0,,,,,-90.8391351917,-58.5911506052,105.1143096821,,,-31.8041853734,,,,-19.4338514426,,,-1244.9907329055,-11.6568424667,,,-50.1103187824,50.5839056762,,,20.0192983748,55.6668659754,-10.9326058187,5.32108654,5.32108654,,-7.9918815758,198.8986174801,,,,713.0205186693,1408.0699991326,,-92.892833829,-171.0916478784,-27.1585092437,2.5628418401,-544.1419941013,,-190.8790421671,157.8318984325,116.7820322658,,,,88.8780535389,,,,,20.0192983748,50.5839056762,,,,,-50.1103187824,,,,,11548076.52,0.5122352617
002270.SZ,002270,华明装备,10120706,通用,2023-03-31 00:00:00,一季报,2023一季报,058001001,2023-04-21 00:00:00,2024-04-19 00:00:00,CNY,286066316.37,,,,,,,,,,,,4696585.31,43535928.42,,0.0,334298830.1,154123657.25,,,,,,87653986.3,55596589.61,60071829.66,,0.0,357446062.82,,0.0,-23147232.72,100000000.0,1446908.84,28000.0,,,,,0.0,101474908.84,19140038.45,30000000.0,,,,,,0.0,49140038.45,,0.0,52334870.39,,,,,,,,,117500000.0,3358409.72,,,10945570.12,,,0.0,131803979.84,,0.0,-131803979.84,-5283446.47,,0.0,-107899788.64,986922901.97,,0.0,879023113.33,,,,,,,,,,,,,,,,,,,,,,,,,,,,,,,,,,,,,,-29.6927885796,,,,,,,,,,,,28.6386674708,1290.104433236,,,-19.1857676594,-18.2229961951,,,,,,14.8650750245,83.029174275,73.5865513159,,,8.3955988706,,,-127.5882077544,,,-99.9705867329,,,,,,6.5967357417,156.3218352553,,,,,,,,558.0793906409,,,-40.3441297097,,,,,,,,,-40.6610546118,-31.8373889009,,,-0.3432884268,,,,-38.3878510116,,,-146.7597781846,-1851.5551653185,,,-123.8066120409,50.5839056762,,,-20.7110011547,,,,,,,,,,,,,,,,,,,,,,,,,,,,,,,,,,,,,,,,,,,
002270.SZ,002270,华明装备,10120706,通用,2022-12-31 00:00:00,年报,2022年报,058001001,2023-04-12 00:00:00,2024-04-11 00:00:00,CNY,1616623411.17,,,,,,,,,,,,28975612.26,51561901.82,,0.0,1697160925.25,545294318.07,,,,,,241957774.92,234604934.46,179003060.0,,0.0,1200860087.45,,0.0,496300837.8,67247750.74,849269.86,95921837.42,3000000.0,,30451.72,,0.0,167049309.74,68919182.28,277665100.0,,,,,,0.0,346584282.28,,0.0,-179534972.54,495799998.65,,450000000.0,,,,0.0,945799998.65,552100000.0,376121327.77,,,46009644.48,,,0.0,974230972.25,,0.0,-28430973.6,43190677.15,,0.0,331525568.81,655397333.16,,0.0,986922901.97,363852010.61,7243828.39,53374853.14,53374853.14,,14290374.77,2002193.68,,,,-430571.53,197175.45,-177323.83,16915684.74,-3505894.93,-20489888.67,-12812332.56,-7677556.11,,12596950.82,-10824730.25,38267635.23,-82061.22,,0.0,496300837.8,,,,,986922901.97,655397333.16,,,,,331525568.81,2.6602670487,,,,,,,,,,,,70.0883907942,221.2211877473,,,5.5567278799,-20.1501026826,,,,,,6.0528533294,-5.4811053407,7.2771560026,,,-9.4454190237,,,76.1797722815,-92.9479204702,-86.0621477327,8199.4956335989,,,-93.909656,,,-82.623222752,-36.367571391,50.3962141105,,,,,,,17.7933907588,,,-126.9125156269,,,-3.9316282843,,,,,84.8072741675,-24.8025061291,85.0098007637,,,-82.691256639,,,,-19.0377717798,,,95.888739082,431.6180888872,,,35.7353986197,59.4046022302,,,50.5839056762,-13.5768991084,-88.4900566882,9.4403899114,9.4403899114,,-5.2156934343,-53.5299203549,,,,-204.519342843,-55.2678048647,99.937344104,-66.7281310011,82.6040630334,-177.0501468372,-89.9975181885,-123.0305860034,,168.0557938325,78.2066934426,9596.4682792155,,,,76.1797722815,,,,,50.5839056762,59.4046022302,,,,,35.7353986197,标准无保留意见,,,,23070601.4,0.0482835955
002270.SZ,002270,华明装备,10120706,通用,2022-09-30 00:00:00,三季报,2022三季报,058001001,2022-10-25 00:00:00,2023-10-24 00:00:00,CNY,1113682677.58,,,,,,,,,,,,20195156.38,25294106.76,,0.0,1159171940.72,388463787.73,,,,,,188287744.88,132893408.79,110828232.69,,0.0,820473174.09,,0.0,338698766.63,17505864.17,67900.0,95195137.2,3000000.0,,,,0.0,115768901.37,27452669.08,96665100.0,,,,,,0.0,124117769.08,,0.0,-8348867.71,495799998.65,,400000000.0,,,,0.0,895799998.65,504614978.58,371937713.88,1424755.09,,30116834.72,,,0.0,906669527.18,,0.0,-10869528.53,54550980.12,,0.0,374031350.51,655397333.16,,0.0,1029428683.67,,,,,,,,,,,,,,,,,,,,,,,,,,,,,,,,,,,,,,-0.9836726768,,,,,,,,,,,,17.8713982236,82.5649332184,,,0.2974188333,-6.5798265018,,,,,,7.285108761,-22.8623962094,-7.110725903,,,-7.0727283273,,,24.1496658921,-98.1682142888,-98.8856540745,1226641.4587628867,,,,,,-87.9629712887,-71.0699685275,-53.8776117822,,,,,,,-59.3599107979,,,-101.2719838642,,,-14.6058918083,,,,,75.0373823071,-29.8524300743,383.6060549364,,,-86.5167997374,,,,-11.0791752334,,,97.8597412715,9711.1265563711,,,-11.1042219639,59.4046022302,,,23.7433909678,,,,,,,,,,,,,,,,,,,,,,,,,,,,,,,,,,,,,,,,,,,
002270.SZ,002270,华明装备,10120706,通用,2022-06-30 00:00:00,中报,2022中报,058001001,2022-08-22 00:00:00,2023-08-11 00:00:00,CNY,761400377.5,,,,,,,,,,,,18843606.41,14545745.45,,0.0,794789729.36,295680683.09,,,,,,128685856.09,64103082.8,59755503.82,,0.0,548225125.8,,0.0,246564603.56,10840764.17,10840764.17,95195137.2,3000000.0,,,,0.0,109035901.37,12037690.0,56665100.0,,,,,,0.0,68702790.0,,0.0,40333111.37,495799998.65,,50000000.0,,,,0.0,545799998.65,422614978.58,134777907.84,,,19229831.32,,,0.0,576622717.74,,0.0,-30822719.09,29566975.79,,0.0,285641971.63,655397333.16,,0.0,941039304.79,186998449.25,-13653602.03,26718030.6,26718030.6,,7195554.07,755819.15,,,,-39377.31,35046.72,,6340104.75,-1995576.91,6087585.35,6421666.27,-334080.92,,-7316334.12,60538308.89,-36588629.51,,,0.0,246564603.56,,,,,941039304.79,655397333.16,,,,,285641971.63,1.1325947192,,,,,,,,,,,,285.3450008246,21.1935312663,,,3.2508879004,12.6603668728,,,,,,4.7022849007,-51.9877978751,-13.743677178,,,-6.7882778179,,,35.7621672022,-97.3540648316,77.914011518,1226641.4587628867,,,,,,-73.8092737004,-83.2819149795,-69.3227743012,,,,,,,-73.3346206581,,,-74.5800284524,,,-88.0501813418,,,,,18.1957347534,-41.2514193593,87.7110714745,,,-66.4172430318,,,,-32.0360018699,,,92.0282095548,1339.3917956128,,,685.9219109504,59.4046022302,,,159.6669113573,-38.4958479548,-122.5038928123,17.6552297609,17.6552297609,,0.2806518763,51.3125914612,,,,-614.4428796137,,,106.5289407204,64.5260374814,-88.7191888021,139.2699626013,-100.4751089919,,82.6099314989,2566.1322196476,-180.3844752698,,,,35.7621672022,,,,,159.6669113573,59.4046022302,,,,,685.9219109504,,,,,11489224.66,-7.3270164456
002270.SZ,002270,华明装备,10120706,通用,2022-03-31 00:00:00,一季报,2022一季报,058001001,2022-04-26 00:00:00,2023-04-21 00:00:00,CNY,406880475.83,,,,,,,,,,,,3650990.33,3131845.88,,0.0,413663312.04,188468212.43,,,,,,76310389.63,30375807.48,34606269.44,,0.0,329760678.98,,0.0,83902633.06,,,95195137.2,,,,,0.0,95195137.2,7467190.0,,,,,,,0.0,7467190.0,,0.0,87727947.2,495799998.65,,,,,,0.0,495799998.65,198014978.58,4927055.56,,,10983274.43,,,0.0,213925308.57,,0.0,281874690.08,-270730.06,,0.0,453234540.28,655397333.16,,0.0,1108631873.44,,,,,,,,,,,,,,,,,,,,,,,,,,,,,,,,,,,,,,20.0830462618,,,,,,,,,,,,62.3103102698,-27.6174215348,,,19.7605164924,45.1506304889,,,,,,9.1767224137,-42.7903082266,-34.369455654,,,7.9187397168,,,110.5731526973,,,1226641.4587628867,,,,,,-46.7433308756,-85.3277676284,,,,,,,,-96.8431229654,,,251.8062372705,,,,,,,,287.7284634864,56416.8434511095,77.2864385298,,,-64.8315250514,,,,522.6004234532,,,201.4282611722,82.3053249908,,,512.1607677633,59.4046022302,,,128.4935239382,,,,,,,,,,,,,,,,,,,,,,,,,,,,,,,,,,,,,,,,,,,
002270.SZ,002270,华明装备,10120706,通用,2021-12-31 00:00:00,年报,2021年报,058001001,2022-04-22 00:00:00,2023-04-12 00:00:00,CNY,1574731351.91,,,,,,,,,,,,17035620.2,16051837.11,,0.0,1607818809.22,682899210.13,,,,,,228148293.35,248209562.02,166860370.53,,0.0,1326117436.03,,0.0,281701373.19,953587526.29,6093262.03,1155755.02,,,500000.0,,0.0,961336543.34,108308269.52,184622400.0,,1300000.0,,,,0.0,294230669.52,,0.0,667105873.82,,,468416391.33,,43360000.0,,0.0,511776391.33,734200000.0,203298055.68,,,265817359.01,,,0.0,1203315414.69,,0.0,-691539023.36,-13024222.32,,0.0,244244001.33,411153331.83,,0.0,655397333.16,421012445.58,62935395.89,48770708.13,48770708.13,,15076730.83,4308565.2,,,,411953.92,440790.91,-283012200.55,50840801.1,-20153527.44,26592926.18,-6743421.01,33336347.19,,-18509740.48,-49669976.52,-402967.02,0.0,,0.0,281701373.19,,,,,655397333.16,411153331.83,,,,,244244001.33,15.1661015127,,,,,,,,,,,,-20.6849447041,-70.6795477596,,,11.3770887131,30.8427232872,,,,,,17.5689525255,69.4024209965,-2.065102989,,,28.390502225,,,-31.4099785559,109.0009043725,36.755356658,-99.3163388611,,,-97.889964546,,,47.1135518544,-59.6871846388,-74.2180681556,,-60.0318135696,,,,,-70.3812199102,,,296.2499759821,,,207.3854632179,,-80.9959090988,,,34.1323454381,216.1929371232,58.4949447288,,,274.590681874,,,,178.913288205,,,-1286.2917918815,-196.3444904212,,,1380.4917166463,4.1802224246,,,59.4046022302,44.3990723411,-13.7019186888,45.9660233449,45.9660233449,,13.9384105548,318.5785113992,,,,100.2223553107,-89.5746975682,-25362.8551972803,-31.7406350175,-288.4011238535,1848.2629053641,-54100.0704886463,2309.6602222118,,-204.0600504734,-145.5654840396,97.4299508445,100.0,,,-31.4099785559,,,,,59.4046022302,4.1802224246,,,,,1380.4917166463,标准无保留意见,,,,23059467.46,
002270.SZ,002270,华明装备,10120706,通用,2021-09-30 00:00:00,三季报,2021三季报,058001001,2021-10-26 00:00:00,2022-10-25 00:00:00,CNY,1124746501.6,,,,,,,,,,,,17133211.86,13854854.99,,0.0,1155734568.45,415824305.59,,,,,,175502217.46,172280965.78,119312195.91,,0.0,882919684.74,,0.0,272814883.71,955672056.13,6093260.49,7760.0,,,,,0.0,961773076.62,94893326.01,209583900.0,,930000.0,,,,0.0,305407226.01,,0.0,656365850.61,,,468416391.33,,43360000.0,,0.0,511776391.33,719362023.68,76909234.3,,,223365626.36,,,0.0,1019636884.34,,0.0,-507860493.01,-567581.54,,0.0,420752659.77,411153331.83,,0.0,831905991.6,,,,,,,,,,,,,,,,,,,,,,,,,,,,,,,,,,,,,,15.2408623658,,,,,,,,,,,,137.4002055065,-72.9245747123,,,11.7316099972,19.6948144637,,,,,,19.0680602492,38.9974521842,-20.6900031318,,,14.786609745,,,2.8709543648,1637.5855566,75.0014448562,-99.9982407833,,,,,,92.5135359834,28.8800238153,-59.4815771522,,,,,,,-48.3135943676,,,818.9286968913,,,222.6786011297,,-47.7013431333,,,124.3910530249,234.431438252,-38.8612418393,,,424.9802389733,,,,165.9168496479,,,-226.8746858367,77.5716393181,,,2529.0284928164,4.1802224246,,,102.5778233537,,,,,,,,,,,,,,,,,,,,,,,,,,,,,,,,,,,,,,,,,,,
002270.SZ,002270,华明装备,10120706,通用,2021-06-30 00:00:00,中报,2021中报,058001001,2021-08-24 00:00:00,2022-08-22 00:00:00,CNY,752873373.43,,,,,,,,,,,,4890061.21,12002080.72,,0.0,769765515.36,262453151.27,,,,,,122906444.89,133514148.41,69276665.02,,0.0,588150409.59,,0.0,181615105.77,409713900.0,6093260.49,7760.0,,,500000.0,,0.0,416314920.49,72004000.37,184713900.0,,930000.0,,,,0.0,257647900.37,,0.0,158667020.12,,,418416391.33,,43360000.0,,0.0,461776391.33,719362023.68,71800723.73,,,57261026.36,,,0.0,848423773.77,,0.0,-386647382.44,-2385603.64,,0.0,-48750860.19,411153331.83,,0.0,362402471.64,304041992.34,60672178.56,22708748.82,22708748.82,,7175416.13,499508.43,,,,7654.36,,-283012200.55,3069838.41,-5625469.41,53964074.42,-16352616.21,70316690.63,,-42071910.87,2270641.66,45517034.71,,,0.0,181615105.77,,,,,362402471.64,411153331.83,,,,,-48750860.19,23.2544935122,,,,,,,,,,,,24.7829266124,-69.4548026142,,,17.6939419637,-3.8965645253,,,,,,23.9884711876,49.4981718021,-17.2906785608,,,7.8602743948,,,67.0010674729,,93.1233374013,-99.9982379263,,,,,,-6.1392613201,258.6765442413,-42.4567291512,,,,,,,-24.4600260521,,,54.8417865296,,,188.2350369097,,-52.2625800676,,,95.6719317741,498.9692120566,-15.1688502344,,,36.1187429069,,,,243.760652086,,,-3476.3171469363,-602.1535018775,,,-124.2680408714,5.51981734,,,-38.6310460454,43.4306920696,320.6768284602,28.9849069086,28.9849069086,,17.6497038329,1.8866415507,,,,100.0046000782,,-20848.0104010644,-90.1208938287,-78.296895183,573.5116868571,-105.248081144,2150.4545083348,,44.0612415937,-93.3644079078,-4.2272492187,,,,67.0010674729,,,,,-38.6310460454,5.51981734,,,,,-124.2680408714,,,,,12397598.76,
002270.SZ,002270,华明装备,10120706,通用,2021-03-31 00:00:00,一季报,2021一季报,058001001,2021-04-27 00:00:00,2022-04-26 00:00:00,CNY,338832573.37,,,,,,,,,,,,2249389.04,4326795.13,,0.0,345408757.54,129843192.41,,,,,,69896208.59,53095562.2,52728908.14,,0.0,305563871.34,,0.0,39844886.2,175000000.0,3240064.01,7760.0,,,500000.0,,0.0,178747824.01,50893346.09,184713900.0,,930000.0,,,,0.0,236537246.09,,0.0,-57789422.08,,,80000000.0,,47872994.98,,0.0,127872994.98,350364.54,2779149.72,,,31230454.11,,,0.0,34359968.37,,0.0,93513026.61,-1530008.66,,0.0,74038482.07,411153331.83,,0.0,485191813.9,,,,,,,,,,,,,,,,,,,,,,,,,,,,,,,,,,,,,,2.1807164412,,,,,,,,,,,,-10.8766914458,-51.6040250338,,,0.6830059869,2.5181484522,,,,,,26.8117484655,-7.4052691345,-21.3741406434,,,-0.2002172566,,,8.0137734775,,,-99.9904425516,,,,,,120.1511739306,447.4586246971,,,,,,,,2444.4260474656,,,-180.3781522471,,,-42.8571428571,,52.5388125718,,,-25.3880815686,-99.5508146923,-35.5339034338,,,27.4688261733,,,,-67.8312056685,,,44.8183176299,25.5636678806,,,-56.7791827927,5.4747045057,,,-13.5307849611,,,,,,,,,,,,,,,,,,,,,,,,,,,,,,,,,,,,,,,,,,,
002270.SZ,002270,华明装备,10120706,通用,2020-12-31 00:00:00,年报,2020年报,058001001,2021-04-01 00:00:00,2022-06-01 00:00:00,CNY,1367356653.76,,,,,,,,,,,,21478419.37,54746212.57,,0.0,1443581285.7,521923721.07,,,,,,194054883.07,146520669.87,170378869.66,,0.0,1032878143.67,,0.0,410703142.03,456260000.0,4455592.95,169053783.27,,,23696284.3,,0.0,653465660.52,268669574.55,716092188.57,,3252586.91,,5377912.0,,0.0,993392262.03,,0.0,-339926601.51,997150.05,997150.05,152387294.58,,228161400.75,,0.0,381545845.38,232200000.0,128267848.56,,,70962085.25,,,0.0,431429933.81,,0.0,-49884088.43,-4394960.17,,0.0,16497491.92,394655839.91,,0.0,411153331.83,291561738.42,72927920.22,33412370.23,33412370.23,,13232351.37,1029332.63,,,,-185268307.17,4228087.51,1120270.05,74481796.18,-5188843.75,-1521105.67,-12441.72,-1508663.95,,17787556.7,109007898.34,-15679350.69,-428572.34,,0.0,410703142.03,,,,,411153331.83,394655839.91,,,,,16497491.92,6.8092014844,,,,,,,,,,,,157.3360013229,-3.0646083515,,,7.3286929641,-11.6765296684,,,,,,-2.8844385383,-4.6177948699,-20.9603676699,,,-10.952418706,,,121.8907124264,537.056688076,11.6367321059,38321.4890226774,,,,,,665.9243737067,210.0477930527,1527.48224675,,-86.832319147,,,,,539.4315254602,,,-385.3440312307,,,-48.1675868776,,61.7093847436,,,-12.3071565869,-29.5913635566,38.0547628767,,,-63.7162073518,,,,-30.2203924579,,,72.7679607929,30.2534777427,,,122.165501295,-14.9584787443,,,5.51981734,85.0769488721,223.1069813999,5.4589140832,5.4589140832,,4.7760784353,-0.6242679623,,,,-21441.7014759292,5503.8285364688,-30.4610837083,4.1833623321,41.5133685501,93.6284700244,99.9454917348,-43.9436579592,,378.4537323065,-24.9206943755,93.1651048646,63.3191577463,,,121.8907124264,,,,,5.51981734,-14.9584787443,,,,,122.165501295,标准无保留意见,,,,,
002270.SZ,002270,华明装备,10120706,通用,2020-09-30 00:00:00,三季报,2020三季报,058001001,2020-10-27 00:00:00,2021-10-26 00:00:00,CNY,975996255.59,,,,,,,,,,,,7217016.44,51171329.14,,0.0,1034384601.17,347403776.39,,,,,,147396553.78,123945412.72,150437776.6,,0.0,769183519.49,,0.0,265201081.68,55000000.0,3481834.39,441105413.7,,,,,0.0,499587248.09,73629196.52,517255819.13,,,,,,0.0,590885015.65,,0.0,-91297767.56,,,145165000.0,,82908438.95,,0.0,228073438.95,215100000.0,125794564.06,,,42547435.08,,,0.0,383441999.14,,0.0,-155368560.19,-2530642.11,,0.0,16004111.82,394655839.91,,0.0,410659951.73,,,,,,,,,,,,,,,,,,,,,,,,,,,,,,,,,,,,,,56.6124919393,,,,,,,,,,,,8.8649944807,-42.7943080637,,,43.8098113988,11.6998151043,,,,,,-1.0127829831,-6.1865207235,18.301773266,,,6.9493451737,,,384016.585686762,,7.1223773975,230025.9462124374,,,,,,688.8869275765,63.3953382098,51625.581913,,,,,,,656.943283042,,,-519.6453274767,,,-50.6241496599,,54.3970745125,,,-34.4047672414,4.3217185189,40.6702332604,,,-61.1460758831,,,,-5.3510966574,,,-170.5723374155,-77.383532276,,,121.7702520759,-14.9584787443,,,5.1462765299,,,,,,,,,,,,,,,,,,,,,,,,,,,,,,,,,,,,,,,,,,,
002270.SZ,002270,华明装备,10120706,通用,2020-06-30 00:00:00,中报,2020中报,058001001,2020-08-20 00:00:00,2021-08-24 00:00:00,CNY,610828337.35,,,,,,,,,,,,3918854.4,39292856.97,,0.0,654040048.72,273094452.84,,,,,,99127317.01,89308214.81,83759198.86,,0.0,545289183.52,,0.0,108750865.2,,3155113.5,440390213.7,,,,,0.0,443545327.2,20074911.93,321000001.0,,,,,,0.0,341074912.93,,0.0,102470414.27,,,145165000.0,,90830212.57,,0.0,235995212.57,120100000.0,84639573.94,,,42066966.78,,,0.0,246806540.72,,0.0,-10811328.15,475074.58,,0.0,200885025.9,389645606.1,,0.0,590530632.0,211978334.59,14422514.97,17605741.14,17605741.14,,6098966.59,490259.0,,,,-166396300.18,130389.36,1364045.01,31074050.19,-3155113.5,-11396566.53,-7967244.38,-3429322.15,,-75210662.64,34219126.62,47526080.58,,,0.0,108750865.2,,,,,590530632.0,389645606.1,,,,,200885025.9,71.899431695,,,,,,,,,,,,-20.4549515767,-59.0876332774,,,43.3328272078,42.0830874808,,,,,,-3.148736467,-13.5689030442,-4.0427683447,,,12.3903280461,,,476.7457244668,,0.0,336075.735648855,,,,,,1004.1096129812,-19.8000233033,32000.0001,,,,,,,1210.2608501618,,,624.6257983366,,,-50.4854513808,,60.5329192539,,,-32.5259281838,13.1001332265,61.8446664934,,,-63.4869771463,,,,-9.8248156436,,,-114.2141828871,113.5723592055,,,247.3408255167,-16.0380976476,,,13.1481060797,202.4106337055,-54.9240847178,11.366962614,11.366962614,,2.4056125246,-3.5093701457,,,,-39082.834679704,,,-9.7302530889,63.841408719,32.6905632973,51.4223321025,-546.3595545322,,-80.6887868953,-72.837364963,119.2586434308,,,,476.7457244668,,,,,13.1481060797,-16.0380976476,,,,,247.3408255167,,,,,,
002270.SZ,002270,华明装备,10120706,通用,2020-03-31 00:00:00,一季报,2020一季报,058001001,2020-04-30 00:00:00,2021-04-27 00:00:00,CNY,331601289.53,,,,,,,,,,,,2523906.57,8940402.86,,0.0,343065598.96,126653860.19,,,,,,55118086.01,57341882.96,67063061.15,,0.0,306176890.31,,0.0,36888708.65,,,81193218.65,,,,,0.0,81193218.65,9296290.86,,,,,,,0.0,9296290.86,,0.0,71896927.79,,,140000000.0,,31384140.32,,0.0,171384140.32,78000000.0,4311025.28,,,24500464.19,,,0.0,106811489.47,,0.0,64572650.85,-2055459.5,,0.0,171302827.79,389812262.34,,0.0,561115090.13,,,,,,,,,,,,,,,,,,,,,,,,,,,,,,,,,,,,,,13.873612281,,,,,,,,,,,,-9.7189153554,-11.2125700906,,,12.8259475202,-43.2484229777,,,,,,-4.8028984914,4.4992820282,-4.1479715457,,,-24.5701606038,,,136.2210518438,,,,,,,,,116.8195962205,1437.5601506517,,,,,,,,157.8998209558,,,112.4441147897,,,79.4871794872,,70.1732421686,,,77.7060972466,56.0,19.1317420053,,,1125.0232095,,,,92.042391353,,,58.1741852647,15.6088049649,,,678.483291449,-16.0021861045,,,29.1517406593,,,,,,,,,,,,,,,,,,,,,,,,,,,,,,,,,,,,,,,,,,,
002270.SZ,002270,华明装备,10120706,通用,2019-12-31 00:00:00,年报,2019年报,058001001,2020-04-29 00:00:00,2021-04-01 00:00:00,CNY,1280186196.28,,,,,,,,,,,,8346449.49,56477011.79,,0.0,1345009657.56,590923023.19,,,,,,199818525.63,153614261.35,215561313.53,,0.0,1159917123.7,,0.0,185092533.86,71620000.0,3991153.15,439998.0,9266105.09,,,,0.0,85317256.24,86654245.11,44000000.0,,24701289.06,,,,0.0,155355534.17,,0.0,-70038277.93,,,294000000.0,,141093481.44,,0.0,435093481.44,329789088.0,92910846.31,,,195575159.24,,,0.0,618275093.55,,0.0,-183181612.11,-6301332.35,,0.0,-74428688.53,464074294.63,,0.0,389645606.1,157535414.43,22570827.75,31682831.67,31682831.67,,12629172.2,1035798.79,,,,868104.67,75449.98,1610997.28,71491065.86,-8871845.79,-23873475.85,-22825382.47,-1048093.38,,3717717.2,145190338.98,-229401481.36,-1168381.95,,0.0,185092533.86,,,,,389645606.1,464074294.63,,,,,-74428688.53,10.1786949434,,,,,,,,,,,,-44.1246546793,-74.9212004072,,,-4.0686231111,29.9276138385,,,,,,22.7276674379,-9.2233310507,18.820787248,,,19.7935591922,,,-57.3313639157,19.1317452981,8215.4550271153,11.1106060606,-69.0970015992,,,,,-5.7755138015,35.9848378876,-87.211397469,,-91.9656905179,,,,,-78.6203826148,,,88.9895228562,,,-74.8046193355,,188.265008032,,,-64.2619400842,-62.173477934,8.9520581636,,,171.2673326747,,,,-39.9277904726,,,-197.3171999007,-252.2557778685,,,-648.4024634553,-2.0980176175,,,-16.0380976476,-8.0046652376,-62.2242720693,6.6416361645,6.6416361645,,103.1405074939,99.0447244871,,,,271.7523001327,,,39.1804965414,51.9428728131,-8.1800597491,-11.7465158933,36.1791358784,,-89.1656606892,-28.734555723,-177.1733344471,,,,-57.3313639157,,,,,-16.0380976476,-2.0980176175,,,,,-648.4024634553,标准无保留意见,,,,,
002270.SZ,002270,华明装备,10120706,通用,2019-09-30 00:00:00,三季报,2019三季报,058001001,2019-10-25 00:00:00,2020-10-27 00:00:00,CNY,623191830.68,,,,,,,,,,,,6629326.97,89451464.37,,0.0,719272622.02,311015533.97,,,,,,148904634.58,132118980.85,127164430.8,,0.0,719203580.2,,0.0,69041.82,,3250333.38,191680.0,9266105.09,,50620000.0,,0.0,63328118.47,45061993.4,1000000.0,,,,32000000.0,,0.0,78061993.4,,0.0,-14733874.93,,,294000000.0,,53698192.93,,0.0,347698192.93,206189088.0,89425147.84,,,109506146.54,,,0.0,405120382.38,,0.0,-57422189.45,-1426649.97,,0.0,-73513672.53,464074294.63,,0.0,390560622.1,,,,,,,,,,,,,,,,,,,,,,,,,,,,,,,,,,,,,,-31.3238480585,,,,,,,,,,,,-41.340271678,550.3680667827,,,-22.8654516203,-25.1417257281,,,,,,27.8263305273,-7.9942615924,0.301240509,,,-10.3621272424,,,-99.946951075,,6727.8175407757,-59.5274303854,-69.1129830333,,,,,107.4888922978,-16.6029462367,-99.654020304,,,,,,,-83.4266874459,,,96.655109419,,,-71.3696012655,,1887.9108345712,,,-66.2823991828,-54.9531250456,14.6199789941,,,123.9852116287,,,,-30.7048124002,,,-112.8582979977,71.0451217699,,,-155.9855890222,-1.9850529029,,,-35.4211690608,,,,,,,,,,,,,,,,,,,,,,,,,,,,,,,,,,,,,,,,,,,
002270.SZ,002270,华明装备,10120706,通用,2019-06-30 00:00:00,中报,2019中报,058001001,2019-08-27 00:00:00,2020-08-20 00:00:00,CNY,355340521.68,,,,,,,,,,,,4926584.97,96041515.36,,0.0,456308622.01,192207572.12,,,,,,102350050.37,103328799.42,87288052.62,,0.0,485174474.53,,0.0,-28865852.52,,3155113.5,131000.0,9266105.09,,27620000.0,,0.0,40172218.59,25031069.53,1000000.0,,,,,,0.0,26031069.53,,0.0,14141149.06,,,293176458.33,,56580427.86,,0.0,349756886.19,106189088.0,52296795.3,,,115210857.64,,,0.0,273696740.94,,0.0,76060145.25,-3500309.51,,0.0,57835132.28,464074294.63,,0.0,521909426.91,70096190.73,31996055.72,15808764.76,15808764.76,,5955695.63,508089.75,,,,426845.05,,,34423548.59,-8725764.44,-16931602.89,-16401043.37,-530559.52,,-41624421.71,125978670.97,-246777924.68,,,0.0,-28865852.52,,,,,521909426.91,464074294.63,,,,,57835132.28,-46.1952889303,,,,,,,,,,,,-41.3616228361,700.3226019174,,,-32.9774400806,-18.7824810226,,,,,,21.8039731036,-18.7594461403,-3.2319909207,,,-9.8320081889,,,-120.2212607194,,,63.75,,,,,,50115.2732375,-32.0133557915,-99.654020304,,,,,,,-92.011380893,,,104.3408126248,,,44.0670556904,,219.2841886584,,,-61.9559037576,-65.4917845793,-28.5646160555,,,70.4669990498,,,,-38.9771461215,,,-83.8455486946,-365.4779433364,,,-79.8523861742,-2.0980176175,,,-31.4248207678,72.3896842183,-0.2793080524,14.1307624967,14.1307624967,,252.8431311324,3428.7049023666,,,,,,,80.143712714,,-65.9266973498,-60.727308404,,,52.5008569623,-55.8241100946,-62.3551775591,,,,-120.2212607194,,,,,-31.4248207678,-2.0980176175,,,,,-79.8523861742,,,,,,
002270.SZ,002270,华明装备,10120706,通用,2019-03-31 00:00:00,一季报,2019一季报,058001001,2019-04-30 00:00:00,2020-04-30 00:00:00,CNY,291201168.46,,,,,,,,,,,,2795609.49,10069446.62,,0.0,304066224.57,223172406.54,,,,,,57898911.98,54872992.28,69965197.64,,0.0,405909508.44,,0.0,-101843283.87,,,,9197890.65,,28249471.15,,0.0,37447361.8,604613.15,3000000.0,,,,,,0.0,3604613.15,,0.0,33842748.65,,,78000000.0,,18442464.82,,0.0,96442464.82,50000000.0,3618704.14,,,2000000.0,,,0.0,55618704.14,,0.0,40823760.68,-2435632.65,,0.0,-29612407.19,464074294.63,,0.0,434461887.44,,,,,,,,,,,,,,,,,,,,,,,,,,,,,,,,,,,,,,-8.2093986779,,,,,,,,,,,,-59.3928439982,12.4693836515,,,-8.7114823857,59.2188226175,,,,,,11.4991003773,-16.6595930588,55.2839341048,,,33.9665858134,,,-438.4671288766,,,,,,,,,93518.4045,-98.1917360841,,,,,,,,-89.2194010499,,,201.3373908575,,,56.0,,5.3979935239,,,42.8821120131,-4.0859389987,-38.4886384929,,,-95.0835233642,,,,-43.6444603265,,,230.8680558266,-45.9561583445,,,18.1296642739,-2.0980176175,,,-0.7736745645,,,,,,,,,,,,,,,,,,,,,,,,,,,,,,,,,,,,,,,,,,,
002270.SZ,002270,华明装备,10120706,通用,2018-12-31 00:00:00,年报,2018年报,058001001,2019-04-27 00:00:00,2020-04-29 00:00:00,CNY,1161918097.63,,,,,,,,,,,,14937624.89,225198226.02,,0.0,1402053948.54,454809417.13,,,,,,162814571.32,169222183.55,181417173.31,,0.0,968263345.31,,0.0,433790603.23,60118316.76,47996.81,396000.0,29984485.55,,,,0.0,90546799.12,63723460.98,344056357.16,,307447567.4,,11425161.0,,0.0,726652546.54,,0.0,-636105747.42,1625000.0,1625000.0,1166880564.0,696500000.0,48945753.91,,0.0,1217451317.91,871846180.9,85276816.13,,,72096834.26,,,0.0,1029219831.29,,0.0,188231486.62,4138649.08,,0.0,-9945008.49,474019303.12,,0.0,464074294.63,171242829.69,59749550.8,29709626.38,29709626.38,,6216963.99,520384.95,,,,233516.96,,,51365721.23,-18461040.66,-22068277.56,-20426035.02,-1642242.54,,34314203.14,203731753.1,-82764628.79,,,0.0,433790603.23,,,,,464074294.63,474019303.12,,,,,-9945008.49,36.6281065595,,,,,,,,,,,,36.8803635818,978.7834710148,,,58.924828427,-32.4223125712,,,,,,6.0763772216,15.9359467996,7.7250571274,,,-15.1297289124,,,267.705221841,100.3943892,-61.3398360829,-57.5248576117,,,,,,191.5554364126,93.5272715568,,,,,,,,2106.8337554013,,,-33899.6250411342,10804.7375548424,10804.7375548424,75.2806726718,,282.433229302,,,79.4236184271,270.9983748511,567.8966187038,,,209.8232768985,,,,279.7322828901,,,-53.807806634,169.7283562138,,,-107.0518242499,42.3516251894,,,-2.0980176175,-43.8946238688,121.5233521719,-3.4074248764,-3.4074248764,,39.15538335,476.4277328244,,,,148.5034208837,,,189.8037180405,-14769.8811024292,-272.8815581888,-274.0111850429,-259.3809826209,,-0.1539652008,124.4581901322,-151.3599358432,,,,267.705221841,,,,,-2.0980176175,42.3516251894,,,,,-107.0518242499,标准无保留意见,,,,,
002270.SZ,002270,华明装备,10120706,通用,2018-09-30 00:00:00,三季报,2018三季报,058001001,2018-10-26 00:00:00,2019-10-25 00:00:00,CNY,907435569.79,,,,,,,,,,,,11301325.73,13753975.47,0.0,0.0,932490870.99,415472487.17,,,,,,116489798.28,143598631.06,126782510.52,0.0,0.0,802343427.03,,0.0,130147443.96,,47604.28,473604.72,30000000.0,,,0.0,0.0,30521209.0,54033075.95,289034302.2,,127942826.63,,,0.0,0.0,471010204.78,,0.0,-440488995.78,1625000.0,1625000.0,1026880564.0,696500000.0,2701237.5,,0.0,1031206801.5,457721180.9,78018813.67,,,48889900.25,,0.0,0.0,584629894.82,,0.0,446576906.68,-4927148.92,,0.0,131308205.94,473472983.84,,0.0,604781189.78,,,,,,,,,,,,,,,,,,,,,,,,,,,,,,,,,,,,,,111.4296577216,,,,,,,,,,,,22.1287141926,-21.7196830213,,,104.4873020654,-25.4556058414,,,,,,0.4774761764,14.1921882629,4.6691739882,,,-12.8042917304,,,128.039963985,,-61.6560086398,628.6226461538,,,,,,1.0999264101,67.6581029459,,,,,,,,1361.4877278992,,,-21503.3765405609,,,115.2378004688,,16255.9303047954,,,116.1371131983,553.8874012857,981.4199348639,,,-45.125186545,,,,251.5344514125,,,43.6864011285,-18.079855081,,,182.2929922688,42.1833341521,,,248.697816279,,,,,,,,,,,,,,,,,,,,,,,,,,,,,,,,,,,,,,,,,,,
002270.SZ,002270,华明装备,10120706,通用,2018-06-30 00:00:00,中报,2018中报,058001001,2018-08-28 00:00:00,2019-08-27 00:00:00,CNY,660426409.91,,,,,,,,,,,,8401639.35,12000350.25,0.0,0.0,680828399.51,236657773.52,,,,,,84028499.04,127188693.96,90203418.93,0.0,0.0,538078385.45,,0.0,142750014.06,,,80000.0,,,,0.0,0.0,80000.0,36817627.67,289034302.2,,,,,0.0,0.0,325851929.87,,0.0,-325771929.87,1625000.0,1625000.0,203500000.0,696500000.0,17721024.05,,0.0,919346024.05,307721180.9,73208531.14,,,67585431.95,,0.0,0.0,448515143.99,,0.0,470830880.06,-751981.82,,0.0,287056982.43,474019303.12,,0.0,761076285.55,40661476.38,32085673.59,13851449.35,13851449.35,,1687915.99,14398.76,,,,,,,19108937.01,,-10204266.8,-10204266.8,,,-87631942.49,285175174.15,-151998801.88,,0.0,0.0,142750014.06,,,,,761076285.55,474019303.12,761076285.55,474019303.12,,,287056982.43,158.9194827471,,,,,,,,,,,,60.1641024298,1.8484170749,,,150.2140480534,-47.5097445605,,,,,,2.4603935289,40.9281718154,19.3249218114,,,-22.9904696658,,,133.4608334361,,,23.0769230769,,,,,,-99.7350041372,49.2060894809,,,,,,,,1219.1223512347,,,-6037.1872216464,,,-46.0342722643,,75.2358591266,,,137.4320456926,,3300.7398237044,,,-22.9604328769,,,,399.0103395235,,,58.3567395049,48.9978752422,,,329.1273075447,42.3473931363,,,266.3970501981,-58.5306602416,-36.9135757467,-4.1213452859,-4.1213452859,,-23.9642532939,-76.757359512,,,,,,,506.1385370433,,18.9989100487,16.4936284324,,,-58.7339303739,152.6398052717,-1173.2507902824,,,,133.4608334361,,,,,266.3970501981,42.3473931363,266.3970501981,42.3473931363,,,329.1273075447,,,,,,
002270.SZ,002270,华明装备,10120706,通用,2018-03-31 00:00:00,一季报,2018一季报,058001001,2018-04-28 00:00:00,2019-04-30 00:00:00,CNY,317245082.03,,,,,,,,,,,,6884524.22,8953055.75,0.0,0.0,333082662.0,140167100.14,,,,,,51927694.29,65842001.85,45056301.57,0.0,0.0,302993097.85,,0.0,30089564.15,,,40000.0,,,,0.0,0.0,40000.0,33436112.1,,,,,,0.0,0.0,33436112.1,,0.0,-33396112.1,,,50000000.0,,17497927.81,,0.0,67497927.81,52130000.0,5882984.95,,,40679538.38,,0.0,0.0,98692523.33,,0.0,-31194595.52,-1668742.64,,0.0,-36169886.11,474019303.12,,0.0,437849417.01,,,,,,,,,,,,,,,,,,,,,,,,,,,,,,,,,,,,,,156.490542458,,,,,,,,,,,,273.4395991495,130.9229480615,,,157.3905931098,30.0357073073,,,,,,-4.1670588054,63.4395734948,38.4775348233,,,29.0436008907,,,128.5502658625,,,-66.4890811373,,,,,,-99.8677402396,520.9378885486,,,,,,,,517.4610390057,,,-234.5076119103,,,-44.4444444444,,-16.6765342381,,,-39.191056027,,1534.0941718964,,,,,,,27313.443779642,,,-128.1946852524,-67.1375825758,,,-224.3872951593,42.3516251894,,,20.9293979785,,,,,,,,,,,,,,,,,,,,,,,,,,,,,,,,,,,,,,,,,,,
002270.SZ,002270,华明装备,10120706,通用,2017-12-31 00:00:00,年报,2017年报,058001001,2018-04-24 00:00:00,2019-04-27 00:00:00,CNY,850423918.54,,,,,,,,,,,,10912905.62,20875201.75,0.0,0.0,882212025.91,673017136.92,,,,,,153488057.93,145961790.3,168407590.72,0.0,0.0,1140874575.87,,0.0,-258662549.96,30000000.0,124150.56,932310.0,,,,0.0,0.0,31056460.56,32927380.45,,,,,,0.0,0.0,32927380.45,,0.0,-1870919.89,14901.78,14901.78,665721180.9,,12798509.69,,0.0,678534592.37,235000000.0,12767966.44,,,23270309.12,,0.0,0.0,271038275.56,,0.0,407496316.81,-5935388.85,,0.0,141027458.11,332991845.01,,0.0,474019303.12,305216436.46,26972122.9,30757670.91,30757670.91,,4467641.74,90277.57,,,,-481444.31,99163.64,,17724314.09,-124150.56,-5918307.59,-5461343.36,-456964.23,,34367116.54,-832979676.74,161146285.39,,0.0,0.0,-258662549.96,,,,,474019303.12,332991845.01,,,,,141027458.11,17.1119383845,,,,,,,,,,,,-6.6937732392,-3.199456757,,,16.1685323606,33.880679889,,,,,,12.8931261922,7.4044144107,45.7767963149,,,28.1764207566,,,-97.9703651871,-91.6201117318,-96.3389631589,389.4015748031,,,,,,-91.4109407431,64.6963905863,,,,,,,,-91.0521666192,,,70.8176943754,-99.7727748415,-99.7639104224,,,,,,10246.4237344198,370.0,-69.4504716635,,,22.3092192936,,,,144.5749758688,,,490.8389123313,-243.7633861042,,,159.4546494261,-41.6002111357,,,42.3516251894,30.3151634136,4.9731235526,-1.663338309,-1.663338309,,0.314758077,21.7381049986,,,,-418.7161581436,,,603.7937890774,95.4678421248,-302.094368641,-530.268827203,24.5136585221,,114.3739607504,-191.6570065744,52.1649238044,,,,-97.9703651871,,,,,42.3516251894,-41.6002111357,,,,,159.4546494261,标准无保留意见,,,,,
002270.SZ,002270,华明装备,10120706,通用,2017-09-30 00:00:00,三季报,2017三季报,058001001,2017-10-25 00:00:00,2018-10-26 00:00:00,CNY,429190294.1,,,,,,,,,,,,9253618.86,17570158.12,0.0,0.0,456014071.08,557349069.45,,,,,,115936230.4,125751711.43,121126885.49,0.0,0.0,920163896.77,,0.0,-464149825.69,30000000.0,124150.56,65000.0,,,,0.0,0.0,30189150.56,32228132.73,,,,,,0.0,0.0,32228132.73,,0.0,-2038982.17,,,477091180.9,,16515.34,,0.0,477107696.24,70000000.0,7214478.96,,,89093515.17,,0.0,0.0,166307994.13,,0.0,310799702.11,-4172726.09,,0.0,-159561831.84,333001745.01,,0.0,173439913.17,,,,,,,,,,,,,,,,,,,,,,,,,,,,,,,,,,,,,,-16.7634384203,,,,,,,,,,,,11.0330495265,18.2204234058,,,-15.3685542967,186.5612266248,,,,,,13.6847825985,10.789739962,39.4181277104,,,85.1953633075,,,-1206.1128460619,-87.9032258065,-95.4277795291,-64.1399095222,,,,,,-87.9674923495,395.1524794947,,,,,,,,-87.3371208665,,,43.5520525125,,,,,,,,7176.7978359875,40.0,-82.7381336363,,,227.9354945892,,,,39.7988874526,,,376.4980339622,-322.9307811225,,,-121.0490803245,-41.5984748832,,,-65.1733854135,,,,,,,,,,,,,,,,,,,,,,,,,,,,,,,,,,,,,,,,,,,
002270.SZ,002270,华明装备,10120706,通用,2017-06-30 00:00:00,中报,2017中报,058001001,2017-08-24 00:00:00,2018-08-28 00:00:00,CNY,255070187.42,,,,,,,,,,,,5245644.45,11782559.41,0.0,0.0,272098391.28,450860395.97,,,,,,82010712.77,90250722.99,75594785.7,0.0,0.0,698716617.43,,0.0,-426618226.15,30000000.0,124150.56,65000.0,,,,0.0,0.0,30189150.56,24675687.03,,,,,26489.35,0.0,0.0,24702176.38,,0.0,5486974.18,,,377091180.9,,10112669.94,,0.0,387203850.84,,2152723.67,,,87728208.34,,0.0,0.0,89880932.01,,0.0,297322918.83,-1474412.73,,0.0,-125282745.87,333001745.01,,0.0,207718999.14,98051902.0,50859870.36,14446854.09,14446854.09,,2219897.96,61949.76,,,,103071.08,,,3152569.23,-124150.56,-12597690.73,-12219746.36,-377944.37,,-55206811.98,-541748155.56,14162468.2,,0.0,0.0,-426618226.15,,,,,207718999.14,333001745.01,207718999.14,333001745.01,,,-125282745.87,-32.84408935,,,,,,,,,,,,-7.7595995544,-38.1880045467,,,-32.7432695809,221.0695516496,,,,,,15.3054722557,21.3620823252,8.1229420473,,,96.362652864,,,-975.346033808,-86.5470852018,-92.0846265198,-87.8062507035,,,,,,-86.5886517746,321.489008439,,,,,,,,-88.5560936248,,,-40.662921588,,,,,,,,5629.4920117175,,-94.8492355189,,,974.0476045544,,,,-10.0851301169,,,419.0017271749,-194.1692968462,,,-272.2642920631,-41.5984748832,,,-61.2854104565,7.2919111511,140.5259985006,9.6678803786,9.6678803786,,-7.0809231933,,,,,314.0322891123,,,577.6901375995,94.5821307503,-486.5526842072,-554.725944248,-34.3277359115,,-105.6413003043,-1137.6489969745,114.2228496727,,,,-975.346033808,,,,,-61.2854104565,-41.5984748832,-61.2854104565,-41.5984748832,,,-272.2642920631,,,,,,
002270.SZ,002270,华明装备,10120706,通用,2017-03-31 00:00:00,一季报,2017一季报,058001001,2017-04-28 00:00:00,2018-04-28 00:00:00,CNY,123686853.71,,,,,,,,,,,,1843544.24,3877074.94,0.0,0.0,129407472.89,107791239.07,,,,,,54185641.85,40285226.18,32536903.28,0.0,0.0,234799010.38,,0.0,-105391537.49,30000000.0,124150.56,119364.08,,,,0.0,0.0,30243514.64,5384775.63,,,,,30321.03,0.0,0.0,5415096.66,,0.0,24828417.98,,,90000000.0,,21000000.0,,0.0,111000000.0,,360015.05,,,,,0.0,0.0,360015.05,,0.0,110639984.95,-998424.54,,0.0,29078440.9,332991845.01,,0.0,362070285.91,,,,,,,,,,,,,,,,,,,,,,,,,,,,,,,,,,,,,,-30.2315529776,,,,,,,,,,,,-58.2758986627,-33.465358826,,,-30.9928037449,51.7900526666,,,,,,54.454774568,-14.505764356,6.277838496,,,27.7257462189,,,-2950.8080386464,-43.3962264151,-61.5397869497,3310.4022857143,,,,,,-43.285933626,368.9998991761,,,,,-99.620987125,,,-97.5290245863,,,114.9729482922,,,,,425.0,,,2675.0,,-46.8072693693,,,,,,,-57.3852126951,,,3406.6057072678,-335.9550722713,,,118.3406263525,-41.6002111357,,,-12.0434952847,,,,,,,,,,,,,,,,,,,,,,,,,,,,,,,,,,,,,,,,,,,
002270.SZ,002270,华明装备,10120706,通用,2016-12-31 00:00:00,年报,2016年报,058001001,2017-04-26 00:00:00,2018-04-24 00:00:00,CNY,726163301.77,,,,,,,,,,,,11695795.66,21565170.04,0.0,0.0,759424267.47,502699222.53,,,,,,135958727.61,135899246.88,115524277.51,0.0,0.0,890081474.53,,0.0,-130657207.06,358000000.0,3391131.13,190500.0,,,,0.0,0.0,361581631.13,19992776.0,340000000.0,,,,8000000.0,0.0,0.0,367992776.0,,0.0,-6411144.87,6558155.84,6311917.77,,,,,0.0,6558155.84,50000000.0,41794316.1,,,19025801.37,,0.0,0.0,110820117.47,,0.0,-104261961.63,4128581.7,,0.0,-237201731.86,570193576.87,,0.0,332991845.01,234214061.1,25694312.97,31277928.68,31277928.68,,4453623.6,74157.2,,,,151057.39,,,-3518168.44,-2739325.58,-1471870.3,-866510.15,-605360.15,,-239092878.69,-285602491.27,105902386.28,,0.0,0.0,-130657207.06,,,,,332991845.01,570193576.87,,,,,-237201731.86,51.2981251093,,,,,,,,,,,,30.826410106,190.7196916761,,,53.0131584102,316.6140716044,,,,,,84.5087790544,23.4828094838,32.931068838,,,127.461688981,,,-224.4324190415,,,-85.1137900715,,,,,,233.7624637576,240.3106982804,,,,,,,,6163.8564330782,,,-106.2572075466,-98.0700885189,65.3885974024,,,,,,-98.3176295985,25.0,-59.2686449805,,,165.480873718,,,,-26.0095430436,,,-143.4352130194,72.6680721351,,,-152.7239233503,373.9777722858,,,-41.6002111357,15.29359031,416.6439674711,205.1649468447,205.1649468447,,246.2818736776,,,,,112.9135191913,,,-363.0253372109,,-273.8901202794,-202.371488987,,,-1950.1580713881,-126.596176106,4254.6987373621,,,,-224.4324190415,,,,,-41.6002111357,373.9777722858,,,,,-152.7239233503,标准无保留意见,,,,,
002270.SZ,002270,华明装备,10120706,通用,2016-09-30 00:00:00,三季报,2016三季报,058001001,2016-10-14 00:00:00,2017-10-25 00:00:00,CNY,515627130.62,,,,,,,,,,,,8334112.14,14862201.99,,0.0,538823444.75,194495632.23,,,,,,101980430.23,113504834.9,86880298.48,,0.0,496861195.84,,0.0,41962248.91,248000000.0,2715323.13,181260.0,,,,,0.0,250896583.13,6508728.94,240000000.0,,,,8000000.0,,0.0,254508728.94,,0.0,-3612145.81,6556561.1,6556561.1,,,,,0.0,6556561.1,50000000.0,41794315.91,,,27168000.0,,,0.0,118962315.91,,0.0,-112405754.81,1871758.61,,0.0,-72183893.1,570193576.87,,0.0,498009683.77,,,,,,,,,,,,,,,,,,,,,,,,,,,,,,,,,,,,,,15.9270081793,,,,,,,,,,,,100.7434532754,283.8928297683,,,18.9957209175,61.4822294881,,,,,,77.8227285029,39.9045666921,23.3472225066,,,50.8569284946,,,-66.0086752368,-13.5888501742,25.4754801129,-84.4737696176,,,,,,21391.1075352832,152.6055015943,-16.3763066202,,,,,,,9777.551473823,,,-156.3270548111,,,,,,,,-86.8868778,25.0,-58.7211027211,,,984.5508982036,,,,-15.7780715317,,,-23.186245064,1773.730336433,,,-333.6656794892,373.9777722858,,,229.3897868931,,,,,,,,,,,,,,,,,,,,,,,,,,,,,,,,,,,,,,,,,,,
002270.SZ,002270,华明装备,10120706,通用,2016-06-30 00:00:00,中报,2016中报,058001001,2016-08-26 00:00:00,2017-08-24 00:00:00,CNY,379817926.6,,,,,,,,,,,,5686927.23,19061930.17,,0.0,404566784.0,140424525.98,,,,,,71124736.03,74364843.83,69915583.38,,0.0,355829689.22,,0.0,48737094.78,223000000.0,1568473.81,533060.0,,,,,0.0,225101533.81,5854408.19,210000000.0,,,,,,0.0,215854408.19,,0.0,9247125.62,6758083.44,6758083.44,,,,,0.0,6758083.44,50000000.0,41794255.55,,,8168000.0,,,0.0,99962255.55,,0.0,-93204172.11,1565704.3,,0.0,-33654247.41,570193576.87,,0.0,536539329.46,91387972.26,21145269.4,13173277.39,13173277.39,,2389065.88,,,,,-48156.79,294.0,,-659961.13,-2291501.59,-2147750.93,-1866391.04,-281359.89,,-26846169.47,52209191.85,-99575461.5,1025.41,,0.0,48737094.78,,,,,536539329.46,570193576.87,536539329.46,570193576.87,,,-33654247.41,12.5504829883,,,,,,,,,,,,36.9808074932,2374.4059168088,,,18.1608495037,147.7833582031,,,,,,77.4985753687,32.819735635,42.8599170612,,,76.4396719909,,,-65.3645129976,22.5274725275,97.9743559289,-52.8301523654,,,,,,19818.967943803,104.2549611498,18.6440677966,,,,,,,7430.9633916827,,,632.6257660985,,,,,,,,-86.48383312,25.0,-31.7629488825,,,36.0199833472,,,,-1.2705055995,,,-81.8666785889,383.3904305774,,,-138.6044677282,373.9777722858,,,158.6021790219,7.9862730863,103.6255192271,239.815687058,239.815687058,,409.2118942991,,,,,95.8678583793,,,-134.2509643097,-77.1345915155,-549.4668345206,-490.5857336662,,,-1277.2519163052,-23.996429957,-273.9480123182,,,,-65.3645129976,,,,,575.4195113952,621.3767727884,158.6021790219,373.9777722858,,,-138.6044677282,,,,,,
002270.SZ,002270,华明装备,10120706,通用,2016-03-31 00:00:00,一季报,2016一季报,058001001,2016-04-27 00:00:00,2017-04-28 00:00:00,CNY,177281936.16,,,,,,,,,,,,4418415.69,5827152.4,,0.0,187527504.25,71013374.84,,,,,,35081882.06,47120400.43,30614946.39,,0.0,183830603.72,,0.0,3696900.53,53000000.0,322802.58,3500.0,,,,,0.0,53326302.58,1148140.04,210000000.0,,,,8000000.0,,0.0,219148140.04,,0.0,-165821837.46,,,,,4000000.0,,0.0,4000000.0,,676812.5,,,168000.0,,,0.0,844812.5,,0.0,3155187.5,423141.8,,0.0,-158546607.63,570193576.87,,0.0,411646969.24,,,,,,,,,,,,,,,,,,,,,,,,,,,,,,,,,,,,,,85.354415153,,,,,,,,,,,,37.7134773001,3748.5556669738,,,89.4127967737,112.5622384183,,,,,,50.9373178501,121.7223797312,62.985627768,,,90.1300480666,,,59.4939503465,-5.3571428571,31.3607431801,-90.3314917127,,,,,,147210.228121547,-43.8870002477,275.0,,,,,,,10610.4178056306,,,-8150.165688577,,,,,,,,,,7.4305555556,,,-83.2,,,,34.0972222222,,,600.8234126984,152.7203025914,,,-13997.4951189435,373.9777722858,,,245.4138582577,,,,,,,,,,,,,,,,,,,,,,,,,,,,,,,,,,,,,,,,,,,
002270.SZ,002270,华明装备,10120706,通用,2015-12-31 00:00:00,年报,2015年报,058001001,2016-04-15 00:00:00,2017-04-26 00:00:00,CNY,479955254.73,,,,,,,,,,,,8939934.72,7417856.67,,0.0,496313046.12,120663044.48,,,,,,73686861.03,110055195.09,86905400.31,,0.0,391310500.91,,0.0,105002545.21,,,1279707.87,,,107055311.91,,0.0,108335019.78,5874859.68,,,,,,,0.0,5874859.68,,0.0,102460160.1,339816406.31,3816416.53,50000000.0,,,,0.0,389816406.31,40000000.0,102609687.5,,,7166543.15,,,0.0,149776230.65,,0.0,240040175.66,2391051.02,,0.0,449893931.99,120299644.88,,0.0,570193576.87,203145778.07,4973311.33,10249515.55,10249515.55,,1286126.69,,,,,-1169761.61,,,1337577.77,,846436.99,846436.99,,,12922835.21,-126040296.08,-2548978.71,,,0.0,105002545.21,,,,,570193576.87,120299644.88,,,,,449893931.99,16.2844377969,,,,,,,,,,,,12.5368836665,-38.7193597467,,,14.6772499428,-7.4382782092,,,,,,-10.206881921,3.7090519696,-7.7829185777,,,-5.2015828032,,,424.7629892444,,,-96.8969331549,,,,,,162.6933973972,-50.4257924067,,,,,,,,-50.4257924067,,,248.6289019875,579.63281262,,-33.3333333333,,,,,207.7293998351,-46.6666666667,115.634069278,,,1673.4578445929,,,,21.7799860882,,,6412.4579305944,359.9100872845,,,739.2801738619,80.3730586859,,,373.9777722858,24.5666310851,-20.1667121301,-14.1493065219,-14.1493065219,,-4.7339729365,,,,,60.029399823,,,-35.0717534094,,-12.6727899789,-12.6727899789,,,205.6850058057,18.3354069923,81.279932891,,,,424.7629892444,,,,,373.9777722858,80.3730586859,,,,,739.2801738619,标准无保留意见,,,,,
002270.SZ,002270,华明装备,10120706,通用,2015-09-30 00:00:00,三季报,2015三季报,058001001,2015-10-17 00:00:00,2016-10-14 00:00:00,CNY,444786024.17,,,,,,,,,,,,4151623.38,3871445.58,,0.0,452809093.13,120443984.98,,,,,,57349491.31,81130185.8,70435553.16,,0.0,329359215.25,,0.0,123449877.88,287000000.0,2164026.89,1167443.71,,,,,0.0,1167443.71,2576637.84,287000000.0,,,,,,0.0,2576637.84,,0.0,-1409194.13,,,50000000.0,,,,0.0,50000000.0,40000000.0,101248625.0,,,2505000.0,,,0.0,141248625.0,,0.0,-91248625.0,99894.77,,0.0,30891953.52,120299644.88,,0.0,151191598.4,,,,,,,,,,,,,,,,,,,,,,,,,,,,,,,,,,,,,,82.8888496282,,,,,,,,,,,,248.9418994921,-14.6458653251,,,81.9053160247,-17.4645660646,,,,,,21.4098947632,308.5453368704,210.3556432142,,,39.724938857,,,834.801408809,247.8787878788,385.9271257588,762.7281333136,,,,,,-98.5948068867,107.65475125,136.2139917695,,,,,,,-97.9007491748,,,96.4468276314,,,,,,,,669.2307692308,,970.5643669046,,,,,,,1393.5091197462,,,-2985.3296703297,146.0457467079,,,205.178177574,6.3237842586,,,80.4765208346,,,,,,,,,,,,,,,,,,,,,,,,,,,,,,,,,,,,,,,,,,,
002270.SZ,002270,华明装备,10120706,通用,2015-06-30 00:00:00,中报,2015中报,058001001,2015-08-15 00:00:00,2016-08-26 00:00:00,CNY,337464501.72,,,,,,,,,,,,4151623.38,770363.91,,0.0,342386489.01,56672299.14,,,,,,40070595.43,55989302.7,48939957.98,,0.0,201672155.25,,0.0,140714333.76,182000000.0,792261.1,1130086.33,,,,,0.0,1130086.33,2866225.7,177000000.0,,,,,,0.0,2866225.7,,0.0,-1736139.37,,,50000000.0,,,,0.0,50000000.0,40000000.0,61248625.0,,,6005000.0,,,0.0,101248625.0,,0.0,-51248625.0,-552490.18,,0.0,87177079.21,120299644.88,,0.0,207476724.09,84629249.3,10384390.66,3876594.84,3876594.84,,469169.3,,,,,-1165419.64,,,1926839.56,-1293649.97,477844.14,477844.14,,,-1949256.28,68693078.26,-26628156.38,,,0.0,140714333.76,,,,,79437937.52,79042408.68,207476724.09,120299644.88,,,87177079.21,101.1756493989,,,,,,,,,,,,783.6931687131,-76.7582481854,,,99.6066875602,-43.2405430017,,,,,,19.9306964655,340.5116598075,302.4583703004,,,27.5371079349,,,949.9226301512,1300.0,1876.979522048,735.1214380727,,,,,,-91.422751361,232.5760147289,311.6279069767,,,,,,,-93.4653296992,,,94.3423223566,,,,,,,,9900.0,,547.6196140629,,,,,,,970.5643669046,,,-472.1308958973,-1197.4928249511,,,432.848261983,6.3237842586,,,138.6068387511,1214.5630226846,1099.2030657702,-64.6803678504,-64.6803678504,,-54.0882139767,,,,,-677.5312856998,,,2297.8902284619,-3128.1269843599,-39.716517183,-39.716517183,,,-160.2323677384,357.3564097788,-7.20761626,,,-100.0,949.9226301512,,,,,-8.6430767996,-30.1403755917,,,,,432.848261983,,,,,,
002270.SZ,002270,华明装备,10120706,通用,2015-03-31 00:00:00,一季报,2015一季报,058001001,2015-04-08 00:00:00,2016-04-27 00:00:00,CNY,95644841.27,,,,,,,,,,0.0,,3208411.97,151411.41,0.0,0.0,99004664.65,33408273.91,,,,,,23242682.83,21251982.09,18783831.93,0.0,0.0,96686770.76,0.0,0.0,2317893.89,56000000.0,245737.48,36200.0,,,,0.0,0.0,36200.0,2046121.3,56000000.0,,,,,0.0,0.0,2046121.3,0.0,0.0,-2009921.3,,,,,,0.0,0.0,0.0,,630000.0,,,1000000.0,0.0,0.0,0.0,630000.0,0.0,0.0,-630000.0,-802616.41,0.0,0.0,-1124643.82,120299644.88,,0.0,119175001.06,,,,,,,,,,,,,,,,,,,,,,,,,,,,,,,,,,,,,,24.7381281643,,,,,,,,,,,,821.3712798811,-91.5032198855,,,25.629730946,-39.3063799908,,,,,,17.5248210356,133.5247551899,340.4004738671,,,9.6387789341,,,124.7111839843,,,,,,,,,,105.2539591302,,,,,,,,105.2539591302,,,-101.6226038823,,,,,,,,-100.0,,,,,,,,,,,,-112.6,-1709.873803007,,,79.2545469657,6.3237842586,,,10.6304937507,,,,,,,,,,,,,,,,,,,,,,,,,,,,,,,,,,,,,,,,,,,
002270.SZ,002270,华明装备,10120706,通用,2014-12-31 00:00:00,年报,2014年报,058001001,2015-02-07 00:00:00,2016-04-15 00:00:00,CNY,412742464.79,,,,,,,,,,0.0,,7944004.16,12104731.02,0.0,0.0,432791199.97,130359550.52,,,,,,82062927.1,106119179.57,94240024.7,0.0,0.0,412781681.89,0.0,0.0,20009518.08,129000000.0,573429.44,41240100.0,,,,0.0,0.0,41240100.0,11850637.59,179000000.0,,,,,0.0,0.0,11850637.59,0.0,0.0,29389462.41,50000000.0,,75000000.0,,1675061.44,0.0,0.0,126675061.44,75000000.0,47585100.0,,,404100.0,0.0,0.0,0.0,122989200.0,0.0,0.0,3685861.44,519895.32,0.0,0.0,53604737.25,66694907.63,,0.0,120299644.88,163082019.88,6229621.08,11938768.5,11938768.5,,1350037.08,,,,,-2926555.03,832114.66,,2060086.08,-1249123.88,969270.62,969270.62,,,4227500.52,-154338975.36,-13616290.45,201920.5,0.0,0.0,20009518.08,,,,0.0,120299644.88,66694907.63,,,,,53604737.25,18.2983218893,,,,,,,,,,,,363.5223835186,14.5369247626,,,19.8263738576,-34.5437683295,,,,,,30.7525090515,329.8391490746,173.4659710635,,,28.5656811492,,,-50.1197976943,,,96935.5294117647,,,,,,615.8683180433,86.3860950658,,,,,,,,86.3860950658,,,5020.6944856021,,,,,,,,,,403.1467089611,,,,,,,1200.4409199048,,,138.9728938937,200.0553764054,,,81.4601273086,-20.2250694077,,,6.3237842586,779.032520934,-18.5801612823,-44.4292878906,-44.4292878906,,-33.6410749638,,,,,-27655.7439440176,,,,,419.3762023966,419.3762023966,,,-88.9201429754,-530.940637619,42.0515338072,,,,-50.1197976943,,,,,6.3237842586,-20.2250694077,,,,,81.4601273086,标准无保留意见,,,,,
002270.SZ,002270,华明装备,10120706,通用,2014-09-30 00:00:00,三季报,2014三季报,058001001,2014-10-18 00:00:00,2015-10-17 00:00:00,CNY,243200186.93,,,,,,,,,,0.0,,1189774.97,4535744.63,0.0,0.0,248925706.53,145930031.79,,,,,,47236258.15,19858306.65,22695109.53,0.0,0.0,235719706.12,0.0,0.0,13206000.41,82500000.0,445339.8,135320.0,,,,0.0,0.0,83080659.8,1240827.78,121500000.0,,,,,0.0,0.0,122740827.78,0.0,0.0,-39660167.98,,,,,6500000.0,0.0,0.0,6500000.0,,9457500.0,,,,0.0,0.0,0.0,9457500.0,0.0,0.0,-2957500.0,40600.08,0.0,0.0,-29371067.49,113144623.02,,0.0,83773555.53,,,,,,,,,,,,,,,,,,,,,,,,,,,,,,,,,,,,,,-8.7604155107,,,,,,,,,,,,-30.5781670254,78.6360045487,,,-8.0790516274,-5.6552821934,,,,,,9.4427195753,11.1745646117,2.2280499332,,,-0.9168664028,,,-59.8640489494,,,420.4615384615,,,,,,1346.3021891076,-72.9060926807,,,,,,,,2580.0887808685,,,-3505.4168102614,,,,,,,,,,0.0,,,,,,,-44.2282176028,,,82.5593395253,108.791589523,,,-276.4188636656,35.3510001065,,,-16.4286648794,,,,,,,,,,,,,,,,,,,,,,,,,,,,,,,,,,,,,,,,,,,
002270.SZ,002270,华明装备,10120706,通用,2014-06-30 00:00:00,中报,2014中报,058001001,2014-08-16 00:00:00,2015-08-15 00:00:00,CNY,167746197.28,,,,,,,,,,0.0,,469803.72,3314569.04,0.0,0.0,171530570.04,99846443.46,,,,,,33411458.96,12710061.46,12160253.48,0.0,0.0,158128217.36,0.0,0.0,13402352.68,13000000.0,40074.32,135320.0,,,,0.0,0.0,13175394.32,861825.74,43000000.0,,,,,0.0,0.0,43861825.74,0.0,0.0,-30686431.42,,,,,500000.0,0.0,0.0,500000.0,,9457500.0,,,,0.0,0.0,0.0,9457500.0,0.0,0.0,-8957500.0,50341.12,0.0,0.0,-26191237.62,113144623.02,,0.0,86953385.4,6437823.66,865940.97,10975750.89,10975750.89,,1021892.94,,,,,-149887.17,,,80355.62,-40074.321,792661.8,792661.8,,,3236227.22,15019594.52,-24837933.45,,0.0,0.001,13402352.68,,,,0.0,86953385.4,113144623.02,,,,,-26191237.62,-4.248029683,,,,,,,,,,,,-56.2332929977,115.9651257305,,,-3.5241838712,-5.9310696052,,,,,,11.8951268881,46.620679953,-14.7576182911,,,-0.5079790919,,,-28.9409503633,,,420.4615384615,,,,,,129.3626662721,-74.222819305,,,,,,,,1211.9058241573,,,-1378.0778031732,,,,,,,,,,5.156414354,,,,,,,-17.7161159331,,,22.0663080593,111.1471242853,,,-381.1274892903,35.3510001065,,,-6.4111531748,-28.603530185,-49.6345891577,1.6472670964,1.6472670964,,-0.0888442064,,,,,-1450.1706549203,,,-82.2067112698,,-20.8945709335,-20.8945709335,,,1023.6950505324,702.7573941577,-971.197546129,,,,-28.9409503633,,,,,-6.4111531748,35.3510001065,,,,,-381.1274892903,,,,,,
002270.SZ,002270,华明装备,10120706,通用,2014-03-31 00:00:00,一季报,2014一季报,058001001,2014-04-16 00:00:00,2015-04-08 00:00:00,CNY,76676508.36,,,,,,,,,,0.0,,348221.4,1781985.74,0.0,0.0,78806715.5,55044128.04,,,,,,19776828.95,9100526.44,4265170.69,0.0,0.0,88186654.12,0.0,0.0,-9379938.62,,,,,,,0.0,0.0,0.0,996873.0,,,,,,0.0,0.0,996873.0,0.0,0.0,-996873.0,,,,,5000000.0,0.0,0.0,5000000.0,,,,,,0.0,0.0,0.0,0.0,0.0,0.0,5000000.0,-44346.54,0.0,0.0,-5421158.16,113144623.02,,0.0,107723464.86,,,,,,,,,,,,,,,,,,,,,,,,,,,,,,,,,,,,,,-9.6829337024,,,,,,,,,,,,-60.5756279358,94.0346519698,,,-9.1027517792,12.3201981205,,,,,,8.3201965364,180.8460559061,-42.1386338963,,,13.239915485,,,-206.3155259786,,,,,,,,,-100.0,-61.3371864242,,,,,,,,-61.3371864242,,,-141.8460534054,,,,,,,,,,,,,,,,,,,,,81.6886708113,,,-149.4505133254,35.3510001065,,,13.9252317972,,,,,,,,,,,,,,,,,,,,,,,,,,,,,,,,,,,,,,,,,,,
002270.SZ,002270,华明装备,10120706,通用,2013-12-31 00:00:00,年报,2013年报,058001001,2014-02-28 00:00:00,2015-02-07 00:00:00,CNY,348899678.54,,,,,,,,,,0.0,,1713833.99,10568409.31,0.0,0.0,361181921.84,199155293.84,,,,,,62762028.58,24688114.1,34461335.11,0.0,0.0,321066771.63,0.0,0.0,40115150.21,,,42500.0,,,5718350.0,0.0,0.0,5760850.0,6358112.49,,,,,,0.0,0.0,6358112.49,0.0,0.0,-597262.49,,,,,,0.0,0.0,0.0,,9457500.0,,,,0.0,0.0,0.0,9457500.0,0.0,0.0,-9457500.0,-519607.58,0.0,0.0,29540780.14,83603842.88,,0.0,113144623.02,18552444.42,7651232.4,21483922.1,21483922.1,,2034446.88,,,,,10620.49,,,,,186622.07,186622.07,,,38154829.17,-24461726.85,-23497240.47,,0.0,0.0,40115150.21,,,,0.0,113144623.02,83603842.88,,,,,29540780.14,9.3066120437,,,,,,,,,,,,-68.642471258,25.3407909971,,,8.4334813703,15.168662961,,,,,,15.0278010707,6.1817666623,-2.4852085046,,,12.2305842557,,,-14.6721936277,,,,,,415.4104418757,,,419.241082494,-35.0012428467,,,,,,,,-35.0012428467,,,93.1130844121,,,,,,,,,,30.0,,,,,,,-38.085106383,,,38.085106383,-361.1416853134,,,28.7018198079,37.8442240808,,,35.3342371862,-2.6503191944,57.5555962288,6.9218702687,6.9218702687,,-3.6904218696,,,,,4055.9342594404,,,,,-63.9590343407,-63.9590343407,,,465.1416869972,-1312.6080448088,-366.7801455235,,,,-14.6721936277,,,,,35.3342371862,37.8442240808,,,,,28.7018198079,标准无保留意见,,,,,
002270.SZ,002270,华明装备,10120706,通用,2013-09-30 00:00:00,三季报,2013三季报,058001001,2013-10-25 00:00:00,2014-10-18 00:00:00,CNY,266551177.64,,,,,,,,,,0.0,,1713833.99,2539098.79,0.0,0.0,270804110.42,154677479.76,,,,,,43160713.05,17862275.17,22200471.93,0.0,0.0,237900939.91,0.0,0.0,32903170.51,,,26000.0,,,5718350.0,0.0,0.0,5744350.0,4579729.92,,,,,,0.0,0.0,4579729.92,0.0,0.0,1164620.08,,,,,,0.0,0.0,0.0,,9457500.0,,,7500000.0,0.0,0.0,0.0,16957500.0,0.0,0.0,-16957500.0,-461805.91,0.0,0.0,16648484.68,83593488.73,,0.0,100241973.41,,,,,,,,,,,,,,,,,,,,,,,,,,,,,,,,,,,,,,15.8446242319,,,,,,,,,,,,-65.5039109996,-51.8669747986,,,12.6767990357,15.4218347559,,,,,,0.0506702142,12.9192123684,-12.915706182,,,8.898506743,,,50.40827198,,,,,,,,,,-49.6270840301,,,,,,,,-49.6270840301,,,112.8097749106,,,,,,,,,,30.0,,,150.0,,,,65.0364963504,,,-65.0364963504,-573.2009815955,,,582.1318438228,37.8271523802,,,58.8831989143,,,,,,,,,,,,,,,,,,,,,,,,,,,,,,,,,,,,,,,,,,,
002270.SZ,002270,华明装备,10120706,通用,2013-06-30 00:00:00,中报,2013中报,058001001,2013-07-31 00:00:00,2014-08-16 00:00:00,CNY,175188245.97,,,,,,,,,,0.0,,1073427.16,1534770.5,0.0,0.0,177796443.63,106141786.71,,,,,,29859619.35,8668669.02,14265501.78,0.0,0.0,158935576.86,0.0,0.0,18860866.77,,,26000.0,,,5718350.0,0.0,0.0,5744350.0,3343366.95,,,,,,0.0,0.0,3343366.95,0.0,0.0,2400983.05,,,,,,0.0,0.0,0.0,,8993745.23,,,2500000.0,0.0,0.0,0.0,11493745.23,0.0,0.0,-11493745.23,-451606.34,0.0,0.0,9316498.25,83593488.73,,0.0,92909986.98,9017005.57,1719316.8,10797880.95,10797880.95,,1022801.64,,,,,11101.35,,,451606.34,,1002032.11,1002032.11,,,-350356.67,-2491814.23,-2318707.09,,0.0,0.0,18860866.77,,,,0.0,92909986.98,83593488.73,,,,,9316498.25,14.0585962809,,,,,,,,,,,,-70.4946950205,-0.820728127,,,11.9762428917,9.0221572616,,,,,,-4.8271696725,-14.9728391457,-20.5054511708,,,1.3151103835,,,888.5280910866,,,,,,,,,,-43.33614812,,,,,,,,-43.33614812,,,140.6921974005,,,,,,,,-100.0,,23.6253639863,,,,,,,57.9896251546,,,-140.7067063874,-88.8769910695,,,203.442187352,37.8271523802,,,79.9030353756,-29.5245791148,70.3108453101,10.7286732758,10.7286732758,,-4.9913408311,,,,,,,,139.0351014625,,-1.4109277408,-1.4109277408,,,97.4300482256,-140.7546792211,85.8709706508,,,,888.5280910866,,,,,79.9030353756,37.8271523802,,,,,203.442187352,,,,,,
002270.SZ,002270,华明装备,10120706,通用,2013-03-31 00:00:00,一季报,2013一季报,058001001,2013-04-24 00:00:00,2014-04-16 00:00:00,CNY,84897031.65,,,,,,,,,,,,883264.29,918385.31,,0.0,86698681.25,49006437.81,,,,,,18257748.4,3240396.74,7371361.89,,0.0,77875944.84,,0.0,8822736.41,,,26000.0,,,4934615.75,,0.0,4960615.75,2578376.76,,,,,,,0.0,2578376.76,,0.0,2382238.99,,,,,,,,,,,,,,,,,,,,,-242180.89,,0.0,10962794.51,83593488.73,,0.0,94556283.24,,,,,,,,,,,,,,,,,,,,,,,,,,,,,,,,,,,,,,10.3026626708,,,,,,,,,,,,-66.7827276122,95.1509753019,,,8.2421088714,-15.938804636,,,,,,-10.9912158693,-18.2027636735,-2.1237134217,,,-13.7621100743,,,186.4412255131,,,,,,,,,,-51.6450578728,,,,,,,,-51.6450578728,,,144.676569492,,,,,,,,,,,,,,,,,,,,,-437.9182731376,,,166.3298633883,37.8266562803,,,114.2992122575,,,,,,,,,,,,,,,,,,,,,,,,,,,,,,,,,,,,,,,,,,,
002270.SZ,002270,华明装备,10120706,通用,2012-12-31 00:00:00,年报,2012年报,058001001,2013-03-30 00:00:00,2014-02-28 00:00:00,CNY,319193571.2,,,,,,,,,,,,5465462.55,8431739.76,0.0,0.0,333090773.51,172924898.77,,,,,,54562486.63,23250803.67,35339597.8,0.0,0.0,286077786.87,,0.0,47012986.64,,,,,,1109475.0,0.0,0.0,1109475.0,9781898.56,,,,,,0.0,0.0,9781898.56,,0.0,-8672423.56,,,,,,,,,,7275000.0,,,8000000.0,,0.0,0.0,15275000.0,,0.0,-15275000.0,-112678.51,,0.0,22952884.57,60650958.31,,0.0,83603842.88,19057529.79,4856211.13,20093103.54,20093103.54,,2112403.48,,,,,255.55,,,,,517805.41,517805.41,,,-10449321.6,2017282.25,8807717.09,,0.0,0.0,47012986.64,,,,,83603842.88,60650958.31,,,,,22952884.57,9.2549233548,,,,,,,,,,,,-9.6693357392,93.6909287893,,,10.0913395137,1.7537870931,,,,,,0.4946931936,23.4300740655,-12.4015677667,,,0.9383647343,,,145.6233960501,,,,,,-83.9139035902,,,-84.5044855427,-88.8418375333,,,,,,,,-88.8418375333,,,89.2275898894,,,,,,,,,,-51.980750986,,,,,,,-72.302898133,,,59.2596379547,-111.2981406372,,,123.4543816841,-61.7374956715,,,37.8442240808,-28.9206278669,60.8356677172,38.7329460153,38.7329460153,,-4.1132636739,,,,,-99.5758734302,,,,,37.0156218933,37.0156218933,,,-483.6933980703,105.1526181335,9.4757963451,,,,145.6233960501,,,,,37.8442240808,-61.7374956715,,,,,123.4543816841,标准无保留意见,,,,,
002270.SZ,002270,华明装备,10120706,通用,2012-09-30 00:00:00,三季报,2012三季报,058001001,2012-10-13 00:00:00,2013-10-25 00:00:00,CNY,230093696.11,,,,,,,,,,,,4968197.96,5275169.76,,0.0,240337063.83,134010588.28,,,,,,43138854.5,15818632.45,25493083.72,,0.0,218461158.95,,0.0,21875904.88,,,,,,,,,,9091651.4,,,,,,,0.0,9091651.4,,0.0,-9091651.4,,,,,,,,,,7275000.0,,,3000000.0,,,0.0,10275000.0,,0.0,-10275000.0,-68598.52,,0.0,2440654.96,60650958.31,,0.0,63091613.27,,,,,,,,,,,,,,,,0.0,,,,,,,,,,21875904.88,,,,,,,,,,,2440654.96,8.2603037558,,,,,,,,,,,,8.0767837636,32.6884905371,,,8.6957123612,3.2518372332,,,,,,0.0131939082,-3.3789657939,-23.1439285944,,,-1.7997289493,,,1714.5195147703,,,,,,,,,,-88.4069141296,,,,,,,,-88.4069141296,,,88.4064898491,,,,,,,,,,-51.980750986,,,271.1236735375,,,,-81.6381882451,,,73.2829104185,-105.6405029145,,,102.0857182676,-61.7374956715,,,52.0452135101,,,,,,,,,,,,,,,,,,,,,,,,,,1714.5195147703,,,,,,,,,,,102.0857182676,,,,,,
002270.SZ,002270,华明装备,10120706,通用,2012-06-30 00:00:00,中报,2012中报,058001001,2012-08-18 00:00:00,2013-07-31 00:00:00,CNY,153594951.79,,,,,,,,,,,,3638081.9,1547471.03,,0.0,158780504.72,97357995.27,,,,,,31374100.41,10195176.38,17945257.87,,0.0,156872529.93,,0.0,1907974.79,,,,,,0.0,,,0.0,5900352.41,,,,,,,0.0,5900352.41,,0.0,-5900352.41,,,,,2500000.0,,0.0,2500000.0,,7275000.0,,,0.0,,,0.0,7275000.0,,0.0,-4775000.0,-239100.77,,0.0,-9006478.39,60650958.31,,0.0,51644479.92,12794539.51,1009516.92,9751657.48,9751657.48,,1076535.18,,,,,0.0,,,188928.88,,1016372.39,1016372.39,,,-13632811.07,6114179.47,-16410943.97,,,,1907974.79,,,,,51644479.92,60650958.31,0.0,0.0,,,-9006478.39,13.2433648227,,,,,,,,,,,,123.1520950566,-37.9080919597,,,13.6133319819,10.212206583,,,,,,2.6709742619,-21.8437171474,-18.0966254323,,,1.9648330433,,,113.5370435708,,,,,,,,,-100.0,-92.1681320797,,,,,,,,-92.1681320797,,,92.1678337124,,,,,-78.5530040025,,,-86.9496975408,,-51.4180088212,,,,,,,-80.5868947044,,,73.9328014819,-114.8210006692,,,91.5140599746,-61.7374956715,,,-1.4016591853,-19.9439405084,-12.4746540557,40.7713043773,40.7713043773,,-3.5933890635,,,,,,,,115.4078678783,,11.1997515465,11.1997515465,,,-112.0275832097,131.9531551835,-22.4964513435,,,,113.5370435708,,,,,-1.4016591853,-61.7374956715,,,,,91.5140599746,,,,,,
002270.SZ,002270,华明装备,10120706,通用,2012-03-31 00:00:00,一季报,2012一季报,058001001,2012-04-26 00:00:00,2013-04-24 00:00:00,CNY,76967345.66,,,,,,,,,,,,2659051.23,470602.47,,,80096999.36,58298525.97,,,,,,20512299.52,3961499.05,7531305.23,,,90303629.77,,,-10206630.41,,,,,,,,,,5332188.7,,,,,,,,5332188.7,,,-5332188.7,,,,,5500000.0,,,5500000.0,,6560539.84,,,,,,,6560539.84,,,-1060539.84,71668.48,,,-16527690.47,60651176.62,,,44123486.15,,,,,,,,,,,,,,,,0.0,,,,,,,,,,-10206630.41,,,,,,,,,,,-16527690.47,26.8147197202,,,,,,,,,,,,214.8566256517,-42.0673736412,,,28.4643177307,42.5797748911,,,,,,11.7803513032,-61.8613277545,-23.2145396588,,,13.6835164052,,,40.2583869802,,,,,,,,,,-90.1074660474,,,,,,,,-90.1074660474,,,90.107159541,,,,,6.6585139743,,,-56.5445631282,,2104.4994365044,,,,,,,-71.2226703732,,,89.5420107031,-95.5328831495,,,79.2158621514,-61.7373579476,,,-44.1418889741,,,,,,,,,,,,,,,,,,,,,,,,,,40.2583869802,,,,,,,,,,,79.2158621514,,,,,,
002270.SZ,002270,华明装备,10120706,通用,2011-12-31 00:00:00,年报,2011年报,058001001,2012-02-11 00:00:00,2013-03-30 00:00:00,CNY,292154862.59,,,,,,,,,,,,6050506.32,4353192.9,0.0,0.0,302558561.81,169944435.2,,,,,,54293898.41,18837227.35,40342728.63,0.0,0.0,283418289.59,,0.0,19140272.22,,,262870.0,,,6897105.25,0.0,0.0,7159975.25,87665855.28,,,,,,0.0,0.0,87665855.28,,0.0,-80505880.03,,,17500000.0,,156644.13,,0.0,17656644.13,40000000.0,15150174.46,,,,,0.0,0.0,55150174.46,,0.0,-37493530.33,997319.06,,0.0,-97861819.08,158512777.39,,0.0,60650958.31,26811618.08,3019362.06,14483296.23,14483296.23,,2203019.48,,,,,60253.24,,,566724.46,,377917.06,377917.06,,,2723351.94,-39150625.91,8045355.58,,0.0,0.0,19140272.22,,,,,60650958.31,158512777.39,,,,,-97861819.08,-7.8327597024,,,,,,,,,,,,107.3105493641,-53.2358347812,,,-8.095798396,-7.237667023,,,,,,-3.3958419488,10.1810196855,11.92792059,,,-3.1203234524,,,-47.7956206736,,,104.7861069216,,,,,,5477.9033632692,64.5867595854,,,,,,,,30.8657502142,,,-20.4082130022,,,-56.25,,,,,-55.858389675,128.5714285714,-48.880020043,,,,,,,-28.1834689321,,,-1.9035693387,-13.0780116778,,,-48.630280915,-29.3474108408,,,-61.7374956715,4.6944257134,-20.9530571473,12.2115079,12.2115079,,-2.0967861014,,,,,240.5713717251,,,-0.5664799139,,87.8450782984,87.8450782984,,,106.280612481,-716.2932120291,-79.6042443307,,,,-47.7956206736,,,,,-61.7374956715,-29.3474108408,,,,,-48.630280915,标准无保留意见,,,,,
002270.SZ,002270,华明装备,10120706,通用,2011-09-30 00:00:00,三季报,2011三季报,058001001,2011-10-18 00:00:00,2012-10-13 00:00:00,CNY,212537456.6,,,,,,,,,,,,4596915.07,3975604.62,,0.0,221109976.29,129790027.83,,,,,,43133163.55,16371831.02,33169902.2,,0.0,222464924.6,,0.0,-1354948.31,,,2870.0,,,,,0.0,2870.0,78423048.89,,,,,,,0.0,78423048.89,,0.0,-78420178.89,,,17500000.0,,,,0.0,17500000.0,40000000.0,15150174.46,,,808355.87,,,0.0,55958530.33,,0.0,-38458530.33,1216177.37,,0.0,-117017480.16,158512777.39,,0.0,41495297.23,,,,,,,,,,,,,,,,0.0,,,,,,,,,,-1354948.31,,,,,,,,,,,-117017480.16,-16.3266925877,,,,,,,,,,,,173.1978171846,-36.8268571467,,,-15.6018836639,-34.6807759397,,,,,,-4.6233171843,11.6167643917,13.856539076,,,-22.6816998599,,,94.7363480719,,,-97.5430858841,,,,,,-97.5430858841,187.9289446204,,,,,,,,187.9289446204,,,-189.1585441438,,,-56.25,,,,,-56.25,166.6666666667,-48.3399044008,,,,,,,26.2412853006,,,-788.8758497216,-49.9591945064,,,-113.6992910363,-30.1217071992,,,-75.8864938361,,,,,,,,,,,,,,,,,,,,,,,,,,94.7363480719,,,,,,,,,,,-113.6992910363,,,,,,
002270.SZ,002270,华明装备,10120706,通用,2011-06-30 00:00:00,中报,2011中报,058001001,2011-08-10 00:00:00,2012-08-18 00:00:00,CNY,135632628.04,,,,,,,,,,,,1630314.92,2492226.57,,,139755169.53,88336853.32,,,,,,30557906.59,13044602.44,21910278.99,,,153849641.34,,,-14094471.81,,,2870.0,,,0.0,,,2870.0,75337741.52,,,,,,,,75337741.52,,,-75334871.52,,,7500000.0,,11656644.13,,,19156644.13,22500000.0,14974684.7,,,0.0,,,,37474684.7,,,-18318040.57,1613256.59,,,-106134127.31,158512777.39,,,52378650.08,15981975.12,1153399.52,6927304.91,6927304.91,,1116661.16,,,,,,,,-1226184.45,,914005.99,914005.99,,,-6429734.69,-19134822.32,-13397077.05,,,,-14094471.81,,,,,52378650.08,158512777.39,,0.0,,,-106134127.31,-16.3696818813,,,,,,,,,,,,31.2413668616,-51.2295151397,,,-17.0757370953,-40.3405510435,,,,,,-11.3691222014,25.8220922055,15.8264248927,,,-27.3712425961,,,67.4467688133,,,,,,,,,,333.1047684225,,,,,,,,333.1047684225,,,-333.0882692461,,,-50.0,,,,,27.7109608667,,-48.7992716522,,,,,,,28.1316561707,,,-28.5745861151,186.399695403,,,-38.1851952385,-30.1217071992,,,-65.0891651543,15.2804567724,126.2881577437,9.1860588972,9.1860588972,,-1.3065820883,,,,,,,,-163.1691519534,,194.7963844396,194.7963844396,,,88.8470007082,-122.2904741311,-1076.4687898289,,,,67.4467688133,,,,,-65.0891651543,-30.1217071992,,,,,-38.1851952385,,,,,,
002270.SZ,002270,华明装备,10120706,通用,2011-03-31 00:00:00,一季报,2011一季报,058001001,2011-04-23 00:00:00,2012-04-26 00:00:00,CNY,60692753.83,,,,,,,,,,,,844527.64,812327.18,,,62349608.65,40888356.02,,,,,,18350541.29,10387092.2,9808243.9,,,79434233.41,,,-17084624.76,,,1670.0,,,,,,1670.0,53901141.26,,,,,,,,53901141.26,,,-53899471.26,,,7500000.0,,5156644.13,,,12656644.13,22500000.0,297597.71,,,,,,,22797597.71,,,-10140953.58,1604356.51,,,-79520693.09,158512777.39,,,78992084.3,,,,,,,,,,,,,,,,0.0,,,,,,,,,,-17084624.76,,,,,,,,,,,-79520693.09,-22.0195419314,,,,,,,,,,,,684.0179208841,-63.2727404616,,,-22.2090640347,-43.6878235493,,,,,,-19.5126277918,42.8958961144,6.3072155461,,,-29.016204961,,,46.1978176335,,,,,,,,,,642.1709293861,,,,,,,,642.1709293861,,,-642.1479349667,,,,,,,,,,,,,,,,,,,,,7106.1255477232,,,-103.6900335713,-30.1217071992,,,-57.9384508415,,,,,,,,,,,,,,,,,,,,,,,,,,46.1978176335,,,,,,,,,,,-103.6900335713,,,,,,
002270.SZ,002270,华明装备,10120706,通用,2010-12-31 00:00:00,年报,2010年报,058001001,2011-03-11 00:00:00,2012-02-11 00:00:00,CNY,316983411.51,,,,,,,,,,,,2918571.36,9308822.0,,,329210804.87,183204140.89,,,,,,56202444.6,17096617.37,36043489.79,,,292546692.65,,,36664112.22,,,128363.2,,,,,,128363.2,53264220.95,,,,,13724930.25,,,66989151.2,,,-66860788.0,,,40000000.0,,,,,40000000.0,17500000.0,29636503.13,,,29656644.13,,,,76793147.26,,,-36793147.26,1147372.58,,,-65842450.46,224355227.85,,,158512777.39,25609403.65,3819707.57,12907139.83,12907139.83,,2250201.39,,,,,17691.81,,,569953.13,,201185.5,201185.5,,,-43361247.78,-4796147.43,39446224.55,,,,36664112.22,,,,,158512777.39,224355227.85,,,,,-65842450.46,-27.4475840208,,,,,,,,,,,,-22.7743585779,-40.585046649,,,-27.8599203553,-34.2264764002,,,,,,18.8591444441,-47.2519292247,7.5290662916,,,-25.3239427326,,,-43.2400517825,,,34.5314677986,,,,,,-98.6040521282,-47.8756258924,,,,,,,,-34.4444072208,,,28.1000058511,,,,,,,,,,103.6873067354,,,,,,,427.787953677,,,-152.8738643299,1356.7890080802,,,-52.9881307754,-16.095277191,,,-29.3474108408,-58.7404054717,2.7898653995,55.6035195064,55.6035195064,,3.8350407108,,,,,-79.5487143942,,,,,117.755394053,117.755394053,,,-390.6104261616,57.910008766,379.1444096483,,,,-43.2400517825,,,,,-29.3474108408,-16.095277191,,,,,-52.9881307754,标准无保留意见,,,,,
002270.SZ,002270,华明装备,10120706,通用,2010-09-30 00:00:00,三季报,2010三季报,058001001,2010-10-22 00:00:00,2011-10-18 00:00:00,CNY,254008671.55,,,,,,,,,,,,1682632.43,6293187.96,,,261984491.94,198701117.01,,,,,,45224013.12,14667896.09,29133067.34,,,287726093.56,,,-25741601.62,,,116813.2,,,,,,116813.2,27236945.21,,,,,,,,27236945.21,,,-27120132.01,,,40000000.0,,,,,40000000.0,15000000.0,29326648.13,,,,,,,44326648.13,,,-4326648.13,2430371.29,,,-54758010.47,226841227.85,,,172083217.38,,,,,,,,,,,,,,,,0.0,,,,,,,,,,-25741601.62,,,,,,,,,,,-54758010.47,-25.4595540657,,,,,,,,,,,,-19.4459174162,-52.9408437704,,,-26.4559494839,-12.7394370588,,,,,,22.9269126768,-38.8746342384,19.3542197568,,,-8.0467567584,,,-159.4175788675,,,29.5764836384,,,,,,29.5764836384,-68.3153242487,,,,,,,,-68.3153242487,,,68.4180924226,,,,,,,,,,101.5577191065,,,,,,,204.6505026117,,,70.2635867354,3170.2543614006,,,4.2329120843,-15.1655589807,,,-18.139237189,,,,,,,,,,,,,,,,,,,,,,,,,,-159.4175788675,,,,,,,,,,,4.2329120843,,,,,,
002270.SZ,002270,华明装备,10120706,通用,2010-06-30 00:00:00,中报,2010中报,058001001,2010-07-29 00:00:00,2011-08-10 00:00:00,CNY,162181169.57,,,,,,,,,,,,1242226.41,5110112.35,,,168533508.33,148068503.59,,,,,,34477720.8,10367497.64,18916476.97,,,211830199.0,,,-43296690.67,,,,,,,,,,17394807.68,,,,,,,,17394807.68,,,-17394807.68,,,15000000.0,,,,,15000000.0,,29247015.0,,,,,,,29247015.0,,,-14247015.0,-1867201.71,,,-76805715.06,226841227.85,,,150035512.79,13863559.85,509703.88,6344495.79,6344495.79,,1131444.41,,,,,,,,1941112.73,,310046.54,310046.54,,,-57650274.35,-8608026.23,-1138753.29,,,,-43296690.67,,,,,150035512.79,226841227.85,,,,,-76805715.06,-25.2126448125,,,,,,,,,,,,72.627126816,-48.2855227867,,,-25.9054631394,15.6395521919,,,,,,35.4054345235,-25.8046259528,23.1714284689,,,15.857529957,,,-197.0329577011,,,,,,,,,,-73.1460371431,,,,,,,,-73.1460371431,,,73.1460371431,,,,,,,,,,101.0104123711,,,,,,,101.0104123711,,,2.082371134,-2489.2838387484,,,-120.8515321008,-15.1655589807,,,-35.5007124205,-51.4901131404,27.0663721668,63.3575459356,63.3575459356,,5.6576448845,,,,,,,,178.6130690643,,208.3779028815,208.3779028815,,,-402.2553488442,-2246.2170173262,78.4023935863,,,,-197.0329577011,,,,,-35.5007124205,-15.1655589807,,,,,-120.8515321008,,,,,,
002270.SZ,002270,华明装备,10120706,通用,2010-03-31 00:00:00,一季报,2010一季报,058001001,2010-04-24 00:00:00,2011-04-23 00:00:00,CNY,77830722.38,,,,,,,,,,,,107717.9,2211782.72,,,80150223.0,72610150.41,,,,,,22799279.92,7268992.66,9226320.01,,,111904743.0,,,-31754520.0,,,,,,,,,,7262631.71,,,,,,,,7262631.71,,,-7262631.71,,,,,,,,,,,,,,,,,,,,,-22899.34,,,-39040051.05,226841227.85,,,187801176.8,,,,,,,,,,,,,,,,0.0,,,,,,,,,,-31754520.0,,,,,,,,,,,-39040051.05,-16.2258796866,,,,,,,,,,,,,-74.2531942591,,,-21.0311212676,64.3923333912,,,,,,108.3691336596,24.0199049675,17.2491720823,,,62.5560151476,,,-197.2417452152,,,,,,,,,,-81.6955824517,,,,,,,,-81.6955824517,,,81.6955824517,,,,,,,,,,,,,,,,,,,,,45.9857275555,,,-452.6547009181,-15.1655589807,,,-27.8599945516,,,,,,,,,,,,,,,,,,,,,,,,,,-197.2417452152,,,,,,,,,,,-452.6547009181,,,,,,
002270.SZ,002270,华明装备,10120706,通用,2009-12-31 00:00:00,年报,2009年报,058001001,2011-03-11 00:00:00,2011-03-11 00:00:00,CNY,436902627.2,,,,,,,,,,,,3779277.59,15667473.38,,,456349378.17,278537823.22,,,,,,47284914.31,32411834.44,33519764.5,,,391754336.47,,,64595041.7,,,95415.0,,,9100000.0,,,9195415.0,102186782.79,,,,,,,,102186782.79,,,-92991367.79,,,,,,,,,,14550000.0,,,,,,,14550000.0,,,-14550000.0,-91293.97,,,-43037620.06,267392847.91,,,224355227.85,62068965.88,3716035.19,8294889.39,8294889.39,,2167092.51,,,,,86507.08,,,,,-1133095.1,-1133095.1,,,14920747.46,-11394983.2,-14131117.51,,,,64595041.7,,,,,224355227.85,267392847.91,,,,,-43037620.06,28.3181436739,,,,,,,,,,,,10.0561862979,674.7365955383,,,31.9157002057,38.625404325,,,,,,11.5453534099,-3.2571022378,24.6244896371,,,28.9858535649,,,52.9915379479,,,90.1000159388,,,,,,18220.4793592604,82.0162144351,,,,,,,,82.0162144351,,,-65.7854571366,,,,,,,,,,430.9612151443,,,,,,,-93.0944095658,,,-105.7772221048,,,,-118.0844719598,809.1353065847,,,-16.095277191,10.0459144753,295.8093548826,8.0998134347,8.0998134347,,2.3719832531,,,,,393.7905903009,,,,,-31.6223347073,-31.6223347073,,,142.7451338222,50.7126411973,-145.0627762591,,,,52.9915379479,,,,,-16.095277191,809.1353065847,,,,,-118.0844719598,标准无保留意见,,,,,
002270.SZ,002270,华明装备,10120706,通用,2009-09-30 00:00:00,三季报,2009三季报,058001001,2010-10-22 00:00:00,2010-10-22 00:00:00,CNY,340766235.52,,,,,,,,,,,,2088823.28,13372929.87,,,356227988.67,227710102.15,,,,,,36789350.79,23996414.43,24408912.73,,,312904780.1,,,43323208.57,,,90150.0,,,,,,90150.0,85962518.36,,,,,,,,85962518.36,,,-85872368.36,,,,,,,,,,14550000.0,,,,,,,14550000.0,,,-14550000.0,-79158.63,,,-57178318.42,267392847.91,,,210214529.49,,,,,,,,,,,,,,,,0.0,,,,,,,,,,43323208.57,,,,,,,,,,,-57178318.42,48.2448130507,,,,,,,,,,,,754.4715797689,995.1925838244,,,53.9894399641,83.9715981547,,,,,,15.957971852,-8.9107067429,21.7113782652,,,54.980359597,,,47.1921170091,,,-24.9950079872,,,,,,-24.9950079872,139.8350720273,,,,,,,,139.8350720273,,,-140.3896650262,,,,,,,,,,430.9612151443,,,,,,,-92.9741986114,,,-105.6956929403,,,,-122.9477768954,809.1353065847,,,-24.5404013291,,,,,,,,,,,,,,,,,,,,,,,,,,47.1921170091,,,,,,,,,,,-122.9477768954,,,,,,
002270.SZ,002270,华明装备,10120706,通用,2009-06-30 00:00:00,中报,2009中报,058001001,2010-07-29 00:00:00,2010-07-29 00:00:00,CNY,216856404.62,,,,,,,,,,,,719600.93,9881396.13,,,227457401.68,128043131.25,,,,,,25462582.74,13973239.94,15357844.92,,,182836798.85,,,44620602.83,,,,,,,,,,64775570.64,,,,,,,,64775570.64,,,-64775570.64,,,,,,,,,,14550000.0,,,,,,,14550000.0,,,-14550000.0,-72112.67,,,-34777080.48,267392847.91,,,232615767.43,28578833.61,401132.0,3883809.44,3883809.44,,1070859.01,,,,,7358.45,,,-2469198.51,,-286079.11,-286079.11,,,19073367.79,-366889.6,-5272590.25,,,,44620602.83,,,,,232615767.43,267392847.91,,,,,-34777080.48,19.8175887737,,,,,,,,,,,,,836.5170600912,,,24.9464477313,12.01054032,,,,,,9.4100027592,-29.1482639165,127.3042569377,,,11.4420835897,,,148.1748741058,,,,,,,,,,151.218111335,,,,,,,,151.218111335,,,-152.3946206091,,,,,,,,,,774.1491652341,,,,,,,-83.0546918387,,,-1381.3463665486,,,,-430.9982716617,809.1353065847,,,917.4599871856,-8.3390116367,142.2112881261,4.0129598365,4.0129598365,,1.9736071652,,,,,111.3570523476,,,-248.6543116308,,-951.667481878,-951.667481878,,,225.1185074683,95.6994124819,-232.0061734519,,,,148.1748741058,,,,,,,,,,,-430.9982716617,,,,,,
002270.SZ,002270,华明装备,10120706,通用,2009-03-31 00:00:00,一季报,2009一季报,058001001,2010-04-24 00:00:00,2010-04-24 00:00:00,CNY,92905448.71,,,,,,,,,,,,,8590513.1,,,101495961.81,44168817.92,,,,,,10941774.11,5861150.0,7868985.21,,,68840727.24,,,32655234.57,,,,,,,,,,39676934.22,,,,,,,,39676934.22,,,-39676934.22,,,,,,,,,,,,,,,,,,,,,-42394.98,,,-7064094.63,267392847.91,,,260328753.28,,,,,,,,,,,,,,,,0.0,,,,,,,,,,32655234.57,,,,,,,,,,,-7064094.63,45.1269807297,,,,,,,,,,,,,523.9728922852,,,55.2082497343,11.3633227389,,,,,,-10.3960039134,-20.824256403,2.4282062282,,,2.8113225425,,,2186.7211280674,,,,,,,,,,947.6893282743,,,,,,,,947.6893282743,,,-948.8503202067,,,,,,,,,,,,,,,,,,,,,,,,-398.2905020387,809.1353065847,,,829.9411353051,,,,,,,,,,,,,,,,,,,,,,,,,,2186.7211280674,,,,,,,,,,,-398.2905020387,,,,,,
002270.SZ,002270,华明装备,10120706,通用,2008-12-31 00:00:00,年报,2008年报,058001001,2010-02-25 00:00:00,2010-02-25 00:00:00,CNY,340483905.62,,,,,,,,,,,,3433952.89,2022296.8,,,345940155.31,200928411.77,,,,,,42390752.16,33503063.47,26896611.25,,,303718838.65,,,42221316.66,,,50192.0,,,,,,50192.0,56141582.28,,,,,,,,56141582.28,,,-56091390.28,305550000.0,,157000000.0,,,,,462550000.0,201200000.0,2740313.15,,,6758542.2,,,,210698855.35,,,251851144.65,,,,237981071.03,29411776.88,,,267392847.91,56402789.85,938844.71,7673361.43,7673361.43,,2116880.46,,,,,-29445.15,,,2646807.65,,-860868.41,-860868.41,,,-34906306.58,-23119484.34,31358737.04,,,,42221316.66,,,,,267392847.91,29411776.88,,,,,237981071.03,4.7452283733,,,,,,,,,,,,,46.8316940478,,,5.9747497105,13.8635022543,,,,,,42.0159264313,23.0493854954,4.8793569732,,,17.1817195368,,,-37.2175632854,,,-88.8010781238,,,,,,-99.9034300402,-41.4946788061,,,,,,,,-49.5494239067,,,5.4197473156,81667.8227360308,,-6.9684759422,,,,,173.4818990517,61.5285806037,-95.0940128554,,,31475.9970659758,,,,16.7708336967,,,2327.9365966857,,,,7183.5428995039,-10.2517204611,,,809.1353065847,6.7269930544,200.3168763898,24.0370913276,24.0370913276,,93.1534803473,,,,,-163.7589320514,,,-0.1210117916,,88.5178436956,88.5005028032,,,-118.3401818819,-255.9945103067,-11.2624869049,,,,-37.2175632854,,,,,,,,,,,7183.5428995039,标准无保留意见,,-2848.19,-20.5241264911,,
002270.SZ,002270,华明装备,10120706,通用,2008-09-30 00:00:00,三季报,2008三季报,058001001,2009-10-22 00:00:00,2009-10-22 00:00:00,CNY,229867223.35,,,,,,,,,,,,244457.9,1221057.38,,,231332738.63,123774595.88,,,,,,31726452.44,26343836.44,20054750.08,,,201899634.84,,,29433103.79,,,120192.0,,,,,,120192.0,35842346.84,,,,,,,,35842346.84,,,-35722154.84,305550000.0,,157000000.0,,,,,462550000.0,201200000.0,2740313.15,,,3153500.0,,,,207093813.15,,,255456186.85,,,,249167135.8,29411776.88,,,278578912.68,,,,,,,,,,,,,,,,0.0,,,,,,,,,,29433103.79,,,,,,,,,,,249167135.8,-1.6678124027,,,,,,,,,,,,,25.0411105816,,,-1.4525650215,1.7201809224,,,,,,36.7671363354,23.1144671544,4.4167623055,,,8.8506519623,,,-40.2487097506,,,-70.4096152994,,,,,,-99.7544084854,-56.1177509597,,,,,,,,-63.0487592395,,,25.6705682745,81667.8227360308,,-6.9684759422,,,,,173.4818990517,73.1735867245,-95.0157370196,,,14633.1930172094,,,,20.9768174988,,,12555.0248025975,,,,29382.7351265717,-10.2517204611,,,772.7270357181,,,,,,,,,,,,,,,,,,,,,,,,,,,,,,,,,,,,,,,,,,,
002270.SZ,002270,华明装备,10120706,通用,2008-06-30 00:00:00,中报,2008中报,058001001,2009-07-29 00:00:00,2009-07-29 00:00:00,CNY,180988790.41,,,,,,,,,,,,,1055121.85,,,182043912.26,114313466.29,,,,,,23272627.82,19721803.18,6756514.43,,,164064411.72,,,17979500.54,,,120192.0,,,,,,120192.0,25784594.23,,,,,,,,25784594.23,,,-25664402.23,,,87000000.0,,,,,87000000.0,84200000.0,1664475.65,,,,,,,85864475.65,,,1135524.35,,,,-6549377.34,29411776.88,,,22862399.54,31178840.77,165612.43,3733966.85,3733966.85,,1050133.5,,,,,-64791.9,2307.2,,1661033.9,,33590.47,33590.47,,,-15244241.78,-8531150.65,3994199.75,,,,17979500.54,,,,,,,,,,,-6549377.34,,,,,,,,,,,,,,,,,,,,,,,,,,,,,,,,,,,,,,,,,,,,,,,,,,,,,,,,,,,,,,,,,,,,,,,,,,,,,,,,,,,,,,,,,,,,,,,,,,,,,,,,,,,,,,,,,,,,,,,标准无保留意见,,-238.59,,,
002270.SZ,002270,华明装备,10120706,通用,2008-03-31 00:00:00,一季报,2008一季报,058001001,2009-04-27 00:00:00,2009-04-27 00:00:00,CNY,64016661.99,,,,,,,,,,,,,1376744.6,,,65393406.59,39661907.38,,,,,,12211256.85,7402709.13,7682439.73,,,66958313.09,,,-1564906.5,,,4192.0,,,,,,4192.0,3787089.66,,,,,,,,3787089.66,,,-3782897.66,,,32000000.0,,,,,32000000.0,27200000.0,869861.76,,,,,,,28069861.76,,,3930138.24,,,,-1417665.92,29411776.88,,,27994110.96,,,,,,,,,,,,,,,,0.0,,,,,,,,,,-1564906.5,,,,,,,,,,,-1417665.92,,,,,,,,,,,,,,,,,,,,,,,,,,,,,,,,,,,,,,,,,,,,,,,,,,,,,,,,,,,,,,,,,,,,,,,,,,,,,,,,,,,,,,,,,,,,,,,,,,,,,,,,,,,,,,,,,,,,,,,,,,,,
002270.SZ,002270,华明装备,10120706,通用,2007-12-31 00:00:00,年报,2007年报,058001001,2009-03-21 00:00:00,2009-03-21 00:00:00,CNY,325059108.57,,,,,,,,,,,,,1377289.02,,,326436397.59,176464282.05,,,,,,29849294.53,27227330.99,25645286.19,,,259186193.76,,,67250203.83,,,448186.0,,,51526569.0,,,51974755.0,95959788.16,,,15320571.01,,,,,111280359.17,,,-59305604.17,373680.0,,168760000.0,,,,,169133680.0,124560000.0,55856508.98,,,21404.05,,,,180437913.03,,,-11304233.03,,,,-3359633.37,32771410.25,,,29411776.88,52847726.93,-935879.13,6186344.22,6186344.22,,1095957.71,,,,,46182.0,,,2650014.48,,-7497445.49,-7486139.57,-11305.92,,-15987119.86,-6494337.32,35338760.29,,,,67250203.83,,,,,,,,,,,-3359633.37,54.2097429748,,,,,,,,,,,,,1.1268906035,,,53.847103228,26.3727599558,,,,,,58.7773721159,175.4128199535,64.8667542476,,,40.9551066597,,,137.6012583627,,,,,,,,,15828.3229748946,1152.8559873592,,,,,,,,711.6372237364,,,-343.0983145535,628.1371784879,,,,,,,329466.7965705378,,339.8150313386,,,,,,,1320.7709687402,,,10.6291484171,,,,-247.947456839,7.4451981817,,,-10.2517204611,40.2402277945,-195.7657310668,90.5804662805,90.5804662805,,1489.5737776344,,,,,465.4244111234,,,,,-5040.3104050169,-5032.5589731069,,,19.7451687706,-262.0123470845,1207.0386359121,,,,137.6012583627,,,,,,,,,,,-247.947456839,标准无保留意见,,-2363.17,,,
002270.SZ,002270,华明装备,10120706,通用,2007-09-30 00:00:00,三季报,2007三季报,058001001,2008-10-22 00:00:00,2008-10-22 00:00:00,CNY,233766001.72,,,,,,,,,,,,,976524.74,,,234742526.46,121681454.71,,,,,,23197423.95,21397839.79,19206446.97,,,185483165.42,,,49259361.04,,,406186.0,,,48533615.6,,,48939801.6,81678463.67,,,15320571.01,,,,,96999034.68,,,-48059233.08,373680.0,,168760000.0,,,,,169133680.0,116184000.0,54979305.08,,,21404.05,,,,171184709.13,,,-2051029.13,,,,-850901.17,32771410.25,,,31920509.08,,,,,,,,,,,,,,,,,,,,,,,,,,,,,,,,,,,,,,,,,,,,,,,,,,,,,,,,,,,,,,,,,,,,,,,,,,,,,,,,,,,,,,,,,,,,,,,,,,,,,,,,,,,,,,,,,,,,,,,,,,,,,,,,,,,,,,,,,,,,,,,,,,,,,,,,,,,,,,,,,
002270.SZ,002270,华明装备,10120706,通用,2006-12-31 00:00:00,年报,2006年报,058001001,2008-08-18 00:00:00,2008-08-18 00:00:00,CNY,210790253.78,,,,,,,,,,,,30153.85,1361941.43,,,212182349.06,139637910.98,,,,,,18799463.76,9886007.12,15555159.26,,,183878541.12,,,28303807.94,,326304.0,,,,,,,326304.0,7659283.2,6000000.0,,,,51320.0,,,13710603.2,,,-13384299.2,51320.0,,,,,,,51320.0,,12700000.0,,,,,,,12700000.0,,,-12648680.0,,,,2270828.74,30500581.51,,,32771410.25,37683714.41,977258.9,3246053.67,3246053.67,,68946.64,,,,,8167.67,,,,-326304.0,-145855.89,-145855.89,,,-19920445.43,4008544.68,2703727.29,,,,28303807.94,,,,,,,,,,,2270828.74,31.7914334353,,,,,,,,,,,,,-46.5051569047,,,30.5832088501,63.0550333224,,,,,,76.5860568307,-17.4243764427,58.3702525772,,,55.725457047,,,-36.2664192199,,,,,,,,,,-47.4500916643,,,,,,,,-5.9323277944,,,8.1710810618,,,,,,,,-97.434,,5716.1900749235,,,,,,,75.9403387697,,,-142.3882157522,,,,-90.7749727395,418.3097281882,,,7.4451981817,-8.4499378022,-22.2156273809,110.8755088692,110.8755088692,,101.7976229745,,,,,,,,,,66.0118896957,66.0118896957,,,20.5213826661,130.1907589733,-93.0620149113,,,,-36.2664192199,,,,,,,,,,,-90.7749727395,标准无保留意见,,,,,
002270.SZ,002270,华明装备,10120706,通用,2005-12-31 00:00:00,年报,2005年报,058001001,2008-08-18 00:00:00,2008-08-18 00:00:00,CNY,159942302.99,,,,,,,,,,,,,2545930.32,,,162488233.31,85638516.11,,,,,,10646063.51,11972064.75,9822020.87,,,118078665.24,,,44409568.07,,,,,,,,,,14575255.11,,,,,,,,14575255.11,,,-14575255.11,,,2000000.0,,,,,2000000.0,7000000.0,218356.0,,,,,,,7218356.0,,,-5218356.0,,,,24615956.96,5884624.55,,,30500581.51,41161866.53,1256369.2,1539322.27,1539322.27,,34166.23,,,,,,,,218356.0,,-429137.98,-429137.98,,,-25063905.36,-13277389.56,38969920.74,,,,44409568.07,,,,,,,,,,,24615956.96,,,,,,,,,,,,,,,,,,,,,,,,,,,,,,,,,,,,,,,,,,,,,,,,,,,,,,,,,,,,,,,,,,,,,,,,,,,,,,,,,,,,,,,,,,,,,,,,,,,,,,,,,,,,,,,,,,,,,,,标准无保留意见,,,,,
