SECUCODE,SECURITY_CODE,SECURITY_NAME_ABBR,ORG_CODE,ORG_TYPE,REPORT_DATE,REPORT_TYPE,REPORT_DATE_NAME,SECURITY_TYPE_CODE,NOTICE_DATE,UPDATE_DATE,CURRENCY,EPSJB,EPSKCJB,EPSXS,BPS,MGZBGJ,MGWFPLR,MGJYXJJE,TOTALOPERATEREVE,MLR,PARENTNETPROFIT,KCFJCXSYJLR,TOTALOPERATEREVETZ,PARENTNETPROFITTZ,KCFJCXSYJLRTZ,YYZSRGDHBZC,NETPROFITRPHBZC,KFJLRGDHBZC,ROEJQ,ROEKCJQ,ZZCJLL,XSJLL,XSMLL,YSZKYYSR,XSJXLYYSR,JYXJLYYSR,TAXRATE,LD,SD,XJLLB,ZCFZL,QYCS,CQBL,ZZCZZTS,CHZZTS,YSZKZZTS,TOAZZL,CHZZL,YSZKZZL,TOTALDEPOSITS,GROSSLOANS,LTDRR,NEWCAPITALADER,HXYJBCZL,NONPERLOAN,BLDKBBL,NZBJE,TOTAL_ROI,NET_ROI,EARNED_PREMIUM,COMPENSATE_EXPENSE,SURRENDER_RATE_LIFE,SOLVENCY_AR,JZB,JZC,JZBJZC,ZYGPGMJZC,ZYGDSYLZQJZB,YYFXZB,JJYWFXZB,ZQZYYWFXZB,ZQCXYWFXZB,RZRQYWFXZB,EPSJBTZ,BPSTZ,MGZBGJTZ,MGWFPLRTZ,MGJYXJJETZ,ROEJQTZ,ZZCJLLTZ,ZCFZLTZ,REPORT_YEAR,ROIC,ROICTZ,NBV_LIFE,NBV_RATE,NHJZ_CURRENT_AMT,DJD_TOI_YOY,DJD_DPNP_YOY,DJD_DEDUCTDPNP_YOY,DJD_TOI_QOQ,DJD_DPNP_QOQ,DJD_DEDUCTDPNP_QOQ,XSMLL_TB,PER_TOI,PER_OI,PER_EBIT,STAFF_NUM,AVG_TOI,AVG_NET_PROFIT,PREPAID_ACCOUNTS_RATIO,ACCOUNTS_PAYABLE_TR,FIXED_ASSET_TR,CURRENT_ASSET_TR,PREPAID_ACCOUNTS_TDAYS,PAYABLE_TDAYS,OPERATE_CYCLE,GUARD_SPEED_RATIO,CASH_RATIO,INTEREST_COVERAGE_RATIO,CA_TA,NCA_TA,LIQUIDATION_RATIO,INTEREST_DEBT_RATIO,FC_LIABILITIES,FCFF_FORWARD,FCFF_BACK,SS_OI,SS_TA,NCO_OP,NCO_NETPROFIT,NCO_FIXED,FIRST_ADEQUACY_RATIO,NET_INTEREST_SPREAD,NET_INTEREST_MARGIN,LOAN_ADVANCES,NON_PERFORMING_LOAN,OVERDUE_LOANS,LOAN_PROVISION_RATIO,REVENUE_RATIO,LIABILITY,CAPITAL_PROVISIONS_SUM,RISK_COVERAGE,CAPITAL_LEVERAGE_RATIO,LIQUIDITY_COVERAGE_RATIO,NET_FUNDING_RATIO,NET_CAPITAL_LIABILITIES,NET_ASSETS_LIABILITIES,PROPRIETARY_CAPITAL,IS_BZ
002270.SZ,002270,华明装备,10120706,通用,2026-03-31 00:00:00,一季报,2026一季报,058001001,2026-04-27 00:00:00,2026-04-27 00:00:00,CNY,0.1825,,0.1825,3.482850669097,1.337693481787,2.024105816207,0.10306309256,530271786.47,282351136.33,163026548.07,143098725.96,4.070896752411,-4.852560095809,-9.505393934877,0.854724773534,-1.171478928041,-2.241247954422,5.07,,3.2081088308,30.9212520888,53.2464942571,,0.542003598915,0.174189475863,13.605309597,2.30557577985,1.975410730239,0.070202452633,37.1784197443,1.591809686942,0.591809686941,867.462057802912,165.691141290309,115.407377190052,0.103750935491,0.543179311212,0.779846160543,,,,,,,,,,,,,,,,,,,,,,,,,-4.550209205021,-6.7325731786,-5.199638178842,-2.139220718357,50.299058308252,-3.6121673004,-17.756010976222,48.119088714108,2026,3.990209605324,-12.479783070631,,,,4.070896752411,-4.852560095809,-9.505393934877,-13.276566696539,26.623459636095,37.223005971649,-3.54874130436,0.591672327216,0.591672327216,0.213982622537,,,,5.476449043441,1.086693398564,0.460438941976,0.168141674463,16.43400665031,82.820048524202,281.099039404764,1.609072879183,0.768412208736,,60.5062592581,39.4937407419,256.97175233741,18.7690718439,76.841220873599,137449194.480659,621257656.188824,1.002412165936,0.106022393504,0.554491363507,0.563332543465,0.071773319422,,,,,,,,,1863966795.23,,,,,,,,,0
002270.SZ,002270,华明装备,10120706,通用,2025-12-31 00:00:00,年报,2025年报,058001001,2026-02-27 00:00:00,2026-02-27 00:00:00,CNY,0.79,0.74,0.79,3.506026148426,1.318179853781,2.052144619471,0.673972665812,2426794600.12,1322345727.75,709737360.27,670645920.74,4.503984166499,15.536192044577,15.266149017479,-0.496854843488,1.176791972136,-0.754141694002,22.04,20.84,14.8896486305,29.6533918188,54.489396329,,0.569970890706,0.248900934125,15.1595687933,3.028546432444,2.670469711159,0.558761297094,39.0917281465,1.641813122535,0.641813122535,716.95587449153,142.160227705305,77.406616888918,0.502122951786,2.532353850377,4.650765199009,,,,,,,,,,,,,,,,,,,,,,,,,14.492753623188,-0.7429668834,-6.582540181879,9.321088457223,-32.082160475275,17.6093916756,7.818026444561,36.52905027968,2025,17.730396980249,9.533089956067,,,,-1.943304844743,6.850948164672,-4.659122749994,-11.90141681714,-39.412650891178,-49.141283312674,11.653844149949,2.70779484288,2.70779484288,0.927029822556,1796.0,1351221.93770601,395176.703936526,27.35010452213,4.509417151657,2.585093536999,0.771780042263,13.162655364213,79.832933590479,219.563674695105,1.962787365505,1.197841913644,44.952436650597,62.8578578806,37.1421421194,244.894318019653,20.2585086673,119.555040618083,599009038.093878,532237411.660586,0.933239347458,0.434828670747,0.724029269071,0.839367501858,0.594288510299,,,,,,,,,2036070254.77,,,,,,,,,0
002270.SZ,002270,华明装备,10120706,通用,2025-09-30 00:00:00,三季报,2025三季报,058001001,2025-10-27 00:00:00,2025-10-27 00:00:00,CNY,0.6422,,0.6422,3.542108410322,1.292705481396,2.108432642289,0.401853587315,1815343039.37,1006417461.09,580988273.38,566364043.99,6.870787932459,17.655493012409,19.879132128628,5.006808078427,4.967588526898,4.151089143045,17.9,,13.0981919531,32.5146511171,55.4395196535,,0.518255582783,0.19839302913,13.459723777,3.431956697843,2.992312963947,0.388611143262,29.6547630385,1.421560354608,0.421560354609,670.24180383493,151.108914702979,117.291947000284,0.402839689281,1.786790676981,2.301948317043,,,,,,,,,,,,,,,,,,,,,,,,,16.551724137931,2.6680540471,-8.387871337443,17.218138339582,-34.638178223311,22.3513328776,17.192383864096,0.673886740589,2025,15.650505969808,17.406236579496,,,,20.12745369808,18.514724896644,15.121390334833,13.451997777073,7.789112499106,0.910516067876,11.134467992317,2.025542878586,2.025542878586,0.748179516042,,,,18.117580289431,3.246769587327,2.128370805087,0.58601721258,14.902652323694,83.159581466416,268.40253522574,2.589162530497,1.10438134833,,69.8264075924,30.1735924076,322.481367127776,10.9256402513,110.43813483302,209859381.935898,262964668.686466,0.863939872645,0.344310493551,0.538767354926,0.610165025038,0.42635743339,,,,,,,,,1350785598.02,,,,,,,,,0
002270.SZ,002270,华明装备,10120706,通用,2025-06-30 00:00:00,中报,2025中报,058001001,2025-08-08 00:00:00,2025-08-08 00:00:00,CNY,0.4118,0.4038,0.4118,3.530503098221,1.411063688038,2.0712703888,0.354548408413,1121289243.43,622230080.14,368486672.33,361321755.19,0.037490838128,17.16562542078,22.758150996538,-2.431599959887,1.451691144326,5.740715718963,10.87,10.66,8.2965134595,33.3419867149,55.4923793112,,0.638010517306,0.283383883331,12.690511253,2.906464255831,2.488794650087,0.297344053195,29.9181112721,1.426902182792,0.426902182791,723.383097965408,170.713661888593,111.526528618029,0.248830806949,1.054397158427,1.61396577326,,,,,,,,,,,,,,,,,,,,,,,,,17.355371900826,0.0081085885,0.0,10.842556413124,-35.276795523497,23.945267959,15.141654713887,13.586339805078,2025,9.981448684809,18.518366219882,,,,-8.644055095012,5.097800002184,20.970765850334,20.063710836696,15.06045442341,28.497281714568,16.198061132232,1.251124108561,1.251124108561,0.467775163557,,,,13.583145003546,1.906266698619,1.30191249912,0.366381227612,13.251717474341,94.425402348161,282.237365389714,2.205254152217,1.187617309496,65.051640701429,68.1918041477,31.8081958523,316.261906666804,9.3419484462,118.76173094961,498990129.183662,349608948.502202,0.980744488493,0.241438864775,0.769607433264,0.849931006673,0.368886202348,,,,,,,,,1362700843.76,,,,,,,,,0
002270.SZ,002270,华明装备,10120706,通用,2025-03-31 00:00:00,一季报,2025一季报,058001001,2025-04-19 00:00:00,2026-04-27 00:00:00,CNY,0.1912,,0.1912,3.734262633583,1.411063688038,2.068352440135,0.068572014835,509529371.82,281288737.31,171340971.69,158129563.94,12.921420603482,35.001767966713,25.133933900232,2.51074717279,7.231562326264,5.45892264891,5.26,,3.9007213401,34.2966208004,55.2055981199,,0.521938073737,0.120613230461,14.3930486106,3.619750097994,3.113028679053,0.072648001815,25.100356792,1.335119844594,0.335119844595,791.314119333779,183.019851490419,115.083067077317,0.113734859269,0.491749934595,0.782043807883,,,,,,,,,,,,,,,,,,,,,,,,,35.028248587571,-3.7676687493,0.0,-6.382129117381,-59.943622201318,41.3978494624,38.824877531266,0.461029535092,2025,4.55918614615,38.224334093021,,,,12.921420603482,35.001767966713,25.133933900232,-18.288267636574,42.198641767258,44.571730151572,5.372526804611,0.568528133878,0.568528133878,0.223728168845,,,,7.289158671854,0.854619387313,0.593378966082,0.167690895979,12.347103973401,105.310037820424,298.127952138491,2.696626342706,1.361209714806,,68.0125170682,31.9874829318,376.529059122389,9.7963176967,136.120971480564,-30092259.2541779,-43844921.7235204,0.887638260822,0.10045579549,0.325213129978,0.351676718132,0.07177362078,,,,,,,,,1130082463.26,,,,,,,,,0
002270.SZ,002270,华明装备,10120706,通用,2024-12-31 00:00:00,年报,2024年报,058001001,2025-04-11 00:00:00,2026-02-27 00:00:00,CNY,0.69,0.65,0.69,3.532269742846,1.411063688038,1.877171777588,0.992335254667,2322202947.07,1133283298.06,614298729.87,581823828.12,18.411114745006,13.254570274607,15.791950646215,5.307731737366,6.476566500915,6.080086517321,18.74,17.75,13.8099806883,26.6893577274,48.8020781943,,0.676876366169,0.382979486109,14.7054648086,3.038432569155,2.651873094747,0.896295230776,28.6325350293,1.401198712061,0.40119871206,695.740928151433,128.783004590008,72.298358388978,0.51743398359,2.795399914345,4.979366171264,,,,,,,,,,,,,,,,,,,,,,,,,13.114754098361,-5.501340417,0.0,-9.216386842725,43.056939870989,16.7601246106,12.618437526154,11.962805621048,2024,16.187251713031,14.883194455191,,,,23.107213266866,44.948973043478,43.86132664766,7.927953878203,-32.798977124818,-38.589549996091,-5.997295426805,2.591092449228,2.591092449228,0.790831977262,1654.0,1403992.10826481,371401.892303507,17.845227486698,5.218830125134,2.690410348578,0.774269844761,20.173460958587,68.980976841195,201.080867856832,1.968993113965,1.170391912852,51.54270724738,67.6338213004,32.3661786996,329.785958408388,11.4963009843,117.039191285152,740979098.721791,817445653.417257,1.059973158869,0.552185202879,1.277185192519,1.434952051003,1.032771789485,,,,,,,,,1276350862.2,,,,,,,,,0
002270.SZ,002270,华明装备,10120706,通用,2024-09-30 00:00:00,三季报,2024三季报,058001001,2024-10-23 00:00:00,2025-10-27 00:00:00,CNY,0.551,,0.551,3.450058972283,1.411063688038,1.79872558305,0.614813933259,1698633531.66,847364717.39,493804631.22,472445899.41,16.77583598031,7.517913380112,10.787492724456,1.502702496317,1.207206783645,1.457782959878,14.63,,11.1766580056,29.3653240562,49.8850812489,,0.614477841957,0.324385379218,15.9096370266,2.783494647368,2.418384177241,0.532010341871,29.4562612,1.417560249869,0.417560249868,709.392511719226,138.561553033114,109.162245663115,0.380607344368,1.948592478142,2.47338260916,,,,,,,,,,,,,,,,,,,,,,,,,7.512195121951,-5.8943264534,0.0,-8.924771096993,2.490266902335,8.2901554404,7.169083896973,11.94071800549,2024,13.330216882654,9.955061226555,,,,5.988867509393,3.991190562492,4.629475307762,-13.720684662704,-4.413577319414,6.037829942624,-8.415775378732,1.895319495414,1.895319495414,0.651569056993,,,,8.792851164848,3.794819042698,2.005316817458,0.579102433175,30.706763362424,71.149637693406,247.722496294163,2.050712428189,0.906652046332,,65.4053266925,34.5946733075,320.682053750679,11.1848715095,90.66520463318,396156090.965163,824523146.007421,0.986937302675,0.380339206585,0.968784928388,1.10465451904,0.664683864395,,,,,,,,,1298361960.65,,,,,,,,,0
002270.SZ,002270,华明装备,10120706,通用,2024-06-30 00:00:00,中报,2024中报,058001001,2024-08-09 00:00:00,2025-08-08 00:00:00,CNY,0.3509,0.3284,0.3509,3.530216847462,1.411063688038,1.868659886443,0.547791802462,1120869020.24,535290246.87,314500666.05,294336263.83,23.241169997558,9.63775410942,14.87888107771,8.630568153182,3.391033552097,2.578346409799,8.77,8.21,7.2054839581,28.402905585,47.7567170833,,0.737242719763,0.43800384826,16.7940348521,4.269331684215,3.705228959094,0.748567572819,26.3395328377,1.357580312105,0.357580312105,709.53221671753,129.295798080584,100.019901135875,0.253688269199,1.39215661044,1.79964185083,,,,,,,,,,,,,,,,,,,,,,,,,9.621993127148,-5.8370766225,0.0,-8.961396306991,5.419405669135,5.0299401198,9.432896035575,14.049149936008,2024,8.421858150062,12.951245481114,,,,34.726229053842,11.070532719433,8.801708332929,48.405939041032,47.799142987683,32.919472265917,-12.108541991848,1.250655227435,1.250655227435,0.4158962494,,,,7.413459626528,2.707876378489,1.312905908415,0.387606043266,24.280161903882,66.472753863469,229.313995585668,3.138311124753,1.653478171948,68.695380341246,64.838815747,35.161184253,358.304870363298,9.3022846686,165.34781719477,476314956.428288,417941965.148961,1.118524220664,0.29031779335,1.368517614033,1.542109299167,0.582851000831,,,,,,,,,1137456174.12,,,,,,,,,0
002270.SZ,002270,华明装备,10120706,通用,2024-03-31 00:00:00,一季报,2024一季报,058001001,2024-04-19 00:00:00,2025-04-19 00:00:00,CNY,0.1416,,0.1416,3.880465728148,1.411063688038,2.20935641949,0.171188755957,451224726.98,236400622.58,126917576.17,126368251.21,9.400654103033,7.586544190498,24.091807111414,1.977075904042,1.649999918924,4.882599590814,3.72,,2.8098143571,28.5613911925,52.3908838423,,0.754398401985,0.340016199061,15.2174170332,4.064000773289,3.529680143559,0.198878614862,24.9851677891,1.333069701721,0.33306970172,914.838092694307,182.684015505288,109.338163275932,0.098378063527,0.492653939925,0.823134368673,,,,,,,,,,,,,,,,,,,,,,,,,7.598784194529,0.8844392952,0.0,2.08841815527,762.816667733357,6.8965517241,3.806673238495,12.402249797373,2024,3.298396173196,4.576219686123,,,,9.400654103033,7.586544190498,24.091807111414,-10.917666385086,52.676127155783,66.208159905969,1.835510989385,0.503472353464,0.503472353464,0.165568377037,,,,2.161595521963,1.101442418974,0.525275029756,0.147491035589,41.635911568823,81.711034957084,292.009665992893,2.800100376591,1.61021726826,,67.34824388,32.65175612,379.122393601574,7.7302479745,154.540375074027,101078857.682249,-7687300.20229684,1.210618597425,0.117346006285,1.009462104227,1.190474920389,0.179883740922,,,,,,,,,1163092322.06,,,,,,,,,0
002270.SZ,002270,华明装备,10120706,通用,2023-12-31 00:00:00,年报,2023年报,058001001,2024-04-11 00:00:00,2025-04-11 00:00:00,CNY,0.61,0.56,0.61,3.737904599317,1.411063688038,2.067742968476,0.69366453355,1961135955.92,1018135709.02,542405245.44,502473466.31,14.574626841011,50.90084564148,46.481375190624,-0.270199808101,2.024130856027,2.584946893317,16.05,14.87,12.2626285639,28.0785243893,51.9156107432,,0.653195174314,0.316999845765,14.7295104984,4.028764076011,3.535251908778,0.839477433404,25.5732561099,1.34360304876,0.343603048759,824.315009417926,144.231437521992,87.377394395494,0.436726246504,2.495988434873,4.120058769097,,,,,,,,,,,,,,,,,,,,,,,,,45.238095238095,0.4817862868,0.0,1.732357655919,25.26269314926,45.7765667575,44.246121374147,1.516600463937,2023,14.090182458623,41.395305880907,,,,-1.038088924456,14.870180153582,19.980489067838,-7.07968038104,-51.787762071889,-55.336550051014,5.29604349233,2.188217258834,2.188217258834,0.708793346381,1631.0,1202413.21638259,332559.929760883,12.733507286991,5.03722832004,2.392607755044,0.668069482066,28.271865078978,71.467874221183,232.572938475723,2.468028682933,1.500021847209,38.143186210162,66.0342261722,33.9657738278,369.499815067798,8.4171061284,142.405996200372,611611402.10229,459884743.241065,1.01513763153,0.440628069436,0.999443240482,1.128976157613,0.718583302407,,,,,,,,,1155437605.16,,,,,,,,,0
002270.SZ,002270,华明装备,10120706,通用,2023-09-30 00:00:00,三季报,2023三季报,058001001,2023-10-24 00:00:00,2024-10-23 00:00:00,CNY,0.5125,,0.5125,3.66615406092,1.411063688038,1.97498881388,0.599875433874,1454610465.77,792312885.44,459276613.26,426443353.66,21.234909649047,59.983581839031,52.486261205331,5.093475511012,15.433054606016,16.469335651263,13.51,,10.4289946309,32.0328506514,54.4690763668,,0.701131330531,0.369599718909,15.7883308662,3.945450230211,3.505057768594,0.717822942479,26.3141613926,1.35711287121,0.35711287121,829.310013282947,147.641567075706,127.458997762251,0.32557185573,1.828753279634,2.118328283921,,,,,,,,,,,,,,,,,,,,,,,,,51.851851851852,-0.895235514,-0.799300276084,1.188835294902,58.732086514431,54.753722795,53.49454560656,6.042111485658,2023,12.123331781142,50.858387394885,,,,21.188015640253,70.137253705669,68.598419377629,9.672714445327,2.093598798617,10.266222895014,11.292413039433,1.623040828184,1.623040828184,0.612299787943,,,,6.489911175691,3.595680844572,1.76101187622,0.497938528464,41.603034724317,75.090090492205,275.098494893209,2.869912135337,1.439327141153,,66.0660480178,33.9339519822,358.481703776893,8.7721628153,141.325646592143,476232383.359994,338430801.566798,1.041426820024,0.338685200547,1.008285222868,1.153814635265,0.61244349289,,,,,,,,,1176979178.9,,,,,,,,,0
002270.SZ,002270,华明装备,10120706,通用,2023-06-30 00:00:00,中报,2023中报,058001001,2023-08-11 00:00:00,2024-08-09 00:00:00,CNY,0.3201,0.2859,0.3201,3.74905187821,1.411063688038,2.052601655386,0.519630896214,909492355.73,494181916.04,286854349.22,256214424.33,21.263033686818,54.443388361833,43.382395523143,3.747852132531,11.973536879743,10.725487546311,8.35,7.46,6.5843857004,32.006275098,54.3360164521,,0.859702704068,0.512050949066,15.7844359466,4.221047760318,3.727470204462,0.701900238146,23.0948962377,1.300303817404,0.300303817404,874.968414639761,154.340771333723,124.743118994595,0.205721711765,1.166250488737,1.442965363146,,,,,,,,,,,,,,,,,,,,,,,,,42.647058823529,-1.8358719418,-0.799300276084,-2.196876946247,88.878053538781,42.735042735,46.035662446168,25.689386690098,2023,7.456188831021,40.977868883475,,,,15.739876852852,41.165258382183,35.846294231854,20.508878767588,43.163075201313,51.598883569929,14.925101493977,1.014803111216,1.014803111216,0.382874503156,,,,8.20600437662,2.231460336932,1.093090161379,0.319783900952,21.93515768927,80.664664758272,279.074344066199,3.250737232226,1.873932368497,65.413237648669,63.9555565103,36.0444434897,403.598085468098,10.2637312559,179.928810891862,558451499.073981,296353522.698977,1.189196958596,0.2469869575,1.421278010685,1.599845491232,0.523328661781,,,,,,,,,1011334535.62,,,,,,,,,0
002270.SZ,002270,华明装备,10120706,通用,2023-03-31 00:00:00,一季报,2023一季报,058001001,2023-04-21 00:00:00,2024-04-19 00:00:00,CNY,0.1316,,0.1316,3.846446246078,1.411063688038,2.164159715091,-0.025827466974,412451580.55,212192217.01,117967890.06,101834483.8,28.662047962283,78.477212647677,56.548054749845,5.367974942563,14.430866171636,10.723440240036,3.48,,2.7067762307,29.2193605076,51.446576281,,0.319898541652,-0.056121091085,14.0280020642,4.471448675302,3.956365688404,-0.036259553353,22.2283520429,1.28581562339,0.28581562339,971.54039399827,163.585315264152,138.007737719973,0.092636395312,0.550171632794,0.652137347419,,,,,,,,,,,,,,,,,,,,,,,,,46.222222222222,1.3185402666,-0.799300276084,2.799822231215,-127.588207754884,51.3043478261,73.074429310444,-0.040205389871,2023,3.154059482257,65.004863177084,,,,28.662047962283,78.477212647677,56.548054749845,-19.41768493177,63.012339168386,60.701473987555,7.674406552807,0.460209637312,0.460209637312,0.159825746252,,,,3.805837848875,1.108966896282,0.496693731787,0.143661403559,23.647880854041,81.156615496585,301.592522906867,3.135366021349,1.546754349886,,64.2635333643,35.7364666357,419.92195871764,10.3088639788,143.768467588427,-12309097.2823787,13607023.6569125,0.693575512521,0.064403051615,-0.190888768804,-0.192068170246,-0.026107701592,,,,,,,,,987341846.14,,,,,,,,,0
002270.SZ,002270,华明装备,10120706,通用,2022-12-31 00:00:00,年报,2022年报,058001001,2023-04-12 00:00:00,2024-04-11 00:00:00,CNY,0.42,0.4,0.42,3.719982235039,1.411063688038,2.032532240597,0.553767858658,1711666893.44,843927551.45,359444801.74,343028911.12,11.699870371897,-13.790608576891,90.562965412654,4.36062468353,12.439854390093,14.647771532383,11.01,10.5,8.5011842586,21.257174045,49.3044268534,,0.625898121419,0.289951765558,13.1501708608,3.790210322533,3.388490202709,0.6514511611,25.1912061604,1.336741242138,0.336741242138,900.178424957478,166.358954750137,106.728943023515,0.399920715737,2.163995322889,3.373030686912,,,,,,,,,,,,,,,,,,,,,,,,,-23.636363636364,-0.8284542872,16.559090968751,-15.240385025234,49.251039307574,-26.9409422694,-15.836133307002,-17.25028014733,2022,9.965099174148,-23.811191747405,,,,16.24294012927,121.985683362066,224.265390261016,13.789527959738,-28.591582731689,-37.238236617845,1.811501503473,1.909861999263,1.909861999263,0.478894095151,1607.0,1065131.85652769,223674.425476042,11.724000359546,5.300024236278,2.153109427752,0.625822531468,30.706242661183,67.924217692411,273.08850921721,2.609706590465,1.551245574499,22.277269884113,64.7003344775,35.2996655225,369.344445675923,13.1439637712,132.84907070251,384244603.656707,10611307.3223131,0.944473143323,0.362233768147,1.2197123091,1.364018401239,0.641064139559,,,,,,,,,1124265521.76,,,,,,,,,0
002270.SZ,002270,华明装备,10120706,通用,2022-09-30 00:00:00,三季报,2022三季报,058001001,2022-10-25 00:00:00,2023-10-24 00:00:00,CNY,0.3375,,0.3375,3.699271250918,1.422433200537,1.951785301337,0.377916933524,1199828061.06,587223553.7,287077341.3,279660180.72,9.868109872033,-25.307158074071,74.280099127739,2.610866526848,6.262794184579,7.106739174598,8.73,,6.794374738,24.0952041657,48.9423087156,,0.6044356799,0.282289419311,13.9260003525,4.677800583938,4.079062200588,0.541134256565,24.814822172,1.330049391235,0.330049391234,957.513439517856,199.448668290807,153.397831709142,0.281980376313,1.35373177627,1.760129181695,,,,,,,,,,,,,,,,,,,,,,,,,-33.326748320822,-4.5544888417,17.710756672917,-22.421920207714,5.173632728137,-36.6013071895,-24.267732062127,-24.596071071847,2022,8.036233179007,-31.656732804326,,,,10.226550731409,22.836681246145,24.474877371113,4.7422585225,-15.291513529976,-11.154221881046,-2.570759576747,1.338756990773,1.338756990773,0.387520232206,,,,5.789506219037,4.098620375396,1.50065951858,0.435472503267,46.636101557707,65.875825343769,352.853725056259,3.491256418253,1.763232899708,,66.3476242803,33.6523757197,375.613435696085,13.0716258863,168.334860282205,226606100.834997,-290741283.711976,0.928201893025,0.252369315733,1.024947836072,1.171558528285,0.432398884454,,,,,,,,,1095055376.28,,,,,,,,,0
002270.SZ,002270,华明装备,10120706,通用,2022-06-30 00:00:00,中报,2022中报,058001001,2022-08-22 00:00:00,2023-08-11 00:00:00,CNY,0.2244,0.2244,0.2244,3.819166891583,1.422433200537,2.09870768059,0.275114491323,750016165.75,354603913.26,185734301.91,178693083.9,9.654256010317,-38.466297823334,125.191839673453,3.732964103754,-31.651653930834,36.447961013968,5.85,5.62,4.5087518967,24.9325891613,47.2795026898,,0.620946208465,0.328745718852,14.4755799167,5.01396211352,4.293861989217,0.451640865446,18.374579466,1.225108542728,0.225108542728,995.36770969296,214.764620919585,149.063097149898,0.180837692691,0.838126872244,1.207542332352,,,,,,,,,,,,,,,,,,,,,,,,,-43.561368209256,0.6091695755,14.665021257689,-12.664149107944,15.011185967619,-46.5753424658,-37.606757184798,-40.087223161302,2022,5.288907322882,-43.695152402992,,,,15.465727169679,-53.799530521535,191.219111863333,33.963501270947,81.003080423823,74.701197845085,-9.946302635747,0.836861061746,0.836861061746,0.251429610459,,,,3.659906494584,2.62060138756,0.932667439114,0.281967264055,49.181584356423,68.686523961431,363.83982996144,3.617020183988,1.890592683823,24.830011259157,65.2072783875,34.7927216125,505.511122444971,7.4579220755,178.679727103831,226972911.996148,-224779113.592687,1.015178621835,0.18138050833,1.155428058041,1.318538226113,0.311099381133,,,,,,,,,771329393.14,,,,,,,,,0
002270.SZ,002270,华明装备,10120706,通用,2022-03-31 00:00:00,一季报,2022一季报,058001001,2022-04-26 00:00:00,2023-04-21 00:00:00,CNY,0.09,,0.09,3.796389324161,1.422433200537,2.105217371119,0.093617777579,320569730.61,153167457.59,66096891.76,65049983.51,2.727853957308,54.112303779389,61.301228748562,0.55550609784,5.566242467623,13.733665724242,2.3,,1.5639376894,20.6739027649,47.7797630171,,0.681325286029,0.261729742544,14.4955835515,4.653725023201,4.018148978486,0.135070088212,22.2372926331,1.285963457113,0.285963457112,1189.72211070479,252.440320076729,154.419926971668,0.075647917434,0.356519909231,0.582826334431,,,,,,,,,,,,,,,,,,,,,,,,,50.0,8.8605056945,14.665021257689,0.682136858841,78.387458919191,36.9047619048,53.953683512522,-40.581537133693,2022,1.911494862349,20.078145668662,,,,2.727853957308,54.112303779389,61.301228748562,-27.195895181925,102.750844042913,232.868563977776,-7.572809560629,0.357688723754,0.357688723754,0.092672935276,,,,1.320203910323,1.265920358943,0.395479242835,0.117137345219,68.171287250601,71.094519780966,406.881322550804,3.313405891165,1.888732430074,,66.0269014429,33.9730985571,418.319331872412,11.9967220908,188.87324300739,84184995.1156554,-466339841.93874,1.269241718661,0.092933146698,1.091909173481,1.265990971906,0.104174469315,,,,,,,,,973594517.05,,,,,,,,,0
002270.SZ,002270,华明装备,10120706,通用,2021-12-31 00:00:00,年报,2021年报,058001001,2022-04-22 00:00:00,2023-04-12 00:00:00,CNY,0.55,0.24,0.55,3.751058036155,1.210599427561,2.397996075374,0.371031157456,1532380375.86,742088418.67,416943903.45,180008172.3,11.996307134519,45.126047140047,21.123735996301,-2.061826427643,0.804761885854,-8.395326407002,15.07,6.5,10.1007529628,27.4744085876,48.4271679774,,0.581991361825,0.183832537683,18.6450116678,3.06402831679,2.605321369481,0.334213263945,30.4426482715,1.437662554928,0.437662554927,979.212849574128,194.820398743556,134.890283864167,0.36764223443,1.847855780615,2.668835661748,,,,,,,,,,,,,,,,,,,,,,,,,44.736842105263,9.2519649469,-2.463078141823,17.740701950648,-31.409978555906,31.8460192476,39.984847662861,-20.397514154797,2021,13.0794789979,31.431141950797,,,,-6.826417283723,19.000882247988,-45.775513018085,7.900119890369,-60.485861712206,-75.907811825677,2.739615213941,2.018310589261,2.018310589261,0.741229333688,1603.0,955945.337404866,260102.24794136,5.201414729295,4.607744419235,2.066658304079,0.580789888053,69.211939200401,78.12933341033,329.707823113228,1.977414853684,0.90377611601,5.730004291935,63.034920897,36.965079103,303.452195737848,17.9367011241,90.377611600979,446818070.39627,689915412.509747,1.027637378237,0.384352428474,0.549981183153,0.669104621841,0.345321294749,,,,,,,,,1247266548.01,,,,,,,,,0
002270.SZ,002270,华明装备,10120706,通用,2021-09-30 00:00:00,三季报,2021三季报,058001001,2021-10-26 00:00:00,2022-10-25 00:00:00,CNY,0.5062,,0.5062,3.875793849311,1.208413946815,2.515897927047,0.359326690275,1092062166.59,548583191.88,384343845.94,160465929.34,21.927729683089,47.879743059259,42.540603890459,5.212222744864,8.972396694004,19.986691761281,13.77,,8.9715717263,35.5125878741,50.2336962733,,0.649159194136,0.24981625777,19.1186246857,2.719907450342,2.311105749144,0.253671746768,32.9091899119,1.490517104633,0.490517104632,1068.75350479142,217.884358830428,177.35148454162,0.252630750486,1.239189455587,1.522400563479,,,,,,,,,,,,,,,,,,,,,,,,,47.88197487584,13.7401236187,-2.587474162358,26.052208580015,2.870954364895,33.3010648596,34.466507994416,-8.782870492199,2021,11.758631842985,33.623409841651,,,,23.44832568092,64.572511167048,67.685771135272,9.720761154587,-68.140039245417,107.86193280969,0.390904019312,1.43836391387,1.43836391387,0.678978230785,,,,2.894709247727,3.199178984662,1.488430676384,0.388672848598,93.273616413127,84.396653420917,395.234055025753,1.952203423372,0.889028917067,,66.3849551458,33.6150448542,281.849951080253,16.0536680518,88.902891706695,389020105.951625,461249601.486129,1.029929005884,0.255254983551,0.574691869819,0.703458330483,0.340928244871,,,,,,,,,1450098866.2,,,,,,,,,0
002270.SZ,002270,华明装备,10120706,通用,2021-06-30 00:00:00,中报,2021中报,058001001,2021-08-24 00:00:00,2022-08-22 00:00:00,CNY,0.3976,0.1045,0.3976,3.796042555262,1.240511870957,2.403031125424,0.239206724988,683982722.64,359100891.15,301841584.92,79351491.67,21.038219848726,43.890504771657,23.612199918922,2.00020588701,142.58919922004,-5.019236219424,10.95,3.0,7.2263464652,44.4517064944,52.501456435,,0.717006739976,0.26552586748,21.4209536433,3.119458649228,2.65350871428,0.199828161197,30.6688830589,1.442353800314,0.442353800315,1107.24101142355,240.546652422226,181.571994031194,0.162566232774,0.748295593339,0.991342310032,,,,,,,,,,,,,,,,,,,,,,,,,42.0,11.3773484828,0.0,21.379765240506,67.001067472655,30.8243727599,36.135800052268,-17.912936188227,2021,9.393342755736,37.192983132474,,,,8.508008682408,654.025976824959,-18.152132647904,19.18500261076,503.777451401947,-3.236028377553,4.924411970989,0.900879177078,0.900879177078,0.548155476154,,,,1.814170733046,1.721425966692,1.018315339063,0.247397709808,99.218886470394,104.564473571814,421.803953032784,1.700051370471,0.512709885089,5.110702637764,67.8967604229,32.1032395771,303.058317340986,15.7143538659,51.270988508944,-161297763.180198,360417620.670106,1.10071986983,0.180300313571,0.474784072661,0.597335599508,0.268592828038,,,,,,,,,1280629245.21,,,,,,,,,0
002270.SZ,002270,华明装备,10120706,通用,2021-03-31 00:00:00,一季报,2021一季报,058001001,2021-04-27 00:00:00,2022-04-26 00:00:00,CNY,0.06,,0.06,3.487389021335,1.240511870957,2.090954201807,0.05248002194,312057264.18,161316405.48,42888783.14,40328262.85,40.355585841587,-75.552060344965,144.174853817304,6.557606808599,-45.89358523637,16.022679071477,1.68,,1.0158494774,13.8164676516,51.6944881587,,0.669714840669,0.127684533493,15.3272783282,4.643686728198,3.969359590975,0.068312938602,37.4248870812,1.598079417448,0.598079417449,1224.08104378148,243.5012529504,205.545013009378,0.07352454354,0.369607954413,0.437860294844,,,,,,,,,,,,,,,,,,,,,,,,,-73.913043478261,2.4147932614,0.0,5.789172466755,8.013773477181,-76.1024182077,-76.692908983958,-2.489954435807,2021,1.591875733678,-70.487923693199,,,,40.355585841587,-75.552060344965,144.174853817304,-33.967088564213,56.558099035164,11.90012161803,0.349868784278,0.411013147044,0.411013147044,0.085991699927,,,,0.837406876197,0.773490056863,0.460733749216,0.115516835997,107.474636951567,116.355729723286,449.032869391399,3.365838082608,1.368069306482,,63.7394986443,36.2605013557,249.225616431667,23.9522682061,96.42665762792,-10678775.6223701,-131972269.693097,1.085802550568,0.079737251275,0.788518345347,0.924147450077,0.057962840027,,,,,,,,,1590319530.09,,,,,,,,,0
002270.SZ,002270,华明装备,10120706,通用,2020-12-31 00:00:00,年报,2020年报,058001001,2021-04-01 00:00:00,2022-06-01 00:00:00,CNY,0.38,0.2,0.38,3.433400980914,1.241170425002,2.036675538404,0.540940430757,1368241877.85,644932133.67,287297774.36,148615109.02,13.781254544273,90.275982775958,9.516988687103,8.825004620966,-6.849371753113,-8.726412429548,11.43,6.09,7.2156044968,21.3092248629,47.1358276713,,0.617897278527,0.300168521866,19.554460326,3.819582441275,3.281336990339,0.582239206163,38.2433386951,1.619258520248,0.619258520247,1063.15707215238,202.351206465981,190.12089269607,0.338614123378,1.779085018999,1.893532030567,,,,,,,,,,,,,,,,,,,,,,,,,90.0,8.4728550919,0.053087282792,16.683469027949,121.890712426258,74.237804878,80.738106016651,2.550139583231,2020,9.951582862147,57.007979165366,,,,30.682681558734,-45.789848652471,-28.045102309435,42.95993298656,-45.353842410405,-25.496443079402,-5.443836458496,1.802122445731,1.802122445731,0.549606678267,1611.0,849312.152607076,178335.055468653,4.240635947461,4.006712813159,2.301145053114,0.539457400609,84.892927490162,89.849214752221,392.473611350713,2.507835166363,0.905179973977,6.834015614212,63.5569531961,36.4430468039,243.852746252378,21.8746442113,62.864730564367,-45651773.0231795,-25609097.5943901,0.99935302076,0.322553984135,1.182012723991,1.408631819304,0.615572646317,,,,,,,,,1621194782.85,,,,,,,,,0
002270.SZ,002270,华明装备,10120706,通用,2020-09-30 00:00:00,三季报,2020三季报,058001001,2020-10-27 00:00:00,2021-10-26 00:00:00,CNY,0.3423,,0.3423,3.407587160978,1.240511870957,1.995917370579,0.349298490029,895663496.26,448172954.25,259902971.15,112575592.47,6.512893440018,158.724266933147,31.491656110843,1.54970523883,4.874711352511,10.607504361963,10.33,,6.6719749476,29.4427180388,50.0380953474,,0.70181768245,0.296094552014,20.6003458542,4.615127226629,3.790645237806,0.476666914107,36.0778617892,1.564403238049,0.564403238048,1191.48137289332,262.928961009786,251.667871728558,0.226608662244,1.026893343978,1.072842545,,,,,,,,,,,,,,,,,,,,,,,,,158.730158730159,10.7027318032,-0.021191222909,17.82286580711,384016.584152907,137.4712643678,147.174916524157,-7.67212261416,2020,8.799829204268,100.520521688865,,,,6.161887052129,40.41690301591,46.902936554046,-3.558179194953,45.973576384178,1.457957875468,-1.35422741283,1.179685636408,1.179685636408,0.492178804009,,,,2.955155504293,2.773673447239,1.87354441136,0.362171101912,91.365750332856,97.343831253375,514.605109141281,2.967539458489,0.76551692817,,63.2022363997,36.7977636003,256.993788801872,22.7510314651,76.551692817036,24760029.7556444,60333808.6533995,1.089690781935,0.240235197138,0.841919475927,1.005663103602,0.610890848423,,,,,,,,,1465724358.27,,,,,,,,,0
002270.SZ,002270,华明装备,10120706,通用,2020-06-30 00:00:00,中报,2020中报,058001001,2020-08-20 00:00:00,2021-08-24 00:00:00,CNY,0.28,0.08,0.28,3.408271616243,1.240511870957,1.979762541691,0.143236644297,565096482.33,282759634.21,209771718.71,64193899.73,6.719301320721,223.952448725262,21.842923970125,5.181367479678,1.75624184759,20.140154896351,8.37,2.56,5.3081896624,37.5118835842,50.0374083102,,0.597657028615,0.192446544264,20.724507905,4.140225638188,3.38941864154,0.167289661989,37.3614082838,1.596459902117,0.596459902117,1272.02294466083,287.181428868797,272.867179684789,0.141506881425,0.626781476466,0.65966159876,,,,,,,,,,,,,,,,,,,,,,,,,211.111111111111,12.5089975298,-0.021191222909,20.20596463901,476.745724466086,196.8085106383,202.219092542702,-9.711901470828,2020,6.846809903292,139.972020861956,,,,21.645221806644,17.47596987282,107.295706148295,54.16632438557,-80.423599251711,188.673723458818,-1.618098215875,0.744293148234,0.744293148234,0.389632876759,,,,1.888191663462,1.730920396314,1.173707864463,0.222924809205,95.329305537761,103.99091742365,560.024237970906,2.895681916563,0.987491963319,3.446987384665,64.9393091294,35.0606908706,248.560531301787,24.3625331374,98.749196331936,125449113.933963,45847255.0775205,1.080927516716,0.147380224238,0.431907436758,0.513028208332,0.246639467378,,,,,,,,,1548471446.63,,,,,,,,,0
002270.SZ,002270,华明装备,10120706,通用,2020-03-31 00:00:00,一季报,2020一季报,058001001,2020-04-30 00:00:00,2021-04-27 00:00:00,CNY,0.23,,0.23,3.405161412993,1.240511870957,1.976529500185,0.048586416575,222333341.64,114533366.47,175429028.97,16516140.88,-10.256773040002,393.887178274979,-44.363696673002,-2.113107047928,92.661059985078,-9.705023002843,7.03,,4.3585425427,78.8857684395,51.514255858,,0.921802496325,0.165916224611,24.433679247,4.087104375758,3.377524621368,0.056060965279,38.3805451681,1.622864082014,0.622864082015,1628.92046823359,367.238470167212,336.874590567075,0.055251316289,0.245072363903,0.267161734723,,,,,,,,,,,,,,,,,,,,,,,,,360.0,12.0334412949,-1.309265128063,19.682952177114,136.221051844046,353.5483870968,368.703923204531,-7.511344985732,2020,5.393980813579,262.976346107876,,,,-10.256773040002,393.887178274979,-44.363696673002,-38.517887365747,247.147381870668,-67.02460684747,-0.966159908441,0.292837042843,0.292837042843,0.325599229534,,,,0.830709301045,0.686470130867,0.441144597588,0.087744587929,108.34114880715,131.105485808001,704.02340972889,2.91447978462,0.949249748379,,63.9439124525,36.0560875475,244.792146024589,25.0858269541,94.924974837938,32899714.4486811,-5244157.18916203,1.491460017126,0.078843665432,0.170316990098,0.210324660446,0.075904378644,,,,,,,,,1614211896.53,,,,,,,,,0
002270.SZ,002270,华明装备,10120706,通用,2019-12-31 00:00:00,年报,2019年报,058001001,2020-04-29 00:00:00,2021-04-01 00:00:00,CNY,0.2,0.18,0.2,3.165216752158,1.240511870957,1.74547050698,0.243786873656,1202519591.94,599450677.08,150990035.72,135700507.11,3.712449056378,-7.943822131243,7.567184153358,-12.93027706229,-20.944278397636,-19.253959010469,6.56,5.76,3.9922983901,13.1004447234,49.8495559738,0.031876236485,0.573182489258,0.153920597303,6.4588727033,4.489312077863,3.710077001682,0.34937130671,37.2923321709,1.594701309456,0.594701309457,1181.31453103448,247.220911483446,282.738934547302,0.304745256697,1.45618749579,1.273259378219,,,,,,,,,,,,,,,,,,,,,,,,,-9.090909090909,5.3746934196,-1.309265128063,8.773238406125,-57.331363915707,-11.1111111111,-15.809085706201,-11.255447422058,2019,6.33826568245,-14.923804507315,,,,-33.057955363251,-44.183233234989,-39.248259583477,16.135482358296,41.546260611945,52.106272771374,14.550898412356,1.583848282346,1.583848282346,0.297287072362,1562.0,769858.89368758,96664.555518566,5.258841114929,3.311656150289,2.777356179787,0.459163148061,68.456146921424,108.706938058344,529.948703023601,2.851345997313,0.844543244593,2.914631517679,61.9004763572,38.0995236428,248.945640522701,26.2155011892,84.454324459314,283080102.757895,204132601.103254,1.064586560469,0.333185173882,1.136519817131,1.17492650481,0.354586953701,,,,,,,,,1432870746.2,,,,,,,,,0
002270.SZ,002270,华明装备,10120706,通用,2019-09-30 00:00:00,三季报,2019三季报,058001001,2019-10-25 00:00:00,2020-10-27 00:00:00,CNY,0.1323,,0.1323,3.078141889973,1.240774806312,1.693998322742,9.093554e-05,840896784.73,426545125.94,100455583.17,85614247.93,35.787982759894,36.705661781912,95.868645344047,7.313828130963,1.756363853827,11.064001792949,4.35,,2.69929289,12.6724874783,50.725027576,0.061018904795,0.371242110065,8.2104988e-05,5.8347557783,4.089087637587,3.392946430336,0.000107841448,39.0758054996,1.641384031747,0.641384031748,1267.58071783751,280.567054341086,367.673387825717,0.213004186795,0.962336795509,0.734347409794,,,,,,,,,,,,,,,,,,,,,,,,,36.673553719008,6.8293305623,-1.375711497592,14.040070289312,-99.946951074739,29.0801186944,41.611601882255,-22.436327491062,2019,4.388493073005,29.314021426286,,,,43.325937299779,10.173125373253,103.428137147531,10.507518366792,22.124809002463,43.16799592649,6.556765482502,1.107551957616,1.107551957616,0.205419763784,,,,3.800295650032,2.261033707925,2.527931781597,0.307042698486,71.047103926691,119.414407248172,648.27490891139,3.168768884558,0.663073070339,,68.0700567761,31.9299432239,237.717921557362,28.6411220024,66.30730703391,-78393044.485705,7016630.10293395,0.741103833427,0.16204100378,0.000644899184,0.000647899535,0.000214860239,,,,,,,,,1502812386.78,,,,,,,,,0
002270.SZ,002270,华明装备,10120706,通用,2019-06-30 00:00:00,中报,2019中报,058001001,2019-08-27 00:00:00,2020-08-20 00:00:00,CNY,0.09,0.0694,0.09,3.02933248991,1.240774806312,1.646975295807,-0.038019447865,529516662.25,269314182.34,64753861.11,52685783.99,31.714430098679,57.636319789014,91.422810835565,2.921859010818,9.351320709963,10.516183600361,2.82,2.29,1.7564044739,13.2377686534,50.8603791986,0.09310492686,0.308078973128,-0.054513586782,2.2369547732,3.701590228991,3.080431559622,-0.039227855496,41.3802138847,1.705908646669,0.705908646669,1356.63418819623,301.796628599105,395.475847226744,0.132681309056,0.596428133858,0.455147896546,,,,,,,,,,,,,,,,,,,,,,,,,66.358595194085,6.6749548817,-1.375711497592,14.154465730851,-120.221260719428,50.0,46.615878318421,2.902186770305,2019,2.853170081537,43.344508419951,,,,14.898251668127,121.757280892357,167.39960684143,13.735527244254,-17.697778219494,-22.522568656588,9.024440158888,0.697430679383,0.697430679383,0.131167708176,,,,2.275850012914,1.333680323662,1.576889984783,0.189678324954,79.091328065813,134.964876369892,697.328333879347,2.883982883224,0.753509696404,-1.091924828206,69.2716466471,30.7283533529,225.934001661184,30.5470480814,75.350969640389,-40059591.486926,-10466913.2287265,0.671065798327,0.090369542827,-0.441231559617,-0.411803440663,-0.088100884892,,,,,,,,,1627104257.58,,,,,,,,,0
002270.SZ,002270,华明装备,10120706,通用,2019-03-31 00:00:00,一季报,2019一季报,058001001,2019-04-30 00:00:00,2020-04-30 00:00:00,CNY,0.05,,0.05,3.039415172503,1.256968926786,1.651471211422,-0.134138613048,247743867.89,128868485.62,35520061.4,29685906.31,58.018137897983,27.333876021584,56.886170567361,7.845100091574,4.6487438874,8.532389617247,1.55,,0.929913817,15.2259442388,52.0168215333,0.179439159276,0.274593121111,-0.411082965392,12.8909216813,2.986391438594,2.476325791818,-0.105821287344,41.4975708774,1.70933073207,0.70933073207,1473.61503448304,343.095607934375,427.8391029615,0.061074295453,0.262317552072,0.210359453769,,,,,,,,,,,,,,,,,,,,,,,,,25.0,-30.1661580268,-33.392336550107,-26.864427349786,-325.644752584202,22.0472440945,3.895085129319,52.491885380564,2019,1.486041961527,19.697146497457,,,,58.018137897983,27.333876021584,56.886170567361,-54.138730378412,-60.767063209381,-63.992709703214,-7.938428223478,0.326305452526,0.326305452526,0.073712342184,,,,1.387056312051,,0.728174632286,0.086417933136,64.885613668361,,770.875220519273,2.390532149417,0.519676820241,,70.7361127004,29.2638872996,226.40407331196,25.6324020785,51.967682024123,-65942938.0900948,19325922.0308509,1.175412214801,0.071668483845,-2.689039749558,-2.699884873771,-0.302653710042,,,,,,,,,1686116474.0,,,,,,,,,0
002270.SZ,002270,华明装备,10120706,通用,2018-12-31 00:00:00,年报,2018年报,058001001,2019-04-27 00:00:00,2020-04-29 00:00:00,CNY,0.22,0.17,0.22,3.003773154105,1.256968926786,1.604687451212,0.57134911267,1159474684.94,504573067.59,164019449.01,126154187.43,-35.897395413044,-46.47927795229,-56.734662871654,-20.149130323463,-29.567836671824,-36.743356591485,7.38,5.67,4.7419587061,14.7690011618,43.5173854284,0.022064957418,0.609852625231,0.37412684284,6.5694998105,2.928025557688,2.502612844264,0.444186996885,42.0221084986,1.724795390284,0.724795390285,1121.23296465282,216.478548513939,311.684893662715,0.321075112264,1.662982325368,1.15501266606,,,,,,,,,,,,,,,,,,,,,,,,,-45.0,-30.1452740284,-33.392336550107,-27.158466283986,211.803481227222,-51.2549537649,-57.680302365754,34.418652139704,2018,7.450104751094,-47.136387527633,,,,-35.132457589323,-43.199184756642,-47.056930765026,148.651306560583,179.389058527311,409.330193772017,19.91451325034,1.527153487123,1.527153487123,0.308956483197,1662.0,697638.197918171,98687.9957942238,7.77127481524,3.113833048296,3.446896123987,0.423429966352,46.324445931833,115.6131348137,528.164559433351,2.3686891476,0.566138604864,7.830621918872,70.6100241084,29.3899758916,223.395861585996,25.048013189,56.613860486364,55233256.4885936,-43242247.9004358,1.002107344577,0.286914643019,2.666802413026,2.533189880214,1.261199688143,,,,,,,,,1701769134.24,,,,,,,,,0
002270.SZ,002270,华明装备,10120706,通用,2018-09-30 00:00:00,三季报,2018三季报,058001001,2018-10-26 00:00:00,2019-10-25 00:00:00,CNY,0.0968,,0.0968,2.881364016578,1.258082390406,1.485441317639,0.17141825127,619271873.43,294796700.28,73483118.3,43710032.19,-36.550082823606,-50.034274044118,-67.827222706535,0.795177234702,-6.467508034695,-12.871839048005,3.37,,1.9061241128,11.678013403,47.6037606306,0.051263408742,0.794421810077,0.210162046016,9.8120915513,2.192002337982,1.699613666673,0.087372972378,50.3790037728,2.015275943718,1.015275943718,1654.17540109307,459.996497619651,469.001181128913,0.163223319499,0.586960990784,0.575691513932,,,,,,,,,,,,,,,,,,,,,,,,,-50.025813113061,-27.7341539232,-33.333333333333,-21.325219357078,118.693309323387,-55.4232804233,-66.639888546483,74.253599638204,2018,3.393671486356,-52.967802032961,,,,5.566278380413,-33.196102567311,-64.541417582714,-11.410866059988,145.813718020015,88.189629811411,16.804189789444,0.815647994104,0.815647994104,0.146392899336,,,,3.842196790634,,1.820758832971,0.210557474393,70.272298560603,,928.960196297581,1.630552373226,0.480749416248,,73.9505297548,26.0494702452,188.104492472995,29.0823743277,48.074941624795,-46399038.6821448,-81581051.930766,1.465326633945,0.205521633221,1.938120528418,1.799638677946,0.370346036841,,,,,,,,,2224374109.8,,,,,,,,,0
002270.SZ,002270,华明装备,10120706,通用,2018-06-30 00:00:00,中报,2018中报,058001001,2018-08-28 00:00:00,2019-08-27 00:00:00,CNY,0.0541,0.04,0.0541,2.839778552773,1.258082390406,1.442760285603,0.188017198297,402018717.2,187543493.66,41078008.67,27523252.72,-47.803551484033,-58.321502234197,-69.489960961208,-18.591137671042,-17.45627517195,-18.338389134792,1.88,1.28,1.1979633407,10.1143241945,46.6504383095,0.100080386879,1.054101757603,0.355083004727,3.3976923789,3.714804329588,3.094828099857,0.192478809721,40.2131530762,1.67260869481,0.67260869481,1519.72793587201,349.117216877777,448.156313803087,0.118442252558,0.515586144991,0.401645574225,,,,,,,,,,,,,,,,,,,,,,,,,-58.384615384615,-27.0372916582,-33.333333333333,-19.499742480108,122.307222290716,-63.3528265107,-69.184480066965,40.321837961379,2018,1.990428592617,-57.689105039567,,,,-57.292324588026,-79.976483422477,-85.66527534039,56.419057444787,-52.741750519628,-54.543173595346,29.270364545602,0.529502104561,0.529502104561,0.077888027241,,,,2.827028942163,1.148504133721,1.217206344496,0.149668073304,63.671084973846,156.72560047026,797.315006846161,2.978817755096,1.176346397853,7.828745244483,76.1971811077,23.8028188923,235.048593078551,28.3485104161,117.634639785316,98837325.5004961,-329773525.306899,1.642775278001,0.182656090806,4.818701059323,3.510694317293,0.43029919953,,,,,,,,,1453979891.94,,,,,,,,,0
002270.SZ,002270,华明装备,10120706,通用,2018-03-31 00:00:00,一季报,2018一季报,058001001,2018-04-28 00:00:00,2019-04-30 00:00:00,CNY,0.04,,0.04,4.352352794323,1.887123585609,2.258095686651,0.059446812528,156781918.32,88585246.89,27895217.29,18921939.52,-20.001618345724,-14.752679135415,-37.359386667977,-2.167176654233,-1.575239239996,-3.870328321381,1.27,,0.8950508254,17.7157900335,56.5022088256,0.208558317058,1.129454109169,0.19191986214,10.2264107598,3.073619292749,2.484116883449,0.037403809144,27.2129699058,1.373871139825,0.373871139824,1781.37493173557,558.49813391085,537.346329049764,0.050522772268,0.16114646502,0.16748974569,,,,,,,,,,,,,,,,,,,,,,,,,-33.333333333333,15.6951891842,0.0,35.85208257726,128.550265862533,-26.5895953757,-35.782144504378,40.050343693289,2018,1.241501577114,-25.772786276557,,,,-20.001618345724,-14.752679135415,-37.359386667977,-81.173630497364,-82.499057880555,-87.848919657784,4.566905137293,0.309748099364,0.309748099364,0.070616133194,,,,1.143443230068,0.395926626158,0.479625754464,0.061607915662,78.709635628033,227.314845867639,1095.97265071292,2.418925676974,0.652830560571,,81.5054961804,18.4945038196,344.290449764383,14.1294362943,65.283056057053,-34995707.1420719,-21703385.5274668,2.023480037937,0.104575910796,1.410603486356,1.083326579156,0.092596384696,,,,,,,,,825542020.56,,,,,,,,,0
002270.SZ,002270,华明装备,10120706,通用,2017-12-31 00:00:00,年报,2017年报,058001001,2018-04-24 00:00:00,2019-04-27 00:00:00,CNY,0.4,0.58,0.4,4.300028541126,1.887123585609,2.202984162124,-0.511029805511,1808779366.16,656412194.81,306459708.94,291582582.74,74.471702950097,29.281271415304,31.834891018162,36.143235334771,27.491343106078,29.510538513452,15.14,14.4,11.2050864519,16.8741662013,36.2903407176,0.01599210304,0.098080940627,-0.14300392563,18.8216027692,2.699930185147,2.315982329365,-0.266850217745,31.2621111949,1.454801736544,0.454801736544,542.137703133584,121.757606756554,147.093480430435,0.664037933387,2.956694120309,2.44742322329,,,,,,,,,,,,,,,,,,,,,,,,,-14.893617021277,16.2693451828,0.0,37.899968986112,-97.970365187582,13.069454817,3.040095936041,79.294155495135,2017,14.093067807252,10.087826922167,,,,136.192550986544,70.820869473957,74.416850695001,304.658355666447,228.591727595961,241.123529754619,-24.300332466635,3.573536902978,3.573536902978,0.764886031618,1141.0,1585257.98962314,268588.70196319,14.399718427727,6.258759802349,5.307657137369,0.832908612721,25.000488850311,57.519382652277,268.852240824632,2.232380604685,0.555016327099,-19.263786432887,82.4864152698,17.5135847302,300.926302143714,13.5964185919,55.501632709907,-252328079.302373,27291313.2621358,0.470164539938,0.268039851855,-0.704488169311,-0.847472544271,-0.786653721661,,,,,,,,,991869191.1,,,,,,,,,0
002270.SZ,002270,华明装备,10120706,通用,2017-09-30 00:00:00,三季报,2017三季报,058001001,2017-10-25 00:00:00,2018-10-26 00:00:00,CNY,0.1937,,0.1937,3.987172603663,1.887123585609,1.888078117918,-0.917003235246,976001074.53,397771018.41,147067048.25,135860301.37,42.662390343207,2.315358065267,3.009631739425,-0.71779305881,-0.922314558122,-1.552696023717,7.56,,5.713782208,14.9910788439,40.7551824266,0.039303588184,-0.131310076079,-0.475562822422,16.692310077,2.860135363003,2.160037350066,-0.581232430038,28.9113130962,1.40669358734,0.406693587339,708.39089424523,225.626698490415,223.567555352177,0.381145497766,1.196666891846,1.207688653994,,,,,,,,,,,,,,,,,,,,,,,,,-31.795774647887,13.4172058507,0.0,33.316265569958,-1206.11284606866,-8.8057901086,-16.89258703785,97.938323475809,2017,7.215634465424,-7.470339059896,,,,-4.459282390283,-4.409593091529,-7.217180512674,-64.160563056849,-26.320839847469,-23.921196414625,-12.760845240726,1.928248365959,1.928248365959,0.365085432076,,,,3.907581349495,3.544653333691,2.840950162218,0.486760661267,69.096450169841,76.17105950354,449.185911251802,1.861180894534,0.390897741636,,80.2431347968,19.7568652032,322.032362809588,14.319324028,39.089774163596,-446647200.967912,-5325776.64313017,0.439743669654,0.150786630736,-2.771860239769,-3.172305524999,-1.388277672428,,,,,,,,,822914797.55,,,,,,,,,0
002270.SZ,002270,华明装备,10120706,通用,2017-06-30 00:00:00,中报,2017中报,058001001,2017-08-24 00:00:00,2018-08-28 00:00:00,CNY,0.13,0.18,0.13,3.892095862821,1.887123585609,1.792243068597,-0.842853475196,770203200.85,277947053.32,98559235.27,90210480.18,64.316994344621,5.985086719509,9.094596150027,23.79375065142,1.296767485445,1.101660786569,5.13,4.7,3.8875324619,12.7306536628,36.0874965221,0.044148692777,-0.254205913886,-0.553903470771,17.324131418,2.874201898901,2.271987213505,-0.555449656523,28.6578009955,1.401694949068,0.401694949067,589.452996660882,159.039077626623,192.019554959945,0.305367859727,1.131797308474,0.937404526521,,,,,,,,,,,,,,,,,,,,,,,,,-27.777777777778,13.9670639217,0.0,36.19034390414,-975.346033811719,-5.0,-13.66116982451,100.851401194322,2017,4.704293290128,-9.835818254068,,,,81.133890091709,4.951119514327,4.332998366588,192.998186737221,101.195386502395,98.639566069784,-18.035244474016,1.521661299616,1.521661299616,0.237235513685,,,,3.435742866615,2.93325976244,2.225892052567,0.391587052133,52.390416567278,61.365175462765,351.059181601624,1.981706545083,0.440279663738,-168.148964090946,79.7135931688,20.2864068312,324.125082045157,13.6303276279,44.027966373831,-419871018.738389,10220647.1752607,0.331172588141,0.092104343653,-3.927375835341,-4.350942892979,-1.257421473309,,,,,,,,,793637995.89,,,,,,,,,0
002270.SZ,002270,华明装备,10120706,通用,2017-03-31 00:00:00,一季报,2017一季报,058001001,2017-04-28 00:00:00,2018-04-28 00:00:00,CNY,0.06,,0.06,3.761913373419,1.887123585609,1.662172300794,-0.208218069892,195981362.47,105897557.68,32722690.88,30207142.8,29.177346205217,8.128358856442,19.97066209906,4.269859726966,1.037706404093,2.273504627762,1.73,,1.393772524,16.5189942666,54.034504274,0.142485769045,0.081107787188,-0.537763061557,24.1699727697,4.218589351115,3.263433426074,-0.243230828852,19.4308483565,1.241169826914,0.241169826915,1066.68014932676,410.216667354936,282.889900298688,0.084373933514,0.219396253644,0.318144974087,,,,,,,,,,,,,,,,,,,,,,,,,0.0,11.6069616245,0.0,30.668855059725,-2950.80803876407,-3.3519553073,-3.197879509375,30.087754294385,2017,1.672569284009,2.760363269485,,,,29.177346205217,8.128358856442,19.97066209906,-44.415772585756,-64.931142478884,-66.166468476327,1.929542520673,0.387192956855,0.387192956855,0.084464213034,,,,0.598896591032,0.568427295747,0.561819024929,0.110284569589,150.276360472984,158.331594336486,693.139558975538,2.703603371025,0.904223208796,,77.1114635505,22.8885364495,474.555179439875,3.7978080443,90.422320879584,-90754281.5831211,-9186060.19464089,0.63111538848,0.052178082577,-2.682420157229,-3.255422532865,-0.305564716894,,,,,,,,,460603452.53,,,,,,,,,0
002270.SZ,002270,华明装备,10120706,通用,2016-12-31 00:00:00,年报,2016年报,058001001,2017-04-26 00:00:00,2018-04-24 00:00:00,CNY,0.47,0.44,0.47,3.69833384231,1.887123585609,1.597523319491,-0.258134496558,1036717894.98,497001464.64,237048804.97,221172544.3,71.949561624509,16.598623319277,9.670954802397,16.938283949336,4.752266083391,1.714121217904,13.39,12.49,10.8744914784,22.5918798387,47.9398944541,0.04361420121,0.215549553376,-0.126029663125,16.5452869241,4.693226674337,3.585767284839,-0.355234449448,17.4362131931,1.211184756265,0.211184756265,747.904098147374,192.444388899513,146.009115116652,0.481345136217,1.870670285887,2.465599491596,,,,,,,,,,,,,,,,,,,,,,,,,-34.722222222222,11.7008420244,0.0,31.780560396397,-224.432419041212,-59.3503339405,-24.411504998556,0.415063499399,2016,12.801658640438,-25.554023628836,,,,74.186410522166,13.026508004173,-56.741118386366,63.685728130111,83.878100166468,81.464134674973,-25.662935521314,2.048204289036,2.048204289036,0.548007896307,1208.0,858210.177963576,196232.454445364,11.580745911779,4.676269065048,2.853296881925,0.650008774119,31.086080529049,76.984449567019,338.4504171314,3.207630761218,1.043099857909,-107.118021774954,75.8744433474,24.1255566526,526.387951555009,0.0,104.309985790903,-152245312.479754,35000314.5334933,0.700444455803,0.319183174518,-0.496589511537,-0.557853813073,-0.370385744646,,,,,,,,,396685638.64,,,,,,,,,0
002270.SZ,002270,华明装备,10120706,通用,2016-09-30 00:00:00,三季报,2016三季报,058001001,2016-10-14 00:00:00,2017-10-25 00:00:00,CNY,0.284,,0.284,3.515491828385,1.887123585609,1.416239878792,0.08290322624,684133409.08,319603989.38,143738976.27,131890871.83,70.819034360711,19.040896232817,2894.28448617428,9.507323164617,6.910447847521,8.187543504755,8.29,,6.8751775616,20.7323221111,46.7166177149,0.065561592234,0.469398941972,0.061336353923,15.985158612,5.603348604719,4.861004033318,0.152472135973,14.6062230843,1.171045521253,0.171045521253,814.193803701165,138.508386084988,171.168054276601,0.331616377787,1.949340452457,1.577397144234,,,,,,,,,,,,,,,,,,,,,,,,,-33.953488372093,14.4277951849,63.980996775686,81.659069136566,-87.297561153904,83000.0,-56.710243380587,-27.987995876702,2016,7.798185351717,-60.276181651374,,,,55.600276639655,40.497943702492,1354.73440847455,-32.052670373191,-19.105791125174,-14.450436685758,-24.749862855076,1.351616471111,1.351616471111,0.324273588665,,,,35.922057037532,3.997647527473,1.87547986067,0.455212615453,7.516273350324,67.53972133473,309.679004841972,4.664197368729,2.015475963208,,73.6606965297,26.3393034703,622.669866407155,0.0,201.547596320797,21140847.7501886,10579438.8237053,0.7536938319,0.246295041221,0.268157391199,0.295848933827,0.117992560079,,,,,,,,,305786298.45,,,,,,,,,0
002270.SZ,002270,华明装备,10120706,通用,2016-06-30 00:00:00,中报,2016中报,058001001,2016-08-26 00:00:00,2017-08-24 00:00:00,CNY,0.18,0.16,0.18,3.415105846277,1.887123585609,1.315983951005,0.096288032691,468730093.27,206372794.04,92993494.01,82690145.4,78.85812760274,9.883397027841,-0.815657731054,24.352122853226,2.860968510502,0.937714411521,5.4,4.8,4.5026466701,19.4969287383,44.0280658321,0.068310129539,0.510727610745,0.103976884522,15.949422297,5.71128541347,4.946906452855,0.189614589524,14.2681608518,1.166427793846,0.166427793846,779.418735255604,125.612434037973,163.321413450612,0.230941330838,1.432979158302,1.102121247894,,,,,,,,,,,,,,,,,,,,,,,,,-40.0,10.6375252628,63.980996775686,66.116238441475,-87.056839984365,-64.4502962475,-59.553844912466,-28.254752893771,2016,5.217474610244,-62.223070771792,,,,100.043460604701,10.357068973224,3.355599486687,108.954426951752,107.286278151819,128.41210962546,-29.715204773313,0.926052296468,0.926052296468,0.212963896414,,,,34.059539925111,2.856208078433,1.272735930402,0.319772344979,5.284862931084,63.020618616398,288.935169317371,4.767160590185,2.233475376386,39.956626177495,72.4293945486,27.5706054514,635.161541158183,0.0,223.347537638581,47501985.6250258,35446660.2820813,0.810312655521,0.187399558109,0.495159897964,0.533298787299,0.134391562138,,,,,,,,,289184421.02,,,,,,,,,0
002270.SZ,002270,华明装备,10120706,通用,2016-03-31 00:00:00,一季报,2016一季报,058001001,2016-04-27 00:00:00,2017-04-28 00:00:00,CNY,0.06,,0.06,3.370679856042,1.887123585609,1.2720493342,0.007303826391,151714962.59,80426563.21,30262820.25,25178774.77,46.45012535335,8.914375854368,-9.187088418013,7.981160322689,1.218346401501,-1.263063833261,1.79,,1.4398161083,19.176439412,53.0116224774,0.191256818936,0.700448785709,0.024367408902,18.1747668418,5.436876851513,4.766128244386,0.013881735778,14.9367236462,1.175595442434,0.175595442434,1198.68053785397,219.879398854099,182.327828298801,0.07508255716,0.409315290423,0.49361636586,,,,,,,,,,,,,,,,,,,,,,,,,-40.0,9.2010775728,63.980996775686,60.197440379665,-40.39767015026,-65.9047619048,-60.316426734849,-29.229235474971,2016,1.627640493663,-64.380937591153,,,,46.45012535335,8.914375854368,-9.187088418013,-25.048645607306,-63.342544479288,-87.800344608041,-15.306995480513,0.299737506792,0.299737506792,0.068855924325,,,,4.479258785648,1.000209837834,0.409843212843,0.104214879612,20.092610029225,89.981118556981,402.221486579649,3.896471654148,1.644224289708,,72.079929937,27.920070063,606.520540773813,2.4931643377,164.422428970838,-171216502.019209,-8142200.73988994,1.168519789568,0.088254194263,0.123181428465,0.12706951681,0.010088824327,,,,,,,,,300043676.11,,,,,,,,,0
002270.SZ,002270,华明装备,10120706,通用,2015-12-31 00:00:00,年报,2015年报,058001001,2016-04-15 00:00:00,2017-04-26 00:00:00,CNY,0.72,0.72,0.72,3.310927451651,1.887123585609,1.212260226156,0.207449552574,602919766.23,388822321.14,203303262.27,201669206.49,5.448653933737,24.663198566952,31.887568827716,166.504891417565,2587.05393193511,58108.1260853735,32.94,32.68,14.3864373516,33.6936669601,64.4898944965,0.054691519729,0.595920436473,0.174156747035,15.1395376715,4.608907453864,4.074540813885,0.330640948959,17.3641409819,1.21012840174,0.21012840174,843.135781932728,223.892858549791,113.493051478254,0.42697749012,1.607911937575,3.172000358709,,,,,,,,,,,,,,,,,,,,,,,,,24.137931034483,21.6110157628,530.378997743465,-44.113439188133,96.102088579108,10.1672240803,-29.274363110153,-50.311994594259,2015,17.195904015837,-35.536401837641,,,,-42.121790531903,-45.815472180759,4620.30975182058,46.220043817755,128.570230306997,5363.4114703739,3.642932329535,1.191165752146,1.191165752146,0.476686349214,1304.0,462361.783918712,155907.409716258,26.059572951874,3.21886845667,2.614441555453,0.575034520079,13.814501130346,111.840544230387,329.557037909683,3.895653770504,1.88945674481,40.161616068082,72.0122853381,27.9877146619,522.000714865729,2.464026966,188.945674480987,-116372312.606488,-578823198.613552,0.796051616836,0.236138156968,0.451372532119,0.5168827342,0.280814868126,,,,,,,,,352929438.22,,,,,,,,,0
002270.SZ,002270,华明装备,10120706,通用,2015-09-30 00:00:00,三季报,2015三季报,058001001,2015-10-17 00:00:00,2016-10-14 00:00:00,CNY,0.43,,0.43,3.072235921967,1.150818462331,0.779614189109,0.652655976104,400501859.55,248638646.74,120747558.88,-4720023.05,80.37745082621,1026.19468464181,-234.008532690447,-12.480038748225,-46.837188805851,-107.453119980324,-0.01,,15.8817653378,30.1490632317,62.081770861,0.059939207566,0.809839034342,0.308237964285,14.9860038453,3.09597840345,2.282012870161,1.031952219209,20.2830392823,1.254438191066,0.254438191067,512.553037991147,172.4376894569,64.664244608751,0.526774753025,1.565782984279,4.175414120023,,,,,,,,,,,,,,,,,,,,,,,,,654.385964912281,-0.3244349511,0.0,-2.466367444493,834.801408808572,-100.5076142132,1083.76077626387,-21.592886473095,2015,19.631006473945,1247.3850938856,,,,72.044528691005,743.116132383299,-459.403628529848,-12.645277688849,-36.459939888962,-107.046930683058,110.444110999045,2.117377,2.117377,0.756839067936,,,,18.131606320718,3.806715247072,2.229366630767,0.798061057691,14.891124108044,70.927290978141,405.223011371877,1.793971799047,0.890221478218,,50.8064466498,49.1935533502,437.549927918386,0.748547735,89.022147821816,255169489.741267,225245261.645576,1.110571682912,0.610156098846,0.896514980152,1.022379905855,0.453868471952,,,,,,,,,147857448.57,,,,,,,,,0
002270.SZ,002270,华明装备,10120706,通用,2015-06-30 00:00:00,中报,2015中报,058001001,2015-08-15 00:00:00,2016-08-26 00:00:00,CNY,0.3,-0.004,0.3,3.086751839545,1.150818462331,0.792206688131,0.743929863918,262068098.08,164165683.88,84629249.3,83370160.56,85.113569496913,1214.56302268459,3329.24850226616,-9.359754998903,-23.035420181264,-44.24652456507,15.19,-0.14,11.1324467316,32.2928467524,62.6423761926,0.068873658916,1.071447477343,0.5369380508,12.6288766782,3.155693908244,2.34790412867,1.214656363595,19.8872558494,1.248240851818,0.248240851818,522.141498230721,174.833531179736,66.949382710984,0.344734139328,1.029550789173,2.688598351639,,,,,,,,,,,,,,,,,,,,,,,,,782.352941176471,0.8878407874,0.0,1.999061515719,949.922630148077,1280.9090909091,1277.87456458405,-23.432891207188,2015,13.81127242695,1674.04543940221,,,,102.603391999183,1353.52740898551,2847.61790933828,52.973768438709,104.576433735822,100.693226285664,115.654763237502,1.385504087127,1.385504087127,0.516981245625,,,,14.178523492824,2.463202991798,1.438352322089,0.5247129414,12.695257026665,73.075585162638,403.605472166368,1.898668740241,0.94692605532,,50.16182484,49.83817516,446.05394394696,0.0,94.692605532024,222250677.432235,194042255.773075,1.287697755631,0.463043340462,1.475620172249,1.662715136007,0.507813017935,,,,,,,,,144937682.92,,,,,,,,,0
002270.SZ,002270,华明装备,10120706,通用,2015-03-31 00:00:00,一季报,2015一季报,058001001,2015-04-08 00:00:00,2016-04-27 00:00:00,CNY,0.1,,0.1,3.086672705948,1.150818462331,0.79405097309,0.01225426323,103594969.43,64842869.15,27785882.27,27725985.58,63.519907980746,999.514338747075,5002.48500497836,-5.133511694384,0.633136131179,5.977451112108,5.25,,3.6282420907,26.8216520772,62.5926813887,0.184806949076,0.600768239061,0.022374579603,17.5473895523,2.960302913283,2.181586786975,0.018434729789,21.1057825169,1.267520018453,0.267520018453,665.321835367559,225.878091522763,86.551435995273,0.135272878802,0.398445016926,1.039844099235,,,,,,,,,,,,,,,,,,,,,,,,,900.0,-0.0725058836,0.0,-1.483138504751,124.711183983948,1066.6666666667,1051.25829936405,-19.494657215499,2015,4.569577028671,1558.12395009318,,,,63.519907980746,999.514338747075,5002.48500497836,-70.378651578541,-81.763041812768,534.118555526397,117.926723975464,0.547686859265,0.547686859265,0.181570608036,,,,6.340168180117,0.898145654441,0.562335464012,0.206048992686,14.195207042337,100.206463790125,448.63507370121,1.743470183837,0.818824831905,,50.2968946819,49.7031053181,420.751707078621,0.7373571906,81.882483190493,156500395.654627,136648303.244755,0.923257584767,0.129243823158,0.068925964332,0.083419841324,0.008244515635,,,,,,,,,156189995.73,,,,,,,,,0
002270.SZ,002270,华明装备,10120706,通用,2014-12-31 00:00:00,年报,2014年报,058001001,2015-02-07 00:00:00,2016-04-15 00:00:00,CNY,0.58,0.04,0.58,3.122697321279,0.299363334179,2.169144439281,0.105786508485,571766204.44,355770927.86,163082019.88,152909943.13,56.041743284209,779.032520933972,-14.86117250861,-4.976638725393,19.00860593521,1.336329701059,29.9,1.35,20.3411916587,28.5225007378,62.2231473454,0.024459206878,0.493878288149,0.034995978994,16.236025132,2.290770983469,1.941345561598,0.072375736638,34.9463433682,1.537192606497,0.537192606496,504.793447596,174.923080029521,66.020345929282,0.713162981244,2.058047456855,5.45286449098,,,,,,,,,,,,,,,,,,,,,,,,,480.0,-11.4774999575,-73.986919398857,173.659068501122,-50.119797694489,-44.3617417194,798.213833401911,23.29225721022,2014,26.67537107148,930.941382339216,,,,270.769875267175,3129.09646466534,2.439072922041,334.642998720786,3456.57336716634,300.755306400897,116.401366513043,3.022818950251,3.022818950251,1.0392245659,589.0,970740.584787776,276879.490458404,32.102027936213,4.353819239101,2.931059380919,1.088252541421,11.214244804575,82.686023518591,295.599073289804,0.952486658058,0.437673942584,,80.0044094942,19.9955905058,262.475156497243,0.0,43.76739425844,-51856437.8694844,33871257.7949264,0.721872789236,0.521396092399,0.109951665477,0.122696040279,0.229199609616,,,,,,,,,276638818.5,,,,,,,,,0
002270.SZ,002270,华明装备,10120706,通用,2014-09-30 00:00:00,三季报,2014三季报,058001001,2014-10-18 00:00:00,2015-10-17 00:00:00,CNY,0.057,,0.057,3.082235772086,1.150818462331,0.799328568702,0.069817607243,222035436.09,65501253.52,10721730.49,3522180.98,-18.397282166045,-22.497741036443,-59.691739499867,-7.4351001163,-3.337923731399,-20.542911165081,1.97,,1.3416363894,4.82883754,29.5003602459,0.148399277432,0.438083924138,0.059476994495,15.0000000238,2.405097844597,1.765054826482,0.077562434253,25.8688763939,1.348961072428,0.348961072428,971.787994230125,191.69606493292,118.389944770556,0.277838377921,1.408479616389,2.280599087391,,,,,,,,,,,,,,,,,,,,,,,,,-18.571428571429,1.0297535061,0.0,2.806462679098,-59.864048949271,-21.8253968254,-20.046529238348,-13.249174807487,2014,1.456970732646,-28.40516511741,,,,-24.001033989405,-11.068429048901,-64.864143585234,2.870827581924,9.542701642902,-42.205204849451,4.168752324597,1.17385903299,1.17385903299,0.055091652815,,,,44.950268563356,3.65248152409,0.747212850763,0.536983755249,6.006638194374,73.922345183462,310.083188130246,1.739977430821,0.931900023208,,52.0692120265,47.9307879735,344.575057450533,0.7595339446,93.190002320776,-16572819.916,-6984617.69198011,1.095321500084,0.309237593596,3.186974323763,1.231704193863,0.045309553786,,,,,,,,,203446013.84,,,,,,,,,0
002270.SZ,002270,华明装备,10120706,通用,2014-06-30 00:00:00,中报,2014中报,058001001,2014-08-16 00:00:00,2015-08-15 00:00:00,CNY,0.034,0.01,0.034,3.059587573143,1.150818462331,0.776680369759,0.070855684272,141571522.17,41123026.53,6437823.66,2431149.58,-14.827893415695,-28.603530185021,-56.840428453129,-3.952746194423,-11.088687777895,-18.806047379162,1.1,0.42,0.8079434092,4.5474001842,29.0475272849,0.265088321823,0.479614492938,0.094668422537,15.0791455352,2.370535332966,1.717909171089,0.079535199042,25.9736277926,1.350869926731,0.350869926732,1013.10565056118,200.047105424215,124.939905493583,0.177671499414,0.899788075505,1.440692621696,,,,,,,,,,,,,,,,,,,,,,,,,-32.0,1.131594307,0.0,3.276319714944,-28.940950362921,-29.9363057325,-26.105871975865,-14.700744074311,2014,0.778518527214,-38.886252186545,,,,-15.241417017891,-33.748573933282,-54.606731482898,23.464154729781,54.750932711527,247.410759881432,2.941943561348,0.74846165567,0.74846165567,0.030058751679,,,,28.797633076053,2.453618233273,0.472586308261,0.346594405517,6.250513697589,73.361045968382,324.983719957944,1.694074445061,0.93169623725,,51.0958155419,48.9041844581,342.761463881277,0.8301638576,93.169623724979,194245.056133859,9651974.69925675,1.184886583889,0.214570452124,4.674312923378,2.081814194954,0.045233325607,,,,,,,,,203055791.17,,,,,,,,,0
002270.SZ,002270,华明装备,10120706,通用,2014-03-31 00:00:00,一季报,2014一季报,058001001,2014-04-16 00:00:00,2015-04-08 00:00:00,CNY,0.01,,0.01,3.088912349141,1.150818462331,0.806005145757,-0.049589947766,63353123.61,18196216.64,2527105.04,543382.01,-14.311739975237,-18.851179033244,-63.141491468489,-2.887762398742,-3.164305881801,-7.156919826545,0.45,,0.3151544786,3.9889194029,28.7218934176,0.619902960456,0.341457201908,-0.148058029115,15.0000002018,2.352860545346,1.687912868774,-0.054578302089,26.2166233779,1.355318834379,0.355318834379,1139.13261778114,226.786935933058,140.034951274227,0.07900748218,0.396848255962,0.642696692369,,,,,,,,,,,,,,,,,,,,,,,,,-50.0,1.4705837199,0.0,4.5627548278,-206.315525977787,-19.6428571429,-16.494144134452,-12.891373329765,2014,0.27558717962,-37.46008220036,,,,-14.311739975237,-18.851179033244,-63.141491468489,-32.835678572158,-46.440992051322,-87.269239030118,6.806382587195,0.334935890087,0.334935890087,0.010904238382,,,,11.519226927648,1.006837083474,0.209718816255,0.154173624212,7.813024308427,89.388841032219,366.848746718732,1.655843987574,0.832874954861,,51.0649320891,48.9350679109,340.05574064125,0.9065787555,83.287495486135,-28689984.7765,-7114434.22766223,1.210303517661,0.096829775263,-14.672822420019,-3.711732781792,-0.031128384413,,,,,,,,,207601343.3,,,,,,,,,0
002270.SZ,002270,华明装备,10120706,通用,2013-12-31 00:00:00,年报,2013年报,058001001,2014-02-28 00:00:00,2015-02-07 00:00:00,CNY,0.1,0.07,0.1,3.075552026434,1.150818462331,0.79264482305,0.212081153635,366418749.5,105358520.64,18552444.42,179600715.25,19.520155522258,-2.650319194385,1825.16607677551,7.253991682895,30.288010239662,44.472331962802,53.74,2.25,2.2646268519,5.0631809768,28.7535833752,0.093328440389,0.408670093723,0.109478977986,12.3257584005,2.164880808296,1.577352732274,0.208023855381,28.3443130647,1.395562645157,0.395562645158,804.876595945841,182.969933962662,83.320974124438,0.447273534618,1.967536371705,4.320640796426,,,,,,,,,,,,,,,,,,,,,,,,,0.0,1.5810897304,0.0,5.073759374938,-14.67219362759,1494.6587537092,-3.010737257677,-7.726824029823,2013,2.587476992237,-14.230675249027,,,,35.635766214345,1063.65828578717,1513.33440504417,-10.90856973555,-2.049486534084,37.456153218738,-6.962733345998,1.937186093048,1.937186093048,0.092748999789,661.0,554340.014372163,28067.2381543117,47.999688574116,5.482226162506,1.235678351018,0.88446304546,7.50004866061,65.666754586323,266.295077257906,1.546827313145,0.809343643624,,51.4221833168,48.5778166832,314.81995850499,0.9266872254,80.934364362436,21879099.5880419,3919594.09475321,0.952188388329,0.42975586214,3.037750395133,2.162256859627,0.132462602521,,,,,,,,,230114876.56,,,,,,,,,0
002270.SZ,002270,华明装备,10120706,通用,2013-09-30 00:00:00,三季报,2013三季报,058001001,2013-10-25 00:00:00,2014-10-18 00:00:00,CNY,0.07,,0.07,3.05081984774,1.150818462331,0.777508094211,0.173952791488,272093187.56,77056188.87,13834087.72,8738112.08,14.791956663803,-25.830753119242,-3.601163470713,5.373303048376,-6.809111731532,11.621197735145,2.52,,1.67802145,5.0843197671,28.3197788085,0.164892491327,0.411159496065,0.120926109195,15.0000000123,2.018761294006,1.390491085809,0.15634278909,29.8197467707,1.42490223957,0.424902239571,818.086286745697,196.780199156783,80.778467001873,0.330038535512,1.372089270958,3.342474919631,,,,,,,,,,,,,,,,,,,,,,,,,-30.0,0.6871236878,0.0,1.994815135067,44.960659573333,-23.6363636364,-27.265370573852,1.237099663867,2013,2.035022128391,-34.216381488965,,,,19.695082454432,-17.762347049153,43.235384259689,14.727686884913,-18.393882831173,-25.332838790369,-10.786484658944,1.438504824531,1.438504824531,0.075049700714,,,,32.055076539259,4.019686548607,0.954947802087,0.650977331942,8.423002817333,67.169416504271,277.556521330062,1.359187015569,0.710875821506,,51.6698123456,48.3301876544,299.728745255273,0.6636234078,71.0875821506,-1320224.90149999,-10904259.7952461,0.979631941653,0.324169855778,3.200656466093,2.378412742203,0.117664200627,,,,,,,,,245195180.15,,,,,,,,,0
002270.SZ,002270,华明装备,10120706,通用,2013-06-30 00:00:00,中报,2013中报,058001001,2013-07-31 00:00:00,2014-08-16 00:00:00,CNY,0.05,0.03,0.05,3.025352852498,1.150818462331,0.752041098969,0.09971380793,166218176.17,46902427.14,9017005.57,5632932.61,11.872938941683,-29.524579114766,-18.323703573597,5.496620385883,-6.479385305284,-6.045964683743,1.57,0.98,1.0933797188,5.4248011726,28.2173876653,0.327399896654,0.415396564028,0.113470543382,15.0000000236,1.951966811531,1.237361602422,0.08795675621,30.4500051152,1.437814627674,0.437814627674,893.069621024517,230.29145912234,85.805811783873,0.201552035544,0.781618218435,2.097760003173,,,,,,,,,,,,,,,,,,,,,,,,,-28.571428571429,1.0351235354,0.0,2.831411137801,888.528091065666,-30.8370044053,-32.02265765443,9.291978127193,2013,1.273884445102,-40.406558004342,,,,22.40625067201,-15.207142723684,-11.095381647143,24.818374989307,89.54845923467,182.091219146384,-11.723671737441,0.878763817975,0.878763817975,0.047150643828,,,,16.133012649032,2.27400246914,0.577852107002,0.400689510387,11.157246567386,79.155586875011,316.101002824716,1.196594563443,0.639459240209,,50.8720916434,49.1279083566,293.460986577634,0.663199815,63.94592402087,4825734.26149999,7937486.16589521,1.053965637253,0.212921583138,2.846072883756,2.091699580707,0.066161535002,,,,,,,,,250537447.04,,,,,,,,,0
002270.SZ,002270,华明装备,10120706,通用,2013-03-31 00:00:00,一季报,2013一季报,058001001,2013-04-24 00:00:00,2014-04-16 00:00:00,CNY,0.02,,0.02,3.044145638964,1.150818462331,0.770833885435,0.046644125879,73934426.48,19882114.4,3114161.13,1474237.65,1.02225926957,-46.611802863368,-33.56151095166,0.244036141752,-14.266752196954,-7.982692392841,0.56,,0.3774040459,4.2120582769,26.8915515364,0.798829578207,0.485438185548,0.119331911128,14.9999998499,1.967189869526,1.225901294137,0.041925489102,30.096471934,1.430542960658,0.430542960659,1004.45463950814,256.472242634908,91.023625420605,0.089600860467,0.350915167565,0.988754288616,,,,,,,,,,,,,,,,,,,,,,,,,-50.0,2.9278302419,0.0,10.986411325315,186.441225513731,-45.6310679612,-49.054309620944,10.42607506504,2013,0.440658045799,-54.770112349999,,,,1.02225926957,-46.611802863368,-33.56151095166,6.3142628465,668.025741292694,457.238355359532,-14.686314006856,0.390877221676,0.390877221676,0.016346966957,,,,8.17036786197,1.064556726,0.254723898881,0.179220571187,11.015415893196,84.542230396842,347.50274605937,1.193364348437,0.663122879322,,50.2572555904,49.7427444096,296.801282720312,0.6624559385,66.312287932204,-6127165.08999999,-7471229.93535889,1.148274703571,0.10306704608,5.086917954776,2.833102091285,0.03039359101,,,,,,,,,247906700.3,,,,,,,,,0
002270.SZ,002270,华明装备,10120706,通用,2012-12-31 00:00:00,年报,2012年报,058001001,2013-03-30 00:00:00,2014-02-28 00:00:00,CNY,0.1,0.05,0.1,3.027681662596,1.150818462331,0.754369909067,0.248548700185,306574860.03,94748331.67,19057529.79,9329102.43,-15.150799588865,-28.920627866858,-53.015691779324,-5.647497717773,-14.093922009762,-15.67980511278,3.37,1.65,2.3349253184,6.2162728503,30.9054472571,0.197356891508,0.477105893209,0.15334912535,13.5654681739,1.91134475354,1.204312379577,0.218582757609,30.7178253774,1.443372707983,0.443372707984,958.428181192293,251.427522142406,92.615996578534,0.375614998666,1.431824157246,3.887017505607,,,,,,,,,,,,,,,,,,,,,,,,,-44.444444444444,-21.4554122087,-35.925531513889,-17.356427979793,88.941073885264,-30.3719008264,-29.285468402299,1.059385389757,2012,3.016786012656,-34.236873719859,,,,-20.877709690462,-88.520228341253,-86.76769145622,-21.379099413686,-93.077675438612,-87.796339764659,-1.419556496206,1.620802855036,1.620802855036,0.106643769865,758.0,404452.321939314,25141.8598812665,32.223518565228,4.18159587257,1.081532822496,0.777844075185,11.171964330068,86.091533225745,344.048177899527,1.169866440167,0.612727008311,,49.7331451063,50.2668548937,290.264869047004,0.6601378416,61.272700831148,32903836.7105166,10383115.3121647,1.041160293342,0.386152713011,7.539656420551,2.466898236972,0.161988843967,,,,,,,,,253913336.65,,,,,,,,,0
002270.SZ,002270,华明装备,10120706,通用,2012-09-30 00:00:00,三季报,2012三季报,058001001,2012-10-13 00:00:00,2013-10-25 00:00:00,CNY,0.1,,0.1,3.03,1.150818462331,0.762301586783,0.12,237031579.1,75242880.69,18652053.65,9064541.02,-13.309857188525,-19.877862245278,-49.236526384048,0.352789236793,-6.095603273589,-23.119035614462,3.3,1.6,2.3070461254,7.869016323,31.7438212139,0.200069521749,0.405359944843,0.092291098777,15.0204004419,2.012589516629,1.186183196108,0.110074206565,29.455354677,1.417542033731,0.417542033731,920.932782320604,257.045618350965,92.663491263485,0.293181006457,1.050397208605,2.913768910695,,,,,,,,,,,,,,,,,,,,,,,,,-37.5,-20.8877284595,-35.925531513889,-15.948971650742,1300.0,-21.2410501193,-20.523545741066,1.336675989345,2012,3.09350895322,-18.92845515409,,,,1.308268015795,-19.733147776278,-60.547559149291,17.326340496911,-15.858300940246,-53.654919102963,1.744042072999,1.253140782976,1.253140782976,0.110980376421,,,,24.395379543384,3.002554211332,0.842934638943,0.61000062609,11.067669577341,89.923438844497,349.707437836715,1.150832051247,0.53072705766,,49.3084470676,50.6915529324,301.925467492936,0.6726905555,53.07270576598,-18960018.0083515,-15955479.8081562,0.970730132178,0.283654956431,2.050334196976,1.17284162326,0.076571339957,,,,,,,,,238934355.78,,,,,,,,,1
002270.SZ,002270,华明装备,10120706,通用,2012-06-30 00:00:00,中报,2012中报,058001001,2012-08-18 00:00:00,2013-07-31 00:00:00,CNY,0.07,0.04,0.07,2.99,1.150818462331,0.731334025905,0.010087099075,148577643.3,47492606.93,12794539.51,6896655.28,-20.167723241606,-19.943940508399,-44.20854144512,-9.533135444403,-12.771725445838,-19.002082780638,2.27,1.22,1.6084472871,8.6113490737,31.9648406551,0.337210813062,0.378502143869,0.012841600847,11.8392928452,2.086558560936,1.197956664575,0.010768254677,27.8611528833,1.386215665995,0.386215665995,963.68892263077,268.224837041733,97.775105915265,0.186782265286,0.671078793393,1.84095939672,,,,,,,,,,,,,,,,,,,,,,,,,-36.363636363636,-20.7841917266,-35.925531513889,-14.643150663406,110.087099075,-21.1805555556,-19.630757973985,-5.186525787972,2012,2.137625219223,-21.721988615978,,,,-31.156131225354,-33.194147657379,-41.919404696184,3.0129929685,19.34555378395,110.806983046766,4.690471582415,0.785501682791,0.785501682791,0.073396757864,811.0,183203.01270037,15776.2509371147,15.127712065118,1.95526704563,0.523810197645,0.397861352228,11.898692890583,92.05903633588,365.989310682009,1.156371749266,0.512455335224,,47.0887417387,52.9112582613,317.726300817244,0.695006503,51.24553352242,-15069960.422155,1182262.13907787,1.033768933055,0.195630306799,0.251909163978,0.149124146946,0.006565803384,,,,,,,,,218745883.7,,,,,,,,,0
002270.SZ,002270,华明装备,10120706,通用,2012-03-31 00:00:00,一季报,2012一季报,058001001,2012-04-26 00:00:00,2013-04-24 00:00:00,CNY,0.04,0.0,0.04,2.96,1.150818462331,0.694529966534,-0.053960509701,73186273.02,23068894.63,5833051.68,2218951.2,-4.458549475172,4.88272290628,-48.488411780444,-0.945241120984,1.012816866143,-10.519467237276,1.03,,0.7407968036,7.9701444537,31.5207943759,0.743454138389,0.255086355947,-0.139460994375,14.3202277924,2.097031605565,1.225945796878,-0.061238878834,27.2548597931,1.374662275935,0.374662275935,968.299265499735,259.488454649635,105.600790344768,0.092946471413,0.346836240254,0.852266348634,,,,,,,,,,,,,,,,,,,,,,,,,0.0,-22.3739240587,-35.925531513889,-21.537779364043,55.0329085825,1.9801980198,7.41467660575,-9.928027626807,2012,0.974262967906,43.631842603636,,,,-4.458549475172,4.88272290628,,-16.732925695722,65.144369185497,10.983105669084,2.906089749535,0.386921876923,0.386921876923,0.034286742321,,,,7.245751619232,1.08750016155,0.26559936378,0.201425097602,12.42107164716,82.758608395721,365.112191842387,1.179457699845,0.486543700358,,45.4490871815,54.5509128185,323.728197342491,0.7095691172,48.654370035793,-29161409.4304992,-6079752.98589752,1.051663686153,0.100085587002,-3.993071095921,-1.74979255627,-0.03719620394,,,,,,,,,209594036.21,,,,,,,,,0
002270.SZ,002270,华明装备,10120706,通用,2011-12-31 00:00:00,年报,2011年报,058001001,2012-02-11 00:00:00,2013-03-30 00:00:00,CNY,0.18,0.14,0.18,3.85,1.796064001031,0.912799254227,0.13154826268,361317323.61,113274733.72,26811618.08,19855783.31,14.478977932076,4.694425713423,19.547312219773,-1.299342665479,3.586344629179,9.481747138293,4.84,3.59,3.3019031105,7.4205182891,31.350485105,0.151159140985,0.338235726339,0.0529735802,14.6284278429,1.879882214636,1.163094700448,0.095397420335,30.3958165379,1.436695253446,0.436695253446,809.044509982432,213.437589550591,79.551939138759,0.444969337976,1.686675719858,4.525345376837,,,,,,,,,,,,,,,,,,,,,,,,,0.0,2.235067975,0.0,7.77433546527,-47.795620673723,3.6402569593,1.207727741026,-7.756919610848,2011,4.587351884406,8.02636195623,,,,-5.133897248105,35.650083217152,614.734051265848,0.666288059678,-51.598932528399,-63.614498407141,-8.301383089194,2.483280574639,2.483280574639,0.2116969389,816.0,442790.837757353,32857.3750980392,14.123580102737,5.312955504281,1.577129433318,0.849367025238,25.489287941252,67.758896100282,292.987253939532,1.131406450335,0.504329413655,33.773506476145,46.808047123,53.191952877,291.345268326063,0.6771861671,50.432941365507,-56524989.2370566,32675590.2098873,0.808582493834,0.362569713256,0.83502239128,0.713879787594,0.069172625869,,,,,,,,,244926293.6,,,,,,,,,0
002270.SZ,002270,华明装备,10120706,通用,2011-09-30 00:00:00,三季报,2011三季报,058001001,2011-10-18 00:00:00,2012-10-13 00:00:00,CNY,0.16,0.0,0.16,3.83,1.796064001031,0.906950934158,-0.01,273423911.2,85307400.57,23279525.7,17856423.87,22.628687250816,1.190790495728,9.351326470192,2.010005358478,-6.652045172834,-9.883640718386,4.19,0.0,2.9028045437,8.5140782303,31.1996855709,0.181582160288,0.302634207838,-0.004955485802,13.7148459212,2.009756897336,1.105091967079,-0.007415088683,29.066825401,1.409777590885,0.409777590886,791.924184903326,226.497288088646,76.288160431554,0.340941727942,1.192067252895,3.539212355792,,,,,,,,,,,,,,,,,,,,,,,,,0.0,2.1333333333,0.0,7.121102624853,94.444444444444,0.2392344498,-3.754325104904,-1.279782625817,2011,3.815776496057,11.288327606593,,,,9.005307738877,-20.175710840514,-26.578000872269,-20.271076120662,-29.969124644683,-31.772285063699,-10.337496061565,1.879202138832,1.879202138832,0.174794039794,,,,9.594438241818,3.916015820672,1.384261508102,0.650345348862,28.141303658945,68.947627477579,302.779492948833,1.048413968691,0.466409844125,,46.7397112955,53.2602887045,303.644561071152,0.6944896754,46.640984412546,-88330252.3013311,12906222.0939928,0.777318471041,0.270502696498,-0.065775345249,-0.058203432813,-0.006344773871,,,,,,,,,228381795.16,,,,,,,,,1
002270.SZ,002270,华明装备,10120706,通用,2011-06-30 00:00:00,中报,2011中报,058001001,2011-08-10 00:00:00,2012-08-18 00:00:00,CNY,0.11,0.08,0.11,3.78,1.796064001031,0.856795947354,-0.1,186112245.99,56825116.91,15981975.12,12361489.48,30.266467653058,15.280456772436,39.751053096842,10.109086185107,15.05914067249,28.847638159815,2.88,0.0,2.0013219567,8.5872775512,30.5327124541,0.293019401437,0.254125001116,-0.075731028525,13.1150166613,1.950868177329,1.087630162859,-0.077626826134,29.3852251643,1.416134232994,0.416134232994,772.344476625303,213.739174188107,75.640952106693,0.233056628807,0.842147915485,2.379663330336,,,,,,,,,,,,,,,,,,,,,,,,,10.0,2.44651767,0.0,9.30921891835,66.666666666667,15.2,8.221925558426,4.225636338502,2011,2.730811860735,18.279964834444,,,,43.032003014116,53.436102181544,126.997290705314,42.96132605986,87.368115347476,,-12.021814421143,1.279121965567,1.279121965567,0.123465551203,,,,6.436823145754,2.754235584226,0.934746330952,0.449638272532,27.964105261885,65.353886585045,289.391122473564,1.024084051397,0.44501196723,-34.90006226038,45.4748525008,54.5251474992,299.978128645375,1.6260922163,44.501196723034,-84277540.94147,29564316.1225695,0.728767885845,0.174128787476,-0.997132111572,-0.88189799472,-0.065036622291,,,,,,,,,228887788.88,,,,,,,,,0
002270.SZ,002270,华明装备,10120706,通用,2011-03-31 00:00:00,一季报,2011一季报,058001001,2011-04-23 00:00:00,2012-04-26 00:00:00,CNY,0.04,0.0,0.04,3.81,1.796064001031,0.885177555395,-0.12,76601592.94,23463558.53,5561499.09,4307673.82,15.526215074998,-21.360550257861,-18.683019196787,3.261818657706,-5.898809557012,-5.958835783092,1.01,0.0,0.6896606935,7.2602916944,30.6306404729,0.782685395158,0.258537675914,-0.223032238682,15.0000000535,2.121790050326,1.317621516291,-0.08906167233,30.2589796526,1.433876354287,0.433876354287,947.460481140041,257.92439634778,89.48726118226,0.094990769316,0.348939461619,1.00572974087,,,,,,,,,,,,,,,,,,,,,,,,,-20.0,-0.8600904488,0.0,-5.545933612174,45.454545454546,-20.4724409449,-26.681817520132,18.00827606946,2011,0.678305694785,-39.380205966714,,,,15.526215074998,-21.360550257861,,-17.321510366366,113.589491215577,,-10.453661454434,0.526471429141,0.526471429141,0.033391250928,,,,2.137872852574,1.290112024537,0.419697385785,0.17396823844,42.097919851341,69.76138373123,347.443475884792,1.207339404765,0.760252215585,,51.2233198019,48.7766801981,291.523432838515,1.5966260288,76.025221558454,-55622377.1690001,-11067336.4740993,0.792317124234,0.076381390047,-3.371177027924,-3.071945977789,-0.093084271665,,,,,,,,,240438253.62,,,,,,,,,1
002270.SZ,002270,华明装备,10120706,通用,2010-12-31 00:00:00,年报,2010年报,058001001,2011-03-11 00:00:00,2012-02-11 00:00:00,CNY,0.18,0.11,0.18,3.77,1.796064001031,0.846954193952,0.251987025567,315618928.59,107905733.51,25609403.65,16609142.39,-20.396612988807,-58.740405471695,-71.465823042572,-0.2466535622,-28.695231360783,-39.152343833453,4.67,3.03,3.2625009811,8.114026546,34.1886128288,0.181858248383,0.423863268333,0.116165758447,19.8810321752,2.155536421956,1.471462096477,0.166866308907,32.9518663185,1.491465824762,0.49146582476,895.340591005741,224.88495383938,87.120123781037,0.402081625268,1.600818524556,4.132225533848,,,,,,,,,,,,,,,,,,,,,,,,,-58.139534883721,-0.5156319288,0.0,-4.680831439619,-42.730221462046,-60.4237288136,-61.599987475176,24.091018758219,2010,4.246511500836,-60.737207251596,,,,-0.835285340072,-79.830682208332,-97.449273525006,15.669974738752,-71.518035862197,-96.262251306648,-2.889845641677,2.169202258351,2.169202258351,0.208338295601,863.0,365722.976349942,29674.8593858633,6.049365604588,4.921812543187,1.803435044508,0.672493286742,59.510372414421,73.143785311029,312.008218338921,1.338745725472,0.931174506126,64.328293486168,57.8838652984,42.1161347016,268.483304717506,3.3837836693,93.11745061259,-2268848.28307238,57911142.9188521,1.004323197364,0.38740585474,1.825187363056,1.431665989614,0.202013729004,,,,,,,,,269618924.79,,,,,,,,,0
002270.SZ,002270,华明装备,10120706,通用,2010-09-30 00:00:00,三季报,2010三季报,058001001,2010-10-22 00:00:00,2011-10-18 00:00:00,CNY,0.16,0.0,0.16,3.75,1.796064001031,0.846659446117,-0.18,222968962.1,77586072.26,23005577.47,16329407.65,-26.427196301386,-53.201819695247,-65.433841173093,-9.529597541524,-24.154984538511,-32.036198294032,4.18,0.0,3.0160363537,10.3178385248,34.7968037925,0.219625122388,0.24805046415,-0.115449259743,17.8478604098,2.726971270955,1.775827449032,-0.15008861378,29.44363999,1.417306674917,0.417306674916,923.668044747067,252.883623330935,99.203279421812,0.292312808195,1.067684796839,2.72168421824,,,,,,,,,,,,,,,,,,,,,,,,,-52.941176470588,1.0781671159,0.0,0.088195457332,-160.0,,-55.990749028362,14.777588271275,2010,3.428730198503,-56.227746125305,,,,-29.382622913078,-55.57878162408,-63.224689521789,4.616811026666,34.611465507857,110.938228671921,-0.520135533213,1.53243272921,1.53243272921,0.166683602337,,,,3.67898089372,3.534797579058,1.32829624064,0.478096378255,73.38988915678,76.383440341711,352.082726670457,1.54702894287,1.003345942988,,60.4385028362,39.5614971638,298.390166694816,3.2347962302,100.334594298842,-62937042.5066225,22122794.954356,1.139210898045,0.328241780542,-1.277542712358,-1.118928731677,-0.153961390794,,,,,,,,,227848504.45,,,,,,,,,1
002270.SZ,002270,华明装备,10120706,通用,2010-06-30 00:00:00,中报,2010中报,058001001,2010-07-29 00:00:00,2011-08-10 00:00:00,CNY,0.1,0.06,0.1,3.69,1.796064001031,0.783827709897,-0.3,142870417.34,49582988.58,13863559.85,8845364.1,-24.659451007089,-51.490113140415,-67.105739638228,-7.303777623049,-17.465643692642,-24.059371312083,2.5,1.6,1.8492758712,9.703590224,34.7048671818,0.339883925407,0.098779483134,-0.303048674989,19.6236653461,2.932413513916,1.843028466421,-0.282684247033,28.1938553667,1.392638478374,0.392638478375,944.502801080272,266.327941808907,99.961011665664,0.190576459693,0.675858487763,1.800702063741,,,,,,,,,,,,,,,,,,,,,,,,,-50.0,3.5197879678,0.0,11.265187000079,-196.774193548387,-54.7920433996,-53.789847604758,1.208096309548,2010,2.308769591332,-58.668064581135,,,,-26.465609481647,-59.604367551888,-78.19625129063,15.469129661621,-3.969631132095,-33.023963101012,4.329894187549,0.981927266942,0.981927266942,0.11085078268,,,,2.35771135276,2.016736281705,0.846226574462,0.312567972142,76.345223425794,89.253117342553,366.272710782617,1.585488336822,0.979582395442,-259.164628028433,60.0734154856,39.9265845144,309.540104632642,2.0089786576,97.958239544246,-62394586.6036233,32698688.7958098,1.135162706105,0.216922422067,-3.816518704867,-3.123057218958,-0.2559842162,,,,,,,,,210790216.82,,,,,,,,,0
002270.SZ,002270,华明装备,10120706,通用,2010-03-31 00:00:00,一季报,2010一季报,058001001,2010-04-24 00:00:00,2011-04-23 00:00:00,CNY,0.05,0.0,0.05,3.84,1.796064001031,0.937151346942,-0.22,66306675.84,22681172.47,7072149.04,5297385.34,-22.460298368323,-39.896375512352,-50.109210876088,-4.844145253505,-7.563271231352,-9.140646160912,1.27,0.95,0.940640739,10.6658175069,34.2064689304,0.726450782818,0.078733730863,-0.478903814702,14.999999988,3.45980397622,2.42951506929,-0.237145186009,25.6414047052,1.34483444185,0.344834441849,1020.49968266032,254.949247926876,110.282780320591,0.088192090139,0.353011435538,0.816083886699,,,,,,,,,,,,,,,,,,,,,,,,,-37.5,8.2938642086,0.0,36.031951123324,-200.0,-45.0216450216,-42.7945001508,-9.909415143205,2010,1.118950840402,-44.011498663896,,,,-22.460298368323,-39.896375512352,,-29.030923174359,-45.21891570435,-51.696449876107,5.120520520636,0.455715985155,0.455715985155,0.051307444742,,,,1.008472538558,1.010558281673,0.390902792345,0.142853905452,89.243877804223,89.059682783464,365.238109949449,2.080220490384,1.402513563576,,61.6076238952,38.3923761048,340.251659818043,0.0,140.251356357645,-45070913.1074999,-4665468.33060414,1.17379918981,0.10350058098,-5.095219678803,-4.490080712439,-0.186000944038,,,,,,,,,192819115.81,,,,,,,,,1
002270.SZ,002270,华明装备,10120706,通用,2009-12-31 00:00:00,年报,2009年报,058001001,2011-03-11 00:00:00,2011-03-11 00:00:00,CNY,0.43,0.4,0.43,3.79,1.796064001031,0.888545511615,0.44,396489320.92,139588078.85,62068965.88,58207890.19,26.730106042597,10.040357731587,13.061844649093,4.0817277072,-0.88685456229,3.22117667695,11.8,11.07,8.4960935338,15.6546374909,35.2060122391,0.114242903705,0.399417577282,0.162917481737,15.4038897025,3.335791180839,2.552456981123,0.463353075925,26.554594078,1.36155554925,0.361555549249,663.324794421645,164.210988100642,61.843315080725,0.542720554135,2.192301527224,5.821162716295,,,,,,,,,,,,,,,,,,,,,,,,,-8.510638297872,9.2219020173,0.0,46.130345092975,51.724137931035,-41.8145956607,-19.043893698624,-8.003447929132,2009,10.815612450311,-32.767965010611,,,,19.964899357012,-4.124602060016,19.851238668571,-17.62886373673,-37.270880363485,-46.110698252015,-4.433649033762,2.725012514914,2.725012514914,0.470434153952,894.0,443500.358970917,69428.3734675615,7.680314085419,5.566133046718,3.230410415857,0.820055499529,46.873083053133,64.676858597958,226.054021480872,2.262371280291,1.627177224517,382.370002866219,61.8641480397,38.1358519603,328.185188327335,0.0,162.717722451741,-60300065.1079318,-10638559.1477564,1.101927855676,0.581216190971,0.987481770243,1.040697887973,0.383292935629,,,,,,,,,199611987.71,,,,,,,,,0
002270.SZ,002270,华明装备,10120706,通用,2009-09-30 00:00:00,三季报,2009三季报,058001001,2010-10-22 00:00:00,2010-10-22 00:00:00,CNY,0.34,0.0,0.34,3.71,1.796064001031,0.845913388935,0.3,303058944.19,106006202.11,49159128.24,47241024.76,28.972358513907,14.482195832475,11.594292060852,12.385102594955,16.390477133719,18.094729591379,,8.76,6.8531871984,16.2209791799,34.9787406517,0.166852676482,0.373049980994,0.142953076953,17.8568743004,3.430091866462,2.600606076809,0.322331037345,25.6527780671,1.345040169628,0.345040169629,639.069713376576,162.129020958164,61.669506286479,0.422489118712,1.665340346869,4.378176772581,,,,,,,,,,,,,,,,,,,,,,,,,-10.526315789474,9.7633136095,0.0,53.321344867972,50.0,,-15.430025456792,-12.323487263938,2009,7.833113205271,-40.805681288478,,,,58.758737820531,74.982654497518,73.784670034723,8.938249396469,22.412565048075,25.063366463953,-9.648097954873,2.082879341512,2.082879341512,0.35442323732,,,,4.904468981453,3.934927333407,3.93310209401,0.629424827597,55.051831507353,68.616260764903,223.8021281329,2.196703659984,1.564026986735,,63.5701639806,36.4298360194,338.168037181843,0.0,156.402698673519,-80966253.3761992,-21411967.693027,1.124422301512,0.469878581428,0.781435594818,0.881285126915,0.561469756735,,,,,,,,,186039563.37,,,,,,,,,1
002270.SZ,002270,华明装备,10120706,通用,2009-06-30 00:00:00,中报,2009中报,058001001,2010-07-29 00:00:00,2010-07-29 00:00:00,CNY,0.2,0.18,0.2,3.56,1.796064001031,0.704468065017,0.31,189632832.85,63080503.71,28578833.61,26890296.37,15.959143991764,-8.33971304918,-12.187838947451,2.112490769734,-4.845789025679,,5.53,5.19,4.0018822171,15.070614714,33.2645474742,0.271188245132,0.46834333504,0.235299985553,18.7051724768,3.164052308508,2.450217165118,0.300232133045,27.857312206,1.386141867705,0.386141867704,677.858692822528,164.460659382087,59.219556534716,0.265542069322,1.094486673447,3.039536439191,,,,,,,,,,,,,,,,,,,,,,,,,-31.034482758621,113.4296510443,42845.9488787107,12.073677337862,93.75,-70.4909284952,-50.656479570035,-49.232570106206,2009,5.585921800985,-61.991754619322,,,,7.221250712025,-14.014064799459,,21.75856491796,42.881120558286,,-16.74202034076,1.303318438832,1.303318438832,0.24161205134,,,,3.283703674521,2.549848894696,2.453099883571,0.390115220326,54.816152077499,70.592418387781,223.678923412167,2.102108249403,1.565167738804,,65.4154022274,34.5845977726,310.942271841589,0.0,156.516773880355,-45088806.5857093,-4054959.8400124,1.143559379253,0.301668770284,1.375123284439,1.561316442753,0.57456183899,,,,,,,,,200253959.39,,,,,,,,,0
002270.SZ,002270,华明装备,10120706,通用,2009-03-31 00:00:00,一季报,2009一季报,058001001,2010-04-24 00:00:00,2010-04-24 00:00:00,CNY,0.08,0.0,0.08,3.55,1.796064001031,0.688920021512,0.22,85513194.46,27826198.11,11766593.28,10617962.62,28.732779982845,1.202641058276,,6.100563240959,0.247897647928,,2.31,2.08,1.6443187132,13.7599739482,32.5402392996,0.517683865859,0.56993112113,0.381873636884,13.9892520596,3.233763851467,2.529315231304,0.212330227285,28.4618029131,1.397854629724,0.397854629723,753.137238802071,182.150014187568,62.935928159235,0.119500132729,0.494098232171,1.430025783878,,,,,,,,,,,,,,,,,,,,,,,,,-27.272727272727,,,,,,,,2009,1.998536866855,-84.515541184025,,,,28.732779982845,1.202641058276,,9.799212270504,-12.61494957748,,-19.025475138352,0.587719549553,0.587719549553,0.083272446323,,,,1.477491817298,1.248436893992,1.112673432508,0.171149342106,60.914042938379,72.090147634308,245.086425414294,2.189999871598,1.692704525951,,68.9051489747,31.0948510253,304.403900511919,0.0,169.270452595144,-32201365.5301123,-23987179.905993,1.086445773622,0.128719272377,2.648642597655,2.77524970847,0.42541353692,,,,,,,,,205428178.85,,,,,,,,,1
002270.SZ,002270,华明装备,10120706,通用,2008-12-31 00:00:00,年报,2008年报,058001001,2010-02-25 00:00:00,2010-02-25 00:00:00,CNY,0.47,0.42,0.47,3.47,1.796064001031,0.608049964605,0.29,312861192.42,115255996.05,56405638.04,51483230.59,21.602359831634,6.727609987556,10.955785084713,2.524612025395,-8.796548381591,,20.28,18.51,10.4946914099,18.0280556415,36.8393392477,0.156751346374,0.44606201482,0.134952233396,13.6013508966,3.277759873856,2.460427715598,0.275709446485,28.8647709944,1.405773220919,0.40577322092,618.417424339843,196.228797235635,59.993203452362,0.582131074952,1.834593113098,6.000679731761,,,,,,,,,,,,,,,,,,,,,,,,,-2.083333333333,151.4492753623,42845.9488787107,77.51767820453,-53.225806451613,-39.1539153915,-39.245164163798,-50.842624499536,2008,16.086992535654,-47.100309186287,,,,10.977943043787,-28.776277110648,,9.008032316875,14.487220956943,-21.860344317567,-12.01524041556,2.150248745155,2.150248745155,0.447890352165,889.0,351924.850866142,63448.4117435321,9.501153341769,4.824056467906,4.445142715018,0.904431087811,37.890136812904,74.625992128211,256.221061429239,2.271703695933,1.74610220437,15.951788812459,70.7550997184,29.2449002816,299.089323161678,0.0,174.610220436951,-36414825.7098841,-311892772.331561,1.088290634535,0.479951192292,0.751323949624,0.748567877091,0.548710261855,,,,,,,,,204770612.53,,,,,,,,,0
002270.SZ,002270,华明装备,10120706,通用,2008-09-30 00:00:00,三季报,2008三季报,058001001,2009-10-22 00:00:00,2009-10-22 00:00:00,CNY,0.38,0.0,0.38,3.38,1.796064001031,0.551725781993,0.2,234979764.41,90969819.69,42940413.47,42332832.52,25.587260094716,26.501617280943,,,,,,8.62,8.1035701328,18.274267445,38.7138951809,0.259884018538,0.45149686713,0.125258036001,15.8754615977,3.27991818763,2.443553042564,0.194256153129,29.2584379403,1.413596153215,0.413596153215,608.873882660451,203.405638787297,65.511707541719,0.44344158567,1.327396829359,4.121400740899,,,,,,,,,,,,,,,,,,,,,,,,,22.58064516129,,,,,,,,2008,13.232880073246,-68.851001155119,,,,0.792181416161,17.216670042376,,-26.42612613945,-39.846844156172,,-6.039639707436,1.614981198694,1.614981198694,0.367800819794,,,,10.124728481927,3.636883911597,3.302631336882,0.684216602981,26.667381795173,74.239378149807,268.916872249219,2.351502544989,1.838598752821,,71.5743389633,28.4256610367,294.330444287289,0.0,183.85987528213,-16509938.8525578,-309305817.014798,0.978242632625,0.331062588774,0.586320220202,0.685433965426,0.375041649236,,,,,,,,,203150585.93,,,,,,,,,1
002270.SZ,002270,华明装备,10120706,通用,2008-06-30 00:00:00,中报,2008中报,058001001,2009-07-29 00:00:00,2009-07-29 00:00:00,CNY,0.29,0.28,0.29,1.67,0.00418215,0.628575845596,0.16,163534177.92,65337766.39,31179079.36,30622519.76,,,,,,,18.74,0.0,8.1102486856,19.0656419145,39.9535847619,0.306857861691,0.407714919095,0.109943381675,17.8511583215,1.242943728651,0.621340515354,0.105933007767,54.8724098586,2.215939288729,1.215939288732,423.145538150885,179.419277131382,57.299822298217,0.425385555964,1.003236680461,3.14137099873,,,,,,,,,,,,,,,,,,,,,,,,,,,,,,,,,2008,14.696605289296,,,,,,,,46.18667889548,68.166418428085,,,1.500313558899,1.500313558899,0.348202609908,820.0,199431.924292683,38023.2675121951,6.558390670083,2.878636090336,2.343779094919,0.815930045325,27.44575751199,62.52961275803,236.72513062929,0.530409041509,0.134702448639,10.824282719335,52.2943784689,47.7056215311,138.467739694399,11.6731078196,13.470244863877,-12479584.1447341,-4091761.88000067,1.106733728154,0.448651264481,0.481909590928,0.576657120533,0.237420591423,,,,,,,,,221358811.92,,,,,,,,,0
002270.SZ,002270,华明装备,10120706,通用,2008-03-31 00:00:00,一季报,2008一季报,058001001,2009-04-27 00:00:00,2009-04-27 00:00:00,CNY,0.11,,0.11,,,,,66426899.56,26694163.52,11626765.03,,,,,,,,,,,17.5057584006,40.1857736803,,0.366639942122,-0.023558325172,25.4169531643,,,,,,,,,,,,,,,,,,,,,,,,,,,,,,,,,,,,,,,,,,,,,2008,12.906727258647,,,,,,,,-5.344305255953,-38.500729320081,,,,,,,,,5.475877946554,,1.040864770405,0.349809386935,16.435720605613,,,,,,,,,,,50149145.5285362,8561912.98935714,0.963715940591,,-0.101810566773,-0.134574718974,,,,,,,,,,,,,,,,,,,0
002270.SZ,002270,华明装备,10120706,通用,2007-12-31 00:00:00,年报,2007年报,058001001,2009-03-21 00:00:00,2009-03-21 00:00:00,CNY,0.48,0.43,0.48,1.38,0.00418215,0.342529245963,0.62,257282171.87,107724397.46,52850090.1,46399771.36,39.16604424573,40.246498858869,24.815468828279,,,,33.33,29.26,17.2738371612,20.5407652407,41.8701368529,0.185529054396,0.577555861877,0.261386956357,5.2320081257,1.165490691382,0.611529275015,0.412752669816,58.7191051201,2.422428106051,1.422428106051,428.08528398332,198.017210197415,61.432466907139,0.840953925466,1.81802379521,5.860093499813,,,,,,,,,,,,,,,,,,,,,,,,,,-97.5182755418,-99.927559916356,-99.1733809192,-93.425238600212,21.7311906501,1.248556930679,81.905287395632,2007,30.410371569664,19.651081127754,,,,,,,-0.99692724737,88.417710540444,,0.691388683818,2.36038689789,2.36038689789,0.531793100275,,,,14.434139956929,5.622024205121,3.612204259807,1.446777949259,24.940869429992,64.033875854196,259.452200744724,0.522461419816,0.180516767829,25.377296742167,51.9591872033,48.0408127967,124.776237605003,12.1196444285,18.051676782916,-25046759.0939472,25663761.904204,1.263434252779,0.88943080247,1.218860923326,1.272527840584,1.053765393732,,,,,,,,,214599943.17,,,,,,,,,0
002270.SZ,002270,华明装备,10120706,通用,2007-09-30 00:00:00,三季报,2007三季报,058001001,2008-10-22 00:00:00,2008-10-22 00:00:00,CNY,0.31,0.0,0.31,,,,0.0,187104778.17,77091602.75,33944556.91,,,,,,,,,0.0,,18.1399376232,41.2023698721,,0.599046951693,0.263271529043,16.8095903302,,,,,,,,,,,,,,,,,,,,,,,,,,,,,,,,,,,,,,,,,,,,,2007,42.482521313587,,,,,,,,,,,,,,,,,,35.426019861796,,2.379479010529,1.128716605744,7.621516643793,,,,,,,,,,,3835525.78837438,-46485946.8466285,1.249385526155,,1.22217451495,1.451336462736,,,,,,,,,,,,,,,,,,,0
002270.SZ,002270,华明装备,10120706,通用,2006-12-31 00:00:00,年报,2006年报,058001001,2008-08-18 00:00:00,2008-08-18 00:00:00,CNY,0.0,0.0,0.0,55.606495533333,5.773253963333,41.437374713333,9.43,184874243.76,76875589.74,37683714.41,37174696.21,26.157188271336,-8.449937802177,-5.388323178548,,,,27.38,0.0,17.0608230723,20.3834312685,41.5826391911,0.115585300502,0.384868878178,0.153097626605,14.4719931628,2.087870372715,1.152423493572,0.356490890153,32.2800430712,1.476669574748,0.476669574749,430.110272262742,200.862208101079,77.415288825085,0.836994657454,1.792273436618,4.65024422777,,,,,,,,,,,,,,,,,,,,,,,,,,32.6123225538,,19.100715478592,-36.297511483544,-30.0102249489,-59.516734379705,-9.334627645611,2006,25.415876967459,-61.313084187381,,,,,,,,,,-4.535960271751,61.62474792,61.62474792,14.522715263333,,,,25.422058603709,5.709084881116,2.742886153991,1.220402276192,14.160930301194,63.057391420257,278.275256272698,1.0741966329,0.436728332784,,67.2722993428,32.7277006572,308.12435433155,0.0,43.672833278373,18613287.1450576,14302092.4301125,1.140181831135,0.855434644192,0.651863367893,0.751088590473,0.359949743507,,,,,,,,,79542236.42,,,,,,,,,0
002270.SZ,002270,华明装备,10120706,通用,2005-12-31 00:00:00,年报,2005年报,058001001,2008-08-18 00:00:00,2008-08-18 00:00:00,CNY,0.0,0.0,0.0,41.931620276667,,34.791877233333,14.803189356667,146542774.37,63831735.28,41161866.53,39291869.1,,,,,,,39.12,0.0,42.1429022854,28.0886360361,43.5584323788,0.112474940855,0.507045039917,0.30304850076,7.1810882975,1.975610261898,1.309723017439,0.639452321542,35.6034969393,1.55287935287,0.55287935287,,201.283465215399,93.299880491408,,1.788522468126,3.858525842733,,,,,,,,,,,,,,,,,,,,,,,,,,,,,,,,,2005,65.696312134471,,,,,,,,,,,,48.847591456667,48.847591456667,14.83528265,,,,72.376291301926,5.559941110887,2.608913276535,1.068057798157,4.974004518941,64.748887231032,294.586499227332,1.276812950439,0.43917715264,203.381487433366,70.2374991037,29.7625008963,280.102965430767,0.0,43.917715264022,-9777908.00291996,28308077.1011594,1.091437661649,0.818771525011,1.05369714666,1.078900735408,0.790627257066,,,,,,,,,69549381.25,,,,,,,,,0
